t,x,y,z,speed_proxy
0.0,0.1,0.0,0.0,0.00010099999166652636
0.01,0.0999949999583323,-0.0010000166666604268,0.009999996666624997,0.00010099996666440957
0.02,0.09997999933330695,-0.0020001333406212164,0.019999973331249858,0.00010099996667971387
0.03,0.09995499662470493,-0.0030004500583872854,0.02999990998387261,0.00010099996677326919
0.04,0.09991998933167441,-0.004001066914886421,0.03999978659848211,0.00010099996704726122
0.05,0.09987497395200033,-0.005002084092715033,0.049999583125039666,0.00010099996764497725
0.06,0.09981994598108132,-0.006003601891425113,0.05999927948144417,0.0001009999687510337
0.07,0.09975489991061347,-0.007005720756866167,0.0699988555454751,0.00010099997059166955
0.08,0.09967982922698038,-0.008008541310595935,0.07999829114670787,0.00010099997343510573
0.09,0.09959472640934867,-0.009012164379373749,0.08999756605839603,0.00010099997759197193
0.1,0.09949958292746816,-0.01001669102475042,0.09999665998931453,0.00010099998341580032
0.11,0.09939438923917543,-0.011022222572768622,0.10999555257555856,0.00010099999130358752
0.12,0.0992791347876,-0.012028860643787801,0.11999422337229201,0.00010100000169642656
0.13,0.09915380799807144,-0.0130367071824477,0.1299926518454402,0.00010100001508020906
0.14,0.09901839627472606,-0.014045864487784703,0.13999081736332064,0.00010100003198639811
0.15,0.09887288599681174,-0.015056435243515263,0.14998869918820615,0.000101000052992875
0.16,0.09871726251468894,-0.01606852254850082,0.1599862764678145,0.00010100007872486083
0.17,0.09855151014552613,-0.01708222994740867,0.16998352822671836,0.00010100010985591194
0.18,0.09837561216868748,-0.018097661461583443,0.17998043335766956,0.00010100014710899441
0.19,0.09818955082081092,-0.019114921620143888,0.18997697061283142,0.00010100019125763821
0.2,0.09799330729057382,-0.02013411549131988,0.19997311859491304,0.0001010002431271724
0.21,0.09778686171314416,-0.021155348714044668,0.209968855748199,0.00010100030359604268
0.22,0.09757019316431446,-0.022178727529817522,0.21996416034946803,0.00010100037359721667
0.23,0.09734327965431558,-0.023204358814852197,0.22995901049879414,0.00010100045411967622
0.24,0.09710609812130758,-0.024232350112526658,0.23995338411022343,0.00010100054620999945
0.25,0.09685862442454451,-0.025262809666149823,0.24994725890231978,0.00010100065097403873
0.26,0.09660083333720997,-0.02629584645206124,0.2599406123885724,0.00010100076957869258
0.27,0.09633269853891971,-0.02733157021307975,0.26993342186765823,0.00010100090325377928
0.28,0.09605419260788822,-0.02837009149231754,0.2799256644135519,0.00010100105329401112
0.29,0.09576528701275505,-0.029411521667376036,0.2899173168654756,0.0001010012210610734
0.3,0.09546595210406734,-0.030455972984940505,0.2999083558176819,0.00010100140798581777
0.31,0.09515615710541424,-0.03150355859579035,0.30989875760906077,0.00010100161557056585
0.32,0.09483587010420913,-0.03255439259024235,0.3198884983125642,0.00010100184539152926
0.33,0.09450505804211522,-0.033608590034044476,0.32987755372443894,0.00010100209910135259
0.34,0.09416368670510972,-0.03466626700473799,0.3398658993532598,0.0001010023784317854
0.35000000000000003,0.09381172071318215,-0.03572754062850604,0.34985351040875523,0.00010100268519647971
0.36,0.09344912350966159,-0.03679252911752711,0.35984036179041556,0.00010100302129392636
0.37,0.09307585735016771,-0.03786135180785203,0.3698264280758758,0.0001010033887105322
0.38,0.09269188329118053,-0.038934129197823616,0.37981168350906297,0.00010100378952384189
0.39,0.09229716117822293,-0.040010982987058304,0.38979610198809955,0.00010100422590591517
0.4,0.0918916496336507,-0.041092036116009464,0.39977965705295226,0.0001010047001268573
0.41000000000000003,0.09147530604404379,-0.04217741280613253,0.4097623218728168,0.00010100521455851763
0.42,0.09104808654719292,-0.04326723860067234,0.41974406923322827,0.00010100577167835838
0.43,0.09060994601867506,-0.04436164040609345,0.42972487152288646,0.00010100637407349855
0.44,0.09016083805801131,-0.04546074653417485,0.4397047007201853,0.00010100702444494584
0.45,0.08970071497440046,-0.04656468674479044,0.4496835283794353,0.0001010077256120209
0.46,0.08922952777202119,-0.04767359228939749,0.45966132561676754,0.00010100848051698112
0.47000000000000003,0.08874722613489572,-0.04878759595525555,0.46963806309570705,0.00010100929222985236
0.48,0.08825375841130766,-0.04990683211039862,0.47961371101240374,0.00010101016395347941
0.49,0.08774907159776606,-0.05103143674938411,0.489588239080508,0.0001010110990288058
0.5,0.0872331113225082,-0.05216154753984238,0.49956161651567843,0.00010101210094038635
0.51,0.08670582182853263,-0.053297303869851216,0.5095338120197075,0.00010101317332214521
0.52,0.08616714595615432,-0.054438846896160124,0.5195047937642522,0.00010101431996339612
0.53,0.08561702512507319,-0.05558631959328979,0.5294745293741552,0.00010101554481512703
0.54,0.08505539931594709,-0.05673986680353262,0.5394429859103413,0.0001010168519965639
0.55,0.08448220705146035,-0.05789963528788092,0.5494101298522751,0.00010101824580203031
0.56,0.08389738537687808,-0.059065773777909496,0.5593759270799628,0.00010101973070810325
0.5700000000000001,0.08330086984007684,-0.06023843302864062,0.5693403428554829,0.00010102131138109621
0.58,0.08269259447104173,-0.06141776587241925,0.5793033418040298,0.00010102299268486716
0.59,0.08207249176081938,-0.06260392727382755,0.5892648878944506,0.00010102477968897603
0.6,0.08144049263991664,-0.06379707438566802,0.5992249444192608,0.00010102667767720398
0.61,0.08079652645613382,-0.06499736660604545,0.6091834739741162,0.00010102869215644413
0.62,0.08014052095182163,-0.06620496563657831,0.6191404384367266,0.00010103082886599507
0.63,0.07947240224055012,-0.06742003554177119,0.6290957989451876,0.00010103309378726027
0.64,0.07879209478317803,-0.06864274280958034,0.6390495158757128,0.00010103549315387974
0.65,0.0780995213633103,-0.06987325641320517,0.6490015488197437,0.00010103803346231094
0.66,0.07739460306213153,-0.07111174787413939,0.658951856560417,0.00010104072148287699
0.67,0.07667725923260231,-0.07235839132651599,0.668900397048365,0.00010104356427130759
0.68,0.07594740747300566,-0.07361336358278144,0.6788471273768276,0.00010104656918079438
0.6900000000000001,0.0752049635998298,-0.07487684420073482,0.6887920037560504,0.00010104974387457559
0.7000000000000001,0.07444984161997362,-0.07614901555196872,0.6987349814869445,0.00010105309633908831
0.71,0.07368195370226056,-0.07743006289174945,0.7086760149339821,0.0001010566348977044
0.72,0.07290121014824634,-0.07872017443037503,0.7186150574973018,0.0001010603682250724
0.73,0.07210751936230553,-0.08001954140605026,0.7285520615839937,0.00010106430536210543
0.74,0.07130078782098163,-0.08132835815931899,0.7384869785785382,0.00010106845573164212
0.75,0.07048092004158493,-0.08264682220909482,0.748419758812368,0.00010107282915479765
0.76,0.06964781855002176,-0.08397513433033216,0.7583503515325208,0.00010107743586805214
0.77,0.0688013838478388,-0.08531349863338078,0.7682787048693536,0.00010108228654110605
0.78,0.06794151437846513,-0.08666212264506772,0.7782047658032826,0.00010108739229553453
0.79,0.0670681064926347,-0.0880212173915516,0.7881284801305177,0.00010109276472427796
0.8,0.06618105441297119,-0.08939099748299531,0.7980497924277528,0.00010109841591201135
0.81,0.06528025019771684,-0.09077168120010419,0.8079686460157771,0.0001011043584564345
0.8200000000000001,0.0643655837035864,-0.09216349058257765,0.8178849829219696,0.00010111060549051137
0.8300000000000001,0.06343694254772674,-0.09356665151952367,0.8277987438416351,0.00010111717070572338
0.84,0.06249421206876236,-0.09498139384188624,0.8377098680981427,0.00010112406837637162
0.85,0.0615372752869063,-0.09640795141693732,0.8476182936018242,0.00010113131338497475
0.86,0.060566012863115595,-0.09784656224488589,0.8575239568075862,0.00010113892124882381
0.87,0.05958030305726984,-0.09929746855765777,0.8674267926711936,0.00010114690814774007
0.88,0.05858002168535088,-0.10076091691990124,0.8773267346041737,0.00010115529095308938
0.89,0.05756504207560107,-0.10223715833227466,0.8872237144272933,0.00010116408725812516
0.9,0.056535235023637005,-0.1037264483370733,0.8971176623225587,0.00010117331540971362
0.91,0.055490468746495054,-0.10522904712625426,0.9070085067836835,0.0001011829945415018
0.92,0.054430608835584406,-0.1067452196519194,0.9168961745649705,0.0001011931446086023
0.93,0.05335551820852273,-0.10827523573931727,0.9267805906285509,0.00010120378642386734
0.9400000000000001,0.05226505705982898,-0.10981937020242694,0.9366616780899204,0.0001012149416958318
0.9500000000000001,0.051159082810447155,-0.11137790296218733,0.9465393581617129,0.000101226633068386
0.96,0.0500374500560743,-0.1129511191674375,0.9564135500956449,0.00010123888416227749
0.97,0.04890001051426526,-0.1145393093186343,0.9662841711225679,0.0001012517196185298
0.98,0.04774661297028608,-0.11614276939441562,0.9761511363905576,0.00010126516514385236
0.99,0.04657710322168726,-0.11776180098107836,0.9860143589009692,0.00010127924755815002
1.0,0.04539132402156737,-0.11939671140504228,0.9958737494423853,0.00010129399484423331
1.01,0.04418911502049679,-0.12104781386837164,1.0057292165223788,0.0001013094361998262
1.02,0.04297031270707065,-0.12271542758742857,1.0155806662970115,0.00010132560209198923
1.03,0.04173475034705922,-0.1243998779347332,1.0254280024979852,0.0001013425243140629
1.04,0.040482257921123435,-0.12610149658410724,1.0352711263573582,0.00010136023604525817
1.05,0.03921266206106213,-0.12782062165917898,1.0451099365297396,0.00010137877191303061
1.06,0.03792578598455719,-0.12955759788532933,1.0549443290118667,0.00010139816805836081
1.07,0.036621449428381636,-0.13131277674515995,1.0647741970594706,0.00010141846220407136
1.08,0.03529946858003508,-0.13308651663756593,1.074599431101327,0.00010143969372634963
1.09,0.03395965600777012,-0.134879183040497,1.0844199186503913,0.00010146190372961324
1.1,0.032601820588972284,-0.1366911486774928,1.0942355442119072,0.00010148513512488462
1.11,0.03122576743685539,-0.13852279368807885,1.1040461891883766,0.00010150943271185287
1.12,0.02983129782543332,-0.140374505802112,1.1138517317812755,0.00010153484326478453
1.1300000000000001,0.028418209112728163,-0.14224668051816483,1.1236520468893922,0.00010156141562247652
1.1400000000000001,0.026986294662173987,-0.14413972128604022,1.1334470060036623,0.00010158920078245125
1.1500000000000001,0.02553534376217438,-0.14605403969350877,1.1432364770983696,0.00010161825199960562
1.16,0.024065141543771165,-0.1479900556573631,1.1530203245185764,0.00010164862488950214
1.17,0.022575468896380547,-0.149948197618884,1.1627984088636398,0.00010168037753655995
1.18,0.02106610238155216,-0.15192890274381546,1.1725705868666694,0.00010171357060737126
1.19,0.019536814144705417,-0.15393261712694575,1.1823367112697698,0.00010174826746937922
1.2,0.01798737182479658,-0.15595979600139429,1.1920966306949112,0.00010178453431520119
1.21,0.016417538461869052,-0.1580109039527037,1.201850189510261,0.00010182244029285964
1.22,0.014827072402438265,-0.16008641513783878,1.2115972276918037,0.00010186205764220987
1.23,0.013215727202661651,-0.16218681350919426,1.2213375806800728,0.00010190346183786823
1.24,0.01158325152924304,-0.16431259304371457,1.2310710792318043,0.00010194673173894823
1.25,0.009929389058019872,-0.16646425797722936,1.2407975492663204,0.00010199194974595786
1.26,0.008253878370180554,-0.1686423230441096,1.2505168117064431,0.00010203920196519544
1.27,0.006556452846058189,-0.17084731372234913,1.2602286823137263,0.00010208857838100626
1.28,0.004836840556445947,-0.17307976648417775,1.2699329715177892,0.0001021401730362881
1.29,0.0030947641513781924,-0.17534022905231136,1.2796294842395248,0.00010219408422164926
1.3,0.0013299407463204854,-0.1776292606619458,1.2893180197079483,0.00010225041467365295
1.31,-0.00045791819428951577,-0.1799474323286001,1.2989983712704398,0.00010230927178257609
1.32,-0.0022691069762092748,-0.1822953271219157,1.308670326196127,0.00010237076781015542
1.33,-0.004103925797326808,-0.18467354044551673,1.3183336654721434,0.00010243502011780814
1.34,-0.005962680872425463,-0.1870826803230368,1.3279881635924853,0.00010250215140584313
1.35,-0.00784568456084023,-0.18952336769041653,1.3376335883391828,0.0001025722899642032
1.36,-0.009753255497068819,-0.19199623669457472,1.3472697005554854,0.00010264556993529017
1.37,-0.01168571872440173,-0.19450193499855534,1.3568962539107534,0.00010272213158947893
1.3800000000000001,-0.013643405831636608,-0.1970411240932502,1.3665129946567318,0.00010280212161394152
1.3900000000000001,-0.015626655092943087,-0.19961447961579565,1.3761196613748738,0.00010288569341541085
1.4000000000000001,-0.017635811610945407,-0.20222269167473925,1.385715984714362,0.00010297300743758629
1.41,-0.0196712274630909,-0.20486646518206922,1.395301687120468,0.000103064231493901
1.42,-0.021733261851373486,-0.2075465201921971,1.4048764825528715,0.0001031595411163836
1.43,-0.02382228125548212,-0.21026359224797975,1.414440076193549,0.00010325911992141031
1.44,-0.02593865958944498,-0.21301843273386306,1.4239921641438225,0.00010336315999317282
1.45,-0.028082778361841067,-0.21581180923622548,1.4335324331101462,0.00010347186228571847
1.46,-0.030255026839651495,-0.2186445059109937,1.4430605600781896,0.00010358543704447231
1.47,-0.03245580221582363,-0.22151732385859754,1.4525762119747594,0.00010370410424819247
1.48,-0.034685509780621675,-0.22443108150632482,1.4620790453170844,0.00010382809407235052
1.49,-0.0369445630968381,-0.22738661499812923,1.471568705848969,0.0001039576473749608
1.5,-0.039233384178940525,-0.2303847785919374,1.481044828163298,0.0001040930162059678
1.51,-0.04155240367622941,-0.2334264450644919,1.4905070353103615,0.00010423446434133852
1.52,-0.043902061060081904,-0.23651250612375777,1.4999549383914437,0.00010438226784301662
1.53,-0.046282804815357716,-0.23964387282890984,1.5093881361370942,0.00010453671564601641
1.54,-0.04869509263604273,-0.24282147601790663,1.5188062144694876,0.00010469811017396375
1.55,-0.05113939162520632,-0.24604626674264402,1.5282087460482432,0.00010486676798443375
1.56,-0.053616178499347994,-0.24931921671166854,1.53759528979906,0.00010504302044552638
1.57,-0.056125939797208854,-0.2526413187404151,1.5469653904244929,0.00010522721444516033
1.58,-0.05866917209312281,-0.2560135872089183,1.5563185778961721,0.00010541971313466487
1.59,-0.06124638221498203,-0.25943705852692805,1.5656543669277403,0.00010562089670828798
1.6,-0.0638580874668902,-0.26291279160634234,1.574972256427754,0.0001058311632203173
1.61,-0.06650481585657628,-0.266441868340849,1.584271728931768,0.00010605092944160758
1.62,-0.06918710632764011,-0.2700253940926451,1.5935522500127917,0.00010628063175736033
1.6300000000000001,-0.07190550899670006,-0.27366449818608063,1.602813267669274,0.0001065207271080913
1.6400000000000001,-0.07466058539551097,-0.27736033440804453,1.6120542116897456,0.00010677169397579992
1.6500000000000001,-0.07745290871811876,-0.2811140815148851,1.6212744929932117,0.00010703403341745792
1.6600000000000001,-0.08028306407311596,-0.28492694374562544,1.6304735029443553,0.00010730827014800231
1.67,-0.08315164874105978,-0.2888001513412021,1.6396506126425805,0.00010759495367509918
1.68,-0.08605927243711137,-0.2927349610694201,1.6488051721838826,0.00010789465948806681
1.69,-0.08900655757895183,-0.2967326567552791,1.6579365098945034,0.00010820799030343786
1.7,-0.09199413956002675,-0.300794549816286,1.667043931535288,0.00010853557736970458
1.71,-0.09502266702816697,-0.30492197980232366,1.6761267194756222,0.00010887808183392897
1.72,-0.09809280216962898,-0.30911631493960007,1.6851841318357905,0.00010923619617297178
1.73,-0.10120522099859287,-0.3133789526781512,1.6942154015965556,0.0001096106456922172
1.74,-0.10436061365215082,-0.3177113202423164,1.7032197356747174,0.00011000219009478672
1.75,-0.10755968469081253,-0.32211487518354814,1.7121963139633714,0.00011041162512427917
1.76,-0.11080315340454747,-0.3265911059348544,1.7211442883355372,0.000110839784284257
1.77,-0.11409175412437661,-0.3311415323661071,1.7300627816097944,0.00011128754063776502
1.78,-0.11742623653951811,-0.3357677063393777,1.7389508864765082,0.00011175580869026517
1.79,-0.12080736602008271,-0.3404712122633849,1.7478076643831926,0.00011224554635950963
1.8,-0.12423592394530496,-0.3452536676460595,1.7566321443775073,0.00011275775703594214
1.81,-0.12771270803728635,-0.35011672364414226,1.765423321906342,0.00011329349173736086
1.82,-0.13123853270021463,-0.35506206560863973,1.7741801575693976,0.00011385385136163395
1.83,-0.13481422936501172,-0.36009141362486324,1.7829015758256241,0.00011443998904137451
1.84,-0.1384406468393493,-0.3652065230456702,1.791586463650834,0.0001150531126045863
1.85,-0.1421186516629566,-0.3704091850164148,1.8002336691447622,0.00011569448714534835
1.86,-0.14584912846812936,-0.3757012269899947,1.808842000085799,0.00011636543770870961
1.87,-0.149632980345333,-0.38108451323025266,1.81741022243158,0.00011706735209402407
1.8800000000000001,-0.15347112921377348,-0.3865609453018559,1.8259370587635726,0.00011780168378100333
1.8900000000000001,-0.15736451619679095,-0.3921324625446306,1.8344211866737554,0.00011856995498284615
1.9000000000000001,-0.16131410200191026,-0.39780104253017556,1.8428612370914517,0.00011937375983080769
1.9100000000000001,-0.16532086730535914,-0.4035687014984155,1.8512557925483326,0.00012021476769460007
1.92,-0.16938581314084125,-0.4094374947715787,1.8596033853795777,0.00012109472664302784
1.93,-0.17350996129232502,-0.41540951714290164,1.86790249585914,0.00012201546704921356
1.94,-0.17769435469058106,-0.4214869032371652,1.8761515502670374,0.00012297890534476968
1.95,-0.18194005781317152,-0.42767182783996005,1.8843489188865674,0.0001239870479271562
1.96,-0.18624815708756165,-0.4339665061923586,1.8924929139293136,0.00012504199522437895
1.97,-0.19061976129699063,-0.44037319424743687,1.9005817873858042,0.0001261459459210729
1.98,-0.19505600198870113,-0.44689418888484345,1.9086137287996665,0.00012730120134981195
1.99,-0.19955803388408785,-0.45353182807935133,1.91658686296312,0.00012851017005127417
2.0,-0.2041270352902836,-0.460288491019051,1.9244992475316514,0.00012977537250664965
2.0100000000000002,-0.2087642085126563,-0.4671665981685537,1.93234887055573,0.00013109944604533822
2.02,-0.2134707802676428,-0.47416861127226323,1.9401336479274387,0.0001324851499306303
2.0300000000000002,-0.21824800209529355,-0.4812970332924517,1.9478514207399338,0.00013393537062560514
2.04,-0.2230971507708493,-0.4885544082765318,1.9554999525576806,0.0001354531272409698
2.05,-0.22801952871461148,-0.49594332114755674,1.963076926595479,0.00013704157716600652
2.06,-0.23301646439930757,-0.5034663974116019,1.970579942804357,0.0001387040218830652
2.07,-0.23808931275408673,-0.5111263027752814,1.9780065148625,0.00014044391296528654
2.08,-0.24323945556421156,-0.5189257426662349,1.985354067069487,0.00014226485825637658
2.09,-0.24846830186543817,-0.5268674616489838,1.9926199311422346,0.00014417062823022652
2.1,-0.25377728833199814,-0.5349542427280908,1.9998013429111865,0.00014616516252706187
2.11,-0.2591678796570133,-0.5431889065300806,2.0068954389154663,0.0001482525766615677
2.12,-0.2646415689240862,-0.5515743103550749,2.0138992528959014,0.00015043716889697245
2.13,-0.27019987796871525,-0.5601133470885683,2.020809712185052,0.0001527234272775567
2.14,-0.27584435772808724,-0.5688089439632281,2.0276236339936373,0.00015511603681025844
2.15,-0.28157658857769297,-0.5776640611600294,2.034337721593033,0.0001576198867841468
2.16,-0.2873981806531046,-0.586681690237447,2.040948560393859,0.00016024007821434065
2.17,-0.29331077415513557,-0.5958648523768119,2.0474526139210165,0.0001629819313946047
2.18,-0.2993160396364835,-0.6052165964313073,2.0538462196859752,0.00016585099354027197
2.19,-0.3054156782678261,-0.6147399967654235,2.060125584957546,0.00016885304650018636
2.2,-0.3116114220812066,-0.6244381508710141,2.0662867824328983,0.0001719941145133341
2.21,-0.3179050341884026,-0.6343141767454087,2.0723257458111433,0.00017528047198228687
2.22,-0.32429830897182294,-0.64437121001632,2.0782382652724287,0.00017871865123188826
2.23,-0.3307930722453213,-0.6546124007975626,2.084019982866186,0.00018231545021754538
2.24,-0.3373911813821517,-0.6650409102588591,2.0896663878129256,0.00018607794014297778
2.25,-0.34409452540712,-0.6756599068922646,2.0951728117248147,0.00019001347294256017
2.2600000000000002,-0.35090502504980714,-0.6864725624569775,2.100534423751185,0.0001941296885781315
2.27,-0.35782463275555365,-0.6974820475835527,2.1057462256561164,0.00019843452209456126
2.2800000000000002,-0.3648553326507012,-0.7086915270177689,2.11080304683634,0.00020293621037235248
2.29,-0.37199914045838606,-0.7201041544836525,2.1156995392888827,0.00020764329850903087
2.3000000000000003,-0.37925810336097054,-0.7317230671444149,2.120430172539177,0.00021256464575417102
2.31,-0.38663429980498193,-0.7435513796393421,2.1249892285417493,0.00021770943091552785
2.32,-0.39412983924420597,-0.7555921776739716,2.12937079656713,0.00022308715714580463
2.33,-0.4017468618163518,-0.7678485111402302,2.133568768090249,0.0002287076560112751
2.34,-0.40948753794846826,-0.7803233867425856,2.137576831697368,0.00023458109073460476
2.35,-0.4173540678860502,-0.7930197601056911,2.1413884680304753,0.00024071795849486618
2.36,-0.42534868114052415,-0.8059405273385057,2.144996944790133,0.0002471290916579974
2.37,-0.43347363584955223,-0.819088516029443,2.148395311819934,0.00025382565780066805
2.38,-0.4417312180443349,-0.8324664756467679,2.1515763962980747,0.00026081915837982973
2.39,-0.450123740817836,-0.8460770673182384,2.1545327980640336,0.0002681214258892027
2.4,-0.4586535433875915,-0.8599228529638864,2.1572568851110034,0.0002757446193325394
2.41,-0.467322990046503,-0.8740062837558766,2.1597407892775355,0.0002837012178318124
2.42,-0.47613446899475764,-0.8883296878795918,2.161976402174839,0.0002920040121766302
2.43,-0.48509039104575824,-0.9028952575704866,2.163955371389319,0.0003006660941091842
2.44,-0.49419318819869756,-0.917705035401862,2.165669097003259,0.0003097008431270526
2.45,-0.503445312070164,-0.932760899799553,2.1671087284800152,0.0003191219105743685
2.46,-0.5128492321769328,-0.9480645497606355,2.168265161963743,0.0003289432007802861
2.47,-0.5224074340618745,-0.9636174887546589,2.16912903804745,0.000339178848992637
2.48,-0.5321224172547051,-0.9794210077876462,2.16969074006711,0.0003498431958442556
2.49,-0.541996693059115,-0.9954761676111898,2.169940392983642,0.0003609507580799889
2.5,-0.5520327821576506,-1.0117837800614633,2.169867862918727,0.0003725161952641238
2.5100000000000002,-0.5622332120255826,-1.0283443885158814,2.1694627574147303,0.00038455427218116026
2.52,-0.5726005141448913,-1.045158247458536,2.1687144264933385,0.00039707981663787256
2.5300000000000002,-0.5831372210094268,-1.0622253011494267,2.1676119645919316,0.0004101076723718025
2.54,-0.5938458629122766,-1.0795451613969564,2.166144213461111,0.00042365264677120186
2.5500000000000003,-0.6047289645063911,-1.097117084438195,2.164299766111204,0.00043772945311427563
2.56,-0.6157890411295903,-1.1149399469370835,2.162066971899869,0.0004523526470419652
2.57,-0.627028594885208,-1.133012221117084,2.159433942857131,0.00046753655698898293
2.58,-0.63845011046983,-1.1513319490518235,2.156388561348179,0.00048329520831295755
2.59,-0.6500560507398557,-1.1698967161450695,2.152918489178023,0.0004996422408816589
2.6,-0.6618488520089681,-1.1887036238399364,2.1490111782455625,0.000516590819904481
2.61,-0.6738309190690442,-1.2077492616065921,2.1446538828576327,0.0005341535398268041
2.62,-0.6860046199275771,-1.2270296782679353,2.1398336738161663,0.0005523423211454036
2.63,-0.6983722802553344,-1.2465403527337626,2.1345374543935343,0.0005711683000504266
2.64,-0.7109361775387387,-1.2662761642258458,2.128751978312383,0.0005906417108549839
2.65,-0.7236985349323449,-1.2862313620891046,2.122463869846711,0.0006107717612381203
2.66,-0.7366615148078061,-1.3063995352976705,2.115659646160399,0.0006315665004008558
2.67,-0.7498272119968826,-1.3267735817790611,2.1083257419978114,0.0006530326803191313
2.68,-0.7631976467273537,-1.3473456776949067,2.100448536838257,0.0006751756103719298
2.69,-0.7767747572521547,-1.368107246832606,2.0920143846219172,0.0006979990057280016
2.7,-0.7905603921736919,-1.3890489302788913,2.083009646149131,0.0007215048299906032
2.71,-0.8045563024670781,-1.4101605565634263,2.073420724247551,0.0007456931327263149
2.72,-0.818764133208005,-1.4314311124781651,2.0632341017924714,0.000770561882641544
2.73,-0.8331854150131117,-1.452848714796084,2.0524363826544416,0.0007961067973175305
2.74,-0.8478215552030366,-1.474400583130915,2.041014335634943,0.000822321170571447
2.75,-0.8626738287008459,-1.4960730141974596,2.0289549414353196,0.0008491956986762159
2.7600000000000002,-0.8777433686812164,-1.5178513577497044,2.0162454426861443,0.0008767183068432764
2.77,-0.8930311569886075,-1.539719994491051,2.0028733970436807,0.0009048739775493014
2.7800000000000002,-0.9085380143456833,-1.5616623162672156,1.9888267333369782,0.0009336445824674239
2.79,-0.9242645903764288,-1.5836607088674328,1.974093810723314,0.0009630087199429402
2.8000000000000003,-0.9402113534717274,-1.6056965377731565,1.9586634807811927,0.000992941560129853
2.81,-0.9563785805286199,-1.6277501372051244,1.9425251524388707,0.0010234147000745832
2.82,-0.9727663465980256,-1.6498008028290252,1.9256688596024811,0.0010543960311920873
2.83,-0.9893745144793384,-1.6718267884866613,1.9080853313113741,0.001085849621723424
2.84,-1.006202724304005,-1.6938053073229962,1.889766064209408,0.0011177356168875375
2.85,-1.0232503831538982,-1.715712537679354,1.8707033970798472,0.0011500101595383404
2.86,-1.0405166547639795,-1.7375236341188605,1.8508905871485228,0.0011826253342055455
2.87,-1.0580004493623734,-1.7592127439415053,1.830321887815345,0.0012155291374285027
2.88,-1.0757004137044786,-1.7807530295325655,1.8089926274285508,0.0012486654772807266
2.89,-1.0936149213610933,-1.8021166968691182,1.7868992886697335,0.001281974204923405
2.9,-1.1117420633236583,-1.8232750304846475,1.7640395880713167,0.0013153911809131791
2.91,-1.130079638992573,-1.8441984351609868,1.7404125551423726,0.0013488483788183386
2.92,-1.1486251476170517,-1.8648564845797924,1.716018610534274,0.0013822740284640473
2.93,-1.1673757802571,-1.885217977122252,1.6908596426354308,0.0014155928008274098
2.94,-1.1863284123398294,-1.9052509989557225,1.6649390819451557,0.0014487260362357232
2.95,-1.20547959688344,-1.9249229944895165,1.6382619725414582,0.0014815920170845663
2.96,-1.2248255584627168,-1.9442008442192695,1.6108350399272338,0.0015141062857873975
2.97,-1.244362187989738,-1.963050949910544,1.5826667545148854,0.001546182008097787
2.98,-1.264085038382631,-1.981439326998003,1.5537673899918547,0.00157773038131346
2.99,-1.2839893211935878,-1.9993317039972265,1.524149075799818,0.0016086610861847986
3.0,-1.3040699042649042,-2.0166936286428174,1.493825842959331,0.0016388827806179704
3.0100000000000002,-1.3243213104785145,-2.0334905803797905,1.462813662480324,0.0016683036324955422
3.02,-1.344737717660319,-2.049688088746416,1.4311304756177967,0.0016968318881484777
3.0300000000000002,-1.3653129596955367,-2.065251857096979,1.3987962152619549,0.0017243764722178732
3.04,-1.3860405289053521,-2.080147891023634,1.3658328177933277,0.001750847613859715
3.0500000000000003,-1.406913579728278,-2.0943426307492303,1.332264224786366,0.0017761574934897564
3.06,-1.4279249337419497,-2.1078030866791715,1.2981163740097312,0.001800220903557962
3.0700000000000003,-1.449067086052557,-2.1204969772217592,1.263417179247754,0.0018229559162027129
3.08,-1.4703322130698355,-2.132392867914674,1.228196498554982,0.001844284550084208
3.09,-1.4917121816756072,-2.1434603108319736,1.1924860906536563,0.001864133428253855
3.1,-1.5131985597833146,-2.15366998319281,1.1563195592914315,0.0018824344185995874
3.11,-1.5347826282749986,-2.162993824051547,1.119732285492496,0.001899125248232424
3.12,-1.5564553942908035,-2.171405167920418,1.0827613477579865,0.0019141500831600443
3.13,-1.5782076058345271,-2.178878874161559,1.0454454303995724,0.00192746006473934
3.14,-1.6000297676470903,-2.1853914509860997,1.0078247203213924,0.001939013794717195
3.15,-1.621912158288247,-2.1909211729147455,0.9699407926981184,0.001948777761158997
3.16,-1.6438448483555541,-2.195448190587303,0.9318364861285887,0.001956726698225233
3.17,-1.665817719758726,-2.1989546318580335,0.8935557679729184,0.001962843873578777
3.18,-1.6878204859571828,-2.201424693179262,0.8551435907039561,0.0019671212981775036
3.19,-1.7098427130590197,-2.202844720356754,0.8166457402191122,0.00196955985431053
3.2,-1.7318738416709243,-2.2032032778560557,0.7781086771637427,0.001970169338949902
3.21,-1.7539032093808984,-2.2024912059479607,0.7395793724103715,0.0019689684207873323
3.22,-1.7759200737491123,-2.2007016651019824,0.7011051379172094,0.001965984510678938
3.23,-1.7979136356769585,-2.1978301671672322,0.6627334542530656,0.0019612535465989324
3.24,-1.8198730630204487,-2.1938745930183807,0.6245117961225415,0.001954819695573408
3.25,-1.8417875143115912,-2.1888351964880566,0.5864874572543515,0.0019467349763957358
3.2600000000000002,-1.863646162450328,-2.182714594553709,0.5487073760261291,0.001937058808183872
3.27,-1.8854382182300344,-2.1755177438941096,0.5112179631909006,0.0019258574909972476
3.2800000000000002,-1.9071529535614546,-2.1672519040757416,0.4740649330437055,0.001913203625760318
3.29,-1.9287797242632652,-2.15792658776992,0.4372931393221413,0.00189917548161789
3.3000000000000003,-1.9503079922921367,-2.147553498535148,0.4009464170728298,0.0018838563195554786
3.31,-1.971727347291144,-2.1361464568238646,0.3650674316381747,0.0018673336816423646
3.3200000000000003,-1.9930275273425408,-2.1237213149863248,0.3296975358258801,0.001849698655587389
3.33,-2.0141984388191605,-2.1102958621452372,0.2948766362193327,0.0018310451244349358
3.34,-2.035230175237889,-2.09588971990155,0.26064306947215204,0.0018114690111733101
3.35,-2.0561130350286234,-2.080524229903356,0.22703348930717146,0.0017910675277879127
3.36,-2.0768375381427506,-2.0642223343655823,0.1940827648111067,0.0017699384378792443
3.37,-2.0973944414362613,-2.0470084506675392,0.16182389048352888,0.0017481793413973074
3.38,-2.1177747527740136,-2.0289083411785165,0.13028790836478335,0.0017258869893400583
3.39,-2.1379697438132217,-2.0099489794687266,0.09950384243442316,0.0017031566354455858
3.4,-2.1579709614357703,-1.9901584140546027,0.06949864534166196,0.001680081431001133
3.41,-2.177770237810364,-1.9695656308046425,0.0402971574042428,0.0016567518679215685
3.42,-2.1973596990765967,-1.9482004150957737,0.011922077693708833,0.0016332552742406635
3.43,-2.2167317726537,-1.9260932147618899,-0.015606053085137878,0.0016096753651358825
3.44,-2.2358791931868613,-1.9032750048172669,-0.04226885831352994,0.0015860918515936987
3.45,-2.2547950071534926,-1.8797771548695603,-0.06805012025997406,0.001562580107839716
3.46,-2.273472576160605,-1.8556313000616749,-0.09293576452567487,0.0015392108977245393
3.47,-2.2919055789724427,-1.8308692163006275,-0.1169138347637466,0.0015160501593887254
3.48,-2.31008801231468,-1.8055227004462593,-0.13997445835728267,0.001493158846740828
3.49,-2.328014190507778,-1.7796234560448836,-0.16210980378493678,0.0014705928255819626
3.5,-2.34567874398751,-1.7532029851041913,-0.18331403043460495,0.0014484028216051905
3.5100000000000002,-2.363076616775178,-1.7262924863173894,-0.2035832316465086,0.0014266344169916307
3.52,-2.380203062963687,-1.6989227600578969,-0.22291537177705645,0.001405328091919707
3.5300000000000002,-2.3970536422884487,-1.6711241203820875,-0.24131021807503206,0.0013845193069968553
3.54,-2.4136242148540368,-1.6429263141975512,-0.2587692681527499,0.0013642386224111376
3.5500000000000003,-2.429910935088726,-1.6143584476789434,-0.2752956738177601,0.0013445118494783588
3.56,-2.4459102449995043,-1.5854489199433799,-0.290894162006426,0.0013253602302210547
3.5700000000000003,-2.461618866799943,-1.556225363933009,-0.30557095353024494,0.0013068006406513624
3.58,-2.4770337949824928,-1.5267145943942146,-0.31933368031012693,0.001288845813530912
3.59,-2.4921522879053946,-1.4969425627910822,-0.33219130173397005,0.001271504576539277
3.6,-2.506971858962551,-1.4669343189453816,-0.3441540207297244,0.0012547821019877733
3.61,-2.5214902674024144,-1.4367139791563592,-0.3552332001006133,0.0012386801644584417
3.62,-2.5357055088593206,-1.4063047005209546,-0.36544127962212325,0.0012231974030204984
3.63,-2.549615805657761,-1.3757286611484478,-0.37479169435254744,0.0012083295849691638
3.64,-2.56321959694692,-1.345007045942714,-0.3832987945609708,0.001194069868337352
3.65,-2.5765155287194483,-1.3141600376098632,-0.39097776762922537,0.001180409060742051
3.66,-2.5895024437649785,-1.283206812538699,-0.3978445622380638,0.0011673358724379886
3.67,-2.6021793716053128,-1.2521655411956916,-0.40391581510304764,0.0011548371617563283
3.68,-2.6145455184546367,-1.2210533926746279,-0.40920878048280007,0.0011428981714007326
3.69,-2.6266002572445086,-1.1898865430432917,-0.4137412626416393,0.0011315027543540772
3.7,-2.6383431177498315,-1.1586801871350043,-0.4175315514104132,0.0011206335884130145
3.71,-2.649773776848527,-1.1274485534411915,-0.42059836095377334,0.0011102723786124934
3.72,-2.660892048944248,-1.0962049217718897,-0.42296077181926206,0.0011004000470269182
3.73,-2.671697876578194,-1.0649616433638753,-0.4246381763135002,0.001090996909637948
3.74,-2.6821913212529687,-1.0337301631305027,-0.42565022722346446,0.0010820428401404779
3.75,-2.692372554488423,-1.0025210437630174,-0.42601678987630404,0.0010735174207184472
3.7600000000000002,-2.7022418491266245,-0.9713439914097513,-0.42575789750930404,0.0010654000799613884
3.77,-2.711799570900433,-0.9402078826768939,-0.42489370990236575,0.0010576702182112981
3.7800000000000002,-2.721046170277691,-0.9091207927122278,-0.4234444752086288,0.0010503073207292675
3.79,-2.729982174590734,-0.8780900241510486,-0.4214304949044771,0.0010432910591531507
3.8000000000000003,-2.738608180458825,-0.8471221367212934,-0.4188720917680009,0.0010366013817826745
3.81,-2.746924846509151,-0.8162229773224584,-0.4157895807848862,0.0010302185932784262
3.8200000000000003,-2.7549328864002725,-0.7853977104100839,-0.4122032428724992,0.0010241234243975202
3.83,-2.762633062150305,-0.7546508485342671,-0.40813330130647935,0.0010182970924128723
3.84,-2.7700261777706885,-0.7239862828967464,-0.4035999007292791,0.0010127213528761938
3.85,-2.777113073205111,-0.6934073138064979,-0.39862308861663887,0.001007378543388789
3.86,-2.7838946185720364,-0.6629166809284337,-0.39322279907580543,0.0010022516200400007
3.87,-2.7903717087082995,-0.6325165932336467,-0.38741883884824535,0.0009973241871620295
3.88,-2.7965452580103762,-0.6022087585726837,-0.3812308753895292,0.0009925805210330408
3.89,-2.8024161955692213,-0.5719944128055255,-0.3746784268998352,0.000988005588139081
3.9,-2.8079854605939576,-0.5418743484333062,-0.3677808541800175,0.0009835850585800487
3.91,-2.8132539981192,-0.5118489426873231,-0.36055735419028945,0.0009793053151769548
3.92,-2.818222754990408,-0.48191818504057937,-0.35302695519117827,0.0009751534588075693
3.93,-2.822892676121353,-0.4520817041159901,-0.3452085133494162,0.0009711173104658774
3.94,-2.82726470101758,-0.42233879397348884,-0.3371207106947577,0.0009671854105082899
3.95,-2.83133976055958,-0.3926884397656298,-0.328782054317268,0.000963347015516691
3.96,-2.8351187740393495,-0.36312934275791564,-0.32021087669834797,0.0009595920931754817
3.97,-2.838602646443981,-0.33365994471603627,-0.3114253370725753,0.0009559113155272248
3.98,-2.8417922659799886,-0.3042784516675048,-0.3024434237212968,0.0009522960509396406
3.99,-2.844688501832174,-0.27498285704986813,-0.2932829571027538,0.0009487383550855367
4.0,-2.847292202150971,-0.24577096426178208,-0.28396159372731444,0.0009452309612072269
4.01,-2.849604192262397,-0.2166404086368089,-0.2744968306900884,0.0009417672699079513
4.0200000000000005,-2.851625273094952,-0.18758867886286043,-0.26490601077678094,0.0009383413386850191
4.03,-2.8533562198180427,-0.15861313787279402,-0.25520632806207333,0.0009349478713928349
4.04,-2.8547977806867872,-0.12971104323381322,-0.24541483392307786,0.0009315822077985449
4.05,-2.855950676088325,-0.10087956706505335,-0.23554844339348888,0.000928240313368955
4.0600000000000005,-2.8568155977850727,-0.07211581551407317,-0.22562394178692152,0.0009249187694043961
4.07,-2.857393208350674,-0.04341684782395272,-0.21565799152058993,0.0009216147636133634
4.08,-2.8576841407947033,-0.014779695023337373,-0.20566713907291692,0.0009183260812010107
4.09,-2.857688998372524,0.013798621727911669,-0.19566782201088603,0.0009150510965248062
4.1,-2.8574083545770175,0.04232107310478027,-0.1856763760249414,0.0009117887653517889
4.11,-2.856842753309224,0.07079060386246239,-0.175709041911014,0.0009085386177338384
4.12,-2.855992709225274,0.09921011532914036,-0.16578197244080706,0.0009053007515000792
4.13,-2.8548587082572774,0.1275824481151014,-0.15591123906281498,0.0009020758263489124
4.14,-2.8534412083061693,0.15591036500815375,-0.1461128383776868,0.0008988650585061092
4.15,-2.85174064010479,0.1841965340265952,-0.13640269833248667,0.0008956702158998357
4.16,-2.849757408249761,0.21244351160251318,-0.12679668407916206,0.0008924936137883567
4.17,-2.8474918924009835,0.24065372586995662,-0.11731060344311661,0.0008893381107613998
4.18,-2.8449444486478304,0.26882946003451125,-0.10796021194821785,0.0008862071050216899
4.19,-2.842115411041323,0.2969728358030324,-0.09876121734486243,0.0008831045308389958
4.2,-2.8390050932917905,0.32508579685474376,-0.08972928358789523,0.0008800348550550602
4.21,-2.8356137906316814,0.3531700923375953,-0.08088003421125227,0.0008770030735040795
4.22,-2.8319417818433372,0.3812272603766957,-0.07222905504619306,0.0008740147071999014
4.23,-2.827989331451668,0.4092586115847925,-0.06379189622993017,0.0008710757981278057
4.24,-2.8237566920817407,0.43726521256817125,-0.05558407345137805,0.0008681929044658058
4.25,-2.8192441069813463,0.46524786942498964,-0.047621068380656884,0.0008653730950477398
4.26,-2.814451812708618,0.4932071112369505,-0.03991832822893067,0.0008626239428681503
4.2700000000000005,-2.809380041984748,0.521143173559357,-0.03249126438516309,0.0008599535174172439
4.28,-2.8040290267117736,0.5490559819189831,-0.02535525007647419,0.000857370375623111
4.29,-2.7983990011552886,0.5769451353338308,-0.018525616999010557,0.0008548835511680159
4.3,-2.792490205291773,0.6048098898737374,-0.012017650866639668,0.0008525025419362034
4.3100000000000005,-2.7863028883200105,0.6326491422859278,-0.005846585825385181,0.00085023729534242
4.32,-2.7798373123358098,0.6604614137149866,-2.759768237496369e-05,0.000848098191283414
4.33,-2.773093756168906,0.6882448335523255,0.005424204100778416,0.0008460960224493989
4.34,-2.766072519380554,0.7159971234560506,0.010493785698759943,0.0008442419717290626
4.3500000000000005,-2.7587739264198787,0.7437155815881598,0.01516619954422381,0.0008425475864404666
4.36,-2.7511983309365466,0.7713970671222101,0.019426596324782195,0.0008410247491213921
4.37,-2.7433461202467635,0.7990379850809648,0.0232602383969616,0.0008396856446167795
4.38,-2.7352177199489742,0.8266342715700202,0.02665251465547381,0.0008385427232081582
4.39,-2.726813598684946,0.8541813794800023,0.0295889568922712,0.0008376086595407318
4.4,-2.718134273041158,0.8816742647365519,0.03205525767535816,0.0008368963071184312
4.41,-2.7091803125846017,0.9091073731839561,0.03403728977216652,0.0008364186481562663
4.42,-2.6999523450261886,0.9364746281948569,0.03552112713643032,0.0008361887386028998
4.43,-2.690451061504025,0.9637694191049316,0.03649306747087451,0.0008362196481748713
4.44,-2.6806772219777777,0.9909845905777079,0.03693965637062743,0.0008365243952778616
4.45,-2.670631660724282,1.018112433010684,0.03684771304404891,0.0008371158767298964
4.46,-2.660315291923394,1.0451446740995771,0.036204357598609904,0.0008380067922464743
4.47,-2.6497291153219074,1.0720724716827306,0.03499703986955061,0.0008392095636992302
4.48,-2.6388742219620953,1.0988864079923881,0.03321356975827411,0.0008407362492169091
4.49,-2.627751799960165,1.1255764854435488,0.030842149035805677,0.0008425984522609449
4.5,-2.616363140318578,1.1521321240943885,0.027871404554178345,0.0008448072258777035
4.51,-2.6047096427548384,1.178542160914608,0.024290422795320968,0.0008473729724045377
4.5200000000000005,-2.5927928215279894,1.2047948509994588,0.02008878567296856,0.0008503053389877414
4.53,-2.5806143112426607,1.2308778708674561,0.015256607488343494,0.0008536131093563176
4.54,-2.5681758726091513,1.2567783239788208,0.009784572924945369,0.0008573040923854686
4.55,-2.5554793981366615,1.282482748609336,0.003663975951829576,0.0008613850080773417
4.5600000000000005,-2.5425269177354606,1.3079771282104806,-0.0031132405116384458,0.0008658613716826782
4.57,-2.529320604202498,1.3332469043812696,-0.010554444333263555,0.0008707373767842037
4.58,-2.515862778563741,1.3582769925700886,-0.01866627348829657,0.0008760157782599993
4.59,-2.5021559152453823,1.3830518006158783,-0.02745459515989848,0.0008816977761406117
4.6000000000000005,-2.488202647045026,1.4075552502271977,-0.03692446483381045,0.0008877829014656783
4.61,-2.4740057698730284,1.4317708014849284,-0.047080085617452735,0.0008942689053329298
4.62,-2.4595682472333924,1.4556814804396239,-0.05792476802923624,0.0009011516524117437
4.63,-2.44489321441298,1.4792699098577382,-0.06946089051854235,0.0009084250202633522
4.64,-2.429983982347363,1.5025183431521936,-0.08168986099035372,0.0009160808058682076
4.65,-2.414844041131377,1.5254087015120061,-0.09461207962063238,0.0009241086408048961
4.66,-2.3994770631424034,1.5479226142230456,-0.10822690325896842,0.0009324959165529794
4.67,-2.3838869057446157,1.5700414621475678,-0.12253261172348295,0.0009412277214014554
4.68,-2.368077613542868,1.5917464243040678,-0.13752637629918807,0.0009502867904332437
4.69,-2.352053420155629,1.613018527461429,-0.15320423075471218,0.0009596534700222976
4.7,-2.3358187494773692,1.6338386986325197,-0.16956104519323476,0.00096930569822208
4.71,-2.3193782164021064,1.6541878203225606,-0.18659050305139835,0.0009792190023409785
4.72,-2.3027366269814102,1.6740467883570576,-0.20428508155466304,0.000989366514890527
4.73,-2.285898977992075,1.6933965720831914,-0.22263603592885226,0.0009997190089559805
4.74,-2.2688704558908857,1.7122182767076557,-0.24163338765536044,0.0010102449538758062
4.75,-2.251656435136428,1.7304932075034207,-0.2612659170415478,0.0010209105919276344
4.76,-2.234262475860709,1.7482029355882125,-0.2815211603581748,0.0010316800365044762
4.7700000000000005,-2.216694320876482,1.765329364949063,-0.30238541177233014,0.0010425153920284864
4.78,-2.1989578920095543,1.7818548003605763,-0.3238437302772296,0.001053376895592719
4.79,-2.181059285749,1.7977620158200136,-0.3458799517896357,0.0010642230800476677
4.8,-2.1630047682120974,1.8130343231004022,-0.3684767065516401,0.001075010957962514
4.8100000000000005,-2.1448007694248745,1.8276556400040525,-0.3916154419364204,0.0010856962255952763
4.82,-2.1264538769234163,1.841610557883548,-0.4152764507176358,0.0010962334857068821
4.83,-2.107970828685473,1.854884407985857,-0.4394389048197453,0.0011065764877563951
4.84,-2.0893585054063935,1.867463326168039,-0.46408089452215073,0.0011166783837242718
4.8500000000000005,-2.070623922137932,1.8793343155303919,-0.4891794730441839,0.001126491997533141
4.86,-2.0517742193130264,1.8904853065150504,-0.514710706391111,0.0011359701057775064
4.87,-2.032816653184117,1.9009052140251608,-0.5406497282941075,0.0011450657272404508
4.88,-2.013758585706983,1.9105839911319393,-0.5669708000301747,0.0011537324184723657
4.89,-1.9946074739063095,1.919512678954175,-0.5936473748618688,0.0011619245725396354
4.9,-1.975370858763242,1.9276834523170037,-0.6206521667921322,0.0011695977179236674
4.91,-1.9560563536689988,1.9350896608239072,-0.647957223287114,0.001176708814467391
4.92,-1.936671632492103,1.9417258650076454,-0.6755340015802518,0.001183216543229917
4.93,-1.917224417309969,1.9475878672618812,-0.7033534481346767,0.0011890815871222942
4.94,-1.8977224658583647,1.9526727372952224,-0.7313860808087456,0.0011942668992597338
4.95,-1.878173558754633,1.9569788318927916,-0.7596020732417055,0.0011987379560775505
4.96,-1.8585854865524856,1.9605058088167173,-0.7879713409535972,0.0012024629924185775
4.97,-1.8389660366876146,1.9632546347255142,-0.8164636286358675,0.0012054132160063784
4.98,-1.819322980374332,1.9652275870425442,-0.8450485980970697,0.001207562998967918
4.99,-1.7996640595138746,1.9664282497549581,-0.8736959163216781,0.0012088900443568036
5.0,-1.7799969736749537,1.966861503176001,-0.9023753430995246,0.0012093755259487105
5.01,-1.7603293672065345,1.966533507754637,-0.9310568176886826,0.0012090041999280236
5.0200000000000005,-1.740668816541747,1.965451682066411,-0.9597105439856892,0.0012077644874522926
5.03,-1.72102281775024,1.963624675167644,-0.9883070736936115,0.0012056485274620223
5.04,-1.701398774394248,1.961062333540829,-1.016817387000364,0.001202652199490015
5.05,-1.681803985741136,1.9577756629018506,-1.0452129703064963,0.0011987751166098808
5.0600000000000005,-1.6622456353822865,1.9537767851788848,-1.073465890572968,0.0011940205890401
5.07,-1.642730780304916,1.9490788910080632,-1.101548865894716,0.0011883955592813557
5.08,-1.6232663404597956,1.943696188121827,-1.1294353319445247,0.0011819105100046167
5.09,-1.6038590888639581,1.9376438460320486,-1.157099503973265,0.0011745793462196608
5.1000000000000005,-1.5845156422733448,1.9309379374312292,-1.1845164340963255,0.001166419253533539
5.11,-1.5652424524560233,1.9235953767512624,-1.2116620636413957,0.0011574505345521725
5.12,-1.5460457980921554,1.915633856330323,-1.2385132703790243,0.0011476964256822912
5.13,-1.526931777322354,1.9070717806444444,-1.2650479105039338,0.0011371828967533244
5.14,-1.5079063009614952,1.8979281990613837,-1.2912448552813247,0.001125938435998793
5.15,-1.4889750863904827,1.888222737570638,-1.317084022317744,0.0011139938230132675
5.16,-1.4701436521339728,1.8779755299352083,-1.3425464014600088,0.0011013818923357433
5.17,-1.4514173131276613,1.8672071486982358,-1.367614075367663,0.001088137290304113
5.18,-1.4328011766744848,1.8559385364612966,-1.3922702348440588,0.0010742962277810774
5.19,-1.4143001390850172,1.84419093783136,-1.4164991890480452,0.0010598962312720114
5.2,-1.3959188829934843,1.8319858324106006,-1.4402863707420697,0.0010449758948437955
5.21,-1.3776618753372019,1.8193448691778737,-1.4636183367630342,0.0010295746351141675
5.22,-1.359533365983889,1.8062898025831637,-1.4864827639292937,0.0010137324514178324
5.23,-1.341537386988243,1.792842430647178,-1.5088684406206383,0.0009974896930731738
5.24,-1.3236777524563874,1.779024535327922,-1.5307652542878922,0.0009808868354758767
5.25,-1.3059580589943467,1.764857825385014,-1.5521641751648994,0.0009639642665380517
5.26,-1.2883816867145441,1.7503638819410947,-1.5730572364682043,0.00094676208477714
5.2700000000000005,-1.270951800772487,1.735564106908355,-1.5934375113787709,0.0009293199101425302
5.28,-1.2536713534042774,1.7204796744173119,-1.6132990871057655,0.000911676708452802
5.29,-1.236543086434366,1.7051314853548338,-1.6326370363349354,0.0008938706301063744
5.3,-1.2195695342220425,1.689540125089348,-1.6514473863636636,0.0008759388635258235
5.3100000000000005,-1.202753027014518,1.6737258244334066,-1.6697270862215932,0.0008579175036040386
5.32,-1.1860956946740844,1.6577084238675566,-1.6874739720700598,0.0008398414352405424
5.33,-1.1695994707467225,1.6415073410249301,-1.7046867311657001,0.0008217442318905135
5.34,-1.1532660968396473,1.6251415414132728,-1.7213648646637942,0.0008036580688986475
5.3500000000000005,-1.1370971272756218,1.6086295123303718,-1.7375086495254253,0.0007856136512555769
5.36,-1.1210939339924044,1.5919892399100761,-1.753119099779664,0.0007676401552968479
5.37,-1.1052577116564075,1.5752381892193672,-1.768197927377972,0.0007497651837633683
5.38,-1.0895894829605177,1.5583932873122288,-1.7827475028631263,0.0007320147335577173
5.39,-1.0740901040770348,1.541470909133364,-1.7967708160594216,0.0007144131754622501
5.4,-1.0587602702378092,1.5244868661540556,-1.810271436974942,0.0006969832450319266
5.41,-1.0436005214148865,1.5074563976136028,-1.8232534770905144,0.0006797460438362015
5.42,-1.028611248076262,1.490394164232712,-1.835721551193738,0.0006627210501993365
5.43,-1.0137926969927205,1.4733142442598535,-1.8476807399004105,0.0006459261385760108
5.44,-0.9991449770731403,1.4562301317078319,-1.859136552989885,0.000629377606697662
5.45,-0.984668065207085,1.4391547366355297,-1.870094893665511,0.0006130902096336642
5.46,-0.9703618120949599,1.4221003873288376,-1.8805620238364733,0.0005970771999289397
5.47,-0.9562259480474701,1.405078834235078,-1.8905445305031026,0.0005813503730044786
5.48,-0.9422600887375705,1.3881012555066123,-1.9000492933142021,0.0005659201170385269
5.49,-0.9284637408895252,1.3711782640116876,-1.9090834533521368,0.0005507954665827158
5.5,-0.9148363078911023,1.3543199156737922,-1.9176543831894417,0.0005359841592079233
5.51,-0.901377095316296,1.3375357190047432,-1.9257696582495265,0.0005214926945184306
5.5200000000000005,-0.8880853163472936,1.3208346457012983,-1.9334370294937215,0.0005073263949187293
5.53,-0.874960097085683,1.3042251421801705,-1.9406643974474094,0.0004934894675645658
5.54,-0.8620004817441178,1.2877151419318276,-1.9474597875693371,0.0004799850669776313
5.55,-0.8492054377108279,1.2713120785792764,-1.9538313269603678,0.0004668153578510056
5.5600000000000005,-0.8365738604804687,1.25502289953409,-1.9597872224009043,0.00045398157761964363
5.57,-0.8241045784458492,1.2388540801481465,-1.9653357396999678,0.0004414840984160934
5.58,-0.8117963575460638,1.2228116382658527,-1.9704851843334077,0.00042932248807617214
5.59,-0.799647905767473,1.2069011490879424,-1.9752438833439259,0.00041749556990193124
5.6000000000000005,-0.7876578774948336,1.1911277602642343,-1.9796201684714698,0.00040600148092971046
5.61,-0.7758248777106793,1.1754962071389423,-1.9836223604790617,0.00039483772848929844
5.62,-0.7641474660417794,1.1600108280782195,-1.987258754636216,0.00038400124487597244
5.63,-0.7526241606521827,1.1446755798155424,-1.990537607319744,0.00037348843999036055
5.64,-0.7412534419829643,1.1294940527562871,-1.993467123689883,0.0003632952518317947
5.65,-0.7300337563393546,1.114469486188371,-1.9960554463982871,0.0003534171947587771
5.66,-0.7189635193264332,1.0996047833511358,-1.9983106452834403,0.00034384940545574376
5.67,-0.7080411191350223,1.0849025263196916,-2.000240708008449,0.0003345866865683739
5.68,-0.6972649196798204,1.07036499066674,-2.001853531595908,0.0003256235479901808
5.69,-0.6866332635921709,1.0559941598684195,-2.0031569148145745,0.0003169542458015543
5.7,-0.6761444750701762,1.0417917394249776,-2.0041585513728917,0.0003085728188784519
5.71,-0.6657968625891364,1.0277591706710723,-2.004866023874943,0.0003004731232019644
5.72,-0.655588721475529,1.0138976442542234,-2.0052867984951632,0.00029264886391208126
5.73,-0.6455183363479393,1.0002081132634082,-2.005428220329046,0.0002850936251592618
5.74,-0.6355839834285165,0.9866913059929938,-2.00529750937816,0.0002778008978160289
5.75,-0.6257839327286653,0.9733477383301602,-2.0049017571289625,0.0002707641051178394
5.76,-0.6161164501127842,0.9601777257566805,-2.0042479236861928,0.0002639766263081908
5.7700000000000005,-0.606579799243943,0.9471813949584089,-2.003342835422994,0.0002574318183672956
5.78,-0.5971722434154467,0.934358695038085,-2.0021931831113364,0.0002511230359069388
5.79,-0.5878920472722643,0.9217094083291114,-2.00080552049779,0.0002450436493163522
5.8,-0.5787374784263184,0.9092331608098101,-1.9991862632911876,0.00023918706124525016
5.8100000000000005,-0.5697068089696256,0.8969294321193186,-1.9973416885302508,0.00023354672151073468
5.82,-0.5607983168892591,0.884797565177766,-1.995277934300755,0.00022811614051456846
5.83,-0.5520102873880722,0.8728367754146815,-1.9930009997733373,0.00022288890125655
5.84,-0.5433410141150763,0.861046159610742,-1.990516745534548,0.00021785867002843416
5.8500000000000005,-0.5347888003093081,0.8494247043589758,-1.98783089418522,0.00021301920587107906
5.86,-0.5263519598609606,0.8379712941524133,-1.9849490311816866,0.00020836436887542586
5.87,-0.5180288182934721,0.8266847191059289,-1.9818766058967872,0.0002038881274054788
5.88,-0.5098177136701915,0.8155636823206491,-1.9786189328789798,0.00019958456431883194
5.89,-0.5017169974291497,0.8046068068998374,-1.9751811932892103,0.00019544788225744808
5.9,-0.4937250351493761,0.7938126426255963,-1.971568436496475,0.0001914724080783909
5.91,-0.48584020725210403,0.7831796723060752,-1.967785581814259,0.000187652596491172
5.92,-0.47806090964010944,0.7727063178031404,-1.9638374203612174,0.00018398303296522032
5.93,-0.47038555427832895,0.7623909457506537,-1.959728617030609,0.00018045843596780088
5.94,-0.46281256971879914,0.7522318729736422,-1.955463712554086,0.00017707365858956863
5.95,-0.4553404015728564,0.7422273716187066,-1.951047125646477,0.00017382368961176868
5.96,-0.44796751293343356,0.7323756740060393,-1.9464831552191924,0.00017070365406601158
5.97,-0.44069238475018513,0.7226749772133959,-1.9417759826508176,0.00016770881333451018
5.98,-0.43351351616006983,0.7131234474022932,-1.9369296741043505,0.000164834564835672
5.99,-0.42642942477591805,0.7037192238966086,-1.9319481828813754,0.0001620764413370914
6.0,-0.4194386469354092,0.694460423023616,-1.9268353518042667,0.00015943010993518277
6.01,-0.4125397379127854,0.6853451417273353,-1.9215949156182528,0.0001568913707380176
6.0200000000000005,-0.40573127209552934,0.6763714609638855,-1.9162305034058817,0.00015445615528535573
6.03,-0.3990118431281394,0.6675374488883276,-1.9107456410070853,0.00015212052473738777
6.04,-0.39238006402504005,0.6588411638422635,-1.9051437534386593,0.00014988066786137522
6.05,-0.3858345672545744,0.6502806571512211,-1.8994281673075535,0.00014773289884313054
6.0600000000000005,-0.3793740047959378,0.6418539757406092,-1.8936021132129106,0.00014567365494816344
6.07,-0.3729970481708232,0.633559164578777,-1.887668728132292,0.00014369949405531378
6.08,-0.3667023884514655,0.6253942689554456,-1.8816310577880035,0.00014180709208380313
6.09,-0.3604887362466918,0.6173573366035189,-1.875492058989871,0.0001399932403328666
6.1000000000000005,-0.35435482166750376,0.6094464196720127,-1.8692546019512148,0.0001382548427514391
6.11,-0.3482993942736442,0.60165957655757,-1.862921472575162,0.00013658891315380028
6.12,-0.34232122300252543,0.5939948736017633,-1.8564953747087682,0.00013499257239563296
6.13,-0.3364190960818266,0.5864503866611177,-1.8499789323627585,0.00013346304552357694
6.140000000000001,-0.33059182092699907,0.5790242025565202,-1.843374691894979,0.00013199765891006374
6.15,-0.3248382240248547,0.5717144204084217,-1.8366851241559388,0.00013059383738404665
6.16,-0.3191571508043463,0.5645191528639784,-1.8299126265950634,0.00012924910136713128
6.17,-0.3135474654955936,0.5574365272220255,-1.8230595253265183,0.00012796106402360977
6.18,-0.30800805097814554,0.5504646864615279,-1.8161280771536692,0.00012672742843193103
6.19,-0.30253780861941887,0.5436017901789091,-1.8091204715514428,0.00012554598478426517
6.2,-0.29713565810419695,0.5368460154394243,-1.8020388326060262,0.00012441460762003991
6.21,-0.29180053725602434,0.5301955575475116,-1.7948852209115054,0.00012333125309857055
6.22,-0.286531401851283,0.52364863074083,-1.787661635423191,0.0001222939563152332
6.23,-0.2813272254266909,0.5172034688124797,-1.780370015267508,0.00012130082866500057
6.24,-0.27618699908091976,0.510858325665685,-1.7730122415084508,0.00012035005525659178
6.25,-0.27110973127098625,0.5046114758050199,-1.7655901388707111,0.00011943989237996522
6.26,-0.26609444760403234,0.49846121476805844,-1.7581054774196827,0.00011856866502944568
6.2700000000000005,-0.2611401906250712,0.4924058595011432,-1.7505599741986335,0.00011773476448427702
6.28,-0.2562460196012406,0.4864437486827816,-1.7429552948234182,0.00011693664594806234
6.29,-0.25141101030306956,0.48057324299800586,-1.7352930550351642,0.00011617282624819275
6.3,-0.24663425478323395,0.4747927253668613,-1.7275748222114344,0.00011544188159601142
6.3100000000000005,-0.24191486115324365,0.46910060113002783,-1.7198021168364164,0.00011474244540821291
6.32,-0.23725195335847604,0.46349529819442237,-1.7119764139307387,0.00011407320618971343
6.33,-0.23264467095194213,0.45797526714148146,-1.704099144441553,0.00011343290547798076
6.34,-0.2280921688671459,0.45253898130068104,-1.6961716965935565,0.00011282033584862732
6.3500000000000005,-0.22359361719037193,0.4471849367907128,-1.6881954172016587,0.00011223433898188817
6.36,-0.21914820093271364,0.44191165253060666,-1.6801716129460205,0.00011167380378943127
6.37,-0.21475511980213127,0.4367176702229645,-1.672101551610214,0.00011113766460084172
6.38,-0.2104135879758085,0.43160155431134967,-1.6639864632832677,0.00011062489940894167
6.390000000000001,-0.20612283387305633,0.4265618919137655,-1.655827541526376,0.00011013452817306727
6.4,-0.201882099928994,0.4215972927340453,-1.6476259445050565,0.00010966561117929682
6.41,-0.1976906423692194,0.4167063889528748,-1.639382796087553,0.00010921724745653956
6.42,-0.19354773098566405,0.4118878351000694,-1.6310991869102758,0.00010878857324736836
6.43,-0.18945264891381283,0.40714030790963346,-1.6227761754110792,0.0001083787605323806
6.44,-0.18540469241145313,0.40246250615904333,-1.6144147888311753,0.00010798701560685337
6.45,-0.18140317063910433,0.397853150494107,-1.6060160241864738,0.00010761257770844167
6.46,-0.17744740544226545,0.39331098324067615,-1.597580849209139,0.00010725471769459242
6.47,-0.1735367311356065,0.38883476820440854,-1.589110203260147,0.00010691273676836409
6.48,-0.16967049428921702,0.3844232904597067,-1.5806049982136174,0.00010658596525134594
6.49,-0.1658480535170152,0.3800753561288895,-1.572066119313686,0.00010627376140231071
6.5,-0.16206877926740973,0.3757897921525891,-1.563494426004674,0.00010597551028028595
6.51,-0.15833205361629776,0.37156544605230296,-1.554890752735299,0.00010569062265069823
6.5200000000000005,-0.1546372700624729,0.3674011856859722,-1.546255909737664,0.00010541853393327007
6.53,-0.15098383332550885,0.3632958989974032,-1.5375906837817395,0.00010515870319036839
6.54,-0.14737115914617643,0.3592484937602953,-1.528895838906053,0.00010491061215448956
6.55,-0.14379867408944433,0.35525789731758817,-1.5201721171252764,0.00010467376429360053
6.5600000000000005,-0.14026581535010685,0.3513230563167974,-1.5114202391153946,0.0001044476839130864
6.57,-0.13677203056107598,0.34744293644195895,-1.5026409048771183,0.0001042319152930664
6.58,-0.1333167776043683,0.3436165221427643,-1.493834794378197,0.00010402602185984836
6.59,-0.12989952442481245,0.3398428163614264,-1.4850025681752663,0.00010382958539033932
6.6000000000000005,-0.12651974884649714,0.3361208402577809,-1.4761448680158529,0.0001036422052482546
6.61,-0.12317693839197505,0.33244963293308977,-1.4672623174211454,0.00010346349765098312
6.62,-0.11987059010423323,0.32882825115298303,-1.458355522250123,0.00010329309496598586
6.63,-0.11660021037143686,0.32525576906994114,-1.44942507124562,0.00010313064503567442
6.640000000000001,-0.11336531475444878,0.32173127794569273,-1.440471536562889,0.00010297581052970852
6.65,-0.1101654278171241,0.31825388587387293,-1.4314954742812105,0.00010282826832366878
6.66,-0.10700008295937555,0.3148227175032622,-1.4224974248990836,0.00010268770890314518
6.67,-0.10386882225300229,0.3114369137618999,-1.4134779138135158,0.00010255383579225996
6.68,-0.10077119628027208,0.30809563158234526,-1.4044374517839173,0.00010242636500568713
6.69,-0.09770676397524408,0.30479804362833385,-1.3953765353810896,0.00010230502452327487
6.7,-0.0946750924678171,0.30154333802306016,-1.3862956474217867,0.00010218955378638809
6.71,-0.09167575693048605,0.29833071807929473,-1.3771952573893098,0.00010207970321513187
6.72,-0.08870834042778718,0.2951594020315278,-1.3680758218405868,0.00010197523374561497
6.73,-0.08577243376841114,0.29202862277031405,-1.3589377848001727,0.00010187591638648649
6.74,-0.08286763535996078,0.2889376275789766,-1.3497815781415925,0.0001017815317939704
6.75,-0.0799935510663296,0.28588567787281394,-1.3406076219564405,0.0001016918698646506
6.76,-0.07714979406767504,0.2828720489409383,-1.331416324911631,0.00010160672934530507
6.7700000000000005,-0.07433598472295971,0.2798960296908632,-1.3222080845951902,0.00010152591745910721
6.78,-0.07155175043503269,0.27695692239594194,-1.3129832878509582,0.00010144924954752155
6.79,-0.0687967255182216,0.2740540424457513,-1.3037423111025699,0.00010137654872724794
6.8,-0.06607055106840592,0.2711867180995004,-1.2944855206670625,0.00010130764556162569
6.8100000000000005,-0.06337287483554079,0.2683542902425365,-1.2852132730584502,0.00010124237774588275
6.82,-0.060703351098599846,0.26555611214601044,-1.2759259152815978,0.00010118058980567314
6.83,-0.0580616405429056,0.26279154922975373,-1.2666237851167093,0.00010112213280835772
6.84,-0.05544741013981464,0.2600599788284131,-1.2573072113947428,0.00010106686408648502
6.8500000000000005,-0.05286033302872511,0.2573607899608792,-1.2479765142640509,0.00010101464697297411
6.86,-0.05030008840137326,0.25469338310304046,-1.238632005448535,0.00010096535054753214
6.87,-0.0477663613883858,0.252057169963885,-1.2292739884975927,0.00010091884939381133
6.88,-0.04525884294805434,0.2494515732649684,-1.2199027590281333,0.00010087502336686584
6.890000000000001,-0.0427772297572983,0.24687602652325918,-1.2105186049589176,0.00010083375737048793
6.9,-0.04032122410478249,0.24432997383736846,-1.2011218067374818,0.00010079494114398594
6.91,-0.0378905337861554,0.24181286967716517,-1.1917126375598868,0.00010075846905803837
6.92,-0.03548487200137445,0.2393241786767745,-1.1822913635835306,0.00010072423991921649
6.93,-0.03310395725408438,0.23686337543095182,-1.1728582441332556,0.00010069215678281095
6.94,-0.03074751325301504,0.23442994429482178,-1.1634135319009697,0.0001006621267736355
6.95,-0.028415268815365033,0.2320233791869677,-1.1539574731389977,0.00010063406091443902
6.96,-0.026106957772137795,0.22964318339585382,-1.1444903078473692,0.00010060787396162854
6.97,-0.02382231887539686,0.22728886938955958,-1.135012269955244,0.00010058348424797989
6.98,-0.02156109570740733,0.22495995862880253,-1.1255235874966696,0.00010056081353203037
6.99,-0.01932303659163076,0.22265598138322393,-1.1160244827808559,0.00010053978685390218
7.0,-0.017107894505541017,0.2203764765509089,-1.1065151725571505,0.00010052033239725026
7.01,-0.014915426995228872,0.21812099148111086,-1.0969958681748884,0.00010050238135707895
7.0200000000000005,-0.012745396091763457,0.21588908180014807,-1.0874667757382854,0.0001004858678131978
7.03,-0.010597568229279054,0.2136803112404384,-1.0779280962565387,0.00010047072860905238
7.04,-0.008471714164755973,0.2114942514726372,-1.0683800257892928,0.00010045690323570769
7.05,-0.006367608899464699,0.2093304819408414,-1.0588227555876233,0.00010044433372078086
7.0600000000000005,-0.0042850316020428235,0.20718858970082193,-1.0492564722306854,0.00010043296452207721
7.07,-0.002223765533174665,0.20506816926124566,-1.039681357758172,0.0001004227424257594
7.08,-0.00018359797184389764,0.20296882242784672,-1.0300975897987157,0.00010041361644885087
7.09,0.0018356798568701167,0.2008901581505067,-1.0205053416943701,0.00010040553774586353
7.1000000000000005,0.0038342728524811682,0.1988317923732021,-1.0109047826213,0.00010039845951940755
7.11,0.005812382108298675,0.19679334788677713,-1.0012960777068012,0.00010039233693459634
7.12,0.007770204979171838,0.19477445418449932,-0.9916793881427733,0.00010038712703707182
7.13,0.009707935147803085,0.19277474732035493,-0.9820548712957612,0.00010038278867451715
7.140000000000001,0.01162576268965799,0.19079386977004087,-0.972422680813675,0.00010037928242149972
7.15,0.01352387413649841,0.1888314702946098,-0.9627829667293001,0.00010037657050749661
7.16,0.01540245253856516,0.18688720380672455,-0.9531358755606992,0.00010037461674797041
7.17,0.017261677525436094,0.18496073123947793,-0.9434815504086099,0.00010037338647836218
7.18,0.01910172536558503,0.18305171941773454,-0.9338201310509338,0.0001003728464908837
7.19,0.020922769024666523,0.18115984093195023,-0.9241517540344124,0.00010037296497398107
7.2,0.022724978222551026,0.17928477401442577,-0.9144765527635821,0.00010037371145435647
7.21,0.024508519489134593,0.177426202417951,-0.9047946575870943,0.00010037505674144554
7.22,0.026273556218946788,0.17558381529679587,-0.8951061958814883,0.00010037697287423792
7.23,0.02802024872458005,0.17375730709000503,-0.8854112921324978,0.00010037943307034236
7.24,0.029748754288963362,0.17194637740695334,-0.8757100680139716,0.00010038241167720315
7.25,0.031459227216502586,0.17015073091511876,-0.8660026424644851,0.00010038588412537446
7.26,0.033151818883109425,0.16837007723003083,-0.8562891317617176,0.00010038982688376264
7.2700000000000005,0.034826677785140606,0.16660413080735217,-0.8465696495946665,0.00010039421741675404
7.28,0.03648394958726833,0.16485261083705124,-0.836844307133769,0.00010039903414315582
7.29,0.03812377716930279,0.16311524113962514,-0.8271132130989973,0.00010040425639685376
7.3,0.03974630067198691,0.16139175006433104,-0.8173764738259944,0.00010040986438913132
7.3100000000000005,0.04135165754178334,0.15968187038938614,-0.8076341933303107,0.00010041583917257772
7.32,0.04293998257467313,0.15798533922409533,-0.7978864733698043,0.00010042216260650042
7.33,0.044511407958985096,0.15630189791286742,-0.7881334135052634,0.0001004288173238012
7.34,0.04606606331727467,0.1546312919410803,-0.7783751111593066,0.0001004357866992431
7.3500000000000005,0.04760407574727049,0.15297327084275633,-0.7686116616736168,0.0001004430548190425
7.36,0.04912556986190661,0.15132758811000963,-0.758843158364563,0.00010045060645173806
7.37,0.05063066782845788,0.14969400110422737,-0.7490696925772587,0.00010045842702028696
7.38,0.0521194894067957,0.14807227096894798,-0.73929135373811,0.00010046650257532921
7.390000000000001,0.05359215198678082,0.14646216254439892,-0.7295082294058974,0.0001004748197695646
7.4,0.05504877062480973,0.1448634442836583,-0.7197204053214434,0.00010048336583321232
7.41,0.05648945807953058,0.14327588817040396,-0.7099279654559046,0.00010049212855049567
7.42,0.057914324846744435,0.1416992696382151,-0.7001309920577372,0.00010050109623711034
7.43,0.05932347919350709,0.1401333674913914,-0.6903295656983746,0.00010051025771863334
7.44,0.060717027191446615,0.13857796382725537,-0.6805237653166603,0.00010051960230983977
7.45,0.06209507274931111,0.13703284395990434,-0.6707136682620736,0.00010052911979488807
7.46,0.06345771764476114,0.1354977963453784,-0.6608993503367876,0.00010053880040832301
7.47,0.06480506155542079,0.133972612508212,-0.6510808858365964,0.00010054863481688539
7.48,0.066137202089201,0.13245708696933656,-0.6412583475907464,0.0001005586141020806
7.49,0.06745423481390855,0.13095101717530244,-0.6314318070007076,0.00010056872974346882
7.5,0.06875625328615378,0.12945420342878908,-0.6216013340779178,0.00010057897360266539
7.51,0.07004334907956962,0.12796644882037234,-0.6117669974805326,0.00010058933790800783
7.5200000000000005,0.07131561181235455,0.12648755916151894,-0.6019288645492118,0.00010059981523986322
7.53,0.07257312917415147,0.125017342918778,-0.5920870013419738,0.00010061039851655358
7.54,0.07381598695227441,0.12355561114914057,-0.5822414726681475,0.00010062108098086921
7.55,0.07504426905729443,0.1221021774365379,-0.5723923421214497,0.00010063185618715276
7.5600000000000005,0.0762580575479962,0.12065685782945047,-0.5625396721122159,0.0001006427179889232
7.57,0.07745743265571603,0.11921947077959956,-0.5526835238988117,0.00010065366052702212
7.58,0.07864247280807218,0.11778983708169388,-0.542823957618251,0.00010066467821825664
7.59,0.07981325465209772,0.11636777981420432,-0.5329610323160457,0.00010067576574452247
7.6000000000000005,0.08096985307678625,0.11495312428114005,-0.5230948059753124,0.00010068691804238917
7.61,0.08211234123506021,0.11354569795479988,-0.5132253355451583,0.00010069813029312337
7.62,0.0832407905651715,0.1121453304194731,-0.5033526769683708,0.00010070939791313434
7.63,0.08435527081154376,0.11075185331606427,-0.4934768852084336,0.00010072071654482992
7.640000000000001,0.08545585004506541,0.10936510028761728,-0.483598014275888,0.00010073208204785775
7.65,0.0865425946828423,0.10798490692571383,-0.4737161172540649,0.00010074349049071893
7.66,0.08761556950741864,0.10661111071772236,-0.4638312463242041,0.00010075493814274965
7.67,0.08867483768547459,0.1052435509948735,-0.4539434527899829,0.00010076642146643824
7.68,0.08972046078600855,0.10388206888113867,-0.4440527871014728,0.00010077793711007818
7.69,0.09075249879801231,0.10252650724288882,-0.4341592988785425,0.00010078948190074035
7.7,0.09177101014764642,0.10117671063931036,-0.42426303693372636,0.00010080105283754699
7.71,0.09277605171492356,0.09983252527355625,-0.41436404929457515,0.00010081264708524319
7.72,0.09376767884990692,0.09849379894460997,-0.40446238322550687,0.00010082426196805083
7.73,0.09474594538843066,0.09716038099984069,-0.39455808524917385,0.00010083589496379144
7.74,0.09571090366734945,0.0958321222882284,-0.3846512011673632,0.00010084754369827343
7.75,0.09666260453932334,0.09450887511423776,-0.3747417760814452,0.00010085920593993059
7.76,0.09760109738714458,0.09319049319231992,-0.36482985441238663,0.0001008708795946996
7.7700000000000005,0.09852643013761263,0.09187683160202195,-0.35491547992034234,0.00010088256270113515
7.78,0.09943864927496301,0.09056774674368355,-0.34499869572384095,0.00010089425342574599
7.79,0.10033779985385619,0.0892630962947011,-0.33507954431857845,0.000100905950058547
7.8,0.10122392551193167,0.08796273916633951,-0.32515806759583343,0.00010091765100882365
7.8100000000000005,0.10209706848193299,0.08666653546107243,-0.3152343068605175,0.00010092935480109379
7.82,0.10295726960340865,0.08537434643043153,-0.30530830284887445,0.00010094106007126214
7.83,0.10380456833399396,0.08408603443334611,-0.2953800957458405,0.00010095276556296729
7.84,0.1046390027602787,0.08280146289495431,-0.2854497252020785,0.00010096447012410438
7.8500000000000005,0.10546060960826514,0.08152049626586738,-0.2755172303506983,0.00010097617270352336
7.86,0.10626942425342098,0.08024299998186886,-0.2655826498236752,0.00010098787234789843
7.87,0.10706548073033122,0.07896884042403056,-0.2556460217679781,0.0001009995681987574
7.88,0.10784881174195335,0.07769788487922756,-0.24570738386141938,0.00010101125948967035
7.890000000000001,0.10861944866847956,0.07643000150103449,-0.23576677332823653,0.000101022945543592
7.9,0.1093774215758097,0.07516505927098568,-0.22582422695441792,0.00010103462577035208
7.91,0.11012275922363864,0.07390292796018186,-0.21587978110278228,0.00010104629966428839
7.92,0.11085548907316138,0.07264347809122616,-0.20593347172782311,0.00010105796680202042
7.930000000000001,0.11157563729439904,0.07138658090047267,-0.19598533439032811,0.00010106962684035872
7.94,0.11228322877314884,0.07013210830057039,-0.18603540427178367,0.0001010812795143456
7.95,0.11297828711756093,0.06887993284328606,-0.17608371618857455,0.00010109292463542519
7.96,0.11366083466434485,0.0676299276825893,-0.1661303046059884,0.00010110456208973733
7.97,0.1143308924846079,0.06638196653798348,-0.15617520365203486,0.00010111619183653408
7.98,0.11498848038932821,0.06513592365806604,-0.1462184471310884,0.00010112781390671631
7.99,0.11563361693446432,0.06389167378430198,-0.13626006853736458,0.00010113942840148552
8.0,0.11626631942570352,0.06264909211499438,-0.12630010106823866,0.00010115103549110964
8.01,0.11688660392285093,0.0614080542694359,-0.11633857763741563,0.0001011626354138012
8.02,0.11749448524386075,0.06016843625222522,-0.10637553088796065,0.00010117422847470507
8.03,0.11808997696851162,0.0589301144177325,-0.09641099320519862,0.00010118581504499368
8.040000000000001,0.11867309144172716,0.05769296543469804,-0.08644499672949171,0.00010119739556106781
8.05,0.1192438397765432,0.05645686625094826,-0.07647757336890332,0.00010120897052386221
8.06,0.1198022318567226,0.0552216940582133,-0.06650875481175707,0.00010122054049825417
8.07,0.12034827633901882,0.05398732625703045,-0.05653857253909933,0.00010123210611257357
8.08,0.1208819806550887,0.05275364042171773,-0.04656705783707354,0.000101243668058214
8.09,0.1214033510130555,0.0515205142654019,-0.03659424180921471,0.00010125522708934332
8.1,0.12191239239872216,0.050287825605085254,-0.0266201553886724,0.00010126678402271351
8.11,0.1224091085764356,0.0490554523267355,-0.016644829350370312,0.00010127833973756904
8.120000000000001,0.12289350208960179,0.04782327235038301,-0.006668294323110752,0.00010128989517565322
8.13,0.12336557426085186,0.04659116359520978,0.003309419198367934,0.00010130145134131272
8.14,0.123825325191859,0.04535900394461435,0.013288280841372782,0.00010131300930169945
8.15,0.12427275376280573,0.044126671211236854,0.023268260343268406,0.00010132457018707092
8.16,0.12470785763150127,0.04289404310192855,0.03324932753951185,0.00010133613519118826
8.17,0.12513063323214818,0.04166099718264976,0.04323145235170195,0.00010134770557181292
8.18,0.12554107577375756,0.04042741084328049,0.05321460477563515,0.00010135928265130284
8.19,0.1259391792382119,0.03919316126232759,0.0631987548693596,0.0001013708678173082
8.2,0.12632493637797446,0.03795812537151247,0.07318387274121929,0.0001013824625235677
8.21,0.12669833871344366,0.03672217982022323,0.08316992853788024,0.00010139406829080739
8.22,0.12705937652995147,0.03548520093981484,0.09315689243233026,0.00010140568670774183
8.23,0.1274080388744039,0.034247064707741116,0.10314473461184409,0.00010141731943218008
8.24,0.12774431355156185,0.03300764671150198,0.11313342526590568,0.00010142896819223836
8.25,0.12806818711996043,0.03176682211238938,0.12312293457407905,0.00010144063478765975
8.26,0.12837964488746478,0.030524465609015193,0.13311323269381928,0.00010145232109124336
8.27,0.12867867090645996,0.02928045140060411,0.14310428974821504,0.00010146402905038683
8.28,0.1289652479686724,0.028034653150034648,0.15309607581365417,0.00010147576068874223
8.290000000000001,0.1292393575996206,0.02678694394661092,0.16308856090740326,0.00010148751810798834
8.3,0.12950098005269206,0.025537196268547897,0.17308171497509256,0.00010149930348972371
8.31,0.1297500943028435,0.024285281945152573,0.1830755078780973,0.00010151111909748057
8.32,0.12998667803992142,0.02303107211868326,0.19306990938080587,0.00010152296727886458
8.33,0.13021070766159945,0.021774437205869135,0.2030648891377663,0.00010153485046782557
8.34,0.1304221582659292,0.020515246859071773,0.21306041668070097,0.00010154677118705797
8.35,0.13062100364350088,0.01925336992707036,0.2230564614053804,0.00010155873205053803
8.36,0.1308072162692096,0.017988674415451912,0.23305299255834622,0.00010157073576620235
8.370000000000001,0.13098076729362387,0.016721027446587634,0.2430499792234734,0.00010158278513877073
8.38,0.13114162653395142,0.015450295219176301,0.25304739030836193,0.00010159488307271737
8.39,0.13128976246459836,0.014176342967335246,0.26304519453054714,0.00010160703257539699
8.4,0.13142514220731685,0.012899034919219284,0.2730433604035188,0.00010161923676032793
8.41,0.1315477315209365,0.011618234255147603,0.28304185622253747,0.00010163149885064102
8.42,0.13165749479067457,0.01033380306521833,0.29304065005023816,0.00010164382218270022
8.43,0.13175439501701958,0.009045602306390219,0.3030397097020092,0.00010165621020989427
8.44,0.13183839380418305,0.0077534917590105015,0.3130390027311353,0.00010166866650661318
8.45,0.13190945134811366,0.006457329982767685,0.32303849641369276,0.00010168119477241551
8.46,0.13196752642406787,0.005156974272047669,0.33303815773318574,0.00010169379883638791
8.47,0.13201257637373118,0.003852280610671217,0.3430379533649098,0.00010170648266170796
8.48,0.13204455709188348,0.002543103625990446,0.3530378496600312,0.0001017192503504186
8.49,0.1320634230126021,0.0012292965423215821,0.36303781262936896,0.00010173210614842006
8.5,0.13206912709499571,-8.928886630913367e-05,0.3730378079268655,0.00010174505445069104
8.51,0.13206162080846232,-0.0014128023241299645,0.3830378008327335,0.00010175809980674239
8.52,0.1320408541174637,-0.0027413951023225894,0.3930377562362639,0.00010177124692631702
8.53,0.13200677546580933,-0.0040752200684798364,0.40303763861828135,0.0001017845006853473
8.540000000000001,0.13195933176044172,-0.0054144317368471275,0.41303741203323163,0.00010179786613217309
8.55,0.13189846835471528,-0.006759186319372981,0.4230370400908866,0.00010181134849403761
8.56,0.13182412903116053,-0.008109641777594412,0.4330364859376503,0.00010182495318387046
8.57,0.13173625598372535,-0.009465957875383579,0.44303571223745053,0.00010183868580736935
8.58,0.1316347897994841,-0.010828296232582527,0.453034681152199,0.00010185255217039354
8.59,0.13151966943980592,-0.012196820379553412,0.46303335432180354,0.00010186655828667822
8.6,0.13139083222097295,-0.013571695812672134,0.47303169284371344,0.0001018807103858885
8.61,0.13124821379423862,-0.014953090050793892,0.4830296572519815,0.00010189501492202542
8.620000000000001,0.1310917481253164,-0.016341172692719706,0.4930272074958225,0.00010190947858219926
8.63,0.13092136747328875,-0.017736115475693575,0.5030243029176501,0.00010192410829578099
8.64,0.13073700236892571,-0.019138092334960565,0.5130209022305706,0.00010193891124395402
8.65,0.13053858159240267,-0.020547279464416698,0.523016963495315,0.0001019538948696852
8.66,0.13032603215040586,-0.021963855378382177,0.5330124440965864,0.00010196906688812125
8.67,0.1300992792526145,-0.023388000974530195,0.5430073007188018,0.00010198443529744606
8.68,0.1298582462875476,-0.02481989959800414,0.5530014893212053,0.00010200000839020144
8.69,0.1296028547977638,-0.026259737106756807,0.5629949651123295,0.0001020157947651015
8.700000000000001,0.12933302445440104,-0.027707701938145902,0.5729876825237805,0.00010203180333936745
8.71,0.12904867303104445,-0.02916398517682081,0.5829795951833224,0.00010204804336159224
8.72,0.12874971637690838,-0.030628780623936425,0.5929706558872347,0.0001020645244251622
8.73,0.12843606838931956,-0.032102284867730535,0.6029608165719159,0.00010208125648226932
8.74,0.12810764098548766,-0.03358469735550211,0.6129500282847066,0.00010209824985853185
8.75,0.12776434407354872,-0.03507622046702853,0.6229382411539024,0.00010211551526824756
8.76,0.12740608552286722,-0.036577059589460774,0.6329254043579282,0.00010213306383031977
8.77,0.1270327711335815,-0.038087423193736224,0.6429114660936425,0.00010215090708487287
8.78,0.12664430460537734,-0.03960752291254985,0.6528963735437402,0.00010216905701059749
8.790000000000001,0.12624058750547398,-0.04113757361992515,0.6628800728432224,0.00010218752604285033
8.8,0.12582151923580603,-0.04267779351242734,0.6728625090448969,0.00010220632709255103
8.81,0.1253869969993851,-0.044228404192062025,0.6828436260838773,0.0001022254735659102
8.82,0.12493691576582361,-0.04578963075090369,0.6928233667410423,0.00010224497938501286
8.83,0.12447116823600365,-0.047361701857499154,0.7028016726054179,0.00010226485900931685
8.84,0.12398964480587266,-0.04894484984509218,0.712778484035445,0.00010228512745809628
8.85,0.12349223352934752,-0.05053931080171646,0.7227537401190898,0.0001023058003338699
8.86,0.1229788200803083,-0.052145324662205034,0.7327273786327577,0.00010232689384686825
8.870000000000001,0.12244928771366202,-0.053763135302165505,0.7426993359989656,0.0001023484248405799
8.88,0.12190351722545661,-0.05539299063397121,0.7526695472427284,0.00010237041081842912
8.89,0.12134138691202477,-0.057035142704819734,0.762637945946613,0.00010239286997163579
8.9,0.12076277252813657,-0.058689847796911124,0.7726044642044128,0.00010241582120831535
8.91,0.12016754724413951,-0.06035736652979938,0.7825690325733903,0.00010243928418386951
8.92,0.11955558160206403,-0.06203796396497185,0.7925315800250391,0.00010246327933273023
8.93,0.11892674347067168,-0.06373190971271227,0.8024920338943089,0.00010248782790152305
8.94,0.1182808979994232,-0.0654394780413045,0.8124503198272395,0.00010251295198370985
8.950000000000001,0.11761790757134248,-0.06716094798863491,0.8224063617269455,0.00010253867455578083
8.96,0.11693763175475233,-0.06889660347625282,0.8323600816978919,0.00010256501951506946
8.97,0.11623992725385707,-0.0706467334259495,0.8423113999883984,0.00010259201171926625
8.98,0.1155246478581465,-0.07241163187891742,0.8522602349313084,0.000102619677027705
8.99,0.11479164439059511,-0.07419159811755266,0.8622065028827548,0.00010264804234451426
9.0,0.11404076465462973,-0.07598693678996479,0.872150118158955,0.00010267713566370997
9.01,0.11327185337983839,-0.07779795803725953,0.8820909929709616,0.0001027069861163204
9.02,0.11248475216639209,-0.07962497762366103,0.892029037357294,0.00010273762401965613
9.03,0.11167929942815095,-0.08146831706954165,0.9019641591143756,0.0001027690809288026
9.040000000000001,0.1108553303344252,-0.08332830378742859,0.911896263724693,0.00010280138969045054
9.05,0.11001267675036089,-0.0852052712210578,0.9218252542825969,0.0001028345844991761
9.06,0.10915116717591963,-0.0870995589875472,0.9317510314176547,0.00010286870095627968
9.07,0.10827062668342059,-0.08901151302276218,0.9416734932154682,0.00010290377613131297
9.08,0.10737087685361264,-0.09094148572994776,0.9515925351358606,0.00010293984862640772
9.09,0.10645173571024348,-0.09288983613170332,0.9615080499283363,0.00010297695864355311
9.1,0.10551301765309201,-0.0948569300253767,0.9714199275447137,0.00010301514805495354
9.11,0.10455453338942937,-0.09684314014195604,0.9813280550488258,0.00010305446047660858
9.120000000000001,0.10357608986387314,-0.09884884630853871,0.991232316523179,0.00010309494134528048
9.13,0.10257749018659874,-0.10087443561445845,1.0011325929724595,0.0001031366379989993
9.14,0.10155853355987092,-0.10292030258115223,1.0110287622237681,0.00010317959976127685
9.15,0.10051901520285739,-0.10498684933585047,1.0209206988234631,0.00010322387802920593
9.16,0.09945872627468628,-0.10707448578917475,1.0308082739304836,0.00010326952636563501
9.17,0.09837745379570763,-0.10918362981672869,1.0406913552060233,0.00010331660059560301
9.18,0.09727498056691858,-0.11131470744476847,1.0505698066994176,0.00010336515890724477
9.19,0.09615108508751126,-0.1134681530400409,1.0604434887301022,0.00010341526195738051
9.200000000000001,0.09500554147050094,-0.11564440950387772,1.0703122577654964,0.0001034669729820025
9.21,0.09383811935639165,-0.11784392847063574,1.0801759662946575,0.00010352035791191712
9.22,0.09264858382483528,-0.12006717051057364,1.0900344626975484,0.00010357548549376665
9.23,0.09143669530423935,-0.12231460533725681,1.0998875911097525,0.00010363242741669116
9.24,0.09020220947927773,-0.12458671201958244,1.109735191282464,0.00010369125844491531
9.25,0.08894487719625754,-0.1268839791985179,1.1195770984375761,0.00010375205655652774
9.26,0.08766444436629482,-0.12920690530864595,1.1294131431176813,0.00010381490308876485
9.27,0.08636065186625026,-0.1315559988046107,1.139243151030791,0.00010387988289010414
9.28,0.08503323543737555,-0.1339317783925588,1.1490669428895754,0.00010394708447949068
9.290000000000001,0.08368192558162002,-0.1363347732666708,1.1588843342449142,0.0001040166002130476
9.3,0.08230644745554606,-0.138765523350877,1.1686951353135424,0.00010408852645862809
9.31,0.0809065207618011,-0.14122457954585307,1.1784991507995677,0.00010416296377858928
9.32,0.0794818596380928,-0.14371250398138985,1.1882961797096245,0.00010424001712117044
9.33,0.07803217254361332,-0.1462298702742315,1.1980860151614223,0.00010431979602091124
9.34,0.07655716214285745,-0.14877726379147616,1.2078684441854368,0.00010440241480853781
9.35,0.07505652518677856,-0.15135528191963143,1.2176432475194814,0.00010448799283075129
9.36,0.07352995239122531,-0.15396453433941754,1.2274101993958852,0.00010457665468043104
9.370000000000001,0.07197712831260121,-0.15660564330640814,1.2371690673209974,0.00010466853043774606
9.38,0.07039773122068822,-0.15927924393759882,1.246919611846721,0.0001047637559226697
9.39,0.06879143296857469,-0.16198598450399024,1.2566615863337707,0.00010486247295948378
9.4,0.06715789885962697,-0.16472652672927188,1.2663947367063386,0.00010496482965383497
9.41,0.06549678751144342,-0.1675015460946892,1.2761188011978346,0.00010507098068295038
9.42,0.0638077507167284,-0.1703117321501746,1.2858335100873612,0.00010518108759964508
9.43,0.06209043330102337,-0.1731577888318193,1.2955385854265637,0.00010529531915077668
9.44,0.0603444729772313,-0.17604043478575981,1.305233740756486,0.00010541385161086083
9.450000000000001,0.0585695001968697,-0.17896040369854857,1.3149186808140465,0.00010553686913156271
9.46,0.0567651379979874,-0.18191844463407342,1.3245931012277345,0.00010566456410782563
9.47,0.054931001849679105,-0.1849153223770866,1.3342566882021099,0.00010579713756144237
9.48,0.053066699493131315,-0.18795181778339706,1.3439091181906746,0.00010593479954290671
9.49,0.05117183077913287,-0.19102872813677463,1.3535500575566681,0.00010607776955240853
9.5,0.0492459875019827,-0.1941468675126074,1.363179162221318,0.0001062262769809021
9.51,0.04728875322972709,-0.19730706714834606,1.372796077299064,0.00010638056157220036
9.52,0.04529970313065843,-0.2005101758207608,1.3824004367192495,0.000106540873907099
9.53,0.04327840379600733,-0.20375706023002743,1.391991862833762,0.00010670747591057025
9.540000000000001,0.0412244130587596,-0.2070486053906488,1.401569966010074,0.00010688064138314158
9.55,0.03913727980852996,-0.2103857150292078,1.4111343442091273,0.00010706065655759965
9.56,0.03701654380242401,-0.21376931198893545,1.420684582547471,0.00010724782068220711
9.57,0.03486173547182066,-0.21720033864106494,1.4302202528430483,0.00010744244663169424
9.58,0.03267237572500719,-0.2206797573029291,1.4397409131440007,0.00010764486154734538
9.59,0.03044797574559992,-0.22420855066274248,1.4492461072398366,0.00010785540750753369
9.6,0.028188036786683867,-0.2277877222109937,1.458735364154285,0.00010807444223012475
9.61,0.02589204996060586,-0.23141829667835537,1.4682081976191297,0.00010830233980826723
9.620000000000001,0.023559496024356405,-0.23510132047999976,1.4776641055282944,0.00010853949148109654
9.63,0.021189845160476912,-0.23883786216618738,1.4871025693714215,0.00010878630644099276
9.64,0.01878255675343031,-0.24262901287897298,1.4965230536461587,0.00010904321267907214
9.65,0.016337079161374744,-0.2464758868148497,1.505925005248339,0.00010931065787068284
9.66,0.013852849483282,-0.2503796216931251,1.5153078528392128,0.00010958911030274064
9.67,0.011329293321344466,-0.2543413792297954,1.524671006188854,0.00010987905984480394
9.68,0.008765824538616948,-0.25836234561665256,1.5340138554948395,0.00011018101896589054
9.69,0.006161845011842474,-0.2624437320053283,1.54333577067526,0.00011049552379910978
9.700000000000001,0.003516744379414348,-0.2665867749959413,1.5526361006350957,0.00011082313525624156
9.71,0.000829899784430235,-0.27079273712997876,1.5619141725049492,0.00011116444019450716
9.72,-0.001899324387202042,-0.27506290738700073,1.5711692908510986,0.00011152005263786628
9.73,-0.004671576773642997,-0.2793986016847139,1.5804007368557957,0.00011189061505521904
9.74,-0.007487519309015487,-0.28380116338191413,1.5896077674666993,0.00011227679969803118
9.75,-0.010347827500340221,-0.288271963783747,1.5987896145142946,0.00011267930999995622
9.76,-0.013253190709532977,-0.2928124026486829,1.6079454837961151,0.00011309888204112842
9.77,-0.016204312440477403,-0.29742390869654584,1.6170745541265426,0.00011353628607990386
9.78,-0.01920191063118039,-0.3021079401168729,1.6261759763509225,0.00011399232815489669
9.790000000000001,-0.022246717951009454,-0.30686598507681817,1.6352488723226946,0.00011446785176026331
9.8,-0.025339482103003342,-0.31169956222774287,1.644292333842195,0.00011496373959727565
9.81,-0.02848096613123809,-0.3166102212095606,1.6533054215557506,0.00011548091540530666
9.82,-0.031671948733221156,-0.3215995431518258,1.6622871638136396,0.00011602034587544928
9.83,-0.03491322457727563,-0.32666914117046925,1.671236555485461,0.0001165830426500656
9.84,-0.03820560462486509,-0.33182066085899387,1.6801525567314028,0.00011717006441166917
9.85,-0.04154991645779746,-0.3370557807728481,1.6890340917278734,0.00011778251906458085
9.86,-0.04494700461023272,-0.34237621290558967,1.6978800473459037,0.00011842156601289959
9.870000000000001,-0.04839773090540505,-0.34778370315534557,1.7066892717807034,0.00011908841853840347
9.88,-0.051902974796954375,-0.3532800317799556,1.7154605731307053,0.00011978434628203773
9.89,-0.05546363371474559,-0.35886701383906444,1.7241927179243994,0.0001205106778327144
9.9,-0.05908062341503572,-0.36454649962129443,1.7328844295932193,0.00012126880342716077
9.91,-0.06275487833482993,-0.37032037505449233,1.741534386888708,0.00012206017776463668
9.92,-0.0664873519502464,-0.3761905620968943,1.750141222242161,0.00012288632294031794
9.93,-0.07027901713868796,-0.38215901910689554,1.7587035200649068,0.00012374883150114308
9.94,-0.0741308665445941,-0.3882277411889446,1.7672198149873632,0.00012464936962792888
9.950000000000001,-0.07804391294852157,-0.3943987605129039,1.7756885900349773,0.00012558968044752716
9.96,-0.0820191896392742,-0.4006741466040311,1.784108274739139,0.00012657158747870296
9.97,-0.08605775078877291,-0.40705600660053676,1.7924772431811373,0.00012759699821537473
9.98,-0.09016067182932586,-0.4135464854754624,1.800793811967218,0.00012866790785071483
9.99,-0.09432904983292446,-0.42014776621940186,1.8090562381327902,0.000129786403145483
10.0,-0.09856400389215554,-0.42686206998035187,1.8172627169738327,0.00013095466644379438
10.01,-0.10286667550228117,-0.43369165615673017,1.825411379803551,0.00013217497983926754
10.02,-0.10723822894399708,-0.4406388224393367,1.8335002916323502,0.0001334497294942824
10.03,-0.11167985166633679,-0.44770590479775657,1.841527448769212,0.00013478141011474966
10.040000000000001,-0.11619275466914204,-0.45489527740641117,1.8494907763425925,0.0001361726295824189
10.05,-0.12077817288447096,-0.4622093525051582,1.8573881257390008,0.00013762611374632292
10.06,-0.12543736555626245,-0.4696505801890161,1.8652172719574673,0.00013914471137448773
10.07,-0.13017161661751958,-0.47722144812124967,1.8729759108781836,0.00014073139926647015
10.08,-0.13498223506421536,-0.48492448116369663,1.880661656443671,0.00014238928752660963
10.09,-0.13987055532506093,-0.49276224091784004,1.8882720377509328,0.00014412162499717488
10.1,-0.1448379376262099,-0.5007373251697388,1.895804496053162,0.00014593180484976905
10.11,-0.1498857683499008,-0.5088523672315183,1.9032563816697046,0.00014782337033238284
10.120000000000001,-0.15501546038596548,-0.517110035171692,1.9106249508031394,0.0001498000206684778
10.13,-0.1602284534750507,-0.5255130309261375,1.9179073622625082,0.0001518656171032922
10.14,-0.16552621454231722,-0.5340640892810811,1.925100674091936,0.0001540241890912399
10.15,-0.17091023802029084,-0.5427659767189563,1.9322018401041114,0.0001562799406168531
10.16,-0.17638204615944625,-0.5516214901174988,1.9392077063183581,0.0001586372566400697
10.17,-0.1819431893250062,-0.5606334552919067,1.946115007303323,0.0001611007096549016
10.18,-0.18759524627833293,-0.5698047253693559,1.9529203624246356,0.00016367506634854643
10.19,-0.19333982444117992,-0.5791381789845923,1.9596202719982612,0.00016636529434582077
10.200000000000001,-0.1991785601409557,-0.5886367182847386,1.966211113350683,0.00016917656902144416
10.21,-0.2051131188350302,-0.598303266730857,1.972689136787503,0.00017211428036004002
10.22,-0.21114519531198625,-0.6081407666831885,1.979050461472552,0.00017518403984090943
10.23,-0.21727651386758498,-0.6181521767563607,1.9852910712201652,0.0001783916873214873
10.24,-0.2235088284530736,-0.6283404689302077,1.9914068102038853,0.00018174329789000677
10.25,-0.2298439227933172,-0.638708625401191,1.997393378585536,0.00018524518865420744
10.26,-0.2362836104720827,-0.6492596351587423,2.003246328069346,0.00018890392542891205
10.27,-0.24282973498164306,-0.6599964902701765,2.0089610573866175,0.00019272632928101063
10.28,-0.24948416973370255,-0.6709221818571466,2.0145328077173126,0.00019671948288565788
10.290000000000001,-0.25624881802847116,-0.6820396957459345,2.0199566580559067,0.0002008907366425261
10.3,-0.26312561297853443,-0.6933520077732014,2.025227520529895,0.00020524771449554753
10.31,-0.27011651738397935,-0.704862078728157,2.0303401356804884,0.00020979831939373355
10.32,-0.27722352355504204,-0.7165728489114579,2.0352890677162665,0.00021455073832458323
10.33,-0.28444865307834377,-0.7284872322905207,2.0400686997518913,0.00021951344684493886
10.34,-0.29179395652257517,-0.7406081102303332,2.0446732290454293,0.0002246952130271572
10.35,-0.29926151307927706,-0.7529383247782853,2.0490966622493856,0.00023010510073107854
10.36,-0.3068534301341478,-0.7654806714810215,2.0533328106922193,0.00023575247210443314
10.370000000000001,-0.31457184276408606,-0.7782378917108551,2.057375285708911,0.00024164698920611533
10.38,-0.3224189131549508,-0.7912126644788818,2.0612174940410686,0.0002477986146380934
10.39,-0.33039682993478864,-0.8044075977116145,2.0648526333291097,0.00025421761106275605
10.4,-0.33850780741704833,-0.8178252189677266,2.0682736877212573,0.00026091453947313544
10.41,-0.346754084748065,-0.8314679655713719,2.0714734236264003,0.0002679002560737518
10.42,-0.3551379249528622,-0.8453381741385421,2.0744443856403523,0.0002751859076199263
10.43,-0.3636616138730854,-0.8594380694730634,2.0771788926776593,0.0002827829250532294
10.44,-0.3723274589906467,-0.8737697528091274,2.079669034343862,0.0002907030152604279
10.450000000000001,-0.3811377881304337,-0.8883351893777223,2.0819066675860363,0.0002989581507729963
10.46,-0.39009494803520983,-0.9031361952750107,2.08388341366249,0.0003075605572138626
10.47,-0.39920130280562005,-0.9181744236115915,2.085590655475683,0.0003165226982879703
10.48,-0.40845923219801017,-0.933451349922737,2.0870195353157803,0.0003258572581033748
10.49,-0.41787112977257573,-0.9489682568211176,2.088160953065714,0.00033557712060017654
10.5,-0.4274394008841798,-0.9647262178752588,2.089005564922201,0.0003456953458558733
10.51,-0.4371664605080221,-0.980726080699038,2.089543782690875,0.0003562251430277762
10.52,-0.44705473089220554,-0.9969684492399603,2.0897657737174726,0.0003671798396863589
10.53,-0.45710663902913956,-1.0134536652567834,2.0896614615208646,0.00037857284728791163
10.540000000000001,-0.4673246139376385,-1.0301817889803229,2.0892205271976594,0.00039041762253106343
10.55,-0.47771108374753285,-1.047152578955002,2.088432411672022,0.00040272762433985035
10.56,-0.4882684725786044,-1.0643654710629378,2.0872863188683026,0.0004155162662164911
10.57,-0.4989991972057009,-1.0818195567371294,2.085771219887949,0.0004287968637101753
10.58,-0.509905663501975,-1.099513560375652,2.083875858275982,0.00044258257675443724
10.59,-0.5209902626523416,-1.1174458159747103,2.0815887564659934,0.00045688634663557147
10.6,-0.5322553671294598,-1.135614243004987,2.0788982234960973,0.00047172082736838964
10.61,-0.5437033264248221,-1.154016321562983,2.075792364091516,0.0004870983112740762
10.620000000000001,-0.5553364625278957,-1.17264906683699,2.0722590892123898,0.0005030306485783594
10.63,-0.5671570651466922,-1.1915090029360094,2.0682861281679377,0.0005195291608773307
10.64,-0.5791673866636784,-1.2105921361393444,2.0638610424001467,0.0005366045483534319
10.65,-0.5913696368215655,-1.2298939276347447,2.0589712410416614,0.0005542667906659499
10.66,-0.6037659771342447,-1.2494092658239022,2.0536039983533767,0.0005725250414895546
10.67,-0.6163585150189873,-1.2691324382857656,2.047746473147297,0.0005913875167311428
10.68,-0.6291492976469899,-1.2890571035005438,2.0413857302994134,0.0006108613765201292
10.69,-0.6421403055104409,-1.3091762624503933,2.034508764455545,0.0006309526011409759
10.700000000000001,-0.6553334457055122,-1.3294822302265743,2.0271025260301445,0.0006516658611590371
10.71,-0.6687305449320492,-1.3499666077872792,2.0191539495939033,0.0006730043820824113
10.72,-0.6823333422122493,-1.3706202540253016,2.0106499847404082,0.0006949698040032386
10.73,-0.6961434813322877,-1.3914332583201416,2.001577629515033,0.0007175620367718304
10.74,-0.7101625030126721,-1.4123949137649214,1.9919239664804973,0.0007407791113759494
10.75,-0.7243918368150953,-1.4334936912744858,1.9816762014830087,0.0007646170283250473
10.76,-0.7388327927956929,-1.4547172147971292,1.9708217051704626,0.0007890696039746454
10.77,-0.7534865529169248,-1.476052237868344,1.9593480572996933,0.0008141283158682401
10.78,-0.7683541622327555,-1.4974846217606184,1.9472430938531538,0.0008397821483222945
10.790000000000001,-0.7834365198644286,-1.5189993154984058,1.9344949569665346,0.0008660174396320121
10.8,-0.7987343697868912,-1.5405803380216654,1.9210921476476526,0.000892817732430029
10.81,-0.8142482914488275,-1.5622107627945636,1.9070235812433873,0.0009201636288847916
10.82,-0.8299786902522865,-1.5838727051677282,1.8922786455855056,0.0009480326525772102
10.83,-0.8459257879210224,-1.6055473128125004,1.8768472617178755,0.0009763991190403713
10.84,-0.8620896127898948,-1.6272147595536133,1.860719947076914,0.001005234017084336
10.85,-0.8784699900509708,-1.6488542429322437,1.8438878809641952,0.0010345049031523323
10.86,-0.8950665319953018,-1.6704439858340634,1.8263429721151314,0.0010641758110619634
10.870000000000001,-0.9118786282927007,-1.6919612425163584,1.808077928130713,0.0010942071795711672
10.88,-0.9289054363551617,-1.7133823093640979,1.7890863265007042,0.0011245558002685907
10.89,-0.946145871832831,-1.7346825406966273,1.7693626869067673,0.00115517478831727
10.9,-0.9635985992945931,-1.7558363699340538,1.7489025444530963,0.0011860135785741895
10.91,-0.9812620231483414,-1.7768173364150472,1.7277025234307324,0.0012170179495616129
10.92,-0.9991342788588189,-1.7975981181353697,1.7057604111803315,0.0012481300776744806
10.93,-1.0172132245234662,-1.8181505706487027,1.683075231577328,0.0012792886238674251
10.94,-1.035496432868974,-1.83844577233806,1.659647317623849,0.0013104288548717344
10.950000000000001,-1.0539811837331248,-1.858454076227111,1.6354783825940704,0.001341482800743599
10.96,-1.072664457097988,-1.8781451684560322,1.610571589144751,0.0013723794502383075
10.97,-1.0915429267415269,-1.8974881334961087,1.5849316157712103,0.0014030449851401227
10.98,-1.1106129545751477,-1.9164515261213475,1.558564719961888,0.0014334030542542506
10.99,-1.1298705857345974,-1.9350034500941324,1.5314787973826731,0.0014633750872877931
11.0,-1.1493115444908617,-1.9531116434558071,1.5036834364062874,0.0014928806483143998
11.01,-1.1689312310462765,-1.9707435702425733,1.475189967292967,0.0015218378279373745
11.02,-1.1887247192788994,-1.987866518372875,1.4460115053273297,0.0015501636726454391
11.03,-1.2086867554952652,-2.004447703375319,1.41616298722336,0.0015777746492031833
11.040000000000001,-1.2288117582479487,-2.0204543775470913,1.3856612001255488,0.0016045871412447904
11.05,-1.2490938192698566,-2.035853944052821,1.3545248025599383,0.0016305179745574568
11.06,-1.269526705571867,-2.0506140753941358,1.3227743367245541,0.0016554849668638954
11.07,-1.2901038627443522,-2.064702835601961,1.2904322315546999,0.001679407497256596
11.08,-1.3108184194962529,-2.0780888054283966,1.2575227960549458,0.001702207089816173
11.09,-1.3316631934577912,-2.0907412097440963,1.2240722024562292,0.0017238080053787082
11.1,-1.352630698264627,-2.102630046281985,1.190108458832981,0.0017441378349201011
11.11,-1.3737131519323866,-2.11372621481031,1.1556613709010484,0.001763128087614426
11.120000000000001,-1.394902486521059,-2.124001645768839,1.1207624928116287,0.0017807147663141572
11.13,-1.4161903590788942,-2.1334294273628354,1.0854450668584734,0.0017968389230075565
11.14,-1.437568163845233,-2.141983930081497,1.0497439521240135,0.001811447186743103
11.15,-1.4590270456812746,-2.1496409275918866,1.0136955422034255,0.0018244922565829906
11.16,-1.4805579146872792,-2.156377712956923,0.9773376722623479,0.0018359333523635124
11.17,-1.5021514619542256,-2.1621732091374133,0.9407095158022373,0.0018457366164017545
11.18,-1.5237981763876693,-2.1670080727637977,0.9038514716253224,0.0018538754597954045
11.19,-1.5454883625315876,-2.170864790203403,0.8668050416068086,0.0018603308476097123
11.200000000000001,-1.5672121593105133,-2.17372776500345,0.8296126999933899,0.0018650915180240541
11.21,-1.5889595595993984,-2.175583395858352,0.7923177550522504,0.0018681541314072528
11.22,-1.6107204305225271,-2.176420144331296,0.7549642039916228,0.0018695233462885821
11.23,-1.632484534375553,-2.1762285916536346,0.7175965821607923,0.0018692118202705617
11.24,-1.6542415500584906,-2.175001484029985,0.6802598076125066,0.001867240135067119
11.25,-1.6759810949023266,-2.172733765990552,0.6429990221725872,0.0018636366460213342
11.26,-1.6976927467679308,-2.1694226014532783,0.6058594302089061,0.0018584372576346268
11.27,-1.7193660662932075,-2.165067382285081,0.5688861363238265,0.001851685127796532
11.28,-1.7409906191629627,-2.1596697242815055,0.5321239832100442,0.0018434303045145148
11.290000000000001,-1.7625559982758163,-2.153233450615508,0.49561739090918483,0.0018337292999810375
11.3,-1.7840518456836505,-2.1457645629365425,0.4594101986954921,0.0018226446077563528
11.31,-1.8054678741815327,-2.1372712004284846,0.4235455107738319,0.0018102441696695383
11.32,-1.826793888429759,-2.1277635872571348,0.388065546932677,0.0017966007997293474
11.33,-1.8480198054945487,-2.117253968953047,0.35301149922969455,0.0017817915728766094
11.34,-1.8691356746999177,-2.1057565383815184,0.3184233957112732,0.001765897186791916
11.35,-1.8901316966902664,-2.0932873520470983,0.2843399720792722,0.001749001305190821
11.36,-1.9109982416111162,-2.0798642375636183,0.2507985521201485,0.001731189891093363
11.370000000000001,-1.9317258663241055,-2.065506693191447,0.21783493760525066,0.0017125505384491873
11.38,-1.9523053305816693,-2.050235780400642,0.1854833082584186,0.0016931718102416353
11.39,-1.9727276120966386,-2.0340740104614405,0.15377613227010678,0.00167314259079591
11.4,-1.9929839204521655,-2.017045226091905,0.12274408771807092,0.001652551459492049
11.41,-2.0130657098077576,-1.9991744792066595,0.09241599513521297,0.0016314860924510819
11.42,-2.03296469036766,-1.9804879058108376,0.06281876134736142,0.0016100326980410078
11.43,-2.052672838588209,-1.9610125990703418,0.03397733458935436,0.0015882754912590624
11.44,-2.0721824061109717,-1.940776481564031,0.005914670798410539,0.0015662962112093213
11.450000000000001,-2.091485927418376,-1.9198081776866525,-0.021348289119142782,0.0015441736850303725
11.46,-2.110576226217983,-1.8981368871243514,-0.047792631346936426,0.0015219834407575513
11.47,-2.129446420570515,-1.8757922602687707,-0.07340147092908418,0.0014997973707461857
11.48,-2.1480899267850866,-1.852804276372493,-0.09815994371484954,0.0014776834464544273
11.49,-2.166500462112787,-1.8292031251792968,-0.12205518900711051,0.0014557054846009475
11.5,-2.184672046276716,-1.805019092688867,-0.1450763235008693,0.0014339229639871239
11.51,-2.202599001882805,-1.780282451638628,-0.16721440714414423,0.0014123908916156744
11.52,-2.220275953761167,-1.755023357206623,-0.18846240158924757,0.0013911597161556427
11.53,-2.2376978272923886,-1.7292717483601363,-0.20881512192795332,0.0013702752863021576
11.540000000000001,-2.2548598457770126,-1.7030572551962473,-0.22826918241980693,0.0013497788511615272
11.55,-2.271757526909535,-1.6764091125437721,-0.24682293692937518,0.0013297070994586708
11.56,-2.2883866784205766,-1.649356080022063,-0.2644764147862376,0.0013100922341126452
11.57,-2.3047433929524734,-1.6219263686816947,-0.281231252771729,0.0012909620785543172
11.58,-2.3208240422344573,-1.5941475742858588,-0.2970906239196618,0.0012723402110631937
11.59,-2.336625270623864,-1.5660466172298526,-0.31205916379533905,0.0012542461233721921
11.6,-2.3521439880795074,-1.537649689039795,-0.32614289488897674,0.0012366953998230298
11.61,-2.3673773626324954,-1.5089822053409054,-0.33934914972705704,0.0012196999134434323
11.620000000000001,-2.382322812418451,-1.4800687651405209,-0.35168649326898016,0.0012032680354530233
11.63,-2.3969779973333414,-1.4509331162315358,-0.36316464511748775,0.0011874048548796388
11.64,-2.411340810373006,-1.4215981264881028,-0.3737944020304697,0.0011721124051742012
11.65,-2.4254093687140443,-1.3920857607970996,-0.38358756117965875,0.0011573898949429199
11.66,-2.4391820045910393,-1.3624170633458423,-0.3925568445590216,0.001143233940163578
11.67,-2.452657256022208,-1.3326121449685604,-0.4007158249029686,0.0011296387955111037
11.68,-2.4658338574325183,-1.3026901752409281,-0.4080788534323479,0.0011165965826813859
11.69,-2.4787107302201634,-1.272669379003138,-0.41466098970502907,0.0011040975138657668
11.700000000000001,-2.491286973309059,-1.2425670369872222,-0.42047793380809456,0.001092130108787389
11.71,-2.5035618537267785,-1.212399490223215,-0.4255459610905778,0.0010806814039612366
11.72,-2.515534797244097,-1.182182147900888,-0.42988185959956365,0.0010697371530785918
11.73,-2.5272053791090987,-1.1519294983688162,-0.4335028703485059,0.0010592820176420108
11.74,-2.5385733149056646,-1.1216551229600347,-0.43642663051495845,0.0010492997471863055
11.75,-2.549638451563091,-1.0913717123431943,-0.43867111963565697,0.0010397733486136546
11.76,-2.5604007585406356,-1.0610910851095146,-0.4402546088400732,0.001030685244345877
11.77,-2.570860319207949,-1.0308242083186834,-0.44119561313920874,0.0010220174191535752
11.78,-2.581017322439664,-1.0005812197408228,-0.4415128467644666,0.001013751555660875
11.790000000000001,-2.590872054439839,-0.9703714515464534,-0.4412251815318931,0.0010058691586455788
11.8,-2.600424890809571,-0.940203455211797,-0.4403516081898303,0.0009983516683586813
11.81,-2.6096762888688234,-0.910085027422513,-0.43891120069297346,0.0009911805631752668
11.82,-2.6186267802414416,-0.8800232367748705,-0.4369230833328657,0.0009843374519615618
11.83,-2.6272769637103877,-0.8500244510892363,-0.4344064006438679,0.0009778041566015502
11.84,-2.6356274983484616,-0.8200943651664404,-0.43138028999447153,0.0009715627851722779
11.85,-2.64367909692815,-0.7902380288329522,-0.4278638567663544,0.0009655957962909414
11.86,-2.651432519612787,-0.7604598751357302,-0.42387615201765383,0.0009598860551802248
11.870000000000001,-2.6588885679298833,-0.7307637485620213,-0.4194361525224282,0.000954416882012405
11.88,-2.666048079026314,-0.7011529331731992,-0.41456274307504576,0.0009491720930986351
11.89,-2.672911920204,-0.6716301805548947,-0.409274700946148,0.0009441360354885044
11.9,-2.679480983733813,-0.6421977374981408,-0.4035906823757583,0.0009392936155376695
11.91,-2.6857561819446336,-0.612857373338008,-0.3975292109889151,0.0009346303219890054
11.92,-2.691738442583823,-0.5836104068872165,-0.3911086680197902,0.0009301322440961072
11.93,-2.6974287044447793,-0.5544577329124876,-0.384347284231497,0.0009257860852979216
11.94,-2.7028279132567925,-0.5253998481109299,-0.37726313342059514,0.0009215791729307854
11.950000000000001,-2.707937017832017,-0.4964368765525613,-0.3698741273975666,0.000917499464439413
11.96,-2.712756966464089,-0.46756859456315963,-0.36219801233718396,0.0009135355505223434
11.97,-2.717288703572697,-0.438794455029038,-0.35425236639563734,0.0009096766556203735
11.98,-2.721533166588256,-0.4101136111120737,-0.34605459849445847,0.0009059126361289881
11.99,-2.7254912830707587,-0.3815249393694147,-0.3376219481746158,0.0009022339766882163
12.0,-2.7291639680568442,-0.3530270622777744,-0.3289714864275948,0.0008986317848758371
12.01,-2.732552121629151,-0.3246183701671303,-0.32012011741376994,0.0008950977846028723
12.02,-2.73565662670209,-0.29629704257300216,-0.3110845809818795,0.0008916243084838696
12.030000000000001,-2.738478347018288,-0.2680610690203308,-0.30188145590688154,0.00088820428942881
12.040000000000001,-2.741018125350093,-0.23990826925533643,-0.29252716376687865,0.0008848312516787844
12.05,-2.743276781900716,-0.21183631294464356,-0.2830379733831093,0.0008814993014837531
12.06,-2.745255112899795,-0.1838427388634415,-0.27343000575019494,0.0008782031175979272
12.07,-2.7469538893883794,-0.15592497359653743,-0.26371923938688696,0.0008749379417466289
12.08,-2.748373856188597,-0.12808034977787636,-0.25392151604045277,0.0008716995691977774
12.09,-2.749515731053522,-0.10030612389547801,-0.24405254668056717,0.0008684843395514661
12.1,-2.7503802039930334,-0.07259949368979374,-0.2341279177211233,0.0008652891278424819
12.11,-2.750967936771746,-0.044957615174242474,-0.22416309741073573,0.0008621113360328466
12.120000000000001,-2.751279562575376,-0.017377619307159246,-0.21417344233487748,0.0008589488849546675
12.13,-2.751315685842209,0.010143371655396811,-0.20417420397456523,0.0008558002067475636
12.14,-2.7510768822566236,0.037608228096561835,-0.19418053526828646,0.0008526642378197185
12.15,-2.7505636989019133,0.06501979723616767,-0.18420749712544723,0.0008495404123470599
12.16,-2.749776654569957,0.09238088756016519,-0.1742700648410161,0.0008464286563111673
12.17,-2.7487162402255483,0.11969425345401197,-0.16438313436225052,0.0008433293820631417
12.18,-2.7473829196234854,0.14696258001296897,-0.15456152835942646,0.0008402434833878126
12.19,-2.745777130076783,0.17418846800335047,-0.14482000205335532,0.00083717233103022
12.200000000000001,-2.743899283374618,0.20137441895006358,-0.13517324875317643,0.0008341177686342182
12.21,-2.7417497668488675,0.22852282032725388,-0.12563590505846814,0.0008310821090312968
12.22,-2.7393289445883164,0.25563593083054,-0.11622255568013726,0.0008280681308062367
12.23,-2.7366371587998137,0.28271586571117246,-0.10694773783484138,0.0008250790750549252
12.24,-2.733674731315855,0.3097645821544892,-0.09782594516788384,0.0008221186422386177
12.25,-2.730441965248224,0.33678386468726373,-0.08887163115961387,0.0008191909890280653
12.26,-2.7269391467874677,0.3637753106009547,-0.08009921197038314,0.0008163007250202158
12.27,-2.7231665471481112,0.39074031538046783,-0.07152306867907239,0.0008134529091997136
12.280000000000001,-2.719124424659582,0.4176800581308363,-0.06315754887012907,0.0008106530460071178
12.290000000000001,-2.7148130270029034,0.4445954869972181,-0.055016967523970645,0.0008079070808656834
12.3,-2.7102325935932283,0.47148730457679816,-0.04711560716553216,0.0008052213950088372
12.31,-2.7053833581082856,0.49835595332457444,-0.039467717225695365,0.0008026027994410315
12.32,-2.7002655511627784,0.5252016009586014,-0.03208751257035669,0.0008000585278556793
12.33,-2.6948794031286973,0.5520241258740606,-0.02498917115200124,0.0007975962283255258
12.34,-2.6892251471013915,0.5788231025795316,-0.01818683073887855,0.0007952239535729921
12.35,-2.683303022011097,0.6055977871730378,-0.0116945846772551,0.0007929501496210718
12.36,-2.6771132758794143,0.632347102879845,-0.005526476642780601,0.0007907836426193634
12.370000000000001,-2.670656169219993,0.6590696256785866,0.00030350566221570233,0.0007887336236349855
12.38,-2.663931978582381,0.6857635700470708,0.005781437907650726,0.00078680963119453
12.39,-2.6569410002376737,0.7124267748640795,0.01089346767166651,0.000785021531361233
12.4,-2.649683554004187,0.7390566895085908,0.015625824152846364,0.0007833794951313343
12.41,-2.6421599872109667,0.7656503602031157,0.019964829095839864,0.0007818939729353222
12.42,-2.6343706787964245,0.7922044166532244,0.0238969089651526,0.0007805756660339225
12.43,-2.626316043538861,0.8187150590408242,0.027408608398998596,0.0007794354946052303
12.44,-2.6179965364150273,0.8451780454342978,0.03048660497177443,0.0007784845623288041
12.450000000000001,-2.609412657082217,0.8715886796841948,0.03311772528985708,0.0007777341172851941
12.46,-2.6005649544786644,0.8979417998787482,0.035288962441015745,0.0007771955090051546
12.47,-2.5914540315362626,0.9242317674390054,0.03698749481272718,0.0007768801415224881
12.48,-2.582080549998774,0.9504524569387881,0.03820070628906341,0.0007767994223079311
12.49,-2.572445235337846,0.9765972467399487,0.0389162078295506,0.000776964706989105
12.5,-2.562548881758201,1.0026590105384252,0.03912186042645609,0.0007773872397936539
12.51,-2.5523923572823946,1.028630109921336,0.03880579942932699,0.0007780780896891878
12.52,-2.541976608904515,1.0545023880397286,0.03795646021726694,0.0007790480822349318
12.530000000000001,-2.5313026678011252,1.0802671645055177,0.03656260519039065,0.0007803077272058566
12.540000000000001,-2.520371654586651,1.105915231624536,0.034613352042143476,0.0007818671421008181
12.55,-2.5091847845992783,1.1314368520803888,0.03209820326372502,0.0007837359717015845
12.56,-2.497743373202275,1.156821758185849,0.029007076820736007,0.0007859233039094101
12.57,-2.486048841084468,1.182059152819759,0.025330337930408443,0.0007884375821498904
12.58,-2.4741027195424317,1.2071377121677258,0.021058831855427253,0.0007912865147046924
12.59,-2.461906655725759,1.2320455903841974,0.016183917617465918,0.0007944769814000193
12.6,-2.449462417825622,1.2567704262916974,0.01069750252021273,0.000798014938155529
12.61,-2.4367719001856845,1.2812993522299752,0.004592077357946525,0.000801905319973315
12.620000000000001,-2.4238371283133144,1.305619005163498,-0.0021392478282656387,0.0008061519430234992
12.63,-2.410660263768005,1.3297155401500051,-0.009502707598811177,0.0008107574065597865
12.64,-2.3972436089028997,1.3535746462656482,-0.017503844734426226,0.0008157229954742167
12.65,-2.3835896114344184,1.3771815650735248,-0.026147473805963682,0.0008210485843733974
12.66,-2.3697008688141574,1.4005211117120973,-0.0354376448889652,0.0008267325441278687
12.67,-2.3555801323765317,1.4235776986680344,-0.04537760763019138,0.000832771651910153
12.68,-2.341230311235048,1.44633536228442,-0.05596977588581134,0.0008391610057935785
12.69,-2.3266544758996632,1.4687777920400058,-0.06721569316261788,0.0008458939450320404
12.700000000000001,-2.3118558615874107,1.4908883626183023,-0.07911599910420432,0.0008529619771781688
12.71,-2.296837871198375,1.5126501687668161,-0.09167039727329179,0.0008603547132224708
12.72,-2.2816040779291975,1.5340460629267567,-0.10487762448910921,0.0008680598119472849
12.73,-2.266158227496596,1.5550586955921286,-0.11873542198467536,0.0008760629346848092
12.74,-2.2505042399438997,1.5756705583344468,-0.13324050865279488,0.0008843477116471007
12.75,-2.2346462110043652,1.5958640294055195,-0.14838855665134268,0.000892895720956238
12.76,-2.218588412996032,1.6156214218060299,-0.16417416963777445,0.0009016864814434065
12.77,-2.2023352952241244,1.6349250336822392,-0.18059086389958035,0.0009106974602062954
12.780000000000001,-2.1858914838685184,1.653757200887295,-0.1976310526414327,0.0009199040958141592
12.790000000000001,-2.1692617813355493,1.6721003515176263,-0.21528603368093197,0.0009292798379288438
12.8,-2.152451165055467,1.6899370622090706,-0.2335459807930238,0.0009387962039687453
12.81,-2.135464785709127,1.7072501159520226,-0.2523999389282785,0.0009484228532818174
12.82,-2.1183079648700236,1.7240225611603814,-0.2718358235122644,0.0009581276791141027
12.83,-2.1009861920505655,1.7402377717057582,-0.2918404240122281,0.0009678769184643065
12.84,-2.0835051211444604,1.755879507606667,-0.31239941193328247,0.0009776352797043596
12.85,-2.0658705662603056,1.7709319760426225,-0.3334973533794138,0.0009873660876236706
12.86,-2.048088496944851,1.785379892345589,-0.3551177262850203,0.0009970314453239617
12.870000000000001,-2.0301650327979677,1.7992085406063985,-0.37724294239060807,0.0010065924121556978
12.88,-2.012106437485032,1.8124038335219441,-0.39985437400196194,0.0010160091966503531
12.89,-1.9939191121562256,1.8249523711004407,-0.4229323855359121,0.0010252413631689377
12.9,-1.9756095882861084,1.836841497837108,-0.44645636981808723,0.0010342480507610895
12.91,-1.9571845199507003,1.8480593579715097,-0.47040478905920513,0.0010429882025147533
12.92,-1.938650675563194,1.8585949484406363,-0.4947552203969453,0.0010514208034789268
12.93,-1.9200149290932405,1.8684381691487921,-0.5194844058507553,0.001059505125065235
12.94,-1.9012842507984895,1.8775798701864943,-0.5445683064975702,0.0010672009736822988
12.950000000000001,-1.8824656975006735,1.8860118956459142,-0.5699821606378873,0.0010744689412340545
12.96,-1.8635664024419498,1.893727123699825,-0.5957005456844621,0.001081270655022296
12.97,-1.8445935647604383,1.90071950263443,-0.6216974434705912,0.0010875690245378666
12.98,-1.825554438626849,1.90698408255363,-0.6479463086420403,0.0010933284826058374
12.99,-1.8064563220867738,1.9125170425029827,-0.6744201397666199,0.0010985152183693252
13.0,-1.7873065456555624,1.9173157127954683,-0.701091552768681,0.0011030973996546804
13.01,-1.7681124607147032,1.9213785923578324,-0.7279328562727754,0.0011070453823574075
13.02,-1.748881427760246,1.9247053609552796,-0.7549161284217678,0.0011103319046222148
13.030000000000001,-1.7296208045550276,1.927296886193149,-0.782013294720083,0.0011129322637601293
13.040000000000001,-1.7103379342372584,1.929155225236413,-0.8091962064427455,0.0011148244740478606
13.05,-1.6910401334384115,1.9302836212308379,-0.8364367191455782,0.001115989403786025
13.06,-1.6717346804632967,1.9306864944528852,-0.8637067708114428,0.001116410890249599
13.07,-1.6524288035847168,1.9303694282583403,-0.8909784591717417,0.0011160758314408515
13.08,-1.6331296695041966,1.92933914994167,-0.9182241177514697,0.0011149742538475527
13.09,-1.6138443720289426,1.9276035066587,-0.9454163901997724,0.0011130993557115568
13.1,-1.5945799210134803,1.9251714366038344,-0.9725283024860035,0.0011104475256195534
13.11,-1.5753432316123115,1.9220529356692546,-0.9995333325634,0.0011070183365333144
13.120000000000001,-1.5561411138874972,1.9182590198468747,-1.0264054771283586,0.0011028145156754992
13.13,-1.536980262812306,1.9138016836639378,-1.0531193151325062,0.0010978418909740207
13.14,-1.5178672487090261,1.9086938549696695,-1.0796500677368719,0.0010921093150380286
13.15,-1.4988085081557465,1.9029493464131189,-1.1059736544320002,0.0010856285678874705
13.16,-1.4798103353934149,1.8965828039710015,-1.1320667450843116,0.0010784142398823195
13.17,-1.460878874260817,1.8896096528989081,-1.1579068077068864,0.001070483596493394
13.18,-1.4420201106813304,1.8820460414895845,-1.1834721517916085,0.0010618564267220725
13.19,-1.4232398657214382,1.8739087830281425,-1.2087419670787438,0.001052554877109417
13.200000000000001,-1.4045437892370718,1.865215296336093,-1.2336963576790339,0.0010426032733750678
13.21,-1.385937354119943,1.8559835452941473,-1.258316371501796,0.0010320279317927476
13.22,-1.3674258511521495,1.8462319777279788,-1.2825840249798746,0.0010208569624424783
13.23,-1.349014384473542,1.8359794640318379,-1.3064823231181795,0.0010091200664811145
13.24,-1.330707867662649,1.8252452358923192,-1.3299952749266182,0.0009968483295438404
13.25,-1.3125110204284114,1.8140488254590215,-1.3531079043301335,0.000984074013332262
13.26,-1.2944283659066003,1.8024100052906529,-1.3758062566780567,0.0009708303473621715
13.27,-1.2764642285516012,1.7903487293846736,-1.3980774010018253,0.000957151322738816
13.280000000000001,-1.2586227326112858,1.777885075576205,-1.419909428194152,0.0009430714897029238
13.290000000000001,-1.2409078011699455,1.7650391895680466,-1.4412914453038264,0.0009286257605500986
13.3,-1.2233231557417736,1.7518312308285995,-1.4622135661584394,0.0009138492193726995
13.31,-1.2058723163951375,1.738281320568668,-1.4826668985423963,0.0008987769399105212
13.32,-1.1885586023859074,1.7244094919818362,-1.5026435281696648,0.0008834438126279503
13.33,-1.1713851332763945,1.7102356429067425,-1.5221364996998625,0.0008678843819634407
13.34,-1.1543548305149944,1.6957794910433974,-1.5411397950525887,0.0008521326945255979
13.35,-1.137470419450443,1.6810605318299994,-1.559648309278526,0.0008362221588412487
13.36,-1.120734431753653,1.6660979990617404,-1.577657824246895,0.0008201854170969663
13.370000000000001,-1.1041492082194015,1.6509108283091063,-1.5951649804075385,0.0008040542291590049
13.38,-1.0877169019196855,1.6355176231703235,-1.612167246882441,0.0007878593690088614
13.39,-1.0714394816803174,1.619936624371079,-1.6286628901360467,0.0007716305335944251
13.4,-1.0553187358523093,1.6041856817045486,-1.64465094146655,0.0007553962639709754
13.41,-1.039356276349753,1.5882822287862177,-1.6601311635516292,0.0007391838784927044
13.42,-1.0235535429262501,1.5722432605810508,-1.6751040162720632,0.0007230194177148458
13.43,-1.0079118076624416,1.5560853136452715,-1.6895706220255682,0.000706927600578919
13.44,-0.9924321796378395,1.5398244490114157,-1.7035327307311965,0.0006909317913788217
13.450000000000001,-0.9771156097609339,1.523476237633375,-1.7169926847119676,0.0006750539769438907
13.46,-0.9619628957324362,1.5070557482978448,-1.7299533836302434,0.0006593147534255581
13.47,-0.9469746871174981,1.4905775378998969,-1.7424182496368832,0.0006437333220364641
13.48,-0.9321514905038082,1.4740556439732344,-1.7543911928815903,0.0006283274930645073
13.49,-0.9174936747235903,1.4575035793599984,-1.7658765775182426,0.0006131136974679622
13.5,-0.9030014761187022,1.4409343289006933,-1.7768791883255026,0.0005981070053508522
13.51,-0.8886750038292436,1.4243603480217992,-1.787404198049768,0.0005833211506194915
13.52,-0.8745142450873169,1.4077935630968377,-1.7974571355646332,0.0005687685611301497
13.530000000000001,-0.8605190704988308,1.3912453734559613,-1.8070438549285899,0.0005544603936535195
13.540000000000001,-0.8466892392974844,1.3747266549194463,-1.8161705054107575,0.0005404065730030203
13.55,-0.8330244045563128,1.3582477647316724,-1.8248435025430836,0.0005266158346999994
13.56,-0.8195241183433962,1.34181854777418,-1.8330695002467063,0.000513095770578846
13.57,-0.8061878368095404,1.3254483439391014,-1.8408553640700935,0.0004998528767679692
13.58,-0.793014925196902,1.3091459965475734,-1.8482081455671604,0.0004868926035178014
13.59,-0.7800046627586719,1.2929198617015631,-1.8551350578348522,0.00047421940638382493
13.6,-0.7671562475810229,1.2767778184617893,-1.8616434522216547,0.00046183679831038956
13.61,-0.7544688012995765,1.2607272797490172,-1.8677407962111656,0.0004497474021991162
13.620000000000001,-0.7419413737036509,1.2447752038708755,-1.873434652478207,0.00043795300358382555
13.63,-0.7295729472225011,1.228928106581402,-1.8787326591089772,0.0004264546030713649
13.64,-0.7173624412886676,1.2131920735857347,-1.8836425109713957,0.0004152524682441822
13.65,-0.705308716574397,1.1975727734076405,-1.888171942217071,0.0004043461847559416
13.66,-0.6934105790978972,1.1820754705428824,-1.8923287098921935,0.0003937347063852493
13.67,-0.6816667841969295,1.1667050388267173,-1.8961205786310689,0.0003834164038448279
13.68,-0.6700760403679351,1.1514659749490386,-1.8995553064029769,0.00037338911217382493
13.69,-0.6586370129695293,1.1363624120558198,-1.902640631280467,0.00036365017656938203
13.700000000000001,-0.6473483277897863,1.1213981333805192,-1.9053842591951176,0.00035419649654012757
13.71,-0.6362085744772779,1.1065765858539696,-1.9077938526451066,0.00034502456828863786
13.72,-0.6252163098363154,1.0919008936459675,-1.9098770203176543,0.0003361305252524029
13.73,-0.6143700609872975,1.077373871596279,-1.9116413075884735,0.0003275101767532196
13.74,-0.6036683283934596,1.0629980384970845,-1.9130941878597492,0.0003191590447234227
13.75,-0.5931095887556845,1.048775630192981,-1.9142430546978575,0.000311072398493971
13.76,-0.5826922977773524,1.034708612468537,-1.9150952147319709,0.0003032452876441036
13.77,-0.572414892801488,1.0207986936970608,-1.915657881274873,0.0002956725729253431
13.780000000000001,-0.5622757953227114,1.0070473372276751,-1.9159381686276826,0.00028834895528402475
13.790000000000001,-0.5522734133767095,0.9934557734910158,-1.9159430870307381,0.00028126900301631995
13.8,-0.5424061438101283,0.9800250118068704,-1.9156795382236067,0.00027442717709816225
13.81,-0.5326723744339378,0.9667558518798617,-1.9151543115780136,0.00026781785473958196
13.82,-0.5230704860634484,0.9536488949718557,-1.9143740807684446,0.00026143535121877804
13.83,-0.5135988544482577,0.9407045547421543,-1.9133454009462094,0.0002552739400559999
13.84,-0.504255852095485,0.9279230677487105,-1.9120747063838703,0.0002493278715910366
13.85,-0.49503984998970973,0.9153045036055969,-1.910568308558115,0.0002435913900309022
13.86,-0.485949219213067,0.9028487747937751,-1.9088323946403667,0.00023805874903626731
13.870000000000001,-0.47698233246897437,0.890555646123854,-1.9068730263656728,0.00023272422591644204
13.88,-0.46813756551297175,0.8784247438510079,-1.9046961392516848,0.00022758213450328098
13.89,-0.459413298494145,0.8664555644435575,-1.9023075421408118,0.00022262683677438334
13.9,-0.45080791721058494,0.8546474830078993,-1.8997129170399136,0.00021785275329552179
13.91,-0.44231981428230027,0.8429997613735218,-1.8969178192331655,0.00021325437255125538
13.92,-0.4339473902449603,0.8315115558427776,-1.8939276776449836,0.00020882625923144537
13.93,-0.42568905456779427,0.8201819246108815,-1.8907477954311334,0.00020456306153980052
13.94,-0.4175432265989136,0.8090098348623156,-1.8873833507773556,0.00020045951758869667
13.950000000000001,-0.40950833644126033,0.7979941695504168,-1.8838393978860244,0.00019651046094253203
13.96,-0.40158282576231363,0.787133733867433,-1.8801208681324961,0.00019271082536959793
13.97,-0.3937651485406111,0.7764272614127604,-1.8762325713739278,0.00018905564886014697
13.98,-0.38605377175206373,0.7658734200674173,-1.8721791973944089,0.0001855400769658961
13.99,-0.37844717599896,0.755470817583089,-1.867965317471293,0.00018215936551370493
14.0,-0.37094385608447134,0.7452180068942872,-1.8635953860486052,0.00017890888274365557
14.01,-0.36354232153538424,0.7351134911623235,-1.8590737425043564,0.00017578411091921542
14.02,-0.35624109707569673,0.7251557285598934,-1.8544046129995047,0.0001727806474546337
14.030000000000001,-0.3490387230536294,0.7153431368051258,-1.849592112397175,0.0001698942056022272
14.040000000000001,-0.3419337558245112,0.70567409745396,-1.844640246241575,0.0001671206147397529
14.05,-0.3349247680919135,0.6961469599596884,-1.8395529127868295,0.00016445582029564154
14.06,-0.328010349209316,0.6867600455084444,-1.834333905066704,0.0001618958833475461
14.07,-0.32118910544450163,0.677511650639324,-1.8289869129968894,0.00015943697992736296
14.08,-0.31445966020879185,0.6684000506577187,-1.823515525502192,0.00015707540006370965
14.09,-0.30782065425314653,0.6594235028502984,-1.8179232326615957,0.00015480754659071046
14.1,-0.3012707458330719,0.6505802495099295,-1.812213427864761,0.00015262993374993587
14.11,-0.29480861084419535,0.6418685207786418,-1.8063894099740767,0.00015053918561040326
14.120000000000001,-0.2884329429302873,0.6332865373165704,-1.8004543854869086,0.00014853203432967243
14.13,-0.2821424535654315,0.6248325128046085,-1.7944114706931744,0.00014660531827735836
14.14,-0.27593587211196874,0.6165046562882931,-1.7882636938238359,0.00014475598004068851
14.15,-0.26981194585576507,0.6083011743702408,-1.782013997186326,0.0001429810643301712
14.16,-0.2637694400202832,0.6002202732582282,-1.7756652392833288,0.00014127771580194241
14.17,-0.257807137760866,0.592260160675792,-1.7692201969117038,0.00013964317681197574
14.18,-0.251923840140574,0.5844190476419974,-1.762681567238691,0.00013807478511602085
14.19,-0.24611836608885196,0.5766951501268,-1.756051969852856,0.00013656997152787777
14.200000000000001,-0.2403895523442383,0.5690866905881998,-1.7493339487875337,0.00013512625754750213
14.21,-0.23473625338226906,0.5615918993971603,-1.7425299745148044,0.00013374125296932647
14.22,-0.22915734132966953,0.5542090161560432,-1.7356424459082929,0.00013241265348017667
14.23,-0.22365170586587105,0.5469362909160904,-1.728673692173317,0.0001311382382552427
14.24,-0.21821825411283552,0.5397719852992625,-1.7216259747431304,0.00012991586755967718
14.25,-0.2128559105141182,0.5327143735295352,-1.714501489140204,0.00012874348036260176
14.26,-0.20756361670405007,0.5257617433785402,-1.707302366801674,0.00012761909196954319
14.27,-0.20234033136787227,0.5189123970302346,-1.7000306768682558,0.0001265407916786214
14.280000000000001,-0.19718503009361008,0.5121646518690817,-1.692688427936074,0.00012550674046520074
14.290000000000001,-0.19209670521642944,0.50551684119603,-1.6852775697710038,0.00012451516869911773
14.3,-0.18707436565617772,0.49896731487638896,-1.6777999949852422,0.00012356437389803439
14.31,-0.18211703674876964,0.49251443992351346,-1.6702575406759523,0.0001226527185200018
14.32,-0.17722376007204196,0.48615660102203184,-1.6626519900259222,0.00012177862779788062
14.33,-0.17239359326666298,0.4798922009941782,-1.654985073866279,0.00012094058761778684
14.34,-0.16762560985264915,0.4737196612126221,-1.6472584722013885,0.00012013714244341398
14.35,-0.16291889904200735,0.46763742196302865,-1.6394738156961424,0.00011936689328772462
14.36,-0.15827256554799,0.4616439427594231,-1.63163268712591,0.00011862849573317817
14.370000000000001,-0.15368572939142025,0.45573770261528734,-1.6237366227894903,0.00011792065800137852
14.38,-0.149157525704516,0.4499172002731683,-1.61578711388546,0.00011724213907279737
14.39,-0.14468710453261394,0.4441809543954408,-1.6077856078523542,0.0001165917468569776
14.4,-0.1402736306341701,0.4385275037187336,-1.5997335096731689,0.00011596833641340114
14.41,-0.1359162832793874,0.4329554071743985,-1.5916321831447047,0.00011537080822306595
14.42,-0.13161425604779925,0.42746324397728086,-1.5834829521123082,0.00011479810651060105
14.43,-0.12736675662511468,0.4220496136849313,-1.575287101670592,0.00011424921761663375
14.44,-0.12317300659961077,0.41671313622928574,-1.5670458793307425,0.0001137231684199949
14.450000000000001,-0.11903224125833786,0.41145245192273316,-1.5587604961550379,0.000113219024809211
14.46,-0.11494370938338462,0.40626622144038854,-1.5504321278592241,0.00011273589020265922
14.47,-0.11090667304843205,0.40115312578028767,-1.5420619158833997,0.00011227290411665153
14.48,-0.10692040741580919,0.39611186620312916,-1.5336509684320794,0.00011182924078065212
14.49,-0.10298420053424723,0.3911411641530977,-1.525200361484108,0.0001114041077987826
14.5,-0.09909735313751389,0.38623976116121717,-1.5167111397731043,0.00011099674485667342
14.51,-0.0952591784440959,0.3814064187326023,-1.5081843177391152,0.00011060642247272601
14.52,-0.09146900195808409,0.3766399182188973,-1.499620880452164,0.0001102324407927741
14.530000000000001,-0.08772616127140301,0.3719390606771192,-1.4910217845083742,0.0001098741284271261
14.540000000000001,-0.08403000586751533,0.36730266671605016,-1.4823879588993458,0.00010953084132893014
14.55,-0.08037989692672004,0.36272957633125935,-1.4737203058554635,0.00010920196171281034
14.56,-0.07677520713315304,0.3582186487297682,-1.4650197016638014,0.00010888689701269454
14.57,-0.07321532048358881,0.35376876214531583,-1.4562869974612918,0.00010858507887773433
14.58,-0.06969963209813271,0.349378813645121,-1.447523020003813,0.00010829596220526226
14.59,-0.06622754803288462,0.3450477189289853,-1.4387285724118426,0.00010801902420967375
14.6,-0.06279848509464656,0.340774412121528,-1.4299044348933179,0.00010775376352617125
14.61,-0.05941187065773906,0.33655784555829704,-1.4210513654443295,0.0001074996993483105
14.620000000000001,-0.05606714248298435,0.33239698956645125,-1.412170100528269,0.00010725637059825952
14.63,-0.05276374853890688,0.32829083224066674,-1.4032613557340383,0.00010702333512875074
14.64,-0.04950114682519626,0.3242383792148789,-1.3943258264139171,0.00010680016895569924
14.65,-0.04627880519847118,0.32023865343043056,-1.385364188301673,0.00010658646552043688
14.66,-0.043096201200377514,0.3162906949011607,-1.3763770981114902,0.00010638183498061321
14.67,-0.039952821888048794,0.31239356047593303,-1.3673651941182747,0.00010618590352875854
14.68,-0.03684816366695224,0.30854632359906914,-1.3583290967198878,0.00010599831273754663
14.69,-0.03378173212613911,0.3047480740691204,-1.3492694089818436,0.00010581871893085935
14.700000000000001,-0.030753041875913937,0.300997917796383,-1.3401867171649942,0.00010564679257970319
14.71,-0.027761616387933327,0.29729497655953135,-1.331081591236716,0.00010548221772210059
14.72,-0.02480698783774137,0.29363838776171963,-1.3219545853660952,0.00010532469140610168
14.73,-0.021888696949745313,0.29002730418647577,-1.3128062384036,0.00010517392315505838
14.74,-0.01900629284463211,0.28646089375368805,-1.303637074345713,0.00010502963445434537
14.75,-0.016159332889223416,0.28293833927596285,-1.2944476027849898,0.00010489155825872784
14.76,-0.013347382548764133,0.27945883821561057,-1.285238319345988,0.000104759438519618
14.77,-0.01057001524163691,0.2760216024424973,-1.2760097061075097,0.000104633029731451
14.780000000000001,-0.0078268121964929,0.27262585799298067,-1.2667622320115826,0.0001045120964964625
14.790000000000001,-0.005117362311786885,0.26927084483013125,-1.2574963532595913,0.00010439641310717502
14.8,-0.0024412620177029884,0.265955816605424,-1.248212513695966,0.00010428576314588657
14.81,0.00020188485954458508,0.2626800404220689,-1.2389111451798174,0.00010417993910052601
14.82,0.0028124672310529714,0.25944279660013486,-1.2295926679448979,0.00010407874199623353
14.83,0.005390866876232858,0.25624337844360817,-1.220257490948261,0.00010398198104204242
14.84,0.007937458571491491,0.2530810920095129,-1.2109060122079753,0.00010388947329207561
14.85,0.010452610216617687,0.2499552558792088,-1.201538619130241,0.00010380104332068771
14.86,0.012936682958891142,0.24686520093197156,-1.1921556888262488,0.00010371652291098111
14.870000000000001,0.015390031314939361,0.24381027012094852,-1.1827575884191073,0.00010363575075618945
14.88,0.017813003290366364,0.24078981825157394,-1.1733446753411565,0.00010355857217339296
14.89,0.020205940497178165,0.23780321176251795,-1.1639172976219776,0.00010348483882907743
14.9,0.02256917826903067,0.2348498285092349,-1.1544757941673947,0.00010341440847607147
14.91,0.024903045774326327,0.23192905755016835,-1.1450204950297609,0.00010334714470136731
14.92,0.027207866127186286,0.22904029893566286,-1.1355517216698094,0.0001032829166844326
14.93,0.02948395649632541,0.2261829634996246,-1.1260697872103387,0.00010322159896555369
14.94,0.03173162821185779,0.22335647265396733,-1.1165749966819984,0.00010316307122379977
14.950000000000001,0.033951186870060775,0.220560258185873,-1.1070676472614307,0.00010310721806423449
14.96,0.036142932436125756,0.21779376205789136,-1.0975480285020125,0.00010305392881398622
14.97,0.03830715934492426,0.2150564362108967,-1.08801642255744,0.00010300309732680708
14.98,0.040444156599817926,0.21234774236991558,-1.0784731043983868,0.00010295462179577769
14.99,0.04255420786954117,0.2096671518528341,-1.0689183420224595,0.00010290840457383054
15.0,0.04463759158318533,0.20701414538198973,-1.0593523966576681,0.00010286435200174525
15.01,0.04669458102331316,0.20438821289864756,-1.0497755229596235,0.00010282237424332977
15.02,0.0487254444172325,0.20178885338035846,-1.0401879692026623,0.00010278238512748559
15.030000000000001,0.05073044502645789,0.19921557466119202,-1.0305899774650988,0.00010274430199685056
15.040000000000001,0.052709841234388904,0.19666789325483472,-1.0209817838087942,0.00010270804556277308
15.05,0.05466388663223365,0.19414533418054056,-1.0113636184532264,0.00010267353976634792
15.06,0.056592830103206065,0.19164743079191865,-1.00173570594424,0.00010264071164523901
15.07,0.05849691590502515,0.1891737246085401,-0.9920982653176498,0.00010260949120607541
15.08,0.06037638375074428,0.1867237651503436,-0.9824515102578631,0.00010257981130218149
15.09,0.062231468887938506,0.18429710977481806,-0.9727956492516845,0.00010255160751640197
15.1,0.06406240217627744,0.18189332351693746,-0.9631308857374576,0.00010252481804882507
15.11,0.06586941016351117,0.1795119789318228,-0.9534574182496978,0.00010249938360919619
15.120000000000001,0.06765271515989624,0.17715265594010304,-0.9437754405593587,0.00010247524731382263
15.13,0.06941253531108876,0.17481494167594655,-0.9340851418098778,0.00010245235458677833
15.14,0.07114908466953093,0.17249843033773293,-0.9243867066491351,0.00010243065306523498
15.15,0.07286257326435738,0.17020272304133366,-0.9146803153574594,0.00010241009250874482
15.16,0.07455320716984726,0.16792742767596955,-0.9049661439718085,0.0001023906247123026
15.17,0.0762211885724476,0.1656721587626116,-0.8952443644062494,0.00010237220342303342
15.18,0.07786671583639336,0.16343653731489124,-0.8855151445688567,0.0001023547842603601
15.19,0.07948998356794884,0.16122019070248525,-0.8757786484751453,0.00010233832463949063
15.200000000000001,0.08109118267829528,0.1590227525169399,-0.8660350363581508,0.00010232278369809566
15.21,0.08267050044508867,0.15684386243989862,-0.8562844647752645,0.00010230812222603937
15.22,0.08422812057271176,0.15468316611369662,-0.8465270867119292,0.0001022943025980359
15.23,0.08576422325124367,0.15254031501428592,-0.836763051682296,0.00010228128870910603
15.24,0.08727898521417025,0.15041496632645365,-0.8269925058269422,0.00010226904591272136
15.25,0.08877257979485799,0.14830678282129645,-0.8172155920077424,0.00010225754096152057
15.26,0.09024517698181364,0.1462154327359135,-0.8074324498999881,0.00010224674195048385
15.27,0.0916969434727519,0.14414058965528062,-0.7976432160818413,0.00010223661826247269
15.280000000000001,0.09312804272749245,0.14208193239626785,-0.7878480241212109,0.00010222714051603191
15.290000000000001,0.0945386350197078,0.1400391448937627,-0.7780470046601327,0.00010221828051535694
15.3,0.0959288774875427,0.13801191608886176,-0.7682402854967348,0.000102210011202335
15.31,0.09729892418312566,0.1359999398190926,-0.7584279916648666,0.00010220230661057503
15.32,0.09864892612099273,0.1340029147106291,-0.7486102455114649,0.00010219514182134386
15.33,0.09997903132544313,0.13202054407246225,-0.7387871667717321,0.00010218849292133368
15.34,0.10128938487684634,0.13005253579248957,-0.7289588726421947,0.00010218233696217055
15.35,0.10258012895691947,0.12809860223548625,-0.7191254778517133,0.0001021766519215989
15.36,0.10385140289299355,0.12615846014292095,-0.7092870947305069,0.00010217141666628185
15.370000000000001,0.10510334320128716,0.12423183053457985,-0.6994438332772572,0.00010216661091613085
15.38,0.10633608362920503,0.12231843861196273,-0.6895958012243555,0.00010216221521011488
15.39,0.10754975519667952,0.12041801366341505,-0.6797431041013491,0.0001021582108734851
15.4,0.10874448623657172,0.11853028897096023,-0.6698858452966487,0.00010215457998635033
15.41,0.10992040243414944,0.11665500171879697,-0.6600241261175503,0.00010215130535355203
15.42,0.11107762686565818,0.1147918929034264,-0.6501580458486271,0.0001021483704757837
15.43,0.11221628003600152,0.11294070724537422,-0.6402877018085437,0.00010214575952191002
15.44,0.11333647991554643,0.11110119310247395,-0.630413189405343,0.00010214345730241862
15.450000000000001,0.1144383419760692,0.10927310238467663,-0.6205346021902568,0.00010214144924397543
15.46,0.11552197922585682,0.10745619047035396,-0.6106520319100854,0.00010213972136503313
15.47,0.11658750224397889,0.1056502161240611,-0.6007655685581944,0.00010213826025243713
15.48,0.11763501921374417,0.1038549414157267,-0.5908753004241729,0.00010213705303901081
15.49,0.1186646359553561,0.10207013164123732,-0.5809813141421961,0.0001021360873820623
15.5,0.119676455957781,0.10029555524438438,-0.5710836947381351,0.00010213535144277292
15.51,0.1206705804098424,0.09853098374014173,-0.5611825256754546,0.00010213483386645236
15.52,0.12164710823055468,0.09677619163924266,-0.5512778888999365,0.00010213452376359876
15.530000000000001,0.12260613609870888,0.0950309563740254,-0.541369864883271,0.00010213441069174954
15.540000000000001,0.12354775848172309,0.0932950582255165,-0.5314585326655485,0.00010213448463808683
15.55,0.12447206766376984,0.09156828025172205,-0.5215439698966913,0.00010213473600275566
15.56,0.12537915377319225,0.0898504082170969,-0.511626252876858,0.00010213515558288343
15.57,0.12626910480922068,0.08814123052316257,-0.5017054565958569,0.00010213573455726516
15.58,0.12714200666800116,0.08644053814024485,-0.4917816547715974,0.0001021364644716804
15.59,0.12799794316794666,0.08474812454030259,-0.4818549198876165,0.0001021373372248247
15.6,0.128836996074422,0.08306378563081927,-0.4719253232297061,0.00010213834505483412
15.610000000000001,0.12965924512377291,0.08138731968972976,-0.46199293492167537,0.00010213948052636946
15.620000000000001,0.1304647680467094,0.0797185273013546,-0.4520578239602746,0.00010214073651824575
15.63,0.13125364059105332,0.07805721129331492,-0.44212005824931044,0.00010214210621158124
15.64,0.13202593654385997,0.07640317667440097,-0.4321797046329794,0.00010214358307844752
15.65,0.13278172775292302,0.07475623057336825,-0.4222368289284466,0.00010214516087100301
15.66,0.13352108414767186,0.07311618217863491,-0.41229149595769565,0.00010214683361108436
15.67,0.13424407375947045,0.07148284267885496,-0.40234376957867524,0.00010214859558024601
15.68,0.13495076274132603,0.06985602520434173,-0.39239371271576645,0.00010215044131022715
15.69,0.1356412153870163,0.06823554476931686,-0.38244138738959554,0.00010215236557382798
15.700000000000001,0.13631549414964306,0.06662121821495988,-0.37248685474621457,0.00010215436337618252
15.71,0.1369736596596204,0.06501286415323419,-0.3625301750856734,0.000102156429946411
15.72,0.1376157707421047,0.0634103029114653,-0.3525714078900046,0.0001021585607296421
15.73,0.1382418844338742,0.061813356477647574,-0.3426106118506424,0.00010216075137938557
15.74,0.13885205599966519,0.0602218484464562,-0.3326478448952979,0.00010216299775024225
15.75,0.13944633894797173,0.05863560396594099,-0.3226831642143097,0.00010216529589094691
15.76,0.14002478504631566,0.05705444968487932,-0.31271662628649,0.00010216764203772435
15.77,0.1405874443359932,0.055478213700765534,-0.3027482869044866,0.00010217003260794886
15.780000000000001,0.14113436514630476,0.053906725508414494,-0.2927782011996783,0.00010217246419409956
15.790000000000001,0.14166559410827353,0.052339815949157216,-0.2828064236666236,0.00010217493355799836
15.8,0.14218117616785905,0.05077731716060675,-0.27283300818707956,0.00010217743762532357
15.81,0.1426811545986712,0.04921906252697278,-0.2628580080536091,0.00010217997348038484
15.82,0.14316557101418984,0.04766488662990349,-0.25288147599279426,0.00010218253836115624
15.83,0.14363446537949562,0.04611462519983371,-0.24290346418807174,0.00010218512965455815
15.84,0.14408787602251658,0.0445681150678184,-0.23292402430220738,0.00010218774489197738
15.85,0.14452583964479546,0.04302519411783071,-0.22294320749942606,0.00010219038174501849
15.860000000000001,0.14494839133178222,0.04148570123950425,-0.2129610644672127,0.0001021930380214817
15.870000000000001,0.14535556456265616,0.03994947628129916,-0.2029776454377998,0.00010219571166155906
15.88,0.1457473912196817,0.03841636000407203,-0.19299300020935714,0.00010219840073424246
15.89,0.14612390159710179,0.03688619403502955,-0.18300717816689804,0.0001022011034339377
15.9,0.14648512440957268,0.03535882082204629,-0.17302022830291758,0.00010220381807727863
15.91,0.1468310868001437,0.03383408358832688,-0.1630321992377767,0.00010220654310013603
15.92,0.14716181434778516,0.03231182628739329,-0.15304313923984683,0.00010220927705481833
15.93,0.1474773310744678,0.03079189355837774,-0.14305309624542856,0.00010221201860745626
15.94,0.14777765945179655,0.029274130681602176,-0.13306211787845873,0.00010221476653556813
15.950000000000001,0.14806282040720137,0.027758383534425238,-0.12307025147001914,0.00010221751972580379
15.96,0.148332833329688,0.026244498547337777,-0.11307754407766041,0.00010222027717186063
15.97,0.14858771607515064,0.024732322660288124,-0.1030840425045543,0.00010222303797257003
15.98,0.14882748497124917,0.023221703279218367,-0.09308979331848753,0.00010222580133015003
15.99,0.14905215482185238,0.02171248823279303,-0.08309484287071009,0.00010222856654862142
16.0,0.14926173891104974,0.020204525729301592,-0.07309923731465083,0.00010223133303238616
16.01,0.14945624900673274,0.0186976643137164,-0.06310302262451305,0.0001022341002849632
16.02,0.14963569536374757,0.01719175282488754,-0.053106244613762676,0.00010223686790788152
16.03,0.14980008672662048,0.015686640352856364,-0.043108948953521554,0.0001022396355997276
16.04,0.14994943033185654,0.014182176196269318,-0.03311118119087824,0.00010224240315534605
16.05,0.1500837319098132,0.012678209819873876,-0.02311298676712866,0.00010224517046519249
16.06,0.15020299568614903,0.01117459081207832,-0.013114411035958892,0.00010224793751483664
16.07,0.15030722438284835,0.00967116884255716,-0.003115499281582352,0.00010225070438461505
16.080000000000002,0.15039641921882202,0.008167793619884046,0.0068837032631564425,0.00010225347124943383
16.09,0.1504705799100846,0.006664314849173942,0.016883151398699357,0.00010225623837871917
16.1,0.15052970466950805,0.005160582189716411,0.026882799940701186,0.00010225900613651752
16.11,0.1505737902061514,0.0036564452125818162,0.03688260370195314,0.00010226177498174423
16.12,0.15060283172416652,0.002151753358182202,0.04688251747429106,0.00010226454546858128
16.13,0.15061682292127906,0.0006463558937686363,0.05688249601047622,0.00010226731824702522
16.14,0.15061575598684399,-0.000859898129153284,0.06688249400603642,0.00010227009406358524
16.15,0.15059962159947474,-0.002367159917508083,0.07688246608105519,0.00010227287376213345
16.16,0.1505684089242451,-0.0038755809794535964,0.08688236676189669,0.0001022756582849085
16.17,0.15052210560946228,-0.005385313167321145,0.09688215046285405,0.00010227844867367342
16.18,0.15046069778300974,-0.006896508720711214,0.1068817714677085,0.00010228124607103016
16.19,0.15038417004825844,-0.008409320309763234,0.11688118391118688,0.00010228405172189317
16.2,0.1502925054795442,-0.009923901078618156,0.12688034176030477,0.00010228686697512386
16.21,0.15018568561720957,-0.011440404689092604,0.13687919879558258,0.00010228969328532922
16.22,0.15006369046220774,-0.012958985364583505,0.14687770859212151,0.00010229253221482666
16.23,0.14992649847026612,-0.014479797934222218,0.15687582450052656,0.00010229538543577811
16.240000000000002,0.14977408654560714,-0.016002997877297278,0.16687349962766307,0.00010229825473249874
16.25,0.14960643003422344,-0.01752874136796506,0.17687068681723384,0.00010230114200394324
16.26,0.14942350271670432,-0.019057185320267754,0.18686733863016297,0.00010230404926637077
16.27,0.14922527680061037,-0.020588487433478218,0.19686340732477273,0.00010230697865619773
16.28,0.14901172291239315,-0.022122806237791486,0.20685884483673964,0.00010230993243304069
16.29,0.14878281008885583,-0.02366030114038277,0.21685360275881552,0.00010231291298295263
16.3,0.1485385057681516,-0.025201132471852076,0.22684763232029903,0.0001023159228218624
16.31,0.14827877578031554,-0.026745461533075707,0.23684088436624334,0.00010231896459921863
16.32,0.14800358433732566,-0.0282934506424851,0.2468333093363846,0.00010232204110184629
16.330000000000002,0.14771289402268933,-0.0298452631837937,0.2568248572437764,0.00010232515525802265
16.34,0.1474066657805497,-0.03140106365419272,0.2668154776531147,0.00010232831014177733
16.35,0.14708485890430797,-0.032961017713036965,0.27680511965873705,0.00010233150897742719
16.36,0.14674743102475624,-0.034525292231042025,0.28679373186228074,0.00010233475514434847
16.37,0.1463943380977156,-0.03609405534001445,0.29678126234998253,0.00010233805218199976
16.38,0.1460255343911744,-0.03766747648313673,0.3067676586696041,0.00010234140379519897
16.39,0.14564097247192062,-0.039245726465829286,0.316752867806965,0.00010234481385966756
16.4,0.1452406031916626,-0.04082897750721169,0.3267368361620667,0.00010234828642784999
16.41,0.14482437567263232,-0.042417403292185935,0.33671950952478885,0.00010235182573501436
16.42,0.14439223729266434,-0.04401117902416462,0.34670083305013943,0.00010235543620565145
16.43,0.1439441336697444,-0.04561048147846733,0.35668075123304066,0.00010235912246017679
16.44,0.14348000864602037,-0.04721548905640876,0.3666592078826304,0.000102362889321951
16.45,0.14299980427126902,-0.048826381840102455,0.3766361460960599,0.00010236674182462774
16.46,0.14250346078581083,-0.0504433416480044,0.3866115082317671,0.00010237068521984453
16.47,0.14199091660286572,-0.05206655209122095,0.39658523588220523,0.00010237472498526631
16.48,0.14146210829034178,-0.05369619863060599,0.4065572698460045,0.00010237886683299774
16.490000000000002,0.14091697055204877,-0.055332468634672644,0.41652755009954556,0.00010238311671837825
16.5,0.14035543620832866,-0.056975551438344936,0.42649601576792195,0.00010238748084917343
16.51,0.1397774361760941,-0.058625638402575626,0.4364626050952681,0.0001023919656951812
16.52,0.13918289944826623,-0.0602829229748563,0.4464272554144292,0.000102396577998265
16.53,0.13857175307260308,-0.061947600750646675,0.4563899031159485,0.00010240132478283866
16.54,0.13794392212990875,-0.06361986953575006,0.4663504836163469,0.00010240621336681319
16.55,0.13729932971161404,-0.06529992940966266,0.47630893132566804,0.00010241125137302665
16.56,0.1366378968967186,-0.06698798278992447,0.4862651796142634,0.00010241644674118158
16.57,0.1359595427280845,-0.06868423449750044,0.496219160778789,0.00010242180774030323
16.580000000000002,0.13526418418807062,-0.07038889182322025,0.5061708060073855,0.00010242734298174582
16.59,0.13455173617349736,-0.07210216459530638,0.5161200453440127,0.00010243306143277113
16.6,0.13382211146993037,-0.07382426524801976,0.5260668076519085,0.00010243897243071567
16.61,0.13307522072527211,-0.07555540889145333,0.536011020576141,0.00010244508569777316
16.62,0.13231097242264986,-0.07729581338250407,0.5459526105052216,0.00010245141135642719
16.63,0.13152927285258756,-0.07904569939705437,0.5558915025317467,0.00010245795994555325
16.64,0.13073002608445003,-0.08080529050339434,0.565827620412034,0.00010246474243721696
16.65,0.12991313393714646,-0.08257481323691707,0.5757608865247182,0.0001024717702541991
16.66,0.1290784959490805,-0.08435449717611912,0.5856912218282689,0.00010247905528828656
16.67,0.1282260093473336,-0.08614457501993936,0.5956185458173959,0.00010248660991935793
16.68,0.1273555690160683,-0.08794528266646931,0.6055427764783013,0.00010249444703528291
16.69,0.12646706746413713,-0.08975685929306913,0.6154638302427391,0.00010250258005269388
16.7,0.12556039479188358,-0.09157954743792342,0.6253816219408419,0.00010251102293865725
16.71,0.12463543865711978,-0.09341359308307182,0.6352960647526723,0.00010251979023327416
16.72,0.12369208424026656,-0.09525924573894974,0.6452070701584545,0.00010252889707326611
16.73,0.12273021420864041,-0.09711675853047505,0.6551145478874417,0.00010253835921658044
16.740000000000002,0.1217497086798716,-0.09898638828471708,0.6650184058653732,0.00010254819306805989
16.75,0.1207504451844376,-0.10086839562018476,0.6749185501604713,0.00010255841570622072
16.76,0.11973229862729536,-0.10276304503777127,0.6848148849279302,0.00010256904491119376
16.77,0.11869514124859568,-0.1046706050133929,0.6947073123528442,0.00010258009919387636
16.78,0.11763884258346262,-0.1065913480923605,0.7045957325915231,0.00010259159782634624
16.79,0.11656326942082032,-0.1085255509855222,0.7144800437111388,0.0001026035608735924
16.8,0.11546828576124936,-0.11047349466721669,0.7243601416276477,0.0001026160092266209
16.81,0.11435375277385443,-0.11243546447507662,0.7342359200419287,0.00010262896463700364
16.82,0.11321952875212449,-0.11441175021172238,0.7441072703740781,0.00010264244975292117
16.830000000000002,0.1120654690687664,-0.11640264624838674,0.7539740816957968,0.0001026564881567753
16.84,0.11089142612949247,-0.11840845163051125,0.7638362406608074,0.00010267110440443126
16.85,0.10969724932574207,-0.12042947018535591,0.7736936314332307,0.00010268632406616999
16.86,0.10848278498631678,-0.12246601063166376,0.7835461356138569,0.00010270217376942651
16.87,0.10724787632790853,-0.12451838669142261,0.7933936321642359,0.00010271868124337814
16.88,0.10599236340449948,-0.1265869172037662,0.8032359973285144,0.00010273587536548908
16.89,0.10471608305561199,-0.1286719262410578,0.813073104552944,0.00010275378621007821
16.9,0.10341886885338658,-0.1307737432271992,0.8229048244029794,0.00010277244509900103
16.91,0.10210055104846565,-0.13289270305820824,0.8327310244778853,0.00010279188465455211
16.92,0.10076095651465973,-0.13502914622510884,0.8425515693227679,0.00010281213885468051
16.93,0.09939990869237326,-0.1371834189391769,0.8523663203379431,0.00010283324309061202
16.94,0.0980172275307658,-0.13935587325958615,0.8621751356855499,0.00010285523422699569
16.95,0.09661272942862467,-0.14154686722349777,0.8719778701933159,0.00010287815066468894
16.96,0.09518622717392429,-0.1437567649786381,0.8817743752553776,0.00010290203240628387
16.97,0.09373752988204709,-0.14598593691840814,0.8915644987300555,0.00010292692112451294
16.98,0.09226644293264052,-0.14823475981956907,0.9013480848344788,0.00010295286023365457
16.990000000000002,0.09077276790508414,-0.15050361698254763,0.9111249740359536,0.000102979894964071
17.0,0.0892563025125403,-0.15279289837440488,0.9208950029399624,0.00010300807244002403
17.01,0.08771684053456173,-0.155103000774512,0.9306580041746803,0.00010303744176090686
17.02,0.08615417174822863,-0.15743432792297607,0.940413806271888,0.00010306805408604932
17.03,0.08456808185778755,-0.1597872906718586,0.9501622335441594,0.00010309996272325522
17.04,0.08295835242276395,-0.16216230713922883,0.9599031059581951,0.0001031332232212395
17.05,0.08132476078451988,-0.16455980286609365,0.9696362390041703,0.00010316789346613288
17.06,0.07966707999122785,-0.1669802109762446,0.9793614435609609,0.00010320403378223911
17.07,0.07798507872123144,-0.16942397233906248,0.9890785257571051,0.00010324170703723862
17.080000000000002,0.07627852120476285,-0.17189153573531799,0.9987872868273557,0.00010328097875203068
17.09,0.07454716714398746,-0.17438335802600716,1.008487522964671,0.00010332191721542245
17.1,0.07279077163134456,-0.1768999043242578,1.0181790251674874,0.00010336459360388018
17.11,0.07100908506615361,-0.17944164817034267,1.027861579082112,0.00010340908210656521
17.12,0.06920185306945459,-0.18200907170983316,1.0375349648400674,0.0001034554600558981
17.13,0.06736881639705108,-0.18460266587492588,1.0471989568902151,0.00010350380806389056
17.14,0.06550971085072409,-0.18722293056897232,1.0568533238254783,0.0001035542101644989
17.150000000000002,0.0636242671875843,-0.18987037485423994,1.0664978282039768,0.00010360675396227194
17.16,0.061712211027530606,-0.19254551714293064,1.0761322263643847,0.00010366153078756609
17.17,0.059773262758782024,-0.19524888539148033,1.0857562682353086,0.00010371863585863073
17.18,0.05780713744145007,-0.19798101729815995,1.0953696971384839,0.00010377816845084798
17.19,0.0558135447091186,-0.2007424605039962,1.104972249585573,0.00010384023207346252
17.2,0.053792188668397745,-0.20353377279702609,1.1145636550683489,0.00010390493465412646
17.21,0.05174276779641863,-0.2063555223198965,1.1241436358420338,0.00010397238873158803
17.22,0.04966497483623528,-0.20920828778081593,1.1337119067015582,0.0001040427116569127
17.23,0.0475584966901003,-0.21209265866786103,1.1432681747504976,0.00010411602580359021
17.240000000000002,0.04542301431058065,-0.2150092354666368,1.1528121391624346,0.00010419245878691199
17.25,0.043258202589480134,-0.21795862988128364,1.1623434909344856,0.00010427214369304598
17.26,0.04106373024453511,-0.22094146505881962,1.1718619126327239,0.00010435521931822267
17.27,0.038839259703850146,-0.2239583758168005,1.1813670781292205,0.00010444183041846255
17.28,0.036584446988040635,-0.2270100088742739,1.1908586523304154,0.00010453212797032641
17.29,0.03429894159004947,-0.23009702308599728,1.2003362908965227,0.00010462626944314642
17.3,0.0319823863526054,-0.23322008967988272,1.2097996399516608,0.00010472441908324496
17.31,0.029634417343290986,-0.236379892497623,1.2192483357843935,0.00010482674821065674
17.32,0.027254663727188606,-0.2395771282384463,1.2286820045383509,0.00010493343552889543
17.330000000000002,0.02484274763707351,-0.24281250670593715,1.2381002618925951,0.00010504466744831647
17.34,0.022398284041123654,-0.2460867510578527,1.2475027127313787,0.00010516063842366726
17.35,0.019920880608116705,-0.24940059805885179,1.2568889508029366,0.0001052815513064288
17.36,0.017410137570085592,-0.2527547983360458,1.266258558366939,0.00010540761771256632
17.37,0.014865647582404853,-0.25615011663726617,1.2756111058302206,0.00010553905840635121
17.38,0.012286995581281206,-0.2595873320919328,1.2849461513703897,0.00010567610370092711
17.39,0.009673758638622972,-0.2630672384743939,1.2942632405469086,0.00010581899387632942
17.400000000000002,0.00702550581426433,-0.2665906444695934,1.3035619058992236,0.00010596797961566521
17.41,0.004341798005521913,-0.27015837394090725,1.312841666531509,0.00010612332246023477
17.42,0.0016221877940629176,-0.273771266199974,1.322102027683578,0.00010628529528437054
17.43,-0.0011337807099342642,-0.2774301762783274,1.3313424802874987,0.00010645418279077749
17.44,-0.003926572026343892,-0.28113597520062156,1.3405625005094384,0.00010663028202724235
17.45,-0.0067566594663959825,-0.28488955025921836,1.349761549276248,0.00010681390292557438
17.46,-0.009624525296731069,-0.2886918052898873,1.3589390717862824,0.00010700536886365271
17.47,-0.0125306609062164,-0.29254366094834544,1.3680944970039364,0.0001072050172515207
17.48,-0.01547556697553051,-0.29644605498734206,1.3772272371373655,0.00010741320014248648
17.490000000000002,-0.018459753649520044,-0.3003999425339669,1.386336687098842,0.00010763028487019717
17.5,-0.021483740712329336,-0.3044062963668359,1.3954222239471827,0.00010785665471270246
17.51,-0.0245480577652997,-0.30846610719277895,1.4044832063116697,0.0001080927095845672
17.52,-0.027653244407631415,-0.3125803839226251,1.4135189737968716,0.00010833886675809073
17.53,-0.030799850419797267,-0.3167501539456488,1.4225288463677552,0.00010859556161473683
17.54,-0.03398843594969189,-0.3209764634022076,1.4315121237144621,0.00010886324842790587
17.55,-0.03721957170149638,-0.32526037745406566,1.4404680845961113,0.00010914240117821217
17.56,-0.04049383912723229,-0.3296029805518603,1.4493959861629726,0.00010943351440244968
17.57,-0.043811830620973644,-0.3340053766991286,1.4582950632563392,0.0001097371040774561
17.580000000000002,-0.04717414971567938,-0.3384686897122689,1.4671645276854148,0.00011005370854011637
17.59,-0.05058141128260235,-0.34299406347576755,1.4760035674805148,0.00011038388944477273
17.6,-0.054034241733223916,-0.3475826621919738,1.4848113461218666,0.00011072823275930577
17.61,-0.05753327922365589,-0.3522356706246558,1.4935870017432802,0.00011108734980120325
17.62,-0.06107917386144353,-0.3569542943355173,1.502329646309947,0.00011146187831494365
17.63,-0.06467258791469485,-0.36173975991280044,1.5110383647696115,0.00011185248359199682
17.64,-0.06831419602345262,-0.36659331519103844,1.5197122141763484,0.00011225985963481076
17.650000000000002,-0.07200468541321539,-0.3715162294609622,1.5283502227861647,0.0001126847303661367
17.66,-0.07574475611050403,-0.37650979366849757,1.5369513891236408,0.00011312785088501734
17.67,-0.07953512116035898,-0.3815753206017217,1.5455146810188065,0.00011359000877081357
17.68,-0.08337650684564188,-0.386714145064573,1.5540390346134498,0.00011407202543660466
17.69,-0.08726965290800276,-0.39192762403603254,1.5625233533360412,0.00011457475753327834
17.7,-0.09121531277036074,-0.39721713681341425,1.5709665068444558,0.00011509909840562404
17.71,-0.09521425376073218,-0.4025840851383151,1.57936732993567,0.00011564597960169495
17.72,-0.09926725733722533,-0.40802989330368694,1.5877246214216088,0.00011621637243669489
17.73,-0.1033751193140044,-0.4135560082403973,1.5960371429703202,0.00011681128961255494
17.740000000000002,-0.10753865008800961,-0.4191638995815472,1.6043036179116579,0.00011743178689434846
17.75,-0.11175867486620168,-0.4248550597027099,1.6125227300066567,0.00011807896484459295
17.76,-0.11603603389308001,-0.43063100373614477,1.6206931221797958,0.00011875397061641182
17.77,-0.12037158267820455,-0.4364932695569256,1.6288133952133579,0.00011945799980645139
17.78,-0.12476619222342947,-0.4424434177388033,1.6368821064031074,0.00012019229836830023
17.79,-0.12922074924953442,-0.44848303147749563,1.6448977681745307,0.0001209581645870569
17.8,-0.13373615642191589,-0.4546137164789646,1.6528588466589083,0.00012175695111551747
17.81,-0.1383133325749755,-0.4608371008101057,1.6607637602285135,0.00012259006707230054
17.82,-0.14295321293481605,-0.46715483470912655,1.6686108779902733,0.00012345898020204367
17.830000000000002,-0.1476567493398278,-0.47356859035274323,1.6763985182372632,0.00012436521909755605
17.84,-0.15242491045871834,-0.4800800615771647,1.6841249468574555,0.00012531037548358574
17.85,-0.15725868200550785,-0.4866909635496716,1.6917883756991965,0.00012629610656161123
17.86,-0.16215906695097948,-0.4934030323874247,1.6993869608929482,0.00012732413741470936
17.87,-0.16712708573003893,-0.5002180247199606,1.706918801128898,0.00012839626347125818
17.88,-0.17216377644440217,-0.5071377171916468,1.7143819358901238,0.00012951435302584888
17.89,-0.17727019505999123,-0.5141639059001779,1.7217743436410815,0.0001306803498153461
17.900000000000002,-0.18244741559837807,-0.5212984057669919,1.7290939399712912,0.00013189627564761056
17.91,-0.1876965303215743,-0.5285430498352844,1.7363385756941971,0.00013316423307985984
17.92,-0.19301864990942008,-0.5358996884910798,1.7435060349013054,0.00013448640814313337
17.93,-0.19841490362877956,-0.5433701886026021,1.7505940329718375,0.00013586507310869148
17.94,-0.20388643949370053,-0.5509564325729588,1.7576002145382823,0.00013730258929152018
17.95,-0.20943442441564605,-0.5586603173009177,1.7645221514083975,0.00013880140988541657
17.96,-0.2150600443428516,-0.5664837530443154,1.7713573404443894,0.00014036408282332906
17.97,-0.22076450438780565,-0.5744286621803913,1.7781032014001972,0.00014199325365576076
17.98,-0.22654902894179385,-0.5824969778570854,1.7847570747180233,0.00014369166843915683
17.990000000000002,-0.23241486177538473,-0.5906906425290842,1.7913162192854888,0.00014546217662517305
18.0,-0.23836326612367306,-0.599011606372133,1.7977778101550472,0.00014730773394062467
18.01,-0.24439552475502957,-0.6074618255688692,1.8041389362275684,0.0001492314052468008
18.02,-0.25051294002203744,-0.6160432604591584,1.810396597902312,0.00015123636736551763
18.03,-0.2567168338932244,-0.6247578735476453,1.8165477046958323,0.0001533259118579746
18.04,-0.2630085479641252,-0.633607627360957,1.822589072832716,0.00015550344774102493
18.05,-0.26938944344613147,-0.6425944821467207,1.828517422811438,0.00015777250412388698
18.06,-0.2758609011315076,-0.6517203934062878,1.8343293769490299,0.00016013673274673787
18.07,-0.28242432133286716,-0.6609873092527857,1.8400214569087119,0.00016259991040080312
18.080000000000002,-0.289081123795321,-0.67039716758585,1.845590081215107,0.0001651659412077235
18.09,-0.2958327475794187,-0.6799518930741375,1.8510315627621814,0.00016783885873396985
18.1,-0.3026806509129161,-0.689653393936462,1.856342106319601,0.00017062282791396866
18.11,-0.30962631100930865,-0.6995035585121614,1.861517806043789,0.00017352214675340469
18.12,-0.3166712238509738,-0.709504251611076,1.8665546430005988,0.00017654124778177996
18.13,-0.32381690393467116,-0.719657310633309,1.8714484827071947,0.00017968469922088266
18.14,-0.3310648839770472,-0.7299645414487513,1.8761950727014438,0.00018295720583321902
18.150000000000002,-0.33841671457769135,-0.7404277140261873,1.8807900401478967,0.0001863636094117911
18.16,-0.34587396383718855,-0.7510485578016586,1.8852288894902358,0.00018990888886977127
18.17,-0.3534382169275082,-0.7618287567756569,1.889507000160935,0.00019359815988574468
18.18,-0.3611110756119653,-0.7727699443286481,1.8936196243597843,0.0001974366740571971
18.19,-0.36889415771188466,-0.7838736977443983,1.8975618849138873,0.00020142981751181157
18.2,-0.3767890965169936,-0.7951415324305923,1.9013287732327593,0.0002055831089230237
18.21,-0.38479754013646394,-0.8065748958263061,1.9049151473732084,0.00020990219687306086
18.22,-0.3929211507874196,-0.8181751609860258,1.9083157302298066,0.00021439285650345395
18.23,-0.40116160401762524,-0.8299436198300993,1.9115251078679185,0.0002190609853897579
18.240000000000002,-0.40952058785897005,-0.8418814760517807,1.9145377280174818,0.00022391259857398185
18.25,-0.4179998019082657,-0.8539898376713746,1.9173478987469983,0.00022895382268505897
18.26,-0.42660095633178285,-0.8662697092284328,1.9199497873385185,0.00023419088907455967
18.27,-0.4353257707898646,-0.8787219836034892,1.9223374193857663,0.00023963012589187
18.28,-0.44417597327787156,-0.8913474334614693,1.9245046781389605,0.00024527794902026576
18.29,-0.45315329887963945,-0.9041467023096731,1.9264453041213419,0.00025114085179272626
18.3,-0.4622594884295635,-0.91712029516412,1.9281528950438984,0.00025722539340399447
18.31,-0.4714962870793655,-0.9302685688190729,1.9296209060462979,0.0002635381859334635
18.32,-0.48086544276555526,-0.9435917217157375,1.9308426502935752,0.00027008587989191143
18.330000000000002,-0.49036870457356285,-0.9570897834074653,1.9318112999596766,0.0002768751482040819
18.34,-0.5000078209945001,-0.9707626036203038,1.9325198876305245,0.0002839126685386128
18.35,-0.5097845380705056,-0.9846098409094174,1.9329613081608203,0.0002912051038970493
18.36,-0.5197005974246426,-0.9986309509137974,1.9331283210203458,0.0002987590813747001
18.37,-0.5297577341713531,-1.0128251742137613,1.9330135531670325,0.00030658116900791557
18.38,-0.5399576747035287,-1.0271915237980522,1.9326095024855343,0.0003146778506252974
18.39,-0.5503021343523378,-1.0417287721498827,1.9319085418314417,0.0003230554986243379
18.400000000000002,-0.5607928149160569,-1.0564354379640377,1.930902923722595,0.00033172034460024794
18.41,-0.5714314020542912,-1.071309772510174,1.929584785720179,0.00034067844776034044
18.42,-0.5822195625441329,-1.0863497456607227,1.9279461565433678,0.00034993566106557533
18.43,-0.5931589413950126,-1.1015530316053508,1.925978962962235,0.00035949759505061053
18.44,-0.6042511588192333,-1.1169169942777293,1.923675037514409,0.0003693695792853833
18.45,-0.6154978070554561,-1.1324386725244542,1.9210261270915043,0.00037955662145481043
18.46,-0.6269004470427265,-1.1481147650503045,1.9180239024416803,0.00039006336404881085
18.47,-0.638460604942995,-1.1639416151786621,1.9146599686347134,0.00040089403867276887
18.48,-0.650179768510497,-1.1799151954708098,1.9109258765357062,0.00041205241800868
18.490000000000002,-0.6620593833068226,-1.196031092252988,1.90681313533293,0.00042354176547987387
18.5,-0.6741008487610187,-1.2122844901055012,1.9023132261642972,0.0004353647826973681
18.51,-0.6863055140746404,-1.2286701563738176,1.8974176168855146,0.0004475235547936297
18.52,-0.6986746739722942,-1.2451824257674677,1.8921177780210663,0.0004600194937798791
18.53,-0.7112095642989074,-1.261815185118608,1.8864051999367368,0.0004728532800961349
18.54,-0.7239113574657026,-1.278561858378332,1.8802714112694061,0.00048602480255878803
18.55,-0.7367811577476745,-1.2954153919351574,1.8737079986462468,0.0004995330969486858
18.56,-0.7498199964362375,-1.312368240346535,1.8667066277212188,0.0005133762835232732
18.57,-0.7630288268516567,-1.329412352580687,1.8592590655518184,0.0005275515037791338
18.580000000000002,-0.7764085192208781,-1.3465391588725006,1.851357204333384,0.000542054856836071
18.59,-0.789959855427444,-1.3637395583035476,1.8429930865018254,0.0005568813358603623
18.6,-0.8036835236413116,-1.3810039072224616,1.834158931208426,0.0005720247649924811
18.61,-0.8175801128375834,-1.3983220086278376,1.8248471621623055,0.0005874777372931334
18.62,-0.8316501072144091,-1.4156831026414085,1.815050436827236,0.0006032315542701737
18.63,-0.8458938805216228,-1.4330758582044096,1.804761676949746,0.0006192761675974157
18.64,-0.8603116903130312,-1.450488366134683,1.7939741003848138,0.0006356001236833783
18.650000000000002,-0.8749036721366643,-1.4679081336860453,1.7826812541739743,0.0006521905117932948
18.66,-0.8896698336787339,-1.4853220807546814,1.7708770488183359,0.0006690329164700248
18.67,-0.9046100488785025,-1.50271653787966,1.7585557936758611,0.0006861113750377298
18.68,-0.9197240520327474,-1.5200772461860106,1.7457122333983663,0.0007034083410056462
18.69,-0.9350114319099867,-1.5373893594189971,1.732341585309083,0.0007209046542163986
18.7,-0.9504716258961207,-1.5546374482171639,1.7184395776063854,0.0007385795186031162
18.71,-0.966103914194603,-1.5718055067692633,1.7040024882635163,0.0007564104884307397
18.72,-0.9819074141056914,-1.5888769619962009,1.689027184477959,0.000774373463898249
18.73,-0.9978810744107098,-1.6058346853935108,1.6735111625076242,0.000792442696968605
18.740000000000002,-1.014023669888576,-1.6226610076625057,1.6574525877144248,0.0008105908082709622
18.75,-1.0303337959930834,-1.6393377362490198,1.6408503346192505,0.0008287888158839237
18.76,-1.0468098637205625,-1.655846175897503,1.6237040267560368,0.0008470061767582642
18.77,-1.0634500946985617,-1.672167152315053,1.6060140760967587,0.0008652108414716505
18.78,-1.0802525165270531,-1.688281039024752,1.5877817218039914,0.0008833693229258552
18.79,-1.0972149584043875,-1.7041677874703658,1.5690090680534279,0.0009014467794981507
18.8,-1.1143350470707374,-1.7198069604150894,1.5496991206556756,0.0009194071130427983
18.81,-1.131610203102097,-1.735177768655607,1.5298558221950462,0.0009372130820059527
18.82,-1.1490376375880005,-1.7502591110493415,1.5094840853931797,0.0009548264297681671
18.830000000000002,-1.1666143492259762,-1.765029617827521,1.4885898243974882,0.0009722080281638214
18.84,-1.1843371218653453,-1.779467697139705,1.4671799836888462,0.0009893180359475755
18.85,-1.2022025225322899,-1.793551584746902,1.4452625642999488,0.001006116071785717
18.86,-1.2202068999671387,-1.807259396750572,1.4228466470355972,0.0010225614011473796
18.87,-1.2383463837035376,-1.8205691852139265,1.3999424123890458,0.001038613136259281
18.88,-1.256616883717576,-1.8334589965003034,1.376561156854722,0.001054230448071073
18.89,-1.275014090673035,-1.8459069321213606,1.35271530534724,0.0010693727889597151
18.900000000000002,-1.29353347678668,-1.8578912118557755,1.3284184194498665,0.0010840001246844
18.91,-1.3121702973349783,-1.8693902388674581,1.3036852012325102,0.001098073173892401
18.92,-1.330919592820751,-1.8803826665214356,1.2785314923999955,0.001111553653274829
18.93,-1.3497761918151019,-1.8908474665659958,1.252974268555796,0.0011244045262846776
18.94,-1.3687347144865154,-1.9007639983218512,1.22703162839451,0.0011365902531615135
18.95,-1.387789576825286,-1.9101120784934924,1.2007227776680087,0.001148077039862582
18.96,-1.406934995567482,-1.9188720511950061,1.1740680078051988,0.001158833083383376
18.97,-1.4261649938184666,-1.9270248577628988,1.147088669103427,0.001168828810865301
18.98,-1.4454734073716395,-1.9345521059123327,1.1198071384504233,0.0011780371098380309
18.990000000000002,-1.4648538917135623,-1.9414361377810543,1.092246781578896,0.0011864335469326138
19.0,-1.4842999297020325,-1.9476600963975295,1.0644319099010264,0.0011939965724302138
19.01,-1.503804839899016,-1.9532079901067199,1.0363877320166481,0.0012007077080829348
19.02,-1.523361785535687,-1.958064754488773,1.0081403000362619,0.001206551715757649
19.03,-1.5429637840822064,-1.9622163113128495,0.9797164509076457,0.0012115167446115523
19.04,-1.5626037173903529,-1.9656496240804637,0.9511437429820239,0.0012155944547078215
19.05,-1.58227434237274,-1.9683527497300952,0.922450388101921,0.0012187801152193632
19.06,-1.6019683021781848,-1.9703148860973725,0.8936651795372696,0.0012210726756453722
19.07,-1.6216781378188685,-1.9715264147526756,0.8648174161384209,0.001222474808774717
19.080000000000002,-1.6413963002013034,-1.971978938870313,0.8359368231137867,0.001222992924467709
19.09,-1.661115162509846,-1.9716653158201667,0.8070534698753103,0.0012226371536876771
19.1,-1.6808270328886008,-1.97057968421346,0.7781976854262624,0.0012214213025896325
19.11,-1.7005241673651026,-1.9687174851785898,0.7493999717924926,0.0012193627768583093
19.12,-1.720198782957147,-1.9660754776902287,0.7206909160197895,0.0012164824768750085
19.13,-1.7398430709026294,-1.9626517478245273,0.6921011012760659,0.0012128046646743113
19.14,-1.7594492099512278,-1.9584457118645704,0.6636610176074199,0.0012083568040208172
19.150000000000002,-1.779009379656272,-1.9534581132325717,0.6354009729015446,0.001203169375285352
19.16,-1.7985157736051673,-1.9476910132779177,0.6073510046104018,0.0011972756671229416
19.17,-1.8179606125272958,-1.9411477760023637,0.5795407927765432,0.001190711547245127
19.18,-1.8373361572193854,-1.933833046854753,0.5519995748940891,0.0011835152148315861
19.19,-1.8566347212299115,-1.9257527257768645,0.5247560631163636,0.0011757269373360887
19.2,-1.8758486832461447,-1.9169139347287527,0.49783836429784817,0.001167388774605916
19.21,-1.8949704991299667,-1.9073249799656409,0.4712739033288398,0.0011585442933497625
19.22,-1.9139927135514967,-1.8969953093784828,0.4450893501874496,0.0011492382750555013
19.23,-1.9329079711728794,-1.885935465246297,0.41931055109588433,0.0011395164204757412
19.240000000000002,-1.951709027338225,-1.8741570327798585,0.39396246412689684,0.0011294250537668485
19.25,-1.9703887582296258,-1.8616725848630382,0.36906909956249506,0.0011190108292880264
19.26,-1.9889401704533505,-1.8484956234197438,0.34465346526111407,0.0011083204439440875
19.27,-2.0073564100246815,-1.8346405178509388,0.3207375172421402,0.0010974003577924687
19.28,-2.0256307707243706,-1.8201224409975234,0.2973421156486004,0.001086296525436237
19.29,-2.0437567018042744,-1.804957303091002,0.2744869862006385,0.0010750541404957272
19.3,-2.061727815024366,-1.789161684154956,0.25219068720472404,0.0010637173951972665
19.31,-2.0795378910079347,-1.7727527653165718,0.23047058213696897,0.001052329256843778
19.32,-2.0971808849063294,-1.755748259479113,0.2093428177740102,0.0010409312626455248
19.330000000000002,-2.1146509313690687,-1.7381663417935918,0.1888223078021477,0.0010295633340948961
19.34,-2.1319423488194276,-1.7200255803513473,0.1689227217952442,0.0010182636117727658
19.35,-2.149049643039735,-1.70134486749921,0.14965647941466673,0.001007068311181638
19.36,-2.165967510074527,-1.682143352155835,0.1310347496505888,0.0009960115999163
19.37,-2.1826908384633494,-1.6624403734821185,0.11306745489351455,0.0009851254962111348
19.38,-2.1992147108184024,-1.6422553962308009,0.09576327959810155,0.0009744397886487833
19.39,-2.21553440476532,-1.6216079480709265,0.0791296832783562,0.0009639819765796408
19.400000000000002,-2.2316453932681877,-1.600517559152196,0.06317291755409238,0.0009537772305891809
19.41,-2.24754334436239,-1.5790037041428981,0.047898046953166656,0.0009438483721620781
19.42,-2.263224120321058,-1.5570857469434463,0.03330897316235954,0.0009342158715295244
19.43,-2.2786837762827563,-1.5347828882459924,0.019408462411739994,0.0009248978625498813
19.44,-2.2939185583695876,-1.5121141160795004,0.00619817567277051,0.0009159101733629933
19.45,-2.308924901326145,-1.4890981594493744,-0.006321298650919769,0.0009072663714746091
19.46,-2.3236994257106747,-1.4657534451515464,-0.01815040985947275,0.0008989778218686439
19.47,-2.338238934670483,-1.4420980578130853,-0.02929060823436443,0.0008910537567098617
19.48,-2.3525404103339977,-1.418149703185113,-0.03974430676554114,0.0008835013551868157
19.490000000000002,-2.366601009852037,-1.3939256746892676,-0.049514841626887636,0.0008763258320525129
19.5,-2.380418061120728,-1.36944282319629,-0.058606431687658715,0.000869530533445914
19.51,-2.393989058218207,-1.3447175299945988,-0.06702413733472605,0.0008631170386193873
19.52,-2.4073116565867063,-1.3197656828880509,-0.07477381886633984,0.0008570852662531276
19.53,-2.4203836679909507,-1.2946026553454613,-0.08186209470285206,0.000851433584104919
19.54,-2.433203055282929,-1.2692432886098959,-0.08829629964375499,0.0008461589208205141
19.55,-2.445767927002127,-1.243701876663212,-0.09408444338370077,0.000841256878814153
19.56,-2.4580765318392057,-1.2179921539307637,-0.09923516948311323,0.0008367218472182284
19.57,-2.470127252989915,-1.1921272856025296,-0.10375771497179201,0.0008325471139940665
19.580000000000002,-2.4819186024247606,-1.166119860440082,-0.10766187074673166,0.000828724976390286
19.59,-2.493449215098603,-1.1399818859336912,-0.11095794290840479,0.0008252468490301694
19.6,-2.504717843123003,-1.113724785670335,-0.11365671516313736,0.0008221033690030016
19.61,-2.5157233499227085,-1.0873593987713428,-0.11576941240306556,0.0008192844974255102
19.62,-2.526464704396281,-1.0608959812577299,-0.11730766555961611,0.0008167796170275596
19.63,-2.5369409750994176,-1.0343442092018185,-0.11828347781158538,0.0008145776253998634
19.64,-2.5471513244681416,-1.0077131835254103,-0.11870919221477946,0.0008126670236203627
19.650000000000002,-2.557095003097634,-0.9810114363074036,-0.1185974608068717,0.0008110360000495621
19.66,-2.566771344091129,-0.9542469384672421,-0.11796121522867632,0.0008096725091530198
19.67,-2.5761797574919827,-0.9274271086948122,-0.1168136388914506,0.0008085643452712861
19.68,-2.5853197248107533,-0.9005588235022584,-0.11516814070913578,0.0008076992113136721
19.69,-2.5941907936579076,-0.8736484282785564,-0.11303833040462989,0.0008070647824024549
19.7,-2.6027925724916137,-0.8467017492334733,-0.1104379953902429,0.0008066487645385243
19.71,-2.611124725488971,-0.8197241061236546,-0.1073810792143986,0.0008064389483980124
19.72,-2.6191869675479875,-0.7927203256599323,-0.1038816615593928,0.0008064232584027748
19.73,-2.626979059426642,-0.7656947555014604,-0.09995393976856132,0.0008065897972356352
19.740000000000002,-2.634500803024449,-0.7386512787488921,-0.09561221187551713,0.0008069268859945128
19.75,-2.6417520368111163,-0.7115933288554496,-0.09087086110314346,0.0008074231001982086
19.76,-2.6487326314060837,-0.6845239048813466,-0.08574434179573419,0.0008080673018711505
19.77,-2.655442485312039,-0.6574455870235699,-0.08024716674400932,0.0008088486679452012
19.78,-2.6618815208048496,-0.6303605523594435,-0.07439389585965388,0.0008097567152238285
19.79,-2.6680496799817663,-0.603270590748683,-0.06819912615348576,0.000810781322158164
19.8,-2.6739469209692293,-0.5761771208447435,-0.06167748296930417,0.0008119127476859983
19.81,-2.6795732142911555,-0.5490812061721626,-0.05484361242385737,0.0008131416473837389
19.82,-2.684928539398168,-0.5219835712322783,-0.04771217500215123,0.0008144590871783391
19.830000000000002,-2.690012881357889,-0.49488461760514085,-0.04029784025645152,0.0008158565548614305
19.84,-2.694826227706117,-0.4677844400206339,-0.03261528255677151,0.0008173259696414585
19.85,-2.699368565458469,-0.440682842376764,-0.024679177840338552,0.0008188596899619433
19.86,-2.703639878281867,-0.41357935368775894,-0.01650420130745977,0.0008204505198053563
19.87,-2.707640143825098,-0.38647324394904287,-0.008105026011320019,0.0008220917136924841
19.88,-2.711369331207571,-0.35936353991031955,0.0005036777104917723,0.0008237769805768459
19.89,-2.714827398665322,-0.33224904075190714,0.009307242014551716,0.0008255004868230535
19.900000000000002,-2.7180142913532945,-0.30512833366311976,0.018291000591624314,0.0008272568584467232
19.91,-2.7209299393029194,-0.2779998093249015,0.027440287018977993,0.0008290411827821007
19.92,-2.723574255534066,-0.2508616773020795,0.036740432475281526,0.0008308490097319282
19.93,-2.725947134320495,-0.2237119813535304,0.04617676286781757,0.000832676352742229
19.94,-2.7280484496080475,-0.19654861467124912,0.05573459542121744,0.0008345196896328645
19.95,-2.729878053584927,-0.16936933506177748,0.06539923477643034,0.0008363759634027836
19.96,-2.7314357754035687,-0.14217178008570197,0.0751559686482108,0.0008382425831169715
19.97,-2.7327214200537697,-0.11495348217296465,0.08499006308905732,0.0008401174249701957
19.98,-2.7337347673869306,-0.08771188373355836,0.0948867574072796,0.0008419988336107049
19.990000000000002,-2.7344755712914686,-0.060444352284798726,0.10483125878672522,0.0008438856237950789
20.0,-2.734943559019682,-0.03314819561778409,0.11480873665567308,0.0008457770824334321
20.01,-2.7351384306665727,-0.0058206770268729065,0.12480431685251044,0.0008476729710720674
20.02,-2.73505985880138,0.021540969372973177,0.13480307563606392,0.0008495735288484923
20.03,-2.7347074882528366,0.04893952321531406,0.14479003358885992,0.000851479475941299
20.04,-2.7340809360494105,0.07637776231154113,0.1547501494621542,0.0008533920175248194
20.05,-2.73317979151606,0.10385844691367918,0.1646683140122987,0.0008553128482255772
20.06,-2.73200361652931,0.13138430378378702,0.1745293438789097,0.0008572441570643236
20.07,-2.730551945932711,0.15895801004308022,0.18431797555636906,0.0008591886328538499
20.080000000000002,-2.7288242881150193,0.18658217677414185,0.19401885951142708,0.0008611494700086645
20.09,-2.7268201257536995,0.2142593323500628,0.2036165545010844,0.0008631303747080546
20.1,-2.724538916726607,0.24199190546507707,0.21309552214650415,0.0008651355713388978
20.11,-2.7219800951949598,0.2697822078422383,0.22244012182044334,0.0008671698091288297
20.12,-2.7191430728609447,0.29763241659493983,0.23163460590758392,0.000869238368863955
20.13,-2.7160272404035304,0.3255445562206257,0.2406631154991814,0.0008713470695681985
20.14,-2.712631969096265,0.35352048020689153,0.24950967658562065,0.0008735022750035917
20.150000000000002,-2.7089566126110274,0.381561852232354,0.25815819681275815,0.0008757108998323075
20.16,-2.7050005090118576,0.40967012694719196,0.26659246287032246,0.0008779804152620503
20.17,-2.700762982943136,0.4378465303211537,0.2747961385831166,0.0008803188539765434
20.18,-2.6962433480164854,0.46609203955010786,0.28275276377829517,0.0008827348141324314
20.19,-2.6914409094008374,0.494407362515907,0.29044575400454675,0.0008852374621829314
20.2,-2.6863549666201383,0.5227929167984633,0.2978584011815639,0.0008878365342671254
20.21,-2.680984816563164,0.5512488082435184,0.3049738752606989,0.0008905423358821879
20.22,-2.6753297567098424,0.5797748090946563,0.3117752269801333,0.0008933657395340674
20.23,-2.669389088578381,0.6083703357036715,0.3182453918001969,0.000896318180040491
20.240000000000002,-2.6631621213973133,0.6370344258394912,0.32436719510659706,0.0008994116471389653
20.25,-2.6566481760063603,0.6657657156224713,0.33012335877121585,0.0009026586750319412
20.26,-2.6498465889896776,0.6945624161180611,0.3354965091617279,0.0009060723284818328
20.27,-2.6427567170447026,0.7234222896315683,0.3404691866925297,0.0009096661850506193
20.28,-2.635377941589342,0.7523426257540614,0.3450238570102691,0.0009134543130627484
20.29,-2.6277096736097048,0.7813202172183225,0.3491429239075514,0.0009174512448566
20.3,-2.6197513587499404,0.8103513356332034,0.35280874405808493,0.0009216719448792249
20.31,-2.6115024826450255,0.839431707174731,0.35600364366553183,0.0009261317721724033
20.32,-2.602962576496484,0.8685564883228267,0.3587099371165502,0.0009308464367957694
20.330000000000002,-2.594131222890106,0.897720241743528,0.36090994772585505,0.0009358319497355584
20.34,-2.5850080618536513,0.9269169124280748,0.3625860306574894,0.0009411045658563851
20.35,-2.575592797151377,0.9561398042121012,0.36372059810177254,0.0009466807194691198
20.36,-2.565885202810906,0.9853815568103871,0.36429614678148237,0.0009525769521112036
20.37,-2.5558851298765664,1.014634123515084,0.36429528785361937,0.0009588098321676301
20.38,-2.54559251338176,1.0438887497179472,0.36370077926449373,0.0009653958660020948
20.39,-2.535007379531278,1.073135952429756,0.3624955606057691,0.0009723514003194289
20.400000000000002,-2.5241298530826666,1.1023655009826607,0.3606627905073937,0.000979692515543209
20.41,-2.5129601649138302,1.1315663991135056,0.3581858865899644,0.000987434910066832
20.42,-2.5014986597620337,1.160726868638058,0.35504856798392626,0.0009955937753236574
20.43,-2.4897458041172844,1.189834334937365,0.35123490040604544,0.0010041836617218217
20.44,-2.4777021942508313,1.2188754144879135,0.3467293437647634,0.001013218335602781
20.45,-2.4653685643571426,1.2478359046766934,0.341516802245319,0.0010227106275097486
20.46,-2.452745794785273,1.2767007761503886,0.3355826768029121,0.0010326722721926437
20.47,-2.4398349203330025,1.3054541679545042,0.32891291996770516,0.0010431137409295595
20.48,-2.426637138574553,1.3340793857229936,0.3214940928391759,0.0010540440669103604
20.490000000000002,-2.413153818190058,1.362558903181594,0.31331342411933966,0.0010654706646052205
20.5,-2.3993865072623306,1.3908743672283388,0.3043588710047877,0.0010773991442271933
20.51,-2.385336941503857,1.419006606852263,0.29461918172651247,0.0010898331225923286
20.52,-2.3710070523743347,1.446935646145902,0.2840839594943345,0.0011027740318803624
20.53,-2.3563989750465923,1.4746407216584854,0.27274372756967796,0.0011162209280007663
20.54,-2.341515056176283,1.5021003043245116,0.2605899951567791,0.0011301703004700733
20.55,-2.3263578614285,1.529292126186379,0.24761532376852738,0.001144615885901916
20.56,-2.3109301827123576,1.5561932121097561,0.23381339368944634,0.0011595484873981442
20.57,-2.295235045072716,1.5827799166662129,0.21917907012529705,0.0011749558023016568
20.580000000000002,-2.279275713186622,1.6090279663291653,0.2037084685969383,0.001190822260924893
20.59,-2.263055697410735,1.6349125070963633,0.18739901910596873,0.0012071288789966197
20.6,-2.246578759325066,1.6604081576149368,0.17024952857189726,0.00122385312666802
20.61,-2.2298489167177866,1.6854890678435115,0.15226024101576563,0.0012409688169816224
20.62,-2.2128704479557615,1.7101289832402211,0.13343289494392171,0.0012584460167277545
20.63,-2.1956478956858,1.7343013144158583,0.11377077736867082,0.0012762509825878544
20.64,-2.178186069812503,1.7579792121382207,0.09327877389046174,0.001294346125386764
20.650000000000002,-2.160490049699998,1.7811356475173639,0.07196341425972883,0.001312690005143923
20.66,-2.1425651855468426,1.8037434971425137,0.049832912836110875,0.0013312373594216496
20.67,-2.124417098885987,1.8257756328804176,0.026897203369052686,0.0013499391672160493
20.68,-2.1060516821648894,1.8472050159826872,0.0031679675372515564,0.0013687427503215012
20.69,-2.087475097364712,1.8680047950870076,-0.021341343294560673,0.001387591913722683
20.7,-2.0686937736220044,1.8881484076348605,-0.04661549361410791,0.0014064271261318756
20.71,-2.0497144038213415,1.9076096841676198,-0.07263745707098215,0.001425185741296662
20.72,-2.030543940133071,1.926362954904546,-0.09938841798756184,0.0014438022601598079
20.73,-2.011189588476564,1.944383157951402,-0.12684778144894082,0.0014622086333664361
20.740000000000002,-1.9916588018961294,1.9616459484382316,-0.15499319228852973,0.0014803346029925502
20.75,-1.971959272843998,1.9781278078403586,-0.1838005632177992,0.0014981080817238184
20.76,-1.9520989243724294,1.993806152698925,-0.21324411227367332,0.0015154555670569055
20.77,-1.9320859002449975,2.0086594419273056,-0.24329640967609967,0.0015323025874409038
20.78,-1.9119285539853565,2.0226672818684044,-0.2739284341022282,0.0015485741766373758
20.79,-1.8916354368902049,2.0358105282559684,-0.3051096382934885,0.001564195371969917
20.8,-1.871215285041654,2.048071384231319,-0.33680802381886016,0.0015790917315724137
20.81,-1.8506770053626593,2.0594334935757845,-0.36899022472310566,0.0015931898652447054
20.82,-1.8300296607674758,2.069882028338982,-0.40162159969408795,0.0016064179730992138
20.830000000000002,-1.8092824544671535,2.0794037700740424,-0.4346663322900083,0.0016187063858448573
20.84,-1.788444713497782,2.087987183932828,-0.4680875386769898,0.0016299881003172723
20.85,-1.7675258715463962,2.095622484926878,-0.5018473822414151,0.0016401993037355599
20.86,-1.7465354511561084,2.1023016957226894,-0.5359071943612894,0.001649279880152555
20.87,-1.7254830453979746,2.108018695412302,-0.5702276005480634,0.0016571738926720258
20.88,-1.7043782991023078,2.1127692587810207,-0.6047686511061238,0.0016638300352329277
20.89,-1.6832308897464923,2.1165510856824397,-0.6394899554027222,0.0016692020481061088
20.900000000000002,-1.6620505080997814,2.1193638202253213,-0.6743508187974815,0.0016732490917070973
20.91,-1.6408468387280286,2.121209059576026,-0.7093103812485972,0.001675936073891556
20.92,-1.6196295404627519,2.1220903522824375,-0.7443277565930569,0.0016772339265567668
20.93,-1.5984082269393523,2.1220131861291622,-0.779362171490986,0.0016771198281087943
20.94,-1.5771924473086958,2.120984965637479,-0.8143731030297353,0.0016755773691554685
20.95,-1.5559916672246152,2.119014979425483,-0.8493204140014295,0.001672596659632318
20.96,-1.5348152502072405,2.116114357742479,-0.8841644848980351,0.0016681743764430344
20.97,-1.513672439478453,2.112296020585392,-0.9188663417100004,0.0016623137515793798
20.98,-1.4925723403612356,2.1075746168923963,-0.9533877786673528,0.0016550245015577198
20.990000000000002,-1.471523903329335,2.1019664553887996,-0.9876914751248127,0.0016463226998523761
21.0,-1.4505359077875397,2.0954894277313842,-1.0217411058638337,0.0016362305948021587
21.01,-1.4296169466560944,2.0881629246589775,-1.055501444163197,0.001624776376199699
21.02,-1.4087754118254336,2.080007745908269,-1.0889384570744696,0.0016119938944297702
21.03,-1.3880194805396138,2.071046004694364,-1.1220193924277995,0.0015979223365914551
21.04,-1.3673571027586706,2.0613010275849293,-1.1547128571856613,0.001582605864510619
21.05,-1.3467959895417425,2.0507972506150556,-1.1869888868557739,0.0015660932199176953
21.06,-1.3263436024842812,2.03956011249722,-1.2188190057680122,0.0015484373023283181
21.07,-1.3060071442341372,2.027615945777387,-1.250176278112326,0.001529694725319961
21.080000000000002,-1.2857935501028548,2.0149918667748246,-1.2810353497241418,0.0015099253569490622
21.09,-1.2657094807802438,2.0017156651203334,-1.311372480689274,0.0014891918500042588
21.1,-1.2457613161522982,1.9878156936761282,-1.341165568920937,0.0014675591676494041
21.11,-1.2259551502148887,1.9733207595814504,-1.3703941649361335,0.0014450941097832654
21.12,-1.2062967870684402,1.9582600171221938,-1.3990394781267406,0.001421864845141251
21.13,-1.1867917379720756,1.9426628630714118,-1.4270843748814517,0.001397940453799066
21.14,-1.1674452194295122,1.926558835091648,-1.4545133689679306,0.001373390484320639
21.150000000000002,-1.148262152273386,1.9099775137306934,-1.4813126046298501,0.0013482845293348723
21.16,-1.1292471617096673,1.8929484284806741,-1.5074698328908163,0.0013226918228396777
21.17,-1.1104045782794467,1.875500968307369,-1.532974381586567,0.001296680862028999
21.18,-1.0917384396916183,1.857664296993299,-1.5578171196684605,0.0012703190559296938
21.19,-1.0732524934768695,1.8394672735753421,-1.5819904163354122,0.0012436724026309298
21.2,-1.054950200410881,1.8209383780961947,-1.605488095558516,0.0012168051963975246
21.21,-1.0368347386527539,1.8021056428296909,-1.6283053865630428,0.001189779765488588
21.22,-1.0189090085433594,1.782996589083376,-1.6504388708269093,0.0011626562410607935
21.23,-1.0011756380075487,1.7636381696283834,-1.6718864261436333,0.0011354923571263492
21.240000000000002,-0.9836369885039047,1.7440567167569718,-1.6926471682818534,0.0011083432811640414
21.25,-0.966295161465952,1.724277895922393,-1.7127213907533498,0.0010812614746500077
21.26,-0.9491520051794022,1.7043266648742834,-1.7321105031777755,0.001054296582485041
21.27,-0.9322091220410702,1.6842272381656735,-1.750816968705649,0.0010274953500480236
21.28,-0.9154678761465014,1.6640030568750226,-1.768844240932174,0.0010009015663999964
21.29,-0.8989294011550639,1.6436767633584182,-1.7861967007037245,0.0009745560319995855
21.3,-0.8825946083832297,1.6232701808231336,-1.802879593186911,0.000948496549166086
21.31,-0.8664641950789574,1.6028042974939931,-1.8188989655375505,0.0009227579334392182
21.32,-0.8505386528324612,1.5822992551282562,-1.8342616054740297,0.0008973720439314087
21.330000000000002,-0.8348182760811508,1.5617743416227907,-1.8489749810269247,0.0008723678307466739
21.34,-0.8193031706691393,1.5412479874489018,-1.863047181704661,0.0008477713975462224
21.35,-0.803993262424387,1.5207377656450494,-1.8764868612837933,0.0008236060773713823
21.36,-0.788888305719261,1.5002603950955318,-1.8893031824024094,0.0007998925198861923
21.37,-0.7739878919830109,1.4798317468237483,-1.9015057631064538,0.0007766487882712068
21.38,-0.759291458137358,1.4594668530315735,-1.91310462547157,0.0007538904640840349
21.39,-0.7447982949290622,1.4391799186213916,-1.9241101463975399,0.000731630758497373
21.400000000000002,-0.7305075551359268,1.418984334944163,-1.9345330106486238,0.0007098806284290785
21.41,-0.7164182616252307,1.398892695525252,-1.9443841661911478,0.000688648896188733
21.42,-0.7025293152460131,1.378916813529366,-1.9536747818595683,0.0006679423713785254
21.43,-0.6888395025389673,1.3590677407366092,-1.962416207363974,0.0006477659739012084
21.44,-0.6753475032499253,1.339355787813099,-1.9706199356355316,0.0006281228570425901
21.45,-0.6620518976350217,1.3197905456716155,-1.9782975674917118,0.0006090145297087457
21.46,-0.648951173547606,1.3003809077301907,-1.9854607785901737,0.0005904409770077444
21.47,-0.6360437332988325,1.281135092889187,-1.99212128862888,0.0005724007784710577
21.48,-0.6233279002855864,1.2620606690601381,-1.9982908327402664,0.0005548912233100258
21.490000000000002,-0.610801925381011,1.2431645770922912,-2.003981135019015,0.0005379084221973707
21.5,-0.5984639930843747,1.2244531549552697,-2.0092038841160798,0.0005214474151519484
21.51,-0.5863122274283761,1.2059321620484964,-2.0139707108259803,0.0005055022751868029
21.52,-0.5743446976432139,1.187606803519869,-2.0182931675899383,0.0004900662074557243
21.53,-0.5625594235778723,1.1694817544876177,-2.022182709834031,0.00047513164370193843
21.54,-0.5509543808800703,1.151561184070231,-2.0256506790591393,0.00046069033187437865
21.55,-0.5395275059372311,1.133848779139779,-2.02870828759792,0.000446733420832358
21.56,-0.5282767005816144,1.1163477677238567,-2.0313666049532846,0.00043325154010855483
21.57,-0.5171998365634638,1.0990609419906876,-2.0336365456327883,0.00042023487474329073
21.580000000000002,-0.5062947597966273,1.0819906807606883,-2.0355288583938824,0.00040767323524066625
21.59,-0.4955592943816346,1.0651389714959398,-2.0370541168160408,0.000395556122729285
21.6,-0.48499124641166425,1.0485074317266054,-2.0382227111172937,0.000383872789437481
21.61,-0.4745884075672062,1.0320973298803378,-2.039044841134592,0.00037261229461578606
21.62,-0.46434855850553236,1.0159096054871704,-2.039530510389651,0.00036176355605791247
21.63,-0.45426947205133295,0.9999448887382938,-2.0396895211643993,0.000351315397386289
21.64,-0.4443489161950655,0.9842035193825011,-2.0395314705128365,0.00034125659127957496
21.650000000000002,-0.4345846569057003,0.9686855649489703,-2.0390657471389657,0.0003315758988278986
21.66,-0.42497446076463663,0.9533908382894588,-2.038301529073419,0.0003222621052072118
21.67,-0.415516097427614,0.938318914436935,-2.03724778208445,0.00031330405186732563
21.68,-0.40620734192145386,0.9234691467812068,-2.0359132587620516,0.0003046906654293765
21.69,-0.39704597678244613,0.9088406825652302,-2.034306498217079,0.0002964109834878121
21.7,-0.38802979404314303,0.8944324777085417,-2.0324358263403504,0.00028845417750979614
21.71,-0.3791565970742473,0.8802433109666642,-2.0303093565697767,0.0002808095730214293
21.72,-0.3704242022881817,0.8662717974374262,-2.027934991116599,0.00027346666726561086
21.73,-0.36183044071080805,0.852516401426925,-2.0253204226047683,0.00026641514451091586
21.740000000000002,-0.3533731594276301,0.838975448689384,-2.022473136080391,0.0002596448891846797
21.75,-0.34505022291066373,0.8256471380564262,-2.0194004113509605,0.0002531459969967895
21.76,-0.33685951423199884,0.8125295524723268,-2.016109325616793,0.00024690878421351677
21.77,-0.3287989361699066,0.7996206694526494,-2.0126067563596926,0.00024092379523333435
21.78,-0.32086641221316836,0.7869183709843188,-2.008899384456358,0.00023518180860906962
21.79,-0.3130598874691198,0.7744204528856706,-2.0049936974864204,0.00022967384165304908
21.8,-0.3053773294807157,0.7621246336453491,-2.0008959932072927,0.0002243911537542184
21.81,-0.29781672895773265,0.7500285627591287,-1.996612383170139,0.0002193252485285705
21.82,-0.2903761004270334,0.7381298285838147,-1.992148796453349,0.00021446787491672046
21.830000000000002,-0.2830534828066277,0.7264259657273577,-1.9875109834918145,0.00020981102733515377
21.84,-0.27584693990807135,0.7149144619942005,-1.9827045199821378,0.0002053469449804784
21.85,-0.268754560871557,0.7035927649046848,-1.9777348108456223,0.00020106811037912987
21.86,-0.2617744605378632,0.6924582878070821,-1.9726070942325034,0.00019696724726835465
21.87,-0.25490477976114373,0.6815084156004894,-1.9673264455523911,0.00019303731788790156
21.88,-0.2481436856663593,0.6707405100864626,-1.9618977815173124,0.0001892715197557706
21.89,-0.24148937185497601,0.6601519149668442,-1.9563258641850574,0.0001856632819955908
21.900000000000002,-0.23494005856238367,0.6497399605047959,-1.9506153049917672,0.00018220626127771352
21.91,-0.22849399277031857,0.6395019678655716,-1.9447705687638428,0.0001788943374309072
21.92,-0.22214944827741276,0.6294352531530696,-1.9387959777003188,0.00017572160877667436
21.93,-0.21590472573083422,0.6195371311576875,-1.9326957153178264,0.00017268238723361742
21.94,-0.20975815262182895,0.6098049188304807,-1.9264738303511848,0.00016977119323495192
21.95,-0.20370808324782963,0.6002359384980922,-1.920134240603496,0.00016698275049826475
21.96,-0.19775289864365286,0.590827520832384,-1.913680736740397,0.00016431198068286908
21.97,-0.19189100648417046,0.581577007588165,-1.9071169860238304,0.00016175399796659393
21.98,-0.18612084096070922,0.5724817541218752,-1.9004465359813547,0.00015930410357060067
21.990000000000002,-0.18044086263330752,0.5635391317035555,-1.8936728180076097,0.00015695778025785176
22.0,-0.17484955826083637,0.5547465296339107,-1.8867991508951025,0.00015471068682803915
22.01,-0.16934544061087697,0.5461013571777577,-1.8798287442919812,0.00015255865262922574
22.02,-0.16392704825113694,0.5376010453246476,-1.8727647020849165,0.00015049767210413415
22.03,-0.15859294532408108,0.5292430483869566,-1.8656100257056258,0.0001485238993867915
22.04,-0.1533417213063531,0.5210248454452602,-1.8583676173599524,0.00014663364296329523
22.05,-0.14817199075446774,0.5129439416503392,-1.8510402831787454,0.00014482336040864364
22.06,-0.14308239303816267,0.5049978693907106,-1.8436307362900999,0.0001430896532098914
22.07,-0.1380715920627119,0.4971841893341387,-1.8361415998127846,0.00014142926168442108
22.080000000000002,-0.13313827598142067,0.48950049135115814,-1.8285754097709341,0.00013983906000071083
22.09,-0.12828115689944292,0.48194439532822864,-1.8209346179303039,0.0001383160513077626
22.1,-0.12349897056998907,0.47451355187774996,-1.813221594556578,0.00013685736297821608
22.11,-0.11879047608392042,0.4672056429517843,-1.8054386310963977,0.00013546024196915539
22.12,-0.11415445555366074,0.46001838236596965,-1.7975879427819288,0.00013412205030372747
22.13,-0.10958971379229204,0.45294951623975876,-1.7896716711599188,0.00013284026067584312
22.14,-0.10509507798864204,0.445996823358783,-1.7816918865463152,0.00013161245217950003
22.150000000000002,-0.10066939737911439,0.4391581154648205,-1.7736505904076154,0.0001304363061636559
22.16,-0.09631154291695952,0.4324312374785419,-1.7655497176702022,0.00012930960221294266
22.17,-0.09202040693963373,0.4258140676599147,-1.7573911389589985,0.00012823021425403854
22.18,-0.08779490283484659,0.41930451771086785,-1.7491766627668295,0.00012719610678705977
22.19,-0.08363396470585226,0.4129005328245539,-1.740908037555937,0.00012620533124090705
22.2,-0.07953654703649805,0.40660009168529154,-1.7325869537931262,0.00012525602245121677
22.21,-0.07550162435650411,0.4004012064230311,-1.724215045920061,0.0001243463952592037
22.22,-0.07152819090741058,0.3943019225259578,-1.7157938942602438,0.00012347474122946777
22.23,-0.06761526030959396,0.38830031871462806,-1.707325026864237,0.00012263942548460915
22.240000000000002,-0.06376186523072087,0.38239450678083003,-1.6988099212946886,0.0001218388836543096
22.25,-0.05996705705597722,0.3765826313941624,-1.6902500063527295,0.00012107161893638865
22.26,-0.05622990556038106,0.37086286987914036,-1.6816466637473138,0.00012033619926721626
22.27,-0.052549498583460794,0.36523343196546176,-1.6730012297090586,0.00011963125459875884
22.28,-0.04892494170655458,0.35969255951390094,-1.6643149965501411,0.00011895547427948114
22.29,-0.0453553579329629,0.3542385262201382,-1.6555892141717858,0.00011830760453624848
22.3,-0.04183988737116419,0.3488696372986866,-1.6468250915208684,0.00011768644605432943
22.31,-0.03837768692128215,0.3435842291489351,-1.6380237979971368,0.00011709085165262023
22.32,-0.034967929964974206,0.3383806690051948,-1.6291864648125298,0.00011651972405113867
22.330000000000002,-0.03160980605889207,0.3332573545725099,-1.6203141863040524,0.00011597201372788727
22.34,-0.028302520631848446,0.3282127136498755,-1.611408021201638,0.00011544671686219468
22.35,-0.02504529468580816,0.32324520374239457,-1.6024689938524017,0.00011494287336165287
22.36,-0.02183736450080699,0.3183533116637991,-1.593498095402662,0.00011445956496980141
22.37,-0.018677981343887932,0.3135355531306623,-1.5844962849390771,0.00011399591345176137
22.38,-0.01556641118213168,0.3087904723495355,-1.5754644905902122,0.00011355107885507407
22.39,-0.01250193439984633,0.30411664159815527,-1.5664036105898247,0.0001131242578430142
22.400000000000002,-0.009483845519970195,0.29951266080178285,-1.557314514303122,0.00011271468209774724
22.41,-0.006511452929731418,0.29497715710566164,-1.548198043217214,0.00011232161679073118
22.42,-0.0035840786105986043,0.29050878444450423,-1.5390550118969542,0.00011194435911782816
22.43,-0.0007010578725478943,0.28610622310985206,-1.5298862089073268,0.00011158223689666943
22.44,0.0021382609073362043,0.2817681793160868,-1.520692397703511,0.00011123460722387394
22.45,0.004934516541916363,0.277493384765811,-1.5114743174897145,0.00011090085518976731
22.46,0.007688335286711418,0.2732805962152604,-1.5022326840478488,0.0001105803926483608
22.47,0.010400331088262181,0.26912859504035513,-1.4929681905370724,0.00011027265704037801
22.48,0.013071105828163315,0.2650361868039484,-1.4836815082652128,0.00010997711026719881
22.490000000000002,0.01570124956277583,0.26100220082478454,-1.4743732874330362,0.00010969323761368659
22.5,0.018291340758639668,0.2570254897486335,-1.4650441578523095,0.00010942054671785609
22.51,0.020841946523610315,0.25310492912202937,-1.4556947296385716,0.00010915856658550008
22.52,0.02335362283374745,0.24923941696900082,-1.446325593879496,0.00010890684664790747
22.53,0.02582691475598735,0.2454278733711467,-1.4369373232797047,0.000108664955860856
22.54,0.028262356666634098,0.24166924005137552,-1.4275304727828617,0.00010843248184318128
22.55,0.030660472465707748,0.23796247996159758,-1.4181055801718512,0.00010820903005323562
22.56,0.03302177578719024,0.23430657687462797,-1.4086631666478144,0.00010799422300163778
22.57,0.0353467702052124,0.2307005349805327,-1.3992037373887982,0.00010778769949877234
22.580000000000002,0.03763594943622745,0.22714337848762414,-1.3897277820887397,0.00010758911393554628
22.59,0.03988979753721854,0.2236341512282887,-1.3802357754774897,0.00010739813559598665
22.6,0.042108789099989344,0.22017191626980762,-1.3707281778225509,0.00010721444800029842
22.61,0.04429338944158847,0.21675575553031143,-1.3612054354131868,0.0001070377482770619
22.62,0.046444054790919564,0.21338476939998965,-1.351667981027533,0.00010686774656330691
22.63,0.04856123247159025,0.2100580763676595,-1.34211623438332,0.00010670416543126285
22.64,0.0506453610810539,0.20677481265278128,-1.332550602572798,0.00010654673934059705
22.650000000000002,0.05269687066609912,0.2035341318429931,-1.3229714804824315,0.0001063952141150324
22.66,0.05471618289474242,0.20033520453722314,-1.3133792511979114,0.00010624934644228139
22.67,0.056703711224580094,0.19717721799442509,-1.3037742863950155,0.00010610890339626245
22.68,0.058659861067655694,0.1940593757879701,-1.2941569467168252,0.00010597366198060394
22.69,0.060585029951899856,0.19098089746571817,-1.2845275821377953,0.00010584340869251522
22.7,0.06247960767919921,0.18794101821578046,-1.2748865323151448,0.00010571793910611253
22.71,0.06434397648015147,0.18493898853797652,-1.2652341269280338,0.00010559705747431987
22.72,0.0661785111655635,0.1819740739209796,-1.2555706860049625,0.00010548057634854201
22.73,0.06798357927474923,0.17904555452513737,-1.2458965202398204,0.00010536831621530342
22.740000000000002,0.06975954122068405,0.17615272487094663,-1.236211931296996,0.00010526010514910544
22.75,0.07150675043207216,0.17329489353315478,-1.2265172121059391,0.00010515577848076038
22.76,0.07322555349238292,0.17047138284045463,-1.216812647145563,0.0001050551784805253
22.77,0.07491629027591191,0.16768152858073335,-1.2070985127188458,0.00010495815405536755
22.78,0.07657929408092208,0.16492467971183175,-1.1973750772179927,0.00010486456045972566
22.79,0.0782148917599199,0.16220019807776537,-1.1876426013804933,0.00010477425901915967
22.8,0.07982340384712078,0.15950745813035466,-1.1779013385364074,0.00010468711686632208
22.81,0.08140514468315754,0.15684584665620835,-1.1681515348471931,0.00010460300668868052
22.82,0.08296042253708535,0.1542147625090001,-1.1583934295363831,0.00010452180648746349
22.830000000000002,0.08448953972573557,0.1516136163469762,-1.1486272551124033,0.00010444339934735011
22.84,0.08599279273047056,0.14904183037562937,-1.138853237583815,0.0001043676732163857
22.85,0.08747047231139077,0.14649883809547104,-1.1290715966672562,0.00010429452069567251
22.86,0.0889228636190448,0.143984084054833,-1.1192825459883426,0.00010422383883841778
22.87,0.09035024630369232,0.14149702360762734,-1.109486293275781,0.00010415552895788928
22.88,0.09175289462216897,0.13903712267599186,-1.0996830405489402,0.00010408949644388502
22.89,0.09313107754240205,0.1366038575177476,-1.089872984299114,0.00010402565058734335
22.900000000000002,0.09448505884562432,0.13419671449859308,-1.080056315664701,0.00010396390441271187
22.91,0.09581509722633322,0.13181518986895985,-1.070233220600521,0.00010390417451773605
22.92,0.09712144639004162,0.1294587895454528,-1.0604038800414761,0.00010384638092032807
22.93,0.09840435514886559,0.12712702889679844,-1.0505684700607603,0.00010379044691220087
22.94,0.09966406751499378,0.12481943253422352,-1.0407271620228098,0.00010373629891895625
22.95,0.1009008227920826,0.12253553410618707,-1.0308801227311852,0.00010368386636634091
22.96,0.10211485566461992,0.12027487609738773,-1.0210275145715626,0.00010363308155239301
22.97,0.10330639628530014,0.11803700963196899,-1.01116949565001,0.00010358387952521236
22.98,0.10447567036045179,0.11582149428084522,-1.0013062199267153,0.00010353619796610612
22.990000000000002,0.10562289923355878,0.11362789787307084,-0.9914378373453291,0.00010348997707785506
23.0,0.1067482999669152,0.11145579631117626,-0.9815644939580753,0.00010344515947788608
23.01,0.10785208542145301,0.10930477339039384,-0.9716863320467822,0.00010340169009612427
23.02,0.1089344643347811,0.1071744206216982,-0.9618034902399765,0.0001033595160773088
23.03,0.10999564139747352,0.10506433705858542,-0.9519161036261802,0.00010331858668758621
23.04,0.1110358173276439,0.1029741291275164,-0.9420243038635444,0.00010327885322517146
23.05,0.1120551889438423,0.10090341046195044,-0.9321282192859495,0.00010324026893490903
23.06,0.11305394923631006,0.09885180173989559,-0.9222279750056948,0.00010320278892655644
23.07,0.1140322874366274,0.09681893052490341,-0.9123236930128998,0.00010316637009661578
23.080000000000002,0.11499038908578792,0.09480443111043624,-0.9024154922717311,0.00010313097105356687
23.09,0.11592843610073333,0.0928079443675363,-0.8925034888135661,0.00010309655204634054
23.1,0.1168466068393811,0.0908291175957265,-0.8825877958272025,0.000103063074895892
23.11,0.11774507616417694,0.08886760437707401,-0.8726685237462154,0.00010303050292973615
23.12,0.11862401550420353,0.08692306443334838,-0.8627457803335629,0.00010299880091930838
23.13,0.11948359291587593,0.08499516348620702,-0.8528196707635356,0.00010296793502003513
23.14,0.12032397314225382,0.08308357312034191,-0.8428902977011431,0.0001029378727139846
23.150000000000002,0.12114531767099959,0.0811879706495223,-0.8329577613790267,0.0001029085827549838
23.16,0.1219477847910112,0.07930803898546904,-0.8230221596719843,0.00010288003511610111
23.17,0.12273152964775765,0.07744346650949753,-0.8130835881691915,0.00010285220093937659
23.18,0.12349670429734436,0.07559394694686694,-0.8031421402441971,0.00010282505248771259
23.19,0.12424345775933547,0.0737591792437745,-0.7931979071227726,0.00010279856309882678
23.2,0.124971936068359,0.07193886744693467,-0.7832509779486883,0.0001027727071411688
23.21,0.12568228232452042,0.07013272058568425,-0.7733014398474883,0.00010274745997171817
23.22,0.12637463674264968,0.06834045255655483,-0.7633493779883356,0.0001027227978955916
23.23,0.12704913670040618,0.06656178201025591,-0.7533948756439899,0.0001026986981273622
23.240000000000002,0.12770591678526524,0.0647964322410123,-0.743438014248988,0.00010267513875402833
23.25,0.12834510884040953,0.06304413107820067,-0.7334788734560843,0.00010265209869955597
23.26,0.12896684200954817,0.06130461078023133,-0.7235175311910143,0.00010262955769091925
23.27,0.1295712427806856,0.05957760793062182,-0.713554063705638,0.00010260749622559045
23.28,0.13015843502886204,0.05786286333621039,-0.7035885456295197,0.00010258589554039743
23.29,0.1307285400578864,0.056160121927458055,-0.693621050019997,0.00010256473758170264
23.3,0.13128167664108256,0.054469132660788996,-0.6836516484107925,0.00010254400497683944
23.31,0.13181796106106905,0.05278964842292014,-0.673680410859218,0.0001025236810067474
23.32,0.13233750714859163,0.05112142593713141,-0.6637074059920196,0.0001025037495797711
23.330000000000002,0.1328404263204283,0.0494642256714294,-0.6537327010499102,0.00010248419520655553
23.34,0.13332682761638506,0.0478178117485578,-0.6437563619308362,0.00010246500297599131
23.35,0.13379681773540078,0.04618195185780917,-0.6337784532320205,0.00010244615853217952
23.36,0.1342505010707792,0.0445564171685931,-0.6237990382908252,0.00010242764805235802
23.37,0.13468797974456503,0.042940982245717144,-0.6138181792244737,0.00010240945822575073
23.38,0.13510935364108131,0.04133542496633738,-0.6038359369686734,0.00010239157623330471
23.39,0.1355147204396445,0.039739526438536496,-0.5938523713151757,0.00010237398972827303
23.400000000000002,0.13590417564647317,0.0381530709214881,-0.58386754094831,0.00010235668681761266
23.41,0.13627781262580627,0.036575845747166706,-0.573881503480529,0.00010233965604415547
23.42,0.13663572263024593,0.035007641243563745,-0.5638943154869983,0.00010232288636952587
23.43,0.13697799483033984,0.03344825065937057,-0.5539060325392633,0.00010230636715776864
23.44,0.13730471634341773,0.03189747009009044,-0.5439167092380276,0.00010229008815965812
23.45,0.13761597226169572,0.03035509840554192,-0.5339263992450722,0.00010227403949766659
23.46,0.13791184567966272,0.028820937178717147,-0.5239351553143465,0.00010225821165155548
23.47,0.13819241772076196,0.027294790615958926,-0.5139430293222599,0.00010224259544456536
23.48,0.13845776756338077,0.025776465488421475,-0.5039500722972028,0.00010222718203018606
23.490000000000002,0.13870797246616115,0.0242657710647802,-0.49395633444832393,0.00010221196287947246
23.5,0.1389431077926437,0.022762519045156675,-0.4839618651935909,0.00010219692976889134
23.51,0.13916324703525657,0.021266523496225577,-0.47396671318715894,0.00010218207476867788
23.52,0.13936846183866133,0.019777600787470994,-0.46397092634607345,0.00010216739023167236
23.53,0.1395588220224671,0.018295569528560183,-0.45397455187633023,0.00010215286878262685
23.54,0.13973439560332368,0.016820250507803426,-0.4439776362983165,0.00010213850330795749
23.55,0.13989524881640472,0.015351466631669258,-0.4339802254716556,0.00010212428694592716
23.56,0.14004144613629124,0.013889042865324915,-0.4239823646194773,0.00010211021307723825
23.57,0.14017305029726537,0.01243280617417243,-0.41398409835213495,0.00010209627531601918
23.580000000000002,0.14029012231302448,0.010982585466351348,-0.40398547069039037,0.00010208246750119408
23.59,0.140392721495825,0.009538211536179592,-0.39398652508808607,0.00010206878368821423
23.6,0.14048090547506514,0.008099517008504501,-0.38398730445432494,0.00010205521814113859
23.61,0.14055473021531573,0.006666336283936625,-0.3739878511751758,0.00010204176532505251
23.62,0.1406142500338075,0.005238505484939318,-0.36398820713492347,0.00010202841989880836
23.63,0.14065951761738363,0.003815862402747678,-0.35398841373688117,0.00010201517670807674
23.64,0.1406905840389253,0.0023982464450908528,-0.34398851192378266,0.00010200203077869623
23.650000000000002,0.14070749877325853,0.0009854985846921714,-0.333988542197771,0.00010198897731031009
23.66,0.14071030971254986,-0.00042253869147796806,-0.3239885446400006,0.00010197601167028025
23.67,0.14069906318119804,-0.001826021432221114,-0.31398855892986793,0.00010196312938786712
23.68,0.14067380395022916,-0.003225104271425909,-0.30398862436388757,0.0001019503261486649
23.69,0.14063457525120207,-0.004619940476703198,-0.2939887798742277,0.00010193759778928447
23.7,0.14058141878963074,-0.006010681997364531,-0.28398906404692076,0.00010192494029227389
23.71,0.14051437475792994,-0.00739747951176711,-0.2739895151397629,0.00010191234978126734
23.72,0.14043348184789076,-0.008780482474047873,-0.26399017109991735,0.00010189982251635773
23.73,0.14033877726269142,-0.010159839160269038,-0.25399106958123446,0.00010188735488968007
23.740000000000002,0.14023029672844978,-0.011535696713997089,-0.2439922479613027,0.0001018749434212035
23.75,0.14010807450532267,-0.01290820119133687,-0.23399374335824302,0.00010186258475472196
23.76,0.13997214339815747,-0.014277497605442108,-0.22399559264726035,0.00010185027565403624
23.77,0.13982253476670126,-0.015643729970523396,-0.21399783247696394,0.000101838012999325
23.78,0.1396592785353721,-0.017007041345374358,-0.20400049928546954,0.00010182579378369437
23.79,0.13948240320259767,-0.01836757387643645,-0.19400362931629514,0.00010181361510990342
23.8,0.1392919358497251,-0.019725468840422533,-0.18400725863406234,0.00010180147418725971
23.81,0.13908790214950714,-0.021080866686519175,-0.17401142314001478,0.00010178936832867856
23.82,0.1388703263741679,-0.022433907078187276,-0.16401615858736535,0.00010177729494790278
23.830000000000002,0.13863923140305284,-0.023784728934580456,-0.1540215005964831,0.00010176525155687873
23.84,0.13839463872986613,-0.02513347047160038,-0.14402748466993107,0.00010175323576328243
23.85,0.13813656846949948,-0.026480269242607962,-0.13403414620736595,0.00010174124526819409
23.86,0.13786503936445527,-0.02782526217880923,-0.1240415205203101,0.00010172927786391633
23.87,0.13758006879086743,-0.02916858562933434,-0.11404964284680665,0.00010171733143193223
23.88,0.13728167276412315,-0.03051037540102814,-0.10405854836596802,0.00010170540394100146
23.89,0.13696986594408775,-0.031850766797970484,-0.0940682722124282,0.00010169349344539035
23.900000000000002,0.13664466163993588,-0.03318989466074419,-0.08407884949070882,0.00010168159808323341
23.91,0.13630607181459112,-0.03452789340546865,-0.07409031528950925,0.00010166971607502425
23.92,0.13595410708877634,-0.035864897062616634,-0.06410270469593056,0.00010165784572223295
23.93,0.13558877674467693,-0.03720103931563196,-0.05411605280964318,0.00010164598540604877
23.94,0.13521008872921877,-0.03853645353936539,-0.04413039475700817,0.00010163413358624527
23.95,0.1348180496569627,-0.039871272838346045,-0.034145765705161715,0.00010162228880016687
23.96,0.13441266481261693,-0.0412056300849056,-0.024162200876072494,0.00010161044966183528
23.97,0.13399393815316898,-0.04253965795717228,-0.014179735560581578,0.00010159861486117445
23.98,0.13356187230963826,-0.043873488976951654,-0.004198405132434364,0.00010158678316335308
23.990000000000002,0.13311646858845022,-0.04520725554751119,0.005781754937685896,0.0001015749534082438
24.0,0.13265772697243325,-0.046541089991285346,0.015760709068113502,0.0001015631245099983
24.01,0.13218564612143863,-0.04787512458751799,0.025738421552135134,0.00010155129545673787
24.02,0.13170022337258452,-0.04920949160985885,0.035714856543894634,0.00010153946531035946
24.03,0.13120145474012404,-0.05054432336393069,0.04568997804425827,0.00010152763320645678
24.04,0.1306893349149377,-0.05187975222488376,0.055663749886630975,0.00010151579835435653
24.05,0.1301638572636504,-0.05321591067495417,0.06563613572271404,0.00010150396003726982
24.060000000000002,0.1296250138273727,-0.05455293134104276,0.07560709900819466,0.00010149211761256061
24.07,0.12907279532006607,-0.05589094703233101,0.08557660298835795,0.00010148027051212972
24.080000000000002,0.1285071911265319,-0.05723009077795043,0.09554461068361143,0.00010146841824291674
24.09,0.1279281893000232,-0.058570495864722225,0.1055110848749127,0.00010145656038752095
24.1,0.12733577655947886,-0.059912295874983555,0.1154759880890902,0.00010144469660494097
24.11,0.12672993828637877,-0.061255624724517115,0.12543928258404738,0.00010143282663143671
24.12,0.12611065852121925,-0.0626006167006006,0.1354009303338404,0.00010142095028151373
24.13,0.1254779199596074,-0.06394740650019276,0.14536089301361918,0.00010140906744903185
24.14,0.12483170394797256,-0.06529612926827262,0.15531913198442174,0.00010139717810844171
24.150000000000002,0.12417199047889389,-0.06664692063634879,0.16527560827781174,0.00010138528231614898
24.16,0.1234987581860416,-0.06799991676115556,0.17523028258034853,0.00010137338021201074
24.17,0.12281198433873045,-0.06935525436355267,0.1851831152178796,0.00010136147202096616
24.18,0.12211164483608307,-0.07071307076764577,0.19513406613964443,0.00010134955805480379
24.19,0.12139771420080094,-0.07207350394014464,0.20508309490217913,0.00010133763871406922
24.2,0.12067016557254043,-0.07343669252997624,0.21503016065301095,0.00010132571449011664
24.21,0.11992897070089152,-0.07480277590816989,0.2249752221141314,0.00010131378596730685
24.22,0.11917409993795612,-0.07617189420803196,0.23491823756523664,0.0001013018538253567
24.23,0.11840552223052313,-0.07754418836562756,0.24485916482672376,0.00010128991884184373
24.240000000000002,0.11762320511183712,-0.0789198001605868,0.2547979612424311,0.0001012779818948712
24.25,0.11682711469295723,-0.08029887225725342,0.2647345836621108,0.00010126604396589412
24.26,0.11601721565370281,-0.08168154824619364,0.2746689884236209,0.00010125410614271815
24.27,0.11519347123318205,-0.08306797268608336,0.28460113133482584,0.00010124216962267088
24.28,0.11435584321989983,-0.08445829114599188,0.29453096765519055,0.00010123023571595173
24.29,0.11350429194144065,-0.08585265024808046,0.30445845207705763,0.00010121830584917096
24.3,0.11263877625372239,-0.08725119771073445,0.3143835387065925,0.00010120638156907571
24.310000000000002,0.11175925352981653,-0.08865408239214748,0.324306181044384,0.00010119446454647707
24.32,0.11086567964833023,-0.09006145433437697,0.3342263319656861,0.00010118255658038273
24.330000000000002,0.10995800898134538,-0.09147346480788984,0.34414394370028695,0.00010117065960233859
24.34,0.10903619438190959,-0.09289026635661789,0.35405896781199075,0.00010115877568099137
24.35,0.10810018717107417,-0.09431201284354236,0.3639713551776972,0.00010114690702688045
24.36,0.10714993712447335,-0.09573885949682764,0.37388105596606375,0.00010113505599746305
24.37,0.10618539245843946,-0.09717096295652389,0.3837880196157352,0.00010112322510238263
24.38,0.10520649981564809,-0.09860848132185901,0.393692194813124,0.000101111417008994
24.39,0.10421320425028732,-0.10005157419914056,0.40359352946972565,0.00010109963454815064
24.400000000000002,0.10320544921274485,-0.10150040275028817,0.413491970698952,0.00010108788072026073
24.41,0.10218317653380643,-0.10295512974201773,0.42338746479246503,0.00010107615870163326
24.42,0.10114632640835923,-0.10441591959569847,0.4332799571959941,0.00010106447185111438
24.43,0.10009483737859311,-0.1058829384379047,0.4431693924846175,0.00010105282371702962
24.44,0.09902864631669286,-0.10735635415168396,0.4530557143374905,0.00010104121804444476
24.45,0.09794768840701407,-0.1088363364285639,0.4629388655119998,0.00010102965878275887
24.46,0.09685189712773506,-0.11032305682132017,0.47281878781732606,0.00010101815009363972
24.47,0.0957412042319774,-0.1118166887975283,0.4826954220873922,0.00010100669635931353
24.48,0.09461553972838672,-0.11331740779392263,0.49256870815317827,0.00010099530219123267
24.490000000000002,0.09347483186116594,-0.11482539127158557,0.5024385848143809,0.00010098397243912597
24.5,0.09231900708955222,-0.1163408187719912,0.5123049898103944,0.00010097271220045186
24.51,0.09114799006672927,-0.11786387197392711,0.5221678597905924,0.00010096152683027642
24.52,0.08996170361816577,-0.11939473475131894,0.5320271302838852,0.00010095042195157756
24.53,0.08876006871937105,-0.12093359323198252,0.5418827356675282,0.00010093940346601317
24.54,0.08754300447305846,-0.12248063585732862,0.5517346091351598,0.00010092847756515942
24.55,0.08631042808570687,-0.12403605344304583,0.5615826826640383,0.00010091765074223875
24.560000000000002,0.08506225484351022,-0.12560003924078753,0.5714268869814557,0.00010090692980436611
24.57,0.08379839808770527,-0.12717278900088905,0.5812671515302985,0.00010089632188532999
24.580000000000002,0.08251876918926668,-0.12875450103614172,0.5911034044337293,0.00010088583445892808
24.59,0.08122327752295917,-0.13034537628665074,0.6009355724589587,0.00010087547535288498
24.6,0.07991183044073542,-0.13194561838580432,0.6107635809800788,0.00010086525276337943
24.61,0.0785843332444687,-0.13355543372738166,0.6205873539399275,0.00010085517527019556
24.62,0.07724068915800852,-0.1351750315338282,0.6304068138109512,0.0001008452518525393
24.63,0.07588079929854767,-0.13680462392572648,0.6402218815550342,0.00010083549190553763
24.64,0.07450456264728836,-0.13844442599249152,0.6500324765822603,0.00010082590525745154
24.650000000000002,0.07311187601939526,-0.1400946558643201,0.6598385167085719,0.0001008165021876382
24.66,0.07170263403322254,-0.14175553478542383,0.6696399181122916,0.00010080729344529046
24.67,0.07027672907880214,-0.1434272871885758,0.6794365952894684,0.0001007982902689851
24.68,0.06883405128557983,-0.14511014077100168,0.6892284610080098,0.00010078950440707915
24.69,0.06737448848938547,-0.14680432657164577,0.699015426260562,0.00010078094813898649
24.7,0.06589792619862371,-0.1485100790498438,0.7087974002160956,0.00010077263429737812
24.71,0.06440424755967065,-0.15022763616543383,0.7185742901701565,0.00010076457629134101
24.72,0.06289333332146226,-0.1519572394603373,0.728346001493737,0.00010075678813053866
24.73,0.06136506179925927,-0.15369913414164302,0.7381124375807234,0.0001007492844504156
24.740000000000002,0.0598193088375738,-0.1554535691662267,0.7478734997938734,0.00010074208053849165
24.75,0.058255947772241794,-0.1572207973269392,0.7576290874092749,0.00010073519236179792
24.76,0.05667484939162571,-0.1590010753403971,0.7673790975592382,0.00010072863659549262
24.77,0.05507588189693109,-0.16079466393640982,0.7771234251735686,0.00010072243065272204
24.78,0.053458910861620544,-0.16260182794907702,0.7868619629191692,0.00010071659271577336
24.79,0.05182379918990828,-0.1644228364095913,0.7965946011379171,0.0001007111417685708
24.8,0.05017040707431792,-0.16625796264078088,0.8063212277827579,0.00010070609763058281
24.810000000000002,0.04849859195228605,-0.1681074843534276,0.8160417283519603,0.00010070148099219766
24.82,0.04680820846179357,-0.16997168374439556,0.8257559858214704,0.00010069731345163345
24.830000000000002,0.045099108396006546,-0.1718508475966064,0.8354638805753041,0.00010069361755344422
24.84,0.04337114065690792,-0.17374526738089688,0.845165290333913,0.00010069041682870026
24.85,0.0416241512079011,-0.17565523935979518,0.8548600900804578,0.00010068773583691055
24.86,0.03985798302536603,-0.17758106469325233,0.8645481519849207,0.00010068560020975764
24.87,0.038072476049148034,-0.17952304954636508,0.8742293453259853,0.0001006840366967401
24.88,0.036267467131959295,-0.18148150519912723,0.8839035364106118,0.00010068307321279458
24.89,0.03444278998767254,-0.18345674815824584,0.8935705884912318,0.00010068273888798528
24.900000000000002,0.032598275138486094,-0.18544910027105946,0.9032303616804835,0.00010068306411935048
24.91,0.030733749860939057,-0.187458888841595,0.912882712863407,0.00010068408062500908
24.92,0.02884903813075511,-0.18948644674880014,0.9225274956070171,0.00010068582150061649
24.93,0.02694396056649293,-0.19153211256698804,0.9321645600671649,0.00010068832127827587
24.94,0.025018334371980956,-0.19359623068853107,0.9417937528926018,0.00010069161598801894
24.95,0.023071973277513834,-0.1956791514488397,0.9514149171261513,0.00010069574322195843
24.96,0.021104687479787464,-0.19778123125366312,0.9610278921028941,0.00010070074220123428
24.97,0.019116283580549318,-0.19990283270874706,0.9706325133452671,0.00010070665384587938
24.98,0.01710656452394022,-0.20204432475188494,0.9802286124549763,0.00010071352084773237
24.990000000000002,0.01507532953250351,-0.2042060827873967,0.989816017001615,0.00010072138774652086
25.0,0.013022374041837152,-0.20638848882307032,0.9993945504078813,0.00010073030100926898
25.01,0.01094748963386394,-0.20859193160959993,1.0089640318312796,0.00010074030911316604
25.02,0.008850463968694733,-0.21081680678255352,1.0185242760421918,0.00010075146263205036
25.03,0.006731080715059207,-0.2130635170069027,1.028075093298196,0.00010076381432667217
25.04,0.00458911947927838,-0.21533247212414627,1.0376162892145093,0.00010077741923888504
25.05,0.0024243557327528016,-0.2176240893020577,1.0471476646304254,0.00010079233478994847
25.060000000000002,0.00023656073794002226,-0.21993879318708615,1.0566690154716125,0.00010080862088313932
25.07,-0.001974498527205328,-0.2222770160594388,1.066180132608138,0.00010082634001082334
25.080000000000002,-0.004209059446355807,-0.2246391979908715,1.075680801708072,0.00010084555736620336
25.09,-0.006467363843526974,-0.22702578700521236,1.0851708030865277,0.00010086634095996257
25.1,-0.008749658063412213,-0.229437239241642,1.0946499115499844,0.00010088876174197683
25.11,-0.01105619305336422,-0.23187401912075178,1.104117896235734,0.00010091289372835459
25.12,-0.01338722444705105,-0.2343365995133994,1.1135745204462941,0.00010093881413402022
25.13,-0.015743012649814786,-0.2368254619123792,1.123019541478613,0.00010096660351107631
25.14,-0.01812382292576103,-0.23934109660692132,1.1324527104478996,0.00010099634589321406
25.150000000000002,-0.020529925486607606,-0.24188400286003273,1.1418737721058945,0.00010102812894640878
25.16,-0.022961595582320884,-0.244454689088688,1.1512824646533983,0.00010106204412619661
25.17,-0.02541911359356833,-0.2470536730468769,1.1606785195468678,0.00010109818684180768
25.18,-0.027902765126015805,-0.2496814820115106,1.1700616612988788,0.0001011366566274421
25.19,-0.03041284110649821,-0.2523386529711859,1.179431607272254,0.00010117755732101376
25.2,-0.03294963788109206,-0.25502573281780183,1.1887880674676443,0.00010122099725067162
25.21,-0.03551345731511843,-0.25774327854101997,1.1981307443043456,0.0001012670894294359
25.22,-0.03810460689510471,-0.2604918574255537,1.2074593323941254,0.00010131595175829117
25.23,-0.04072339983273325,-0.26327204725126796,1.2167735183078274,0.00010136770723810701
25.240000000000002,-0.04337015517080501,-0.266084436496065,1.2260729803345152,0.00010142248419075915
25.25,-0.046045197891245865,-0.26892962454152625,1.235357388232905,0.00010148041648983485
25.26,-0.04874885902518295,-0.27180822188127374,1.2446264029748344,0.00010154164380133768
25.27,-0.05148147576511805,-0.2747208503320089,1.2538796764805014,0.00010160631183480894
25.28,-0.05424339157922455,-0.2776681432471781,1.263116851345202,0.00010167457260530394
25.29,-0.05703495632779396,-0.2806507457332086,1.2723375605572862,0.00010174658470668612
25.3,-0.05985652638185735,-0.28366931486824815,1.2815414272070416,0.00010182251359670134
25.310000000000002,-0.06270846474400643,-0.2867245199233354,1.2907280641862062,0.000101902531894333
25.32,-0.0655911411714381,-0.2898170425859168,1.2998970738778037,0.00010198681968993562
25.330000000000002,-0.06850493230124559,-0.29294757718561704,1.30904804783598,0.00010207556486868866
25.34,-0.07145022177797804,-0.29611683092216007,1.3181805664555186,0.00010216896344791062
25.35,-0.07442740038348969,-0.29932552409532454,1.3272941986306928,0.00010226721992879728
25.36,-0.07743686616909817,-0.3025743903368078,1.336388501403111,0.00010237054766318643
25.37,-0.08047902459007046,-0.30586417684385836,1.3454630195981954,0.00010247916923593507
25.38,-0.08355428864245333,-0.30919564461452415,1.354517285449926,0.00010259331686355392
25.39,-0.08666307900226372,-0.3125695686843486,1.3635508182134701,0.00010271323280975158
25.400000000000002,-0.08980582416705253,-0.31598673836433205,1.3725631237653104,0.00010283916981855415
25.41,-0.09298296059985348,-0.3194479574799593,1.3815536941904656,0.0001029713915656863
25.42,-0.09619493287552677,-0.3229540446110769,1.3905220073563946,0.00010311017312895724
25.43,-0.09944219382950477,-0.3265058333323856,1.3994675264731609,0.00010325580147836204
25.44,-0.10272520470894457,-0.3301041724542931,1.4083896996394172,0.00010340857598667513
25.45,-0.10604443532628983,-0.3337499262638529,1.4172879593737695,0.0001035688089613202
25.46,-0.10940036421524121,-0.33744397476549215,1.4261617221310554,0.00010373682619831923
25.47,-0.11279347878913162,-0.34118721392120754,1.4350103878030709,0.00010391296755915537
25.48,-0.11622427550169943,-0.34498055588988574,1.4438333392032592,0.00010409758757139581
25.490000000000002,-0.11969326001024892,-0.34882492926537634,1.4526299415348698,0.0001042910560539546
25.5,-0.12320094734118361,-0.3527212793129192,1.4613995418420787,0.0001044937587678844
25.51,-0.12674786205789382,-0.35667056820349824,1.4701414684435528,0.00010470609809362815
25.52,-0.13033453843097556,-0.3606737752456626,1.4788550303479284,0.00010492849373564596
25.53,-0.13396152061075287,-0.36473189711432386,1.4875395166506602,0.00010516138345539061
25.54,-0.1376293628020709,-0.368845948076003,1.4961941959116885,0.00010540522383360302
25.55,-0.1413386294413213,-0.37301696020996394,1.5048183155133597,0.00010566049106292016
25.560000000000002,-0.145089895375656,-0.37724598362463246,1.513411100998025,0.0001059276817717923
25.57,-0.14888374604433885,-0.381534086668658,1.521971755384728,0.00010620731388073768
25.580000000000002,-0.15272077766217823,-0.38588235613593325,1.530499458464389,0.00010649992749197734
25.59,-0.15660159740497676,-0.3902918974638398,1.538993366072874,0.00010680608581347326
25.6,-0.16052682359692627,-0.394763834923942,1.5474526093413394,0.00010712637611842965
25.61,-0.1644970858998685,-0.39929931180429906,1.5558762939232216,0.00010746141074130607
25.62,-0.16851302550433342,-0.40389949058251273,1.5642634991972446,0.00010781182811138627
25.63,-0.1725752953222578,-0.40856555308857206,1.5726132774458041,0.00010817829382496652
25.64,-0.176684560181277,-0.41329870065649743,1.580924653008085,0.000108561501757196
25.650000000000002,-0.18084149702047303,-0.41810015426372377,1.5891966214072615,0.00010896217521457976
25.66,-0.18504679508745012,-0.4229711546570978,1.5974281484511288,0.00010938106812917528
25.67,-0.18930115613659873,-0.4279129624642952,1.6056181693055094,0.00010981896629545539
25.68,-0.19360529462839546,-0.43292685828939204,1.6137655875397798,0.00011027668865078294
25.69,-0.19795993792957378,-0.43801414279124723,1.6218692741438634,0.00011075508860042324
25.7,-0.20236582651398693,-0.44317613674327616,1.6299280665160376,0.0001112550553879453
25.71,-0.20682371416396916,-0.44841418107310904,1.63794076742091,0.00011177751551183195
25.72,-0.2113343681719864,-0.45372963688054224,1.645906143916926,0.00011232343418904209
25.73,-0.21589856954235093,-0.45912388543209764,1.6538229262527782,0.00011289381686618669
25.740000000000002,-0.2205171131927574,-0.4645983281304106,1.6616898067321058,0.00011348971077889445
25.75,-0.22519080815537895,-0.4701543864565646,1.6695054385458823,0.00011411220655985625
25.76,-0.2299204777772432,-0.4757935018833879,1.677268434571916,0.00011476243989590187
25.77,-0.23470695991958737,-0.4815171357576152,1.6849773661409053,0.00011544159323432682
25.78,-0.23955110715587025,-0.48732676914870443,1.692630761768523,0.00011615089753857366
25.79,-0.24445378696809575,-0.49322390266197913,1.7002271058530332,0.00011689163409317105
25.8,-0.24941588194107953,-0.4992100562136397,1.707764837337983,0.00011766513635764634
25.810000000000002,-0.2544382899542643,-0.5052867687650602,1.7152423483395505,0.00011847279186895582
25.82,-0.25952192437066324,-0.5114555980136495,1.7226579827381827,0.00011931604419171242
25.830000000000002,-0.26466771422248286,-0.5177181200374158,1.7300100347342073,0.00012019639491523822
25.84,-0.2698766043929479,-0.5240759288902272,1.7372967473671652,0.00012111540569620456
25.85,-0.27514955579381883,-0.5305306361446099,1.7445163109986772,0.00012207470034529024
25.86,-0.2804875455380615,-0.5370838703787661,1.7516668617587365,0.00012307596695596161
25.87,-0.2858915671070935,-0.5437372766043348,1.7587464799554002,0.00012412096007309183
25.88,-0.291362630511997,-0.5504925156312462,1.765753188447948,0.0001252115028987175
25.89,-0.2969017624480493,-0.5573512633658495,1.772684950983679,0.00012634948953180284
25.900000000000002,-0.30251000644188475,-0.5643152100383123,1.7795396704986322,0.0001275368872383702
25.91,-0.3081884229905597,-0.5713860593551079,1.7863151873826384,0.00012877573874781978
25.92,-0.3139380896917495,-0.5785655275722144,1.7930092777092528,0.0001300681645706941
25.93,-0.319760101364262,-0.5858553424844567,1.7996196514312617,0.00013141636533249427
25.94,-0.3256555701580054,-0.5932572423262226,1.8061439505426258,0.00013282262411748897
25.95,-0.3316256256524999,-0.6007729745785798,1.8125797472078977,0.0001342893088157073
25.96,-0.3376714149429706,-0.6084042946776153,1.8189245418603475,0.00013581887446550048
25.97,-0.3437941027130075,-0.6161529646186036,1.825175761270238,0.00013741386558321417
25.98,-0.3499948712927233,-0.6240207514504016,1.8313307565849237,0.000139076918470604
25.990000000000002,-0.3562749207012822,-0.6320094256542459,1.8373868013426942,0.00014081076348958964
26.0,-0.3626354686726133,-0.6401207594009143,1.8433410894625464,0.00014261822729291386
26.01,-0.36907775066306164,-0.6483565246799927,1.8491907332123656,0.00014450223499815263
26.02,-0.37560301983966543,-0.6567184912947704,1.8549327611583013,0.00014646581229127244
26.03,-0.38221254704768265,-0.6652084247160697,1.86056411609846,0.0001485120874446647
26.04,-0.388907620755922,-0.6738280837880991,1.8660816529843993,0.00015064429323321686
26.05,-0.3956895469783627,-0.6825792182792116,1.8714821368342904,0.0001528657687305128
26.060000000000002,-0.40255964917047626,-0.691463566270239,1.8767622406420328,0.000155179960965729
26.07,-0.40951926809858774,-0.7004828513728777,1.8819185432870453,0.00015759042642016032
26.080000000000002,-0.4165697616805396,-0.7096387797704111,1.886947527449932,0.00016010083234059428
26.09,-0.4237125047958411,-0.718933037072871,1.8918455775397252,0.00016271495784496423
26.1,-0.4309488890634085,-0.7283672849785784,1.896608977638943,0.00016543669479382063
26.11,-0.43828032258491795,-0.7379431577338511,1.9012339094732753,0.00016827004839919073
26.12,-0.4457082296517118,-0.7476622583825341,1.9057164504133117,0.00017121913754033986
26.13,-0.4532340504131142,-0.7575261547968969,1.9100525715163705,0.00017428819475383115
26.14,-0.4608592405039268,-0.7675363754813572,1.9142381356171698,0.00017748156586307778
26.150000000000002,-0.4685852706287899,-0.7776944051404314,1.918268895476796,0.00018080370921030027
26.16,-0.4764136261010088,-0.7880016800022852,1.9221404920001846,0.00018425919445148772
26.17,-0.484345806333357,-0.7984595828892695,1.9258484525331268,0.00018785270087258506
26.18,-0.4923833242782847,-0.8090694380268761,1.9293881892506453,0.0001915890151827188
26.19,-0.500527705814873,-0.8198325055826425,1.9327549976494702,0.0001954730287378488
26.2,-0.5087804890797927,-0.8307499759266844,1.935944055158255,0.00019950973414578356
26.21,-0.5171432237394418,-0.8418229636057326,1.9389504198801324,0.0002037042212010974
26.22,-0.5256174702003591,-0.8530525010228186,1.94176902948321,0.00020806167209610379
26.23,-0.5342047987549308,-0.8644395318150832,1.944394700255632,0.0002125873558517054
26.240000000000002,-0.5429067886593354,-0.8759849039225885,1.9468221263429135,0.00021728662190975245
26.25,-0.5517250271406052,-0.8876893623415036,1.9490458791863488,0.00022216489282642695
26.26,-0.5606611083296149,-0.8995535415556069,1.9510604071824411,0.00022722765600424752
26.27,-0.5697166321167544,-0.9115779576407242,1.9528600355844596,0.00023248045439858776
26.28,-0.5788932029269913,-0.923763000037497,1.9544389666684212,0.00023792887613311036
26.29,-0.5881924284109867,-0.9361089229887599,1.9557912801870039,0.00024357854295738868
26.3,-0.5976159180488961,-0.9486158366388224,1.956910934136122,0.00024943509747917057
26.310000000000002,-0.6071652816634655,-0.9612836977930802,1.9577917658601214,0.0002555041891033787
26.32,-0.6168421278390235,-0.9741123003376619,1.958427493522788,0.00026179145861005676
26.330000000000002,-0.6266480622429741,-0.9871012653202358,1.9588117179725815,0.0002683025213041393
26.34,-0.6365846858464139,-1.000250030694678,1.9589379250317118,0.00027504294867125464
26.35,-0.6466535930405333,-1.0135578407340449,1.9587994882398545,0.0002820182484757867
26.36,-0.656856369645514,-1.0270237351182023,1.9583896720844285,0.0002892338432402733
26.37,-0.6671945908087107,-1.0406465377045586,1.9577016357504449,0.00029669504704894626
26.38,-0.6776698187889995,-1.0544248449926241,1.9567284374239446,0.0003044070406229754
26.39,-0.6882836006242945,-1.0683570142955998,1.955463039183962,0.00031237484462073644
26.400000000000002,-0.6990374656793807,-1.0824411516348649,1.953898312518775,0.0003206032911234667
26.41,-0.7099329230713832,-1.096675099376119,1.9520270445028942,0.000329096993274986
26.42,-0.7209714589703954,-1.1110564236290232,1.949841944671796,0.0003378603130537456
26.43,-0.7321545337730245,-1.1255824014354834,1.9473356526317809,0.00034689732716675184
26.44,-0.7434835791468819,-1.1402500077752382,1.9445007464425312,0.00035621179106758524
26.45,-0.7549599949443475,-1.15505590242114,1.9413297518099124,0.0003658071011151549
26.46,-0.7665851459842867,-1.1699964166804493,1.937815152126278,0.0003756862549060453
26.47,-0.7783603587007762,-1.1850675400626054,1.9339493993949952,0.00038585180983127587
26.48,-0.7902869176583249,-1.2002649069182652,1.9297249260750413,0.0003963058399281973
26.490000000000002,-0.8023660619335453,-1.2155837830989156,1.925134157880331,0.00040704989112000226
26.5,-0.8145989813637463,-1.2310190526910465,1.920169527566865,0.00041808493495911874
26.51,-0.826986812663484,-1.2465652048836953,1.9148234897388243,0.0004294113210164403
26.52,-0.8395306354107183,-1.2622163210331294,1.9090885367023287,0.0004410287280858348
26.53,-0.8522314679048866,-1.2779660619934747,1.902957215392709,0.000452936114402877
26.54,-0.865090262899919,-1.2938076557872105,1.8964221453977623,0.00046513166710788676
26.55,-0.8781079032159856,-1.309733885694585,1.8894760380955578,0.00047761275121602426
26.560000000000002,-0.8912851972345812,-1.3257370788461236,1.8821117169208865,0.0004903758583913766
26.57,-0.9046228742824192,-1.341809095407447,1.8743221387693902,0.0005034165558572694
26.580000000000002,-0.9181215799105267,-1.3579413184505547,1.866100416542726,0.0005167294358111407
26.59,-0.9317818710758945,-1.3741246446104636,1.8574398428318117,0.0005303080657489502
26.6,-0.9456042112340493,-1.3903494756306047,1.8483339147282352,0.0005441449401409289
26.61,-0.9595889653519699,-1.4066057109045527,1.8387763597462738,0.0005582314339367412
26.62,-0.9737363948518657,-1.422882741125451,1.8287611628296832,0.0005725577584136085
26.63,-0.9880466524974637,-1.439169443157806,1.8182825944084433,0.0005871129199148458
26.64,-1.0025197772356143,-1.4554541762490574,1.8073352394610394,0.0006018846820579322
26.650000000000002,-1.0171556890072078,-1.471724779700426,1.7959140275275978,0.0006168595320200692
26.66,-1.031954183542601,-1.4879685721178693,1.7840142636083507,0.000632022651534131
26.67,-1.0469149271579565,-1.5041723523644646,1.771631659870479,0.0006473578932485303
26.68,-1.06203745157012,-1.520322402335087,1.7587623680744702,0.0006628477631195351
26.69,-1.0773211487488525,-1.5364044916727417,1.7454030126187567,0.0006784734095133364
26.7,-1.092765265826422,-1.5524038845432826,1.7315507240886912,0.0006942146196967469
26.71,-1.1083689000857069,-1.5683053485813714,1.7172031731829198,0.0007100498243887678
26.72,-1.1241309940490665,-1.5840931661153517,1.702358604877089,0.0007259561110296376
26.73,-1.1400503306912788,-1.5997511477721198,1.687015872671645,0.0007419092463983797
26.740000000000002,-1.1561255288008192,-1.6152626485550217,1.6711744727574434,0.0007578837091738121
26.75,-1.172355038514634,-1.6306105864782208,1.654834577920077,0.0007738527329863782
26.76,-1.1887371370523476,-1.6457774638298204,1.6379970709914933,0.000789788360448749
26.77,-1.205269924676498,-1.6607453911232644,1.6206635776456983,0.000805661508581488
26.78,-1.2219513209059218,-1.6754961137821682,1.6028364983244172,0.0008214420459657006
26.79,-1.2387790610097849,-1.6900110415877556,1.5845190390686157,0.0008370988818577722
26.8,-1.2557506928099544,-1.704271280900539,1.5657152410230566,0.0008526000673920895
26.810000000000002,-1.272863573819439,-1.718257669648837,1.5464300083737317,0.0008679129088764957
26.82,-1.2901148687444386,-1.731950815056264,1.5266691344723151,0.000883004093052875
26.830000000000002,-1.3075015473771685,-1.7453311340585567,1.5064393258979203,0.0008978398240529384
26.84,-1.325020382906005,-1.7583788963371982,1.4857482242046198,0.000912385971628034
26.85,-1.3426679506686598,-1.771074269873394,1.4646044251035935,0.000926608230073469
26.86,-1.3604406273730025,-1.7833973689012894,1.4430174948315817,0.0009404722871045165
26.87,-1.378334590808811,-1.795328304114121,1.4209979834626998,0.0009539440017748684
26.88,-1.396345820072144,-1.8068472349514983,1.3985574349287402,0.0009669895903618019
26.89,-1.4144700963221806,-1.817934423770569,1.3757083935239645,0.0009795758189781966
26.900000000000002,-1.4327030040882742,-1.828570291678666,1.3524644066841316,0.0009916702015128906
26.91,-1.4510399331426214,-1.8387354757805698,1.3288400238461622,0.0010032412013510712
26.92,-1.4694760809513603,-1.8484108875700394,1.3048507912143832,0.0010142584351881167
26.93,-1.4880064557140953,-1.8575777721731492,1.2805132422816987,0.0010246928771276964
26.94,-1.5066258799988181,-1.8662177681305867,1.2558448839791663,0.001034517061150416
26.95,-1.5253289949759745,-1.8743129673877361,1.2308641783552075,0.001043705279956213
26.96,-1.5441102652520298,-1.8818459751454941,1.2055905197158223,0.0010522337781253828
26.97,-1.5629639842993508,-1.8887999692116269,1.180044207189479,0.0010600809375112166
26.98,-1.5818842804755635,-1.8951587584824172,1.1542464127145193,0.0010672274527748786
26.990000000000002,-1.6008651236218108,-1.9009068401776277,1.1282191444826033,0.001073656495001219
27.0,-1.619900332225542,-1.906029455448677,1.1019852059085569,0.0010793538613944127
27.01,-1.6389835811296685,-1.9105126429805779,1.075568150234535,0.0010843081091450107
27.02,-1.658108409766141,-1.9143432902127586,1.0489922309142505,0.0010885106716847922
27.03,-1.677268230888301,-1.9175091818124952,1.0222823479606507,0.0010919559557023343
27.04,-1.6964563397727472,-1.919999045047326,0.995463990477365,0.0010946414174786072
27.05,-1.7156659238580105,-1.921802591719487,0.9685631756300117,0.0010965676173161237
27.060000000000002,-1.7348900727840548,-1.9229105563459943,0.9416063843475179,0.0010977382510740073
27.07,-1.754121788793579,-1.9233147302923497,0.9146204940755153,0.0010981601580816911
27.080000000000002,-1.7733539974533106,-1.9230079915957154,0.8876327089331393,0.0010978433049813074
27.09,-1.7925795586509947,-1.9219843302445374,0.8606704876507515,0.0010968007453386061
27.1,-1.8117912778216163,-1.9202388687156076,0.8337614696888306,0.0010950485551597133
27.11,-1.8309819173545876,-1.917767877606082,0.8069333999571753,0.0010926057447506524
27.12,-1.8501442081321982,-1.9145687862365413,0.780214052568349,0.0010894941476529692
27.13,-1.8692708611485835,-1.9106401881413284,0.7536311540697257,0.001085738287676829
27.14,-1.8883545791578404,-1.9059818414036012,0.7272123066044082,0.001081365225326807
27.150000000000002,-1.9073880682996935,-1.900594663834272,0.7009849114525841,0.0010764043851708243
27.16,-1.9263640496513257,-1.8944807230357252,0.6749760934015325,0.0010708873659342646
27.17,-1.945275270654593,-1.8876432214323644,0.6492126263845477,0.0010648477353051033
27.18,-1.9641145163688734,-1.8800864763901197,0.6237208608166226,0.001058320811608624
27.19,-1.9828746205012069,-1.8718158955855297,0.5985266530380235,0.0010513434346489272
27.2,-2.001548476167184,-1.8628379478214134,0.5736552972561403,0.0010439537281168188
27.21,-2.020129046338169,-1.8531601295200464,0.5491314603515332,0.0010361908560287346
27.22,-2.038609373932925,-1.8427909271557303,0.5249791198862821,0.0010280947756885527
27.23,-2.0569825915144557,-1.8317397759163816,0.5012215056219826,0.0010197059896535012
27.240000000000002,-2.075241930555907,-1.8200170149079598,0.47788104482148913,0.0010110652991386078
27.25,-2.0933807302426146,-1.8076338392360032,0.4549793115732384,0.0010022135612124965
27.26,-2.111392445780806,-1.7946022493150733,0.43253698034020366,0.0009931914520236518
27.27,-2.1292706561870465,-1.7809349977694393,0.41057378389772153,0.0009840392381536857
27.28,-2.1470090715361967,-1.7666455342968443,0.3891084757861125,0.0009747965580258939
27.29,-2.16460153964939,-1.7517479488717012,0.3681587973656604,0.0009655022151077358
27.3,-2.182042052207309,-1.7362569136646815,0.3477414495236062,0.0009561939844389747
27.310000000000002,-2.1993247502778033,-1.720187624052529,0.32787206904578964,0.0009469084337972799
27.32,-2.2164439292505858,-1.7035557390852423,0.3085652096298461,0.000937680760584609
27.330000000000002,-2.2333940431753847,-1.6863773217677847,0.28983432748281746,0.000928544645285059
27.34,-2.2501697085034227,-1.6686687795004604,0.2716917714139847,0.0009195321221122263
27.35,-2.266765707235471,-1.6504468050063674,0.25414877730396823,0.0009106734672351767
27.36,-2.283176989482912,-1.6317283180562108,0.2372154668038957,0.0009019971047508915
27.37,-2.299398675451258,-1.612530408280612,0.22090085009389815,0.0008935295303603599
27.38,-2.315426056858354,-1.5928702793382017,0.20521283250849187,0.0008852952525083305
27.39,-2.3312545978020744,-1.5727651946846215,0.19015822481762526,0.0008773167505653643
27.400000000000002,-2.3468799350946443,-1.5522324251634236,0.17574275693635338,0.0008696144494671279
27.41,-2.3622978780828077,-1.5312891986150852,0.16197109482324382,0.0008622067100811962
27.42,-2.3775044079748997,-1.5099526516752846,0.1488468603176693,0.0008551098344467665
27.43,-2.3924956766974668,-1.4882397839085242,0.1363726536590227,0.0008483380849285221
27.44,-2.4072680053054163,-1.4661674143984005,0.12455007842648229,0.0008419037162417369
27.45,-2.4218178819707656,-1.4437521408916039,0.11337976863611764,0.0008358170192418336
27.46,-2.4361419595759153,-1.4210103015692783,0.1028614177326912,0.0008300863753273879
27.47,-2.4502370529379975,-1.397957939496907,0.09299380921629283,0.0008247183202791357
27.48,-2.464100135691247,-1.3746107697825845,0.08377484864874553,0.0008197176163488942
27.490000000000002,-2.4777283368545446,-1.350984149453518,0.0752015967913307,0.0008150873314193605
27.5,-2.491118937111292,-1.3270930500420053,0.06727030363358713,0.0008108289240767466
27.51,-2.5042693648285863,-1.3029520328550241,0.05997644308252309,0.0008069423334722293
27.52,-2.5171771918423484,-1.2785752268860224,0.053314748092331984,0.0008034260728929295
27.53,-2.5298401290345502,-1.2539763093135292,0.04727924602640983,0.0008002773260170566
27.54,-2.542256021728086,-1.2291684885188445,0.041863294055935946,0.0007974920448895206
27.55,-2.554422844924095,-1.2041644895442816,0.037059614412305465,0.000795065048721634
27.560000000000002,-2.566338698405702,-1.1789765419042182,0.03286032932411335,0.0007929901226904536
27.57,-2.578001801731245,-1.1536163696535013,0.029256995483017984,0.000791260115987927
27.580000000000002,-2.5894104891390426,-1.1280951836115005,0.026240637896505478,0.0007898670384463229
27.59,-2.600563204384747,-1.1024236756352317,0.02380178299919512,0.0007888021551432054
27.6,-2.61145849553121,-1.076612014831412,0.021930490907749768,0.0007880560784648958
27.61,-2.6220950097096973,-1.0506698455949626,0.020616386717574157,0.0007876188571820159
27.62,-2.632471487870148,-1.0246062873602557,0.019848690752206508,0.0007874800621622518
27.63,-2.6425867595370347,-0.9984299359512289,0.019616247688556687,0.0007876288684143684
27.64,-2.652439737586246,-0.972148866417237,0.019907554492852475,0.0007880541332226787
27.650000000000002,-2.6620294130572923,-0.9457706372431216,0.020710787113274183,0.0007887444701920285
27.66,-2.6713548500140276,-0.9193022958243218,0.022013825885747604,0.0007896883190801144
27.67,-2.6804151804660012,-0.892750385100859,0.02380427961919944,0.0007908740113460549
27.68,-2.6892095993615177,-0.8661209512476064,0.02606950833574083,0.0007922898313915066
27.69,-2.697737359662466,-0.83941955232231,0.02879664464972664,0.0007939240735133408
27.7,-2.7059977675100266,-0.8126512677772985,0.031972613777441525,0.0007957650946249297
27.71,-2.7139901774894364,-0.7858207087456079,0.03558415217629757,0.0007978013628365745
27.72,-2.721713988001137,-0.7589320290173109,0.03961782481890726,0.0008000215020147162
27.73,-2.729168636744805,-0.731988936627085,0.04406004111324069,0.0008024143324644213
27.740000000000002,-2.736353596322004,-0.7049947059794526,0.0488970694853122,0.0008049689079005477
27.75,-2.743268369962495,-0.6779521904436001,0.05411505064549845,0.0008076745488901166
27.76,-2.749912487378574,-0.6508638353552024,0.05970000956369936,0.0008105208729621761
27.77,-2.7562855007512304,-0.6237316913681954,0.06563786618214991,0.0008134978215918871
27.78,-2.762386980851348,-0.5965574281049149,0.07191444489781058,0.0008165956842731791
27.79,-2.7682165132987104,-0.5693423480584286,0.07851548284894506,0.0008198051198992139
27.8,-2.7737736949611156,-0.5420874007061988,0.08542663704277328,0.000823117175672525
27.810000000000002,-2.7790581304955326,-0.5147931967993978,0.09263349036300476,0.0008265233037671058
27.82,-2.7840694290329018,-0.48746002279725836,0.10012155649764931,0.0008300153759632572
27.830000000000002,-2.7888072010078933,-0.4600878554207269,0.1078762838288076,0.0008335856964730148
27.84,-2.7932710551347095,-0.43267637630442557,0.11588305832719964,0.0008372270131694146
27.85,-2.797460595529828,-0.40522498673047636,0.12412720549503112,0.0008409325274271363
27.86,-2.801375418982442,-0.3777328224321133,0.13259399140146083,0.0008446959027752597
27.87,-2.805015112373246,-0.3501987684591883,0.1412686228554515,0.0008485112725551858
27.88,-2.808379250242175,-0.3226214741016659,0.1501362467611921,0.0008523732467682978
27.89,-2.811467392505662,-0.29499936787099795,0.15918194870160607,0.0008562769182888099
27.900000000000002,-2.8142790823240134,-0.267330672542869,0.16839075079573362,0.0008602178686075662
27.91,-2.8168138441195443,-0.23961342026821206,0.17774760887602856,0.000864192173262437
27.92,-2.8190711817462093,-0.2118454677626034,0.1872374090318647,0.0008681964071003569
27.93,-2.8210505768115697,-0.18402451158716734,0.1968449635658337,0.0008722276495051073
27.94,-2.822751487152095,-0.1561481035369454,0.20655500640975383,0.000876283489713656
27.95,-2.824173345462959,-0.12821366615531946,0.21635218804772519,0.0008803620323322344
27.96,-2.8253155580837013,-0.10021850839551902,0.22622106999408012,0.0008844619031513408
27.97,-2.8261775039413295,-0.07215984145248967,0.2361461188747077,0.000888582255346502
27.98,-2.826758533652703,-0.04403479479045236,0.24611170016099843,0.0008927227761388894
27.990000000000002,-2.8270579687882784,-0.015840432393335664,0.2561020716065751,0.0008968836939766668
28.0,-2.827075101299597,0.012426230733086102,0.2661013764380657,0.0009010657862842802
28.01,-2.8268091931131734,0.04076821177707557,0.2760936363524464,0.0009052703878126105
28.02,-2.8262594758937705,0.06918854302333752,0.2860627443749528,0.0009094993996080218
28.03,-2.82542515098035,0.09769025440945048,0.2959924576332346,0.0009137552986027182
28.04,-2.8243053894983277,0.1262763557030681,0.305866390105323,0.0009180411478123902
28.05,-2.822899332652093,0.15494981826612464,0.3156680054011026,0.0009223606071098099
28.060000000000002,-2.8212060922020945,0.1837135563720371,0.32538060963932924,0.0009267179445247406
28.07,-2.8192247511311277,0.21257040804194097,0.33498734448482476,0.000931118048001114
28.080000000000002,-2.8169543645048085,0.2415231153663456,0.3444711804133043,0.0009355664375219001
28.09,-2.814393960531538,0.2705743042792758,0.3538149102743528,0.0009400692774902818
28.1,-2.811542541827597,0.29972646375299994,0.36300114322636173,0.0009446333892326017
28.11,-2.8083990868933224,0.328981924382863,0.37201229912075806,0.0009492662634640589
28.12,-2.8049625518065966,0.3583428363335749,0.38083060341659153,0.000953976072532135
28.13,-2.801231872140187,0.3878111466205828,0.3894380827104838,0.0009587716822253037
28.14,-2.7972059651096903,0.4173885757029174,0.39781656097106194,0.0009636626629056701
28.150000000000002,-2.7928837319590776,0.44707659336718414,0.40594765657127696,0.0009686592996938132
28.16,-2.788264060591016,0.4768763938862119,0.41381278021641676,0.0009737726014022954
28.17,-2.7833458284492827,0.50678887044031,0.4213931338701265,0.0009790143078812364
28.18,-2.778127905660683,0.5368145887941695,0.4286697107853098,0.0009843968954051094
28.19,-2.7726091584439305,0.5669537602282128,0.43562329675134887,0.0009899335796946396
28.2,-2.7667884527929223,0.5972062137296883,0.4422344726736005,0.0009956383161317847
28.21,-2.760664658441753,0.62757136745608,0.4484836186055302,0.001001525796689386
28.22,-2.7542366531186535,0.6580481994914713,0.4543509193580688,0.0010076114430607726
28.23,-2.747503327095782,0.6886352179254368,0.4598163718147326,0.0010139113954387225
28.240000000000002,-2.740463588041451,0.7193304302938425,0.4648597940846488,0.001020442496358385
28.25,-2.733116366180936,0.7501313124316653,0.46946083662877225,0.0010272222689856891
28.26,-2.7254606197714413,0.7810347767996072,0.4735989954971551,0.001034268889202176
28.27,-2.7174953408961273,0.8120371403589008,0.47725362781701625,0.0010416011508100436
28.28,-2.7092195615812886,0.8431340920822912,0.48040396967242294,0.001049238423158336
28.29,-2.7006323602398186,0.8743206602037185,0.4830291565164957,0.0010572006004739066
28.3,-2.6917328684430006,0.9055911793247163,0.4851082462560297,0.0010655080421702258
28.310000000000002,-2.6825202780213986,0.936939257511932,0.4866202451461307,0.0010741815034045377
28.32,-2.672993848494191,0.9683577435374284,0.48754413662871665,0.0010832420551608803
28.330000000000002,-2.663152914824689,0.9998386944314717,0.4878589132433663,0.0010927109931545083
28.34,-2.6529968954979886,1.0313733435362398,0.4875436117318155,0.0011026097348838615
28.35,-2.642525300914721,1.0629520692682048,0.4865773514482279,0.0011129597042013645
28.36,-2.6317377420926986,1.0945643648166852,0.48493937617601346,0.0011237822028352194
28.37,-2.6206339396658707,1.1261988090260653,0.4826090994382517,0.0011350982683730796
28.38,-2.6092137331674317,1.157843038729235,0.47956615337251973,0.0011469285183166797
28.39,-2.59747709058115,1.1894837228196673,0.4757904412219631,0.0011592929799351067
28.400000000000002,-2.5854241181420132,1.221106538368947,0.4712621934726295,0.0011722109057857662
28.41,-2.5730550703641204,1.2526961491152047,0.46596202764227945,0.001185700574936541
28.42,-2.5603703602704146,1.2842361866654075,0.4598710116979989,0.0011997790801110712
28.43,-2.5473705697953335,1.3157092347704775,0.452970731048886,0.0012144621011926904
28.44,-2.5340564603277946,1.3470968170463034,0.44524335902585294,0.0012297636657604353
28.45,-2.520428983358144,1.3783793885254494,0.4366717307231795,0.00124569589759259
28.46,-2.5064892911887937,1.409536331433272,0.4272394200359651,0.0012622687543581447
28.47,-2.492238747664315,1.4405459555877298,0.4169308196841741,0.0012794897560224456
28.48,-2.4776789388727436,1.4713855038239116,0.405731223967773,0.0012973637058174457
28.490000000000002,-2.462811683765854,1.5020311628416878,0.3936269139487933,0.0013158924059653101
28.5,-2.447639044642207,1.5324580798673837,0.3806052447053893,0.00133507437069287
28.51,-2.4321633374329292,1.5626403855075013,0.36665473425054834,0.0013549045394271536
28.52,-2.416387141726488,1.5925512231537624,0.35176515365459926,0.0013753739934126833
28.53,-2.400313310465255,1.622162785273702,0.33592761785668945,0.0013964696793320706
28.54,-2.383944979243459,1.6514463568892999,0.31913467659669886,0.0014181741438337612
28.55,-2.367285575133296,1.6803723665073993,0.3013804048464523,0.0014404652831653015
28.560000000000002,-2.3503388249635493,1.708910444719688,0.28266049206849353,0.001463316112367266
28.57,-2.3331087629731484,1.7370294906366965,0.26297232958308536,0.0014866945586911972
28.580000000000002,-2.315599737760761,1.7646977462596063,0.24231509528055642,0.001510563284053726
28.59,-2.297816418450797,1.7918828788257848,0.22068983487773755,0.0015348795414175673
28.6,-2.279763799996217,1.8185520710892025,0.19809953888516185,0.0015595950699875813
28.61,-2.261447207539326,1.844672119415675,0.1745492144270983,0.0015846560340167957
28.62,-2.2428722997533703,1.8702095394858789,0.15004595104048973,0.0016100030098241615
28.63,-2.2240450710902633,1.8951306793071345,0.12459897957257215,0.0016355710253256877
28.64,-2.2049718528632622,1.9194018391390548,0.09821972330139037,0.0016612896559682986
28.650000000000002,-2.18565931309783,1.9429893978395267,0.07092184041951365,0.001687083180427895
28.66,-2.1661144550893674,1.965859945037503,0.04272125704977696,0.0017128707987898967
28.67,-2.14634461461293,1.987980418439282,0.013636190003433257,0.0017385669151748864
28.68,-2.1263574557374745,2.0093182454770204,-0.01631284145389943,0.0017640814859103608
28.69,-2.1061609652055586,2.0298414884139624,-0.04710301549451362,0.0017893204333917308
28.7,-2.085763445348731,2.049518991932153,-0.07870921986303192,0.0018141861247359323
28.71,-2.0651735055189953,2.068320532147165,-0.11110407674168638,0.001838577913226055
28.72,-2.0444000520276666,2.086216965922514,-0.1442579807275513,0.0018623927393963495
28.73,-2.02345227659451,2.1031803792958312,-0.17813915018378632,0.0018855257874382126
28.740000000000002,-2.0023396433221925,2.11918423378131,-0.21271369209780666,0.0019078711914445922
28.75,-1.9810718742236044,2.134203509279979,-0.24794568044167242,0.0019293227848823568
28.76,-1.959658933342394,2.1482148423124694,-0.2837972478857688,0.0019497748856182524
28.77,-1.9381110095199192,2.161196658289207,-0.3202286905681902,0.0019691231078542014
28.78,-1.9164384978746045,2.173129296551266,-0.35719858547149924,0.001987265191481068
28.79,-1.8946519800721786,2.183995126951939,-0.39466391980824234,0.002004101838663392
28.8,-1.8727622034773177,2.1937786568045454,-0.43258023166939935,0.0020195375469461005
28.810000000000002,-1.8507800592886001,2.202466627095842,-0.47090176104851883,0.002033481427847967
28.82,-1.828716559769246,2.2100480969559384,-0.509581610221304,0.002045847999791761
28.830000000000002,-1.8065828146956806,2.2165145154837584,-0.5485719123384535,0.0020565579443284133
28.84,-1.7843900071543595,2.2218597801503805,-0.587824006981037,0.002065538814946328
28.85,-1.7621493688244032,2.2260802811391422,-0.6272886213348022,0.002072725688315273
28.86,-1.7398721548892673,2.2291749311290774,-0.6669160555644653,0.0020780617485889902
28.87,-1.7175696187248324,2.2311451801845883,-0.7066563709127965,0.0020814987963667392
28.88,-1.6952529865138641,2.231995015576585,-0.7464595790133502,0.0020829976750704874
28.89,-1.6729334319377118,2.2317309465257944,-0.7862758308907488,0.0020825286088052035
28.900000000000002,-1.6506220510953795,2.2303619740246794,-0.8260556041288145,0.002080071447203526
28.91,-1.628329837797721,2.2278995460574618,-0.8657498867143969,0.0020756158142788373
28.92,-1.6060676593805183,2.224357498695286,-0.9053103561128613,0.0020691611598850847
28.93,-1.5838462331746843,2.219751983692862,-0.9446895521988455,0.002060716713969451
28.94,-1.561676103764856,2.2141013833515175,-0.9838410427516185,0.00205030134536735
28.95,-1.5395676211593652,2.2074262135391947,-1.0227195803263889,0.002037943328391266
28.96,-1.517530919985091,2.19974901586867,-1.0612812494291135,0.002023680021871318
28.97,-1.4955758998102109,2.1910942401295967,-1.0994836030503956,0.0020075574665856253
28.98,-1.4737122066865025,2.181488118146686,-1.1372857877514126,0.001989629908146415
28.990000000000002,-1.4519492159908243,2.1709585302947305,-1.1746486566388485,0.001969959253362226
29.0,-1.4302960166328798,2.159534865940854,-1.2115348697138433,0.0019486144688617946
29.01,-1.4087613966835448,2.14724787910542,-1.2479089812293649,0.0019256709313322884
29.02,-1.387353830465096,2.1341295406358696,-1.2837375138386153,0.0019012097390892148
29.03,-1.366081467131794,2.120212888173165,-1.3189890194616796,0.001875316994859627
29.04,-1.3449521207566164,2.105531875159612,-1.3536341269364214,0.0018480830696315286
29.05,-1.3239732619276734,2.090121220090944,-1.3876455766506564,0.001819601857212358
29.060000000000002,-1.3031520108460852,2.0740162571562952,-1.420998242474191,0.0017899700287640492
29.07,-1.2824951319060196,2.0572527893387926,-1.4536691414200174,0.0017592862960602658
29.080000000000002,-1.2620090297272504,2.0398669449688405,-1.4856374315627,0.0017276506915651078
29.09,-1.241699746601116,2.021895038633646,-1.5168843988280005,0.0016951638726843323
29.1,-1.2215729613021893,2.0033734372521126,-1.5473934333405857,0.0016619264567138028
29.11,-1.2016339892103691,1.9843384320257964,-1.5771499960760513,0.0016280383921297025
29.12,-1.1818877836814978,1.9648261168759809,-1.6061415766095677,0.001593598370953497
29.13,-1.1623389385990146,1.9448722738758515,-1.6343576427865096,0.0015587032860035124
29.14,-1.142991692034566,1.9245122660867644,-1.6617895831610365,0.0015234477359345696
29.150000000000002,-1.1238499309418968,1.903780938110164,-1.688430643057441,0.001487923580084604
29.16,-1.1049171968056968,1.882712524573043,-1.714275855107054,0.001452219544307908
29.17,-1.086196692165353,1.8613405666760166,-1.7393219651015754,0.0014164208781915295
29.18,-1.0676912879326828,1.839697836849976,-1.7635673539829373,0.0013806090633339107
29.19,-1.0494035314226564,1.8178162714905717,-1.7870119567613356,0.0013448615717205907
29.2,-1.0313356550167778,1.7957269116699757,-1.8096571791180054,0.0013092516726657237
29.21,-1.013489585380116,1.7734598516627866,-1.831505812408803,0.0012738482863022458
29.22,-0.9958669531548974,1.7510441950677815,-1.8525619477398034,0.0012387158811988964
29.23,-0.9784691030559902,1.7285080182594712,-1.8728308897379715,0.0012039144133566219
29.240000000000002,-0.9612971042964878,1.705878340863024,-1.8923190705895243,0.0011694993035878142
29.25,-0.9443517612748291,1.68318110291284,-1.9110339648667884,0.0011355214501048705
29.26,-0.9276336244584314,1.6604411483286092,-1.9289840056120056,0.0011020272730340838
29.27,-0.9111430014025784,1.6376822143226748,-1.946178502094404,0.0010690587875213519
29.28,-0.8948799678472404,1.6149269263385289,-1.9626275596055907,0.0010366537021005782
29.29,-0.8788443788385554,1.592196798111797,-1.9783420016084854,0.0010048455390476994
29.3,-0.863035879825804,1.5695122364416239,-1.9933332945070998,0.000973663773535777
29.310000000000002,-0.8474539176888342,1.5468925502614261,-2.007613475258835,0.0009431339885327906
29.32,-0.8320977516549745,1.5243559636030164,-2.0211950820079356,0.0009132780425376168
29.330000000000002,-0.8169664640685017,1.5019196320565797,-2.034091087878532,0.0008841142474248291
29.34,-0.8020589709796427,1.479599662340428,-2.0463148380284677,0.0008556575538593898
29.35,-0.7873740325238873,1.4574111346083585,-2.057879990030934,0.000827919741943718
29.36,-0.7729102630660307,1.4353681271383596,-2.0688004576198864,0.0008009096149666566
29.37,-0.758666141086842,1.413483743063904,-2.0790903578072277,0.0007746331943327668
29.38,-0.744640018793548,1.391770138827766,-2.0887639613548163,0.0007490939139578952
29.39,-0.7308301314384267,1.3702385540578244,-2.0978356465623618,0.0007242928126196034
29.400000000000002,-0.7172346063327099,1.3488993425843634,-2.1063198563131036,0.0007002287229469057
29.41,-0.7038514715456987,1.327762004338653,-2.1142310583026904,0.0006768984559207873
29.42,-0.6906786642814945,1.306835217892857,-2.1215837083627354,0.0006542969799333371
29.43,-0.6777140389280485,1.2861268734213376,-2.128392216778929,0.0006324175936184512
29.44,-0.6649553747753344,1.2656441058830383,-2.1346709174941982,0.0006112520918198363
29.45,-0.6524003834013549,1.245393328243673,-2.1404340400800077,0.0005907909242022063
29.46,-0.6400467157264133,1.2253802645747949,-2.145695684353321,0.0005710233461391348
29.47,-0.6278919687376229,1.205609982884384,-2.1504697975128395,0.0005519375616255971
29.48,-0.6159336918869958,1.186086927550293,-2.154770153665682,0.0005335208580657307
29.490000000000002,-0.6041693931676592,1.1668149512436556,-2.1586103356145356,0.0005157597328767623
29.5,-0.592596544873803,1.1477973462441982,-2.162003718775338,0.0004986400119289688
29.51,-0.5812125890508703,1.1290368750632314,-2.164963457096557,0.0004821469599098294
29.52,-0.5700149426432827,1.1105358003029735,-2.167502470853026,0.0004662653827586386
29.53,-0.5590010023476428,1.0922959136927488,-2.1696334361899012,0.0004509797223666849
29.54,-0.5481681491798969,1.0743185642535422,-2.1713687762955227,0.00043627414377839837
29.55,-0.5375137527653742,1.0566046855523963,-2.172720654085709,0.00042213261516122565
29.560000000000002,-0.5270351753609598,1.0391548220172442,-2.1737009662861135,0.0004085389808374313
29.57,-0.516729775618908,1.0219691542910112,-2.1743213388037326,0.00039547702769016145
29.580000000000002,-0.5065949121019784,1.0050475236112357,-2.174593123283325,0.00038293054526947033
29.59,-0.4966279465596804,0.9883894552081016,-2.1745273947493295,0.00037088337993263664
29.6,-0.48682624697545285,0.9719941807196745,-2.1741349502388134,0.0003593194833573177
29.61,-0.47718719039459023,0.9558606596283531,-2.1734263083359577,0.00034822295576654824
29.62,-0.46770816554266437,0.9399875997271229,-2.1724117095235633,0.00033757808420198057
29.63,-0.4583865752440838,0.924373476628177,-2.171101117272003,0.00032736937617641157
29.64,-0.4492198386502896,0.9090165523299046,-2.1695042197908903,0.00031758158902906467
29.650000000000002,-0.44020539328691155,0.8939148928611698,-2.1676304323735063,0.00030819975529772133
29.66,-0.43134069692900745,0.8790663850242726,-2.16548890026863,0.00029920920441097755
29.67,-0.4226232293132816,0.864468752260026,-2.1630885020189137,0.0002905955809919116
29.68,-0.4140504936959389,0.8501195696600456,-2.1604378532092388,0.0002823448600516915
29.69,-0.40562001826456945,0.836016278152669,-2.1575453105726528,0.0002744433593382558
29.7,-0.3973293574121927,0.8221561978899273,-2.154418976405419,0.0002668777490914583
29.71,-0.38917609288130917,0.8085365408637278,-2.151066703246508,0.0002596350594421414
29.72,-0.38115783478552473,0.7951544227798882,-2.1474960987804277,0.00025270268567866087
29.73,-0.3732722225160256,0.7820068742189343,-2.143714530925688,0.0002460683915905749
29.740000000000002,-0.36551692553989024,0.7690908511126465,-2.1397291330743955,0.00023972031108560505
29.75,-0.3578896440969367,0.7564032445652512,-2.1355468094514922,0.00023364694826268802
29.76,-0.3503881098015153,0.7439408900479145,-2.131174240564988,0.00022783717611110996
29.77,-0.34301008615537176,0.7317005759948343,-2.1266178887211806,0.00022228023399323155
29.78,-0.33575336897742525,0.7196790518287577,-2.121884003581353,0.00021696572405644615
29.79,-0.3286157867560303,0.70787303544319,-2.1169786277387375,0.00021188360670860255
29.8,-0.3215952009290219,0.6962792201679289,-2.1119076022966987,0.0002070241952802583
29.810000000000002,-0.3146895060965801,0.6848942812438589,-2.1066765724310828,0.0002023781499869235
29.82,-0.30789663017169544,0.6737148818321974,-2.101290992921533,0.00019793647129468756
29.830000000000002,-0.30121453447276725,0.662737678582597,-2.095756133638289,0.0001936904927835266
29.84,-0.2946412137626283,0.6519593267836973,-2.090077084972561,0.00018963187359402636
29.85,-0.28817469623805625,0.6413764851188831,-2.084258763200034,0.00018575259053521125
29.86,-0.28181304347360997,0.6309858200491615,-2.078305915768392,0.00018204492992371748
29.87,-0.2755543503234136,0.620784009844213,-2.072223126500975,0.00017850147921757417
29.88,-0.26939674478430414,0.6107677482818207,-2.0660148207098183,0.00017511511850140063
29.89,-0.26333838782356256,0.6009337480350296,-2.0596852702123303,0.00017187901187385918
29.900000000000002,-0.25737747317425663,0.5912787437655466,-2.0532385982468213,0.00016878659878263524
29.91,-0.2515122271010449,0.5817994949410606,-2.046678784282931,0.00016583158534721457
29.92,-0.245740908139117,0.5724927883933514,-2.0400096687237754,0.00016300793570493701
29.93,-0.24006180680878178,0.5633554406332524,-2.033234957497343,0.00016030986341159976
29.94,-0.23447324530805755,0.5543842999377611,-2.0263582265352844,0.00015773182292393628
29.95,-0.22897357718546957,0.545576248223831,-2.0193829261378196,0.00015526850118766932
29.96,-0.22356118699511832,0.5369282027226469,-2.012312385223986,0.00015291480935163907
29.97,-0.21823448993594785,0.5284371174674747,-2.0051498154669143,0.0001506658746254643
29.98,-0.2129919314770158,0.5200999846074938,-1.9978983153142156,0.0001485170322955626
29.990000000000002,-0.20783198697044597,0.5119138355593562,-1.9905608738939344,0.0001464638179119022
30.0,-0.20275316125362997,0.503875742007584,-1.9831403748068281,0.00014450195965564133
30.01,-0.19775398824213694,0.49598281676430706,-1.9756395998060237,0.00014262737089585864
30.02,-0.1928330305146875,0.4882322144982546,-1.9680612323653437,0.0001408361429418132
30.03,-0.1879888788914523,0.4806211323423584,-1.9604078611378057,0.00013912453799554432
30.04,-0.1832201520068445,0.4731468103887883,-1.952681983305987,0.00013748898230825973
30.05,-0.17852549587789004,0.46580653207972883,-1.9448860078260986,0.00013592605954268467
30.060000000000002,-0.17390358346917847,0.4585976245017205,-1.937022258567753,0.00013443250434240424
30.07,-0.16935311425532176,0.45151745859092346,-1.9290929773515155,0.00013300519610830218
30.080000000000002,-0.16487281378177698,0.4445634492562203,-1.921100326886424,0.0001316411529812977
30.09,-0.16046143322482131,0.4377330554266546,-1.9130463936097366,0.00013033752602985835
30.1,-0.1561177489514056,0.43102378002930325,-1.9049331904312226,0.00012909159364009342
30.11,-0.1518405620795529,0.42443316990330293,-1.8967626593843572,0.00012790075610569007
30.12,-0.14762869803991369,0.4179588156553911,-1.8885366741868106,0.0001267625304144625
30.13,-0.14348100613903675,0.41159835146198404,-1.8802570427126417,0.00012567454522788223
30.14,-0.13939635912486714,0.4053494548224912,-1.871925509378614,0.00012463453604962026
30.150000000000002,-0.13537365275493635,0.399209846268263,-1.863543757447053,0.00012364034057882933
30.16,-0.13141180536766736,0.3931772890312806,-1.8551134112476553,0.00012268989424370655
30.17,-0.12750975745717835,0.387249588676425,-1.846636038320642,0.00012178122591066664
30.18,-0.12366647125193048,0.3814245927009083,-1.8381131514836304,0.00012091245376431024
30.19,-0.11988093029753168,0.3757001901042058,-1.82954621082457,0.00012008178135330486
30.2,-0.11615213904397555,0.3700743109316032,-1.8209366256230528,0.00011928749379720965
30.21,-0.11247912243756453,0.364544925794256,-1.81228575620228,0.00011852795414922526
30.22,-0.1088609255177386,0.3591100453684583,-1.8035949157139188,0.00011780159990986247
30.23,-0.10529661301900473,0.3537677198766273,-1.7948653718580476,0.0001171069396865301
30.240000000000002,-0.1017852689781381,0.34851603855233204,-1.7860983485403388,0.00011644254999405524
30.25,-0.0983259963468038,0.3433531290915262,-1.7772950274685844,0.00011580707219122577
30.26,-0.0949179166097268,0.3382771570919881,-1.7684565496906182,0.00011519920954848863
30.27,-0.09156016940851851,0.33328632548282217,-1.759584017075642,0.00011461772444199664
30.28,-0.08825191217125107,0.32837887394573884,-1.750678493740912,0.00011406143566934495
30.29,-0.08499231974785314,0.3235530783296972,-1.741741007425685,0.00011352921588236029
30.3,-0.08178058405138629,0.31880725006037525,-1.7327725508142848,0.00011301998913244629
30.310000000000002,-0.07861591370524695,0.3141397355458167,-1.7237740828100818,0.00011253272852410267
30.32,-0.07549753369632578,0.30954891557949665,-1.7147465297621403,0.00011206645397233238
30.330000000000002,-0.07242468503414443,0.3050332047419485,-1.705690786646228,0.00011162023005977026
30.34,-0.06939662441597887,0.30059105080200027,-1.6966077182018382,0.00011119316398948664
30.35,-0.06641262389796831,0.2962209341185813,-1.6874981600268153,0.00011078440362955842
30.36,-0.0634719705721994,0.2919213670439787,-1.6783629196311354,0.00011039313564559312
30.37,-0.060573966249747334,0.2876908933293454,-1.6692027774513343,0.00011001858371753674
30.38,-0.05771792714964747,0.2835280875331918,-1.6600184878270337,0.00010966000683721111
30.39,-0.05490318359376441,0.279431554433525,-1.6508107799409648,0.00010931669768314086
30.400000000000002,-0.05212907970751881,0.27539992844423894,-1.6415803587238451,0.0001089879810693703
30.41,-0.04939497312642683,0.2714318730362995,-1.6323279057254139,0.00010867321246506245
30.42,-0.04670023470840162,0.2675260801642166,-1.6230540799528939,0.00010837177658181668
30.43,-0.04404424825176186,0.26368126969824324,-1.6137595186780955,0.00010808308602575255
30.44,-0.041426410218887946,0.2598961888626966,-1.6044448382143435,0.0001078065800114847
30.45,-0.03884612946546291,0.2561696116807517,-1.595110634664361,0.00010754172313528172
30.46,-0.03630282697523176,0.25250033842601927,-1.585757484640208,0.00010728800420475756
30.47,-0.033795935600209895,0.24888719508118048,-1.5763859459563296,0.0001070449351225901
30.48,-0.03132489980626893,0.24532903280391874,-1.5669965582967331,0.00010681204982183109
30.490000000000002,-0.028889175424025828,0.2418247274003544,-1.5575898438572766,0.00010658890325048925
30.5,-0.02648822940495942,0.2383731788061607,-1.5481663079640124,0.0001063750704031563
30.51,-0.02412153958267672,0.2349733105755103,-1.5387264396685,0.0001061701453975437
30.52,-0.021788594439250106,0.23162406937797725,-1.5292707123209621,0.0001059737405938891
30.53,-0.019488892876545243,0.22832442450349577,-1.5197995841221317,0.00010578548575526756
30.54,-0.017221943992458834,0.22507336737545522,-1.5103134986546016,0.00010560502724694204
30.55,-0.014987266861984446,0.22186991107199136,-1.5008128853944611,0.00010543202727295286
30.560000000000002,-0.012784390323024293,0.2187130898555155,-1.4912981602039705,0.00010526616314823397
30.57,-0.0106128527668644,0.2156019587105061,-1.4817697258060025,0.00010510712660462141
30.580000000000002,-0.008472201933230521,0.2125355928895728,-1.4722279722409435,0.00010495462312918162
30.59,-0.006361994709842036,0.20951308746778768,-1.46267327730673,0.0001048083713333594
30.6,-0.004281796936381296,0.20653355690526684,-1.4531060069826622,0.00010466810235152772
30.61,-0.0022311832127960055,0.20359613461797274,-1.4435265158376185,0.00010453355926754963
30.62,-0.00020973671185263616,0.20069997255669747,-1.4339351474232649,0.0001044044965680703
30.63,0.001782951004140687,0.19784424079417764,-1.4243322346528362,0.000104280679621277
30.64,0.0037472801625228697,0.1950281271202821,-1.4147181001660396,0.00010416188417994758
30.650000000000002,0.0056836429554605016,0.19225083664520654,-1.4050930566806106,0.00010404789590764175
30.66,0.007592423711200183,0.1895115914106011,-1.3954574073310337,0.00010393850992696287
30.67,0.009473999061471467,0.1868096300085516,-1.3858114459949158,0.00010383353038884613
30.68,0.011328738105118523,0.18414420720832836,-1.3761554576074857,0.00010373277006189176
30.69,0.01315700256803775,0.18151459359081176,-1.3664897184646716,0.00010363604994080561
30.7,0.014959146959497644,0.1789200751904997,-1.3568144965151934,0.00010354319887303945
30.71,0.01673551872491622,0.17635995314499736,-1.3471300516420868,0.00010345405320279889
30.72,0.018486458395170324,0.17383354335188647,-1.3374366359340626,0.00010336845643156217
30.73,0.020212299732510118,0.17134017613286873,-1.327734493947089,0.00010328625889437474
30.740000000000002,0.02191336987315087,0.16887919590507436,-1.3180238629565653,0.00010320731745116253
30.75,0.02358998946661324,0.16644996085942607,-1.3083049732004475,0.00010313149519234095
30.76,0.025242472811882,0.16405184264594527,-1.2985780481136673,0.00010305866115807214
30.77,0.026871127990452055,0.1616842260658874,-1.2888433045541745,0.00010298869007051668
30.78,0.028476256996329465,0.15934650877059078,-1.2791009530209199,0.00010292146207846613
30.79,0.03005815586305408,0.15703810096692358,-1.2693511978640832,0.00010285686251376949
30.8,0.03161711478780911,0.1547584251292121,-1.2595942374878402,0.00010279478165902155
30.810000000000002,0.033153418252681935,0.15250691571753341,-1.2498302645459463,0.00010273511452595358
30.82,0.034667345143139135,0.1502830189022558,-1.240059466130413,0.0001026777606440396
30.830000000000002,0.0361591688637777,0.14808619229470932,-1.230282023953531,0.00010262262385884376
30.84,0.037629157451413126,0.14591590468387028,-1.220498114523494,0.0001025696121396316
30.85,0.039077573685563895,0.14377163577894292,-1.2107079093138606,0.00010251863739581931
30.86,0.04050467519639081,0.14165287595772272,-1.2009115749270867,0.00010246961530185367
30.87,0.04191071457014838,0.13955912602062598,-1.1911092732523487,0.00010242246513012652
30.88,0.04329593945220438,0.13748989695027158,-1.1813011616178715,0.00010237710959152525
30.89,0.04466059264768244,0.13544470967650143,-1.171487392937965,0.0001023334746832803
30.900000000000002,0.04600491221978168,0.1334230948467273,-1.1616681158549682,0.00010229148954377604
30.91,0.04732913158582588,0.13142459260149275,-1.1518434748762865,0.00010225108631397724
30.92,0.04863347961109392,0.1294487523551404,-1.1420136105067076,0.00010221220000517012
30.93,0.049918180700482005,0.12749513258147538,-1.132178659376169,0.00010217476837272493
30.94,0.051183454888046986,0.1255633006043181,-1.1223387543631456,0.00010213873179560366
30.95,0.05242951792447927,0.12365283239283999,-1.1124940247138189,0.00010210403316133367
30.96,0.053656581362552545,0.12176331236157764,-1.1026445961571834,0.00010207061775619837
30.970000000000002,0.054864852640596595,0.11989433317502281,-1.0927905910162388,0.00010203843316040442
30.98,0.05605453516403851,0.11804549555668611,-1.0829321283154132,0.0001020074291479773
30.990000000000002,0.05722582838505643,0.11621640810253506,-1.0730693238843543,0.00010197755759119345
31.0,0.05837892788038919,0.11440668709870759,-1.063202290458221,0.00010194877236932019
31.01,0.05951402542734402,0.11261595634340475,-1.0533311377746044,0.00010192102928145857
31.02,0.06063130907804371,0.11084384697286709,-1.0434559726672001,0.00010189428596331161
31.03,0.061730963231953546,0.10908999729134149,-1.0335768991563505,0.0001018685018076891
31.04,0.06281316870672748,0.10735405260494645,-1.0236940185365706,0.00010184363788858271
31.05,0.0638781028074121,0.10563566505934564,-1.0138074294611659,0.00010181965688863975
31.060000000000002,0.06492593939404595,0.10393449348114125,-1.003917228024049,0.00010179652302986832
31.07,0.0659568489476911,0.10225020322290009,-0.9940235078388555,0.00010177420200745764
31.080000000000002,0.06697099863493271,0.10058246601172725,-0.9841263601154556,0.0001017526609265399
31.09,0.06796855237088173,0.09893095980130383,-0.9742258737339562,0.00010173186824176203
31.1,0.06894967088071503,0.09729536862730633,-0.9643221353162833,0.00010171179369955183
31.11,0.06991451175978619,0.09567538246612779,-0.954415229295432,0.00010169240828294539
31.12,0.07086322953233974,0.09407069709682167,-0.944505237982466,0.00010167368415886112
31.13,0.07179597570886065,0.09248101396619113,-0.9345922416313489,0.00010165559462770699
31.14,0.07271289884209006,0.09090604005694844,-0.924676318501683,0.00010163811407521171
31.150000000000002,0.07361414458173773,0.08934548775887019,-0.9147575449194314,0.0001016212179263839
31.16,0.0744998557279206,0.08779907474287589,-0.9048359953356943,0.00010160488260150464
31.17,0.07537017228335657,0.08626652383795894,-0.894911742383608,0.00010158908547404748
31.18,0.07622523150434153,0.08474756291090049,-0.8849848569334352,0.00010157380483045318
31.19,0.07706516795053711,0.08324192474869815,-0.8750554081459071,0.00010155901983166595
31.2,0.07789011353359608,0.08174934694364301,-0.8651234635238828,0.00010154471047635374
31.21,0.07870019756465144,0.08026957178097979,-0.8551890889623824,0.00010153085756574262
31.220000000000002,0.07949554680069479,0.07880234612908657,-0.8452523487970521,0.00010151744266997684
31.23,0.08027628548986884,0.07734742133211155,-0.8353133058511168,0.00010150444809595046
31.240000000000002,0.08104253541569827,0.07590455310500605,-0.8253720214808724,0.00010149185685654268
31.25,0.08179441594028271,0.07447350143089414,-0.8154285556197691,0.00010147965264118607
31.26,0.08253204404647482,0.07305403046072051,-0.8054829668211355,0.00010146781978771113
31.27,0.08325553437906606,0.07164590841511968,-0.7955353122995904,0.00010145634325541122
31.28,0.0839649992850019,0.07024890748845075,-0.7855856479711882,0.00010144520859927979
31.29,0.08466054885264811,0.06886280375494326,-0.775634028492342,0.00010143440194534961
31.3,0.08534229095012878,0.0674873770769009,-0.7656805072975669,0.00010142390996710219
31.310000000000002,0.08601033126275648,0.06612241101491101,-0.7557251366360846,0.00010141371986289567
31.32,0.08666477332957427,0.06476769274000888,-0.7457679676073289,0.00010140381933435804
31.330000000000002,0.08730571857902898,0.06342301294774731,-0.7358090501953889,0.00010139419656570959
31.34,0.0879332663637945,0.062088165774122676,-0.7258484333024295,0.00010138484020397796
31.35,0.08854751399476338,0.060762948713309894,-0.7158861647811212,0.00010137573934005524
31.36,0.08914855677422466,0.05944716253716014,-0.7059222914661158,0.00010136688349056195
31.37,0.08973648802824531,0.05814061121641562,-0.6959568592046006,0.00010135826258049629
31.38,0.09031139913827219,0.05684310184359725,-0.6859899128859613,0.00010134986692661618
31.39,0.09087337957197106,0.05555444455752175,-0.6760214964705871,0.00010134168722152889
31.400000000000002,0.09142251691331882,0.05427445246940593,-0.6660516530178445,0.00010133371451846135
31.41,0.09195889689196442,0.0530029415905166,-0.6560804247132516,0.00010132594021667959
31.42,0.09248260341187392,0.051739730761325736,-0.6461078528948768,0.0001013183560475216
31.43,0.09299371857927446,0.050484641582131354,-0.636133978078993,0.00010131095406102234
31.44,0.09349232272991158,0.04923749834510536,-0.6261588399850087,0.00010130372661311293
31.45,0.09397849445563397,0.047998127967730626,-0.6161824775597039,0.00010129666635335441
31.46,0.09445231063031946,0.046766359927590366,-0.6062049290007938,0.0001012897662131937
31.470000000000002,0.09491384643515544,0.04554202619847369,-0.5962262317798426,0.00010128301939471664
31.48,0.0953631753832868,0.04432496118776201,-0.5862464226645513,0.00010127641935987193
31.490000000000002,0.09580036934384402,0.043115001675061854,-0.5762655377404406,0.00010126995982015109
31.5,0.09622549856536361,0.04191198675205025,-0.5662836124319498,0.0001012636347267049
31.51,0.096638631698613,0.04071575776349978,-0.5563006815229712,0.00010125743826088129
31.52,0.09703983581883141,0.03952615824945101,-0.5463167791768408,0.00010125136482514874
31.53,0.09742917644739804,0.038343033888500674,-0.5363319389558046,0.00010124540903441186
31.54,0.09780671757293863,0.037166232442174894,-0.5263461938399756,0.00010123956570769332
31.55,0.098172521671881,0.035995603700357114,-0.5163595762458044,0.00010123382986015837
31.560000000000002,0.09852664972847004,0.03483099942774127,-0.5063721180440754,0.00010122819669548417
31.57,0.09886916125425232,0.03367227331128133,-0.49638385057744866,0.00010122266159854375
31.580000000000002,0.0992001143070399,0.0325192809086089,-0.48639480467756174,0.0001012172201283999
31.59,0.09951956550936314,0.031371879597391204,-0.47640501068170826,0.0001012118680115956
31.6,0.09982757006642168,0.03022992852560241,-0.4664144984491071,0.00010120660113572753
31.61,0.10012418178354257,0.029093288562681733,-0.45642329737677745,0.00010120141554329042
31.62,0.1004094530831543,0.02796182225155241,-0.44643143641503397,0.00010119630742578115
31.63,0.10068343502128524,0.02683539376147607,-0.43643894408261535,0.00010119127311805369
31.64,0.10094617730359468,0.02571386884171762,-0.42644584848145994,0.00010118630909291155
31.650000000000002,0.10119772830094444,0.0245971147759963,-0.4164521773111412,0.0001011814119559329
31.66,0.1014381350645189,0.02348500033769891,-0.4064579578829753,0.00010117657844051537
31.67,0.10166744334050082,0.02237739574583186,-0.3964632171338133,0.00010117180540312929
31.68,0.10188569758431025,0.02127417262168908,-0.3864679816395297,0.00010116708981877961
31.69,0.10209294097441371,0.02017520394621321,-0.3764722776282186,0.00010116242877666006
31.7,0.10228921542571022,0.019080364018028075,-0.36647613099310844,0.00010115781947599492
31.71,0.10247456160250104,0.017989528412120707,-0.3564795673052067,0.00010115325922206247
31.720000000000002,0.10264901893104932,0.016902573939151736,-0.3464826118256846,0.00010114874542238895
31.73,0.1028126256117359,0.015819378605373236,-0.33648528951801243,0.00010114427558311409
31.740000000000002,0.10296541863081733,0.014739821573133558,-0.3264876250598544,0.0001011398473055139
31.75,0.10310743377179168,0.013663783121949075,-0.3164896428547344,0.00010113545828267682
31.76,0.1032387056263779,0.012591144610123034,-0.3064913670434806,0.00010113110629633043
31.77,0.10335926760511391,0.011521788436892149,-0.2964928215154589,0.00010112678921381207
31.78,0.10346915194757891,0.010455598005081826,-0.2864940299196036,0.0001011225049851765
31.79,0.10356838973224454,0.009392457684251267,-0.27649501567525464,0.00010111825164043431
31.8,0.10365701088595987,0.008332252774310007,-0.26649580198280964,0.0001011140272869225
31.810000000000002,0.10373504419307494,0.007274869469587721,-0.2564964118341988,0.00010110983010679664
31.82,0.10380251730420714,0.006220194823339423,-0.24649686802319126,0.00010110565835464405
31.830000000000002,0.1038594567446547,0.00516811671266847,-0.2364971931555404,0.00010110151035521109
31.84,0.10390588792246146,0.004118523803850024,-0.22649740965897638,0.00010109738450124185
31.85,0.10394183513613683,0.0030713055180378902,-0.21649753979305295,0.00010109327925142826
31.86,0.10396732158203467,0.002026351997337893,-0.20649760565885628,0.00010108919312846104
31.87,0.10398236936139459,0.0009835540712311657,-0.19649762920858324,0.00010108512471718393
31.88,0.10398699948704923,-5.719677666902751e-05,-0.18649763225499585,0.00010108107266284645
31.89,0.10398123188980074,-0.0010960084415431288,-0.17649763648075936,0.00010107703566945103
31.900000000000002,0.1039650854244694,-0.0021329882299897605,-0.16649766344767053,0.00010107301249819532
31.91,0.1039385778756176,-0.0031682428923646287,-0.15649773460578298,0.0001010690019660021
31.92,0.10390172596295161,-0.004201878654849472,-0.1464978713024364,0.0001010650029441375
31.93,0.10385454534640412,-0.0052340012512664905,-0.13649809479119604,0.00010106101435691618
31.94,0.10379705063089972,-0.0062647159546535425,-0.12649842624070878,0.00010105703518048952
31.95,0.10372925537080585,-0.007294127608615229,-0.11649888674348251,0.00010105306444171445
31.96,0.1036511720740712,-0.00832234065846486,-0.10649949732459478,0.00010104910121710241
31.970000000000002,0.10356281220605375,-0.009349459182172148,-0.09650027895033708,0.000101045144631847
31.98,0.10346418619304028,-0.010375586921131365,-0.0865012525368008,0.00010104119385892719
31.990000000000002,0.10335530342545887,-0.011400827310764562,-0.07650243895841095,0.0001010372481182866
32.0,0.10323617226078634,-0.012425283510974385,-0.06650385905641365,0.00010103330667608582
32.01,0.10310680002615168,-0.013449058436460857,-0.05650553364732332,0.00010102936884402704
32.02,0.10296719302063703,-0.014472254786916501,-0.04650748353133549,0.00010102543397875185
32.03,0.10281735651727726,-0.01549497507711399,-0.03650972950071105,0.00010102150148130819
32.04,0.10265729476475909,-0.01651732166690054,-0.026512292348137744,0.00010101757079668777
32.05,0.1024870109888207,-0.017539396791113132,-0.016515192875074816,0.00010101364141343295
32.06,0.10230650739335258,-0.01856130258942863,-0.006518451900086382,0.00010100971286331194
32.07,0.10211578516120005,-0.019583141136162788,0.003477909732830558,0.00010100578472106241
32.08,0.10191484445466809,-0.020605014470032153,0.013473871145917816,0.00010100185660420288
32.09,0.10170368441572854,-0.021627024623892772,0.023469411419321698,0.00010099792817291221
32.1,0.10148230316593015,-0.022649273654469653,0.03346450958274691,0.0001009939991299759
32.11,0.1012506978060112,-0.023671863672090905,0.04345914460709298,0.00010099006922080066
32.12,0.10100886441521469,-0.024694896870440436,0.05345329539606746,0.00010098613823349671
32.13,0.10075679805030589,-0.025718475556343153,0.06344694077777019,0.00010098220599902788
32.14,0.1004944927442919,-0.026742702179596605,0.07344005949624274,0.00010097827239142949
32.15,0.10022194150484241,-0.027767679362862997,0.08343263020297735,0.00010097433732809601
32.160000000000004,0.09993913631241137,-0.028793509931635583,0.09342463144837947,0.00010097040077013788
32.17,0.09964606811805844,-0.029820296944293466,0.10341604167317803,0.00010096646272280798
32.18,0.09934272684096945,-0.03084814372225885,0.11340683919977759,0.00010096252323599953
32.19,0.09902910136567471,-0.03187715388027094,0.12339700222354628,0.00010095858240481507
32.2,0.09870517953896392,-0.03290743135679057,0.13338650880403358,0.00010095464037020945
32.21,0.09837094816649634,-0.03393908044455001,0.14337533685611187,0.00010095069731970674
32.22,0.09802639300910468,-0.034972205821262085,0.15336346414103563,0.00010094675348819156
32.230000000000004,0.09767149877879097,-0.03600691258050324,0.1633508682574119,0.0001009428091587781
32.24,0.09730624913441284,-0.03704330626278496,0.17333752663207586,0.00010093886466375767
32.25,0.09693062667705785,-0.0380814928868283,0.183323416510865,0.00010093492038562727
32.26,0.0965446129451042,-0.03912157898105619,0.19330851494928575,0.00010093097675819808
32.27,0.0961481884089653,-0.04016367161531851,0.20329279880306522,0.00010092703426778898
32.28,0.09574133246551575,-0.04120787843286485,0.21327624471858228,0.0001009230934545075
32.29,0.0953240234321965,-0.042254307682580275,0.22325882912317047,0.00010091915491361691
32.3,0.09489623854079608,-0.04330306825149924,0.2332405282152861,0.0001009152192969966
32.31,0.0944579539309054,-0.04435426969761331,0.2432213179545346,0.00010091128731469441
32.32,0.0940091446430428,-0.04540802228298823,0.25320117405154763,0.00010090735973657442
32.33,0.09354978461144636,-0.04646443700720624,0.26318007195770365,0.00010090343739406708
32.34,0.09307984665653017,-0.04752362564114964,0.273157986854685,0.00010089952118201924
32.35,0.09259930247700088,-0.04858570076114183,0.283134893643863,0.00010089561206064854
32.36,0.09210812264163104,-0.04965077578346231,0.29311076693550386,0.00010089171105761042
32.37,0.09160627658068538,-0.05071896499925219,0.30308558103778727,0.00010088781927017596
32.38,0.0910937325769959,-0.05179038360982726,0.31305930994562947,0.00010088393786752598
32.39,0.09057045775668192,-0.05286514776241554,0.3230319273293025,0.00010088006809316752
32.4,0.09003641807951028,-0.053943374586336905,0.3330034065228411,0.0001008762112674724
32.410000000000004,0.08949157832889175,-0.05502518222964219,0.342973720512228,0.0001008723687903488
32.42,0.08893590210150845,-0.056110689896229915,0.35294284192334985,0.00010086854214404503
32.43,0.0883693517965678,-0.057200017883458576,0.3629107430097129,0.00010086473289609367
32.44,0.08779188860467767,-0.05829328762027318,0.37287739563991057,0.0001008609427023996
32.45,0.08720347249633771,-0.05939062170586465,0.38284277128483213,0.00010085717331047833
32.46,0.08660406221004129,-0.060492143948881284,0.39280684100460295,0.00010085342656285233
32.47,0.08599361523998246,-0.06159797940721165,0.40276957543524616,0.00010084970440060449
32.480000000000004,0.08537208782336224,-0.06270825442835863,0.41273094477505484,0.00010084600886710576
32.49,0.08473943492728803,-0.06382309669042478,0.42269091877066456,0.00010084234211191612
32.5,0.08409561023526006,-0.06494263524372937,0.43264946670281446,0.00010083870639486387
32.51,0.08344056613323847,-0.06606700055307801,0.4426065573717858,0.00010083510409032159
32.52,0.08277425369528423,-0.06719632454070608,0.4525621590825064,0.00010083153769167342
32.53,0.08209662266876729,-0.06833074062991738,0.4625162396293084,0.00010082800981599008
32.54,0.0814076214591347,-0.06947038378944033,0.472468766280327,0.00010082452320892095
32.55,0.08070719711423154,-0.07061539057852381,0.48241970576152815,0.00010082108074980295
32.56,0.07999529530816701,-0.07176589919279577,0.4923690242403501,0.00010081768545700487
32.57,0.07927186032471815,-0.07292204951090772,0.5023166873089474,0.00010081434049351751
32.58,0.07853683504026299,-0.07408398314198898,0.5122626599670218,0.00010081104917278745
32.59,0.07779016090623499,-0.0752518434739349,0.5222069066042256,0.0001008078149648194
32.6,0.07703177793109044,-0.07642577572255377,0.5321493909821238,0.00010080464150255714
32.61,0.0762616246617799,-0.07760592698159753,0.5420900762156977,0.00010080153258853917
32.62,0.07547963816471481,-0.0787924462737023,0.552028924754376,0.00010079849220186267
32.63,0.0746857540062201,-0.07998548460226461,0.5619658983625756,0.0001007955245054537
32.64,0.07387990623246314,-0.0811851950042805,0.5719009580997352,0.00010079263385366139
32.65,0.0730620273488495,-0.08239173260417451,0.5818340642998254,0.00010078982480019772
32.660000000000004,0.07223204829887528,-0.08360525466864684,0.5917651765503164,0.0001007871021064234
32.67,0.07138989844242571,-0.08482592066256679,0.6016942536705836,0.00010078447075000345
32.68,0.07053550553350962,-0.08605389230594206,0.6116212536897344,0.00010078193593395609
32.69,0.06966879569741852,-0.08728933363199318,0.621546133823834,0.00010077950309609501
32.7,0.06878969340729943,-0.08853241104636382,0.6314688504525099,0.00010077717791889499
32.71,0.06789812146012976,-0.08978329338749773,0.6413893590949159,0.00010077496633980186
32.72,0.06699400095208241,-0.09104215198821411,0.6513076143850306,0.00010077287456199059
32.730000000000004,0.06607725125326905,-0.09230916073851379,0.6612235700462696,0.0001007709090656094
32.74,0.065147789981849,-0.09358449614964912,0.6711371788653878,0.00010076907661952606
32.75,0.064205532977491,-0.09486833741949152,0.6810483926656467,0.00010076738429358765
32.76,0.06325039427417462,-0.09616086649923111,0.6909571622792215,0.0001007658394714348
32.77,0.0622822860723179,-0.09746226816144357,0.7008634375188242,0.00010076444986388655
32.78,0.061301118710217345,-0.09877273006956037,0.7107671671485115,0.00010076322352291524
32.79,0.06030680063478601,-0.10009244284877909,0.7206682988536546,0.00010076216885624983
32.8,0.05929923837157514,-0.10142160015845136,0.7305667792100378,0.00010076129464263228
32.81,0.058278336494064435,-0.10276039876598696,0.7404625536520594,0.00010076061004775041
32.82,0.057243997592205415,-0.10410903862231308,0.7503555664400015,0.00010076012464088312
32.83,0.05619612224020238,-0.105467722938929,0.7602457606263381,0.00010075984841229796
32.84,0.05513460896351458,-0.1068366582665971,0.7701330780210487,0.00010075979179141946
32.85,0.054059354205063186,-0.10821605457571185,0.7800174591559016,0.00010075996566580976
32.86,0.05297025229062592,-0.10960612533838968,0.7898988432476727,0.00010076038140101048
32.87,0.051867195393402114,-0.11100708761232339,0.799777168160263,0.00010076105086126635
32.88,0.05075007349773011,-0.11241916212644543,0.8096523703656758,0.00010076198643118282
32.89,0.04961877436193885,-0.11384257336844582,0.8195243849038153,0.00010076320103836164
32.9,0.04847318348031483,-0.11527754967419106,0.8293931453410646,0.00010076470817704726
32.910000000000004,0.04731318404416513,-0.11672432331909151,0.8392585837276016,0.0001007665219328471
32.92,0.046138656901956815,-0.11818313061146582,0.8491206305534091,0.00010076865700856564
32.93,0.04494948051851256,-0.1196542119879517,0.8589792147029321,0.00010077112875120265
32.94,0.04374553093324166,-0.12113781211101375,0.8688342634083372,0.00010077395318017011
32.95,0.04252668171738533,-0.12263417996859978,0.8786857022013234,0.0001007771470167979
32.96,0.04129280393025438,-0.12414356897599832,0.8885334548634353,0.00010078072771516734
32.97,0.04004376607443723,-0.12566623707995098,0.898377443374825,0.00010078471349434319
32.980000000000004,0.03877943404995513,-0.12720244686507445,0.9082175878614085,0.00010078912337207925
32.99,0.03749967110734153,-0.12875246566264825,0.9180538065403608,0.00010079397720004547
33.0,0.03620433779962142,-0.13031656566182476,0.92788601566389,0.00010079929570066764
33.01,0.03489329193316623,-0.1318950240233202,0.9377141294612303,0.00010080510050564895
33.02,0.03356638851739921,-0.1334881229956456,0.9475380600787926,0.00010081141419624196
33.03,0.03222347971332547,-0.1350961500339381,0.9573577175184032,0.00010081826034536481
33.04,0.030864414780860536,-0.1367193979214543,0.9671730095735673,0.00010082566356164458
33.05,0.029489040024930357,-0.13835816489378844,0.9769838417636846,0.00010083364953548459
33.06,0.028097198740315223,-0.1400127547658792,0.9867901172661444,0.00010084224508723521
33.07,0.026688731155209446,-0.1416834770618703,0.9965917368462249,0.00010085147821758211
33.08,0.02526347437346786,-0.1433706471478909,1.0063885987847185,0.00010086137816025433
33.09,0.023821262315509635,-0.14507458636782394,1.0161805988032004,0.00010087197543714926
33.1,0.022361925657849214,-0.14679562218212996,1.0259676299868574,0.00010088330191601322
33.11,0.02088529177122341,-0.14853408830979725,1.0357495827047887,0.00010089539087077081
33.12,0.01939118465728308,-0.15029032487348853,1.0455263445276868,0.00010090827704464419
33.13,0.017879424883817083,-0.15206467854795658,1.0552978001428055,0.00010092199671619723
33.14,0.016349829518475373,-0.15385750271180207,1.0650638312661156,0.00010093658776843674
33.15,0.014802212060957557,-0.15566915760264788,1.0748243165515474,0.00010095208976111397
33.160000000000004,0.013236382373632262,-0.1575000104758054,1.0845791314972137,0.00010096854400638108
33.17,0.011652146610552094,-0.1593504357665095,1.0943281483485037,0.00010098599364797244
33.18,0.010049307144828061,-0.16122081525579982,1.104071235997934,0.00010100448374405588
33.19,0.008427662494326638,-0.16311153824012672,1.1138082598816388,0.00010102406135395357
33.2,0.006787007245651803,-0.16502300170476236,1.1235390818723747,0.0001010447756289028
33.21,0.005127131976373615,-0.16695561050109664,1.1332635601689156,0.00010106667790704548
33.22,0.0034478231754640582,-0.16890977752790032,1.142981549181702,0.00010108982181287375
33.230000000000004,0.001748863161900084,-0.17088592391663754,1.1526928994146097,0.00010111426336130304
33.24,3.0030001392927124e-05,-0.17288447922091085,1.1623974573426936,0.00010114006106663205
33.25,-0.0017089025787980375,-0.1749058816101231,1.1720950652857585,0.00010116727605661297
33.26,-0.0034681652770094935,-0.17695057806744077,1.1817855612776034,0.00010119597219185618
33.27,-0.00524799330631988,-0.17901902459214414,1.1914687789307787,0.00010122621619085483
33.28,-0.00704862648574088,-0.18111168640645015,1.2011445472966906,0.00010125807776088313
33.29,-0.008870309333499861,-0.1832290381668944,1.2108126907208792,0.00010129162973505181
33.3,-0.010713291162459294,-0.18537156418035886,1.2204730286932923,0.0001013269482158108
33.31,-0.012577826177720037,-0.18753975862483221,1.2301253756933677,0.00010136411272522046
33.32,-0.014464173576456248,-0.18973412577498985,1.2397695410297302,0.00010140320636230903
33.33,-0.016372597650030567,-0.19195518023268063,1.249405328674304,0.00010144431596785309
33.34,-0.01830336788843905,-0.194203447162407,1.2590325370906297,0.00010148753229694749
33.35,-0.020256759087136228,-0.19647946253188525,1.2686509590561699,0.00010153295019973094
33.36,-0.022233051456291557,-0.19878377335777156,1.2782603814783797,0.00010158066881065536
33.37,-0.02423253073252927,-0.20111693795663965,1.2878605852043048,0.0001016307917467198
33.38,-0.026255488293204645,-0.2034795262012939,1.2974513448234668,0.00010168342731510047
33.39,-0.028302221273270436,-0.20587211978250172,1.3070324284637829,0.00010173868873060329
33.4,-0.030373032684788033,-0.208295312476227,1.3166035975802555,0.00010179669434344672
33.410000000000004,-0.032468231539138824,-0.2107497104164451,1.326164606736163,0.00010185756787784284
33.42,-0.03458813297199194,-0.21323593237361768,1.3357152033764645,0.00010192143868190087
33.43,-0.03673305837108536,-0.21575461003890412,1.3452551275931282,0.00010198844198941103
33.44,-0.038903335506878134,-0.21830638831418317,1.354784111882075,0.00010205871919405345
33.45,-0.04109929866613213,-0.2208919256079559,1.364301880891423,0.00010213241813664425
33.46,-0.04332128878848257,-0.22351189413719777,1.3738081511607008,0.00010220969340603422
33.47,-0.04556965360605705,-0.2261669802352242,1.3833026308506893,0.00010229070665432061
33.480000000000004,-0.047844747786203554,-0.22885788466562948,1.3927850194635356,0.00010237562692705147
33.49,-0.05014693307738843,-0.23158532294235523,1.402255007552771,0.00010246463100912169
33.5,-0.05247657845832596,-0.23435002565593852,1.411712276422848,0.00010255790378714522
33.51,-0.05483406029040149,-0.23715273880598525,1.4211564978178008,0.00010265563862905514
33.52,-0.05721976247345053,-0.23999422413990767,1.4305873335986143,0.00010275803778175583
33.53,-0.05963407660495676,-0.24287525949795818,1.4400044354088735,0.00010286531278770421
33.54,-0.06207740214273192,-0.2457966391645848,1.4494074443282472,0.00010297768492128542
33.55,-0.06455014657114094,-0.24875917422612467,1.458795990513345,0.00010309538564594652
33.56,-0.06705272557093578,-0.251763692934844,1.468169692825466,0.00010321865709306093
33.57,-0.06958556319276131,-0.25481104107932273,1.4775281584447435,0.00010334775256353072
33.58,-0.07214909203439678,-0.25790208236117157,1.4868709824701665,0.00010348293705321989
33.59,-0.07474375342179602,-0.26103769877805827,1.4961977475049437,0.00010362448780332326
33.6,-0.07736999759398934,-0.264218791013007,1.505508023226653,0.00010377269487683237
33.61,-0.08002828389190944,-0.26744627882992106,1.5148013659415984,0.00010392786176233742
33.62,-0.08271908095120362,-0.2707211014752656,1.5240773181227798,0.00010409030600641006
33.63,-0.08544286689909311,-0.2740442180858299,1.5333354079308488,0.00010426035987590766
33.64,-0.08820012955534016,-0.2774166081024726,1.542575148717413,0.00010443837105158425
33.65,-0.09099136663738192,-0.2808392716897346,1.5517960385100193,0.00010462470335444189
33.660000000000004,-0.09381708596968924,-0.28431323016118454,1.560997559478124,0.00010481973750632306
33.67,-0.09667780569740707,-0.2878395264103396,1.5701791773793354,0.00010502387192632675
33.68,-0.09957405450433104,-0.2914192253469826,1.5793403409851874,0.0001052375235646562
33.69,-0.10250637183527346,-0.2950534143386705,1.5884804814856723,0.0001054611287755981
33.7,-0.10547530812286936,-0.29874320365720247,1.5975990118717418,0.00010569514423141465
33.71,-0.10848142501887095,-0.3024897269297886,1.6066953262949486,0.00010594004787895501
33.72,-0.11152529562997611,-0.306294141594627,1.615768799403379,0.00010619633994092076
33.730000000000004,-0.11460750475823325,-0.31015762936056607,1.6248187856529943,0.00010646454396373654
33.74,-0.1177286491460619,-0.31408139667049245,1.6338446185934687,0.0001067452079140981
33.75,-0.12088933772592399,-0.31806667516804626,1.6428456101275823,0.00010703890532631966
33.76,-0.12409019187467722,-0.3221147221672264,1.6518210497431938,0.00010734623650268153
33.77,-0.12733184567263697,-0.3262268211244029,1.6607702037167889,0.00010766782976908009
33.78,-0.13061494616736807,-0.33040428211220824,1.6696923142875646,0.00010800434278831593
33.79,-0.13394015364222261,-0.334648442294729,1.6785865988009772,0.00010835646393349265
33.8,-0.13730814188963342,-0.3389606664033655,1.6874522488206494,0.00010872491372402594
33.81,-0.14071959848916682,-0.3433423472126709,1.6962884292074953,0.00010911044632687695
33.82,-0.1441752250903304,-0.34779490601541985,1.705094277164891,0.00010951385112568704
33.83,-0.14767573770012438,-0.35231979309609174,1.7138689012486772,0.00010993595436057036
33.84,-0.15122186697531612,-0.3569184882018847,1.722611380340755,0.00011037762084140886
33.85,-0.15481435851940856,-0.3615925010103029,1.7313207625849887,0.00011083975573755113
33.86,-0.15845397318426307,-0.3663433715922797,1.739996064284105,0.00011132330644689594
33.87,-0.16214148737632655,-0.37117267086971756,1.748636268756235,0.00011182926454742157
33.88,-0.1658776933674011,-0.37608200106623424,1.7572403251497142,0.00011235866783427853
33.89,-0.1696633996098817,-0.38107299614981155,1.765807147214722,0.00011291260244559016
33.9,-0.1734994310563741,-0.386147322265941,1.7743356120303015,0.00011349220508023363
33.910000000000004,-0.17738662948359046,-0.39130667815975423,1.7828245586852767,0.00011409866531085284
33.92,-0.18132585382040442,-0.3965527955855111,1.7912727869115441,0.00011473322799539946
33.93,-0.18531798047993056,-0.40188743970169866,1.7996790556681879,0.00011539719579058632
33.94,-0.18936390369547537,-0.4073124094498644,1.808042081674838,0.00011609193177057962
33.95,-0.19346453586018658,-0.4128295379151723,1.8163605378926617,0.00011681886215428792
33.96,-0.19762080787020803,-0.4184406926665242,1.824633051951354,0.00011757947914463335
33.97,-0.2018336694711238,-0.4241477760739379,1.8328582045204693,0.00011837534388310769
33.980000000000004,-0.20610408960745236,-0.4299527256007089,1.8410345276234152,0.00011920808952288811
33.99,-0.21043305677492516,-0.4358575140677142,1.8491605028924132,0.0001200794244237464
34.0,-0.2148215793752574,-0.4418641498870317,1.8572345597627167,0.00012099113547187331
34.01,-0.219270686073089,-0.44797467726185924,1.8652550736043703,0.00012194509152760422
34.02,-0.22378142615474297,-0.4541911763495145,1.8732203637897842,0.00012294324700392993
34.03,-0.228354869888415,-0.460515763384081,1.8811286916954075,0.0001239876455784725
34.04,-0.23299210888537247,-0.4669505907550422,1.888978258635784,0.00012508042404136763
34.05,-0.2376942564617038,-0.47349784703800557,1.8967672037282912,0.00012622381628129195
34.06,-0.24246244800011815,-0.4801597569733687,1.90449360168689,0.00012742015741151793
34.07,-0.24729784131125326,-0.4869385813885149,1.9121554605432334,0.00012867188803755502
34.08,-0.25220161699390353,-0.49383661705884796,1.919750719293533,0.00012998155866753182
34.09,-0.25717497879353196,-0.5008561965026838,1.9272772454696285,0.00013135183426597947
34.1,-0.2622191539583783,-0.5079996877047095,1.9347328326327664,0.00013278549895118322
34.11,-0.26733539359242164,-0.5152694937623996,1.9421151977886753,0.0001342854608356237
34.12,-0.27252497300439704,-0.52266805244944,1.9494219787226097,0.00013585475700835867
34.13,-0.2777891920520055,-0.5301978356898591,1.956650731253144,0.0001374965586574452
34.14,-0.28312937548039085,-0.5378613489361944,1.9637989264036195,0.00013921417632958827
34.15,-0.28854687325389,-0.5456611304446376,1.970863947490288,0.0001410110653232799
34.160000000000004,-0.2940430608799875,-0.5535997504396989,1.9778430871263626,0.00014289083121058355
34.17,-0.2996193397243326,-0.5616798101605096,1.9847335441413652,0.00014485723548151826
34.18,-0.30527713731559275,-0.5699039407804487,1.9915324204153746,0.00014691420130368138
34.19,-0.31101790763883363,-0.5782748021913209,1.9982367176280142,0.000149065819388241
34.2,-0.3168431314160253,-0.5867950816428472,2.0048433339222806,0.00015131635395184163
34.21,-0.3227543163721798,-0.5954674922277391,2.011349060483616,0.00015367024876216165
34.22,-0.3287529974855245,-0.604294771202123,2.0177505780349567,0.00015613213325285812
34.230000000000004,-0.33484073722001256,-0.6132796781305655,2.024044453248854,0.00015870682869155588
34.24,-0.3410191257383592,-0.6224249928444102,2.030227135078179,0.00016139935438210488
34.25,-0.3472897810936791,-0.6317335132015929,2.0362949510073642,0.00016421493387980659
34.26,-0.353654349397678,-0.6412080526355357,2.042244103226644,0.00016715900119551347
34.27,-0.3601145049632246,-0.6508514374801504,2.0480706647322857,0.0001702372069614199
34.28,-0.3666719504189971,-0.6606665040573941,2.0537705753564244,0.00017345542452813957
34.29,-0.37332841679375894,-0.6706560955132318,2.0593396377307505,0.00017681975595903497
34.300000000000004,-0.38008566356767554,-0.6808230583872608,2.064773513189033,0.0001803365378839655
34.31,-0.38694547868793144,-0.6911702389006524,2.0700677176142377,0.00018401234717044658
34.32,-0.3939096785457526,-0.7017004789464669,2.0752176172368544,0.00018785400636578872
34.33,-0.40098010791177474,-0.7124166117658001,2.080218424391971,0.00019186858885901362
34.34,-0.4081586398265315,-0.7233214572926331,2.0850651932436457,0.0001960634237062101
34.35,-0.41544717544266074,-0.7344178171496827,2.0897528154862064,0.00020044610005762645
34.36,-0.42284764381524886,-0.7457084692769901,2.0942760160332887,0.00020502447111894891
34.37,-0.4303620016365462,-0.7571961621744561,2.098629348706691,0.00020980665757311468
34.38,-0.43799223291109773,-0.7688836087390285,2.1028071919384863,0.00021480105038254818
34.39,-0.4457403485671364,-0.7807734796767846,2.1068037445013044,0.00022001631288483806
34.4,-0.4536083859998881,-0.7928683964697365,2.1106130212832577,0.00022546138208774
34.410000000000004,-0.46159840854223294,-0.8051709238768284,2.1142288491256815,0.00023114546906188575
34.42,-0.46971250485796034,-0.8176835619483027,2.1176448627436435,0.00023707805832176766
34.43,-0.47795278825264764,-0.8304087375323982,2.120854500751098,0.00024326890607745454
34.44,-0.4863213958969789,-0.8433487952532202,2.1238510018145944,0.0002497280372311776
34.45,-0.4948204879571101,-0.8565059879386049,2.12662740096161,0.0002564657409843318
34.46,-0.5034522466264746,-0.8698824664769003,2.129176526071859,0.0002634925649117001
34.47,-0.5122188750532148,-0.8834802690818206,2.131490994582345,0.00027081930735089506
34.480000000000004,-0.5211225961572168,-0.8973013099449243,2.1335632104394624,0.00027845700794610636
34.49,-0.5301656513305246,-0.9113473672558197,2.135385361334118,0.00028641693617644957
34.5,-0.5393502990147154,-0.9256200705709612,2.136949416258629,0.00029471057769056303
34.51,-0.5486788131486293,-0.9401208875128592,2.1382471234270706,0.0003033496182606718
34.52,-0.5581534814796716,-0.9548511097827297,2.139270008603765,0.00031234592516143277
34.53,-0.5677766037317442,-0.9698118384710739,2.1400093738877337,0.0003217115257714098
34.54,-0.5775504896227136,-0.9850039686524202,2.1404562970041656,0.00033145858318838937
34.550000000000004,-0.5874774567241977,-1.0004281732525264,2.1406016311572653,0.0003415993686440579
34.56,-0.5975598281563469,-1.016084886178736,2.1404360055022256,0.0003521462304989502
34.57,-0.6077999301102164,-1.0319742847069537,2.1399498262975003,0.00036311155959547277
34.58,-0.6182000891902754,-1.0480962711218738,2.1391332788020176,0.0003745077507453182
34.59,-0.6287626295695844,-1.064450453610686,2.1379763299854346,0.0003863471601281158
34.6,-0.6394898699501931,-1.0810361264145476,2.136468732122973,0.0003986420583809527
34.61,-0.6503841203213759,-1.0978522492466436,2.1346000273497503,0.00041140457916385607
34.62,-0.661447678508438,-1.114897425990727,2.132359553252794,0.0004246466629948191
34.63,-0.6726828265049862,-1.1321698826996356,2.129736449582059,0.0004383799961598151
34.64,-0.6840918265817904,-1.1496674449194664,2.1267196661646994,0.0004526159445189963
34.65,-0.6956769171656465,-1.1673875143718675,2.123297972109525,0.00046736548205021016
34.660000000000004,-0.7074403084820168,-1.1853270450343103,2.119459966390944,0.00048263911399565155
34.67,-0.7193841779556572,-1.2034825186662421,2.1151940899036865,0.0004984467945073756
34.68,-0.7315106653639695,-1.2218499198377102,2.1104886390811135,0.0005147978387227658
34.69,-0.7438218677384206,-1.2404247105263955,2.105331781170935,0.0005317008292425251
34.7,-0.7563198340100887,-1.2592018043589999,2.099711571262511,0.0005491635170318439
34.71,-0.7690065593961992,-1.2781755405835944,2.0936159711595668,0.0005671927168201247
34.72,-0.7818839795254429,-1.297339657870822,2.087032870190986,0.0005857941971366842
34.730000000000004,-0.7949539643009028,-1.3166872680537558,2.079950108050267,0.0006049725651894639
34.74,-0.8082183115005772,-1.336210829928678,2.0723554997510933,0.0006247311468709026
34.75,-0.821678740116772,-1.35590212325203,2.064236862782229,0.0006450718622602978
34.76,-0.8353368834370584,-1.3757522230822181,2.0555820465394183,0.000665995097084756
34.77,-0.8491942818710434,-1.3957514746287456,2.046378964105088,0.0006874995707013741
34.78,-0.8632523755288984,-1.4158894687852086,2.0366156264382584,0.000709582201271194
34.79,-0.8775124965594253,-1.4361550185368788,2.026280179027103,0.0007322379689101528
34.800000000000004,-0.8919758612574196,-1.4565361364477964,2.015360941044887,0.0007554597777231756
34.81,-0.9066435619522083,-1.4770200134463267,2.003846447036529,0.0007792383177534883
34.82,-0.9215165586915003,-1.4975929991418115,1.991725491147607,0.0008035619280093916
34.83,-0.9365956707370761,-1.5182405839180833,1.978987173890277,0.000828416461863169
34.84,-0.9518815678913688,-1.5389473830619413,1.9656209514211325,0.0008537851562500214
34.85,-0.9673747616766222,-1.5596971231960075,1.9516166872845704,0.0008796485062267532
34.86,-0.9830755963910601,-1.5804726312953659,1.9369647065516467,0.0009059841465778717
34.87,-0.9989842400693372,-1.601255826575798,1.921655852258781,0.0009327667422782814
34.88,-1.015100675377454,-1.622027715547907,1.9056815440230186,0.0009599678897334554
34.89,-1.0314246904752866,-1.6427683905356822,1.8890338386809917,0.000987556030816883
34.9,-1.0479558698828733,-1.66345703195974,1.8717054927673644,0.001015496381806961
34.910000000000004,-1.0646935853896065,-1.684071914684261,1.8536900266155742,0.0010437508793873754
34.92,-1.0816369870484417,-1.7045904187221814,1.8349817898293415,0.00107227814591275
34.93,-1.098784994300148,-1.7249890445851457,1.8155760278379678,0.0011010334761504849
34.94,-1.1161362872754321,-1.7452434335527982,1.7954689492122513,0.001129968847686718
34.95,-1.1336892983254367,-1.7653283931198518,1.7746577933812786,0.00115903295712476
34.96,-1.1514422038336003,-1.7852179278587808,1.753140898353894,0.001188171284104729
34.97,-1.1693929163641186,-1.8048852759107128,1.7309177680127799,0.0012173261850303776
34.980000000000004,-1.1875390772042305,-1.8243029512869664,1.7079891385143886,0.0012464370181998695
34.99,-1.205878049359203,-1.8434427921285814,1.68435704329506,0.0012754403017998911
35.0,-1.224406911060166,-1.862276015031099,1.6600248761531813,0.0013042699059352806
35.01,-1.2431224498458013,-1.8807732754967836,1.6349974518499177,0.0013328572795292845
35.02,-1.262021157279263,-1.8989047345266021,1.609281063647556,0.001361131712543152
35.03,-1.2810992243615666,-1.9166401313098074,1.5828835371856067,0.0013890206335301276
35.04,-1.3003525377019662,-1.9339488619102685,1.5558142800812345,0.0014164499420615687
35.050000000000004,-1.3197766765045256,-1.9508000637861975,1.5280843266330462,0.0014433443750466054
35.06,-1.3393669104281265,-1.96716270591423,1.4997063770064343,0.0014696279054181483
35.07,-1.359118198374532,-1.983005684220606,1.470694830285202,0.0014952241710846199
35.08,-1.3790251882557942,-1.9982979219522812,1.4410658107886198,0.0015200569314584975
35.09,-1.3990822177882798,-2.0130084745500896,1.4108371870758623,0.0015440505482802944
35.1,-1.419283316355847,-2.0271066385155976,1.3800285830912922,0.0015671304868716232
35.11,-1.4396222079792818,-2.0405620636941326,1.3486613809445283,0.0015892238333871395
35.12,-1.4600923154229886,-2.053344868329811,1.3167587148687083,0.001610259823106174
35.13,-1.4806867654631688,-2.06542575618546,1.284345455958768,0.0016301703743244029
35.14,-1.5013983953343581,-2.0767761349623597,1.251448187358608,0.001648890621989126
35.15,-1.522219760363277,-2.0873682352029843,1.2180951696412765,0.0016663594448818686
35.160000000000004,-1.54314314279055,-2.0971752288156122,1.1843162962090774,0.0016825199799021507
35.17,-1.5641605617720573,-2.106171346323956,1.1501430386300253,0.0016973201168584452
35.18,-1.5852637845425692,-2.114331991918906,1.1156083819222262,0.0017107129671358244
35.19,-1.6064443387150023,-2.121633855374032,1.0807467498974217,0.0017226572996928832
35.2,-1.6276935256792198,-2.1280550198824177,1.045593920777681,0.0017331179380478566
35.21,-1.6490024350549084,-2.1335750648803553,1.010186933403607,0.0017420661122472623
35.22,-1.6703619601438033,-2.138175162943768,0.9745639844568001,0.001749479760269494
35.230000000000004,-1.6917628143175527,-2.1418381698761526,0.9387643172220276,0.0017553437738951439
35.24,-1.7131955482689143,-2.1445487071522624,0.902828102513861,0.0017596501847679585
35.25,-1.7346505680458983,-2.146293235939392,0.8667963124867233,0.0017623982871639472
35.26,-1.7561181537810238,-2.1470601219873506,0.8307105881346638,0.0017635946948666885
35.27,-1.777588479021163,-2.146839690758267,0.7946131013661453,0.00176325333049705
35.28,-1.799051630557596,-2.145624272257134,0.7585464126081883,0.0017613953466458455
35.29,-1.8204976286509953,-2.143408235122231,0.7225533249520739,0.001758048979187
35.300000000000004,-1.8419164475421683,-2.140188009639784,0.6866767358983107,0.001753249334183642
35.31,-1.8632980361365843,-2.1359620994577635,0.6509594877908458,0.0017470381108173761
35.32,-1.8846323387490231,-2.130731081887885,0.6154442180488832,0.0017394632637485687
35.33,-1.9059093157941582,-2.1244975968007442,0.5801732103087978,0.001730578609230655
35.34,-1.927118964309511,-2.1172663242347816,0.5451882475784049,0.0017204433801340242
35.35,-1.9482513381989943,-2.10904395095347,0.5105304684814438,0.0017091217357664318
35.36,-1.9692965680881598,-2.0998391262949987,0.47624022763203755,0.001696682232991645
35.37,-1.9902448806862312,-2.0896624077629844,0.4423569611278203,0.0016831972656340883
35.38,-2.0110866175549855,-2.078526196903804,0.4089190580873649,0.001668742479505845
35.39,-2.0318122531904486,-2.066444666104556,0.3759637390836877,0.0016533961705984003
35.4,-2.052412412330112,-2.053433677024197,0.34352694224233926,0.0016372386740442775
35.410000000000004,-2.0728778864058546,-2.03951069143801,0.3116432176814424,0.0016203517513757601
35.42,-2.0931996490708373,-2.0246946753315096,0.28034563087365383,0.001602817983395207
35.43,-2.1133688707372373,-2.0090059971236123,0.24966567540811807,0.0015847201756341582
35.44,-2.133376932070646,-1.9924663209301297,0.21963319552578658,0.0015661407829282007
35.45,-2.1532154363961746,-1.975098495797376,0.19027631869572312,0.0015471613590864143
35.46,-2.1728762209806463,-1.9569264418420962,0.1616213983948757,0.001527862037004603
35.47,-2.192351367164605,-1.9379750342284834,0.13369296715085618,0.0015083210438777525
35.480000000000004,-2.2116332093270974,-1.9182699858963967,0.1065136998079971,0.0014886142554278606
35.49,-2.230714342675204,-1.8978377299278082,0.08010438688267209,0.0014688147922963819
35.5,-2.2495876298589863,-1.8767053024019948,0.05448391778573364,0.0014489926609739577
35.51,-2.2682462064208093,-1.854900226545101,0.02966927360891059,0.0014292144408705135
35.52,-2.286683485095792,-1.8324503989276013,0.00567552909890932,0.001409543018382009
35.53,-2.304893158987398,-1.8093839784051202,-0.01748413662163292,0.001390037368099159
35.54,-2.322869203648814,-1.7857292784352392,-0.039798421082884755,0.0013707523806405822
35.550000000000004,-2.3406058781067616,-1.7615146633366,-0.061257871789362456,0.0013517387359878261
35.56,-2.358097724869718,-1.7367684489879873,-0.08185485241480767,0.0013330428206592096
35.57,-2.3753395689671373,-1.7115188083953132,-0.10158350247931588,0.0013147066865898886
35.58,-2.392326516070203,-1.6857936824845887,-0.12043969113725314,0.0012967680491890242
35.59,-2.4090539497478742,-1.659620696410083,-0.138420965715756,0.0012792603217231472
35.6,-2.425517527914538,-1.6330270815997874,-0.15552649564701004,0.0012622126829272494
35.61,-2.4417131785274924,-1.6060396036958344,-0.17175701243363567,0.0012456501745688022
35.62,-2.457637094593729,-1.5786844964863245,-0.18711474627603755,0.0012295938255819702
35.63,-2.4732857285461787,-1.5509874018676326,-0.2016033599742036,0.0012140607993444854
35.64,-2.4886557860496956,-1.5229733158231562,-0.21522788069490495,0.0011990645606824515
35.65,-2.5037442192966677,-1.494666540355919,-0.22799463016929938,0.0011846150592525263
35.660000000000004,-2.5185482198512967,-1.4660906412687182,-0.23991115385631723,0.0011707189260597407
35.67,-2.533065211100328,-1.4372684116466792,-0.2509861495746408,0.0011573796800160108
35.68,-2.5472928403663837,-1.4082218408632108,-0.261229396071266,0.001144597941621939
35.69,-2.5612289707381177,-1.3789720889013894,-0.2706516819582194,0.0011323716510566618
35.7,-2.574871672669202,-1.3495394657585982,-0.27926473541160596,0.0011206962881805738
35.71,-2.5882192153957337,-1.3199434156826544,-0.28708115498933384,0.0011095650921878477
35.72,-2.6012700582190544,-1.290202505972434,-0.29411434188611807,0.001098969278884602
35.730000000000004,-2.6140228416982416,-1.2603344200648687,-0.30037843390713287,0.0010888982538092389
35.74,-2.6264763787937153,-1.2303559546228777,-0.3058882414053642,0.0010793398196498548
35.75,-2.6386296460005236,-1.2002830203349528,-0.31065918539262605,0.0010702803766458415
35.76,-2.650481774506974,-1.1701306461364447,-0.31470723800062345,0.001061705114883992
35.77,-2.662032041411386,-1.139912986564733,-0.31804886543658933,0.001053598197611206
35.78,-2.6732798610268786,-1.1096433319650978,-0.32070097354805566,0.0010459429348840278
35.79,-2.684224776301322,-1.0793341212708925,-0.32268085608336783,0.0010387219470588077
35.800000000000004,-2.6948664503768343,-1.048996957090253,-0.324006145708688,0.0010319173177939696
35.81,-2.7052046583106075,-1.0186426228417433,-0.324694767818504,0.0010255107363874374
35.82,-2.715239278976299,-0.9882811016927607,-0.3247648971550677,0.0010194836294073239
35.83,-2.7249702871628423,-0.9579215970669448,-0.32423491723271386,0.0010138172816930642
35.84,-2.734397745885255,-0.9275725544999839,-0.3231233825456041,0.0010084929469073097
35.85,-2.743521798919875,-0.8972416846369021,-0.3214489835220402,0.0010034919479069012
35.86,-2.7523426635744697,-0.8669359871779123,-0.31923051417500725,0.0009987957672751497
35.87,-2.7608606237017947,-0.8366617755940695,-0.31648684238694413,0.000994386128417793
35.88,-2.7690760229634668,-0.8064247024481002,-0.3132368827567904,0.000990245067673036
35.89,-2.776989258349437,-0.7762297851697696,-0.3094995719290082,0.0009863549979226905
35.9,-2.784600773956915,-0.7460814321488795,-0.30529384631740697,0.0009826987642177125
35.910000000000004,-2.7919110550312918,-0.7159834690223488,-0.30063862213108833,0.0009792596919486784
35.92,-2.7989206222704333,-0.685939165044758,-0.2955527776055528,0.0009760216281007889
35.93,-2.805630026392689,-0.6559512594441492,-0.29005513733885474,0.0009729689761349239
35.94,-2.8120398429680167,-0.6260219876767359,-0.28416445863053424,0.0009700867250321641
35.95,-2.818150667510829,-0.5961531075054406,-0.2778994197197867,0.00096736047302991
35.96,-2.823963110832478,-0.5663459248378211,-0.2712786098188401,0.0009647764465639022
35.97,-2.8294777946506793,-0.536601319268955,-0.2643205208376955,0.0009623215149132844
35.980000000000004,-2.834695347452702,-0.5069197692842146,-0.25704354069715285,0.0009599832010256638
35.99,-2.8396164006087297,-0.4773013770855837,-0.24946594812829545,0.0009577496889767222
36.0,-2.844241584731481,-0.447745893013252,-0.2416059088582677,0.0009556098284948796
36.01,-2.8485715262779325,-0.41825273954167597,-0.2334814730841623,0.0009535531369562581
36.02,-2.8526068443888164,-0.3888210348361446,-0.2251105741390762,0.0009515697992291774
36.03,-2.8563481479614476,-0.359449615862143,-0.2165110282568237,0.0009496506657209606
36.04,-2.8597960329514023,-0.3301370610454929,-0.2077005353443598,0.000947787248953337
36.050000000000004,-2.862951079898558,-0.30088171248638945,-0.19869668067360774,0.0009459717189664029
36.06,-2.8658138516730784,-0.2716816977350725,-0.18951693740705894,0.0009441968978250155
36.07,-2.86838489143701,-0.24253495114099108,-0.1801786698741786,0.0009424562534760545
36.08,-2.8706647208172957,-0.21343923479096932,-0.1706991375182657,0.000940743893180133
36.09,-2.872653838286202,-0.18439215905508383,-0.16109549943595566,0.0009390545567171335
36.1,-2.874352717745321,-0.1553912027617384,-0.15138481943398452,0.0009373836095416016
36.11,-2.875761807309577,-0.12643373302579894,-0.14158407153013447,0.0009357270360413867
36.12,-2.8768815282878806,-0.09751702475564505,-0.13171014582743115,0.0009340814330311179
36.13,-2.8777122743573633,-0.06863827986662979,-0.12177985469264611,0.0009324440035910221
36.14,-2.878254410928401,-0.03979464622972953,-0.11180993917196218,0.0009308125513412495
36.15,-2.87850827469792,-0.01098323638513073,-0.1018170755782722,0.0009291854752222309
36.160000000000004,-2.8784741733887915,0.017798853948848788,-0.09181788218599832,0.0009275617648325258
36.17,-2.8781523856734204,0.04655452754075505,-0.08182892597053258,0.0009259409963571244
36.18,-2.8775431612799425,0.07528666745410068,-0.07186672933040994,0.0009243233291011579
36.19,-2.8766467212797533,0.10399811896798819,-0.0619477767311304,0.0009227095026263323
36.2,-2.875463258555392,0.13269167158016526,-0.0520885212101518,0.0009211008344701029
36.21,-2.873992938448108,0.1613700410631942,-0.042305390682982134,0.0009194992184105627
36.22,-2.8722358995847155,0.19003585154545868,-0.03261479399051855,0.0009179071232231304
36.230000000000004,-2.87019225488363,0.21869161759004144,-0.02303312662781664,0.0009163275918583733
36.24,-2.86786209274023,0.24733972624608822,-0.013576776094341063,0.0009147642409535723
36.25,-2.8652454783919437,0.27598241904912946,-0.004262126805459112,0.0009132212605739466
36.26,-2.862342455463677,0.3046217739489655,0.004894435495491498,0.0009117034140627151
36.27,-2.8591530476944054,0.33325968714614035,0.013876519885782541,0.0009102160378623713
36.28,-2.8556772608459267,0.36189785482073883,0.02266772703440119,0.0009087650411527255
36.29,-2.851915084794921,0.39053775474025226,0.03125164665829657,0.0009073569051343335
36.300000000000004,-2.8478664958095785,0.41918062773657344,0.03961185572717321,0.0009059986817690168
36.31,-2.8435314590121425,0.4478274590458158,0.04773191748105611,0.0009046979917723117
36.32,-2.8389099310287484,0.47647895950860963,0.0555953813256671,0.0009034630216358777
36.33,-2.8340018628279524,0.5051355466328205,0.06318578367142999,0.0009023025194413322
36.34,-2.828807202749296,0.5337973255252684,0.07048664978262598,0.0009012257892107385
36.35,-2.823325899723161,0.5624640697040099,0.07748149670381103,0.0009002426835232778
36.36,-2.8175579066830334,0.5911352018080809,0.08415383733104173,0.0008993635941125939
36.37,-2.8115031841710874,0.6198097742272932,0.0904871856956873,0.0008985994401451797
36.38,-2.805161704137757,0.6484864496807303,0.09646506352858697,0.0008979616538673062
36.39,-2.798533453935635,0.677163481778997,0.10207100817198805,0.000897462163296556
36.4,-2.791618440507658,0.7058386956120386,0.10728858190601843,0.0008971133716244345
36.410000000000004,-2.7844166947690896,0.7345094684114457,0.11210138275534798,0.0008969281329891611
36.42,-2.776928276182269,0.7631727103435858,0.11649305684011634,0.0008969197242729438
36.43,-2.7691532775225167,0.7918248454976363,0.12044731233308667,0.0008971018125763851
36.44,-2.7610918298328864,0.8204617931406027,0.12394793508226129,0.0008974884180244532
36.45,-2.7527441075646983,0.8490789493196574,0.1269788059547991,0.0008980938715642875
36.46,-2.7441103338999513,0.8776711689005922,0.1295239199539405,0.0008989327674256677
36.47,-2.735190786250761,0.9062327481397832,0.13156740715570395,0.0009000199099304451
36.480000000000004,-2.725985801929979,0.9347574078957696,0.13309355550630705,0.0009013702543584566
36.49,-2.716495783986018,0.9632382775952657,0.13408683551451592,0.0009029988416050378
36.5,-2.7067212071937368,0.9916678800770992,0.13453192686538284,0.0009049207263993207
36.51,-2.696662624191949,1.020038117446083,0.13441374697303554,0.0009071508988941245
36.52,-2.6863206717567616,1.0483402580771082,0.13371748148028176,0.0009097041994875129
36.53,-2.675696077198507,1.0765649249176523,0.132428616701749,0.0009125952267934804
36.54,-2.6647896648685143,1.1047020852443383,0.1305329739950578,0.0009158382387452059
36.550000000000004,-2.6536023627603678,1.132741042035982,0.12801674603110536,0.0009194470468889293
36.56,-2.6421352091886554,1.1606704271316288,0.12486653491990755,0.0009234349040101973
36.57,-2.630389359526488,1.188478196347212,0.12106939213261937,0.0009278143853262701
36.58,-2.6183660929813195,1.2161516267285195,0.11661286014334779,0.0009325972635796525
36.59,-2.6060668193868093,1.2436773161209733,0.1114850156962367,0.0009377943784768508
36.6,-2.5934930859866383,1.2710411852380983,0.10567451458410203,0.0009434155010330294
36.61,-2.5806465841843944,1.2982284824103474,0.09917063780471966,0.0009494691935070448
36.62,-2.5675291562318145,1.325223791193947,0.09196333893983372,0.0009559626657401415
36.63,-2.554142801825907,1.352011041015463,0.08404329258019996,0.0009629016288452541
36.64,-2.5404896845837377,1.3785735210217054,0.07540194359768156,0.0009702901473297734
36.65,-2.5265721383620137,1.4048938972962042,0.06603155704277028,0.0009781304908711653
36.660000000000004,-2.512392673387039,1.430954233592679,0.0559252684231477,0.000986422987099893
36.67,-2.4979539821591743,1.456736015722531,0.04507713409628582,0.0009951658768748942
36.68,-2.4832589450946356,1.4822201797173362,0.03348218148690543,0.0010043551736608402
36.69,-2.468310635866364,1.507387143868506,0.021136458818677144,0.0010139845287301342
36.7,-2.453112326404763,1.5322168447246765,0.008037084029207022,0.0010240451040134887
36.71,-2.4376674915184338,1.556688777102974,-0.005817707481542166,0.0010345254545071061
36.72,-2.4219798130945875,1.580782038143132,-0.020428516636301047,0.0010454114222086426
36.730000000000004,-2.4060531838387016,1.6044753754035606,-0.03579473638075399,0.001056686043595041
36.74,-2.389891710513123,1.62774723896606,-0.05191450969295396,0.0010683294726693026
36.75,-2.3734997166348544,1.6505758374810753,-0.06878469030501524,0.00108031892158756
36.76,-2.356881744593604,1.6729391980484931,-0.08640080654596709,0.0010926286208291236
36.77,-2.3400425571524353,1.6948152297902581,-0.10475702871661537,0.0011052298007883784
36.78,-2.3229871382949745,1.7161817909309083,-0.12384614040507574,0.0011180906965461955
36.79,-2.305720693385201,1.7370167591609216,-0.14365951414499398,0.001131176577418861
36.800000000000004,-2.288248648608279,1.7572981050159966,-0.16418709180708357,0.001144449802683759
36.81,-2.2705766496637905,1.777003967963589,-0.18541737009826958,0.0011578699046429126
36.82,-2.2527105596860024,1.7961127348467647,-0.20733739152127403,0.001171393699909747
36.83,-2.234656456369522,1.814603120295325,-0.22993274112083079,0.0011849754294927313
36.84,-2.216420628282772,1.832454248675836,-0.2531875493108735,0.0011985669279052712
36.85,-2.198009570356193,1.849645737116337,-0.27708450104008375,0.0012121178211581102
36.86,-2.1794299785368803,1.866157779108747,-0.3016048515112962,0.0012255757530939323
36.87,-2.160688743606493,1.8819712281630148,-0.32672844862370964,0.0012388866391102
36.88,-2.141792944164645,1.8970676809625084,-0.352433762256017,0.0012519949458919173
36.89,-2.1227498387856034,1.9114295594505877,-0.3786979204539172,0.001264843995349152
36.9,-2.1035668573619,1.9250401912643478,-0.4054967525275718,0.0012773762905330798
36.910000000000004,-2.0842515916543287,1.937883887923608,-0.43280483900407274,0.0012895338608976408
36.92,-2.0648117850737537,1.9499460201817795,-0.46059556831762977,0.0013012586238908585
36.93,-2.0452553217260525,1.961213089950597,-0.48884120005677123,0.0013124927595090734
36.94,-2.0255902147573495,1.9716727982230275,-0.5175129345242454,0.001323179094137992
36.95,-2.0058245940423562,1.98131410843811,-0.5465809883024066,0.001333261489744067
36.96,-1.9859666932640747,1.990127304757966,-0.5760146754556073,0.0013426852342761238
36.97,-1.966024836438254,1.9981040447606362,-0.6057824939424216,0.0013513974289965395
36.980000000000004,-1.946007423940758,2.0052374060924403,-0.6358522167553191,0.001359347368388459
36.99,-1.925922918100343,2.0115219266698228,-0.6661909872545749,0.0013664869082844339
37.0,-1.905779828423183,2.016953638072621,-0.6967654181175748,0.001372770817934406
37.01,-1.885586696518786,2.021530091827709,-0.7275416932850163,0.0013781571118770593
37.02,-1.8653520807996462,2.025250378343297,-0.758485672252476,0.0013826073576973252
37.03,-1.8450845410290575,2.0281151383189746,-0.7895629960299847,0.0013860869560405136
37.04,-1.8247926227929243,2.0301265665239345,-0.8207391940740567,0.0013885653896053758
37.050000000000004,-1.8044848419721389,2.0312884079047855,-0.8519797914863754,0.0013900164382479032
37.06,-1.784169669292132,2.0316059460539155,-0.8832504157712077,0.0013904183577866046
37.07,-1.76385551502555,2.031085984138521,-0.9145169024496462,0.001389754020599613
37.08,-1.7435507139226643,2.0297368184581535,-0.9457453988428303,0.0013880110166335808
37.09,-1.7232635104421201,2.0275682048639854,-0.9769024653581332,0.0013851817139936468
37.1,-1.703002044351976,2.024591318335043,-1.0079551736415289,0.001381263278841209
37.11,-1.6827743367677486,2.020818706064522,-1.0388712009954484,0.0013762576548807877
37.12,-1.6625882766903726,2.016264234462268,-1.0696189205037887,0.0013701715032580543
37.13,-1.6424516081026828,2.0109430305268208,-1.1001674863536146,0.001363016104207369
37.14,-1.6223719176782836,2.004871418081651,-1.1304869138957003,0.0013548072222696413
37.15,-1.6023566231515411,1.998066849404783,-1.1605481540425262,0.0013455649373413123
37.160000000000004,-1.5824129623920027,1.9905478328087276,-1.1903231616617789,0.0013353134442056405
37.17,-1.5625479832208633,1.9823338567482642,-1.2197849576848745,0.0013240808235319313
37.18,-1.5427685340012585,1.9734453110471104,-1.2489076847126008,0.001311898787603164
37.19,-1.5230812550282051,1.9639034058409526,-1.2776666559627643,0.0012988024042444504
37.2,-1.5034925707380418,1.9537300888338858,-1.3060383974668404,0.0012848298025724507
37.21,-1.4840086827512728,1.942947961458295,-1.3340006834832518,0.0012700218642699994
37.22,-1.464635563756887,1.931580194515027,-1.3615325651532728,0.0012544219041121206
37.230000000000004,-1.445378952240539,1.9196504438517978,-1.3886143924810073,0.0012380753434323138
37.24,-1.4262443480535174,1.9071827666137149,-1.4152278297708056,0.0012210293801255166
37.25,-1.4072370088142319,1.8942015385711652,-1.441355864703385,0.001203332658641644
37.26,-1.388361947129048,1.8807313729977497,-1.4669828112753682,0.0011850349432368297
37.27,-1.3696239286147576,1.86679704153511,-1.4920943068656753,0.0011661867975245026
37.28,-1.3510274707007897,1.852423397443057,-1.5166773037259482,0.0011468392731123363
37.29,-1.3325768421854844,1.8376353015930367,-1.5407200552208646,0.0011270436098305327
37.300000000000004,-1.3142760635173798,1.8224575515213086,-1.5642120971677564,0.001106850949758318
37.31,-1.2961289077695084,1.806914813815893,-1.587144224643444,0.0010863120669464144
37.32,-1.2781389022721736,1.7910315600689406,-1.609508464639766,0.0010654771144190658
37.33,-1.2603093308675664,1.7748320065842422,-1.6312980449580992,0.0010443953897259779
37.34,-1.2426432367478952,1.7583400579886175,-1.6525073597374855,0.001023115120007961
37.35,-1.225143425837413,1.7415792548563263,-1.673131932011105,0.0010016832672444641
37.36,-1.2078124706778202,1.7245727254178231,-1.6931683736820853,0.0009801453540703962
37.37,-1.1906527147759982,1.70734314138844,-1.7126143433023826,0.0009585453102874988
37.38,-1.1736662773728335,1.6899126779191842,-1.7314685020280918,0.0009369253399541839
37.39,-1.1568550585920296,1.6723029776410017,-1.7497304681114154,0.0009153258087192866
37.4,-1.1402207449282364,1.6545351187456938,-1.7674007702740673,0.0008937851508711992
37.410000000000004,-1.1237648150345185,1.6366295870213179,-1.7844808002894659,0.0008723397954044387
37.42,-1.1074885457701251,1.6186062517373605,-1.8009727650820764,0.000851024110261578
37.43,-1.0913930184706708,1.6004843452552744,-1.8168796386320583,0.0008298703637891181
37.44,-1.0754791254041665,1.5822824462230551,-1.8322051139522901,0.0008089087023504509
37.45,-1.0597475763778268,1.5640184661983472,-1.8469535553832201,0.0007881671429664745
37.46,-1.0441989054621967,1.5457096395329966,-1.8611299514290938,0.0007676715798035306
37.47,-1.0288334778008559,1.5273725163428848,-1.8747398683372338,0.0007474458032972447
37.480000000000004,-1.0136514964757573,1.5090229583801469,-1.8877894046004047,0.0007275115306879063
37.49,-0.9986530094001135,1.4906761376203177,-1.9002851465411081,0.0007078884467464625
37.5,-0.9838379162126265,1.4723465373744182,-1.912234125116096,0.0006885942534878822
37.51,-0.969205975148767,1.4540479557352797,-1.9236437740596104,0.0006696447276989162
37.52,-0.9547568098667111,1.4357935111683513,-1.9345218894649894,0.0006510537851480053
37.53,-0.9404899162074281,1.4175956500596496,-1.9448765908863999,0.000632833550394665
37.54,-0.9264046688702704,1.3994661560372108,-1.954716284025674,0.0006149944311721028
37.550000000000004,-0.912500327987229,1.3814161608872282,-1.964049625053551,0.0005975451963787879
37.56,-0.8987760455807771,1.363456156891824,-1.972885486600131,0.0005804930567804966
37.57,-0.8852308718919248,1.3455960104219629,-1.981232925436016,0.0005638437475926381
37.58,-0.871863761566737,1.3278449766262101,-1.989101151853464,0.0005476016121823335
37.59,-0.8586735796911169,1.3102117150637402,-1.996499500745898,0.000531769686199605
37.6,-0.8456591076651425,1.2927043061380643,-2.003437404374246,0.0005163497815161996
37.61,-0.8328190489096271,1.275330268196281,-2.009924366799845,0.0005013425694182734
37.62,-0.820152034398892,1.258096575167126,-2.015969939955938,0.000486747662564698
37.63,-0.8076566280149606,1.2410096746196335,-2.021583701323094,0.0004725636952856995
37.64,-0.7953313317195239,1.224075506132726,-2.0267752331681463,0.0004587884018561322
37.65,-0.7831745905410792,1.2072995198744634,-2.0315541033013833,0.00044541869243406944
37.660000000000004,-0.7711847973756214,1.1906866952979218,-2.035929847302706,0.00043245072640810686
37.67,-0.7593602976001477,1.1742415598687121,-2.0399119521642235,0.00041987998294542927
37.68,-0.7476993934990549,1.1579682077469169,-2.043509841294195,0.0004077013285778125
37.69,-0.7362003485042388,1.1418703183537076,-2.046732860825348,0.00039590908170367985
37.7,-0.7248613912503669,1.1259511747600621,-2.049590267169271,0.0003844970739215691
37.71,-0.7136807194473896,1.1102136818418173,-2.052091215757811,0.0003734587081438922
37.72,-0.7026565035728767,1.0946603841517442,-2.0542447509120736,0.0003627870134696378
37.730000000000004,-0.6917868903872298,1.0792934834654253,-2.0560597967797403,0.0003524746968210574
37.74,-0.6810700062752273,1.064114855963426,-2.057545149281886,0.00034251419137251325
37.75,-0.6705039604177003,1.0491260690175872,-2.058709469011267,0.0003328977018195595
37.76,-0.6600868477974421,1.0343283975542448,-2.059561275025115,0.00032361724655351984
37.77,-0.6498167520436954,1.019722839971771,-2.060108939476783,0.00031466469682117637
37.78,-0.6396917481197713,1.005310133594094,-2.0603606830320724,0.0003060318129611318
37.79,-0.6297099048585151,0.9910907696457384,-2.0603245710177376,0.00029771027781816736
37.800000000000004,-0.6198692873504603,0.9770650077375078,-2.060008510251454,0.00028969172744446276
37.81,-0.6101679591896063,0.9632328898551681,-2.059420246504411,0.0002819677792024072
37.82,-0.6006039845818142,0.9495942538464386,-2.0585673625496796,0.00027453005738786853
37.83,-0.5911754303208511,0.9361487464042464,-2.0574572767514936,0.00026737021649543205
37.84,-0.5818803676371204,0.9228958355465785,-2.0560972421526547,0.000260479962248509
37.85,-0.5727168739241004,0.9098348225953888,-2.0544943460193212,0.0002538510705174652
37.86,-0.563683034347482,0.8969648536588946,-2.0526555098045067,0.0002474754042481845
37.87,-0.5547769433419415,0.8842849306232518,-2.0505874894936498,0.00024134492852188988
37.88,-0.5459967060004197,0.8717939216610453,-2.0482968762976483,0.0002354517238647468
37.89,-0.5373404393606961,0.859490571265279,-2.0457900976607153,0.00022978799792291245
37.9,-0.5288062735939556,0.8473735098186223,-2.0430734185523534,0.0002243460956152919
37.910000000000004,-0.5203923530999423,0.8354412627085803,-2.040152943014627,0.0002191185078724844
37.92,-0.5120968375131846,0.8236922590000069,-2.037034615937729,0.0002140978790663672
37.93,-0.5039179026246586,0.8121248396770007,-2.033724225038598,0.00020927701323039953
37.94,-0.4958537412231336,0.800737265466719,-2.0302274030190346,0.00020464887916627243
37.95,-0.4879025638603158,0.7895277242580221,-2.026549629881393,0.00020020661452798904
37.96,-0.4800625995437772,0.7784943381281395,-2.0226962353814684,0.0001959435289697722
37.97,-0.4723320963615217,0.7676351699907363,-2.0186724015996917,0.00019185310643958132
37.980000000000004,-0.4647093220419069,0.7569482298788612,-2.0144831656131497,0.0001879290066954353
37.99,-0.4571925644525068,0.7464314808762873,-2.010133422252284,0.00018416506611714333
38.0,-0.4497801320413618,0.7360828447107255,-2.0056279269274033,0.00018055529788162466
38.01,-0.4424703542239323,0.7259002070222973,-2.000971298511326,0.0001770938915656609
38.02,-0.4352615817189353,0.7158814223205132,-1.9961680222656193,0.00017377521223567108
38.03,-0.42815218683611445,0.7060243186428208,-1.9912224527989506,0.00017059379908006598
38.04,-0.4211405637188634,0.6963267019275639,-1.9861388170470848,0.0001675443636358105
38.050000000000004,-0.4142251285444945,0.686786360113942,-1.9809212172649866,0.00016462178765707777
38.06,-0.4074043196848218,0.677401066981281,-1.9755736340223755,0.00016182112067030197
38.07,-0.4006765978296046,0.6681685857396215,-1.9700999291949006,0.0001591375772565179
38.08,-0.3940404460752792,0.6590866723833156,-1.964503848943872,0.00015656653409864315
38.09,-0.38749436998129316,0.6501530788189872,-1.9587890266781978,0.0001541035268283192
38.1,-0.3810368975962411,0.6413655557788638,-1.9529589859928447,0.00015174424670401306
38.11,-0.37466657945589643,0.6327218555301398,-1.9470171435787553,0.00014948453714937017
38.12,-0.36838198855512594,0.6242197343906691,-1.9409668120997297,0.0001473203901782624
38.13,-0.3621817202955743,0.6158569550609243,-1.9348112030323072,0.0001452479427305841
38.14,-0.35606439241090776,0.6076312887817987,-1.9285534294651765,0.0001432634729405934
38.15,-0.35002864487131174,0.599540517327465,-1.9221965088550905,0.00014136339635752198
38.160000000000004,-0.3440731397688478,0.5915824348421453,-1.9157433657366836,0.00013954426213623879
38.17,-0.3381965611851877,0.5837548495292929,-1.9091968343839638,0.00013780274921393253
38.18,-0.33239761504315946,0.5760555852013349,-1.902559661421612,0.00013613566248709942
38.19,-0.32667502894346045,0.5684824826977831,-1.895834508384534,0.00013453992900160262
38.2,-0.3210275519878165,0.5610334011791789,-1.889023954224409,0.00013301259416711287
38.21,-0.3154539545897922,0.553706219304014,-1.8821304977622433,0.00013155081800589818
38.22,-0.30995302827438886,0.5464988362954432,-1.8751565600861868,0.00013015187144477857
38.230000000000004,-0.3045235854674991,0.5394091729042935,-1.8681044868940822,0.00012881313265789257
38.24,-0.2991644592762235,0.5324351722745726,-1.860976550780426,0.00012753208346690464
38.25,-0.29387450326099573,0.525574800717382,-1.8537749534675967,0.00012630630580438745
38.26,-0.2886525912004022,0.5188260483988582,-1.846501827981369,0.00012513347824520967
38.27,-0.2834976168495302,0.5121869299474867,-1.83915924077088,0.0001240113726100131
38.28,-0.2784084936926246,0.5056554849858742,-1.8317491937733448,0.00012293785064415198
38.29,-0.2733841546907846,0.4992297785918001,-1.8242736264239323,0.00012191086077481642
38.300000000000004,-0.26842355202538376,0.4929079016931308,-1.8167344176113225,0.00012092843494849431
38.31,-0.26352565683785417,0.4866879714009379,-1.8091333875795488,0.0001199886855504055
38.32,-0.25868945896643053,0.48056813128493764,-1.8014722997768167,0.00011908980240705403
38.33,-0.2539139666804123,0.47454655159514997,-1.7937528626520578,0.00011823004987264406
38.34,-0.2491982064124624,0.4686214294334674,-1.7859767314000372,0.00011740776399971998
38.35,-0.24454122248942647,0.462790988878625,-1.7781455096558874,0.00011662134979405878
38.36,-0.23994207686212102,0.45705348106787064,-1.7702607511399828,0.0001158692785535326
38.37,-0.23539984883450882,0.45140718423845433,-1.7623239612541115,0.00011515008529040842
38.38,-0.2309136347926477,0.4458504037318801,-1.754336598629924,0.00011446236623634005
38.39,-0.22648254793377148,0.4403814719636987,-1.7463000766306698,0.00011380477642905742
38.4,-0.22210571799583417,0.4349987483614608,-1.7382157648072494,0.00011317602737962186
38.410000000000004,-0.21778229098782365,0.4297006192733008,-1.7300849903096231,0.00011257488481896373
38.42,-0.21351142892112646,0.42448549784947676,-1.721909039254629,0.000112000166522255
38.43,-0.20929230954220335,0.41935182389905695,-1.7136891580512694,0.00011145074020961375
38.44,-0.20512412606681352,0.414298063723813,-1.705426554684524,0.00011092552152150144
38.45,-0.20100608691600577,0.40932270993125713,-1.6971223999587524,0.0001104234720671086
38.46,-0.19693741545407598,0.4044242812286442,-1.68877782870174,0.00010994359754399859
38.47,-0.1929173497286725,0.3996013221996478,-1.680393940930439,0.00010948494592717311
38.480000000000004,-0.1889451422132148,0.3948524030653154,-1.6719718029794435,0.00010904660572574749
38.49,-0.1850200595517747,0.3901761194308075,-1.663512448593234,0.00010862770430535745
38.5,-0.18114138230655552,0.38557109201933115,-1.6550168799832061,0.00010822740627442767
38.51,-0.17730840470809037,0.38103596639458903,-1.6464860688504908,0.00010784491193242034
38.52,-0.17352043440826798,0.3765694126729811,-1.637920957375556,0.00010747945577816695
38.53,-0.16977679223628322,0.3721701252267155,-1.6293224591755644,0.00010713030507644312
38.54,-0.16607681195759721,0.3678368223789089,-1.6206914602304412,0.00010679675848089608
38.550000000000004,-0.16241984003598228,0.36356824609168753,-1.6120288197785941,0.00010647814471148874
38.56,-0.158805235398717,0.3593631616482289,-1.603335371183204,0.00010617382128466922
38.57,-0.15523236920498737,0.3552203573296244,-1.594611922769985,0.00010588317329444111
38.58,-0.15170062461754194,0.35113864408738,-1.585859258637301,0.00010560561224259714
38.59,-0.14820939657764037,0.3471168552123161,-1.5770781394394913,0.00010534057491638877
38.6,-0.14475809158332817,0.3431538460005758,-1.568269303144254,0.00010508752231194008
38.61,-0.141346127471063,0.3392484934173975,-1.5594334657649025,0.00010484593860174703
38.62,-0.13797293320071188,0.33539969575926293,-1.5505713220682966,0.0001046153301446586
38.63,-0.1346379486439326,0.3316063723149853,-1.5416835462592275,0.00010439522453675676
38.64,-0.13134062437594748,0.3278674630262611,-1.5327707926420162,0.00010418516970160831
38.65,-0.1280804214707121,0.32418192814816826,-1.5238336962600616,0.00010398473301841154
38.660000000000004,-0.12485681129947765,0.3205487479100583,-1.5148728735140586,0.00010379350048655975
38.67,-0.12166927533274043,0.316966922177252,-1.5058889227595837,0.00010361107592524291
38.68,-0.11851730494556896,0.31343547011391854,-1.4968824248847257,0.00010343708020670943
38.69,-0.11540040122629487,0.30995342984748453,-1.4878539438684215,0.0001032711505218812
38.7,-0.11231807478855066,0.3065198581348917,-1.4788040273201355,0.00010311293967703142
38.71,-0.10926984558663448,0.30313383003099453,-1.4697332070015034,0.00010296211542029388
38.72,-0.10625524273417909,0.29979443855936355,-1.4606419993305424,0.000102818359796807
38.730000000000004,-0.10327380432609978,0.296500794385736,-1.4515309058690113,0.0001026813685313371
38.74,-0.10032507726379353,0.2932520254943335,-1.4424004137934867,0.00010255085043727427
38.75,-0.09740861708355991,0.29004727686724496,-1.433250996350702,0.00010242652685091311
38.76,-0.09452398778821207,0.2868857101670539,-1.4240831132976823,0.00010230813108998785
38.77,-0.0916707616818445,0.28376650342287013,-1.4148972113271874,0.00010219540793546696
38.78,-0.08884851920772288,0.28068885071991007,-1.4056937244789616,0.00010208811313563727
38.79,-0.08605684878925988,0.27765196189275193,-1.3964730745372729,0.00010198601293154879
38.800000000000004,-0.08329534667403948,0.2746550622223793,-1.3872356714152063,0.00010188888360293896
38.81,-0.08056361678085157,0.2716973921371105,-1.377981913526164,0.00010179651103377316
38.82,-0.07786127054969744,0.2687782069175007,-1.3687121881430064,0.00010170869029656722
38.83,-0.07518792679472605,0.26589677640528825,-1.3594268717452604,0.00010162522525471662
38.84,-0.07254321156006042,0.2630523847164492,-1.3501263303547968,0.00010154592818205535
38.85,-0.06992675797847264,0.26024432995841074,-1.3408109198603773,0.00010147061939891566
38.86,-0.06733820613286577,0.2574719239514658,-1.3314809863314483,0.00010139912692399883
38.87,-0.06477720292052054,0.2547344919544215,-1.322136866321552,0.00010133128614136047
38.88,-0.062243401920064195,0.2520313723945066,-1.3127788871617099,0.00010126693948187709
38.89,-0.059736463261118936,0.2493619166015546,-1.303407367244123,0.00010120593611857333
38.9,-0.0572560534965871,0.2467254885464715,-1.294022616296522,0.00010114813167520583
38.910000000000004,-0.05480184547753024,0.2441214645839928,-1.2846249356474861,0.00010109338794753484
38.92,-0.052373518230599186,0.24154923319972527,-1.2752146184830437,0.00010104157263674359
38.93,-0.04997075683797228,0.23900819476146576,-1.2657919500948516,0.00010099255909447324
38.94,-0.04759325231975913,0.236497761274783,-1.2563572081202428,0.00010094622607896193
38.95,-0.04524070151882728,0.23401735614284389,-1.2469106627744238,0.00010090245752182349
38.96,-0.042912806988009505,0.23156641393046132,-1.2374525770750875,0.00010086114230499542
38.97,-0.040609276879649596,0.22914438013233693,-1.2279832070597054,0.00010082217404740572
38.980000000000004,-0.03832982483744493,0.22675071094546798,-1.218502801995748,0.00010078545090095194
38.99,-0.03607416989054423,0.22438487304568489,-1.2090116045840766,0.00010075087535536944
39.0,-0.03384203634985948,0.22204634336828258,-1.1995098511557416,0.00010071835405161437
39.01,-0.031633153706551204,0.21973460889270596,-1.1899977718624108,0.0001006877976033762
39.02,-0.029447256532646817,0.21744916643124787,-1.1804755908606495,0.00010065912042637895
39.03,-0.0272840843837521,0.2151895224217152,-1.1709435264902577,0.0001006322405751159
39.04,-0.025143381703816352,0.21295519272401728,-1.161401791446874,0.00010060707958670595
39.050000000000004,-0.02302489773191228,0.21074570242062834,-1.1518505929490348,0.00010058356233154786
39.06,-0.020928386410992067,0.2085605856208752,-1.1422901328998856,0.00010056161687047243
39.07,-0.018853606298581668,0.2063993852689989,-1.1327206080437202,0.00010054117431813395
39.08,-0.016800320479375817,0.2042616529559386,-1.1231422101175286,0.00010052216871232384
39.09,-0.014768296479696835,0.20214694873478498,-1.1135551259977214,0.000100504536888983
39.1,-0.012757306183780737,0.20005484093984888,-1.1039595378421956,0.00010048821836265289
39.11,-0.010767125751854845,0.19798490600929108,-1.0943556232278986,0.00010047315521211223
39.12,-0.0087975355399715,0.19593672831125777,-1.0847435552840459,0.00010045929197098151
39.13,-0.006848320021563138,0.19390989997346622,-1.0751235028211377,0.0001004465755230953
39.14,-0.004919267710684479,0.19190402071618468,-1.065495630455916,0.00010043495500239831
39.15,-0.003010171086908188,0.18991869768855024,-1.055860098732403,0.00010042438169718697
39.160000000000004,-0.001120826521840902,0.1879535453081682,-1.0462170642391482,0.00010041480895850883
39.17,0.0007489657927729103,0.1860081851039365,-1.0365666797228175,0.00010040619211252222
39.18,0.0025994019153912245,0.18408224556203864,-1.0269090941982424,0.00010039848837666034
39.19,0.0044306742234902705,0.18217536197504902,-1.0172444530550524,0.0001003916567794137
39.2,0.006242971480886724,0.18028717629409385,-1.007572898161003,0.00010038565808358518
39.21,0.008036478903596551,0.17841733698401224,-0.9978945679621117,0.0001003804547128625
39.22,0.009811378224260238,0.17656549888146114,-0.9882095975797076,0.00010037601068156112
39.230000000000004,0.011567847755163545,0.17473132305590905,-0.9785181189044991,0.00010037229152740116
39.24,0.013306062449882429,0.1729144766734633,-0.9688202606877585,0.00010036926424717818
39.25,0.015026193963580159,0.17111463286347608,-0.9591161486297203,0.00010036689723520929
39.26,0.01672841071198418,0.16933147058787534,-0.9494059054652855,0.00010036516022443145
39.27,0.018412877929069666,0.1675646745131664,-0.9396896510471222,0.000100364024230031
39.28,0.020079757723476244,0.1658139348850515,-0.9299675024262484,0.00010036346149550089
39.29,0.02172920913368376,0.16407894740561432,-0.9202395739301804,0.00010036344544100999
39.300000000000004,0.023361388181972514,0.16235941311301755,-0.910505977238729,0.00010036395061399387
39.31,0.024976447927192807,0.16065503826366187,-0.9007668214575185,0.00010036495264186665
39.32,0.026574538516368196,0.15896553421675577,-0.891022213189307,0.00010036642818675345
39.33,0.028155807235156264,0.1572906173212456,-0.8812722566031774,0.00010036835490216724
39.34,0.0297203985571903,0.15563000880505665,-0.8715170535016721,0.00010037071139154183
39.35,0.03126845419232474,0.15398343466659595,-0.861756703385936,0.00010037347716853058
39.36,0.032800113133806756,0.15235062556846896,-0.8519913035189368,0.00010037663261900802
39.37,0.03431551170439584,0.15073131673336232,-0.842220948986822,0.00010038015896469514
39.38,0.035814783601452904,0.14912524784204587,-0.8324457327584761,0.0001003840382283334
39.39,0.037298059941019764,0.14753216293344784,-0.8226657457433362,0.00010038825320034675
39.4,0.03876546930090958,0.1459518103067576,-0.812881076847522,0.00010039278740692135
39.410000000000004,0.040217137762828245,0.14438394242551142,-0.8030918130283369,0.00010039762507944451
39.42,0.0416531889535464,0.14282831582361694,-0.7932980393471917,0.00010040275112525216
39.43,0.043073744085141176,0.1412846910132732,-0.7834998390210024,0.00010040815109960867
39.44,0.04447892199432643,0.13975283239474356,-0.7736972934721132,0.00010041381117888397
39.45,0.04586883918088985,0.13823250816793933,-0.7638904823767902,0.00010041971813487291
39.46,0.04724360984525471,0.1367234902457733,-0.7540794837123339,0.00010042585931019524
39.47,0.048603345925183894,0.13522555416924217,-0.7442643738028546,0.00010043222259474791
39.480000000000004,0.04994815713164319,0.13373847902419841,-0.734445227363754,0.00010043879640315354
39.49,0.05127815098384061,0.13226204735977204,-0.7246221175449543,0.00010044556965316168
39.5,0.052593432843457986,0.13079604510840412,-0.7147951159729167,0.00010045253174496802
39.51,0.05389410594809086,0.12934026150745406,-0.7049642927914858,0.00010045967254140934
39.52,0.05518027144391207,0.12789448902234343,-0.6951297167016005,0.00010046698234899244
39.53,0.0564520284175744,0.1264585232712001,-0.6852914549999064,0.00010047445189973247
39.54,0.05770947392736695,0.12503216295096656,-0.6754495736163043,0.00010048207233375616
39.550000000000004,0.058952703033639815,0.12361520976493748,-0.6656041371504711,0.0001004898351826379
39.56,0.0601818088285111,0.12220746835169184,-0.655755208907384,0.0001004977323534445
39.57,0.061396882464870135,0.12080874621538566,-0.645902850931882,0.00010050575611345276
39.58,0.06259801318469022,0.11941885365737213,-0.6360471240422934,0.00010051389907551585
39.59,0.06378528834666411,0.11803760370911637,-0.6261880878631606,0.0001005221541840436
39.6,0.06495879345317501,0.11666481206637265,-0.6163258008570922,0.0001005305147015771
39.61,0.06611861217661548,0.11530029702459278,-0.6064603203557676,0.00010053897419593565
39.62,0.06726482638506645,0.11394387941553441,-0.5965917025901235,0.0001005475265279034
39.63,0.06839751616734822,0.1125953825450391,-0.5867200027197482,0.00010055616583943607
39.64,0.06951675985745497,0.11125463213195028,-0.5768452748615085,0.00010056488654237064
39.65,0.07062263405838395,0.10992145624814169,-0.5669675721174341,0.00010057368330761005
39.660000000000004,0.07171521366537052,0.10859568525962789,-0.5570869466018842,0.0001005825510547715
39.67,0.07279457188853945,0.10727715176872815,-0.5472034494680176,0.00010059148494227114
39.68,0.07386078027498312,0.10596569055725655,-0.5373171309335908,0.00010060048035782618
39.69,0.07491390873027655,0.10466113853071055,-0.5274280403061045,0.00010060953290937212
39.7,0.07595402553943925,0.10336333466343182,-0.5175362260073192,0.00010061863841635902
39.71,0.07698119738735346,0.1020721199447128,-0.5076417355971621,0.00010062779290141871
39.72,0.07799548937864795,0.10078733732582318,-0.49774461579704293,0.00010063699258239201
39.730000000000004,0.07899696505705676,0.09950883166793136,-0.4878449125125997,0.0001006462338646992
39.74,0.07998568642426136,0.09823644969089566,-0.47794267085589126,0.00010065551333403495
39.75,0.08096171395822506,0.09697003992290111,-0.46803793516705644,0.00010066482774937909
39.76,0.0819251066310279,0.09570945265091761,-0.45813074903545586,0.00010067417403631205
39.77,0.0828759219262101,0.09445453987195623,-0.44822115532031426,0.00010068354928061501
39.78,0.08381421585563203,0.09320515524510015,-0.4383091961708796,0.00010069295072215427
39.79,0.08474004297585822,0.09196115404428762,-0.4283949130461147,0.00010070237574903087
39.800000000000004,0.0856534564040728,0.09072239311182466,-0.41847834673393747,0.00010071182189198522
39.81,0.08655450783353384,0.08948873081260526,-0.4085595373700243,0.00010072128681905263
39.82,0.08744324754857308,0.08826002698901761,-0.39863852445619186,0.0001007307683304517
39.83,0.0883197244391482,0.08703614291651499,-0.38871534687837106,0.00010074026435370361
39.84,0.08918398601495409,0.08581694125983047,-0.3787900429241875,0.00010074977293897131
39.85,0.09003607841909922,0.08460228602981462,-0.3688626503001615,0.00010075929225460728
39.86,0.09087604644135362,0.08339204254087616,-0.3589332061485413,0.00010076882058290505
39.87,0.09170393353097403,0.08218607736900534,-0.3490017470637817,0.0001007783563160474
39.88,0.09251978180911222,0.08098425831036056,-0.339068309108681,0.00010078789795224253
39.89,0.09332363208081187,0.07978645434039881,-0.32913292783018844,0.00010079744409203772
39.9,0.09411552384659944,0.07859253557353067,-0.3191956382748933,0.00010080699343481207
39.910000000000004,0.094895495313674,0.07740237322328125,-0.30925647500420794,0.00010081654477543745
39.92,0.09566358340670132,0.07621583956293838,-0.2993154721092557,0.00010082609700109886
39.93,0.09641982377821666,0.07503280788666976,-0.2893726632254742,0.000100835649088274
39.94,0.09716425081864102,0.07385315247109105,-0.2794280815469457,0.00010084520009986113
39.95,0.09789689766591533,0.07267674853726695,-0.2694817598404639,0.0001008547491824569
39.96,0.09861779621475661,0.07150347221312787,-0.2595337304593481,0.00010086429556377409
39.97,0.09932697712554041,0.0703332004962845,-0.24958402535701424,0.00010087383855019339
39.980000000000004,0.10002446983281331,0.06916581121722339,-0.23963267610031314,0.00010088337752445136
39.99,0.10071030255343913,0.06800118300286635,-0.22967971388264452,0.00010089291194345368
40.0,0.10138450229438256,0.06683919524047706,-0.2197251695368572,0.00010090244133621386
40.01,0.10204709486013351,0.06567972804189795,-0.20976907354794375,0.00010091196530191224
40.02,0.10269810485977535,0.06452266220810136,-0.19981145606553913,0.00010092148350807122
40.03,0.10333755571370024,0.06336787919403825,-0.18985234691623173,0.00010093099568884515
40.04,0.10396546965997436,0.0622152610737686,-0.17989177561569564,0.00010094050164341968
40.050000000000004,0.10458186776035573,0.06106469050585747,-0.16992977138065243,0.00010095000123451896
40.06,0.10518676990596731,0.05991605069902073,-0.15996636314067106,0.00010095949438701826
40.07,0.10578019482262771,0.0587692253780049,-0.15000157954981358,0.00010096898108665919
40.08,0.10636216007584182,0.05762409874968543,-0.14003544899813516,0.00010097846137886259
40.09,0.10693268207545341,0.05648055546936785,-0.1300679996230462,0.00010098793536764154
40.1,0.1074917760799618,0.0553384806072765,-0.12009925932054398,0.00010099740321460948
40.11,0.10803945620050412,0.054197759615215474,-0.11012925575632226,0.00010100686513808068
40.12,0.10857573540450514,0.05305827829338654,-0.10015801637676565,0.00010101632141226472
40.13,0.10910062551899594,0.051919922757348934,-0.09018556841983669,0.00010102577236655015
40.14,0.10961413723360273,0.0507825794051059,-0.08021193892586304,0.00010103521838487741
40.15,0.11011628010320731,0.04964613488430298,-0.07023715474823189,0.00010104465990519972
40.160000000000004,0.11060706255027981,0.04851047605952305,-0.060261242563999076,0.00010105409741903063
40.17,0.11108649186688493,0.047375489979663205,-0.0502842288844199,0.00010106353147107722
40.18,0.11155457421636222,0.04624106384537854,-0.04030614006540894,0.00010107296265895781
40.19,0.11201131463468116,0.04510708497657798,-0.030327002317935895,0.00010108239163300405
40.2,0.11245671703147124,0.04397344077995729,-0.02034684171836445,0.00010109181909614684
40.21,0.11289078419072769,0.04284001871655439,-0.01036568421874121,0.00010110124580388507
40.22,0.11331351777119267,0.041706706269312145,-0.0003835556570416926,0.0001011106725643374
40.230000000000004,0.1137249183064121,0.040573390910633694,0.009599518232619711,0.00010112010023837668
40.24,0.11412498520446798,0.039439960069915535,0.01958351180980885,0.00010112952973984731
40.25,0.11451371674738584,0.03830630110104333,0.029568399517613073,0.00010113896203586528
40.26,0.11489111009021684,0.03717230124983553,0.039554155872497734,0.00010114839814720175
40.27,0.11525716125979414,0.03603784762141987,0.04954075545417101,0.0001011578391487496
40.28,0.11561186515316246,0.03490282714752755,0.05952817289545008,0.00010116728617007471
40.29,0.11595521553568022,0.0337671265536901,0.06951638287212172,0.00010117674039605203
40.300000000000004,0.11628720503879307,0.03263063232632372,0.07950536009279043,0.00010118620306758678
40.31,0.11660782515747761,0.03149323067968572,0.08949507928870683,0.00010119567548242268
40.32,0.116917066247354,0.03035480752268791,0.09948551520356964,0.00010120515899603809
40.33,0.11721491752146593,0.029215248425551215,0.10947664258329386,0.00010121465502263114
40.34,0.11750136704672626,0.02807443858628618,0.1194684361657381,0.00010122416503619491
40.35,0.11777640174002652,0.026932262796983544,0.12946087067038395,0.00010123369057168493
40.36,0.11804000736400833,0.02578860540989912,0.13945392078795996,0.00010124323322628054
40.37,0.11829216852249455,0.024643350303317033,0.149447561170003,0.00010125279466074184
40.38,0.11853286865557792,0.0234963808471752,0.15944176641834956,0.00010126237660086473
40.39,0.11876209003436464,0.02234757986843683,0.16943651107454952,0.00010127198083903464
40.4,0.11897981375537034,0.02119682961619152,0.17943176960919452,0.00010128160923588382
40.410000000000004,0.11918601973456575,0.020044011726469343,0.18942751641115366,0.00010129126372205333
40.42,0.11938068670106883,0.018889007186751197,0.1994237257767083,0.0001013009463000619
40.43,0.11956379219048052,0.017731696300158382,0.20942037189857826,0.00010131065904628601
40.44,0.11973531253786074,0.016571958649304303,0.21941742885483115,0.00010132040411305378
40.45,0.11989522287034103,0.015409673059790852,0.22941487059766685,0.00010133018373085556
40.46,0.12004349709937041,0.014244717563331899,0.23941267094206858,0.00010134000021067471
40.47,0.12018010791259048,0.013076969360486001,0.24941080355431208,0.00010134985594644257
40.480000000000004,0.12030502676533585,0.01190630478298026,0.2594092419403242,0.00010135975341762285
40.49,0.12041822387175563,0.010732599255606955,0.26940795943388235,0.00010136969519192816
40.5,0.1205196681955518,0.009555727257674328,0.2794069291846451,0.00010137968392817072
40.51,0.1206093274403296,0.00837556228399262,0.2894061241460054,0.00010138972237925774
40.52,0.12068716803955554,0.007191976805376142,0.29940551706275664,0.0001013998133953333
40.53,0.12075315514611783,0.006004842228641885,0.3094050804585618,0.00010140995992706881
40.54,0.12080725262148422,0.004814028856084861,0.3194047866232161,0.00010142016502911251
40.550000000000004,0.12084942302445192,0.0036194058444099985,0.32940460759969276,0.00010143043186370186
40.56,0.12087962759948405,0.0024208411631001263,0.33940451517096176,0.00010144076370444454
40.57,0.12089782626462674,0.0012182015521991923,0.3494044808465708,0.00010145116394027383
40.58,0.12090397759900122,1.1352479489517165e-05,0.3594044758489774,0.00010146163607958574
40.59,0.12089803882986445,-0.0011998419029585097,0.3694044710996216,0.0001014721837545653
40.6,0.12087996581923209,-0.002415518802886263,0.3794044372047269,0.00010148281072571021
40.61,0.12084971305005703,-0.0036358168326186273,0.3894043444408184,0.00010149352088655654
40.62,0.12080723361195685,-0.004860876054530458,0.39940416273994567,0.00010150431826861523
40.63,0.12075247918648302,-0.006090838027230988,0.4094038616745978,0.00010151520704653299
40.64,0.12068540003192453,-0.007325845852489849,0.4194034104422983,0.00010152619154347797
40.65,0.12060594496763848,-0.008566044222928872,0.42940277784986586,0.00010153727623676606
40.660000000000004,0.12051406135789981,-0.009811579470504248,0.4394019322973285,0.00010154846576373761
40.67,0.12040969509526218,-0.011062599615804176,0.4494008417614761,0.00010155976492788797
40.68,0.12029279058342164,-0.012319254418187606,0.45939947377903756,0.00010157117870526966
40.69,0.12016329071957466,-0.01358169542679019,0.46939779542946747,0.00010158271225117731
40.7,0.12002113687626158,-0.01485007603242412,0.47939577331732736,0.0001015943709071213
40.71,0.11986626888268655,-0.016124551520399072,0.4893933735542453,0.00010160616020810748
40.72,0.11969862500550449,-0.017405279124292027,0.499390561740438,0.00010161808589023511
40.730000000000004,0.11951814192906553,-0.018692418080694356,0.5093873029457786,0.0001016301538986243
40.74,0.11932475473510692,-0.019986129684965118,0.5193835616903926,0.00010164237039569167
40.75,0.11911839688188233,-0.021286577348020183,0.5293793019247643,0.00010165474176978448
40.76,0.11889900018271783,-0.022593926654187385,0.539374487009336,0.00010166727464418547
40.77,0.11866649478398403,-0.023908345420158603,0.5493690796935784,0.00010167997588651949
40.78,0.11842080914247291,-0.025230003755070285,0.5593630420945168,0.00010169285261856597
40.79,0.1181618700021682,-0.0265590741217447,0.5693563356746887,0.00010170591222648988
40.800000000000004,0.11788960237039733,-0.02789573139912481,0.5793489212195136,0.00010171916237153005
40.81,0.11760392949335298,-0.029240152945936487,0.5893407588140543,0.00010173261100114995
40.82,0.11730477283097164,-0.03059251866561245,0.599331807819145,0.00010174626636066651
40.83,0.1169920520311566,-0.03195301107251312,0.6093220268468642,0.00010176013700539743
40.84,0.116665684903332,-0.03332181535948036,0.6193113737353299,0.00010177423181333249
40.85,0.11632558739131452,-0.0346991194667609,0.6292998055227884,0.00010178855999835825
40.86,0.11597167354548894,-0.036085114152336985,0.6392872784209759,0.00010180313112406395
40.87,0.11560385549427307,-0.0374799930637027,0.6492737477877215,0.00010181795511814731
40.88,0.11522204341485759,-0.03888395281112536,0.6592591680987683,0.00010183304228745757
40.89,0.11482614550320568,-0.040297193042432046,0.6692434929187809,0.00010184840333369487
40.9,0.11441606794329696,-0.04171991651936244,0.6792266748715124,0.00010186404936979887
40.910000000000004,0.11399171487559999,-0.043152329195530005,0.689208665609098,0.00010187999193705895
40.92,0.11355298836475675,-0.04459464029603448,0.6991894157804452,0.00010189624302297781
40.93,0.11309978836646274,-0.04604706239876964,0.7091688749986879,0.00010191281507992468
40.94,0.1126320126935253,-0.047509811517471266,0.7191469918076687,0.00010192972104461026
40.95,0.11214955698108242,-0.048983107186551314,0.7291237136474171,0.00010194697435842516
40.96,0.11165231465096428,-0.05046717254776528,0.7390989868185843,0.00010196458898867493
40.97,0.11114017687517866,-0.05196223443876084,0.7490727564457984,0.00010198257945076126
40.980000000000004,0.11061303253850117,-0.05346852348355691,0.759044966439901,0.00010200096083134859
40.99,0.11007076820015103,-0.05498627418500337,0.7690155594590239,0.00010201974881255756
41.0,0.1095132680545319,-0.056515725019272954,0.7789844768684637,0.00010203895969724213
41.01,0.10894041389101759,-0.058057118532437675,0.7889516586993122,0.00010205861043539088
41.02,0.10835208505276131,-0.05961070143918367,0.7989170436057949,0.00010207871865171245
41.03,0.1077481583945068,-0.061176724723719295,0.8088805688212733,0.00010209930267445157
41.04,0.10712850823937924,-0.06275544374293267,0.8188421701128605,0.0001021203815655014
41.050000000000004,0.10649300633463306,-0.06434711833185601,0.8288017817345998,0.00010214197515186722
41.06,0.10584152180633338,-0.06595201291149548,0.838759336379155,0.00010216410405854879
41.07,0.10517392111294703,-0.06757039659908634,0.8487147651279572,0.00010218678974290108
41.08,0.1044900679978186,-0.06920254332083492,0.8586679973997514,0.0001022100545305483
41.09,0.1037898234405065,-0.07084873192720964,0.8686189608974857,0.00010223392165292367
41.1,0.10307304560695295,-0.07250924631084542,0.8785675815534802,0.00010225841528650703
41.11,0.10233958979846172,-0.07418437552712638,0.8885137834728153,0.00010228356059384825
41.12,0.10158930839945629,-0.07587441391751383,0.898457488874871,0.00010230938376644989
41.13,0.10082205082399073,-0.07757966123568752,0.9083986180329519,0.00010233591206960199
41.14,0.10003766346098485,-0.07930042277656964,0.9183370892119249,0.0001023631738892673
41.15,0.09923598961815437,-0.08103700950830273,0.9282728186037988,0.00010239119878110889
41.160000000000004,0.09841686946460625,-0.08278973820725373,0.9382057202611676,0.00010242001752174995
41.17,0.09758013997206853,-0.0845589315961182,0.9481357060284387,0.00010244966216239637
41.18,0.09672563485472334,-0.08634491848520008,0.9580626854707665,0.00010248016608491677
41.19,0.09585318450761089,-0.08814803391694394,0.9679865658006019,0.00010251156406049546
41.2,0.09496261594357154,-0.08996861931379803,0.9779072518017731,0.00010254389231099698
41.21,0.09405375272869232,-0.09180702262948819,0.9878246457510024,0.00010257718857315468
41.22,0.09312641491622319,-0.09366359850378396,0.9977386473367664,0.00010261149216573079
41.230000000000004,0.09218041897892798,-0.09553870842084002,1.0076491535753984,0.00010264684405977434
41.24,0.0912155777398336,-0.09743272087119731,1.0175560587243289,0.00010268328695215235
41.25,0.09023170030134059,-0.09934601151753002,1.0274592541923606,0.00010272086534248516
41.26,0.08922859197265709,-0.10127896336422597,1.0373586284468623,0.00010275962561365226
41.27,0.08820605419551757,-0.10323196693088953,1.0472540669177681,0.00010279961611606552
41.28,0.0871638844681464,-0.10520542042985762,1.0571454518982613,0.00010284088725586303
41.29,0.08610187626742588,-0.10719972994782094,1.0670326624420174,0.00010288349158721786
41.300000000000004,0.08501981896922722,-0.10921530963164411,1.0769155742568763,0.00010292748390897883
41.31,0.08391749776686173,-0.1112525818784795,1.0867940595948087,0.00010297292136583355
41.32,0.08279469358760923,-0.11331197753027161,1.0966679871380351,0.00010301986355421068
41.33,0.08165118300727885,-0.1153939360727495,1.1065372218811533,0.0001030683726331677
41.34,0.08048673816275724,-0.11749890583900682,1.116401625009119,0.00010311851344050363
41.35,0.07930112666249747,-0.1196273442177697,1.1262610537709268,0.0001031703536143273
41.36,0.07809411149490149,-0.12177971786645456,1.1361153613488197,0.00010322396372037325
41.37,0.07686545093454754,-0.12395650292911874,1.1459643967228657,0.0001032794173853328
41.38,0.07561489844621329,-0.1261581852594081,1.1558080045307135,0.00010333679143649112
41.39,0.07434220258664392,-0.128385260648607,1.1656460249223526,0.00010339616604798605
41.4,0.0730471069040139,-0.13063823505889652,1.1754782934096766,0.00010345762489399782
41.410000000000004,0.07172934983502958,-0.13291762486192843,1.185304640710657,0.00010352125530922344
41.42,0.0703886645996191,-0.13522395708282275,1.1951248925879154,0.00010358714845698044
41.43,0.06902477909315462,-0.13755776964969724,1.204938869681479,0.00010365539950531327
41.44,0.06763741577615139,-0.13991961164883812,1.2147463873354947,0.00010372610781149888
41.45,0.06622629156138615,-0.14231004358562183,1.2245472554186696,0.00010379937711535857
41.46,0.06479111769837737,-0.14472963765129732,1.2343412781381902,0.00010387531574180427
41.47,0.06333159965516764,-0.14717897799573887,1.244128253846872,0.00010395403681307703
41.480000000000004,0.061847436997348515,-0.14965866100627956,1.253907974843274,0.00010403565847114273
41.49,0.060338323264265886,-0.1521692955927346,1.2636802271645031,0.0001041203041107588
41.5,0.058803945842343934,-0.15471150347872392,1.2734447903714277,0.00010420810262370804
41.51,0.05724398583546376,-0.15728591949940218,1.2832014373259983,0.00010429918865477783
41.52,0.05565811793233231,-0.1598931919057036,1.2929499339603738,0.00010439370287004126
41.53,0.05404601027077581,-0.16253398267520786,1.3026900390375264,0.00010449179223803292
41.54,0.052407324298890993,-0.16520896782973118,1.3124215039029963,0.00010459361032447449
41.550000000000004,0.050741714632986386,-0.16791883775974584,1.3221440722274465,0.00010469931760120234
41.56,0.04904882891224481,-0.17066429755572773,1.3318574797396592,0.00010480908176998831
41.57,0.04732830765003738,-0.17344606734653042,1.3415614539495964,0.0001049230781019929
41.58,0.04557978408181822,-0.17626488264487972,1.351255713861136,0.00010504148979360379
41.59,0.04380288400952825,-0.17912149470008032,1.3609399696740767,0.00010516450833946442
41.6,0.04199722564243552,-0.18201667085802145,1.3706139224749885,0.00010529233392354243
41.61,0.040162419434338556,-0.1849511949285642,1.380277263916472,0.00010542517582911025
41.62,0.038298067917058705,-0.1879258675603881,1.3899296758843682,0.00010556325286855425
41.63,0.03640376553014635,-0.19094150662336848,1.3995708301524432,0.00010570679383399815
41.64,0.03447909844672542,-0.19399894759855058,1.4092003880240564,0.00010585603796973377
41.65,0.03252364439539999,-0.19709904397577832,1.4188179999602957,0.00010601123546753204
41.660000000000004,0.030536972478146008,-0.20024266765902848,1.4284233051940483,0.00010617264798595661
41.67,0.028518642984111088,-0.20343070937949223,1.4380159313294514,0.0001063405491948098
41.68,0.026468207199244507,-0.20666407911643647,1.4475954939261444,0.00010651522534596685
41.69,0.024385207211679666,-0.20994370652586672,1.4571615960677249,0.00010669697587186668
41.7,0.022269175712790835,-0.21327054137700224,1.4667138279137846,0.00010688611401296757
41.71,0.020119635793846086,-0.21664555399656124,1.4762517662348758,0.00010708296747559648
41.72,0.017936100738178397,-0.22006973572084035,1.485774973929738,0.00010728787912164784
41.730000000000004,0.0157180738087971,-0.22354409935555764,1.495282999524083,0.00010750120769164554
41.74,0.013465048031362286,-0.22706967964341213,1.5047753766502148,0.00010772332856277635
41.75,0.01117650597244527,-0.23064753373929509,1.514251623506725,0.00010795463454356926
41.76,0.008851919512999048,-0.23427874169306911,1.5237112422974868,0.00010819553670695406
41.77,0.006490749616963536,-0.23796440693981002,1.5331537186491282,0.00010844646526352798
41.78,0.004092446094931616,-0.24170565679738426,1.5425785210061431,0.00010870787047693426
41.79,0.0016564473628033266,-0.24550364297120963,1.5519851000027625,0.0001089802236233315
41.800000000000004,-0.000817819804642714,-0.24935954206602115,1.5613728878106765,0.00010926401799704231
41.81,-0.0033309405253297325,-0.2532745561044347,1.570741297461665,0.00010955976996451197
41.82,-0.005883512066681869,-0.2572499130520708,1.5800897221441548,0.00010986802006885025
41.83,-0.008476144107706167,-0.26128686734896694,1.5894175344726917,0.000110189334187304
41.84,-0.01110945900641887,-0.2653867004469719,1.5987240857292748,0.00011052430474408552
41.85,-0.013784092072674139,-0.26955072135277547,1.608008705075461,0.00011087355198111597
41.86,-0.016500691846449658,-0.2737802671761871,1.6172706987341134,0.0001112377252893047
41.87,-0.019259920381639487,-0.2780767036832305,1.6265093491396205,0.0001116175046031312
41.88,-0.022062453535399956,-0.28244142585357507,1.635723914055378,0.00011201360186137744
41.89,-0.02490898126308937,-0.2868758584417712,1.644913625657279,0.0001124267625369551
41.9,-0.02780020791883666,-0.29138145654170355,1.6540776895819147,0.0001128577672389317
41.910000000000004,-0.030736852561767995,-0.2959597061536147,1.6632152839381507,0.00011330743338989236
41.92,-0.03371964926791354,-0.30061212475298993,1.6723255582806849,0.0001137766169819578
41.93,-0.03674934744780919,-0.3053402618605235,1.6814076325441647,0.00011426621441487838
41.94,-0.039826712169799765,-0.3101456996123162,1.6904605959363816,0.00011477716441967556
41.95,-0.04295252448904163,-0.3150300533293735,1.6994835057890187,0.00011531045007150077
41.96,-0.04612758178219252,-0.3199949720853915,1.7084753863643813,0.00011586710089544154
41.97,-0.049352698087766114,-0.3250421392717279,1.7174352276164888,0.00011644819506912655
41.980000000000004,-0.052628704452117335,-0.3301732731583595,1.7263619839048616,0.00011705486172608405
41.99,-0.055956449281011754,-0.3353901274495261,1.735254572659284,0.0001176882833639121
42.0,-0.05933679869671905,-0.3406944918326524,1.74411187299378,0.00011834969836145115
42.01,-0.06277063690055576,-0.34608819251902095,1.7529327242679877,0.00011904040360917104
42.02,-0.06625886654078675,-0.35157309277454935,1.7617159245940726,0.00011976175725714896
42.03,-0.06980240908577752,-0.35715109343888807,1.7704602292872693,0.0001205151815850513
42.04,-0.07340220520227124,-0.36282413343091935,1.7791643492581004,0.00012130216599859693
42.050000000000004,-0.07705921513864414,-0.3685941902385844,1.7878269493442704,0.00012212427015707625
42.06,-0.08077441911297166,-0.37446328039080884,1.796446646580195,0.0001229831272364986
42.07,-0.08454881770571436,-0.3804334599091261,1.805022008402079,0.0001238804473329975
42.08,-0.08838343225680789,-0.3865068247364186,1.8135515507864233,0.00012481802101111912
42.09,-0.09227930526691454,-0.39268551114000616,1.8220337363197978,0.00012579772300163304
42.1,-0.09623750080256503,-0.3989716960861056,1.8304669721976927,0.00012682151605342623
42.11,-0.10025910490488868,-0.4053675975824734,1.8388496081502228,0.00012789145494403306
42.12,-0.10434522600159658,-0.41187547498581223,1.8471799342924444,0.00012900969065322425
42.13,-0.10849699532184773,-0.41849762927028034,1.8554561788970163,0.0001301784747039555
42.14,-0.11271556731358937,-0.4252364032531882,1.8636765060869296,0.00013140016367484621
42.15,-0.11700212006292303,-0.43209418177369274,1.8718390134460217,0.00013267722388809507
42.160000000000004,-0.12135785571500393,-0.43907339182001437,1.8799417295449912,0.00013401223627653857
42.17,-0.12578400089593533,-0.4461765026003975,1.8879826113806422,0.0001354079014332233
42.18,-0.1302818071350702,-0.4534060255527156,1.8959595417261046,0.00013686704484646556
42.19,-0.13485255128707954,-0.46076451428728277,1.903870326389807,0.00013839262232299095
42.2,-0.139497535953091,-0.46825456445707814,1.9117126913810243,0.00013998772560120564
42.21,-0.14421808990014112,-0.47587881354921274,1.9194842799798781,0.0001416555881560365
42.22,-0.14901556847812134,-0.4836399405910742,1.927182649709736,0.0001433995911961459
42.230000000000004,-0.15389135403332993,-0.4915406657641676,1.9348052692100506,0.00014522326985350233
42.24,-0.1588468563176701,-0.49958374991823523,1.9423495150077823,0.00014713031956441438
42.25,-0.163883512892458,-0.507771993977778,1.949812668185678,0.00014912460264012695
42.26,-0.16900278952572353,-0.5161082382326228,1.9571919109458287,0.0001512101550239347
42.27,-0.17420618058180012,-0.5245953615036751,1.9644843230671063,0.00015339119323048162
42.28,-0.17949520940190916,-0.5332362801744713,1.9716868782552788,0.00015567212146148397
42.29,-0.18487142867434786,-0.5420339470785952,1.9787964403848386,0.0001580575388904946
42.300000000000004,-0.190336420792787,-0.5509913502324509,1.9858097596318434,0.00016055224710754266
42.31,-0.19589179820107724,-0.5601115114022885,1.9927234684973698,0.00016316125771249603
42.32,-0.2015392037228482,-0.5693974844937577,1.9995340777215214,0.00016588980004376516
42.33,-0.20728031087406462,-0.5788523537516238,2.0062379720883134,0.00016874332902654232
42.34,-0.21311682415657654,-0.5884792317566135,2.012831406122188,0.00017172753312208678
42.35,-0.21905047933056646,-0.598281257205671,2.0193104996773923,0.00017484834235658765
42.36,-0.22508304366365653,-0.6082615924611956,2.025671233421982,0.00017811193640489373
42.37,-0.23121631615429006,-0.6184234208541048,2.031909444218814,0.00018152475270083018
42.38,-0.23745212772684687,-0.6287699437248185,2.0380208204065298,0.00018509349454196407
42.39,-0.24379234139578898,-0.6393043771854969,2.0440008969842816,0.00018882513915241582
42.4,-0.25023885239596255,-0.6500299485860888,2.049845050704721,0.00019272694566269135
42.410000000000004,-0.2567935882760038,-0.660949892665955,2.05554849508067,0.00019680646296053384
42.42,-0.26345850895160994,-0.6720674473720398,2.0611062753118436,0.00020107153736136337
42.43,-0.2702356067152424,-0.6833858493237566,2.0665132631390413,0.00020553032004102267
42.44,-0.27712690619862673,-0.6949083289039601,2.0717641516343863,0.00021019127416723314
42.45,-0.2841344642842039,-0.7066381049545786,2.0768534499374294,0.0002150631816593952
42.46,-0.2912603699614688,-0.7185783790546966,2.0817754779482986,0.0002201551494990876
42.47,-0.2985067441239065,-0.7307323293581195,2.0865243609905537,0.00022547661550588005
42.480000000000004,-0.30587573930200307,-0.7431031039667068,2.0910940244580027,0.00023103735348476827
42.49,-0.31336953932756734,-0.7556938138150633,2.095478188461466,0.00023684747764272135
42.5,-0.3209903589243516,-0.7685075250415192,2.0996703624933315,0.00024291744616255267
42.51,-0.3287404432197076,-0.7815472508197258,2.1036638401297663,0.0002492580638124585
42.52,-0.33662206717175175,-0.7948159426246661,2.1074516937925862,0.00025588048345919135
42.53,-0.34463753490625243,-0.8083164809064255,2.1110267695951137,0.0002627962063420228
42.54,-0.3527891789571808,-0.8220516651447155,2.114381682298811,0.0002700170809533268
42.550000000000004,-0.3610793594045974,-0.8360242032569083,2.117508810410126,0.0002775553003598672
42.56,-0.3695104629032726,-0.8502367003322308,2.1204002914497835,0.0002854233977867572
42.57,-0.37808490159516617,-0.8646916466648169,2.123048017429743,0.00029363424027362725
42.58,-0.38680511189861827,-0.8793914050585393,2.1254436305762017,0.0003022010201998557
42.59,-0.39567355316683694,-0.8943381973769619,2.1275785193403487,0.00031113724446291954
42.6,-0.4046927062080014,-0.9095340903124038,2.1294438147420944,0.0003204567210810814
42.61,-0.4138650716590468,-0.9249809803490029,2.1310303870956813,0.00033017354297889536
42.62,-0.4231931682049492,-0.9406805778958477,2.1323288431699354,0.0003403020687016087
42.63,-0.43267953063509806,-0.9566343905677472,2.133329523839942,0.0003508568997925313
42.64,-0.4423267077281281,-0.9728437055930478,2.1340225022910917,0.0003618528545561854
42.65,-0.45213725995638654,-0.9893095713301391,2.134397582840761,0.00037330493791969864
42.660000000000004,-0.4621137570010428,-1.0060327778769402,2.134444300447326,0.0003852283070957865
42.67,-0.47225877506870345,-1.0230138367607708,2.1341519209807402,0.0003976382327431047
42.68,-0.48257489400028913,-1.0402529596996244,2.1335094423335312,0.0004105500553140387
42.69,-0.493064694162859,-1.0577500364300199,2.1325055964557227,0.00042397913627671767
42.7,-0.5037307531150441,-1.0755046116013551,2.131128852401873,0.00043794080389728777
42.71,-0.5145756420367765,-1.0935158607420543,2.1293674204830535,0.0004524502932711709
42.72,-0.5256019219140836,-1.1117825653088562,2.1272092576211574,0.0004675226802983125
42.730000000000004,-0.5368121394698626,-1.1303030868373476,2.124642074007357,0.000483172809308008
42.74,-0.5482088228317712,-1.1490753402193665,2.1216533411707506,0.0004994152140544894
42.75,-0.5597944769286632,-1.1680967661412125,2.118230301567198,0.0005162640318254226
42.76,-0.5715715786073867,-1.187364302725743,2.114359979801949,0.0005337329104327314
42.77,-0.5835425714622383,-1.2068743564314368,2.110029195602829,0.0005518349078892113
42.78,-0.5957098603699555,-1.2266227722723906,2.1052245786633765,0.0005705823846160473
42.79,-0.6080758057238239,-1.246604803435004,2.099932585477292,0.0005899868880762652
42.800000000000004,-0.6206427173612973,-1.2668150803798088,2.094139518286783,0.0006100590297879195
42.81,-0.6334128481804815,-1.2872475795305056,2.087831546267698,0.0006308083547392715
42.82,-0.6463883874419241,-1.3078955916667763,2.0809947290736406,0.0006522432033068211
42.83,-0.659571453753394,-1.328751690152818,2.0736150428593727,0.0006743705658663093
42.84,-0.6729640877367352,-1.3498076991497356,2.06567840890062,0.0006971959303874372
42.85,-0.6865682443774448,-1.3710546619768922,2.0571707249226963,0.0007207231234149755
42.86,-0.7003857850593624,-1.3924828098049522,2.0480778992440465,0.000744954144962504
42.87,-0.7144184692887793,-1.4140815308815589,2.0383858878326726,0.0007698889979803875
42.88,-0.7286679461143728,-1.4358393405092356,2.0280807343632805,0.0007955255132062159
42.89,-0.7431357452516684,-1.4577438520140336,2.0171486133507437,0.0008218591703632988
42.9,-0.7578232679232062,-1.4797817489624678,2.0055758764209193,0.0008488829168402828
42.910000000000004,-0.7727317774282629,-1.5019387589031885,1.9933491017628553,0.0008765869851613561
42.92,-0.787862389458835,-1.5241996289283581,1.980455146786832,0.0009049587107399712
42.93,-0.8032160621816313,-1.546548103367576,1.9668812039904018,0.0009339823515979077
42.94,-0.8187935861090341,-1.568966903944088,1.9526148600094955,0.0009636389119232294
42.95,-0.834595573785367,-1.5914377127385884,1.9376441578037251,0.0009939059715323158
42.96,-0.85062244931833,-1.613941158319796,1.92195766189417,0.001024757523489356
42.97,-0.8668744377891155,-1.63645680541274,1.905544526538225,0.0010561638223174534
42.980000000000004,-0.883351554578477,-1.658963148484893,1.8883945666895567,0.0010880912454044435
42.99,-0.9000535946498558,-1.681437609636491,1.8704983315519963,0.0011205021703588182
43.0,-0.9169801218345538,-1.7038565411840858,1.851847180494442,0.0011533548712013575
43.01,-0.9341304581678249,-1.726195233325124,1.8324333610498424,0.0011866034363805756
43.02,-0.9515036733286134,-1.7484279272656293,1.8122500886753539,0.0012201977116688954
43.03,-0.9690985742394382,-1.7705278341824289,1.7912916279032594,0.0012540832710253673
43.04,-0.9869136948865619,-1.792467160375332,1.7695533744636447,0.0012882014184936767
43.050000000000004,-1.004947286424031,-1.8142171389428325,1.7470319379107446,0.0013224892241348086
43.06,-1.0231973076283785,-1.8357480682868768,1.7237252242359353,0.001356879596866861
43.07,-1.0416614157736648,-1.8570293577177113,1.6996325179022918,0.001391301396894127
43.08,-1.060336957999044,-1.878029580388554,1.6747545626892812,0.0014256795901498834
43.09,-1.079220963243104,-1.8987165337416743,1.6490936406923893,0.0014599354468487567
43.1,-1.098310134820778,-1.9190573075923878,1.6226536487822474,0.0014939867858425214
43.11,-1.1176008437195812,-1.939018359915564,1.595440171792131,0.0015277482659976208
43.12,-1.1370891226922397,-1.958565600330721,1.5674605516725755,0.0015611317252641728
43.13,-1.1567706612223685,-1.9776644812070432,1.538723951828356,0.0015940465674881745
43.14,-1.1766408014386711,-1.9962800962292255,1.509241415837238,0.0016264001963361085
43.15,-1.19669453505112,-2.014377286179653,1.4790259197427547,0.0016580984949615878
43.160000000000004,-1.2169265013796877,-2.0319207516029234,1.4480924171157379,0.0016890463492573956
43.17,-1.2373309865423958,-2.0488751719262104,1.4164578760923077,0.0017191482117151985
43.18,-1.2579019238647173,-2.065205330514616,1.3841413076202378,0.0017483087020740708
43.19,-1.2786328955666808,-2.0808762450459044,1.3511637841816764,0.0017764332400946943
43.2,-1.2995171357774027,-2.0958533024953225,1.3175484483085151,0.0018034287049669962
43.21,-1.3205475349192193,-2.1101023979302425,1.2833205102674856,0.0018292041150657435
43.22,-1.3417166454951548,-2.1235900762278415,1.2485072343652814,0.001853671321031459
43.230000000000004,-1.3630166893041828,-2.136283675748707,1.2131379134094016,0.0018767457044953852
43.24,-1.384439566098699,-2.1481514729269438,1.1772438309574023,0.0018983468742084712
43.25,-1.4059768636879098,-2.159162826674807,1.1408582110950285,0.001918399350894977
43.26,-1.427619869479552,-2.1692883214487697,1.1040161556011356,0.0019368332318513938
43.27,-1.4493595834406305,-2.1784999077858487,1.0667545684830255,0.0019535848261668883
43.28,-1.4711867324458108,-2.186771039095327,1.029112067998138,0.001968597251465568
43.29,-1.493091785969912,-2.194076803482914,0.9911288864150737,0.0019818209832731222
43.300000000000004,-1.5150649730687324,-2.200394049392781,0.9528467579065575,0.0019932143484964445
43.31,-1.5370963005804157,-2.2057015038784638,0.9143087951069175,0.002002743955074518
43.32,-1.5591755724678709,-2.2099798823565235,0.8755593550045448,0.002010385050607277
43.33,-1.5812924102115897,-2.2132119887571644,0.8366438949731688,0.00201612180368673
43.34,-1.6034362741517147,-2.215382805063151,0.7976088198721488,0.002019947502725483
43.35,-1.6255964856685803,-2.2164795693216264,0.7585013212629437,0.0020218646682819315
43.36,-1.6477622500823235,-2.2164918413215613,0.7193692098941821,0.0020218850761940183
43.37,-1.6699226801446867,-2.2154115552510687,0.6802607426992114,0.002020029690225922
43.38,-1.6920668199899305,-2.213233058781801,0.6412244456257795,0.0020163285043727514
43.39,-1.714183669406954,-2.2099531381700044,0.6023089336760361,0.0020108202964237974
43.4,-1.7362622082913592,-2.2055710291131434,0.5635627295750912,0.0020035522958204146
43.410000000000004,-1.7582914211343441,-2.200088413254795,0.5250340825070832,0.0019945797702260676
43.42,-1.7802603214050265,-2.193509400386078,0.48677078835863524,0.0019839655365200544
43.43,-1.8021579756840436,-2.185840496546544,0.44882001289068485,0.0019717794031025655
43.44,-1.8239735274090725,-2.17709055837852,0.41122811922132607,0.00195809755142994
43.45,-1.845696220097183,-2.1672707342337674,0.3740405009453099,0.0019430018655617384
43.46,-1.8673154199146091,-2.1563943926676212,0.337301422141364,0.0019265792191784624
43.47,-1.8888206374715228,-2.1444770390812176,0.3010538654280441,0.0019089207300073971
43.480000000000004,-1.9102015487275632,-2.1315362213851152,0.26533938912423827,0.0018901209918676552
43.49,-1.9314480149031232,-2.1175914256559176,0.23019799445379213,0.0018702772946135506
43.5,-1.9525501013015296,-2.102663962840089,0.1956680036072746,0.0018494888421224588
43.51,-1.9734980949581422,-2.0867768476251425,0.16178594934007257,0.0018278559781500126
43.52,-1.994282521043857,-2.0699546706471597,0.1285864766472552,0.001805479429376614
43.53,-2.0148941579623605,-2.0522234652350453,0.09610225691447147,0.0017824595743140478
43.54,-2.0353240510925685,-2.0336105699061537,0.06436391480295847,0.0017588957459521216
43.550000000000004,-2.0555635251398376,-2.0141444878255093,0.033399967987861504,0.001734885575127231
43.56,-2.0756041950715716,-1.9938547444225727,0.0032367797346538364,0.001710524380613975
43.57,-2.0954379756246384,-1.9727717443265074,-0.026101475829552457,0.0016859046109047892
43.58,-2.1150570893834,-1.9509266287344638,-0.054592836012878065,0.0016611153415768986
43.59,-2.1344540734380177,-1.928351134269084,-0.0822175597970813,0.0016362418310764861
43.6,-2.153621784642926,-1.905077454312839,-0.1089581264903626,0.001611365136700939
43.61,-2.17255340350486,-1.8811381037297072,-0.13479922335529756,0.001586561791552278
43.62,-2.191242436738519,-1.8565657878008486,-0.159727722848231,0.0015619035422870238
43.63,-2.20968271853577,-1.8313932761121088,-0.18373265016948,0.0015374571466153985
43.64,-2.227868410601211,-1.805653282039119,-0.206805141874053,0.001513284228718345
43.65,-2.2457940010129196,-1.7793783483821064,-0.22893839633046614,0.001489441190062618
43.660000000000004,-2.263454301972238,-1.7526007396088379,-0.2501276168410164,0.0014659791725086307
43.67,-2.2808444465106015,-1.725352341071791,-0.27036994825112565,0.0014429440701247795
43.68,-2.2979598842245896,-1.6976645654759672,-0.28966440787883635,0.0014203765857457328
43.69,-2.3147963761127412,-1.6695682667878033,-0.30801181158907454,0.0013983123280381302
43.7,-2.3313499885891495,-1.6410936616943594,-0.32541469582185006,0.0013767819446599398
43.71,-2.347617086749571,-1.612270258646098,-0.34187723636016376,0.0013558112870132627
43.72,-2.3635943269657522,-1.5831267944467244,-0.35740516459308347,0.0013354216020865927
43.730000000000004,-2.379278648883,-1.5536911782901563,-0.37200568199331135,0.0013156297469522783
43.74,-2.3946672668947278,-1.5239904430879883,-0.3856873734876428,0.0012964484216188097
43.75,-2.409757661165884,-1.4940507038809667,-0.39846012035404454,0.0012778864161258662
43.76,-2.4245475682748943,-1.4638971230849729,-0.4103350132316239,0.0012599488680026668
43.77,-2.4390349715410555,-1.4335538822857214,-0.42132426578044563,0.0012426375264775553
43.78,-2.453218091101321,-1.4030441602666193,-0.431441129477813,0.0012259510201198768
43.79,-2.467095373797119,-1.372390116930685,-0.44069980998703356,0.0012098851249056736
43.800000000000004,-2.480665482928387,-1.3416128827597673,-0.44911538548451185,0.001194433030018506
43.81,-2.493927287928344,-1.3107325534420962,-0.4567037272818474,0.0011795855990191376
43.82,-2.5068798540088184,-1.2797681892920252,-0.4634814230319713,0.0011653316243367675
43.83,-2.519522431822155,-1.2487378190832041,-0.46946570276264915,0.0011516580733449827
43.84,-2.5318544471819484,-1.217658447917875,-0.47467436793725637,0.0011385503245831786
43.85,-2.5438754908810917,-1.1865460687600404,-0.47912572370185696,0.0011259923929657434
43.86,-2.5555853086419607,-1.1554156772684343,-0.48283851443948267,0.0011139671430840257
43.87,-2.566983791229945,-1.1242812895760625,-0.4858318627172485,0.001102456489948386
43.88,-2.5780709647580884,-1.0931559626761564,-0.4881252116796218,0.0010914415867380302
43.89,-2.5888469812072534,-1.06205181708926,-0.48973827091181105,0.0010809029993245453
43.9,-2.5993121091830735,-1.0309800615024818,-0.4906909657708288,0.0010708208675109143
43.910000000000004,-2.6094667249279326,-0.9999510190893194,-0.49100339015825617,0.0010611750530814495
43.92,-2.6193113036034,-0.9689741552365996,-0.4906957626879972,0.0010519452748906555
43.93,-2.6288464108559,-0.9380581064236587,-0.4897883861842462,0.0010431112313310472
43.94,-2.6380726946759436,-0.907210710017686,-0.4883016104293606,0.0010346527106130524
43.95,-2.64699087755898,-0.876439034767918,-0.48625579806818625,0.0010265496893652284
43.96,-2.655601748973849,-0.8457494117999248,-0.4836712935644565,0.0010187824201219437
43.97,-2.6639061581429186,-0.815147465929402,-0.4805683950960151,0.001011331508309758
43.980000000000004,-2.6719050071362695,-0.7846381471325276,-0.4769673292686218,0.0010041779793744019
43.99,-2.6795992442807526,-0.7542257620269661,-0.4728882285228177,0.0009973033367092756
44.0,-2.6869898578833613,-0.7239140052338984,-0.46835111110458855,0.0009906896110550819
44.01,-2.6940778702671504,-0.6937059905069582,-0.46337586346819654,0.0009843194020397808
44.02,-2.700864332116856,-0.6636042815286325,-0.4579822249784076,0.0009781759125202024
44.03,-2.7073503171304565,-0.6336109222884702,-0.4521897747792584,0.0009722429763724261
44.04,-2.713536916972114,-0.6037274669703554,-0.44601792069735224,0.0009665050803583873
44.050000000000004,-2.71942523652128,-0.5739550092881078,-0.4394858900493082,0.0009609473806724501
44.06,-2.7250163894121813,-0.5442942112197898,-0.43261272222528907,0.0009555557147446392
44.07,-2.7303114938574806,-0.5147453311013421,-0.42541726292338655,0.000950316608847631
44.08,-2.735311668749539,-0.48530825104955133,-0.41791815991294595,0.0009452172820232801
44.09,-2.740018030032462,-0.4559825036929079,-0.41013386020856324,0.0009402456468120872
44.1,-2.7444316873379315,-0.4267672981966681,-0.40208260854040995,0.0009353903072359704
44.11,-2.7485537408777345,-0.39766154557542793,-0.3937824470106489,0.0009306405544515384
44.12,-2.7523852785858445,-0.3686638832927829,-0.3852512158299345,0.0009259863604581997
44.13,-2.7559273735029586,-0.33977269915323044,-0.37650655503228025,0.0009214183702130963
44.14,-2.759181081396453,-0.31098615449640576,-0.3675659070708746,0.0009169278924733675
44.15,-2.7621474386088525,-0.28230220670806794,-0.3584465202016818,0.0009125068896557077
44.160000000000004,-2.7648274601280654,-0.25371863106601455,-0.3491654525658462,0.0009081479669738474
44.17,-2.767222137872843,-0.22523304194233193,-0.33973957688598433,0.0009038443610864727
44.18,-2.7693324391871417,-0.19684291338612583,-0.3301855856953761,0.0008995899284612954
44.19,-2.771159305537323,-0.168545599113158,-0.3205199970228319,0.0008953791336355334
44.2,-2.7727036514064034,-0.14033835193067032,-0.3107591604595926,0.0008912070375289446
44.21,-2.7739663633798517,-0.11221834262714285,-0.3009192635380069,0.0008870692859427599
44.22,-2.7749482994177344,-0.08418267835783311,-0.2910163383549081,0.0008829620983563663
44.230000000000004,-2.7756502883083303,-0.05622842055770912,-0.28106626837557735,0.0008788822571132948
44.24,-2.7760731292986427,-0.028352602413842555,-0.27108479535692515,0.0008748270970689794
44.25,-2.7762175918975673,-0.0005522459294926146,-0.2610875263310467,0.0008707944957547213
44.26,-2.7760844158477944,0.02717562138799269,-0.25108994059261164,0.000866782864095305
44.27,-2.7756743112628404,0.05483395018368731,-0.24110739663563371,0.0008627911377016473
44.28,-2.7749879589259243,0.08242565322483023,-0.23115513898703977,0.000858818768744634
44.29,-2.7740260107477055,0.10995358965343449,-0.22124830488612435,0.0008548657184018789
44.300000000000004,-2.7727890903802046,0.13742054949241958,-0.2114019307604441,0.0008509324498553601
44.31,-2.7712777939845132,0.16482923837714894,-0.2016309584499866,0.0008470199218047709
44.32,-2.7694926911501745,0.1921822624856722,-0.19195024113254883,0.0008431295824488221
44.33,-2.7674343259643694,0.2194821136425758,-0.18237454890419866,0.0008392633638746161
44.34,-2.7651032182292994,0.24673115457313227,-0.1729185739694755,0.0008354236767835341
44.35,-2.762499864826361,0.2739316042864027,-0.16359693539663522,0.0008316134054707678
44.36,-2.7596247412259283,0.30108552356808876,-0.15442418339377073,0.0008278359029646503
44.37,-2.7564783031417304,0.3281948005662467,-0.14541480306206261,0.0008240949862213153
44.38,-2.7530609883289654,0.3552611364554661,-0.13658321758275285,0.0008203949312598503
44.39,-2.749373218525433,0.3822860311677828,-0.12794379079470664,0.0008167404681130524
44.4,-2.745415401535061,0.4092707691814365,-0.11951082911965634,0.0008131367754591738
44.410000000000004,-2.741187933453282,0.4362164053616002,-0.11129858279242727,0.0008095894747906477
44.42,-2.7366912010337536,0.46312375085040525,-0.10332124635365235,0.0008061046239667406
44.43,-2.7319255841959342,0.489993359006956,-0.09559295836271643,0.0008026887099885218
44.44,-2.7268914586729878,0.5168255114015815,-0.08812780028895628,0.0007993486408264431
44.45,-2.721589198799446,0.5436202038722959,-0.08093979453950734,0.0007960917361233235
44.46,-2.7160191804379474,0.5703771326553454,-0.07404290158266147,0.0007929257165887944
44.47,-2.710181784044234,0.5970956806057924,-0.0674510161262106,0.000789858691895289
44.480000000000004,-2.7040773978694115,0.6237749035283344,-0.061177962311031314,0.000786899146880692
44.49,-2.6977064212982476,0.6504135166429558,-0.055237487881146026,0.0007840559258588667
44.5,-2.691069268322022,0.6770098812145714,-0.04964325729271146,0.0007813382148368073
44.51,-2.68416637114412,0.7035619913805181,-0.044408843725867814,0.0007787555214360721
44.52,-2.6769981839162016,0.7300674612145744,-0.039547719965167184,0.0007763176523167504
44.53,-2.6695651866023704,0.7565235120711259,-0.03507324811642254,0.0007740346879048943
44.54,-2.6618678889682985,0.7829269602581145,-0.03099866813031287,0.0007719169542289979
44.550000000000004,-2.653906834691756,0.8092742050924999,-0.027337085105982213,0.0007699749916781953
44.56,-2.64568260559043,0.8355612173970796,-0.024101455351212796,0.0007682195205046948
44.57,-2.6371958259623063,0.86178352850264,-0.021304571179569694,0.0007666614029054757
44.58,-2.6284471670332135,0.8879362198244958,-0.018959044429236873,0.0007653116015340722
44.59,-2.619437351505427,0.9140139130874813,-0.017077288693122115,0.0007641811343124567
44.6,-2.610167158200452,0.9400107612783379,-0.015671500255227438,0.000763281025435558
44.61,-2.600637426788299,0.9659204404091394,-0.014753637734285376,0.0007626222524875254
44.62,-2.5908490625947045,0.9917361421798558,-0.014335400442268866,0.0007622156896192482
44.63,-2.580803041476849,1.0174505676323182,-0.014428205472607305,0.0007620720467710814
44.64,-2.5705004147571775,1.0430559218916298,-0.015043163540791887,0.000762201804963483
44.65,-2.5599423142039575,1.0685439100944203,-0.016191053608530705,0.0007626151477210539
44.660000000000004,-2.549129957046194,1.09390573460616,-0.017882296331712462,0.0007633218887426282
44.67,-2.5380646510094933,1.1191320936319822,-0.020126926382141763,0.0007643313959812217
44.68,-2.5267477993584078,1.1442131813269985,-0.02293456370329522,0.0007656525123526876
44.69,-2.515180905929736,1.1691386895128684,-0.026314383771180918,0.0007672934733506996
44.7,-2.5033655801401826,1.193897811107295,-0.03027508694271905,0.0007692618219076833
44.71,-2.4913035419507152,1.2184792453720912,-0.034824866985840586,0.0007715643209061904
44.72,-2.478996626768917,1.2428712050833972,-0.03997137889765405,0.0007742068638121238
44.730000000000004,-2.4664467902696066,1.2670614257244588,-0.04572170612947406,0.0007771943839699257
44.74,-2.4536561131130115,1.2910371767970015,-0.052082327350142475,0.000780530763169
44.75,-2.44062680553886,1.3147852753416047,-0.05905908289179339,0.0007842187401595576
44.76,-2.4273612118138708,1.3382921017505078,-0.06665714103489197,0.000788259819863865
44.77,-2.413861814509336,1.3615436179479268,-0.07488096430187717,0.0007926541840939207
44.78,-2.400131238584787,1.384525388003172,-0.0837342759409082,0.0007974006046480108
44.79,-2.3861722552531357,1.4072226012306146,-0.09322002679289217,0.0008024963597146855
44.800000000000004,-2.3719877856022022,1.4296200978178242,-0.1033403627459822,0.0008079371545624748
44.81,-2.3575809039472024,1.4517023970090255,-0.1140965929918979,0.0008137170475350857
44.82,-2.3429548408885683,1.473453727855387,-0.12548915930754487,0.0008198283824036489
44.83,-2.3281129860494483,1.4948580625266459,-0.13751760659330048,0.0008262617281486254
44.84,-2.3130588904673735,1.515899152160237,-0.15018055490579346,0.0008330058272519133
44.85,-2.2977962686149196,1.536560565204537,-0.16347567322783768,0.0008400475535741158
44.86,-2.2823290000247236,1.5568257281921918,-0.17739965522119372,0.0008473718808709116
44.87,-2.2666611304949624,1.576677968857889,-0.1919481972088421,0.0008549618629649819
44.88,-2.250796872852374,1.5961005614925914,-0.20711597863228434,0.0008627986265354623
44.89,-2.2347406072510894,1.6150767744033145,-0.2228966452258881,0.0008708613774142716
44.9,-2.21849688098697,1.6335899193242855,-0.23928279514432213,0.0008791274211878922
44.910000000000004,-2.20207040780881,1.6516234026019954,-0.2562659682705744,0.0008875721987940182
44.92,-2.1854660667096404,1.669160777953528,-0.27383663892082655,0.0008961693376753612
44.93,-2.168688900183509,1.6861858005749215,-0.29198421214852144,0.0009048907189084922
44.94,-2.1517441119354355,1.7026824823544917,-0.31069702383328857,0.0009137065605650745
44.95,-2.134637064034809,1.7186351479253497,-0.3299623447210118,0.0009225855173876656
44.96,-2.1173732735052457,1.734028491272097,-0.349766388559297,0.0009314947966744468
44.97,-2.099958408346859,1.7488476325892122,-0.3700943244480358,0.000940400290069254
44.980000000000004,-2.0823982829900105,1.7630781750732742,-0.39093029349782094,0.0009492667207477834
44.99,-2.064698853182839,1.7767062613182,-0.4122574298598407,0.0009580578052808292
45.0,-2.0468662103182433,1.789718628972411,-0.43405788615982266,0.000966736429244704
45.01,-2.028906575209431,1.8021026653095358,-0.4563128633358828,0.0009752648354408475
45.02,-2.010826291326661,1.8138464603601556,-0.47900264484610466,0.0009836048233849406
45.03,-1.992631817511337,1.8249388582513786,-0.502106635176683,0.000991717958534864
45.04,-1.9743297201871273,1.8353695064038726,-0.5256034025459153,0.0009995657895499202
45.050000000000004,-1.955926665091263,1.8451289022424713,-0.5494707256636391,0.0010071100717151142
45.06,-1.9374294085525592,1.8542084370866647,-0.5736856443703267,0.0010143129945274518
45.07,-1.9188447883459705,1.8626004369011895,-0.5982245139454326,0.0010211374113293632
45.08,-1.9001797141566081,1.8702981996044798,-0.6230630628411825,0.0010275470687904041
45.09,-1.8814411576890642,1.8772960286538118,-0.6481764535662683,0.0010335068339849558
45.1,-1.862636142460582,1.8835892626503956,-0.6735393464143088,0.0010389829167923156
45.11,-1.8437717333190438,1.8891743007352053,-0.6991259657048645,0.0010439430853577984
45.12,-1.8248550257288871,1.8940486235766911,-0.7249101681806649,0.001048356872399656
45.13,-1.805893134869892,1.8982108097843615,-0.7508655131838583,0.0010521957702266673
45.14,-1.786893184595263,1.9016605476171637,-0.7769653342168444,0.0010554334124444344
45.15,-1.7678622962965638,1.9043986418922059,-0.8031828114798553,0.0010580457404728333
45.160000000000004,-1.7488075777238143,1.9064270160372034,-0.8294910449681095,0.001060011153170709
45.17,-1.7297361118094354,1.9077487092686152,-0.8558631277062202,0.0010613106380638142
45.18,-1.7106549455447144,1.9083678689162673,-0.8822722186966597,0.001061927882894605
45.19,-1.6915710789570595,1.9082897379538577,-0.9086916151624898,0.0010618493664539467
45.2,-1.67249145423553,1.9075206378325902,-0.9350948236721855,0.0010610644279106117
45.21,-1.6534229450509728,1.9060679467518322,-0.9614556297461084,0.0010595653141202682
45.22,-1.6343723461155748,1.90394007353566,-0.9877481655598168,0.001057347204666219
45.230000000000004,-1.615346363024796,1.9011464273170395,-1.013946975378714,0.0010544082146551456
45.24,-1.5963516024224647,1.897697383261785,-1.04002707838122,0.001050749375557443
45.25,-1.577394562527364,1.8936042445920078,-1.0659640285533714,0.0010463745946387006
45.26,-1.5584816240569113,1.888879201193224,-1.091733971366131,0.0010412905937727593
45.27,-1.539619041580584,1.883535285110385,-1.1173136969773043,0.0010355068286528827
45.28,-1.520812935332601,1.8775863232556542,-1.142680689732378,0.0010290353896231282
45.29,-1.5020692835100709,1.8710468876646562,-1.1678131737723758,0.00102189088553382
45.300000000000004,-1.4833939150793911,1.8639322436480983,-1.1926901545914992,0.0010140903121807854
45.31,-1.464792503110185,1.8562582961921141,-1.2172914564224444,0.0010056529070160962
45.32,-1.4462705586525066,1.8480415349634531,-1.2415977553624082,0.000996599991917303
45.33,-1.4278334251694889,1.8392989782748355,-1.2655906081874955,0.0009869548058723408
45.34,-1.40948627353407,1.8300481163615725,-1.2892524768371207,0.0009767423294782935
45.35,-1.3912340975949644,1.8203068543131053,-1.3125667485826802,0.0009659891031649852
45.36,-1.3730817103136461,1.8100934549926755,-1.3355177519259251,0.0009547230410399482
45.37,-1.3550337404708586,1.799426482265179,-1.358090768301804,0.0009429732422117065
45.38,-1.3370946299380275,1.788324744837658,-1.380272039687797,0.0009307698013853857
45.39,-1.3192686315060034,1.7768072409991578,-1.402048772246741,0.0009181436204406785
45.4,-1.3015598072607864,1.7648931045271579,-1.4234091361526622,0.0009051262226003995
45.410000000000004,-1.2839720274933193,1.7526015520067795,-1.4443422617690969,0.0008917495706802824
45.42,-1.2665089701280823,1.7399518317868286,-1.4648382323666793,0.0008780458907808671
45.43,-1.249174120653094,1.7269631747737664,-1.4848880735814183,0.0008640475026428984
45.44,-1.2319707725320335,1.713654747241217,-1.5044837398270314,0.000849786657741427
45.45,-1.2149020280775402,1.7000456058089297,-1.5236180978840397,0.0008352953860439997
45.46,-1.1979707997633218,1.686154654721491,-1.5422849078950869,0.0008206053522068139
45.47,-1.1811798119515224,1.6720006055337746,-1.5604788020002656,0.0008057477218326778
45.480000000000004,-1.1645316030108417,1.6576019392873809,-1.5781952608482168,0.0007907530382678053
45.49,-1.1480285278001667,1.6429768712403323,-1.5954305882185829,0.0007756511102728898
45.5,-1.1316727604919599,1.6281433181912681,-1.6121818839891902,0.0007604709107693528
45.51,-1.115466297709336,1.6131188684194455,-1.6284470156773059,0.0007452404867353542
45.52,-1.0994109619506414,1.5979207542431573,-1.6442245887786293,0.000729986880209464
45.53,-1.0835084052754125,1.5825658271817982,-1.659513916120547,0.0007147360602532404
45.54,-1.0677601132258168,1.5670705356908423,-1.6743149864377769,0.0006995128656285049
45.550000000000004,-1.0521674089580622,1.551450905424471,-1.6886284323690657,0.0006843409578606658
45.56,-1.0367314575587798,1.535722521967548,-1.702455498063248,0.000669242784286282
45.57,-1.021453270522028,1.5199005159670886,-1.7157980065719265,0.0006542395506214671
45.58,-1.0063337103633123,1.503999550583274,-1.7286583271944476,0.0006393512025368837
45.59,-0.9913734953478633,1.4880338111714355,-1.7410393429289013,0.0006245964156847895
45.6,-0.9765732043113381,1.4720169970991852,-1.7529444181707032,0.0006099925935936334
45.61,-0.9619332815520947,1.4559623155969739,-1.7643773667880727,0.0005955558728249147
45.62,-0.9474540417752358,1.4398824775357448,-1.7753424206915216,0.0005813011347749944
45.63,-0.9331356750696976,1.4237896950219298,-1.7858441990024267,0.0005672420235005592
45.64,-0.9189782519007667,1.4076956806977445,-1.795887677913971,0.000553390968949533
45.65,-0.90498172810154,1.3916116486334835,-1.8054781613263007,0.0005397592149885524
45.660000000000004,-0.8911459498479759,1.3755483166982072,-1.8146212523267113,0.0005263568516331097
45.67,-0.8774706586033172,1.3595159102957657,-1.8233228255751215,0.000513192850906128
45.68,-0.8639554960187936,1.3435241673544274,-1.8315890006450624,0.000500275105774202
45.69,-0.8506000087786184,1.327582344460383,-1.839426116360936,0.0004876104716375523
45.7,-0.8374036533783783,1.3116992240279977,-1.8468407061634091,0.00047520480987899504
45.71,-0.8243658008269715,1.2958831224027985,-1.8538394745265294,0.00046306303300834865
45.72,-0.8114857412632728,1.2801418987967288,-1.8604292744424804,0.0004511891509710609
45.730000000000004,-0.7987626884796885,1.2644829649591147,-1.866617085982843,0.0004395863182230427
45.74,-0.7861957843457101,1.2489132954909803,-1.8724099959387923,0.0004282568812070503
45.75,-0.7737841031254765,1.2334394387147714,-1.8778151785368147,0.0004172024258992061
45.76,-0.7615266556842103,1.2180675280161337,-1.8828398772212849,0.0004064238251270204
45.77,-0.7494223935792067,1.2028032935790838,-1.8874913874905503,0.0003959212853921621
45.78,-0.7374702130318137,1.1876520744406656,-1.89177704076903,0.00038569439296207776
45.79,-0.7256689587775577,1.1726188307959586,-1.8957041892942135,0.00037574215902414594
45.800000000000004,-0.7140174277922375,1.157708156489043,-1.8992801919943085,0.0003660630637240536
45.81,-0.7025143728924308,1.142924291630222,-1.9025124013296184,0.00035665509893672306
45.82,-0.6911585062094269,1.1282711352843942,-1.9054081510684913,0.0003475158096428952
45.83,-0.6799485025361338,1.1137522581799602,-1.9079747449668478,0.0003386423338076209
45.84,-0.6688830025469883,1.0993709153919908,-1.9102194463188271,0.00033003144067833405
45.85,-0.6579606158913389,1.0851300589575887,-1.9121494683449733,0.00032167956743973805
45.86,-0.6471799241611758,1.0710323503853982,-1.913771965383569,0.0003135828541807515
45.87,-0.6365394837344375,1.0570801730250736,-1.9150940248501978,0.0003057371771448479
45.88,-0.6260378284954531,1.0432756442661815,-1.916122659930348,0.0002981381802497782
45.89,-0.6156734724343614,1.0296206275394821,-1.9168648029698232,0.00029078130487562506
45.9,-0.6054449121276062,1.0161167440968188,-1.9173272995278872,0.0002836618179316041
45.910000000000004,-0.5953506291018268,1.0027653845489202,-1.9175169030584145,0.00027677483822213556
45.92,-0.5853890920836564,0.9895677201433113,-1.9174402701848123,0.000270115361141376
45.93,-0.5755587591381053,0.9765247137672207,-1.9171039565351125,0.00026367828173293217
45.94,-0.5658580796983426,0.963637130662872,-1.916514413104384,0.0002574584161577578
45.95,-0.5562854964898076,0.9509055488448688,-1.9156779831124648,0.00025145052161847813
45.96,-0.546839447351672,0.938330369211517,-1.9146008993259387,0.000245649314792695
45.97,-0.5375183669587446,0.9259118253438949,-1.9132892818142804,0.00024004948883114653
45.980000000000004,-0.5283206884469666,0.9136499929882763,-1.911749136111141,0.00023464572897919365
45.99,-0.5192448449456776,0.901544799219152,-1.909986351752831,0.00022943272688195348
46.0,-0.5102892710198544,0.8895960312815793,-1.9080067011671769,0.00022440519363456314
46.01,-0.5014524040255299,0.8778033451129326,-1.9058158388870572,0.00021955787163968214
46.02,-0.4927326853815922,0.8661662735453336,-1.903419301064076,0.00021488554533446134
46.03,-0.4841285617611472,0.8546842341911172,-1.9008225052589658,0.00021038305084887247
46.04,-0.4756384862055976,0.8433565370146466,-1.8980307504864569,0.00020604528465653613
46.050000000000004,-0.4672609191645551,0.8321823915946398,-1.8950492174934779,0.00020186721127818976
46.06,-0.4589943294646564,0.8211609140819036,-1.8918829692506587,0.0001978438700965814
46.07,-0.4508371952103024,0.8102911338580236,-1.8885369516381956,0.00019397038134002207
46.08,-0.44278800461928003,0.7995719999011038,-1.885015994308205,0.0001902419512900986
46.09,-0.43484525679616465,0.7890023868651251,-1.8813248117067207,0.00018665387676712811
46.1,-0.42700746244633164,0.778581100879885,-1.8774680042394978,0.00018320154894494543
46.11,-0.41927314453333564,0.7683068850788021,-1.8734500595667527,0.00017988045654449312
46.12,-0.4116408388823409,0.7581784248621333,-1.8692753540129083,0.00017668618845352382
46.13,-0.4041090947322102,0.7481943529033489,-1.8649481540783082,0.00017361443581753985
46.14,-0.3966764752387816,0.7383532539065628,-1.8604726180407298,0.0001706609936448574
46.15,-0.38934155793178205,0.7286536691230142,-1.8558527976353536,0.00016782176196648895
46.160000000000004,-0.3821029351277475,0.7190941006346554,-1.8510926398026306,0.00016509274658933022
46.17,-0.37495921430123796,0.7096730154129207,-1.8461959884942458,0.00016247005947896996
46.18,-0.3679090184165553,0.7003888491607355,-1.841166586528089,0.00015994991880633516
46.19,-0.3609509862220915,0.6912400099457784,-1.836008077483825,0.0001575286486902986
46.2,-0.3540837725093546,0.6822248816329389,-1.8307240076312947,0.00015520267866636335
46.21,-0.34730604833864165,0.6733418271238154,-1.825317827884595,0.00015296854290961038
46.22,-0.3406165012332492,0.6645891914109808,-1.81979289577525,0.00015082287923818958
46.230000000000004,-0.33401383534403534,0.6559653044546117,-1.8141524774384412,0.0001487624279218567
46.24,-0.3274967715860727,0.6474684838889229,-1.8083997496067603,0.00014678403031832254
46.25,-0.32106404774905795,0.6390970375656916,-1.8025378016064422,0.0001448846273585255
46.26,-0.31471441858307025,0.6308492659419768,-1.7965696373514755,0.0001430612579003777
46.27,-0.3084466558612033,0.622723464318962,-1.7904981773314164,0.0001413110569690288
46.28,-0.3022595484205247,0.6147179249386578,-1.784326260589124,0.00013963125390030397
46.29,-0.296151902182752,0.6068309389450072,-1.7780566466850036,0.00013801917040259288
46.300000000000004,-0.29012254015596883,0.5990607982157367,-1.7716920176446946,0.00013647221855124622
46.31,-0.2841703024186433,0.5914057970710986,-1.76523497988745,0.00013498789872832303
46.32,-0.2782940460871497,0.5838642338654426,-1.7586880661327666,0.0001335637975194247
46.33,-0.27249264526793626,0.5764344124673539,-1.75205373728309,0.00013219758557829597
46.34,-0.26676499099542567,0.5691146436338943,-1.7453343842806859,0.0001308870154689107
46.35,-0.2611099911566802,0.5619032462842755,-1.7385323299369997,0.00012962991949382977
46.36,-0.25552657040381166,0.5547985486781003,-1.7316498307330543,0.00012842420751675853
46.37,-0.2500136700550652,0.5477988895031055,-1.7246890785896336,0.00012726786478646623
46.38,-0.24457024798545865,0.5409026188771482,-1.7176522026061904,0.00012615894976845246
46.39,-0.2391952785078115,0.5341080992689854,-1.7105412707675913,0.00012509559199008681
46.4,-0.233887752244954,0.5274137063422112,-1.7033582916179666,0.00012407598990431368
46.410000000000004,-0.2286466759938635,0.5208178297265313,-1.6961052159010808,0.000123098408776408
46.42,-0.22347107258243473,0.5143188737203773,-1.6887839381667755,0.00012216117859774632
46.43,-0.21835998071955107,0.5079152579286889,-1.681396298343152,0.00012126269203004562
46.44,-0.21331245483908692,0.501605417839524,-1.6739440832742802,0.00012040140238307598
46.45,-0.20832756493843532,0.4953878053429923,-1.6664290282233123,0.00011957582162842448
46.46,-0.20340439641212035,0.48926088919584837,-1.6588528183409823,0.00011878451845149881
46.47,-0.1985420498810223,0.4832231554349269,-1.6512170900995444,0.00011802611634362885
46.480000000000004,-0.19373964101771138,0.4772731077424549,-1.6435234326922867,0.00011729929173576116
46.49,-0.18899630036835682,0.4714092677661307,-1.63577338939882,0.00011660277217499974
46.5,-0.18431117317164994,0.4656301753967209,-1.6279684589164025,0.00011593533454494441
46.51,-0.17968341917515263,0.459934389005795,-1.6201100966576165,0.00011529580333055053
46.52,-0.1751122124494573,0.4543204856460859,-1.6121997160147588,0.00011468304892801354
46.53,-0.17059674120052037,0.44878706121684464,-1.6042386895913516,0.00011409598599999472
46.54,-0.16613620758050762,0.44333273059643497,-1.5962283504012165,0.00011353357187631895
46.550000000000004,-0.1617298274974686,0.43795612774430326,-1.5881699930355855,0.00011299480500011489
46.56,-0.15737683042413586,0.4326559057743475,-1.5800648747987556,0.00011247872341923747
46.57,-0.1530764592061257,0.42743073700160533,-1.5719142168128128,0.00011198440332268835
46.58,-0.14882796986979743,0.42227931296408133,-1.563719205091975,0.00011151095762162995
46.59,-0.14463063143001187,0.41720034442143655,-1.5554809915871193,0.00011105753457449585
46.6,-0.14048372569801146,0.4121925613321728,-1.5472006952010742,0.00011062331645562231
46.61,-0.13638654708962974,0.40725471281085623,-1.5388794027752681,0.00011020751826673645
46.62,-0.13233840243402234,0.4023855670668402,-1.5305181700483343,0.00010980938649058507
46.63,-0.12833861078309727,0.3975839113258687,-1.5221180225872795,0.00010942819788593624
46.64,-0.12438650322180947,0.3928485517358646,-1.5136799566918262,0.00010906325832313583
46.65,-0.12048142267947133,0.38817831325813484,-1.5052049402725438,0.00010871390165934375
46.660000000000004,-0.11662272374221923,0.3835720395451546,-1.496693913703382,0.00010837948865258285
46.67,-0.11280977246676467,0.3790285928060273,-1.4881477906492189,0.00010805940591367481
46.68,-0.10904194619554823,0.3745468536606545,-1.4795674588690384,0.0001077530648951294
46.69,-0.10531863337340401,0.3701257209835894,-1.47095378099534,0.00010745990091604614
46.7,-0.10163923336583346,0.3657641117384915,-1.4623075952903875,0.00010717937222206937
46.71,-0.0980031562789779,0.36146096080404505,-1.4536297163798928,0.00010691095907943709
46.72,-0.09440982278137122,0.35721522079215406,-1.444920935964725,0.00010665416290215056
46.730000000000004,-0.090858663927546,0.3530258618591766,-1.4361820235112293,0.00010640850541131427
46.74,-0.0873491209835591,0.3488918715109152,-1.4274137269207303,0.0001061735278256896
46.75,-0.08388064525449573,0.3448122544020367,-1.4186167731787878,0.0001059487900825021
46.76,-0.0804526979140046,0.3407860321305528,-1.4097918689847608,0.00010573387008756928
46.77,-0.07706474983591032,0.33681224302795315,-1.4009397013622307,0.00010552836299382694
46.78,-0.07371628142794404,0.3328899419455455,-1.3920609382508182,0.00010533188050732784
46.79,-0.07040678246762744,0.3290182000375223,-1.3831562290799257,0.00010514405021981619
46.800000000000004,-0.0671357519403403,0.32519610454123854,-1.3742262053249197,0.00010496451496698725
46.81,-0.06390269787959744,0.32142275855515523,-1.365271481046262,0.00010479293221158509
46.82,-0.06070713720955605,0.31769728081487175,-1.3562926534120843,0.00010462897345047346
46.83,-0.0575485955897706,0.3140188054676425,-1.3472903032046906,0.00010447232364483761
46.84,-0.054426607262208694,0.3103864818457458,-1.3382649953114643,0.00010432268067273493
46.85,-0.05134071490053741,0.30679947423904863,-1.3292172792006387,0.00010417975480318733
46.86,-0.04829046946168678,0.3032569616670854,-1.3201476893823856,0.0001040432681910432
46.87,-0.045275430039693615,0.2997581376509471,-1.3110567458556608,0.00010391295439185632
46.88,-0.042295163721826234,0.29630220998525647,-1.3019449545412383,0.00010378855789606221
46.89,-0.03934924544698798,0.2928884005104823,-1.2928128077013492,0.00010366983368174058
46.9,-0.036437257866394866,0.28951594488583005,-1.2836607843463355,0.00010355654678526588
46.910000000000004,-0.03355879120652055,0.2861840923629249,-1.2744893506287138,0.00010344847188918288
46.92,-0.030713443134299627,0.2828921055604896,-1.2652989602250382,0.00010334539292666742
46.93,-0.02790081862457847,0.2796392602401999,-1.2560900547059344,0.00010324710270192819
46.94,-0.025120529829800845,0.27642484508388926,-1.2468630638946756,0.00010315340252595767
46.95,-0.022372195951914108,0.27324816147225667,-1.2376184062146511,0.00010306410186703674
46.96,-0.019655443116480213,0.2701085232652215,-1.2283564890260767,0.00010297901801542648
46.97,-0.01696990424897438,0.2670052565840537,-1.2190777089522797,0.00010289797576170081
46.980000000000004,-0.014315218953253094,0.2639376995953986,-1.209782452195887,0.00010282080708816694
46.99,-0.01169103339217193,0.2609052022973024,-1.2004710948452328,0.00010274735087290018
47.0,-0.009097000170332712,0.25790712630733603,-1.1911440031712905,0.00010267745260587443
47.01,-0.006532778218938582,0.25494284465290296,-1.181801533915431,0.00010261096411670215
47.02,-0.00399803268273473,0.2520117415638102,-1.1724440345682947,0.00010254774331354198
47.03,-0.0014924348090118262,0.24911321226717062,-1.1630718436400582,0.00010248765393272246
47.04,0.0009843381613515085,0.24624666278469867,-1.1536852909223698,0.0001024305652986629
47.050000000000004,0.003432603100831364,0.24341150973245254,-1.144284697742215,0.00010237635209365918
47.06,0.0058526711002110645,0.24060718012307014,-1.1348703772079718,0.00010232489413715381
47.07,0.008244847571568688,0.23783311117053874,-1.1254426344479016,0.00010227607617411009
47.08,0.010609432349325092,0.23508875009753238,-1.1160017668413176,0.00010222978767211625
47.09,0.012946719789378279,0.2323735539453456,-1.1065480642426628,0.00010218592262686506
47.1,0.015256998866350171,0.229686989386446,-1.0970818091987262,0.00010214437937567255
47.11,0.01754055326897209,0.22702853253966448,-1.0876032771592126,0.0001021050604187056
47.12,0.019797661493635384,0.22439766878803583,-1.078112736680882,0.00010206787224760483
47.13,0.02202859693613373,0.22179389259929908,-1.0686104496254618,0.0001020327251812102
47.14,0.02423362798162381,0.21921670734906296,-1.0590966713515306,0.00010199953320808185
47.15,0.026413018092830927,0.2166656251466374,-1.0495716509005684,0.00010196821383554135
47.160000000000004,0.028567025896526273,0.2141401666635294,-1.0400356311773584,0.00010193868794497964
47.17,0.030695905268302476,0.21163986096459791,-1.0304888491249216,0.00010191087965316534
47.18,0.03279990541567394,0.20916424534185957,-1.0209315358941582,0.00010188471617928625
47.19,0.03487927095952843,0.20671286515093426,-1.0113639170083686,0.00010186012771752603
47.2,0.036934242013956335,0.20428527365011748,-1.0017862125228127,0.00010183704731492145
47.21,0.03896505426448362,0.20188103184206319,-0.9921986371794718,0.00010181541075428017
47.22,0.040971939044734666,0.19949970831806,-0.982601400557162,0.00010179515644196444
47.230000000000004,0.04295512341155071,0.19714087910488023,-0.9729947072171526,0.00010177622530032639
47.24,0.04491483021858959,0.19480412751418094,-0.9633787568444288,0.00010175856066461147
47.25,0.04685127818843211,0.19248904399443303,-0.9537537443847411,0.00010174210818413831
47.26,0.04876468198322033,0.1901952259853545,-0.9441198601775762,0.00010172681572757538
47.27,0.05065525227385245,0.18792227777482115,-0.9344772900851775,0.00010171263329215154
47.28,0.052523195807759236,0.18566981035822808,-0.9248262156177447,0.00010169951291663515
47.29,0.05436871547528609,0.18343744130027317,-0.9151668140549316,0.00010168740859791541
47.300000000000004,0.056192010374705,0.1812247945991337,-0.9054992585637636,0.00010167627621104753
47.31,0.05799327587588003,0.17903150055300562,-0.895823718313086,0.0001016660734326159
47.32,0.05977270368261001,0.17685719562897448,-0.886140358584657,0.00010165675966726932
47.33,0.061530481893671295,0.17470152233418682,-0.8764493408809895,0.00010164829597730031
47.34,0.06326679506258377,0.17256412908928917,-0.8667508230300485,0.00010164064501514977
47.35,0.06498182425612233,0.17044467010410244,-0.8570449592869016,0.00010163377095870033
47.36,0.06667574711159617,0.1683428052554981,-0.8473319004324221,0.00010162763944924942
47.37,0.06834873789291777,0.16625819996744287,-0.8376117938691366,0.00010162221753205579
47.38,0.07000096754548296,0.16419052509317783,-0.8278847837143097,0.00010161747359934115
47.39,0.07163260374988331,0.1621394567994979,-0.8181510108903527,0.00010161337733565456
47.4,0.07324381097447169,0.16010467645309742,-0.8084106132126417,0.00010160989966549076
47.410000000000004,0.07483475052680147,0.15808587050894723,-0.7986637254748287,0.00010160701270308035
47.42,0.07640558060395954,0.15608273040066875,-0.7889104795317224,0.00010160468970425513
47.43,0.07795645634181284,0.1540949524328704,-0.7791510043798202,0.00010160290502029564
47.44,0.07948752986318795,0.152122237675412,-0.7693854262355618,0.00010160163405369467
47.45,0.0809989503250029,0.15016429185956193,-0.7596138686113799,0.00010160085321574144
47.46,0.08249086396436969,0.1482208252760134,-0.7498364523896163,0.00010160053988585651
47.47,0.08396341414368633,0.14629155267472466,-0.7400532958943716,0.00010160067237261069
47.480000000000004,0.08541674139473611,0.14437619316654904,-0.7302645149613546,0.00010160122987634834
47.49,0.08685098346181205,0.142474470126621,-0.7204702230057932,0.00010160219245334991
47.5,0.08826627534388384,0.1405861110994638,-0.7106705310884712,0.00010160354098147966
47.51,0.0896627493358243,0.13871084770578523,-0.7008655479799469,0.00010160525712724673
47.52,0.0910405350687121,0.13684841555092778,-0.6910553802230143,0.00010160732331421739
47.53,0.09239975954922715,0.13499855413494,-0.6812401321934608,0.00010160972269274134
47.54,0.09374054719815464,0.1331610067642359,-0.6714199061591762,0.00010161243911091954
47.550000000000004,0.09506301988801347,0.13133552046480973,-0.6615948023376651,0.00010161545708676733
47.56,0.0963672969798245,0.12952184589697355,-0.6517649189520129,0.00010161876178152903
47.57,0.09765349535903366,0.12771973727158537,-0.6419303522853561,0.00010162233897408656
47.58,0.09892172947060458,0.1259289522677361,-0.6320911967339023,0.00010162617503643093
47.59,0.1001721113532954,0.12414925195186353,-0.6222475448585477,0.00010163025691013885
47.6,0.10140475067313355,0.12238040069826228,-0.6123994874351357,0.00010163457208382128
47.61,0.10261975475610263,0.12062216611095859,-0.6025471135034005,0.00010163910857150263
47.62,0.10381722862005466,0.1188743189469196,-0.5926905104146374,0.00010164385489189076
47.63,0.10499727500586094,0.11713663304056662,-0.5828297638781401,0.00010164880004850717
47.64,0.10615999440781454,0.1154088852295627,-0.5729649580064452,0.0001016539335106312
47.65,0.10730548510329682,0.11369085528184476,-0.5630961753594211,0.00010165924519503834
47.660000000000004,0.1084338431817204,0.1119823258238712,-0.5532234969872393,0.00010166472544849275
47.67,0.1095451625727606,0.11028308227005605,-0.5433470024722628,0.00010167036503095991
47.68,0.11063953507388698,0.1085929127533612,-0.5334667699698883,0.00010167615509952156
47.69,0.11171705037720649,0.10691160805701853,-0.523582876248374,0.00010168208719295603
47.7,0.1127777960956294,0.10523896154735406,-0.5136953967276867,0.00010168815321696032
47.71,0.11382185778836888,0.10357476910768677,-0.5038044055174004,0.00010169434542998426
47.72,0.11484931898578472,0.101918829073275,-0.49390997545367626,0.00010170065642966004
47.730000000000004,0.1158602612135818,0.10027094216728338,-0.484012178135355,0.00010170707913979721
47.74,0.1168547640163731,0.09863091143774423,-0.47411108395918994,0.00010171360679792046
47.75,0.11783290498061724,0.09699854219548706,-0.4642067621542491,0.000101720232943334
47.76,0.11879475975694005,0.09537364195301053,-0.4542992808155147,0.00010172695140568711
47.77,0.11974040208184941,0.09375602036427137,-0.44438870693670496,0.00010173375629402225
47.78,0.12066990379885253,0.09214548916536526,-0.43447510644234627,0.00010174064198628698
47.79,0.1215833348789844,0.09054186211607466,-0.42455854421911887,0.00010174760311929451
47.800000000000004,0.12248076344075585,0.08894495494225944,-0.41463908414650197,0.00010175463457911028
47.81,0.12336225576952976,0.08735458527906576,-0.40471678912674136,0.00010176173149185307
47.82,0.12422787633633324,0.08577057261492962,-0.394791721114163,0.00010176888921489107
47.83,0.12507768781611378,0.08419273823635154,-0.38486394114385497,0.00010177610332842143
47.84,0.12591175110544692,0.0826209051734187,-0.37493350935973974,0.00010178336962741583
47.85,0.12673012533970274,0.08105489814605213,-0.3650004850420582,0.00010179068411391843
47.86,0.12753286790967835,0.07949454351095568,-0.3550649266342861,0.00010179804298968743
47.870000000000005,0.12832003447770338,0.07793966920924482,-0.3451268917695035,0.00010180544264916382
47.88,0.12909167899322482,0.07639010471473265,-0.335186437296236,0.0001018128796727523
47.89,0.1298478537078783,0.07484568098285159,-0.3252436193037886,0.00010182035082041078
47.9,0.13058860919005127,0.07330623040018881,-0.3152984931470895,0.00010182785302553388
47.910000000000004,0.13131399433894486,0.07177158673461417,-0.3053511134710629,0.00010183538338911552
47.92,0.1320240563981396,0.07024158508597932,-0.29540153423454846,0.00010184293917418923
47.93,0.13271884096867112,0.0687160618373671,-0.28544980873378484,0.00010185051780053098
47.94,0.1333983920216209,0.06719485460687064,-0.2754959896254747,0.00010185811683961574
47.95,0.1340627519102274,0.06567780219988127,-0.26554012894944745,0.00010186573400982195
47.96,0.1347119613815225,0.06416474456186538,-0.25558227815093604,0.00010187336717187506
47.97,0.13534605958749812,0.06265552273160976,-0.2456224881024841,0.00010188101432452126
47.980000000000004,0.13596508409580757,0.06114997879491571,-0.23566080912549878,0.00010188867360042197
47.99,0.13656907090000586,0.059647955838722115,-0.2256972910114646,0.00010189634326226937
48.0,0.1371580544293335,0.0581492979056379,-0.2157319830428333,0.00010190402169910939
48.01,0.13773206755804743,0.056653849948864535,-0.20576493401360452,0.00010191170742286781
48.02,0.13829114161430317,0.05516145778748931,-0.19579619224961142,0.00010191939906507573
48.03,0.1388353063885916,0.05367196806213028,-0.18582580562852588,0.00010192709537378694
48.04,0.13936459014173383,0.052185228190914056,-0.17585382159959656,0.00010193479521068195
48.050000000000004,0.13987901961243757,0.05070108632576747,-0.1658802872031341,0.00010194249754835502
48.06,0.14037862002441776,0.0492193913090046,-0.15590524908975642,0.00010195020146777878
48.07,0.1408634150930846,0.0477399926301905,-0.14592875353940762,0.00010195790615594066
48.08,0.1413334270318014,0.04626274038326321,-0.13595084648016356,0.00010196561090365114
48.09,0.14178867655771504,0.044787485223895765,-0.12597157350683666,0.0001019733151035167
48.1,0.1422291828971609,0.04331407832707986,-0.1159909798993929,0.00010198101824807362
48.11,0.14265496379064496,0.041842371344913094,-0.10600911064119353,0.00010198871992808267
48.120000000000005,0.1430660354974045,0.04037221636457165,-0.09602601043707357,0.00010199641983097943
48.13,0.1434624127995494,0.03890346586645048,-0.08604172373126966,0.00010200411773947718
48.14,0.14384410900578587,0.03743597268245292,-0.07605629472520922,0.00010201181353032166
48.15,0.1442111359547233,0.03596958995441197,-0.06606976739517295,0.00010201950717319462
48.160000000000004,0.14456350401776627,0.03450417109262532,-0.05608218550984243,0.00010202719872976423
48.17,0.1449012221015923,0.03303956973448626,-0.04609359264774488,0.00010203488835288053
48.18,0.14522429765021616,0.03157563970319282,-0.03610403221460655,0.00010204257628591508
48.19,0.14553273664664187,0.030112234966517187,-0.026113547460626545,0.00010205026286224301
48.2,0.1458265436141024,0.028649209595617835,-0.016122181497682617,0.00010205794850486702
48.21,0.14610572161688776,0.027186417723876446,-0.006129977316480465,0.00010206563372618198
48.22,0.1463702722607613,0.02572371350574196,0.0038630221963419052,0.00010207331912788014
48.230000000000004,0.14662019569296478,0.024260951075563923,0.013856774241143309,0.00010208100540099665
48.24,0.1468554906018113,0.022797984506397345,0.023851236088230525,0.00010208869332609482
48.25,0.1470761542158662,0.021334667768761258,0.033846365060819956,0.0001020963837735921
48.26,0.14728218230271528,0.019870854689333035,0.04384211851799838,0.00010210407770422635
48.27,0.1474735691673195,0.018406398909560605,0.053838453837671225,0.00010211177616966383
48.28,0.1476503076499553,0.016941153844174543,0.06383532839948695,0.00010211948031324941
48.29,0.14781238912373956,0.015474972639581976,0.07383269956772587,0.00010212719137089928
48.300000000000004,0.14795980349173776,0.014007708132124205,0.08383052467414177,0.00010213491067213972
48.31,0.14809253918365392,0.012539212806179782,0.0938287610007449,0.00010214263964129148
48.32,0.14821058315210084,0.011069338752094768,0.1038273657625142,0.00010215037979880164
48.33,0.14831392086844863,0.009597937623921728,0.1138262960900272,0.00010215813276272645
48.34,0.1484025363182496,0.008124860596948946,0.12382550901199564,0.0001021659002503669
48.35,0.14847641199623723,0.0066499583250012075,0.13382496143769462,0.00010217368408005824
48.36,0.1485355289008972,0.005173080897493351,0.14382461013927322,0.0001021814861731182
48.370000000000005,0.14857986652860725,0.0036940777962176877,0.15382441173393435,0.00010218930855595632
48.38,0.14860940286734392,0.00221279785184619,0.16382432266597122,0.00010219715336234692
48.39,0.1486241143899524,0.0007290892001282254,0.17382429918864803,0.00010220502283587078
48.4,0.1486239760469771,-0.0007572007622355661,0.18382429734591196,0.00010221291933252809
48.410000000000004,0.14860896125904902,-0.0022462254220628475,0.19382427295392363,0.00010222084532352845
48.42,0.14857904190882676,-0.003738138994522372,0.20382418158239277,0.00010222880339826076
48.43,0.14853418833248722,-0.005233096568349962,0.21382397853570592,0.00010223679626744863
48.44,0.14847436931076222,-0.00673125415146785,0.22382361883383242,0.0001022448267664969
48.45,0.14839955205951677,-0.008232768717027784,0.23382305719299498,0.00010225289785903405
48.46,0.1483097022198647,-0.009737798249898517,0.24382224800609079,0.00010226101264065571
48.47,0.1482047838478171,-0.011246501793618548,0.2538211453228487,0.00010226917434287798
48.480000000000004,0.14808475940345892,-0.012759039497835209,0.26381970282970835,0.00010227738633730314
48.49,0.14794958973964847,-0.014275572666251483,0.27381787382940537,0.00010228565214000817
48.5,0.14779923409023507,-0.01579626380510218,0.28381561122024884,0.00010229397541616344
48.51,0.14763365005778895,-0.017321276672181377,0.29381286747507435,0.00010230235998488321
48.52,0.14745279360083816,-0.018850776326443327,0.30380959461985707,0.00010231080982432418
48.53,0.14725661902060652,-0.020384929178199347,0.3138057442119691,0.0001023193290770378
48.54,0.1470450789472465,-0.02192390303993348,0.32380126731806397,0.00010232792205558165
48.550000000000004,0.1468181243255607,-0.02346786717776007,0.3337961144915714,0.00010233659324840394
48.56,0.14657570440020562,-0.025016992363546684,0.3437902357497854,0.00010234534732600805
48.57,0.14631776670037042,-0.02657145092772623,0.3537835805505268,0.00010235418914740961
48.58,0.14604425702392448,-0.02813141681282237,0.36377609776836334,0.0001023631237668964
48.59,0.14575511942102568,-0.02969706562771278,0.3737677356703676,0.00010237215644110083
48.6,0.14545029617718241,-0.03126857470265509,0.3837584418913936,0.00010238129263640097
48.61,0.14512972779576136,-0.032846123145100846,0.39374816340885294,0.00010239053803665726
48.620000000000005,0.14479335297993315,-0.03442989189632311,0.40373684651696956,0.00010239989855130349
48.63,0.14444110861404744,-0.036020063788883734,0.41372443680049265,0.00010240938032380235
48.64,0.14407292974442912,-0.03761682360496689,0.42371087910784605,0.00010241898974048126
48.65,0.1436887495595868,-0.03922035813560565,0.4336961175236926,0.00010242873343976488
48.660000000000004,0.14328849936982424,-0.04083085624082907,0.4436800953408901,0.00010243861832181753
48.67,0.1428721085862458,-0.042448508910757486,0.4536627550318164,0.00010244865155861425
48.68,0.14243950469914593,-0.0440735093276743,0.46364403821903893,0.00010245884060445886
48.69,0.14199061325577306,-0.045706052929103035,0.4736238856453045,0.00010246919320696467
48.7,0.14152535783745746,-0.04734633747191876,0.48360223714282374,0.00010247971741851785
48.71,0.1410436600360928,-0.0489945630975237,0.49357903160182415,0.0001024904216082451
48.72,0.14054543942996048,-0.050650932398117084,0.5035542069383445,0.00010250131447450712
48.730000000000004,0.14003061355888552,-0.052315650484090044,0.5135277000612436,0.0001025124050579327
48.74,0.13949909789871293,-0.053988925052576776,0.5234994468383931,0.00010252370275502936
48.75,0.13895080583509262,-0.05567096645719367,0.5334693820620275,0.00010253521733238289
48.76,0.13838564863656078,-0.057361987778998744,0.5434374394132179,0.00010254695894147388
48.77,0.13780353542690543,-0.059062204898704236,0.5534035514254401,0.00010255893813414508
48.78,0.13720437315680353,-0.06077183657017575,0.5633676494472043,0.00010257116587873499
48.79,0.1365880665747164,-0.06249110449525195,0.5733296636037124,0.00010258365357691826
48.800000000000004,0.13595451819703028,-0.06422023339991932,0.5832895227575087,0.00010259641308127
48.81,0.13530362827742823,-0.0659594511118772,0.593247154468088,0.00010260945671360055
48.82,0.13463529477547923,-0.06770898863952883,0.6032024849504254,0.00010262279728408471
48.83,0.13394941332443008,-0.06946908025243462,0.6131554390323884,0.00010263644811121736
48.84,0.13324587719818537,-0.07123996356326481,0.623105940110993,0.00010265042304264131
48.85,0.13252457727746023,-0.07302187961128898,0.6330539101074621,0.00010266473647687607
48.86,0.1317854020150903,-0.07481507294744048,0.6429992694210468,0.00010267940338599256
48.870000000000005,0.13102823740048317,-0.07661979172099495,0.6529419368815634,0.00010269443933927125
48.88,0.1302529669231945,-0.07843628776790201,0.6628818297006054,0.00010270986052789007
48.89,0.1294594715356127,-0.08026481670081045,0.6728188634213809,0.00010272568379068894
48.9,0.12864762961473475,-0.08210563800082765,0.6827529518671301,0.00010274192664105418
48.910000000000004,0.12781731692301512,-0.0839590151110545,0.6926840070880723,0.00010275860729496798
48.92,0.12696840656827085,-0.085825215531938,0.70261193930683,0.00010277574470028949
48.93,0.12610076896262348,-0.08770451091848418,0.7125366568622803,0.0001027933585673084
48.94,0.12521427178045955,-0.08959717717937456,0.7224580661517761,0.0001028114694006316
48.95,0.1243087799153901,-0.09150349457803043,0.7323760715716819,0.00010283009853246673
48.96,0.12338415543618973,-0.09342374783566926,0.7422905754561654,0.0001028492681573518
48.97,0.12244025754169482,-0.09535822623639867,0.7522014780141835,0.00010286900136841305
48.980000000000004,0.12147694251464056,-0.09730722373439395,0.7621086772646019,0.00010288932219521256
48.99,0.12049406367441547,-0.09927103906320553,0.7720120689693819,0.00010291025564324362
49.0,0.11949147132871211,-0.10124997584724363,0.7819115465647675,0.00010293182773516739
49.01,0.11846901272405182,-0.10324434271548792,0.7918070010904037,0.00010295406555385884
49.02,0.11742653199516094,-0.1052544534174705,0.8016983211163142,0.00010297699728734141
49.03,0.1163638701131758,-0.1072806269415812,0.8115853926676637,0.00010300065227570533
49.04,0.11528086483265272,-0.10932318763574478,0.821468099147228,0.0001030250610600835
49.050000000000004,0.1141773506373592,-0.11138246533052003,0.8313463212554917,0.00010305025543379087
49.06,0.11305315868482184,-0.11345879546467154,0.8412199369082921,0.00010307626849572214
49.07,0.11190811674960585,-0.1155525192132651,0.8510888211519223,0.00010310313470610401
49.08,0.11074204916530095,-0.11766398361833855,0.8609528460756058,0.00010313088994470996
49.09,0.1095547767651873,-0.11979354172219986,0.8708118807212509,0.00010315957157165786
49.1,0.10834611682155519,-0.12194155270340531,0.8806657909903898,0.0001031892184908942
49.11,0.10711588298365131,-0.12410838201547025,0.8905144395482036,0.00010321987121649421
49.120000000000005,0.10586388521422398,-0.12629440152836585,0.9003576857245331,0.0001032515719419064
49.13,0.10458992972463935,-0.1284999896728554,0.9101953854117669,0.00010328436461226589
49.14,0.10329381890853973,-0.13072553158772354,0.9200273909595006,0.00010331829499993327
49.15,0.10197535127401498,-0.13297141926995304,0.9298535510658523,0.00010335341078338219
49.160000000000004,0.1006343213742572,-0.13523805172790226,0.9396737106653171,0.00010338976162960649
49.17,0.0992705197366683,-0.1375258351375384,0.9494877108130401,0.00010342739928020377
49.18,0.09788373279038991,-0.1398351830017799,0.9592953885653809,0.00010346637764128627
49.19,0.0964737427922239,-0.14216651631300248,0.9690965768566404,0.00010350675287742175
49.2,0.09504032775091195,-0.14452026371876253,0.9788911043718146,0.00010354858350976124
49.21,0.09358326134974153,-0.14689686169079166,0.9886787954152343,0.00010359193051855378
49.22,0.09210231286744529,-0.1492967546973155,0.9984594697749479,0.00010363685745025877
49.230000000000004,0.09059724709736054,-0.15172039537874962,1.008232942582696,0.00010368343052944155
49.24,0.08906782426481456,-0.1541682447268251,1.0179990241693209,0.00010373171877568968
49.25,0.08751379994270134,-0.15664077226719497,1.0277575199154536,0.00010378179412578049
49.26,0.08593492496521464,-0.15913845624557255,1.0375082300973077,0.0001038337315613138
49.27,0.08433094533970183,-0.16166178381745136,1.0472509497274085,0.00010388760924208346
49.28,0.08270160215660229,-0.16421125124145544,1.0569854683900788,0.00010394350864544185
49.29,0.08104663149743413,-0.16678736407636727,1.0667115700714949,0.0001040015147119252
49.300000000000004,0.07936576434079194,-0.1693906373818794,1.076429032984121,0.00010406171599743511
49.31,0.07765872646631827,-0.1720215959231141,1.0861376293853233,0.00010412420483225041
49.32,0.07592523835661083,-0.1746807743789535,1.0958371253899544,0.00010418907748720796
49.33,0.07416501509702725,-0.17736871755422037,1.105527280776699,0.00010425643434737431
49.34,0.07237776627334858,-0.18008598059574824,1.1152078487879562,0.00010432638009351661
49.35,0.07056319586726247,-0.18283312921237552,1.124878575923029,0.00010439902389176332
49.36,0.06872100214962668,-0.1856107398988974,1.1345392017243852,0.00010447447959181832
49.370000000000005,0.06685087757147318,-0.18841940016400424,1.1441894585567414,0.0001045528659340932
49.38,0.06495250865271278,-0.19125970876223325,1.153829071378718,0.00010463430676618755
49.39,0.06302557586850006,-0.1941322759299558,1.1634577575067988,0.00010471893126912186
49.4,0.061069753533218286,-0.19703772362541874,1.173075226371322,0.00010480687419377103
49.410000000000004,0.05908470968204341,-0.19997668577285385,1.1826811792642218,0.00010489827610796695
49.42,0.05707010595004675,-0.20294980851066427,1.1922753090782259,0.00010499328365472345
49.43,0.05502559744879534,-0.20595775044369213,1.201857300037205,0.0001050920498221024
49.44,0.05295083264040915,-0.20900118289956526,1.211426827417362,0.0001051947342252476
49.45,0.0508454532090346,-0.21208079018911496,1.2209835572589345,0.00010530150340111521
49.46,0.04870909392969347,-0.2151972698708501,1.2305271460680745,0.0001054125311164835
49.47,0.046541382534466956,-0.21835133301946555,1.2400572405085588,0.00010552799868980922
49.480000000000004,0.04434193957597457,-0.2215437044983549,1.2495734770829665,0.00010564809532757803
49.49,0.04211037828810804,-0.2247751232360894,1.2590754818029548,0.00010577301847576693
49.5,0.03984630444398079,-0.2280463425068154,1.268562869848244,0.00010590297418709658
49.51,0.037549316211054076,-0.23135813021451332,1.2780352452139172,0.00010603817750477729
49.52,0.035219004003401534,-0.23471126918104998,1.2874922003456177,0.00010617885286344623
49.53,0.03285495033107453,-0.23810655743794562,1.296933315762222,0.00010632523450808969
49.54,0.030456729646531643,-0.24154480852176397,1.3063581596655456,0.00010647756693170273
49.550000000000004,0.028023908188096584,-0.24502685177302092,1.3157662875366263,0.00010663610533251933
49.56,0.025556043820409907,-0.24855353263849383,1.3251572417181166,0.0001068011160916482
49.57,0.023052685871841172,-0.25212571297679753,1.3345305509822953,0.00010697287727200781
49.58,0.020513374968829632,-0.25574427136707806,1.3438857300842013,0.00010715167913946953
49.59,0.017937642867123092,-0.2594101034206569,1.3532222792993658,0.00010733782470715892
49.6,0.015325012279886316,-0.2631241220954414,1.3625396839456134,0.00010753163030390966
49.61,0.01267499670265236,-0.2668872580128958,1.3718374138883764,0.00010773342616786514
49.620000000000005,0.009987100235092318,-0.27070045977734797,1.381114923028953,0.0001079435570663257
49.63,0.0072608173995813395,-0.27456469429738284,1.3903716487751243,0.00010816238294291365
49.64,0.004495632956541415,-0.27848094710905147,1.3996070114935224,0.00010839027959319283
49.65,0.0016910217165442103,-0.2824502227005975,1.4088204139431264,0.00010862763936992574
49.660000000000004,-0.0011535516508396036,-0.2864735448383761,1.4180112406892433,0.00010887487191918944
49.67,-0.004038632811454713,-0.29055195689361246,1.4271788574973134,0.00010913240494858363
49.68,-0.006964777964245716,-0.29468652216961444,1.4363226107058553,0.0001094006850288436
49.69,-0.009932554042214355,-0.2988783242290224,1.4454418265778544,0.00010968017843019643
49.7,-0.012942538916647551,-0.3031284672206436,1.45453581062987,0.00010997137199481384
49.71,-0.0159953216046097,-0.30743807620538216,1.4636038469381234,0.00011027477404681439
49.72,-0.01909150247968754,-0.3118082974807345,1.4726451974208046,0.00011059091534124037
49.730000000000004,-0.022231693485970455,-0.3162402989032808,1.4816591010958176,0.00011092035005350994
49.74,-0.02541651835524312,-0.3207352702085554,1.4906447733131625,0.00011126365681090012
49.75,-0.028646612827361,-0.32529442332763436,1.4996014049611348,0.00011162143976760828
49.76,-0.03192262487377238,-0.3299189926997268,1.5085281616454986,0.00011199432972501666
49.77,-0.03524521492414311,-0.3346102355800035,1.5174241828407757,0.00011238298529878428
49.78,-0.03861505609603252,-0.33936943234184047,1.5262885810127664,0.00011278809413445387
49.79,-0.04203283442756003,-0.34419788677259433,1.5351204407114065,0.00011321037417328685
49.800000000000004,-0.045499249112993446,-0.34909692636196427,1.5439188176330398,0.00011365057497002124
49.81,-0.049015012741179476,-0.35406790258192716,1.55268273765117,0.00011410947906434026
49.82,-0.05258085153672704,-0.35911219115716186,1.5614111958147396,0.00011458790340781163
49.83,-0.05619750560384247,-0.3642311923248036,1.5701031553129652,0.00011508670084807703
49.84,-0.05986572917270373,-0.3694263310822902,1.5787575464057437,0.00011560676167208695
49.85,-0.06358629084824818,-0.37469905742197757,1.58737326531863,0.00011614901521018359
49.86,-0.06735997386123439,-0.3800508465511128,1.5959491731013742,0.00011671443150282703
49.870000000000005,-0.07118757632142432,-0.3854831990956619,1.6044840944489935,0.00011730402303172623
49.88,-0.07506991147271638,-0.3909976412863866,1.6129768164843483,0.0001179188465171488
49.89,-0.07900780795004345,-0.39659572512546415,1.6214260875011792,0.0001185600047831331
49.9,-0.08300211003783226,-0.40227902853183284,1.629830615666562,0.00011922864869228022
49.910000000000004,-0.0870536779298019,-0.4080491554633288,1.6381890676817326,0.00011992597915176084
49.92,-0.0911633879898591,-0.4139077360135611,1.6465000674002335,0.00012065324919208972
49.93,-0.0953321330138269,-0.4198564264813406,1.6547621944023414,0.00012141176612014429
49.94,-0.09956082249172085,-0.4258969094103454,1.6629739825247374,0.0001222028937478087
49.95,-0.10385038287026278,-0.4320308935965639,1.671133918344398,0.00012302805469749012
49.96,-0.10820175781529716,-0.4382601140609057,1.679240439615699,0.000123888732785617
49.97,-0.11261590847374785,-0.44458633198421754,1.6872919336597438,0.00012478647548506798
49.980000000000004,-0.11709381373472502,-0.4510113346017742,1.6952867357049581,0.00012572289646729676
49.99,-0.12163647048936146,-0.457536935054146,1.7032231271780216,0.00012669967822470212
50.0,-0.12624489388892585,-0.4641649721911614,1.7110993339442502,0.00012771857477351836
50.01,-0.13092011760072675,-0.4708973103254977,1.7189135244965845,0.0001287814144372697
50.02,-0.13566319406128552,-0.47773583893223504,1.7266638080924002,0.00012989010271048204
50.03,-0.14047519472621847,-0.48468247229050254,1.7343482328374122,0.00013104662520199475
50.04,-0.14535721031622906,-0.49173914906313315,1.7419647837160248,0.00013225305065684461
50.050000000000004,-0.15031035105856885,-0.4989078318100181,1.749511380567555,0.00013351153405522415
50.06,-0.15533574692328161,-0.5061905064306205,1.7569858760078583,0.00013482431978653744
50.07,-0.1604345478534986,-0.5135891815308653,1.7643860532959839,0.00013619374489603488
50.08,-0.16560792398900367,-0.5211058877093709,1.771709624145615,0.00013762224240090363
50.09,-0.17085706588223568,-0.5287426767577275,1.7789542264811753,0.00013911234467201014
50.1,-0.17618318470584038,-0.5365016207692558,1.7861174221386373,0.00014066668687678642
50.11,-0.18158751245082866,-0.5443848111504027,1.7931966945112325,0.00014228801047793554
50.120000000000005,-0.18707130211433598,-0.5523943575286385,1.8001894461404475,0.0001439791667817309
50.13,-0.19263582787591688,-0.560532386550425,1.807092996252893,0.0001457431205287472
50.14,-0.19828238526124156,-0.5688010405625168,1.8139045782438583,0.0001475829535187964
50.15,-0.2040122912919928,-0.5772024761695431,1.8206213371086093,0.00014950186826068423
50.160000000000004,-0.2098268846206896,-0.585738862660496,1.8272403268227588,0.0001515031916361855
50.17,-0.2157275256490882,-0.59441238029642,1.8337585076733383,0.0001535903785662478
50.18,-0.22171559662873266,-0.6032252184512644,1.8401727435425164,0.0001557670156659905
50.19,-0.22779250174214508,-0.6121795735975166,1.8464797991462742,0.00015803682487346453
50.2,-0.23395966716305971,-0.6212776471278878,1.852676337230721,0.00016040366703544764
50.21,-0.24021854109401664,-0.6305216430039768,1.858758915729161,0.00016287154543170358
50.22,-0.24657059377953772,-0.6399137652224828,1.8647239848834758,0.00016544460921713702
50.230000000000004,-0.25301731749301193,-0.6494562150891888,1.8705678843338691,0.00016812715675917876
50.24,-0.2595602264953173,-0.6591511882905872,1.8762868401815684,0.0001709236388454593
50.25,-0.26620085696310375,-0.6690008717526714,1.8818769620296387,0.00017383866173439422
50.26,-0.27294076688455476,-0.6790074402760802,1.887334240007689,0.00017687699001873753
50.27,-0.27978153592033606,-0.6891730529364463,1.8926545417869172,0.00018004354926941295
50.28,-0.28672476522732604,-0.6994998492384835,1.8978336095926565,0.00018334342842400513
50.29,-0.2937720772426069,-0.709989945012041,1.902867057222347,0.00018678188188125478
50.300000000000004,-0.30092511542507583,-0.7206454280380662,1.9077503670776879,0.00019036433125961153
50.31,-0.30818554395191455,-0.7314683533921542,1.9124788872205944,0.00019409636677452665
50.32,-0.3155550473670296,-0.7424607384931279,1.9170478284635277,0.00019798374818557086
50.33,-0.3230353301784507,-0.7536245578438835,1.9214522615057579,0.000202032405260735
50.34,-0.3306281164015451,-0.7649617374515761,1.9256871141281866,0.00020624843770139476
50.35,-0.33833514904477596,-0.7764741489140917,1.9297471684604788,0.00021063811446736327
50.36,-0.34615818953460253,-0.788163603159682,1.933627058335444,0.00021520787243733838
50.370000000000005,-0.35409901707598745,-0.800031843826624,1.9373212667468727,0.00021996431433574218
50.38,-0.36215942794484624,-0.812080540269812,1.940824123428355,0.00022491420585261487
50.39,-0.3703412347086433,-0.824311280181318,1.9441298025720162,0.0002300644718787889
50.4,-0.37864626537121016,-0.8367255618121555,1.9472323207075612,0.00023542219177408852
50.410000000000004,-0.3870763624377352,-0.8493247857827829,1.9501255347635686,0.00024099459358184697
50.42,-0.3956333818957516,-0.8621102464702795,1.9528031403345683,0.00024678904709860667
50.43,-0.404319192107832,-0.875083122960638,1.95525867017912,0.0002528130557035174
50.44,-0.4131356726115861,-0.8882444695552556,1.9574854929758354,0.00025907424684775646
50.45,-0.42208471282245114,-0.9015952058214763,1.9594768123660908,0.00026558036110029595
50.46,-0.43116821063466937,-0.9151361061779599,1.9612256663140202,0.00027233923964265096
50.47,-0.4403880709157592,-0.9288677890067406,1.9627249268162879,0.0002793588101018729
50.480000000000004,-0.44974620388971076,-0.942790705285098,1.9639672999960802,0.00028664707060814797
50.49,-0.45924452340407607,-0.9569051267318204,1.9649453266177335,0.0002942120719610191
50.5,-0.4688849450760775,-0.9712111334640989,1.9656513830604203,0.0003020618977865368
50.51,-0.47866938431282957,-0.9857086011631775,1.9660776827913309,0.0003102046425667499
50.52,-0.4885997542007611,-1.0003971877490019,1.9662162783808008,0.000318648387422924
50.53,-0.4986779632593388,-1.0152763195664882,1.9660590641038298,0.00032740117353493995
50.54,-0.508905913054232,-1.030345177088673,1.9655977791744028,0.0003364709730815851
50.550000000000004,-0.5192854956651268,-1.0456026801449356,1.9648240116609241,0.00034586565759010595
50.56,-0.5298185910034933,-1.0610474726857135,1.9637292031329083,0.00035559296358852956
50.57,-0.5405070639757433,-1.0766779070986645,1.962304654090789,0.0003656604554612268
50.58,-0.5513527614873842,-1.0924920280951058,1.960541530232298,0.0003760754854170344
50.59,-0.5623575092839818,-1.108487556189758,1.9584308696102954,0.0003868451504901693
50.6,-0.5735231086250006,-1.1246618708013767,1.9559635907381527,0.00039797624650753495
50.61,-0.5848513327868884,-1.1410119930067648,1.953130501699786,0.0004094752189717683
50.620000000000005,-0.5963439233921223,-1.1575345679859248,1.9499223103221486,0.0004213481108279612
50.63,-0.6080025865613401,-1.174225847201745,1.9463296354683877,0.0004336005071035146
50.64,-0.6198289888861456,-1.1910816703636076,1.9423430195098914,0.00044623747643509774
50.65,-0.6318247532206976,-1.2080974472306543,1.9379529420350703,0.00045926350952460037
50.660000000000004,-0.6439914542907884,-1.2252681393171423,1.93314983485185,0.00047268245459737075
50.67,-0.6563306141197717,-1.2425882415693477,1.9279240983394754,0.00048649744997087676
50.68,-0.6688436972714343,-1.2600517640908053,1.9222661192032557,0.0005007108538804838
50.69,-0.6815321059107113,-1.2776522140002853,1.9161662896832852,0.0005153241717514044
50.7,-0.6943971746840242,-1.2953825775147612,1.9096150282648623,0.0005303379811518651
50.71,-0.707440165421989,-1.3132353023576786,1.9026028019342769,0.0005457518547122168
50.72,-0.7206622616682827,-1.3312022806010306,1.8951201500187473,0.0005615642813479251
50.730000000000004,-0.7340645630395819,-1.3492748320580301,1.8871577096435364,0.0005777725861810653
50.74,-0.7476480794226988,-1.3674436883514691,1.8787062428325787,0.0005943728496144184
50.75,-0.7614137250163324,-1.3856989777910722,1.8697566652712796,0.000611359826074647
50.76,-0.7753623122262224,-1.404030211201223,1.8603000767414255,0.000628726863005556
50.77,-0.7894945454239521,-1.4224262688482319,1.850327793228366,0.0006464658207583392
50.78,-0.8038110145811704,-1.4408753886237295,1.8398313806897237,0.0006645669940926835
50.79,-0.8183121887926067,-1.4593651556476808,1.8288026904628674,0.000683019036069415
50.800000000000004,-0.8329984097029197,-1.4778824934607717,1.8172338962751984,0.00070180888518109
50.81,-0.8478698848541444,-1.4964136569814004,1.8051175328069957,0.0007209216966306541
50.82,-0.8629266809722798,-1.5149442274070313,1.79244653574111,0.0007403407787284625
50.83,-0.8781687172133739,-1.5334591092430931,1.7792142832172666,0.0007600475354332221
50.84,-0.8935957583913074,-1.5519425296447447,1.7654146385911615,0.0007800214161114996
50.85,-0.9092074082113346,-1.5703780402575254,1.7510419943799942,0.000800239873631442
50.86,-0.9250031025352968,-1.5887485217419752,1.7360913172566779,0.0008206783319375711
50.870000000000005,-0.9409821027062639,-1.6070361911645672,1.7205581939348276,0.0008413101642733462
50.88,-0.9571434889621595,-1.6252226124325846,1.7044388777658814,0.0008621066832247073
50.89,-0.9734861539696692,-1.6432887099437221,1.6877303358485654,0.000883037143749028
50.9,-0.9900087965113968,-1.6612147856120403,1.6704302964295448,0.0009040687603284476
50.910000000000004,-1.0067099153607928,-1.6789805394203234,1.652537296352769,0.0009251667393422024
50.92,-1.0235878033808108,-1.6965650936347503,1.6340507282939527,0.0009462943276882035
50.93,-1.040640541883527,-1.7139470208010057,1.6149708874961595,0.0009674128785982529
50.94,-1.0578659952890517,-1.7311043756214566,1.5952990177028368,0.0009884819354826278
50.95,-1.0752618061229504,-1.7480147307907627,1.5750373559662743,0.0010094593345078519
50.96,-1.0928253903920433,-1.7646552168422986,1.554189175992631,0.0010303013264556667
50.97,-1.1105539333788363,-1.7810025660300657,1.5327588296698005,0.0010509627182317426
50.980000000000004,-1.1284443858949413,-1.7970331602404854,1.510751786411818,0.0010713970341900327
50.99,-1.146493461033616,-1.8127230828957148,1.488174669943643,0.0010915566972138301
51.0,-1.164697631461005,-1.8280481747751258,1.465035292143359,0.0011113932292496635
51.01,-1.1830531272847427,-1.842984093644595,1.4413426835554803,0.001130857470727107
51.02,-1.201555934537284,-1.857506377544571,1.4171071201894878,0.0011498998180194792
51.03,-1.2202017943096375,-1.871590511547897,1.3923401462222662,0.0011684704778112671
51.04,-1.2389862025690872,-1.8852119977574864,1.3670545922320496,0.0011865197369417282
51.050000000000004,-1.257904410691975,-1.8983464282726759,1.3412645886050467,0.0012039982459956119
51.06,-1.276951426739708,-1.9109695608119126,1.3149855737742928,0.0012208573146168422
51.07,-1.2961220175028194,-1.9230573966389675,1.2882342969735725,0.0012370492162349922
51.08,-1.315410711334192,-1.9345862604006985,1.2610288152175235,0.0012525274996235904
51.09,-1.334811801788444,-1.945532881447138,1.2333884842522362,0.0012672473044603016
51.1,-1.3543193520800072,-1.9558744761700118,1.2053339432586667,0.0012811656778383663
51.11,-1.373927200367631,-1.9655888308643432,1.176887093133793,0.0012942418884921815
51.120000000000005,-1.3936289658679495,-1.974654384590205,1.1480710682213382,0.0013064377353541885
51.13,-1.4134180557953988,-1.983050311488559,1.1189102014146775,0.0013177178469606396
51.14,-1.4332876731202198,-1.9907566019870553,1.0894299826087248,0.0013280499681750319
51.15,-1.4532308251305686,-1.997754142319156,1.0596570105346086,0.001337405230704288
51.160000000000004,-1.4732403327789563,-2.004024791773476,1.029618938070096,0.0013457584039471965
51.17,-1.4933088407874018,-2.0095514570901556,0.999344411179305,0.0013530881228386716
51.18,-1.5134288284798758,-2.0143181634276828,0.9688630016964359,0.0013593770895379022
51.19,-1.5335926213049111,-2.0183101213370493,0.9382051342292221,0.00136461224605252
51.2,-1.55379240300572,-2.0215137892005024,0.9074020075176542,0.001368784915191989
51.21,-1.5740202283898603,-2.0239169306194107,0.8764855106413862,0.001371890907597891
51.22,-1.5942680366455035,-2.0255086662696966,0.8454881345241836,0.0013739305930015862
51.230000000000004,-1.6145276651467375,-2.0262795197836128,0.8144428792349482,0.001374908934304035
51.24,-1.6347908636861532,-2.0262214572629196,0.783383157631428,0.001374835483550718
51.25,-1.6550493090692655,-2.0253279200802297,0.7523426959339043,0.0013737243393781864
51.26,-1.6752946200021703,-2.0235938506817512,0.7213554318512573,0.0013715940660275815
51.27,-1.6955183722012659,-2.0210157111651585,0.6904554109102319,0.001368467574544855
51.28,-1.715712113651924,-2.0175914944700155,0.659676681659972,0.001364371967306841
51.29,-1.7358673799416984,-2.0133207280841674,0.6290531904375719,0.0013593383475159824
51.300000000000004,-1.755975709593026,-2.0082044702368624,0.5986186763862832,0.001353401595784683
51.31,-1.776028659320426,-2.0022452986171158,0.5684065674159816,0.0013466001163729888
51.32,-1.796017819137921,-1.9954472917229598,0.5384498777855882,0.0013389755560418515
51.33,-1.8159348272437925,-1.9878160030128273,0.508781107969504,0.0013305724988308754
51.34,-1.8357713846118104,-1.9793584280934073,0.479432147445068,0.0013214381403579196
51.35,-1.8555192692207276,-1.9700829652380423,0.4504341810060008,0.001311621945462763
51.36,-1.8751703498570436,-1.9599993695852875,0.4218175991683076,0.001301175293175289
51.370000000000005,-1.8947165994298043,-1.949118701417897,0.3936119131908114,0.0012901511130782592
51.38,-1.9141501077404326,-1.9374532689676176,0.3658456751831227,0.0012786035171553618
51.39,-1.933463093655239,-1.9250165662302512,0.3385464037202159,0.0012665874311687138
51.4,-1.952647916633278,-1.9118232063080818,0.3117405153257387,0.0012541582294989
51.410000000000004,-1.9716970875675193,-1.8978888508226925,0.2854532621266181,0.0012413713772093738
51.42,-1.9906032789028352,-1.883230135960267,0.25970867592034114,0.0012282820828713973
51.43,-2.009359333999993,-1.8678645957236453,0.2345295188343919,0.0012149449654119198
51.44,-2.027958275720616,-1.8518105829707894,0.20993724069557926,0.0012014137379323044
51.45,-2.046393314213877,-1.8350871888180997,0.18595194316623853,0.001187740911098679
51.46,-2.0646578538914273,-1.8177141609795113,0.16259235064531175,0.0011739775183330801
51.47,-2.0827454995827317,-1.7997118215988903,0.13987578787581942,0.0011601728646466617
51.480000000000004,-2.1006500618684436,-1.7811009851144108,0.11781816414687188,0.0011463743005603417
51.49,-2.1183655615947425,-1.7619028766698475,0.0964339639286775,0.0011326270221625053
51.5,-2.135886233576561,-1.7421390515596613,0.07573624373345234,0.0011189738979644538
51.51,-2.1532065295023397,-1.7218313161630063,0.05573663495408544,0.0011054553228396317
51.52,-2.170321120057336,-1.7010016507869585,0.03644535239613736,0.0010921090989777478
51.53,-2.187224896286522,-1.6796721348020434,0.017871208187425734,0.00107897034345457
51.54,-2.2039129702217495,-1.6578648744141244,2.1630723167447713e-05,0.0010660714217172837
51.550000000000004,-2.2203806748011004,-1.6356019333765501,-0.017097311716593813,0.00105344190601617
51.56,-2.2366235631111704,-1.6129052669057273,-0.03348088305681819,0.001041108557578844
51.57,-2.252637406985473,-1.5897966590225574,-0.04912564761555206,0.0010290953311243006
51.58,-2.268418194994159,-1.566297663501945,-0.0640294347880898,0.0010174234001512823
51.59,-2.2839621298618873,-1.5424295485733364,-0.07819130062752246,0.0010061112013086619
51.6,-2.299265625351904,-1.518213245477375,-0.09161148672040831,0.0009951744960634288
51.61,-2.3143253026552775,-1.4936693009476285,-0.10429137675101482,0.000984626447823018
51.620000000000005,-2.329137986324727,-1.4688178336522493,-0.11623345113894486,0.0009744777126410615
51.63,-2.3437006997927003,-1.4436784945986096,-0.12744124012335092,0.000964736541636564
51.64,-2.3580106605132087,-1.4182704314746042,-0.1379192756527474,0.0009554088932831136
51.65,-2.3720652747665505,-1.3926122568735564,-0.14767304242303833,0.0009464985537742968
51.660000000000004,-2.385862132165389,-1.366722020325596,-0.1567089283881711,0.0009380072637406042
51.67,-2.3993989998997725,-1.3406171840370225,-0.1650341750481702,0.0009299348496788045
51.68,-2.412673816757612,-1.3143146022205365,-0.1726568277985584,0.0009222793585537679
51.69,-2.42568468695586,-1.287830503883267,-0.17958568660366184,0.0009150371941423329
51.7,-2.438429873816258,-1.2611804789261625,-0.18583025723433372,0.0009082032538058891
51.71,-2.4509077933179824,-1.234379467397473,-0.19140070328849812,0.0009017710645002994
51.72,-2.4631170075579063,-1.2074417517345712,-0.1963077991908668,0.0008957329169564012
51.730000000000004,-2.475056218147509,-1.1803809518221378,-0.20056288434644406,0.0008900799970892872
51.74,-2.4867242595737142,-1.1532100226905864,-0.20417781860120426,0.0008848025138179334
51.75,-2.498120092549173,-1.125941254676376,-0.2071649391427743,0.000879889822596854
51.76,-2.5092427973757117,-1.0985862758653853,-0.2095370189542198,0.0008753305440773218
51.77,-2.52009156734289,-1.0711560566416105,-0.2113072269152338,0.000871112677425478
51.78,-2.530665702181838,-1.0436609161659625,-0.21248908962725319,0.0008672237079282052
51.79,-2.540964601592819,-1.0161105306136504,-0.21309645502234553,0.0008636507086137792
51.800000000000004,-2.550987758863258,-0.988513943003453,-0.21314345780016514,0.0008603804357028259
51.81,-2.5607347545913535,-0.9608795744578664,-0.21264448672289968,0.0008573994177858323
51.82,-2.5702052505287933,-0.9332152367395865,-0.2116141537849249,0.0008546940386958297
51.83,-2.579398983554604,-0.9055281459168486,-0.21006726526185251,0.000852250614109588
51.84,-2.588315759790708,-0.8778249370177083,-0.20801879463277403,0.000850055461967268
51.85,-2.5969554488684174,-0.8501116795412593,-0.2054838573597436,0.0008480949668496542
51.86,-2.6053179783538045,-0.8223938937019548,-0.20247768749986517,0.0008463556384939462
51.870000000000005,-2.6134033283386944,-0.794676567291514,-0.1990156161177082,0.00084482416466414
51.88,-2.621211526202918,-0.7669641730512802,-0.19511305145911761,0.0008434874586206274
51.89,-2.6287426415524227,-0.739260686456258,-0.19078546084175194,0.0008423327014563998
51.9,-2.635996781336905,-0.7115696038203401,-0.18604835421281696,0.0008413473795845194
51.910000000000004,-2.64297408514975,-0.6838939606403669,-0.1809172693203988,0.0008405193176738971
51.92,-2.649674720712297,-0.6562363501046077,-0.17540775844147619,0.0008398367073383394
51.93,-2.6560988795437277,-0.6285989416989575,-0.1695353766070429,0.0008392881318878745
51.94,-2.6622467728172574,-0.6009834998515808,-0.16331567126273608,0.0008388625874519442
51.95,-2.668118627402742,-0.5733914025638749,-0.15676417330187925,0.0008385495007815571
51.96,-2.6737146820953384,-0.5458236599824482,-0.149896389406855,0.0008383387440324867
51.97,-2.6790351840294218,-0.518280932873302,-0.14272779563415852,0.0008382206468243436
51.980000000000004,-2.6840803852766193,-0.49076355096555174,-0.13527383217829766,0.0008381860058613476
51.99,-2.688850539626514,-0.4632715311378256,-0.12754989924984417,0.0008382260923900046
52.0,-2.693345899548335,-0.4358045954259307,-0.11957135400335306,0.0008383326577571352
52.01,-2.6975667133317587,-0.40836218883548,-0.11135350845150946,0.0008384979373190126
52.02,-2.7015132224048153,-0.3809434969479324,-0.10291162830268698,0.0008387146529389462
52.03,-2.7051856588267866,-0.3535474633129204,-0.09426093266007195,0.0008389760142967298
52.04,-2.7085842429539473,-0.3261728066238298,-0.0854165945215842,0.0008392757192191246
52.050000000000004,-2.711709181275979,-0.2988180376773677,-0.07639374202097353,0.0008396079532261217
52.06,-2.714560664420916,-0.27148147612131446,-0.06720746035166072,0.0008399673884732333
52.07,-2.7171388653265387,-0.2441612669978156,-0.057872794316093934,0.000840349182255626
52.08,-2.7194439375762194,-0.2168553970924409,-0.04840475144457879,0.0008407489752255314
52.09,-2.7214760138973406,-0.18956171110183237,-0.03881830562869223,0.0008411628894601893
52.1,-2.723235204820543,-0.16227792763508975,-0.029128401215482554,0.0008415875265036387
52.11,-2.72472159749823,-0.13500165506611198,-0.01934995750967498,0.0008420199654918579
52.120000000000005,-2.7259352546809255,-0.10773040725593788,-0.009497873632024879,0.0008424577614572532
52.13,-2.7268762138502933,-0.0804616191657143,0.0004129663172228841,0.0008428989438951805
52.14,-2.7275444865078295,-0.053192662382275775,0.010367687840114366,0.0008433420156620641
52.15,-2.7279400576184694,-0.02592086057945269,0.020351420417786932,0.0008437859522617607
52.160000000000004,-2.728062885208585,0.001356495060860951,0.03034929173164367,0.0008442302015640197
52.17,-2.727912900118098,0.028642130443146983,0.04034642177797591,0.0008446746839861882
52.18,-2.7274900059066725,0.0559387731429855,0.050327916924980134,0.0008451197931566925
52.19,-2.7267940789142155,0.08324913695655338,0.06027886396114312,0.0008455663970661693
52.2,-2.725824968476169,0.11057590638931787,0.07018432418415523,0.0008460158396994523
52.21,-2.724582497294319,0.13792172105848,0.0800293275798561,0.0008464699431288127
52.22,-2.7230664619641227,0.1652891599840705,0.08979886714121994,0.0008469310100359269
52.230000000000004,-2.7212766336597793,0.1926807257441666,0.0994778933780452,0.0008474018266168768
52.24,-2.7192127589785287,0.2200988284704844,0.1090513090688233,0.0008478856658110718
52.25,-2.716874560945888,0.24754576966161995,0.11850396430721541,0.0008483862907813007
52.26,-2.7142617401837588,0.27502372579246576,0.12782065189665942,0.0008489079585580618
52.27,-2.7113739762435394,0.30253473169983325,0.13698610314784937,0.0008494554237469125
52.28,-2.7082109291065803,0.33008066372607264,0.1459849841351675,0.0008500339421827984
52.29,-2.70477224085448,0.35766322260451383,0.15480189246958828,0.0008506492744001299
52.300000000000004,-2.701057537511877,0.38528391607286777,0.1634213546471004,0.0008513076887718382
52.31,-2.697066431064514,0.4129440412033414,0.17182782403328647,0.000852015964154682
52.32,-2.6927985216554564,0.4406446664411436,0.18000567954634106,0.0008527813918618419
52.33,-2.688253399962405,0.46838661334631254,0.18793922510246938,0.0008536117767673523
52.34,-2.683430649759079,0.4961704380373874,0.1956126898892681,0.0008545154373301576
52.35,-2.67832985066365,0.5239964123393966,0.20301022953431103,0.0008555012043088826
52.36,-2.6729505810771426,0.5518645046429561,0.2101159282377165,0.0008565784179216662
52.370000000000005,-2.6672924213146465,0.5797743604859733,0.21691380193892085,0.0008577569231888772
52.38,-2.66135495693203,0.6077252828745534,0.2233878025891822,0.00085904706318053
52.39,-2.655137782250658,0.6357162123652088,0.2295218236024475,0.0008604596698747341
52.4,-2.64864050408237,0.6637457069363932,0.23529970655808446,0.0008620060523190413
52.410000000000004,-2.641862745656652,0.6918119216837201,0.24070524922955575,0.0008636979817732112
52.42,-2.6348041507515725,0.7199125883799834,0.24572221501333943,0.0008655476735001967
52.43,-2.6274643880295945,0.7480449949482777,0.2503343438322187,0.0008675677648624235
52.44,-2.6198431555788617,0.7762059649041002,0.2545253645864089,0.0008697712893729016
52.45,-2.6119401856599564,0.8043918368303044,0.2582790092247962,0.0008721716463461808
52.46,-2.603755249657446,0.8325984439571368,0.2615790285067575,0.0008747825657929261
52.47,-2.5952881632347693,0.8608210939283049,0.2644092095225457,0.0008776180682044287
52.480000000000004,-2.5865387916901623,0.8890545488430516,0.26675339503697754,0.0008806924188804357
52.49,-2.5775070555103734,0.9172930056735199,0.2685955047170841,0.0008840200764658046
52.5,-2.5681929361178777,0.9455300771662096,0.2699195582993922,0.0008876156353791243
52.51,-2.5585964818061675,0.9737587733460078,0.2707097007465275,0.0008914937618404377
52.52,-2.548717813856461,1.0019714837510318,0.27095022943578895,0.0008956691232361077
52.53,-2.5385571328278336,1.0301599605362715,0.2706256234141687,0.0009001563105971143
52.54,-2.5281147250113625,1.0583153025936578,0.2697205747449142,0.0009049697540134429
52.550000000000004,-2.5173909690373346,1.0864279408456061,0.2682200219600893,0.0009101236308623589
52.56,-2.5063863426229633,1.114487624878153,0.26610918562163416,0.0009156317667920485
52.57,-2.4951014294463536,1.1424834110883868,0.2633736059801085,0.0009215075294757339
52.58,-2.4835369261306606,1.170403652528821,0.2599991827056002,0.000927763715234357
52.59,-2.471693649320534,1.19823599063849,0.2559722166491709,0.0009344124287185142
52.6,-2.459572542831002,1.2259673490567007,0.2512794535757017,0.0009414649559431026
52.61,-2.4471746848469706,1.2535839297203548,0.24590812979010906,0.0009489316310797366
52.620000000000005,-2.4345012951494795,1.281071211449359,0.23984601955867604,0.0009568216975331266
52.63,-2.421553742342803,1.3084139512266777,0.23308148420574773,0.0009651431639566157
52.64,-2.408333551054416,1.335596188379826,0.2256035227433778,0.0009739026559983021
52.65,-2.3948424090777825,1.3626012518688482,0.21740182386780538,0.0009831052647117948
52.660000000000004,-2.381082174425889,1.3894117708818747,0.20846681913204915,0.0009927543927119855
52.67,-2.367054882261473,1.4160096889329745,0.19878973707862208,0.001002851599305295
52.68,-2.3527627516679823,1.4423762816480503,0.18836265809061775,0.001013396445973091
52.69,-2.338208192223501,1.4684921784127645,0.17717856969346552,0.0010243863437335112
52.7,-2.3233938103382203,1.4943373880417852,0.16523142201378843,0.0010358164040481204
52.71,-2.3083224153145103,1.5198913286108664,0.15251618307636208,0.001047679295072575
52.72,-2.2929970250873426,1.5451328615723317,0.13902889359552556,0.001059965105170733
52.730000000000004,-2.2774208716017315,1.5700403302503427,0.12476672089393503,0.0010726612157164056
52.74,-2.2615974057830233,1.5945916027849019,0.10972801155969858,0.0010857521852921767
52.75,-2.245530302055327,1.6187641195628757,0.09391234243313071,0.001099219647455862
52.76,-2.2292234623631684,1.6425349451405349,0.07732056949707897,0.001113042224279554
52.77,-2.2126810196515767,1.66588082462533,0.05995487423047217,0.0011271954578689952
52.78,-2.1959073407603427,1.6887782444450707,0.041818806973891134,0.0011416517620392056
52.79,-2.1789070286891,1.7112034973906356,0.022917326849032294,0.0011563803962526637
52.800000000000004,-2.1616849241912575,1.733132751774159,0.0032568377713658343,0.0011713474638161232
52.81,-2.144246106656595,1.7545421244987356,-0.0171547799024994,0.0011865159361794584
52.82,-2.126595894244638,1.775407757788556,-0.03830814254386786,0.0012018457049831981
52.83,-2.1087398432336486,1.7957058992805797,-0.060192341675708055,0.0012172936632606664
52.84,-2.0906837465533217,1.8154129851309921,-0.08279492807080566,0.001232813816916109
52.85,-2.0724336314729603,1.8345057257424593,-0.10610190191952353,0.0012483574272735415
52.86,-2.0539957564210933,1.8529611936722827,-0.13009770943185708,0.0012638731851254068
52.870000000000005,-2.0353766069171018,1.8707569132377586,-0.15476524620193774,0.001279307416309198
52.88,-2.016582890600477,1.8878709512940979,-0.18008586762068687,0.001294604318409262
52.89,-1.997621531348763,1.9042820086229848,-0.20603940657417172,0.0013097062277265365
52.9,-1.9784996624810278,1.9199695113369917,-0.23260419861169307,0.001324553915188336
52.910000000000004,-1.9592246190497926,1.9349137016773912,-0.2597571147091913,0.0013390869093920007
52.92,-1.9398039292306954,1.94909572756112,-0.28747360169075387,0.0013532438444994626
52.93,-1.9202453048256813,1.9624977302173872,-0.3157277303045243,0.0013669628302345328
52.94,-1.9005566309021595,1.9751029292462552,-0.34449225087992474,0.0013801818407912646
52.95,-1.8807459545972522,1.9868957044309306,-0.37373865642169835,0.0013928391190504556
52.96,-1.8608214731229098,1.9978616736428099,-0.4034372529237982,0.0014048735921323753
52.97,-1.8407915210142114,2.0079877661938044,-0.43355723661363366,0.0014162252939971369
52.980000000000004,-1.820664556669509,2.017262291014158,-0.4640667777656908,0.001426835790548696
52.99,-1.8004491482371379,2.025674999065865,-0.49493311065417106,0.0014366486025118087
53.0,-1.7801539589091273,2.0332171394416294,-0.5261226291481367,0.0014456096212406109
53.01,-1.7597877316876096,2.0398815086467805,-0.5576009873907859,0.0014536675125873498
53.02,-1.7393592736943861,2.045662492616095,-0.5893332049479377,0.001460774104013068
53.03,-1.718877440098291,2.0505561010784645,-0.621283775760538,0.0014668847502606482
53.04,-1.6983511177385324,2.05455999394898,-0.6534167801928809,0.0014719586731328509
53.050000000000004,-1.6777892085250468,2.0576734994993595,-0.6856959994330142,0.0014759592712213713
53.06,-1.6572006126990113,2.059897624132743,-0.7180850314750921,0.0014788543958122072
53.07,-1.6365942120380221,2.061235053666577,-0.7505474078957209,0.0014806165896406685
53.08,-1.615978853091008,2.0616901461065167,-0.7830467106279295,0.0014812232856778879
53.09,-1.5953633305277213,2.061268915973764,-0.8155466879374201,0.0014806569636887795
53.1,-1.5747563706866345,2.059979010326845,-0.8480113688162073,0.001478905262897885
53.11,-1.5541666154032703,2.057829676695377,-0.8804051750284121,0.001475961049722006
53.120000000000005,-1.5336026061984518,2.054831723216706,-0.9126930300715045,0.0014718224401638394
53.13,-1.5130727689026993,2.0509974713353922,-0.9448404643531436,0.0014664927770956817
53.14,-1.4925853987890774,2.0463407014893984,-0.976813715928297,0.0014599805632840327
53.15,-1.4721486462822606,2.040876592264647,-1.0085798261927383,0.0014522993516019136
53.160000000000004,-1.4517705033065127,2.0346216535506145,-1.0401067299864335,0.0014434675944344124
53.17,-1.4314587903297182,2.027593654273252,-1.0713633396227444,0.0014335084547941897
53.18,-1.4112211441546612,2.0198115453173004,-1.1023196224257699,0.0014224495821183842
53.19,-1.391065006502477,2.0112953782777376,-1.1329466714274274,0.0014103228561094625
53.2,-1.3709976134267037,2.0020662206994873,-1.1632167689469604,0.0013971641023044895
53.21,-1.3510259855897035,1.992146068475686,-1.1931034428473557,0.0013830127833064658
53.22,-1.3311569194265032,1.9815577560778745,-1.2225815153346298,0.0013679116697860234
53.230000000000004,-1.3113969792143814,1.9703248652867544,-1.2516271442360762,0.001351906495462166
53.24,-1.2917524900599042,1.9584716330800507,-1.280217856761465,0.0013350456002982451
53.25,-1.2722295318086294,1.946022859315052,-1.3083325758159696,0.001317379566107649
53.26,-1.2528339338764487,1.9330038148181798,-1.3359516389945607,0.0012989608486575844
53.27,-1.2335712709955609,1.9194401504631444,-1.3630568104440923,0.001279843410194151
53.28,-1.214446859862431,1.9053578077836053,-1.3896312858307982,0.0012600823560950144
53.29,-1.1954657566698226,1.8907829316265548,-1.4156596906970103,0.001239733579094886
53.300000000000004,-1.1766327555001437,1.8757417853096432,-1.4411280725313231,0.001218853414230895
53.31,-1.1579523875529403,1.8602606687001837,-1.4660238869109636,0.0011974983073288238
53.32,-1.1394289211754278,1.844365839586352,-1.4903359781037357,0.0011757244995047036
53.33,-1.121066362661485,1.828083438662908,-1.5140545545396151,0.0011535877297971036
53.34,-1.1028684577815584,1.8114394184052833,-1.5371711595789987,0.0011311429576815976
53.35,-1.0848386940034231,1.794459476057784,-1.559678638015969,0.0011084441068566655
53.36,-1.066980303361727,1.7771689909145185,-1.5815710987609979,0.0010855438313363518
53.370000000000005,-1.0492962659326894,1.7595929660260234,-1.602843874148617,0.0010624933045447467
53.38,-1.0317893138692182,1.7417559744208821,-1.623493476312117,0.0010393420317852786
53.39,-1.014461935951015,1.7236821098902866,-1.6435175510597022,0.0010161376861578468
53.4,-0.997316382603969,1.7053949423448351,-1.6629148296752052,0.0009929259677222287
53.410000000000004,-0.9803546713432184,1.6869174777170937,-1.6816850790518645,0.0009697504854588206
53.42,-0.9635785925946885,1.6682721223508006,-1.6998290505503026,0.0009466526613590397
53.43,-0.9469897158506647,1.649480651788151,-1.7173484279521307,0.0009236716557888371
53.44,-0.9305893961159691,1.630564183840438,-1.7342457748590239,0.0009008443131089648
53.45,-0.9143787806025792,1.611543155804453,-1.7505244818640704,0.0008782051264052736
53.46,-0.8983588156320007,1.5924373056674137,-1.766188713798121,0.000855786220079788
53.47,-0.8825302537063681,1.5732656571267223,-1.7812433573291129,0.0008336173489771837
53.480000000000004,-0.8668936607110462,1.5540465082374324,-1.7956939691672786,0.0008117259126705322
53.49,-0.8514494232134404,1.5347974234897723,-1.8095467251040802,0.0007901369835018512
53.5,-0.8361977558247337,1.5155352291112758,-1.822808370087917,0.0007688733469654711
53.51,-0.8211387085933561,1.496276011382807,-1.8354861695153826,0.0007479555530334129
53.52,-0.8062721744011149,1.4770351177548355,-1.8475878618933135,0.0007274019770490288
53.53,-0.7915978963350527,1.4578271605495146,-1.8591216130042407,0.0007072288888561001
53.54,-0.777115475010248,1.438666023035226,-1.8700959716862893,0.0006874505288832916
53.550000000000004,-0.7628243758208847,1.419564867663056,-1.8805198273181682,0.0006680791899658856
53.56,-0.74872393609901,1.4005361462589576,-1.8904023690807508,0.0006491253037561486
53.57,-0.7348133721624307,1.3815916119709328,-1.8997530470489183,0.0006305975306487572
53.58,-0.7210917862351737,1.3627423327772177,-1.90858153515087,0.0006125028522264898
53.59,-0.7075581732258404,1.3439987063690197,-1.9168976960169928,0.0005948466653124794
53.6,-0.6942114273510066,1.3253704762296314,-1.9247115477266534,0.0005776328767972497
53.61,-0.681050348592559,1.3068667487405932,-1.9320332324488783,0.0005608639984903792
53.620000000000005,-0.6680736489795053,1.2884960111548318,-1.938872986961815,0.0005445412413268675
53.63,-0.65527995868635,1.2702661502862405,-1.9452411150260618,0.0005286646083362169
53.64,-0.6426678319415827,1.252184471774854,-1.951147961578359,0.0005132329858573625
53.65,-0.6302357527411867,1.2342577197965134,-1.9566038887047106,0.0004982442325539997
53.660000000000004,-0.617982140363339,1.2164920970956046,-1.9616192533456576,0.0004836952658523997
53.67,-0.605905354681637,1.1988932852290173,-1.9662043866811043,0.0004695821454870817
53.68,-0.594003701275261,1.1814664649188285,-1.9703695751377317,0.0004559001538984545
53.69,-0.5822754363354585,1.1642163364203115,-1.9741250429585322,0.000442643873280643
53.7,-0.5707187713686283,1.147147139820663,-1.9774809362713122,0.0004298072591272588
53.71,-0.5593318776970839,1.130262675192272,-1.9804473085910428,0.000417383710167764
53.72,-0.5481128907593,1.1135663225324182,-1.9830341076896436,0.00040536613462743945
53.730000000000004,-0.5370599142120829,1.097061061428934,-1.985251163766073,0.0003937470127800049
53.74,-0.5261710238376804,1.0807494903986021,-1.9871081788494167,0.00038251845579377196
53.75,-0.5154442712593406,1.0646338458518616,-1.9886147173679534,0.0003716722609000892
53.76,-0.5048776874692598,1.0487160206437676,-1.9897801978178653,0.0003611999629368983
53.77,-0.49446928617323566,1.0329975821770878,-1.990613885466303,0.0003510928823408752
53.78,-0.4842170669566496,1.017479790028929,-1.9911248860248612,0.0003413421696790112
53.79,-0.47411901827666486,1.0021636130773763,-1.9913221402311174,0.00033193884682485063
53.800000000000004,-0.46417312028573887,0.9870497461093135,-1.9912144192776933,0.00032287384489625555
53.81,-0.45437734749171355,0.9721386258948765,-1.990810321030281,0.0003141380390807856
53.82,-0.444729671259874,0.9574304467179027,-1.9901182669781898,0.000305722280481716
53.83,-0.43522806216245336,0.9429251753552814,-1.9891464998631858,0.00029761742512266685
53.84,-0.4258704921811173,0.9286225655013135,-1.987903081934691,0.00028981436025203025
53.85,-0.4166549367679851,0.9145221716360578,-1.9863958937817474,0.000282304028089999
53.86,-0.4075793767707422,0.9006233623392109,-1.9846326336945197,0.00027507744716129083
53.870000000000005,-0.39864180022737067,0.8869253330533423,-1.9826208175104791,0.0002681257313557563
53.88,-0.3898402040359775,0.8734271183023125,-1.9803677789027745,0.0002614401068571453
53.89,-0.3811725955051318,0.8601276033724617,-1.9778806700706266,0.00025501192707757706
53.9,-0.37263699379003834,0.8470255354656777,-1.975166462793881,0.00024883268573178813
53.910000000000004,-0.36423143121977913,0.8341195343347596,-1.9722319498160943,0.00024289402818119263
53.92,-0.3559539545207411,0.8214081024126102,-1.969083746522719,0.00023718776117330739
53.93,-0.34780262594123185,0.8088896344477148,-1.965728292883068,0.00023170586109723097
53.94,-0.3397755242821543,0.7965624266591333,-1.962171855626792,0.00022644048087075243
53.95,-0.33187074583847603,0.7844246854248463,-1.9584205306275706,0.0002213839555693426
53.96,-0.32408640525608934,0.7724745355177741,-1.9544802454686154,0.000216528806901893
53.97,-0.31642063630851136,0.7607100279041452,-1.9503567621663906,0.000211867746632566
53.980000000000004,-0.30887159259772673,0.7491291471191364,-1.9460556800306867,0.00020739367904265
53.99,-0.3014374481833249,0.7377298182348533,-1.9415824386408274,0.00020309970252090737
54.0,-0.29411639814393276,0.7265099134357813,-1.9369423209193528,0.00019897911036553982
54.01,-0.28690665907479246,0.715467258216818,-1.932140456285999,0.00019502539087567542
54.02,-0.27980646952518323,0.7045996372189125,-1.9271818238761942,0.00019123222680518946
54.03,-0.2728140903792369,0.6939047997171922,-1.9220712558096096,0.00018759349424675046
54.04,-0.26592780518354814,0.6833804647762585,-1.9168134404955441,0.000184103261009224
54.050000000000004,-0.2591459204248361,0.6730243260870926,-1.9114129259630892,0.00018075578454702804
54.06,-0.25246676576076926,0.6628340564997317,-1.9058741232051106,0.00017754550949566542
54.07,-0.24588869420692722,0.6528073122655633,-1.9002013095261099,0.00017446706486349067
54.08,-0.23941008228273483,0.6429417370027489,-1.8943986318849821,0.00017151526092584317
54.09,-0.23302933011907154,0.6332349653979263,-1.888470110224579,0.00016868508586393674
54.1,-0.22674486153012896,0.6236846266569636,-1.8824196407808134,0.00016597170218736042
54.11,-0.22055512405196387,0.6142883477171462,-1.876250999364818,0.0001633704429757228
54.120000000000005,-0.21445858895007208,0.6050437562327805,-1.8699678446123784,0.00016087680797184284
54.13,-0.20845375119819076,0.5959484833457871,-1.8635737211955308,0.00015848645955598127
54.14,-0.20253912943042326,0.5870001662524502,-1.8570720629918211,0.00015619521862785026
54.15,-0.19671326586867055,0.5781964505770747,-1.8504661962072928,0.00015399906042058053
54.160000000000004,-0.19097472622724848,0.5695349925628928,-1.8437593424497865,0.0001518941102684667
54.17,-0.18532209959646803,0.5610134610901543,-1.8369546217496182,0.00014987663934809415
54.18,-0.17975399830685884,0.55262953953093,-1.830055055525139,0.00014794306041039662
54.19,-0.17426905777562304,0.5443809274497585,-1.8230635694910835,0.0001460899235192996
54.2,-0.1688659363368168,0.5362653421588788,-1.8159829965079846,0.00014431391181085466
54.21,-0.16354331505667152,0.5282805201364039,-1.808816079371264,0.0001426118372851699
54.22,-0.15829989753538537,0.5204242183154197,-1.8015654735389195,0.0001409806366419407
54.230000000000004,-0.1531344096966371,0.5126942152516262,-1.7942337497970031,0.0001394173671690297
54.24,-0.1480455995660005,0.5050883121767838,-1.7868233968623404,0.0001379192026923009
54.25,-0.14303223703936624,0.49760433394488524,-1.779336823922167,0.00013648342959377363
54.26,-0.138093113642411,0.49024012987763493,-1.7717763631105643,0.00013510744290411457
54.27,-0.13322704228208887,0.4829935745155021,-1.764144271921762,0.00013378874247453972
54.28,-0.12843285699105947,0.4758625682802958,-1.756442735560539,0.00013252492923236152
54.29,-0.12370941266590907,0.4688450380549137,-1.7486738692301038,0.00013131370152360557
54.300000000000004,-0.11905558479996586,0.46193893768562716,-1.7408397203579644,0.000130152851545425
54.31,-0.11447026921145845,0.4551422484119859,-1.732942270760417,0.0001290402618704291
54.32,-0.10995238176771696,0.4484529792291597,-1.724983438746382,0.00012797390206445262
54.33,-0.1055008581060695,0.44186916718727876,-1.7169650811614086,0.00012695182539877855
54.34,-0.10111465335204207,0.4353888776320892,-1.708888995372742,0.00012597216565738318
54.35,-0.09679274183542828,0.4290102043910058,-1.700756921196422,0.00012503313403935878
54.36,-0.0925341168047554,0.42273126990841847,-1.692570542767431,0.00012413301615630683
54.370000000000005,-0.08833779014063575,0.4165502253338974,-1.684331490353964,0.00012327016912419398
54.38,-0.08420279206845727,0.41046525056673444,-1.676041342116929,0.00012244301874885812
54.39,-0.08012817087083318,0.40447455426006546,-1.6677016258158224,0.00012165005680411625
54.4,-0.07611299260019994,0.3985763737876315,-1.6593138204621483,0.00012088983840124115
54.410000000000004,-0.07215634079192212,0.39276897517605996,-1.650879357921569,0.00012016097944834616
54.42,-0.06825731617823565,0.3870506530053792,-1.6423996244659935,0.00011946215419808413
54.43,-0.0644150364033339,0.38141973028031906,-1.6338759622768144,0.00011879209288195366
54.44,-0.060628635739876924,0.37587455827479843,-1.6253096709005124,0.00011814957942936886
54.45,-0.0568972648071803,0.3704135163518566,-1.6167020086578465,0.00011753344926954312
54.46,-0.0532200902913186,0.3650350117611479,-1.6080541940078494,0.0001169425872142272
54.47,-0.04959629466735778,0.35973747941598894,-1.5993674068678336,0.00011637592541921937
54.480000000000004,-0.046025075923911474,0.3545193816518258,-1.5906427898906164,0.00011583244142255664
54.49,-0.04250564729019818,0.3493792079678698,-1.5818814497001494,0.00011531115625726775
54.5,-0.03903723696575938,0.34431547475354257,-1.5730844580867356,0.00011481113263653345
54.51,-0.035619087852982734,0.33932672500126404,-1.5642528531629905,0.00011433147320911072
54.52,-0.032250457292559646,0.33441152800702034,-1.5553876404816989,0.0001138713188828514
54.53,-0.028930616801992607,0.3295684790600534,-1.546489794116691,0.0001134298472142001
54.54,-0.025658851817254802,0.3247961991229265,-1.5375602577078467,0.00011300627086151905
54.550000000000004,-0.022434461437692243,0.3200933345031374,-1.5285999454713142,0.00011259983610014795
54.56,-0.019256758174247476,0.3154585565173696,-1.519609743176011,0.00011220982139711192
54.57,-0.016125067701073297,0.31089056114940056,-1.5105905090874483,0.0001118355360434413
54.58,-0.013038728610595117,0.30638806870261437,-1.5015430748799004,0.00011147631884208478
54.59,-0.009997092172071509,0.3019498234479999,-1.4924682465179167,0.00011113153684944122
54.6,-0.006999522093693877,0.2975745932684544,-1.48336680510815,0.00011080058416858626
54.61,-0.004045394288258385,0.29326116930015267,-1.4742395077224526,0.00011048288079229563
54.620000000000005,-0.001134096642435899,0.28900836557168774,-1.465087088193163,0.00011017787149403042
54.63,0.0017349712103410767,0.2848150186416366,-1.4559102578814915,0.00010988502476508933
54.64,0.004562398113361787,0.28067998723515525,-1.446709706419877,0.00010960383179616894
54.65,0.007348761606484052,0.27660215188016224,-1.4374861024291752,0.00010933380550164679
54.660000000000004,0.010094628142343047,0.27258041454362625,-1.4282400942115046,0.00010907447958492461
54.67,0.012800553298925462,0.2686136982684326,-1.4189723104195633,0.00010882540764323928
54.68,0.015467081988517064,0.26470094681126605,-1.409683360703196,0.00010858616231038419
54.69,0.018094748663035856,0.26084112428191036,-1.4003738363339775,0.00010835633443583145
54.7,0.020684077515766855,0.2570332147843337,-1.391044310808549,0.0001081355322988254
54.71,0.02323558267951807,0.2532762220598952,-1.381695340431426,0.0001079233808560138
54.72,0.025749768421220454,0.24956916913297952,-1.372327464877972,0.00010771952102126814
54.730000000000004,0.02822712933299748,0.24591109795934007,-1.3629412077382133,0.00010752360897637858
54.74,0.03066815051973282,0.24230106907740284,-1.3535370770421482,0.00010733531551137845
54.75,0.03307330778316677,0.23873816126276157,-1.3441155657671806,0.00010715432539325284
54.76,0.03544306780255448,0.23522147118607029,-1.3346771523282936,0.00010698033676185341
54.77,0.03777788831192091,0.23175011307451965,-1.3252223010515554,0.00010681306055191882
54.78,0.040078218273949084,0.22832321837706268,-1.315751462631529,0.00010665221994007793
54.79,0.04234449805054009,0.22493993543353805,-1.3062650745731452,0.00010649754981579675
54.800000000000004,0.044577159570084214,0.22159942914782121,-1.296763561618572,0.00010634879627526421
54.81,0.046776626491484355,0.21830088066511813,-1.2872473361596022,0.00010620571613725099
54.82,0.04894331436497338,0.21504348705350143,-1.2777167986360598,0.00010606807647999347
54.83,0.05107763078976849,0.21182646098977467,-1.2681723379207126,0.00010593565419821147
54.84,0.053179975568606194,0.20864903044973812,-1.258614331691158,0.00010580823557942152
54.85,0.05525074085920212,0.20551043840291666,-1.2490431467891363,0.0001056856158986834
54.86,0.05729031132268072,0.2024099425118004,-1.2394591395677104,0.0001055675990310145
54.870000000000005,0.05929906426902008,0.19934681483563696,-1.2298626562267327,0.00010545399708070468
54.88,0.061277369799557536,0.1963203415388065,-1.2202540331370109,0.0001053446300267927
54.89,0.06322559094660203,0.1933298226038,-1.2106335971535638,0.00010523932538402086
54.9,0.06514408381019937,0.1903745715488144,-1.2010016659183518,0.00010513791787858631
54.910000000000004,0.06703319769209651,0.18745391514997042,-1.1913585481528468,0.00010504024913804324
54.92,0.06889327522695113,0.1845671931681514,-1.1817045439407994,0.00010494616739475383
54.93,0.0707246525108327,0.18171375808045576,-1.1720399450015435,0.0001048555272022944
54.94,0.07252765922706104,0.17889297481624958,-1.1623650349541714,0.00010476818916423282
54.95,0.07430261876942841,0.17610422049780036,-1.152680089572898,0.0001046840196747553
54.96,0.07604984836285064,0.17334688418546798,-1.1429853770339216,0.00010460289067062403
54.97,0.07776965918149291,0.1706203666274247,-1.1332811581540807,0.00010452467939396724
54.980000000000004,0.07946235646441521,0.16792408001387177,-1.1235676866215902,0.00010444926816541884
54.99,0.08112823962878236,0.16525744773571635,-1.1138452092191375,0.00010437654416715802
55.0,0.08276760238068286,0.16261990414766908,-1.1041139660396033,0.00010430639923541438
55.01,0.08438073282360063,0.16001089433571997,-1.0943741906946662,0.0001042387296620318
55.02,0.08596791356458335,0.1574298738889468,-1.0846261105165378,0.00010417343600467582
55.03,0.08752942181815015,0.15487630867560856,-1.0748699467530702,0.00010411042290531055
55.04,0.08906552950798166,0.15234967462347332,-1.0651059147564659,0.00010404959891659227
55.050000000000004,0.09057650336643411,0.14984945750432888,-1.0553342241658128,0.00010399087633580951
55.06,0.09206260503191933,0.14737515272262214,-1.0455550790836614,0.00010393417104605953
55.07,0.09352409114419157,0.1449262651081719,-1.0357686782468492,0.00010387940236432158
55.08,0.09496121343758145,0.1425023087128982,-1.0259752151917747,0.00010382649289613923
55.09,0.09637421883221725,0.14010280661151084,-1.016174878414313,0.00010377536839661463
55.1,0.09776334952327248,0.13772729070609746,-1.0063678515245589,0.00010372595763742742
55.11,0.09912884306827857,0.13537530153455238,-0.9965543133965785,0.00010367819227963299
55.120000000000005,0.10047093247254096,0.13304638808278518,-0.9867344383133408,0.00010363200675196842
55.13,0.10178984627269573,0.1307401076006486,-0.9769083961069975,0.00010358733813442006
55.14,0.10308580861844398,0.12845602542152423,-0.9670763522946724,0.00010354412604683707
55.15,0.10435903935250004,0.12619371478550445,-0.9572384682099147,0.00010350231254236276
55.160000000000004,0.10560975408878927,0.12395275666610907,-0.9473949011299672,0.00010346184200546107
55.17,0.10683816428893038,0.1217327396004744,-0.9375458043989936,0.00010342266105434873
55.18,0.10804447733703677,0.11953325952295325,-0.9276913275474041,0.00010338471844763447
55.19,0.10922889661287075,0.11735391960206398,-0.9178316164074144,0.00010334796499497352
55.2,0.11039162156338353,0.11519433008072688,-0.9079668132249676,0.00010331235347157546
55.21,0.11153284777267403,0.11305410811972662,-0.8980970567681444,0.00010327783853638622
55.22,0.11265276703039795,0.11093287764433966,-0.8882224824321817,0.00010324437665377713
55.230000000000004,0.11375156739865884,0.10883026919406588,-0.8783432223412173,0.0001032119260186008
55.24,0.11482943327741167,0.10674591977540397,-0.8684594054468722,0.00010318044648445959
55.25,0.11588654546840917,0.104679472717611,-0.8585711576237789,0.00010314989949503986
55.26,0.1169230812377204,0.10263057753138648,-0.8486786017621616,0.00010312024801839097
55.27,0.11793921437685059,0.10059888977042232,-0.838781857857567,0.00010309145648400598
55.28,0.11893511526249052,0.09858407089576024,-0.8288810430978458,0.00010306349072259294
55.29,0.11991095091492328,0.09658578814289913,-0.8189762719474766,0.0001030363179084144
55.300000000000004,0.12086688505511561,0.09460371439159519,-0.8090676562293241,0.00010300990650407308
55.31,0.12180307816052055,0.09263752803829867,-0.7991553052039199,0.00010298422620766282
55.32,0.12271968751961726,0.09068691287117125,-0.7892393256463478,0.00010295924790215516
55.33,0.1236168672852138,0.08875155794762943,-0.7793198219208186,0.00010293494360693363
55.34,0.12449476852653774,0.08683115747435922,-0.7693968960530102,0.00010291128643139305
55.35,0.12535353928013898,0.0849254106897491,-0.7594706478002505,0.00010288825053049465
55.36,0.12619332459962884,0.0830340217486879,-0.7495411747196168,0.00010286581106220551
55.370000000000005,0.12701426660427872,0.08115669960967609,-0.739608572234021,0.00010284394414674107
55.38,0.1278165045265012,0.07929315792419862,-0.7296729336963508,0.00010282262682752382
55.39,0.12860017475823599,0.07744311492830933,-0.7197343504517316,0.00010280183703378966
55.4,0.12936541089626258,0.0756062933363767,-0.709792911897974,0.00010278155354477336
55.410000000000004,0.13011234378646094,0.07378242023694227,-0.6998487055442671,0.00010276175595539876
55.42,0.13084110156704112,0.07197122699064333,-0.6899018170681792,0.00010274242464341212
55.43,0.13155180971076233,0.07017244913015244,-0.679952330371021,0.00010272354073790016
55.44,0.1322445910661611,0.06838582626208715,-0.6700003276316288,0.00010270508608912408
55.45,0.1329195658978084,0.06661110197084401,-0.6600458893586205,0.00010268704323962297
55.46,0.13357685192561444,0.06484802372431155,-0.6500890944411765,0.00010266939539652768
55.47,0.13421656436319981,0.06309634278141807,-0.6401300201983948,0.00010265212640502843
55.480000000000004,0.13483881595535108,0.06135581410147047,-0.6301687424272712,0.00010263522072296376
55.49,0.1354437170145786,0.059626196255241126,-0.6202053354493472,0.00010261866339646088
55.5,0.13603137545679372,0.05790725133776082,-0.6102398721560762,0.00010260244003659685
55.51,0.13660189683612226,0.05619874488277622,-0.6002724240529469,0.0001025865367970397
55.52,0.13715538437887073,0.0545004457788312,-0.5903030613024092,0.00010257094035261308
55.53,0.13769193901666144,0.05281212618693201,-0.5803318527656428,0.00010255563787876075
55.54,0.13821165941875174,0.05113356145975702,-0.5703588660432081,0.0001025406170318699
55.550000000000004,0.13871464202355321,0.04946453006237245,-0.5603841675146166,0.00010252586593040698
55.56,0.13920098106936515,0.047804813494416225,-0.5504078223768608,0.00010251137313684217
55.57,0.13967076862433728,0.04615419621371264,-0.5404298946819359,0.00010249712764033151
55.58,0.1401240946156754,0.04451246556128135,-0.5304504473733909,0.00010248311884011493
55.59,0.1405610468581042,0.04287941168770476,-0.5204695423219409,0.00010246933652960763
55.6,0.14098171108160013,0.04125482748081856,-0.5104872403601747,0.00010245577088115482
55.61,0.14138617095840783,0.03963850849469075,-0.5005036013163877,0.00010244241243142033
55.620000000000005,0.14177450812935255,0.03803025287985517,-0.49051868404757215,0.00010242925206738695
55.63,0.14214680222946116,0.03642986131476614,-0.4805325464715928,0.00010241628101294157
55.64,0.14250313091290348,0.03483713693844139,-0.4705452455985783,0.00010240349081601676
55.65,0.14284356987726604,0.03325188528426108,-0.46055683756155474,0.00010239087333627155
55.660000000000004,0.14316819288716934,0.03167391421489119,-0.4505673776463496,0.00010237842073329133
55.67,0.14347707179723998,0.030103033858300366,-0.4405769203207907,0.00010236612545527917
55.68,0.1437702765744481,0.02853905654483946,-0.43058551926322747,0.00010235398022822139
55.69,0.14404787531982102,0.026981796745353965,-0.4205932273903972,0.00010234197804551333
55.7,0.14430993428954286,0.02543107101029975,-0.41060009688466154,0.00010233011215801922
55.71,0.14455651791545035,0.023886697909833166,-0.4006061792206362,0.00010231837606455336
55.72,0.14478768882493417,0.02234849797484706,-0.39061152519123565,0.00010230676350276645
55.730000000000004,0.14500350786025545,0.02081629363892473,-0.38061618493315585,0.00010229526844042002
55.74,0.14520403409728605,0.0192899091811843,-0.37062020795181516,0.00010228388506703116
55.75,0.14538932486368178,0.017769170669986505,-0.3606236431457752,0.00010227260778587858
55.76,0.14555943575649688,0.016253905907479254,-0.3506265388306609,0.00010226143120635482
55.77,0.14571442065924797,0.014743944374952887,-0.34062894276259964,0.00010225035013664611
55.78,0.1458543317584356,0.013239117178980362,-0.3306309021611987,0.00010223935957673443
55.79,0.1459792195595308,0.011739256998317084,-0.3206324637320795,0.00010222845471170673
55.800000000000004,0.1460891329024347,0.010244198031535479,-0.3106336736889861,0.0001022176309053587
55.81,0.14618411897641762,0.008753775945369798,-0.3006345777754868,0.00010220688369408488
55.82,0.14626422333454542,0.007267827823747047,-0.2906352212862847,0.00010219620878104427
55.83,0.1463294899075993,0.0057861921174802555,-0.28063564908815475,0.00010218560203058828
55.84,0.14637996101749587,0.004308708594600705,-0.27063590564052337,0.00010217505946294716
55.85,0.14641567739021344,0.00283521829130607,-0.26063603501570665,0.00010216457724916239
55.86,0.146436678168231,0.0013655634635017318,-0.25063608091882267,0.00010215415170625612
55.870000000000005,0.14644300092248538,-0.00010041246108710624,-0.24063608670739314,0.00010214377929263201
55.88,0.1464346816638523,-0.0015628649302545936,-0.23063609541064942,0.000102133456603699
55.89,0.1464117548541566,-0.0030219483141264722,-0.2206361497485571,0.00010212318036770983
55.9,0.14637425341671717,-0.004477815951466868,-0.21063629215057406,0.0001021129474418076
55.910000000000004,0.14632220874643087,-0.005930620195500844,-0.20063656477415517,0.00010210275480827592
55.92,0.14625565071940083,-0.007380512459273644,-0.19063700952301815,0.00010209259957098388
55.93,0.1461746077021133,-0.008827643260567316,-0.18063766806518333,0.00010208247895202123
55.94,0.14607910656016745,-0.010272162266395131,-0.17063858185080102,0.00010207239028851796
55.95,0.1459691726665623,-0.011714218337094007,-0.16063979212977922,0.00010206233102964495
55.96,0.14584482990954462,-0.013153959570034873,-0.15064133996922427,0.00010205229873378675
55.97,0.1457061007000215,-0.014591533342970746,-0.1406432662707075,0.00010204229106588637
55.980000000000004,0.14555300597854126,-0.016027086357042034,-0.1306456117873695,0.00010203230579495585
55.99,0.14538556522184595,-0.01746076467945843,-0.1206484171408748,0.00010202234079174676
56.0,0.14520379644899845,-0.018892713785876522,-0.11065172283822869,0.00010201239402658153
56.01,0.14500771622708733,-0.02032307860249211,-0.10065556928846785,0.00010200246356733802
56.02,0.14479733967651215,-0.02175200354786602,-0.09065999681923688,0.0001019925475775854
56.03,0.1445726804758517,-0.023179632574502083,-0.08066504569326198,0.00010198264431486976
56.04,0.1443337508663176,-0.024606109210195765,-0.07067075612473328,0.00010197275212914483
56.050000000000004,0.14408056165579566,-0.02603157659917178,-0.06067716829560725,0.00010196286946134659
56.06,0.1438131222224765,-0.027456177543028967,-0.0506843223718403,0.00010195299484210917
56.07,0.143531440518078,-0.028880054541510505,-0.040692258519564775,0.0001019431268906204
56.08,0.1432355230706606,-0.030303349833117443,-0.030701016921218384,0.00010193326431361464
56.09,0.14292537498703722,-0.03172620543558349,-0.020710637791638065,0.00010192340590450211
56.1,0.14260099995477915,-0.03314876318622883,-0.010721161394129205,0.00010191355054263336
56.11,0.14226240024381873,-0.03457116478221065,-0.000732628056521141,0.00010190369719269715
56.120000000000005,0.14190957670765017,-0.03599355182068814,0.009254921812780235,0.00010189384490425174
56.13,0.141542528784129,-0.03741606583891935,0.0192414477087319,0.00010188399281138863
56.14,0.14116125449587083,-0.03883884835430761,0.02922690901357438,0.00010187414013252838
56.15,0.1407657504502497,-0.04026204090441491,0.03921126498072282,0.00010186428617034813
56.160000000000004,0.14035601183899665,-0.041685785086959574,0.04919447471861764,0.00010185443031184161
56.17,0.13993203243739807,-0.04311022259981583,0.05917649717452403,0.00010184457202851087
56.18,0.13949380460309407,-0.04453549528103248,0.06915729111826921,0.00010183471087669063
56.19,0.13904131927447658,-0.04596174514888811,0.0791368151259068,0.00010182484649800686
56.2,0.13857456596868645,-0.04738911444200017,0.08911502756329719,0.00010181497861996875
56.21,0.13809353277920927,-0.04881774565950538,0.09909188656959293,0.00010180510705669656
56.22,0.137598206373069,-0.050247781601328666,0.10906735004061818,0.00010179523170978645
56.230000000000004,0.13708857198761812,-0.05167936540855822,0.11904137561213086,0.00010178535256931321
56.24,0.1365646134269238,-0.05311264060394393,0.12901392064295647,0.00010177546971497314
56.25,0.13602631305774815,-0.05454775113253682,0.13898494219798205,0.00010176558331737036
56.26,0.13547365180512125,-0.055984841402486836,0.14895439703099908,0.00010175569363944592
56.27,0.13490660914750563,-0.0574240563260167,0.1589222415673834,0.00010174580103805499
56.28,0.13432516311154974,-0.05886554136058937,0.16888843188660085,0.00010173590596569378
56.29,0.1337292902664289,-0.06030944255028682,0.17885292370452632,0.00010172600897237821
56.300000000000004,0.13311896571777124,-0.06175590656741795,0.18881567235556468,0.00010171611070768033
56.31,0.13249416310116638,-0.06320508075437348,0.1987766327745611,0.00010170621192292285
56.32,0.13185485457525423,-0.06465711316574572,0.2087357594784885,0.0001016963134735368
56.33,0.1312010108143912,-0.0661121526107315,0.2186930065478996,0.00010168641632158777
56.34,0.13053260100089095,-0.06757034869583613,0.22864832760813097,0.00010167652153847276
56.35,0.1298495928168364,-0.06903185186789694,0.2386016758102457,0.0001016666303077938
56.36,0.12915195243545988,-0.07049681345744475,0.24855300381170212,0.00010165674392841295
56.370000000000005,0.128439644512088,-0.07196538572242182,0.25850226375673474,0.00010164686381769121
56.38,0.12771263217464726,-0.07343772189227493,0.2684494072564336,0.00010163699151492398
56.39,0.12697087701372703,-0.07491397621244267,0.2783943853685089,0.00010162712868497101
56.4,0.1262143390721954,-0.07639430398925569,0.28833714857672543,0.00010161727712208876
56.410000000000004,0.125442976834364,-0.07787886163526929,0.2982776467699935,0.0001016074387539769
56.42,0.12465674721469722,-0.07936780671504767,0.30821582922110097,0.00010159761564604013
56.43,0.1238556055460612,-0.08086129799141935,0.31815164456507106,0.00010158781000587574
56.44,0.12303950556750795,-0.08235949547222354,0.32808504077713124,0.00010157802418799135
56.45,0.12220839941158933,-0.08386256045756749,0.33801596515027643,0.000101568260698762
56.46,0.12136223759119587,-0.0853706555876147,0.3479443642724108,0.00010155852220164163
56.47,0.12050096898591504,-0.08688394489092474,0.35787018400305215,0.00010154881152262545
56.480000000000004,0.11962454082790318,-0.08840259383336498,0.3677933694495803,0.0001015391316559813
56.49,0.11873289868726536,-0.08992676936761507,0.3777138649430142,0.0001015294857702603
56.5,0.11782598645693726,-0.09145663998328543,0.38763161401329804,0.00010151987721459028
56.51,0.1169037463370626,-0.09299237575767082,0.39754655936407957,0.00010151030952526751
56.52,0.11596611881885979,-0.0945341484071606,0.40745864284696043,0.00010150078643265911
56.53,0.11501304266797113,-0.09608213133932761,0.41736780543520086,0.00010149131186842539
56.54,0.11404445490728761,-0.09763649970571761,0.42727398719685766,0.00010148188997307358
56.550000000000004,0.11306029079924224,-0.09919743045536164,0.43717712726733604,0.00010147252510385839
56.56,0.11206048382756453,-0.10076510238903398,0.4470771638213339,0.00010146322184304083
56.57,0.11104496567848861,-0.10233969621427856,0.45697403404415754,0.00010145398500652343
56.58,0.11001366622140704,-0.10392139460122708,0.46686767410238694,0.00010144481965287128
56.59,0.10896651348896252,-0.1055103822392323,0.4767580191138674,0.00010143573109273574
56.6,0.10790343365656901,-0.10710684589434025,0.48664500311700476,0.00010142672489870018
56.61,0.10682435102135385,-0.10871097446762559,0.4965285590393403,0.00010141780691556417
56.620000000000005,0.10572918798051206,-0.11032295905441447,0.5064086186653806,0.00010140898327107872
56.63,0.10461786500906403,-0.11194299300441955,0.5162851126036567,0.00010140026038715541
56.64,0.10349030063700698,-0.11357127198281246,0.5261579702529876,0.00010139164499157131
56.65,0.10234641142585106,-0.11520799403225881,0.5360271197679195,0.00010138314413018174
56.660000000000004,0.1011861119445301,-0.11685335963594183,0.5458924880233149,0.00010137476517967248
56.67,0.10000931474467714,-0.11850757178160029,0.5557540005780625,0.00010136651586086514
56.68,0.09881593033525432,-0.12017083602660748,0.5656115816378776,0.00010135840425259687
56.69,0.09760586715652671,-0.12184336056411776,0.5754651540171647,0.00010135043880621222
56.7,0.09637903155336922,-0.12352535629030786,0.5853146390999092,0.00010134262836068066
56.71,0.09513532774789553,-0.12521703687274036,0.595159956799568,0.00010133498215836537
56.72,0.09387465781139759,-0.1269186188198771,0.6050010255179242,0.00010132750986147857
56.730000000000004,0.0925969216355842,-0.1286303215517708,0.6148377621028733,0.00010132022156924539
56.74,0.0913020169031066,-0.1303523674719631,0.6246700818051045,0.00010131312783580792
56.75,0.089989839057359,-0.13208498204061825,0.6344978982336417,0.00010130623968890776
56.76,0.08866028127154135,-0.13382839384892117,0.6443211233102065,0.00010129956864936716
56.77,0.08731323441697185,-0.13558283469476984,0.6541396672223649,0.00010129312675141425
56.78,0.08594858703063579,-0.13734853965979174,0.6639534383754174,0.00010128692656388126
56.79,0.08456622528195758,-0.13912574718771442,0.6737623433429916,0.0001012809812123137
56.800000000000004,0.0831660329387821,-0.14091469916412105,0.6835662868162953,0.00010127530440203699
56.81,0.08174789133255153,-0.14271564099762155,0.6933651715519864,0.00010126991044221132
56.82,0.0803116793226632,-0.14452882170247067,0.7031588983186139,0.00010126481427092175
56.83,0.07885727325999387,-0.14635449398266473,0.7129473658415836,0.00010126003148134556
56.84,0.07738454694957556,-0.1481929143175484,0.7227304707466008,0.00010125557834905007
56.85,0.07589337161240764,-0.15004434304896413,0.7325081075015403,0.00010125147186046452
56.86,0.07438361584638957,-0.15190904446997638,0.742280168356692,0.00010124772974257035
56.870000000000005,0.07285514558635832,-0.15378728691520355,0.7520465432833294,0.00010124437049387433
56.88,0.0713078240632144,-0.15567934285279042,0.761807119910547,0.00010124141341671483
56.89,0.06974151176211975,-0.1575854889780544,0.7715617834603083,0.0001012388786509557
56.9,0.06815606637975068,-0.15950600630883904,0.7813104166806495,0.00010123678720912864
56.910000000000004,0.06655134278058861,-0.16144118028260843,0.7910528997769737,0.00010123516101309411
56.92,0.06492719295223102,-0.16339130085531622,0.8007891103413791,0.00010123402293228103
56.93,0.06328346595970469,-0.16535666260208368,0.8105189232799527,0.00010123339682356593
56.94,0.06162000789876292,-0.16733756481972015,0.8202422107379644,0.00010123330757287721
56.95,0.05993666184814831,-0.16933431163112103,0.8299588420228944,0.00010123378113858883
56.96,0.05823326782080191,-0.171347212091577,0.83966868352522,0.00010123484459679001
56.97,0.05650966271399965,-0.17337658029702901,0.8493715986368924,0.00010123652618850373
56.980000000000004,0.05476568025839633,-0.1754227354943035,0.8590674476674248,0.00010123885536893888
56.99,0.05300115096595717,-0.17748600219336214,0.8687560877575151,0.00010124186285887367
57.0,0.051215902076756754,-0.17956671028160012,0.8784373727901221,0.0001012455806982528
57.01,0.04940975750462448,-0.18166519514022766,0.8881111532989122,0.0001012500423021031
57.02,0.047582537781615725,-0.18378179776276804,0.8977772763739901,0.00010125528251886218
57.03,0.04573406000128727,-0.18591686487570638,0.9074355855648243,0.00010126133769122198
57.04,0.04386413776075535,-0.18807074906132243,0.9170859207802756,0.00010126824571961113
57.050000000000004,0.04197258110151433,-0.19024380888274034,0.9267281181856338,0.00010127604612841798
57.06,0.040059196448993625,-0.1924364090112284,0.9363620100965635,0.00010128478013507406
57.07,0.0381237865508303,-0.19464892035578066,0.9459874248698582,0.00010129449072212852
57.08,0.03616615041383425,-0.19688172019501207,0.9556041867908975,0.00010130522271243791
57.09,0.034186083239622786,-0.19913519231139837,0.9652121159576987,0.00010131702284761392
57.1,0.03218337635890091,-0.20140972712789054,0.9748110281614512,0.00010132993986986399
57.11,0.030157817164363505,-0.20370572184693364,0.9844007347634172,0.00010134402460737236
57.120000000000005,0.028109189042195185,-0.20602358059191814,0.9939810425680802,0.00010135933006337828
57.13,0.02603727130214333,-0.20836371455109126,1.003551753692416,0.00010137591150911054
57.14,0.02394183910613961,-0.21072654212395478,1.013112665431159,0.0001013938265807538
57.15,0.02182266339544502,-0.21311248907017383,1.0226635701179345,0.00010141313538059691
57.160000000000004,0.019679510816293117,-0.2155219886610206,1.0322042549821133,0.00010143390058257541
57.17,0.017512143644006117,-0.21795548183337468,1.0417345020012574,0.00010145618754238067
57.18,0.015320319705558067,-0.2204134173463004,1.0512540877490022,0.00010148006441233416
57.19,0.013103792300559325,-0.22289625194021953,1.0607627832382314,0.00010150560226123497
57.2,0.01086231012063623,-0.22540445049869554,1.0702603537593836,0.00010153287519939221
57.21,0.008595617167179832,-0.22793848621284368,1.0797465587137347,0.00010156196050908126
57.22,0.006303452667437346,-0.23049884074837856,1.0892211514414873,0.0001015929387806314
57.230000000000004,0.003985550988919888,-0.233086004415308,1.0986838790444966,0.00010162589405440492
57.24,0.0016416415521000264,-0.23570047634027966,1.1081344822034553,0.00010166091396891064
57.25,-0.0007285512586274146,-0.23834276464158344,1.1175726949893556,0.00010169808991533358
57.26,-0.003125308185747856,-0.2410133866068093,1.1269982446690392,0.0001017375171987288
57.27,-0.005548915191219306,-0.24371286887315688,1.1364108515046392,0.00010177929520617515
57.28,-0.007999663550881022,-0.246441747610389,1.1458102285467144,0.00010182352758219832
57.29,-0.010477849950704887,-0.24920056870641746,1.1551960814208675,0.00010187032241175112
57.300000000000004,-0.012983776584915736,-0.2519898879555044,1.1645681081076316,0.00010191979241108393
57.31,-0.015517751256006688,-0.2548102712490587,1.1739259987154056,0.0001019720551268355
57.32,-0.018080087476675298,-0.257662294769,1.1832694352462088,0.00010202723314369762
57.33,-0.02067110457370609,-0.2605465451836598,1.192598091354019,0.00010208545430099924
57.34,-0.023291127793824584,-0.2634636198461807,1.2019116320954515,0.00010214685191859595
57.35,-0.025940488411547676,-0.2664141269953704,1.2112097136725264,0.00010221156503246548
57.36,-0.02861952383905457,-0.26939868595895855,1.2204919831672691,0.00010227973864038528
57.370000000000005,-0.0313285777381021,-0.2724179273591994,1.2297580782678728,0.00010235152395812534
57.38,-0.0340680001340075,-0.27547249332075313,1.2390076269861496,0.00010242707868661216
57.39,-0.03683814753172112,-0.2785630376807722,1.2482402473659897,0.00010250656729048085
57.4,-0.03963938303401061,-0.2816902262011091,1.25745554718253,0.00010259016128850147
57.410000000000004,-0.04247207646177749,-0.2848547367825535,1.266653123631737,0.00010267803955637472
57.42,-0.04533660447652577,-0.288057259680995,1.2758325630100917,0.00010277038864237777
57.43,-0.04823335070500138,-0.2912984977253994,1.2849934403840544,0.00010286740309640047
57.44,-0.05116270586601986,-0.2945791665374728,1.2941353192489855,0.00010296928581289796
57.45,-0.054125067899498676,-0.2978999947528767,1.3032577511771795,0.00010307624838833643
57.46,-0.05712084209770868,-0.30126172424384456,1.3123602754546666,0.00010318851149369152
57.47,-0.06015044123875819,-0.3046651103430356,1.3214424187064222,0.00010330630526258895
57.480000000000004,-0.063214285722321,-0.30811092206844837,1.3305036945096151,0.00010342986969574283
57.49,-0.06631280370761804,-0.31159994234919985,1.339543602994519,0.00010355945508228786
57.5,-0.06944643125366022,-0.31513296825196013,1.348561630432693,0.00010369532243867342
57.51,-0.07261561246175813,-0.31871081120781497,1.3575572488120375,0.00010383774396580621
57.52,-0.07582079962030126,-0.3223342972393103,1.366529915398308,0.00010398700352513417
57.53,-0.07906245335180768,-0.32600426718741277,1.3754790722826722,0.00010414339713438002
57.54,-0.08234104276224159,-0.3297215769380996,1.3844041459148744,0.00010430723348367016
57.550000000000004,-0.08565704559259366,-0.33348709764826967,1.3933045466215648,0.00010447883447282747
57.56,-0.08901094837271577,-0.3373017159706432,1.4021796681093412,0.0001046585357705802
57.57,-0.09240324657739818,-0.34116633427729365,1.4110288869520369,0.00010484668739650549
57.58,-0.09583444478467358,-0.34508187088142966,1.4198515620617784,0.00010504365432652375
57.59,-0.09930505683632854,-0.34904926025701505,1.4286470341433295,0.00010524981712277138
57.6,-0.10281560600059847,-0.35306945325578887,1.4374146251312199,0.00010546557258870782
57.61,-0.10636662513701796,-0.35714341732121346,1.446153637609154,0.00010569133445033677
57.620000000000005,-0.10995865686339301,-0.3612721366988482,1.4548633542111797,0.00010592753406441276
57.63,-0.11359225372485701,-0.36545661264261087,1.4635430370040885,0.00010617462115455493
57.64,-0.11726797836496634,-0.3696978636163519,1.472191926850509,0.00010643306457616843
57.65,-0.12098640369878574,-0.37399692549013,1.480809242752145,0.00010670335311110832
57.660000000000004,-0.12474811308790727,-0.37835485173053546,1.4893941811726021,0.00010698599629302375
57.67,-0.12855370051733983,-0.38277271358436465,1.497945915339234,0.00010728152526432125
57.68,-0.13240377077419918,-0.3872516002549065,1.5064635945234384,0.00010759049366571352
57.69,-0.13629893962812048,-0.3917926190700511,1.514946343298817,0.00010791347855929013
57.7,-0.14023983401330772,-0.39639689564138286,1.523393260776615,0.00010825108138607364
57.71,-0.14422709221212524,-0.4010655740133679,1.5318034198178416,0.0001086039289590028
57.72,-0.14826136404012755,-0.40579981680168814,1.5401758662214773,0.00010897267449228902
57.730000000000004,-0.15234331103241439,-0.4106008053197195,1.54850961788816,0.00010935799866807603
57.74,-0.15647360663118656,-0.41546973969208734,1.5568036639587495,0.0001097606107413031
57.75,-0.16065293637436812,-0.42040783895417044,1.5650569639271574,0.00011018124968367111
57.76,-0.1648819980851485,-0.4254163411363558,1.5732684467268427,0.00011062068536756149
57.77,-0.1691615020622855,-0.4304965033317764,1.5814370097903614,0.00011107971979072871
57.78,-0.1734921712709977,-0.4356496017461901,1.589561518081373,0.00011155918834256101
57.79,-0.17787474153426028,-0.44087693172857906,1.5976408030985074,0.00011205996111261314
57.800000000000004,-0.18230996172430444,-0.44617980778096833,1.6056736618505039,0.0001125829442420956
57.81,-0.18679859395410434,-0.4515595635458763,1.6136588558020446,0.00011312908131892343
57.82,-0.19134141376861982,-0.4570175517697207,1.6215951097897205,0.00011369935481681633
57.83,-0.19593921033554565,-0.46255514424040994,1.6294811109075784,0.00011429478757889712
57.84,-0.20059278663529984,-0.4681737316972518,1.6373155073617223,0.00011491644434609538
57.85,-0.2053029596499645,-0.4738747237112098,1.6450969072934611,0.00011556543333056458
57.86,-0.2100705605508724,-0.47965954853343057,1.6528238775705257,0.00011624290783417402
57.870000000000005,-0.21489643488451096,-0.48552965290985467,1.6604949425459021,0.0001169500679119747
57.88,-0.2197814427563934,-0.49148650185960724,1.66810858278387,0.00011768816208041944
57.89,-0.2247264590125226,-0.49753157841474477,1.6756632337528725,0.0001184584890698676
57.9,-0.22973237341804853,-0.5036663833188078,1.683157284484888,0.00011926239962072842
57.910000000000004,-0.23480009083269424,-0.5098924346815004,1.6905890762010276,0.00012010129832237487
57.92,-0.23993053138249754,-0.5162112675866806,1.6979569009031377,0.00012097664549367887
57.93,-0.24512463062738696,-0.5226244336507067,1.7052589999312537,0.00012188995910376003
57.94,-0.25038333972408,-0.529133500528037,1.71249356248682,0.00012284281673122208
57.95,-0.2557076255837603,-0.5357400513608331,1.7196587241216708,0.0001238368575598061
57.96,-0.2610984710239565,-0.5424456841691583,1.7267525651928544,0.0001248737844080292
57.97,-0.2665568749140115,-0.5492520111782024,1.733773109283482,0.0001259553657899716
57.980000000000004,-0.27208385231349336,-0.5561606580788023,1.7407183215898836,0.0001270834380039351
57.99,-0.2776804346028621,-0.5631732632173514,1.7475861072754753,0.00012825990724520155
58.0,-0.28334766960566526,-0.5702914767110215,1.7543743097918667,0.00012948675173860816
58.01,-0.28908662170149446,-0.5775169594840381,1.7610807091678788,0.00013076602388609854
58.02,-0.29489837192889207,-0.5848513822205669,1.7677030202672919,0.00013209985242378745
58.03,-0.3007840180773501,-0.5922964242295832,1.774238891016313,0.0001334904445824156
58.04,-0.30674467476749806,-0.599853772216903,1.78068590060193,0.00013494008824435134
58.050000000000004,-0.3127814735185257,-0.6075251189593602,1.7870415576425152,0.00013645115408954288
58.06,-0.3188955628018371,-0.6153121618759199,1.7933032983322517,0.00013802609772199634
58.07,-0.32508810807987776,-0.6232166014903134,1.799468484561191,0.00013966746176746024
58.08,-0.33136029182902244,-0.6312401397795884,1.8055344020129884,0.0001413778779320481
58.09,-0.33771331354535405,-0.6393844784027551,1.811498258242638,0.0001431600690105344
58.1,-0.34414838973210443,-0.6476513168035214,1.8173571807368105,0.00014501685083196235
58.11,-0.350666753867467,-0.6560423501808966,1.8231082149597109,0.0001469511341290594
58.120000000000005,-0.3572696563514284,-0.6645592673212576,1.8287483223877004,0.00014896592631672383
58.13,-0.36395836443020047,-0.6732037482852677,1.8342743785362852,0.00015106433316354627
58.14,-0.3707341620967675,-0.6819774619428552,1.8396831709834542,0.00015324956033899086
58.15,-0.3775983499659947,-0.6908820633492715,1.844971397393757,0.00015552491481736564
58.160000000000004,-0.38455224512267244,-0.699919190955076,1.8501356635479431,0.0001578938061181969
58.17,-0.3915971809408003,-0.7090904636427281,1.8551724813834543,0.00016035974736104263
58.18,-0.3987345068723383,-0.7183974775823123,1.860078267051545,0.00016292635611107987
58.19,-0.4059655882035797,-0.7278418028987869,1.86484933899734,0.00016559735499003744
58.2,-0.4132918057772218,-0.7374249801430177,1.8694819160696856,0.00016837657202521867
58.21,-0.4207145556781331,-0.7471485165587607,1.8739721156682456,0.000171267940707489
58.22,-0.42823524888073733,-0.7570138821376715,1.8783159519359134,0.0001742754997270866
58.230000000000004,-0.4358553108558543,-0.7670225054543665,1.882509334005268,0.00017740339235412087
58.24,-0.44357618113475844,-0.7771757692735303,1.886548064308501,0.0001806558654285411
58.25,-0.45139931282813506,-0.7874750059210719,1.8904278369609606,0.00018403726792221744
58.26,-0.4593261720975355,-0.7979214924113714,1.8941442362292353,0.00018755204903363757
58.27,-0.46735823757685224,-0.8085164453227426,1.8976927350954944,0.00019120475577351923
58.28,-0.47549699974125725,-0.8192610154133625,1.9010686939306454,0.00019500002999747043
58.29,-0.48374396022097044,-0.8301562819701004,1.904267359289742,0.00019894260483963673
58.300000000000004,-0.49210063105715024,-0.841203246882907,1.9072838628439874,0.00020303730049912874
58.31,-0.5005685338971264,-0.8524028284377229,1.910113220464627,0.0002072890193289257
58.32,-0.5091491991261264,-0.8637558548212235,1.9127503314749934,0.00021170274017492713
58.33,-0.5178441649325822,-0.8752630573311545,1.9151899780879942,0.00021628351191091034
58.34,-0.5266549763040442,-0.886925063286521,1.9174268250473532,0.00022103644611336666
58.35,-0.535583183950675,-0.8987423886324971,1.9194554194919997,0.0002259667088185937
58.36,-0.5446303431532461,-0.9107154302356136,1.9212701910640773,0.0002310795113030303
58.370000000000005,-0.5537980125325239,-0.9228444578655738,1.9228654522821584,0.0002363800998266647
58.38,-0.5630877527368935,-0.9351296058609494,1.9242353992023706,0.0002418737442785489
58.39,-0.5725011250450519,-0.9475708644770259,1.925374112391271,0.0002475657256629826
58.4,-0.5820396898805877,-0.9601680709152051,1.926275558235439,0.0002534613223648405
58.410000000000004,-0.5917050052352646,-0.9729209000346445,1.9269335906138798,0.00025956579513297765
58.42,-0.6014986249978401,-0.9858288547482242,1.9273419529604514,0.00026588437072161116
58.43,-0.6114220971852808,-0.9988912561064883,1.9274942807446052,0.00027242222413114954
58.44,-0.6214769620732782,-1.0121072330749197,1.9273841043997963,0.00027918445939220795
58.45,-0.6316647502230328,-1.0254757120117812,1.9270048527299184,0.00028617608883960285
58.46,-0.6419869804013584,-1.0389954058557986,1.9263498568250708,0.00029340201082701534
58.47,-0.6524451573912576,-1.0526648030351782,1.9254123545188402,0.0003008669858378014
58.480000000000004,-0.6630407696902528,-1.06648215611185,1.9241854954200608,0.0003085756109533127
58.49,-0.6737752870939018,-1.0804454701774153,1.9226623465526964,0.00031653229264704024
58.5,-0.684650158162111,-1.0945524910200473,1.9208358986380396,0.00032474121788104814
58.51,-0.6956668075660645,-1.1088006930845664,1.918699073053826,0.00033320632349060893
58.52,-0.7068266333138221,-1.1231872672510699,1.916244729505102,0.0003419312638537897
58.53,-0.718131003852917,-1.137709108460851,1.9134656744417278,0.00035091937685499
58.54,-0.7295812550485803,-1.1523628032218902,1.9103546702572336,0.00036017364816525306
58.550000000000004,-0.7411786870365681,-1.1671446170299329,1.9069044453033295,0.0003696966738776105
58.56,-0.7529245609499406,-1.182050481745085,1.9031077047537006,0.0003794906215527226
58.57,-0.7648200955195681,-1.1970759829679363,1.8989571423497384,0.0003895571897488459
58.58,-0.7768664635485929,-1.212216347463467,1.894445453059564,0.00039989756613068765
58.59,-0.7890647882615892,-1.2274664306853764,1.8895653466800448,0.0004105123842738575
58.6,-0.8014161395297024,-1.242820704457975,1.8843095624094695,0.0004214016793055534
58.61,-0.8139215299736516,-1.258273244877392,1.8786708844160933,0.00043256484254777826
58.620000000000005,-0.8265819109471157,-1.2738177204985202,1.8726421584248718,0.00044400057535644825
58.63,-0.8393981684037113,-1.2894473808788423,1.8662163093413315,0.00045570684237851764
58.64,-0.8523711186515076,-1.305155045554993,1.8593863599276568,0.00046768082447924285
58.65,-0.8655015039998051,-1.3209330935325982,1.8521454505416781,0.0004799188716228435
58.660000000000004,-0.8787899883037308,-1.3367734533745221,1.844486859944498,0.000492416456021885
58.67,-0.89223715241308,-1.352667593977107,1.8364040271769766,0.0005051681259034217
58.68,-0.9058434895327497,-1.3686065161282563,1.827890574499195,0.0005181674602730234
58.69,-0.9196094005030682,-1.3845807449452174,1.8189403313803012,0.0005314070250905687
58.7,-0.9335351890093221,-1.4005803232935934,1.8095473595188454,0.0005448783313041709
58.71,-0.9476210567308162,-1.4165948062924127,1.7997059788657723,0.0005585717952199088
58.72,-0.9618670984408612,-1.4326132570128887,1.7894107946137296,0.0005724767017147365
58.730000000000004,-0.9762732970701741,-1.4486242434807708,1.7786567251072267,0.0005865811708274937
58.74,-0.9908395187472856,-1.4646158370938145,1.7674390306185064,0.0006008721282875453
58.75,-1.0055655078306647,-1.480575612566802,1.755753342923772,0.0006153352805616653
58.76,-1.0204508819484015,-1.4964906495166432,1.7435956956037115,0.0006299550950164771
58.77,-1.0354951270624069,-1.5123475357992886,1.7309625549811145,0.0006447147858053949
58.78,-1.0506975925751998,-1.5281323727083926,1.717850851596862,0.0006595963060946388
58.79,-1.0660574864984373,-1.5438307821428163,1.7042580121137636,0.0006745803472418942
58.800000000000004,-1.0815738707033962,-1.5594279158460407,1.6901819915257017,0.0006896463455326717
58.81,-1.0972456562746171,-1.5749084668153284,1.6756213055374343,0.0007047724970624598
58.82,-1.1130715989888744,-1.5902566829719254,1.6605750629683185,0.0007199357813269468
58.83,-1.1290502949425028,-1.6054563831756996,1.6450429980212753,0.0007351119940470238
58.84,-1.1451801763509057,-1.6204909756583048,1.6290255022466715,0.0007502757897094061
58.85,-1.1614595075447582,-1.6353434789382006,1.6125236560195908,0.0007654007342472245
58.86,-1.177886381187986,-1.6499965452686502,1.595539259338383,0.0007804593682172228
58.870000000000005,-1.1944587147430528,-1.6644324866561235,1.578074861742584,0.0007954232807515099
58.88,-1.211174247209382,-1.6786333034714027,1.5601337911394633,0.0008102631944718706
58.89,-1.2280305361608865,-1.6925807156591388,1.5417201813207955,0.0008249490614536046
58.9,-1.2450249551085408,-1.7062561965337073,1.5228389979451213,0.0008394501702146109
58.910000000000004,-1.2621546912137227,-1.719641009130051,1.5034960627559868,0.0008537352635843745
58.92,-1.2794167433776316,-1.7327162450578824,1.4836980758035847,0.0008677726671776128
58.93,-1.2968079207314707,-1.7454628657862983,1.4634526354360764,0.0008815304280599678
58.94,-1.3143248415512412,-1.7578617462636774,1.4427682558277912,0.0008949764630499246
58.95,-1.3319639326199286,-1.769893720754919,1.4216543818146568,0.0009080787159536784
58.96,-1.3497214290585715,-1.781539630754811,1.4001214008127358,0.0009208053228799652
58.97,-1.3675933746461664,-1.7927803748128714,1.3781806516037531,0.0009331247846327444
58.980000000000004,-1.385575622646606,-1.803596960081629,1.3558444297820633,0.0009450061450327163
58.99,-1.4036638371588468,-1.8139705553772907,1.3331259896707246,0.0009564191738775452
59.0,-1.421853495004282,-1.8238825455193939,1.3100395425301827,0.0009673345531175424
59.01,-1.4401398881628529,-1.8333145866946632,1.2866002509015677,0.0009777240647014618
59.02,-1.4585181267667824,-1.8422486625702115,1.262824218947666,0.0009875607784390816
59.03,-1.476983142657972,-1.8506671408627737,1.2387284786781896,0.0009968192381359401
59.04,-1.4955296935120879,-1.8585528300541552,1.2143309719718542,0.001005475644183791
59.050000000000004,-1.5141523675291853,-1.8658890359288214,1.1896505283358354,0.0010135080307405906
59.06,-1.5328455886874268,-1.8726596175978705,1.164706838373151,0.0010208964356082189
59.07,-1.5516036225530374,-1.8788490426647584,1.1395204229601659,0.0010276230609165902
59.08,-1.5704205826361681,-1.884442441182368,1.1141125981693982,0.0010336724227510362
59.09,-1.589290437278816,-1.8894256580485178,1.088505436006791,0.0010390314879160673
59.1,-1.6082070170574232,-1.8937853034879755,1.0627217210672226,0.0010436897961143034
59.11,-1.6271640226792803,-1.897508801273598,1.036784903246834,0.0010476395659334175
59.120000000000005,-1.6461550333484158,-1.9005844343474527,1.0107190466853417,0.001050875783176115
59.13,-1.6651735155733307,-1.903001387514685,0.9845487751454345,0.0010533962702369117
59.14,-1.684212832385726,-1.9047497868984689,0.9582992140691543,0.001055201735422875
59.15,-1.7032662529363602,-1.905820735863524,0.9319959295824143,0.0010562958013307256
59.160000000000004,-1.722326962431348,-1.906206347138223,0.9056648647480476,0.0010566850116268487
59.17,-1.7413880723696433,-1.9058997708910832,0.8793322733946032,0.0010563788158262067
59.18,-1.7604426310401504,-1.9048952185461399,0.8530246518721122,0.0010553895319263373
59.19,-1.7794836342349003,-1.9031879821530309,0.8267686691068843,0.001053732287019913
59.2,-1.7985040361330604,-1.9007744491612424,0.800591095344736,0.0010514249362783366
59.21,-1.8174967603092123,-1.8976521124834291,0.7745187299856471,0.0010484879609653354
59.22,-1.836454710818367,-1.893819575769642,0.7485783289224607,0.001044944346398289
59.230000000000004,-1.8553707833095938,-1.889276553852172,0.7227965318017522,0.0010408194410217063
59.24,-1.8742378761199245,-1.8840238683590909,0.6971997896262829,0.0010361407979874197
59.25,-1.8930489013003755,-1.8780634385329422,0.6718142931155189,0.0010309380008451281
59.26,-1.9117967955264736,-1.8713982673289251,0.6466659022335646,0.001025242475131893
59.27,-1.930474530846613,-1.8640324229038243,0.6217800772826428,0.0010190872878063542
59.28,-1.949075125222849,-1.8559710156424423,0.5971818119451127,0.0010125069366004405
59.29,-1.9675916528203854,-1.8472201709019103,0.5728955686381858,0.0010055371314565283
59.300000000000004,-1.9860172540039607,-1.8377869976856243,0.5489452165232548,0.0009982145702795632
59.31,-2.0043451450016154,-1.8276795534872972,0.5253539724864132,0.000990576711261817
59.32,-2.02256862719885,-1.816906805571425,0.5021443453786988,0.0009826615440323518
59.33,-2.040681096028962,-1.8054785889790825,0.47933808377422293,0.0009745073618451662
59.34,-2.058676049428349,-1.7934055615671765,0.45695612747210174,0.0009661525369507271
59.35,-2.076547095828713,-1.7806991564049504,0.4350185629344035,0.0009576353011974076
59.36,-2.094287961661409,-1.7673715318635632,0.41354458281764556,0.0009489935337850157
59.370000000000005,-2.1118924983525917,-1.75343551974292,0.3925524497201494,0.0009402645579447556
59.38,-2.1293546887912647,-1.7389045717846445,0.3720594642322476,0.0009314849481526667
59.39,-2.1466686532558517,-1.723792704921228,0.35208193734135657,0.0009226903493001509
59.4,-2.1638286547883903,-1.7081144456090838,0.3326351672096921,0.000913915309049311
59.410000000000004,-2.1808291040089056,-1.691884773587677,0.3137334203092886,0.000905193124396769
59.42,-2.1976645633658975,-1.67511906539827,0.2953899168673266,0.0008965557032610805
59.43,-2.214329750822164,-1.6578330379843926,0.2776168205448915,0.0008880334416992833
59.44,-2.2308195429783253,-1.6400426926821776,0.26042523224443304,0.0008796551171515799
59.45,-2.247128977639427,-1.6217642598924897,0.24382518791559818,0.000871447797912134
59.46,-2.263253255832821,-1.6030141447086468,0.22782566020594472,0.0008634367688322961
59.47,-2.279187743288168,-1.5838088737537759,0.21243456378243675,0.0008556454730820374
59.480000000000004,-2.2949279713928457,-1.564165043460824,0.19765876413166994,0.0008480954696283255
59.49,-2.3104696376382514,-1.5440992700062395,0.18350408963151457,0.0008408064059379697
59.5,-2.325808605574513,-1.5236281410856896,0.16997534667430522,0.0008337960052772577
59.51,-2.34094090429286,-1.5027681696971738,0.15707633761181528,0.000827080067863508
59.52,-2.355862727456466,-1.4815357500738133,0.144809881284965,0.000820672485024503
59.53,-2.3705704319018763,-1.4599471158857105,0.13317783589642915,0.0008145852654406244
59.54,-2.3850605358342123,-1.4380183008078196,0.12218112398191021,0.0008088285724814986
59.550000000000004,-2.399329716640204,-1.4157651015289674,0.11181975923568221,0.0008034107716035897
59.56,-2.4133748083437547,-1.3932030432561961,0.10209287494792546,0.0007983384867463359
59.57,-2.427192798729177,-1.3703473477486423,0.09299875381518817,0.0007936166646513778
59.58,-2.440780826157485,-1.347212903896349,0.08453485889084046,0.0007892486460308501
59.59,-2.4541361761011986,-1.3238142408418436,0.0766978654494374,0.0007852362425255051
59.6,-2.467256277423006,-1.300165503626089,0.06948369354728669,0.0007815798184200171
59.61,-2.4801386984233758,-1.276280431325586,0.06288754107102819,0.0007782783761193007
59.620000000000005,-2.4927811426818067,-1.2521723376340235,0.056903917076486496,0.0007753296444355496
59.63,-2.5051814447158764,-1.2278540938299354,0.05152667523127,0.0007727301687886054
59.64,-2.5173375654816152,-1.203338114061343,0.046749047186383015,0.000770475402480716
59.65,-2.529247587737986,-1.1786363428693167,0.0425636757143253,0.0007685597982702632
59.660000000000004,-2.5409097112974437,-1.1537602448647375,0.03896264746362002,0.0007669768995351954
59.67,-2.552322248183644,-1.1287207964662396,0.035937525192293734,0.0007657194303850494
59.68,-2.5634836177164373,-1.1035284796023053,0.03347937935539985,0.0007647793841495144
59.69,-2.5743923415432834,-1.0781932772766953,0.03157881893411365,0.0007641481097402334
59.7,-2.585047038635209,-1.0527246708937574,0.030226021406128723,0.0007638163954502344
59.71,-2.595446420264379,-1.0271316392385803,0.029410761768962394,0.0007637745498211002
59.72,-2.6055892849793034,-1.0014226590063742,0.029122440539253905,0.0007640124792713539
59.730000000000004,-2.615474513592645,-0.9756057067757619,0.029350110662151093,0.0007645197622397522
59.74,-2.6251010641955466,-0.9496882623217863,0.030082503275376406,0.0007652857196540169
59.75,-2.6344679672113567,-0.9236773131662805,0.03130805228250187,0.000766299481588522
59.76,-2.6435743205006297,-0.8975793602657357,0.03301491769931518,0.0007675500500234669
59.77,-2.6524192845282877,-0.8714004247398455,0.03519100774590589,0.0007690263576630759
59.78,-2.6610020776028804,-0.8451460555474333,0.037823999665230965,0.0007707173228109389
59.79,-2.6693219711969673,-0.8188213380204049,0.040901359256429876,0.0007726119003371919
59.800000000000004,-2.6773782853567725,-0.792430903170642,0.04441035911805569,0.0007746991288046871
59.81,-2.6851703842084365,-0.7659789376892977,0.04833809560268054,0.0007769681738496352
59.82,-2.692697671567405,-0.7394691945627148,0.052671504490037824,0.0007794083679367457
59.83,-2.6999595866567625,-0.7129050042341037,0.057397375391000004,0.0007820092466298251
59.84,-2.7069555999396337,-0.6862892862451405,0.06250236489928467,0.000784760581536176
59.85,-2.713685209070149,-0.6596245612967293,0.06797300851185994,0.0007876524100972954
59.86,-2.720147934966875,-0.6329129636732839,0.07379573134261387,0.0007906750624096092
59.870000000000005,-2.7263433180120944,-0.6061562539799741,0.07995685765699277,0.000793819185267402
59.88,-2.732270914379834,-0.5793558321474322,0.08644261925803451,0.0007970757636259854
59.89,-2.7379302924951014,-0.552512750663392,0.09323916275655787,0.0008004361396868428
59.9,-2.743321029626426,-0.5256277279956133,0.10033255576025424,0.0008038920298081288
59.910000000000004,-2.748442708613454,-0.49870116217521654,0.10770879201809665,0.0008074355394436389
59.92,-2.7532949147310655,-0.4717331445141858,0.11535379555786915,0.0008110591763116193
59.93,-2.7578772326912495,-0.4447234734352986,0.12325342385576044,0.0008147558619915872
59.94,-2.7621892437837614,-0.41767166839707986,0.131393470077893,0.0008185189421428863
59.95,-2.766230523156452,-0.39057698390056167,0.13975966443440593,0.0008223421955332194
59.96,-2.77000063723603,-0.3634384235686441,0.14833767468730663,0.0008262198420590542
59.97,-2.7734991412899603,-0.33625475429269697,0.1571131058537867,0.0008301465499325737
59.980000000000004,-2.7767255771301533,-0.30902452044471407,0.16607149914708644,0.0008341174422020203
59.99,-2.7796794709591115,-0.2817460581568263,0.1751983301973222,0.00083812810276391
60.0,-2.782360331359228,-0.25441750967330246,0.1844790065949867,0.0008421745820166454
60.01,-2.7847676474259977,-0.22703683778330985,0.19389886480011953,0.0008462534022957642
60.02,-2.7869008870460115,-0.1996018403456783,0.2034431664604497,0.0008503615632213257
60.03,-2.788759495320709,-0.17211016491970457,0.21309709418215572,0.000854496547077863
60.04,-2.7903428931370424,-0.14455932351865614,0.2228457467972951,0.0008586563243369313
60.050000000000004,-2.7916504758863647,-0.116946707505077,0.23267413417244276,0.000862839359421521
60.06,-2.792681612333071,-0.08926960264926903,0.2425671716036693,0.0008670446168004926
60.07,-2.793435643634734,-0.06152520437441404,0.2525096738437012,0.0008712715674897183
60.08,-2.793911882515732,-0.033710633213714855,0.26248634880795374,0.0008755201960247089
60.09,-2.7941096125966194,-0.005822950506662192,0.2724817910071312,0.0008797910079571367
60.1,-2.7940280878817734,0.022140825636925147,0.2824804747552593,0.0008840850379147902
60.11,-2.793666532408146,0.05018370407509445,0.29246674720336896,0.0008884038582510348
60.120000000000005,-2.7930241400582516,0.07830870404305382,0.302424821250598,0.0008927495882957067
60.13,-2.7921000745408393,0.10651883820150584,0.3123387683862285,0.0008971249042045307
60.14,-2.7908934695430228,0.13481709529125674,0.3221925115181452,0.0009015330493884414
60.15,-2.7894034290579706,0.16320642236087513,0.33196981784538665,0.0009059778454876138
60.160000000000004,-2.7876290278925966,0.1916897065339694,0.341654291834876,0.0009104637038374114
60.17,-2.7855693123600145,0.2202697562827212,0.3512293683650637,0.0009149956373547791
60.18,-2.783223301161867,0.24894928217467768,0.36067830610209256,0.0009195792727537794
60.19,-2.7805899864659533,0.27773087706049054,0.36998418117720483,0.0009242208629778484
60.2,-2.7776683351849076,0.3066169956713178,0.37912988123744756,0.0009289272997139613
60.21,-2.774457290461979,0.33560993359600977,0.3880980999452917,0.000933706125830085
60.22,-2.7709557733702574,0.36471180561000693,0.3968713320065483,0.0009385655475520366
60.230000000000004,-2.767162684831964,0.3939245233301232,0.40543186880993093,0.0009435144461692358
60.24,-2.763076907764659,0.42324977217210713,0.4137617947657594,0.0009485623890306654
60.25,-2.758697309461445,0.4526889875911022,0.42184298443559737,0.0009537196395627659
60.26,-2.7540227442124205,0.48224333058890545,0.4296571005490461,0.0009589971660100033
60.27,-2.749052056174778,0.511913662476294,0.4371855930084374,0.0009644066485666918
60.28,-2.743784082499032,0.5417005188836911,0.4444096989867438,0.0009699604845351664
60.29,-2.738217656718908,0.57160408301912,0.4513104442286053,0.0009756717911110833
60.300000000000004,-2.732351612412394,0.6016241581787903,0.4578686456689067,0.0009815544053616498
60.31,-2.726184787141378,0.6317601395228174,0.4640649154877646,0.0009876228809270991
60.32,-2.719716026677113,0.6620109851365323,0.4698796667250235,0.0009938924809403497
60.33,-2.7129441895185327,0.6923751864066375,0.4752931205813489,0.0010003791666248658
60.34,-2.7058681517100664,0.7228507377511343,0.48028531553663273,0.0010070995809969231
60.35,-2.698486811965188,0.7534351057525274,0.48483611841961566,0.0010140710270662688
60.36,-2.6907990971013644,0.7841251977553185,0.4889252375652542,0.0010213114398994725
60.370000000000005,-2.6828039677914104,0.8149173300012555,0.49253223819830955,0.001028839351883941
60.38,-2.674500424635443,0.8458071953892145,0.495636560182774,0.0010366738505085701
60.39,-2.665887514556699,0.876789830960955,0.49821753827694226,0.0010448345279602284
60.4,-2.65696433752339,0.907859585229286,0.5002544250330258,0.0010533414218253366
60.410000000000004,-2.6477300535975115,0.9390100854813824,0.5017264164780413,0.001062214946183686
60.42,-2.6381838903101316,0.970234205207054,0.5026126807091114,0.0010714758123887191
60.43,-2.628325150361078,1.001524031819612,0.5028923895311163,0.0010811449388465782
60.44,-2.6181532196391886,1.0328708348555262,0.5025447532576621,0.0010912433491366692
60.45,-2.60766757555732,1.0642650348581892,0.5015490587873839,0.0011017920578608599
60.46,-2.596867795694174,1.095696173170672,0.49988471105650867,0.0011128119436686096
60.47,-2.585753566732636,1.1271528828821953,0.4975312779551811,0.0011243236089827596
60.480000000000004,-2.5743246936817865,1.1586228611929392,0.49446853877911784,0.0011363472260469915
60.49,-2.562581109367,1.190092843481556,0.49067653626955443,0.00114890236903291
60.5,-2.5505228841695926,1.2215485793790473,0.4861356322730188,0.0011620078320831017
60.51,-2.5381502359943657,1.2529748111712269,0.4808265670280843,0.0011756814333279471
60.52,-2.525463540440075,1.2843552548694726,0.4747305220588169,0.00118993980509898
60.53,-2.512463341144374,1.3156725843054826,0.4678291866240649,0.001204798170770936
60.54,-2.4991503602711513,1.3469084186199243,0.46010482763801513,0.0012202701088977691
60.550000000000004,-2.4855255091044306,1.3780433135267032,0.45154036294056765,0.0012363673055649583
60.56,-2.4715898987091185,1.409056756743678,0.44211943775613827,0.001253099296159679
60.57,-2.4573448506149673,1.4399271679864603,0.4318265041366054,0.001270473198060259
60.58,-2.4427919074761184,1.4706319039240023,0.4206469031384811,0.0012884934360639989
60.59,-2.427932843654628,1.5011472684924492,0.40856694943627697,0.0013071614627042376
60.6,-2.4127696756724375,1.5314485289567135,0.3955740180238076,0.001326475475949472
60.61,-2.397304672472408,1.5615099380969144,0.38165663260327254,0.0013464301371230911
60.620000000000005,-2.381540365425364,1.5913047628787278,0.3668045552089149,0.0013670162922263308
60.63,-2.365479558016604,1.6208053199423835,0.3510088765584931,0.0013882207001814
60.64,-2.349125335142152,1.6499830182141308,0.33426210657244465,0.001410025771828296
60.65,-2.332481071942149,1.6788084089061501,0.3165582644482771,0.0014324093237981972
60.660000000000004,-2.3155504420963684,1.7072512431258955,0.2978929676272825,0.0014553443516390505
60.67,-2.2983374255048585,1.735280537263569,0.2782635189431205,0.0014787988267741462
60.68,-2.2808463152753418,1.762864646266851,0.2576689911981892,0.0015027355220218054
60.69,-2.2630817239382224,1.7899713448452772,0.23611030837509772,0.0015271118704829707
60.7,-2.245048588809999,1.8165679165730233,0.2135903226581054,0.0015518798626027526
60.71,-2.226752176426588,1.8426212507788065,0.1901138864142384,0.0015769859861225711
60.72,-2.2081980859695927,1.8680979470257382,0.16568791826707555,0.0016023712134524723
60.730000000000004,-2.189392251610992,1.8929644268930903,0.14032146238900037,0.0016279710407012978
60.74,-2.170340943705048,1.9171870526770394,0.11402574014107517,0.0016537155822001466
60.75,-2.151050768760581,1.9407322525297315,0.08681419320452699,0.001679529723839522
60.76,-2.1315286681320322,1.9635666514567856,0.058702517374933344,0.0017053333379118312
60.77,-2.1117819153740487,1.9856572074941707,0.029708686230177753,0.0017310415614116355
60.78,-2.0918181122116,2.0069713522878816,-0.00014703606347274412,0.0017565651389024274
60.79,-2.0716451830858724,2.027477135205791,-0.030842093476047473,0.0017818108301200898
60.800000000000004,-2.0512713682453465,2.0471433700223245,-0.06235164895800857,0.0018066818814633091
60.81,-2.0307052153614698,2.065939783135078,-0.0946486078993087,0.0018310785594367583
60.82,-2.009955569659115,2.083837162200117,-0.12770365459319916,0.001854898742983933
60.83,-1.9890315625634654,2.1008075040112613,-0.1614853019775445,0.001878038570496808
60.84,-1.9679425988769652,2.116824160400005,-0.1959599547991583,0.0019003931361445347
60.85,-1.9466983425124027,2.131861980898394,-0.23109198621083485,0.0019218572290512406
60.86,-1.9253087008208618,2.1458974508886497,-0.2668438276681659,0.0019423261078026519
60.870000000000005,-1.9037838075660725,2.1589088239617262,-0.30317607184600315,0.0019616963018015254
60.88,-1.8821340046094013,2.1708762472231764,-0.34004758814488206,0.001979866430152206
60.89,-1.8603698223821776,2.1817818783192635,-0.37741565020834655,0.0019967380280609833
60.9,-1.8385019592340783,2.1916099930092825,-0.4152360747255203,0.0020122163702162355
60.910000000000004,-1.8165412597576869,2.2003470821813895,-0.45346337065211617,0.0020262112802809378
60.92,-1.7944986921999424,2.2079819372982064,-0.4920508978500101,0.0020386379155057505
60.93,-1.7723853250808175,2.2145057233640593,-0.5309510340231035,0.00204941751556487
60.94,-1.7502123031480492,2.219912038626494,-0.5701153487178707,0.0020584781050333677
60.95,-1.7279908228039649,2.2241969603589054,-0.6094947830629458,0.0020657551394627216
60.96,-1.7057321071462552,2.227359076216591,-0.6490398338452668,0.0020711920857628173
60.97,-1.6834473807688575,2.2293995008128955,-0.6887007404622532,0.0020747409285495435
60.980000000000004,-1.661147844471849,2.23032187732273,-0.7284276732514579,0.0020763625952470513
60.99,-1.6388446500303555,2.2301323640848234,-0.7681709216818877,0.002076027294017339
61.0,-1.6165488751719452,2.2288396063387212,-0.8078810808950924,0.002073714759996843
61.01,-1.5942714989098026,2.2264546933949094,-0.8475092351090603,0.0020694144068163895
61.02,-1.5720233773751993,2.222991101693637,-0.8870071364434006,0.002063125381930861
61.03,-1.549815220287473,2.218464624357371,-0.9263273777892366,0.0020548565258508345
61.04,-1.527657568192969,2.212893287980811,-0.9654235584303181,0.002044626236912704
61.050000000000004,-1.5055607705963128,2.206297257528773,-1.0042504412213278,0.002032462244709982
61.06,-1.4835349650981187,2.1986987303241055,-1.042764100243165,0.002018401296702816
61.07,-1.4615900576429086,2.1901218202035015,-1.0809220579808354,0.002002488763794566
61.08,-1.4397357039698453,2.180592432997479,-1.1186834112049708,0.0019847781717878387
61.09,-1.4179812923469948,2.170138134551039,-1.156008944880352,0.00196533066658588
61.1,-1.3963359276574485,2.158788012543271,-1.1928612335714541,0.0019442144217736326
61.11,-1.3748084168929187,2.146572533387378,-1.2292047299633515,0.001921503997786116
61.120000000000005,-1.3534072560975685,2.1335233954976807,-1.265005840263764,0.0018972796622454048
61.13,-1.332140618792017,2.119673380197831,-1.3002329863961797,0.001871626681223581
61.14,-1.311016345894851,2.1050562015158123,-1.3348566550326566,0.0018446345911739487
61.15,-1.2900419371467207,2.0897063560675697,-1.3688494336460928,0.0018163964610778825
61.160000000000004,-1.2692245440303611,2.073658974173941,-1.4021860338837466,0.001787008153995062
61.17,-1.2485709641687632,2.056949673286585,-1.4348433026751755,0.0017565675966999135
61.18,-1.2280876371733511,2.0396144147196917,-1.4668002215874036,0.0017251740654569228
61.19,-1.2077806419044859,2.021689364597316,-1.4980378950272237,0.0016929274952552297
61.2,-1.1876556950979729,2.0032107598331113,-1.5285395279645644,0.0016599278190120976
61.21,-1.1677181513035715,1.984214779861935,-1.5582903939115917,0.0016262743423884692
61.22,-1.1479730040748048,1.964737424743109,-1.5872777939397025,0.0015920651589612406
61.230000000000004,-1.1284248883436734,1.9448144001547158,-1.6154910075510993,0.0015573966095869638
61.24,-1.1090780839091792,1.9244810096988325,-1.6429212362437189,0.0015223627888907893
61.25,-1.0899365199648592,1.9037720548404466,-1.6695615406186042,0.0014870551009399154
61.26,-1.0710037805877688,1.8827217427092289,-1.6954067718782144,0.0014515618653278368
61.27,-1.0522831111095128,1.8613636019044388,-1.7204534985536049,0.0014159679741171014
61.28,-1.033777425288942,1.8397304063598998,-1.7446999292789407,0.0013803545993738954
61.29,-1.0154893132059533,1.8178541072488983,-1.7681458324045194,0.0013447989503852808
61.300000000000004,-0.9974210497963905,1.7957657728385705,-1.7907924532055053,0.0013093740790840864
61.31,-0.9795746039492707,1.7734955361401814,-1.812642429404034,0.0012741487317199291
61.32,-0.9619516480893786,1.751072550145878,-1.8336997056783417,0.0012391872444083847
61.33,-0.9445535681706182,1.7285249503940496,-1.8539694477851572,0.0012045494798622628
61.34,-0.9273814740082983,1.7058798245642797,-1.8734579568717633,0.0011702908023566829
61.35,-0.9104362098816965,1.6831631887688254,-1.8921725845028197,0.0011364620877991225
61.36,-0.8937183653417173,1.660399970180335,-1.910121648875074,0.0011031097656613096
61.370000000000005,-0.8772282861621731,1.6376139956147286,-1.9273143526412377,0.001070275889475998
61.38,-0.8609660853771045,1.6148279856734284,-1.943760702713223,0.0010379982326020306
61.39,-0.8449316543505683,1.5920635540399215,-1.959471432365209,0.001006310406008996
61.4,-0.8291246738293911,1.5693412115215124,-1.9744579259091037,0.000975241994921001
61.410000000000004,-0.8135446249334852,1.5466803744275295,-1.9887321461692933,0.0009448187112815819
61.42,-0.7981908000423863,1.5240993768796787,-2.0023065649404272,0.0009150625591519268
61.43,-0.783062313540684,1.5016154866581752,-2.015194096571626,0.0008859920103260355
61.44,-0.7681581123889226,1.4792449241982197,-2.027408034783056,0.0008576221876341153
61.45,-0.753476986490342,1.4570028843648388,-2.038961992786423,0.000829965053603771
61.46,-0.7390175788274703,1.4349035606496312,-2.0498698467496106,0.000803029602353171
61.47,-0.7247783953460609,1.4129601714501097,-2.060145682617442,0.0007768220527970254
61.480000000000004,-0.7107578145671681,1.3911849881107263,-2.069803746275312,0.000751346041451691
61.49,-0.6969540969112696,1.3695893644239416,-2.0788583970201504,0.0007266028133268767
61.5,-0.6833653937212599,1.3481837673095363,-2.087324064283712,0.0007025914095857773
61.51,-0.6699897559738587,1.326977808410471,-2.0952152075364165,0.0006793088508412867
61.52,-0.6568251426714924,1.3059802763637274,-2.102546279285724,0.0006567503151315444
61.53,-0.6438694289090245,1.2851991695244862,-2.109331691071162,0.0006349093097823101
61.54,-0.6311204136118274,1.2646417289415517,-2.1155857823484556,0.0006137778365160265
61.550000000000004,-0.6185758269436137,1.2443144714009209,-2.1213227921475606,0.0005933465493072655
61.56,-0.6062333373841864,1.2242232223727398,-2.126556833383592,0.0005736049046113569
61.57,-0.5940905584788216,1.2043731487144498,-2.1313018696954944,0.0005545413037077397
61.58,-0.58214505526239,1.184768790999644,-2.1355716946846535,0.0005361432270019509
61.59,-0.5703943503625448,1.1654140953579684,-2.1393799134243148,0.0005183973602206305
61.6,-0.5588359297873778,1.146312444726269,-2.14273992611053,0.0005012897125130255
61.61,-0.5474672484038705,1.1274666894250986,-2.145664913726197,0.00048480572654099327
61.620000000000005,-0.5362857351142627,1.1088791769876245,-2.148167825591503,0.0004689303806978725
61.63,-0.525288797738129,1.090551781179947,-2.1502613686765684,0.00045364828364564096
61.64,-0.5144738276085072,1.0724859301628586,-2.151957998555182,0.000438943761400386
61.65,-0.5038382038908729,1.0546826337551518,-2.15326991188216,0.0004248009372288988
61.660000000000004,-0.493379297634103,1.037142509767774,-2.154209040280888,0.00041120380464485824
61.67,-0.4830944755628422,1.019865809386452,-2.1547870455319775,0.00039813629381250183
61.68,-0.47298110362086404,1.002852441587908,-2.155015315958568,0.0003855823316795134
61.690000000000005,-0.46303655027513907,0.9861019965815062,-2.1549049639086,0.0003735258961696887
61.7,-0.45325818959037073,0.9696137682741554,-2.154466824239263,0.0003619510647704596
61.71,-0.44364340408375474,0.9533867757615843,-2.1537114537137634,0.00035084205785118714
61.72,-0.43418958736966373,0.9374197838537548,-2.152649131225522,0.00034018327704575784
61.730000000000004,-0.4248941466038586,0.9217113226462307,-2.1512898587698004,0.0003299593390279391
61.74,-0.41575450473669473,0.9062597061528164,-2.1496433630876175,0.00032015510500061
61.75,-0.40676810258461965,0.8910630500177738,-2.1477190979115477,0.0003107557062108734
61.76,-0.39793240072906505,0.8761192883284465,-2.145526246747613,0.00030174656579243865
61.77,-0.3892448812516157,0.8614261895512249,-2.1430737261319566,0.0002931134172248803
61.78,-0.3807030493141,0.8469813716154971,-2.140370189305304,0.000284842319686794
61.79,-0.37230443459199275,0.8327823161716054,-2.1374240302523564,0.00027691967056668983
61.800000000000004,-0.36404659256925664,0.8188263820498713,-2.1342433880572282,0.00026933221538182235
61.81,-0.35592710570247177,0.8051108179485396,-2.1308361515298375,0.000262067055341418
61.82,-0.3479435844618231,0.7916327743790038,-2.127209964061724,0.0002551116527769449
61.83,-0.3400936682562304,0.7783893148969906,-2.1233722286732024,0.0002484538346483472
61.84,-0.3323750262496158,0.7653774266484794,-2.1193301132169586,0.00024208179432170374
61.85,-0.32478535807501957,0.7525940302590796,-2.1150905557062347,0.00023598409180057982
61.86,-0.31732239445298527,0.740035989095373,-2.1106602697385908,0.00023014965258056816
61.870000000000005,-0.3099838977203545,0.7277001179263943,-2.106045749988911,0.0002245677652841379
61.88,-0.3027676622753302,0.7155831910129729,-2.101253277747808,0.00021922807822112814
61.89,-0.29567151494439375,0.703681949652122,-2.0962889264839153,0.00021412059500881017
61.9,-0.2886933152763922,0.6919931092030442,-2.0911585674107256,0.00020923566937471798
61.910000000000004,-0.2818309557688487,0.680513365620639,-2.0858678750406483,0.00020456399925523165
61.92,-0.2750823620312957,0.6692394015216709,-2.0804223327108256,0.00020009662029317634
61.93,-0.26844549289018105,0.658167891807982,-2.074827238066978,0.00019582489882868207
61.940000000000005,-0.261918340439658,0.6472955088703299,-2.0690877084931443,0.00019174052446897246
61.95,-0.25549893004233876,0.6366189273956111,-2.0632086864766492,0.0001878355023147638
61.96,-0.24918532028386703,0.6261348287993846,-2.057194944898993,0.0001841021449135316
61.97,-0.24297560288495088,0.615839905304773,-2.051051092244581,0.0001805330640029144
61.980000000000004,-0.2368679025742898,0.6057308636879614,-2.0447815777203715,0.00017712116210114414
61.99,-0.23086037692563294,0.5958044287096768,-2.0383906962805285,0.00017385962399535867
62.0,-0.22495121616201486,0.5860573462511882,-2.0318825935511464,0.00017074190817321406
62.01,-0.21913864293003463,0.5764863861725442,-2.0252612706509425,0.0001677617382380799
62.02,-0.21342091204687058,0.5670883449099532,-2.0185305889046212,0.00016491309434344239
62.03,-0.207796310222558,0.5578600478284149,-2.0116942744463033,0.00016219020467790233
62.04,-0.20226315575990025,0.5487983513449389,-2.0047559227110643,0.00015958753702813923
62.050000000000004,-0.19681979823423343,0.5399001448369289,-1.997719002813196,0.0001570997904437247
62.06,-0.1914646181551236,0.531162352349581,-1.990586861810325,0.00015472188702436333
62.07,-0.18619602661193987,0.5225819341154333,-1.9833627288529834,0.00015244896384716968
62.08,-0.18101246490511894,0.514155887898522,-1.9760497192196382,0.00015027636504889153
62.09,-0.17591240416481577,0.5058812501749352,-1.9686508382375607,0.00014819963407558976
62.1,-0.17089434495852002,0.4977550971609245,-1.96116898509023,0.00014621450611006857
62.11,-0.1659568168891092,0.4897745456991187,-1.953606956512262,0.0001443169006853602
62.120000000000005,-0.16109837818470762,0.48193675401280567,-1.9459674503730982,0.00014250291449081497
62.13,-0.15631761528162266,0.47423892233767995,-1.9382530691509126,0.00014076881437575226
62.14,-0.15161314240153914,0.4666782934399246,-1.9304663232983805,0.00013911103055421528
62.15,-0.14698360112406617,0.45925215302897904,-1.9226096345021157,0.0001375261500131147
62.160000000000004,-0.14242765995564988,0.45195783007285834,-1.914685338837721,0.00013601091012492008
62.17,-0.13794401389578928,0.4447926970234248,-1.9066956898225118,0.0001345621924650848
62.18,-0.13353138400142037,0.4377541699585675,-1.8986428613680706,0.0001331770168335448
62.190000000000005,-0.12918851695026662,0.4308397086478271,-1.89052895063486,0.0001318525354788379
62.2,-0.12491418460389013,0.42404681654760135,-1.8823559807911943,0.0001305860275227591
62.21,-0.12070718357111877,0.4173730407316879,-1.8741259036789064,0.00012937489358292412
62.22,-0.11656633477246856,0.41081597176256196,-1.8658406023880838,0.0001282166505900824
62.230000000000004,-0.11249048300612838,0.4043732435084443,-1.8575018937432692,0.00012710892679664162
62.24,-0.10847849651602523,0.3980425329108927,-1.8491115307035328,0.00012604945697252456
62.25,-0.10452926656244235,0.39182155970734583,-1.8406712046788214,0.00012503607778417746
62.26,-0.10064170699561978,0.385708086112758,-1.8321825477649876,0.00012406672335233272
62.27,-0.0968147538327269,0.379699916464193,-1.8236471348998844,0.0001231394209839342
62.28,-0.09304736483855913,0.3737948968319867,-1.8150664859428935,0.0001222522870734999
62.29,-0.08933851911027596,0.36799091460084543,-1.8064420676802266,0.00012140352316908933
62.300000000000004,-0.08568721666646521,0.36228589802401934,-1.7977752957583115,0.0001205914121979806
62.31,-0.0820924780407879,0.35667781575347357,-1.7890675365475368,0.00011981431484711636
62.32,-0.07855334388042993,0.35116467634877785,-1.7803201089385932,0.0001190706660933512
62.33,-0.07506887454956084,0.3457445277672442,-1.7715342860736059,0.00011835897187857335
62.34,-0.07163814973797483,0.3404154568376618,-1.7627112970142103,0.00011767780592476889
62.35,-0.06826026807506758,0.3351755887198114,-1.7538523283486758,0.00011702580668416612
62.36,-0.06493434674928024,0.3300230863517812,-1.744958525740135,0.00011640167441964936
62.370000000000005,-0.06165952113312364,0.3249561498869577,-1.7360309954179274,0.00011580416841069467
62.38,-0.058434944413876796,0.31997301612242685,-1.7270708056140156,0.00011523210428018008
62.39,-0.05525978723003766,0.31507195792038684,-1.718078987946383,0.0001146843514375136
62.4,-0.05213323731358845,0.31025128362405446,-1.709056538751267,0.00011415983063362333
62.410000000000004,-0.04905449913812374,0.305509336469429,-1.700004420366036,0.0001136575116234305
62.42,-0.046022793572876336,0.3008444939941717,-1.6909235623644616,0.00011317641093159408
62.43,-0.0430373575426639,0.2962551674447568,-1.6818148627460894,0.00011271558971738993
62.440000000000005,-0.040097443693768255,0.2917398011829566,-1.6726791890813608,0.00011227415173469775
62.45,-0.037202320065749105,0.2872968720926346,-1.6635173796140863,0.00011185124138323786
62.46,-0.03435126976918448,0.28292488898773716,-1.6543302443228207,0.00011144604184726246
62.47,-0.031543590669321886,0.27862239202229916,-1.645118565942645,0.00011105777331806021
62.480000000000004,-0.028778595075616212,0.27438795210320577,-1.6358831009488066,0.00011068569129676486
62.49,-0.026055609437123366,0.27022017030638507,-1.6266245805036241,0.00011032908497402964
62.5,-0.023373974043712276,0.26611767729704555,-1.6173437113680191,0.00010998727568330767
62.51,-0.02073304273305196,0.2620791327545117,-1.608041176778985,0.00010965961542456744
62.52,-0.01813218260332513,0.25810322480215925,-1.5987176372942653,0.00010934548545536776
62.53,-0.015570773731615053,0.2541886694428985,-1.5893737316054655,0.00010904429494637594
62.54,-0.013048208897908154,0.2503342100006097,-1.580010077320783,0.00010875547969850184
62.550000000000004,-0.01056389331465098,0.24653861656788867,-1.5706272717184953,0.00010847850091890716
62.56,-0.008117244361796814,0.2428006854604215,-1.5612258924723095,0.00010821284405330789
62.57,-0.005707691327274222,0.23911923867826904,-1.5518064983496336,0.00010795801767204361
62.58,-0.003334675152807155,0.23549312337430733,-1.5423696298837957,0.00010771355240751077
62.59,-0.0009976481850139732,0.23192121133003712,-1.5329158100211953,0.00010747899994066138
62.6,0.001303926068289254,0.22840239843894652,-1.5234455447443407,0.00010725393203432965
62.61,0.0035705731766574947,0.2249356041975822,-1.5139593236716873,0.00010703793961129495
62.620000000000005,0.005802808020535312,0.22151977120445976,-1.5044576206351592,0.00010683063187503569
62.63,0.008001135019804172,0.2181538646669196,-1.4949408942362044,0.00010663163547122877
62.64,0.010166048357438404,0.21483687191601344,-1.4854095883812013,0.00010644059368812177
62.65,0.012298032198350455,0.21156780192948565,-1.4758641327970063,0.00010625716569401435
62.660000000000004,0.014397560903506624,0.20834568486289623,-1.4663049435273976,0.00010608102581014146
62.67,0.01646509923939488,0.20516957158891416,-1.4567324234111465,0.00010591186281731782
62.68,0.018501102582926508,0.20203853324479526,-1.4471469625424185,0.00010574937929478523
62.690000000000005,0.020506017121853477,0.19895166078804344,-1.437548938714179,0.00010559329098978254
62.7,0.022480280050783272,0.19590806456024218,-1.427938717845254,0.00010544332621641604
62.71,0.0244243197628728,0.1929068738590303,-1.4183166543916688,0.00010529922528245653
62.72,0.02633855603728262,0.1899472365181857,-1.4086830917428688,0.00010516073994277292
62.730000000000004,0.02822340022247237,0.1870283184957709,-1.3990383626033989,0.00010502763287817655
62.74,0.030079255415417717,0.18414930347028485,-1.3893827893605954,0.00010489967719846636
62.75,0.031906516636828613,0.18130939244475805,-1.379716684438829,0.00010477665596855309
62.76,0.03370557100244792,0.17850780335871985,-1.3700403506408092,0.00010465836175659846
62.77,0.03547679789050874,0.17574377070796127,-1.3603540814764454,0.0001045445962031337
62.78,0.03722056910542802,0.1730165451720098,-1.35065816147974,0.00010443516961016361
62.79,0.03893724903781311,0.17032539324922816,-1.3409528665141688,0.0001043299005493284
62.800000000000004,0.04062719482085699,0.16766959689944402,-1.3312384640669892,0.00010422861548823893
62.81,0.042290756483197134,0.1650484531940136,-1.321515213532896,0.0001041311484341218
62.82,0.043928277098311666,0.1624612739732184,-1.3117833664874314,0.00010403734059396264
62.83,0.0455400929305258,0.15990738551089181,-1.3020431669505392,0.00010394704005037708
62.84,0.04712653357770018,0.1573861281861684,-1.2922948516406365,0.00010386010145248512
62.85,0.048687922110671945,0.1548968561622479,-1.2825386502195628,0.00010377638572104807
62.86,0.050224575209517994,0.1524389370720631,-1.2727747855287548,0.00010369575976723143
62.870000000000005,0.051736803296709,0.15001175171073902,-1.2630034738169755,0.00010361809622435416
62.88,0.05322491066722152,0.14761469373473077,-1.2532249249599203,0.00010354327319198151
62.89,0.05468919561567436,0.14524716936752494,-1.2434393426720058,0.00010347117399182301
62.9,0.05612995056055433,0.14290859711179002,-1.2336469247106359,0.00010340168693485227
62.910000000000004,0.05754746216559523,0.14059840746786004,-1.2238478630732303,0.00010333470509913594
62.92,0.058942011458372925,0.1383160426584358,-1.2140423441872867,0.00010327012611787292
62.93,0.06031387394617793,0.13606095635938797,-1.2042305490937384,0.00010320785197713502
62.940000000000005,0.061663319729226174,0.13383261343654643,-1.1944126536238613,0.00010314778882290597
62.95,0.062990613611267,0.13163048968836066,-1.1845888285699686,0.00010308984677693326
62.96,0.06429601520764672,0.12945407159431646,-1.1747592398501303,0.00010303393976100891
62.97,0.06557977905088462,0.12730285606899486,-1.1649240486671357,0.00010297998532927716
62.980000000000004,0.0668421546938173,0.12517635022166004,-1.1550834116619195,0.00010292790450818153
62.99,0.068083386810366,0.12307407112126362,-1.1452374810616532,0.00010287762164372441
63.0,0.06930371529398076,0.12099554556675404,-1.1353864048227031,0.00010282906425566654
63.01,0.07050337535381349,0.1189403098625807,-1.1255303267686443,0.00010278216289834449
63.02,0.07168259760867184,0.11690790959928343,-1.1156693867235161,0.00010273685102782246
63.03,0.0728416081788038,0.11489789943905968,-1.1058037206404925,0.00010269306487506904
63.04,0.07398062877556243,0.11290984290620248,-1.0959334607261388,0.00010265074332485704
63.050000000000004,0.07509987678899893,0.11094331218230417,-1.0860587355604185,0.0001026098278001562
63.06,0.07619956537343113,0.10899788790612178,-1.0761796702126043,0.00010257026215174354
63.07,0.07727990353103348,0.10707315897800183,-1.0662963863532464,0.00010253199255278188
63.08,0.07834109619349369,0.1051687223687637,-1.056409002362343,0.00010249496739816357
63.09,0.0793833443017801,0.10328418293294199,-1.0465176334338488,0.00010245913720836624
63.1,0.08040684488406277,0.10141915322629022,-1.0366223916766624,0.00010242445453762357
63.11,0.08141179113183072,0.09957325332744968,-1.0267233862122132,0.00010239087388623269
63.120000000000005,0.08239837247424601,0.09774611066368863,-1.0168207232687785,0.00010235835161676955
63.13,0.08336677465077538,0.09593735984061896,-1.0069145062726468,0.0001023268458740546
63.14,0.08431717978213851,0.09414664247579886,-0.9970048359362423,0.00010229631650869543
63.15,0.08524976643961131,0.09237360703613168,-0.987091810343322,0.00010226672500403786
63.160000000000004,0.0861647097127219,0.09061790867897286,-0.9771755250313499,0.0001022380344063628
63.17,0.08706218127537575,0.08887920909685847,-0.967256073071152,0.00010221020925819154
63.18,0.08794234945044592,0.08715717636577025,-0.9573335451439499,0.00010218321553454841
63.190000000000005,0.08880537927286326,0.08545148479685409,-0.9474080296158663,0.00010215702058204283
63.2,0.08965143255124074,0.0837618147915101,-0.9374796126099961,0.000102131593060653
63.21,0.09048066792806514,0.08208785269977423,-0.9275483780761273,0.00010210690288807647
63.22,0.09129324093848883,0.08042929068191301,-0.917614407858199,0.0001020829211865407
63.230000000000004,0.09208930406775304,0.07878582657315443,-0.9076777817595753,0.000102059620231945
63.24,0.09286900680727399,0.07715716375147949,-0.897738577606215,0.00010203697340524802
63.25,0.09363249570942184,0.07554301100840084,-0.887796871307811,0.00010201495514598553
63.26,0.09437991444102203,0.07394308242265597,-0.8778527369169725,0.00010199354090782146
63.27,0.09511140383560794,0.07235709723674431,-0.8679062466865188,0.000101972707116052
63.28,0.09582710194445274,0.07078477973623887,-0.8579574711249532,0.00010195243112695671
63.29,0.09652714408640797,0.06922585913180458,-0.8480064790501803,0.00010193269118892718
63.300000000000004,0.09721166289657565,0.067680069443857,-0.8380533376415297,0.00010191346640529198
63.31,0.09788078837383977,0.06614714938979627,-0.828098112490145,0.00010189473669874779
63.32,0.09853464792728284,0.06462684227375293,-0.8181408676477983,0.00010187648277733953
63.33,0.09917336642151212,0.06311889587878333,-0.8081816656741823,0.00010185868610192218
63.34,0.09979706622091986,0.06162306236145372,-0.7982205676827363,0.00010184132885501599
63.35,0.10040586723290104,0.060139098148753616,-0.7882576333850572,0.00010182439391101674
63.36,0.10099988695005167,0.05866676383728023,-0.7782929211339437,0.00010180786480769016
63.370000000000005,0.10157924049137002,0.057205824094637,-0.7683264879651241,0.00010179172571888618
63.38,0.10214404064248267,0.055756047562990664,-0.7583583896377126,0.00010177596142843882
63.39,0.10269439789491677,0.054317206764732305,-0.7483886806734372,0.00010176055730517499
63.4,0.10323042048443913,0.05288907801018934,-0.738417414394686,0.00010174549927900056
63.410000000000004,0.10375221442848248,0.051471441307336316,-0.7284446429614089,0.00010173077381800833
63.42,0.10425988356267865,0.050064080273453715,-0.7184704174069183,0.00010171636790656285
63.43,0.10475352957651785,0.04866678204868501,-0.7084947876726247,0.00010170226902432499
63.440000000000005,0.1052332520481528,0.04727933721144346,-0.698517802641746,0.0001016884651261594
63.45,0.10569914847836603,0.04590153969562099,-0.6885395101720254,0.00010167494462291236
63.46,0.106151314323718,0.04453318670955291,-0.6785599571274927,0.00010166169636299383
63.47,0.10658984302889349,0.04317407865669291,-0.668579189409303,0.00010164870961474228
63.480000000000004,0.1070148260582632,0.041824019057954055,-0.6585972519856839,0.00010163597404954392
63.49,0.10742635292667672,0.040482814475672355,-0.6486141889210225,0.00010162347972566063
63.5,0.1078245112295033,0.03915027443915058,-0.6386300434041235,0.00010161121707273987
63.51,0.10820938667193555,0.0378262113717408,-0.6286448577756655,0.00010159917687697996
63.52,0.10858106309757166,0.036510440519425175,-0.6186586735548841,0.00010158735026692594
63.53,0.10893962251629072,0.03520277988085535,-0.6086715314655099,0.00010157572869985485
63.54,0.10928514513143547,0.03390305013881185,-0.5986834714609854,0.00010156430394873743
63.550000000000004,0.10961770936631676,0.032611074593045436,-0.5886945327489882,0.00010155306808974995
63.56,0.10993739189005299,0.03132667909446358,-0.5787047538152826,0.00010154201349030798
63.57,0.1102442676427581,0.030049691980625782,-0.5687141724469253,0.00010153113279760035
63.58,0.11053840986009096,0.028779944012512375,-0.5587228257548463,0.00010152041892760642
63.59,0.11081989009717848,0.027517268312532196,-0.5487307501958275,0.0001015098650545736
63.6,0.11108877825192505,0.02626150030373531,-0.5387379815939006,0.00010149946460093329
63.61,0.1113451425877199,0.02501247765019768,-0.5287445551611843,0.00010148921122764103
63.620000000000005,0.11158904975555402,0.023770040198545377,-0.5187505055181809,0.00010147909882491511
63.63,0.11182056481555794,0.022534029920586746,-0.5087558667135517,0.00010146912150336965
63.64,0.11203975125797118,0.021304290857021433,-0.49876067224338916,0.00010145927358551536
63.65,0.11224667102355411,0.020080669062196046,-0.4887649550700051,0.00010144954959761358
63.660000000000004,0.11244138452345244,0.018863012549876754,-0.47876874764025057,0.00010143994426187426
63.67,0.1126239506585244,0.017651171240009776,-0.4687720819033858,0.00010143045248897716
63.68,0.11279442683814037,0.01644499690644137,-0.4587749893285161,0.00010142106937091002
63.690000000000005,0.11295286899846432,0.015244343125569462,-0.448777500921609,0.00010141179017410381
63.7,0.11309933162022646,0.014049065225899717,-0.4387796472421088,0.00010140261033285392
63.71,0.1132338677459957,0.012859020238479336,-0.42878145841916304,0.00010139352544302348
63.72,0.11335652899696076,0.011674066848182467,-0.41878296416747524,0.00010138453125600675
63.730000000000004,0.1134673655892284,0.010494065345821632,-0.40878419380279796,0.00010137562367294751
63.74,0.11356642634964667,0.009318877581060078,-0.3987851762570798,0.00010136679873920401
63.75,0.11365375873116122,0.00814836691610048,-0.3887859400932797,0.000101358052639044
63.76,0.11372940882771229,0.006982398180125895,-0.37878651351986087,0.00010134938169056926
63.77,0.11379342138867976,0.005820837624469335,-0.3687869244049772,0.00010134078234085353
63.78,0.11384583983288345,0.004663552878488816,-0.3587872002903641,0.00010133225116128796
63.79,0.11388670626214559,0.0035104129061251208,-0.3487873684049456,0.00010132378484312873
63.800000000000004,0.11391606147442221,0.0023612879631200083,-0.33878745567816876,0.0001013153801932341
63.81,0.11393394497650991,0.0012160495548729686,-0.3287874887530769,0.00010130703412998863
63.82,0.1139403949963343,7.457039491504591e-05,-0.31878749399913225,0.00010129874367940302
63.83,0.11393544849482613,-0.001063275636021365,-0.30878749752479884,0.00010129050597138473
63.84,0.11391914117739119,-0.002197613530357469,-0.29878752518989526,0.00010128231823617648
63.85,0.11389150750497913,-0.0033285671934681297,-0.288787602617728,0.00010127417780095025
63.86,0.11385258070475733,-0.00445625948294704,-0.2787877552070146,0.00010126608208655503
63.870000000000005,0.11380239278039445,-0.005580812247356685,-0.26878800814360637,0.00010125802860441464
63.88,0.11374097452195908,-0.00670234636448244,-0.25878838641201973,0.00010125001495356488
63.89,0.11366835551543826,-0.007820981779109839,-0.24878891480678564,0.00010124203881782746
63.9,0.11358456415188047,-0.008936837540343742,-0.2387896179436255,0.00010123409796312095
63.910000000000004,0.1134896276361677,-0.010050031838487867,-0.22879052027046243,0.00010122619023489588
63.92,0.11338357199542086,-0.011160682041502827,-0.2187916460782765,0.00010121831355569656
63.93,0.11326642208704256,-0.012268904731060588,-0.2087930195118118,0.00010121046592284105
63.940000000000005,0.11313820160640135,-0.01337481573821298,-0.1987946645801441,0.00010120264540621903
63.95,0.11299893309416116,-0.014478530178691683,-0.1887966051671163,0.00010119485014620186
63.96,0.1128486379432594,-0.015580162487856826,-0.17879886504165027,0.00010118707835166109
63.97,0.11268733640553741,-0.01667982645531115,-0.16880146786794217,0.00010117932829809546
63.980000000000004,0.11251504759802625,-0.017777635259196484,-0.15880443721554907,0.00010117159832585884
63.99,0.11233178950889108,-0.018873701500189004,-0.14880779656937415,0.00010116388683848982
64.0,0.11213757900303709,-0.019968137235209696,-0.13881156933955793,0.00010115619230113867
64.01,0.11193243182737954,-0.021061054010866064,-0.12881577887128257,0.00010114851323908913
64.02,0.11171636261578084,-0.02215256289664115,-0.11882044845449641,0.00010114084823637438
64.03,0.11148938489365677,-0.023242774517845646,-0.10882560133356567,0.00010113319593448338
64.04,0.11125151108225441,-0.024331799088348725,-0.09883126071686026,0.000101125555031155
64.05,0.11100275250260373,-0.02541974644310317,-0.0888374497862805,0.00010111792427926074
64.06,0.110743119379145,-0.026506726070480126,-0.0788441917067315,0.00010111030248577152
64.07000000000001,0.11047262084303355,-0.02759284714442877,-0.0688515096355519,0.00010110268851080931
64.08,0.110191264935124,-0.028678218556476006,-0.058859426731903426,0.00010109508126678019
64.09,0.10989905860863498,-0.02976294894758123,-0.048867966166128186,0.00010108747971758888
64.1,0.10959600773149615,-0.030847146739861112,-0.038877151129079746,0.00010107988287793376
64.11,0.10928211708837847,-0.03193092016819923,-0.028887004841434853,0.00010107228981267998
64.12,0.10895739038240888,-0.0330143773117553,-0.018897550562992048,0.00010106469963631138
64.13,0.1086218302365704,-0.03409762612538875,-0.008908811601963613,0.00010105711151245952
64.14,0.1082754381947883,-0.03518077447101118,0.0010791886757327146,0.00010104952465350948
64.15,0.10791821472270302,-0.03626393014888241,0.011066426837175937,0.00010104193832028231
64.16,0.10755015920813046,-0.03734720092886455,0.021052879373131498,0.000101034351821793
64.17,0.10717126996120975,-0.038430694581648585,0.031038522688722144,0.00010102676451508468
64.18,0.10678154421423891,-0.03951451890996803,0.04102333309407358,0.00010101917580513818
64.19,0.10638097812119836,-0.04059878177981404,0.0510072867949285,0.00010101158514485762
64.2,0.10596956675696219,-0.041683591151666435,0.06099035988322269,0.00010100399203513173
64.21000000000001,0.105547304116197,-0.04276905511175504,0.07097252832761669,0.00010099639602497118
64.22,0.10511418311194796,-0.04385528190336587,0.08095376796397659,0.00010098879671172286
64.23,0.10467019557391141,-0.044942379958206505,0.09093405448579753,0.00010098119374136135
64.24,0.10421533224639355,-0.046030457927845256,0.10091336343456335,0.00010097358680885762
64.25,0.10374958278595425,-0.04711962471523857,0.11089167019003576,0.00010096597565862704
64.26,0.10327293575873517,-0.048209989506361205,0.12086894996046654,0.00010095836008505676
64.27,0.10278537863747086,-0.04930166180195387,0.13084517777272592,0.00010095073993311389
64.28,0.10228689779818191,-0.050394751449402884,0.14082032846234055,0.00010094311509903508
64.29,0.10177747851654839,-0.0514893686747667,0.1507943766634341,0.00010093548553109949
64.3,0.1012571049639624,-0.05258562411496399,0.1607672967985636,0.00010092785123048702
64.31,0.10072576020325777,-0.05368362885013824,0.17073906306844472,0.00010092021225222216
64.32000000000001,0.10018342618411523,-0.05478349443621384,0.18070964944155846,0.00010091256870620646
64.33,0.0996300837381409,-0.05588533293765867,0.19067902964363262,0.00010090492075834105
64.34,0.0990657125736162,-0.05698925696046852,0.20064717714699032,0.00010089726863174
64.35,0.09849029126991661,-0.058095379685388464,0.2106140651597582,0.00010088961260804044
64.36,0.09790379727159707,-0.059203814901386785,0.22057966661492712,0.00010088195302880777
64.37,0.09730620688214121,-0.06031467703939693,0.23054395415925713,0.00010087429029703994
64.38,0.0966974952573719,-0.061428081206343216,0.24050690014201942,0.00010086662487877566
64.39,0.09607763639851988,-0.06254414321946622,0.2504684766035669,0.00010085895730480582
64.4,0.0954466031449477,-0.06366297964096376,0.26042865526372566,0.00010085128817249361
64.41,0.09480436716652559,-0.06478470781296385,0.2703874075099985,0.00010084361814770588
64.42,0.0941508989556558,-0.06590944589284575,0.28034470438557285,0.00010083594796686136
64.43,0.09348616781894203,-0.06703731288892602,0.29030051657712375,0.00010082827843909415
64.44,0.09281014186849999,-0.068168428696526,0.30025481440240337,0.00010082061044854051
64.45,0.09212278801290538,-0.06930291413443802,0.3102075677976081,0.00010081294495675599
64.46000000000001,0.09142407194777513,-0.07044089098180721,0.3201587463045141,0.00010080528300525848
64.47,0.09071395814597766,-0.07158248201544665,0.33010831905737115,0.00010079762571820903
64.48,0.08999240984746774,-0.07272781104760334,0.34005625476954654,0.00010078997430523333
64.49,0.08925938904874142,-0.07387700296419292,0.35000252171990737,0.00010078233006438853
64.5,0.08851485649190609,-0.07503018376352132,0.3599470877389327,0.00010077469438528057
64.51,0.0877587716533609,-0.07618748059551186,0.369889920194544,0.00010076706875233649
64.52,0.0869910927320823,-0.07734902180145638,0.3798309859776438,0.0001007594547482409
64.53,0.0862117766375093,-0.07851493695430942,0.3897702514873516,0.00010075185405754059
64.54,0.08542077897702303,-0.0796853568995449,0.3997076826159254,0.00010074426847042349
64.55,0.08461805404301492,-0.08086041379659467,0.4096432447333575,0.00010073669988667896
64.56,0.08380355479953736,-0.08204024116088905,0.4195769026716333,0.00010072915031984838
64.57000000000001,0.08297723286853091,-0.0832249739065195,0.4295086207086395,0.00010072162190156894
64.58,0.0821390385156218,-0.08441474838954408,0.4394383625517106,0.00010071411688612633
64.59,0.0812889206354829,-0.08560970245195652,0.44936609132080013,0.00010070663765521562
64.6,0.0804268267367517,-0.08680997546634049,0.45929176953126305,0.00010069918672292481
64.61,0.07955270292649817,-0.0880157083812303,0.4692153590762365,0.0001006917667409503
64.62,0.07866649389423552,-0.08922704376720052,0.4791368212086041,0.0001006843805040469
64.63,0.0777681428954661,-0.0904441258637068,0.48905611652252956,0.00010067703095573124
64.64,0.07685759173475527,-0.09166710062670068,0.49897320493454467,0.00010066972119424565
64.65,0.07593478074832499,-0.09289611577704178,0.5088880456641768,0.00010066245447878992
64.66,0.07499964878615932,-0.09413132084973105,0.518800597214099,0.00010065523423603391
64.67,0.07405213319361327,-0.0953728672439893,0.5287108173497874,0.00010064806406693007
64.68,0.07309216979251666,-0.09662090827420546,0.5386186630786689,0.00010064094775382693
64.69,0.07211969286176392,-0.09787559922177978,0.548524090628741,0.00010063388926790368
64.7,0.071134635117381,-0.09913709738788756,0.5584270554266472,0.00010062689277693691
64.71000000000001,0.07013692769205977,-0.10040556214718925,0.5683275120751883,0.00010061996265341664
64.72,0.0691265001141507,-0.10168115500251369,0.5782254143302515,0.00010061310348302499
64.73,0.06810328028610349,-0.10296403964054142,0.5881207150771371,0.00010060632007348838
64.74,0.06706719446234595,-0.10425438198851568,0.5980133663062623,0.00010059961746383065
64.75,0.06601816722659039,-0.1055523502720093,0.6079033190882223,0.00010059300093403264
64.76,0.06495612146855698,-0.10685811507377599,0.6177905235481853,0.00010058647601512313
64.77,0.06388097836010306,-0.10817184939371552,0.6276749288396015,0.00010058004849971769
64.78,0.06279265733074714,-0.10949372870998232,0.6375564831172,0.00010057372445302688
64.79,0.061691076042575864,-0.11082393104126824,0.6474351335092529,0.00010056751022435085
64.8,0.06057615036452227,-0.11216263701029024,0.6573108260890791,0.00010056141245908578
64.81,0.059447794346002926,-0.11351002990851476,0.6671835058457656,0.00010055543811126245
64.82000000000001,0.058305920189901564,-0.11486629576215104,0.6770531166540763,0.00010054959445663706
64.83,0.05715043822488626,-0.11623162339944627,0.6869196012435244,0.00010054388910636875
64.84,0.05598125687704703,-0.11760620451931611,0.696782901166578,0.00010053833002130299
64.85,0.05479828264084032,-0.11899023376134492,0.7066429567659723,0.00010053292552688528
64.86,0.05360142004932645,-0.12038390877719049,0.7164997071410951,0.00010052768432873528
64.87,0.052390571643685886,-0.12178743030342896,0.7263530901134176,0.00010052261552892003
64.88,0.0511656379419997,-0.12320100223587624,0.7362030421909372,0.00010051772864294532
64.89,0.04992651740727926,-0.12462483170542286,0.7460494985315986,0.00010051303361749703
64.9,0.04867310641472988,-0.12605912915542017,0.7558923929056595,0.00010050854084897951
64.91,0.047405299218232666,-0.1275041084206563,0.7657316576569653,0.00010050426120287648
64.92,0.04612298791602847,-0.12895998680796109,0.7755672236630963,0.00010050020603396868
64.93,0.04482606241558757,-0.13042698517848017,0.7853990202943483,0.00010049638720745381
64.94,0.043514410397647973,-0.1319053280316588,0.7952269753715081,0.00010049281712101358
64.95,0.04218791727940527,-0.1333952435909771,0.8050510151223838,0.00010048950872785957
64.96000000000001,0.040846466176836106,-0.13489696389147926,0.8148710641370455,0.0001004864755608021
64.97,0.0394899378661373,-0.13641072486913958,0.8246870453217352,0.00010048373175740575
64.98,0.038118210744261874,-0.1379367664521095,0.8344988798513994,0.00010048129208626249
64.99,0.03673116078853304,-0.13947533265389056,0.8443064871207971,0.00010047917197443789
65.0,0.03532866151531666,-0.14102667166847863,0.8541097846941367,0.00010047738753615371
65.01,0.033910583937732164,-0.1425910359675263,0.8639086882531889,0.00010047595560274704
65.02,0.03247679652238159,-0.1441686823995704,0.8737031115438262,0.00010047489375397862
65.03,0.03102716514507585,-0.1457598722913731,0.8834929663209334,0.00010047422035074374
65.04,0.02956155304553674,-0.1473648715514254,0.893278162291634,0.00010047395456925544
65.05,0.028079820781052957,-0.14898395077566315,0.903058607056775,0.00010047411643676537
65.06,0.02658182617906767,-0.1506173853554461,0.9128342060506094,0.00010047472686888523
65.07000000000001,0.025067424288674745,-0.15226545558785198,0.9226048624786155,0.00010047580770859855
65.08,0.02353646733100026,-0.15392844678833753,0.9323704772533878,0.0001004773817670263
65.09,0.021988804648445354,-0.1556066494058204,0.9421309489285334,0.00010047947286603475
65.1,0.020424282652765906,-0.1573003591402357,0.9518861736305049,0.0001004821058827692
65.11,0.018842744771964067,-0.15900987706262257,0.9616360449882981,0.0001004853067961975
65.12,0.01724403139596604,-0.16073550973779618,0.9713804540609412,0.00010048910273576668
65.13,0.015627979821059974,-0.1624775693496626,0.9811192892626973,0.00010049352203225583
65.14,0.013994424193067236,-0.16423637382923334,0.9908524362859017,0.00010049859427094245
65.15,0.012343195449219841,-0.16601224698539854,1.0005797780213517,0.00010050435034718133
65.16,0.010674121258716071,-0.1678055186385175,1.0103011944761622,0.00010051082252450494
65.17,0.008987025961925868,-0.16961652475688674,1.020016562689,0.00010051804449536612
65.18,0.007281730508216906,-0.17144560759614616,1.0297257566426035,0.00010052605144464614
65.19,0.005558052392371654,-0.1732931158416849,1.0394286471734924,0.0001005348801160688
65.2,0.0038158055895651227,-0.17515940475410874,1.049125101878772,0.00010054456888162246
65.21000000000001,0.0020548004888723713,-0.17704483631783183,1.0588149850199238,0.00010055515781415885
65.22,0.00027484382527420584,-0.17894977939285653,1.0684981574234815,0.0001005666887633157
65.23,-0.0015242613898711222,-0.180874609869805,1.0781744763784795,0.00010057920543489971
65.24,-0.0033427159399230643,-0.18281971082826706,1.08784379553056,0.00010059275347391065
65.25,-0.005180724475654253,-0.18478547269852974,1.0975059647726215,0.00010060738055136639
65.26,-0.007038495589580456,-0.1867722934267536,1.107160830131885,0.00010062313645509809
65.27,-0.008916241891959803,-0.18878057864366193,1.116808233653249,0.00010064007318472296
65.28,-0.01081418008849674,-0.1908107418368089,1.1264480132788055,0.00010065824505097226
65.29,-0.01273253105978685,-0.19286320452649328,1.1360800027233746,0.0001006777087795782
65.3,-0.01467151994253929,-0.194938396445384,1.14570403134592,0.00010069852361994954
65.31,-0.01663137621261436,-0.19703675572192456,1.1553199240166956,0.00010072075145883453
65.32000000000001,-0.018612333769914242,-0.1991587290675827,1.1649275009799718,0.0001007444569392162
65.33,-0.02061463102516578,-0.20130477196801203,1.1745265777121805,0.0001007697075846997
65.34,-0.022638510988634685,-0.20347534887819171,1.1841169647753182,0.00010079657392962076
65.35,-0.02468422136081131,-0.20567093342161047,1.1936984676654327,0.00010082512965516486
65.36,-0.02675201462510878,-0.20789200859356,1.2032708866560198,0.00010085545173176074
65.37,-0.028842148142614828,-0.21013906696860285,1.2128340166361429,0.00010088762056805429
65.38,-0.0309548842489395,-0.21241261091227884,1.2223876469430897,0.00010092172016677332
65.39,-0.03309049035320134,-0.21471315279711298,1.231931561189364,0.00010095783828777477
65.4,-0.03524923903919546,-0.2170412152229869,1.2414655370838101,0.00010099606661866112
65.41,-0.037431408168787345,-0.21939733124193453,1.2509893462466586,0.00010103650095327933
65.42,-0.039637280987577024,-0.22178204458742112,1.2605027540182698,0.00010107924137846763
65.43,-0.04186714623287868,-0.22419590990816288,1.2700055192613495,0.0001011243924694713
65.44,-0.04412129824406138,-0.22663949300654268,1.2794973941563985,0.00010117206349439892
65.45,-0.046400037075297156,-0.22911337108167507,1.2889781239901503,0.0001012223686281439
65.46000000000001,-0.04870366861076324,-0.23161813297717093,1.2984474469367422,0.00010127542717622812
65.47,-0.05103250468234558,-0.23415437943364986,1.3079050938313552,0.00010133136380901915
65.48,-0.05338686318989148,-0.2367227233460446,1.3173507879360498,0.00010139030880679631
65.49,-0.055767068224059316,-0.23932379002573895,1.3267842446975107,0.00010145239831617496
65.5,-0.05817345019181408,-0.24195821746757615,1.3362051714964087,0.00010151777461842203
65.51,-0.06060634594461739,-0.24462665662177108,1.3456132673880723,0.00010158658641021013
65.52,-0.06306609890936134,-0.24732977167075426,1.355008222834153,0.00010165898909737033
65.53,-0.06555305922209548,-0.2500682403109714,1.3643897194249544,0.00010173514510226141
65.54,-0.0680675838645967,-0.25284275403965556,1.3737574295920876,0.00010181522418538646
65.55,-0.07061003680383175,-0.2556540184465841,1.3831110163110965,0.00010189940378188921
65.56,-0.07318078913436223,-0.25850275351082463,1.3924501327936891,0.00010198786935363706
65.57000000000001,-0.07578021922374198,-0.2613896939024684,1.4017744221691966,0.00010208081475759006
65.58,-0.07840871286095678,-0.26431558928934,1.4110835171548641,0.00010217844263120653
65.59,-0.08106666340795589,-0.26728120464866534,1.4203770397145707,0.0001022809647956719
65.6,-0.08375447195432492,-0.2702873205836695,1.4296546007055535,0.00010238860267773364
65.61,-0.08647254747514928,-0.2733347336450669,1.4389157995126998,0.00010250158775102226
65.62,-0.08922130699211663,-0.2764242566573942,1.4481602236699576,0.00010262016199771875
65.63,-0.09200117573790682,-0.2795567190501263,1.4573874484683924,0.0001027445783914801
65.64,-0.09481258732391647,-0.28273296719350205,1.4665970365504082,0.00010287510140261159
65.65,-0.09765598391136503,-0.28595386473897266,1.47578853748963,0.00010301200752644072
65.66,-0.10053181638582805,-0.2892202929641726,1.4849614873559276,0.00010315558583596246
65.67,-0.10344054453524226,-0.2925331511222951,1.4941154082650452,0.0001033061385598242
65.68,-0.10638263723142594,-0.295893356795739,1.5032498079122787,0.00010346398168676165
65.69,-0.10935857261515636,-0.2993018462538755,1.5123641790896272,0.00010362944559767607
65.7,-0.11236883828484495,-0.3027595748147627,1.5214579991858233,0.00010380287572654219
65.71000000000001,-0.11541393148884842,-0.3062675172106164,1.5305307296686277,0.00010398463325142647
65.72,-0.11849435932145257,-0.30982666795682307,1.5395818155487537,0.00010417509581691061
65.73,-0.12161063892256294,-0.3134380417242558,1.5486106848247636,0.00010437465828928131
65.74,-0.124763297681134,-0.3171026737146304,1.5576167479082608,0.00010458373354590276
65.75,-0.127952873442366,-0.32082162003860953,1.5665993970286773,0.00010480275330021225
65.76,-0.13117991471869517,-0.3245959580963352,1.575558005616934,0.00010503216896387016
65.77,-0.1344449809046,-0.32842678696003735,1.584491927667229,0.00010527245254760503
65.78,-0.13774864249524238,-0.33231522775833405,1.5934004970761833,0.00010552409760239451
65.79,-0.14109148130895843,-0.33626242406180207,1.6022830269585568,0.00010578762020264084
65.8,-0.14447409071360962,-0.3402695422693597,1.6111388089387115,0.00010606355997304991
65.81,-0.1478970758567995,-0.34433777199496246,1.6199671124169852,0.00010635248116103066
65.82000000000001,-0.15136105389995694,-0.34846832645406994,1.6287671838101103,0.00010665497375640582
65.83,-0.15486665425628027,-0.3526624428492949,1.6375382457647845,0.00010697165466035143
65.84,-0.15841451883253133,-0.35692138275459795,1.646279496343481,0.00010730316890548432
65.85,-0.1620053022746613,-0.361246432497339,1.6549901081815546,0.000107650190929095
65.86,-0.16563967221724327,-0.3656389035374402,1.663669227614679,0.00010801342590158132
65.87,-0.1693183095366785,-0.3701001328428577,1.6723159737756244,0.00010839361111214378
65.88,-0.17304190860813573,-0.374631483260496,1.680929437659357,0.00010879151741390443
65.89,-0.17681117756617254,-0.3792343438816325,1.6895086811554214,0.00010920795073061599
65.9,-0.1806268385689798,-0.3839101304008498,1.6980527360465358,0.00010964375362719023
65.91,-0.18448962806617816,-0.3886602854673972,1.7065606029723157,0.00011009980694630083
65.92,-0.18840029707008576,-0.3934862790278253,1.7150312503570067,0.00011057703151333995
65.93,-0.19235961143036334,-0.39838960865865164,1.7234636133000925,0.00011107638991205813
65.94,-0.19636835211193082,-0.4033717998877273,1.73185659242862,0.00011159888833321616
65.95,-0.20042731547603504,-0.4084344065028793,1.7402090527100607,0.00011214557849859231
65.96000000000001,-0.204537313564334,-0.4135790108463042,1.7485198222245097,0.00011271755966270902
65.97,-0.2086991743858471,-0.4188072240930814,1.756787690895008,0.00011331598069461332
65.98,-0.21291374220660386,-0.4241206865120644,1.76501140917475,0.00011394204224205727
65.99,-0.21718187784180576,-0.4295210677072884,1.7731896866899353,0.00011459699898037688
66.0,-0.22150445895029647,-0.43501006683790794,1.7813211908370004,0.00011528216194832576
66.01,-0.2258823803311154,-0.44058941281454767,1.7894045453329648,0.00011599890097309403
66.02,-0.2303165542218875,-0.44626086446980784,1.7974383287176172,0.00011674864718662578
66.03,-0.2348079105987787,-0.4520262107005211,1.8054210728062632,0.00011753289563528566
66.04,-0.23935739747772256,-0.4578872705792012,1.8133512610917595,0.00011835320798481738
66.05,-0.2439659812165955,-0.4638458934319617,1.8212273270945643,0.00011921121532237287
66.06,-0.24863464681799208,-0.46990395888001096,1.8290476526595416,0.0001201086210572626
66.07000000000001,-0.2533643982322201,-0.4760633768416488,1.8368105661982772,0.00012104720392186073
66.08,-0.25815625866010483,-0.48232608749150013,1.844514340875679,0.00012202882107389363
66.09,-0.26301127085515713,-0.48869406117352276,1.8521571927396692,0.00012305541130108464
66.1,-0.26793049742462566,-0.495169298264115,1.8597372787928048,0.00012412899832882747
66.11,-0.27291502112891436,-0.5017538289814306,1.8672526950047115,0.00012525169423124278
66.12,-0.277965945178807,-0.5084497131367787,1.8747014742642627,0.00012642570294556216
66.13,-0.2830843935298982,-0.5152590398237429,1.882081584270501,0.00012765332388939009
66.14,-0.28827151117358496,-0.5221839270404058,1.889390925361368,0.00012893695567991185
66.15,-0.2935284644239258,-0.5292265212397977,1.896627328279397,0.00013027909995353993
66.16,-0.29885644119962423,-0.5363889968034148,1.9037885518736117,0.00013168236528391698
66.17,-0.3042566513003402,-0.5436735554323667,1.910872280736992,0.00013314947119553053
66.18,-0.30973032667647715,-0.5510824254504133,1.917876122778987,0.00013468325226941748
66.19,-0.3152787216915342,-0.5586178610128383,1.9247976067326993,0.00013628666233663405
66.2,-0.3209031133760494,-0.5662821412147887,1.9316341795965246,0.00013796277875424974
66.21000000000001,-0.3266048016720961,-0.5740775690923706,1.9383832040102045,0.00013971480675760051
66.22,-0.3323851096672251,-0.5820064705094464,1.945041955565454,0.00014154608388146063
66.23,-0.338245383816672,-0.5900711929227206,1.9516076200515458,0.0001434600844415392
66.24,-0.34418699415257487,-0.5982741040173299,1.9580772906364754,0.00014546042406642144
66.25,-0.35021133447886654,-0.6066175902047748,1.964447964984609,0.00014755086426858802
66.26,-0.3563198225504223,-0.6151040549746332,1.97071654231201,0.00014973531704156045
66.27,-0.36251390023495655,-0.6237359170911007,1.9768798203809774,0.00015201784946854483
66.28,-0.3687950336560701,-0.6325156086249861,1.982934492435684,0.00015440268832600477
66.29,-0.375164713315754,-0.6414455728113737,1.9888771440812092,0.00015689422466362113
66.3,-0.3816244541945563,-0.6505282617227361,1.9947042501086893,0.00015949701833988748
66.31,-0.38817579582751244,-0.6597661337468509,2.000412171269787,0.00016221580249020786
66.32000000000001,-0.3948203023538332,-0.6691616508584335,2.0059971510041996,0.00016505548790183539
66.33,-0.4015595625382298,-0.6787172756729651,2.0114553121244856,0.0001680211672672341
66.34,-0.4083951897616382,-0.6884354682707491,2.016782653463106,0.00017111811928452963
66.35,-0.41532882197898413,-0.6983186827787963,2.021975046487234,0.00017435181257053532
66.36,-0.4223621216415023,-0.708369363697705,2.027028231887605,0.00017772790934851747
66.37,-0.4294967755809946,-0.7185899419602767,2.0319378161484574,0.00018125226886927734
66.38,-0.43673449485327637,-0.7289828307081962,2.036699268106438,0.00018493095052031958
66.39,-0.44407701453792126,-0.7395504207727072,2.041307915507261,0.00018877021657386832
66.4,-0.45152609349127265,-0.7502950758448343,2.045758941569855,0.00019277653452022428
66.41,-0.45908351404954373,-0.7612191273203548,2.0500473815687834,0.00019695657892850234
66.42,-0.466751081678678,-0.7723248688043923,2.054168119446817,0.00020131723277207276
66.43,-0.4745306245674898,-0.7836145502602284,2.058115884470737,0.00020586558815110395
66.44,-0.4824239931604487,-0.7950903717866747,2.0618852479446903,0.0002106089463394916
66.45,-0.49043305962631495,-0.8067544770081635,2.0654706199967783,0.00021555481707813442
66.46000000000001,-0.4985597172586722,-0.8186089460615742,2.068866246455977,0.00022071091703100126
66.47,-0.5068058798042461,-0.8306557881637504,2.072066205838002,0.00022608516731478166
66.48,-0.5151734807147336,-0.842896933743668,2.075064406460335,0.0002316856900071442
66.49,-0.523664472317712,-0.8553342261233141,2.0778545837083087,0.00023752080353269946
66.5,-0.5322808249020334,-0.8679694127315296,2.0804302974759348,0.0002435990168198597
66.51,-0.5410245257129591,-0.8808041358353758,2.0827849298070156,0.00024992902211585914
66.52,-0.5498975778521312,-0.8938399227740118,2.0849116827640444,0.0002565196863412378
66.53,-0.558901999077336,-0.9070781756806382,2.0868035765544306,0.00026338004085939087
66.54,-0.5680398204968693,-0.9205201606787774,2.0884534479457186,0.00027051926953116046
66.55,-0.5773130851531825,-0.9341669965400506,2.089853949003669,0.00027794669491915027
66.56,-0.5867238464903638,-0.9480196427916784,2.0909975461893526,0.0002856717625015282
66.57000000000001,-0.5962741666998995,-0.9620788872632043,2.0918765198537472,0.0002937040227506342
66.58,-0.6059661149390598,-0.9763453330634339,2.092482964170741,0.00030205311092792525
66.59,-0.6158017654161742,-0.990819384980308,2.092808787551896,0.0003107287244437082
66.6,-0.625783195336997,-1.0055012352984225,2.092845713588812,0.0003197405976279772
66.61,-0.6359124827063234,-1.0203908490311682,2.092585282571449,0.00032909847375759923
66.62,-0.6461917039789962,-1.0354879485670316,2.0920188536332796,0.0003388120741852964
66.63,-0.6566229315544553,-1.0507919977324838,2.0911376075766404,0.0003488910644175716
66.64,-0.6672082311090217,-1.066302185277104,2.0899325504341215,0.0003593450169920058
66.65,-0.6779496587601801,-1.082017407790172,2.088394517824219,0.0003701833710096957
66.66,-0.6888492580572378,-1.0979362520619265,2.0865141801617906,0.00038141538818598696
66.67,-0.6999090567928921,-1.1140569769070434,2.084282048786026,0.0003930501052925151
66.68,-0.7111310636304324,-1.1303774944726763,2.0816884830706566,0.00040509628287609296
66.69,-0.7225172645415602,-1.1468953510585962,2.078723698582947,0.0004175623501554684
66.7,-0.734069619050105,-1.1636077074826314,2.075377776359559,0.00043045634601574206
66.71000000000001,-0.7457900562772837,-1.1805113190307124,2.071640673368657,0.00044378585604249783
66.72,-0.7576804707845702,-1.1976025150373968,2.067502234228533,0.00045755794556376014
66.73,-0.7697427182107416,-1.214877178149786,2.062952204253531,0.0004717790886980891
66.74,-0.7819786107002277,-1.2323307233352436,2.0579802438981005,0.0004864550934416052
66.75,-0.7943899121205389,-1.249958076701278,2.052575944669307,0.0005015910228658384
66.76,-0.8069783330672698,-1.2677536542043515,2.046728846577031,0.0005171911125421001
66.77,-0.8197455256559879,-1.2857113403331897,2.0404284571893228,0.0005332586843569077
66.78,-0.8326930781012192,-1.3038244668613754,2.03366427235785,0.000549796056936792
66.79,-0.8458225090837369,-1.3220857917735698,2.026425798675044,0.0005668044529597118
66.8,-0.8591352619084521,-1.3404874784795664,2.0187025777202847,0.0005842839036943118
66.81,-0.8726326984563978,-1.3590210754404908,2.0104842121472424,0.0006022331511770685
66.82000000000001,-0.886316092935592,-1.3776774963417386,2.001760393658197,0.0006206495485110727
66.83,-0.9001866254369639,-1.396447000957613,1.9925209329037208,0.0006395289588480651
66.84,-0.9142453753030275,-1.415319176862981,1.9827557913374685,0.0006588656536972335
66.85,-0.9284933143185927,-1.4342829221575046,1.9724551150459009,0.0006786522112893814
66.86,-0.9429312997345088,-1.453326429378002,1.961609270561504,0.0006988794158126395
66.87,-0.9575600671372402,-1.4724371707840849,1.9502088826554194,0.000719536158424968
66.88,-0.97238022317897,-1.4916018852112942,1.9382448740913225,0.000740609341038213
66.89,-0.9873922381849138,-1.5108065666942934,1.9257085073068483,0.0007620837839570011
66.9,-1.0025964386565878,-1.5300364550701364,1.912591427971864,0.0007839421385417479
66.91,-1.0179929996919084,-1.5492760287779848,1.8988857103544337,0.0008061648061469617
66.92,-1.033581937345194,-1.5685090000767,1.8845839044054333,0.0008287298646617171
66.93,-1.049363100952367,-1.5877183129052779,1.8696790844515343,0.0008516130040468209
66.94,-1.0653361654489186,-1.6068861436128803,1.8541648993637276,0.0008747874723202437
66.95,-1.081500623710469,-1.6259939047850271,1.838035624044867,0.0008982240334866798
66.96000000000001,-1.0978557789480026,-1.6450222523901263,1.8212862120549713,0.0009218909389361611
66.97,-1.1144007371920905,-1.6639510964656798,1.8039123491674574,0.0009457539138477931
66.98,-1.1311343999025578,-1.6827596155560227,1.7859105076232649,0.0009697761601253512
66.99,-1.1480554567421306,-1.701426275103094,1.7672780008232674,0.000993918377359389
67.0,-1.1651623785545482,-1.7199288499783294,1.7480130381726953,0.0010181388032529104
67.01,-1.18245341058942,-1.7382444513271298,1.7281147797648913,0.0010423932748627129
67.02,-1.1999265660177314,-1.756349557877366,1.7075833905659135,0.0010666353118940978
67.03,-1.217579619783299,-1.7742200518399245,1.6864200937367169,0.0010908162231410955
67.04,-1.2354101028366247,-1.791831259502329,1.6646272227062948,0.0011148852369869387
67.05,-1.2534152967984582,-1.8091579965859819,1.6422082715877215,0.0011387896566693143
67.06,-1.27159222910092,-1.8261746184036056,1.6191679435099642,0.0011624750407721466
67.07000000000001,-1.2899376686542103,-1.8428550748161436,1.5955121964221457,0.0011858854091313159
67.08,-1.308448122086732,-1.8591729699478863,1.571248285914112,0.0012089634740372194
67.09,-1.3271198306058212,-1.8751016265751668,1.5463848045882034,0.0012316508962847707
67.1,-1.3459487675252098,-1.890614155057953,1.520931717512529,0.0012538885652652772
67.11,-1.3649306365037905,-1.9056835266354624,1.4949003932862444,0.0012756169019184733
67.12,-1.38406087053823,-1.9202826508570068,1.4683036302527743,0.0012967761829720695
67.13,-1.4033346317494182,-1.9343844568682087,1.4411556774079637,0.0013173068844971809
67.14,-1.4227468119997,-1.9479619782211426,1.413472249567099,0.0013371500424075688
67.15,-1.4422920343742525,-1.9609884408255303,1.3852705363778526,0.0013562476271364227
67.16,-1.4619646555558947,-1.97343735360762,1.3565692047956144,0.0013745429293450563
67.17,-1.4817587691180352,-1.985282601394586,1.3273883946734455,0.0013919809531622914
67.18,-1.5016682097554075,-1.9964985394960475,1.2977497071609447,0.00140850881313012
67.19,-1.5216865584667434,-2.0070600894114534,1.2676761856545116,0.0014240761307497828
67.2,-1.5418071486976228,-2.016942835053466,1.2371922890954992,0.001438635426291426
67.21000000000001,-1.5620230734454685,-2.026123118843953,1.2063238574721806,0.001452142501358391
67.22,-1.5823271933220777,-2.034578137011532,1.1750980694457316,0.0014645568075913888
67.23,-1.60271214556226,-2.042286033398572,1.1435433920889089,0.0014758417968644183
67.24,-1.6231703539601545,-2.0492259910718027,1.111689522797989,0.0014859652483691333
67.25,-1.6436940397077062,-2.0553783210247696,1.0795673235129102,0.001494899568110201
67.26,-1.664275233102666,-2.0607245472628004,1.047208747456475,0.0015026220565432106
67.27,-1.6849057860864372,-2.0652474875721865,1.014646758679821,0.001509115140378446
67.28,-1.7055773855651961,-2.0689313292951708,0.9819152447770441,0.0015143665649461444
67.29,-1.7262815674610719,-2.071761699461075,0.9490489232057012,0.0015183695439672641
67.3,-1.747009731433847,-2.0737257286613424,0.9160832417207251,0.001521122864091885
67.31,-1.7677531562077486,-2.0748121081021744,0.8830542734959228,0.0015226309421466295
67.32000000000001,-1.7885030154324923,-2.0750111393222443,0.8499986075685477,0.0015229038336624702
67.33,-1.8092503940029219,-2.0743147761241585,0.8169532352973864,0.0015219571919236159
67.34,-1.8299863047574032,-2.072716658336027,0.7839554335724103,0.0015198121774729048
67.35,-1.8507017054716595,-2.070212137092842,0.751042645553461,0.001516495318715781
67.36,-1.8713875160620175,-2.066798291405297,0.7182523597459366,0.0015120383249685025
67.37,-1.892034635910116,-2.062473935865041,0.6856219882424726,0.0015064778539817987
67.38,-1.9126339612200318,-2.05723961941899,0.6531887449707622,0.0014998552366244778
67.39,-1.9331764023185318,-2.051097615229904,0.6209895247887266,0.001492216162018476
67.4,-1.9536529008097494,-2.044051901724708,0.5890607842591902,0.0014836103269647042
67.41,-1.9740544464970167,-2.036108135014749,0.5574384249172047,0.0014740910539768665
67.42,-1.9943720939868277,-2.027273612952037,0.5261576798145278,0.0014637148826385131
67.43,-2.0145969788929285,-2.017557231161384,0.4952530040880129,0.0014525411393096319
67.44,-2.034720333562294,-2.0069694314591433,0.46475797025248705,0.001440631490428129
67.45,-2.054733502249178,-1.9955221431339265,0.4347051688648774,0.0014280494847755507
67.46000000000001,-2.074627955668482,-1.9832287176224725,0.40512611514586483,0.0014148600901054112
67.47,-2.0943953048652717,-1.9701038571639913,0.3760511620792003,0.0014011292294678268
67.48,-2.1140273143433146,-1.9561635380582807,0.3475094204381565,0.001386923322410881
67.49,-2.1335159144019573,-1.9414249291863475,0.3195286861145469,0.0013723088360025324
67.5,-2.152853212637357,-1.9259063064769186,0.2921353750495213,0.001357351850305337
67.51,-2.1720315045710183,-1.9096269640180634,0.26535446598811707,0.001342117642559325
67.52,-2.191043283375616,-1.8926071225202727,0.23920945120245432,0.001326670293896019
67.53,-2.2098812486751425,-1.874867835836003,0.21372229525262035,0.0013110723219307984
67.54,-2.228538314403442,-1.8564308962313012,0.1889134017807086,0.0012953843420727502
67.55,-2.2470076157120547,-1.8373187390881816,0.1648015882631028,0.0012796647598629246
67.56,-2.2652825149249827,-1.817554347692554,0.14140406857975818,0.001263969496115004
67.57000000000001,-2.2833566065443747,-1.7971611587324123,0.11873644319764283,0.0012483517460980874
67.58,-2.30122372131722,-1.7761629690954377,0.09681269670925913,0.0012328617734792386
67.59,-2.318877929378818,-1.7545838445149808,0.07564520241673335,0.00121754673924339
67.6,-2.336313542494074,-1.732448030569395,0.055244733607679786,0.0012024505653380453
67.61,-2.3535251154224834,-1.709779866492739,0.035620481131129256,0.0011876138323566692
67.62,-2.370507446437004,-1.6866037022057963,0.016780076850353993,0.0011730737101828769
67.63,-2.387255577030856,-1.6629438189259746,-0.0012703774755958852,0.0011588639201721563
67.64,-2.403764790849619,-1.6388243536637195,-0.018526276348526435,0.0011450147271507775
67.65,-2.420030611888815,-1.6142692278623196,-0.034984472205376996,0.0011315529592645713
67.66,-2.4360488019994913,-1.5893020803880604,-0.05064323309639015,0.00111850205351375
67.67,-2.451815357746136,-1.5639462050291704,-0.06550219685474815,0.0011058821246621507
67.68,-2.4673265066626113,-1.5382244926154336,-0.07956232224153512,0.001093710055109306
67.69,-2.482578702952685,-1.512159377826141,-0.09282583754158757,0.0010819996032581966
67.7,-2.4975686226822114,-1.4857727907125875,-0.10529618707340228,0.0010707615278974197
67.71000000000001,-2.512293158510071,-1.4590861129228812,-0.11697797606028236,0.0010600037261398309
67.72,-2.5267494140046893,-1.4321201385816307,-0.12787691429082937,0.001049731382516246
67.73,-2.5409346975923053,-1.404895039745259,-0.13799975897523606,0.0010399471269085332
67.74,-2.5548465161822356,-1.3774303363253362,-0.14735425718009598,0.001030651199116242
67.75,-2.5684825685131702,-1.349744870347461,-0.15594908819909595,0.0010218416179807732
67.76,-2.5818407382630997,-1.3218567843918094,-0.1637938061904456,0.0010135143531367853
67.77,-2.594919086963847,-1.293783504043435,-0.17089878338464287,0.0010056634976174724
67.78,-2.60771584675938,-1.2655417241656368,-0.17727515413856093,0.0009982814397051928
67.79,-2.6202294130451476,-1.2371473987980501,-0.18293476008421816,0.000991359032587763
67.8,-2.632458337023663,-1.2086157344723858,-0.18789009659327083,0.000984885760550623
67.81,-2.6444013182094452,-1.1799611867327597,-0.1921542607515171,0.0009788499006033017
67.82000000000001,-2.6560571969142863,-1.1511974596440822,-0.1957409010117573,0.0009732386786024132
67.83,-2.6674249467416344,-1.122337508070816,-0.19866416866841322,0.0009680384190913617
67.84,-2.678503667116714,-1.0933935425093169,-0.20093867127352943,0.0009632346882267033
67.85,-2.689292575876841,-1.064377036259732,-0.2025794280912894,0.000958812429302089
67.86,-2.6997910019442815,-1.035298734727804,-0.2036018276670704,0.0009547560905115561
67.87,-2.7099983781019255,-1.0061686666527128,-0.20402158756740352,0.0009510497447138036
67.88,-2.7199142338900444,-0.9769961570640601,-0.2038547163290333,0.0009476772010683549
67.89,-2.7295381886404733,-0.9477898417790677,-0.2031174776386051,0.0009446221085122623
67.9,-2.7388699446627136,-0.9185576832598322,-0.20182635674933908,0.0009418680511325475
67.91,-2.747909280594692,-0.8893069876598858,-0.19999802912735695,0.0009393986355653549
67.92,-2.7566560449292554,-0.8600444228991845,-0.1976493313080723,0.0009371975706181126
67.93,-2.765110149725929,-0.8307760376168497,-0.19479723393218557,0.0009352487393660638
67.94,-2.7732715645159978,-0.8015072808613828,-0.19145881692128125,0.0009335362640202974
67.95,-2.7811403104076367,-0.7722430223885477,-0.18765124674473646,0.0009320445639013613
67.96000000000001,-2.7887164543965524,-0.7429875734475655,-0.18339175572254193,0.0009307584068814632
67.97,-2.7960001038864726,-0.7137447079465986,-0.1786976233026294,0.0009296629546796023
67.98,-2.802991401422769,-0.6845176838986495,-0.17358615924631007,0.000928743802408884
67.99,-2.809690519641567,-0.655309265058884,-0.16807468865137398,0.000927987012784068
68.0,-2.816097656435852,-0.626121742673972,-0.1621805387391954,0.0009273791454009733
68.01,-2.8222130303393307,-0.5969569572732648,-0.15592102732975355,0.000926907281498412
68.02,-2.828036876128157,-0.5678163204404687,-0.14931345292672735,0.0009265590446082332
68.03,-2.833569440640052,-0.5387008365129056,-0.1423750863336821,0.0009263226174908109
68.04,-2.838810978809861,-0.509611124163447,-0.13512316372175623,0.0009261867557420854
68.05,-2.8437617499201933,-0.480547437827766,-0.12757488106910925,0.0009261407984446432
68.06,-2.84842201406542,-0.451509688946658,-0.11974738989263643,0.0009261746762200238
68.07000000000001,-2.852792028827082,-0.42249746699983853,-0.11165779419302962,0.000926278917022456
68.08,-2.856872046158508,-0.39351006031383673,-0.10332314853510562,0.0009264446499961629
68.09,-2.860662309476339,-0.3645464766323713,-0.09476045718637964,0.0009266636076995831
68.1,-2.8641630509565337,-0.3356054634429319,-0.08598667423807793,0.0009269281269803266
68.11,-2.8673744890324215,-0.3066855280582041,-0.0770187046341149,0.0009272311487649631
68.12,-2.8702968260923467,-0.27778495745547854,-0.06787340603496218,0.0009275662170078392
68.13,-2.8729302463745308,-0.24890183788129566,-0.058567591444770126,0.0009279274770231495
68.14,-2.8752749140568508,-0.2200340742323013,-0.04911803253153109,0.0009283096734046958
68.15,-2.8773309715393642,-0.19117940922664645,-0.039541463571466116,0.0009287081477181687
68.16,-2.8790985379175726,-0.16233544238326683,-0.02985458595014339,0.0009291188361314153
68.17,-2.8805777076445995,-0.13349964882903886,-0.020074073154073165,0.0009295382671291017
68.18,-2.881768549380672,-0.10466939795613964,-0.01021657618764668,0.0009299635594394007
68.19,-2.8826711050285274,-0.07584197195395337,-0.0002987293512767483,0.0009303924202818944
68.2,-2.8832853889536176,-0.047014584241572,0.009662843682561494,0.0009308231440276779
68.21000000000001,-2.88361138738826,-0.018184397828345057,0.019651523558014163,0.0009312546113446899
68.22,-2.8836490580191465,0.010651456368950974,0.02965068875137902,0.0009316862888835358
68.23,-2.8833983297579366,0.039495861222925296,0.0396437089752878,0.0009321182295414241
68.24,-2.88285910269493,0.0683516950764233,0.049613938533219396,0.0009325510733242698
68.25,-2.8820312482361428,0.09722181337720683,0.05954470968609249,0.0009329860488094241
68.26,-2.8809146094243876,0.12610903023627304,0.06941932609295415,0.0009334249751938368
68.27,-2.879509001445282,0.15501609987992226,0.07922105638824696,0.0009338702648946474
68.28,-2.877814212319388,0.18394569796627314,0.08893312795879942,0.0009343249266511502
68.29,-2.8758300037819824,0.2129004027378064,0.09853872098453767,0.0009347925690587729
68.3,-2.8735561123522353,0.24188267598270233,0.10802096280795465,0.0009352774044469878
68.31,-2.8709922505938423,0.2708948437792324,0.11736292269858532,0.0009357842529940176
68.32000000000001,-2.868138108569394,0.2999390769992838,0.12654760708011215,0.000936318546951628
68.33,-2.8649933554910088,0.32901737154924976,0.13555795528924786,0.0009368863348332623
68.34,-2.8615576415699513,0.3581315283290227,0.14437683593719586,0.0009374942853982984
68.35000000000001,-2.8578306000681386,0.38728313289269833,0.15298704394624973,0.0009381496912441448
68.36,-2.853811849554588,0.4164735347978527,0.16137129833593936,0.0009388604717964134
68.37,-2.84950099636997,0.4457038266339066,0.16951224083503313,0.0009396351754655722
68.38,-2.8448976373025077,0.4749748227241677,0.17739243539763208,0.000940482980716234
68.39,-2.8400013624784908,0.5042870375006475,0.18499436870350672,0.0009414136957727728
68.4,-2.8348117584706656,0.5336406635557167,0.1923004517246907,0.0009424377566625392
68.41,-2.8293284116276842,0.5630355493800975,0.19929302244211272,0.0009435662232755085
68.42,-2.8235509116276836,0.5924711768026164,0.20595434979766955,0.0009448107730971689
68.43,-2.817478855258867,0.6219466381535657,0.21226663896856576,0.0009461836922501403
68.44,-2.8111118504297194,0.6514606131804607,0.21821203805190936,0.0009476978634594367
68.45,-2.8044495204111537,0.6810113457524394,0.22377264624839371,0.0009493667505373117
68.46000000000001,-2.7974915083124907,0.7105966203975361,0.2289305236343455,0.0009512043789662419
68.47,-2.790237481792684,0.74021373872557,0.2336677026114019,0.0009532253121434006
68.48,-2.7826871380076352,0.7698594957984145,0.23796620112251868,0.0009554446228378674
68.49,-2.7748402087937785,0.7995301565189494,0.24180803772181986,0.0009578778594028439
68.5,-2.766696466087344,0.8292214321200055,0.24517524858389333,0.0009605410062802444
68.51,-2.758255727577857,0.8589284568450828,0.24804990653542033,0.0009634504383351322
68.52,-2.7495178625934473,0.888645764923501,0.25041414218840824,0.0009666228685628488
68.53,-2.7404827982144626,0.9183672679538815,0.25225016724967764,0.0009700752887235055
68.54,-2.7311505256106923,0.948086232821396,0.25354030007553596,0.0009738249024775219
68.55,-2.7215211065961786,0.9777952602859755,0.25426699353365856,0.00097788905062287
68.56,-2.711594680394178,1.007486264390558,0.25441286522598955,0.000982285128070597
68.57000000000001,-2.7013714706032723,1.0371504528503612,0.2539607301168845,0.0009870304922406895
68.58,-2.6908517923539668,1.0667783085959694,0.2528936355996504,0.0009921423626166749
68.59,-2.6800360596433266,1.0963595726545907,0.25119489902201886,0.0009976377112646386
68.60000000000001,-2.6689247928332973,1.1258832285650004,0.248848147676846,0.0010035331442017669
68.61,-2.657518626296355,1.1553374885322822,0.24583736124840555,0.0010098447735916003
68.62,-2.645818316190012,1.1847097815382996,0.24214691668699473,0.0010165880808479645
68.63,-2.633824748339509,1.2139867436326843,0.23776163546517579,0.0010237777708475525
68.64,-2.621538946205726,1.2431542106367766,0.23266683314783462,0.0010314276175826082
68.65,-2.6089620789129966,1.2721972134991741,0.22684837118537068,0.0010395503017290308
68.66,-2.596095469309101,1.3010999765460651,0.2202927108147976,0.0010481572407618576
68.67,-2.5829406020272536,1.3298459188721075,0.2129869689274134,0.0010572584124181087
68.68,-2.569499131517456,1.3584176591179749,0.20491897573411696,0.0010668621724848882
68.69,-2.55577289001212,1.3867970238785732,0.1960773340305612,0.0010769750680772838
68.7,-2.54176389538846,1.4149650599810553,0.18645147983434615,0.0010876016477635562
68.71000000000001,-2.527474358887782,1.4429020508638846,0.1760317441356101,0.0010987442700915882
68.72,-2.5129066926495627,1.4705875372770536,0.164809415470966,0.0011104029122679187
68.73,-2.4980635170160492,1.4980003425089479,0.15277680299908694,0.0011225749809349948
68.74,-2.482947667561173,1.525118602327035,0.13992729972475354,0.001135255127179772
68.75,-2.4675622017957872,1.5519197997974195,0.1262554454872628,0.001148435068083134
68.76,-2.451910405499726,1.578380805122182,0.11175698929923204,0.0011621034172795736
68.77,-2.435995798629931,1.6044779206032727,0.09642895059352327,0.0011762455271357895
68.78,-2.419822140752984,1.6301869308075285,0.08026967890980355,0.001190843345269445
68.79,-2.40339343594981,1.6554831579691887,0.06327891152871702,0.0012058752882100924
68.8,-2.3867139371401795,1.680341522624219,0.045457828541364126,0.0012213161350480345
68.81,-2.3697881497748967,1.7047366094250431,0.026809104825361536,0.001237136943918343
68.82000000000001,-2.3526208348443376,1.7286427380351885,0.00733695838679187,0.0012533049941213475
68.83,-2.3352170111532575,1.7520340389513003,-0.012952805479571457,0.001269783756583999
68.84,-2.3175819568135774,1.7748845340453943,-0.03405275476070441,0.0012865328952142462
68.85000000000001,-2.299721209909224,1.7971682215637184,-0.0559537965705912,0.001303508301490921
68.86,-2.2816405682900123,1.818859165260784,-0.07864514880310026,0.0013206621643626491
68.87,-2.2633460884550693,1.8399315872887845,-0.10211431810696821,0.001337943077200808
68.88,-2.244844083490389,1.8603599644045348,-0.12634708467182962,0.001355296183164809
68.89,-2.226141120029766,1.8801191269991397,-0.15132749428124112,0.0013726633598952298
68.9,-2.20724401421359,1.8991843604007548,-0.17703785804815073,0.001389983443956383
68.91,-2.188159826625732,1.9175315078490243,-0.20345876020031722,0.001407192494910444
68.92,-2.168895856195012,1.935137074492067,-0.23056907422798623,0.0014242240983278372
68.93,-2.149459633054451,1.951978331714209,-0.25834598764402816,0.0014410097064327546
68.94,-2.129858910358617,1.9680334210660304,-0.28676503553823596,0.0014574790144590908
68.95,-2.110101655066804,1.9832814570386108,-0.31580014303321713,0.0014735603701625773
68.96000000000001,-2.0901960377074933,1.9977026279019805,-0.34542367667009877,0.0014891812133129112
68.97,-2.0701504211474084,2.011278293814498,-0.3756065046690306,0.0015042685413886544
68.98,-2.0499733483964504,2.023991081405788,-0.4063180659232975,0.001518749397132312
68.99,-2.0296735294877344,2.0358249740415246,-0.43752644749791536,0.0015325513731070874
69.0,-2.009259827479817,2.046765396994064,-0.46919847031516504,0.0015456031279442795
69.01,-1.9887412436358218,2.0567992967688835,-0.5012997826219547,0.0015578349085941382
69.02,-1.9681269018415204,2.065915213872974,-0.5337949607485868,0.0015691790726046215
69.03,-1.9474260323313173,2.0741033483575166,-0.5666476165868273,0.0015795706042619749
69.04,-1.9266479547975166,2.081355617522973,-0.5998205111385209,0.0015889476183417795
69.05,-1.9058020609640327,2.087665705239479,-0.6332756734156804,0.0015972518452448893
69.06,-1.8848977967108291,2.093029102408408,-0.6669745239102509,0.0016044290914316354
69.07000000000001,-1.8639446438397127,2.097443138171121,-0.70087800179773,0.001610429669319968
69.08,-1.842952101575624,2.100907001557171,-0.7349466949944985,0.00161520879117566
69.09,-1.8219296679001908,2.10342175335527,-0.7691409721549002,0.0016187269219888533
69.10000000000001,-1.8008868208160067,2.1049903280847717,-0.8034211156714124,0.0016209500868930291
69.11,-1.7798329996408402,2.105617526041867,-0.8377474547301138,0.0016218501293278804
69.12,-1.7587775864307533,2.10530999549155,-0.8720804974742539,0.0016214049168634165
69.13,-1.7377298876299148,2.1040762051722384,-0.906381061341059,0.0016195984923733828
69.14,-1.7166991160427574,2.101926407373208,-0.9406104006607132,0.0016164211690548988
69.15,-1.6956943732210774,2.0988725919342817,-0.9747303306412775,0.00161186956862061
69.16,-1.6747246323547524,2.0949284316011845,-1.0087033469084856,0.001605946602821512
69.17,-1.653798721750029,2.09010921924737,-1.0424927398240447,0.0015986613992751723
69.18,-1.6329253089738671,2.084431797542914,-1.07606270286924,0.0015900291733583146
69.19,-1.6121128857367102,2.0779144817122868,-1.10937843445118,0.0015800710486589206
69.2,-1.5913697535793592,2.0705769760747703,-1.1424062325656281,0.001568813829156463
69.21000000000001,-1.570704010422478,2.062440285103408,-1.1751135818317555,0.0015562897268979001
69.22,-1.5501235380297298,2.053526619770355,-1.2074692324989051,0.0015425360494515975
69.23,-1.5296359904277401,2.043859299968167,-1.239443271112228,0.001527594851843483
69.24,-1.5092487833181356,2.0334626538079896,-1.2710071826114322,0.0015115125580050146
69.25,-1.4889690845088688,2.022361914597056,-1.3021339037235813,0.0014943395569886487
69.26,-1.468803805384056,2.010583116289711,-1.3327978675956278,0.0014761297793331224
69.27,-1.4487595934236905,1.9981529881890008,-1.3629750396940152,0.0014569402589912372
69.28,-1.428842825776943,1.9850988496503181,-1.3926429450762123,0.0014368306861713078
69.29,-1.4090596038854055,1.9714485055055408,-1.421780687211529,0.0014158629562963777
69.3,-1.3894157491456456,1.9572301428863803,-1.4503689585952573,0.0013941007200614253
69.31,-1.3699167995938712,1.9424722300802737,-1.478390043460469,0.0013716089392771464
69.32000000000001,-1.3505680075894229,1.9272034180020543,-1.5058278129452212,0.0013484534528397873
69.33,-1.3313743384682395,1.9114524448108483,-1.5326677131191515,0.0013247005567707934
69.34,-1.3123404701324355,1.8952480441451625,-1.5588967463123435,0.0013004166018387988
69.35000000000001,-1.2934707935376824,1.8786188573909124,-1.5845034462208436,0.001275667611820676
69.36,-1.27476941403624,1.8615933503381272,-1.6094778472874502,0.001250518924988452
69.37,-1.2562401535302146,1.8441997345231076,-1.633811448873548,0.0012250348609346628
69.38,-1.2378865533869512,1.82646589349472,-1.6574971747481546,0.0011992784143797517
69.39,-1.2197118780663596,1.8084193141869782,-1.6805293284243756,0.0011733109771492338
69.4,-1.2017191194084291,1.7900870235257296,-1.7029035448715797,0.0011471920890724057
69.41,-1.1839110015281678,1.77149553034566,-1.7246167391243292,0.0011209792181449997
69.42,-1.1662899862646845,1.7526707726454067,-1.745667052296995,0.0010947275699195805
69.43,-1.148858279131084,1.733638070163658,-1.7660537954966082,0.0010684899257435065
69.44,-1.1316178357122217,1.7144220822180132,-1.7857773921064606,0.0010423165091575095
69.45,-1.1145703684581405,1.6950467707112231,-1.8048393188898382,0.0010162548794998734
69.46000000000001,-1.0977173538221292,1.6755353681763583,-1.8232420463376364,0.0009903498515323227
69.47,-1.0810600396937815,1.6559103507034654,-1.8409889786560136,0.0009646434397137518
69.48,-1.0645994530791303,1.6361934155653597,-1.8580843937612217,0.0009391748255958851
69.49,-1.0483364079818684,1.6164054633392442,-1.8745333836187912,0.0009139803466992955
69.5,-1.0322715134417868,1.5965665843037269,-1.8903417952338069,0.0008890935051464557
69.51,-1.0164051816888346,1.576696048877335,-1.905516172568484,0.0008645449942783479
69.52,-1.000737636373601,1.5568123018545872,-1.9200636996330198,0.0008403627414598773
69.53,-0.9852689208374902,1.5369329601888466,-1.9339921449660677,0.0008165719652836614
69.54,-0.9699989063883957,1.5170748140672812,-1.947309807692429,0.0007931952454086723
69.55,-0.9549273005502296,1.4972538310220405,-1.9600254653179225,0.0007702526033167582
69.56,-0.9400536552572221,1.4774851628229435,-1.9721483233950567,0.0007477615923329544
69.57000000000001,-0.9253773749664359,1.4577831549002889,-1.9836879671682313,0.000725737395331869
69.58,-0.9108977246644306,1.4381613580515817,-1.9946543152838767,0.0007041929286395779
69.59,-0.8966138377464405,1.4186325421927533,-2.0050575756292397,0.0006831389507356044
69.60000000000001,-0.8825247237487858,1.3992087119225851,-2.014908203343516,0.0006625841744604252
69.61,-0.868629275917502,1.3799011236783016,-2.024216861026728,0.0006425353815383327
69.62,-0.8549262785983466,1.360720304270437,-2.0329943811551376,0.0006229975383314929
69.63,-0.8414144144354004,1.3416760705959145,-2.041251730697045,0.0006039739118469062
69.64,-0.8280922713674456,1.32277755033961,-2.0489999779095323,0.0005854661851224522
69.65,-0.8149583494131295,1.3040332034863236,-2.056250261284968,0.0005674745712197574
69.66,-0.8020110672376567,1.2854508444769277,-2.063013760605868,0.0005499979251495538
69.67,-0.7892487684953455,1.2670376648543245,-2.0693016700579085,0.000533033853148604
69.68,-0.7766697279438751,1.2488002562566491,-2.075125173343424,0.0005165788188153655
69.69,-0.7642721573274147,1.2307446336267642,-2.080495420731512,0.0005006282456942896
69.7,-0.7520542110270796,1.2128762585184358,-2.085423507975827,0.00048517661597523244
69.71000000000001,-0.7400139914782987,1.1952000623905907,-2.089920457027161,0.000470217565045167
69.72,-0.7281495543557119,1.1777204697916484,-2.0939971984648866,0.0004557439716938483
69.73,-0.716458913527144,1.1604414213460834,-2.097664555569245,0.00044174804383354443
69.74,-0.7049400457790308,1.1433663964650391,-2.1009332299550905,0.00042822139964545215
69.75,-0.6935908953164112,1.1264984357119732,-2.103813788687121,0.0004151551441120451
69.76,-0.6824093780412414,1.1098401627629502,-2.1063166527965946,0.0004025399409359558
69.77,-0.6713933856133554,1.0933938059092838,-2.108452087120109,0.00039036607988188215
69.78,-0.6605407892988756,1.0771612190577906,-2.110230191382046,0.0003786235396090529
69.79,-0.6498494436112933,1.0611439021909288,-2.111660892443719,0.00036730204608828663
69.8,-0.6393171897507811,1.0453430212555859,-2.1127539376440625,0.0003563911267199085
69.81,-0.6289418588475817,1.0297594274552457,-2.113518889158765,0.00034588016028703296
69.82000000000001,-0.6187212750155426,1.0143936759257393,-2.113965119307076,0.00033575842289353434
69.83,-0.6086532582220395,0.9992460437797634,-2.114101806738015,0.0003260151300475466
69.84,-0.5987356269806546,0.9843165475098836,-2.113937933430354,0.0003166394750599361
69.85000000000001,-0.5889662008730607,0.9696049597438128,-2.1134822824435155,0.00030762066393332004
69.86,-0.5793428029066023,0.9551108253494321,-2.112743436359344,0.00029894794692092696
69.87,-0.5698632617140766,0.9408334768902887,-2.1117297763575826,0.00029061064693640864
69.88,-0.5605254136021927,0.9267720494352129,-2.1104494818707833,0.00028259818499574605
69.89,-0.5513271044551392,0.912925494728257,-2.1089105307672438,0.00027490010287095504
69.9,-0.542266191499617,0.8992925947273996,-2.1071207000134256,0.00026750608313256863
69.91,-0.5333405449375975,0.8858719745223976,-2.1050875667701123,0.0002604059667540758
69.92,-0.5245480494529584,0.8726621146438432,-2.102818509879315,0.00025358976844685294
69.93,-0.5158866055980159,0.859661362776895,-2.100320711701607,0.0002470476898887284
69.94,-0.5073541310658367,0.84686794489434,-2.0976011602661755,0.00024077013100335873
69.95,-0.4989485618540574,0.8342799758246218,-2.094666651698374,0.00023474769944125453
69.96000000000001,-0.4906678533257805,0.8218954692712495,-2.0915237928919854,0.0002289712184065722
69.97,-0.4825099811729493,0.8097123473006196,-2.088179004395721,0.00022343173296689644
69.98,-0.474472942287429,0.7977284493157363,-2.084638523485688,0.00021812051497623207
69.99,-0.46655475554484754,0.7859415405336324,-2.080908407397685,0.00021302906673434542
70.0,-0.45875346250606885,0.7743493199844873,-2.076994536695176,0.0002081491234985753
70.01,-0.45106712804099075,0.7629494280505181,-2.0729026187507182,0.00020347265495726397
70.02,-0.44349384087918,0.7517394535627062,-2.068638191320405,0.00019899186576715307
70.03,-0.43603171409167596,0.7407169404733173,-2.064206626192593,0.00019469919525041385
70.04,-0.428678885508116,0.7298793941219991,-2.059613132893791,0.000190587316340501
70.05,-0.42143351807315876,0.7192242871129999,-2.0548627624360845,0.00018664913385984866
70.06,-0.4142938001460076,0.7087490648207514,-2.0499604110918805,0.00018287778220635846
70.07000000000001,-0.40725794574666563,0.698451150540721,-2.0449108241830984,0.0001792666225199105
70.08,-0.4003241947523874,0.6883279503020517,-2.0397185998731393,0.00017580923939468612
70.09,-0.3934908130476274,0.6783768573580934,-2.034388192951143,0.00017249943719783916
70.10000000000001,-0.38675609263062877,0.6685952563704887,-2.028923918599098,0.00016933123605015907
70.11,-0.38011835167963953,0.6589805273020118,-2.023329956133374,0.00016629886751969478
70.12,-0.3735759345815952,0.6495300490328814,-2.017610352713166,0.0001633967700749163
70.13,-0.36712721192596176,0.6402412027147776,-2.0117690270091924,0.00016061958433989353
70.14,-0.3607705804662918,0.6311113748762974,-2.005809772826786,0.00015796214819006356
70.15,-0.3545044630519143,0.6221379602930784,-1.9997362626782424,0.00015541949172360913
70.16,-0.3483273085320462,0.6133183646353204,-1.9935520512999547,0.00015298683214006066
70.17,-0.3422375916344905,0.6046500069049329,-1.9872605791104903,0.0001506595685545944
70.18,-0.33623381282096615,0.5961303216740388,-1.9808651756063254,0.0001484332767736348
70.19,-0.33031449812099856,0.5877567611360753,-1.9743690626924717,0.00014630370405463021
70.2,-0.32447819894619134,0.5795267969802474,-1.9677753579457014,0.00014426676387040447
70.21000000000001,-0.3187234918865938,0.5714379220996172,-1.9610870778085103,0.00014231853069616188
70.22,-0.3130489784907782,0.563487652142648,-1.954307140712351,0.00014045523483515587
70.23,-0.30745328503114466,0.5556735269175685,-1.9474383701290188,0.00013867325729702987
70.24,-0.3019350622558819,0.5479931116584837,-1.9404834975494063,0.0001369691247410839
70.25,-0.2964929851289215,0.5404439981617292,-1.93344516538912,0.00013533950449509896
70.26,-0.29112575255914447,0.5330238058005535,-1.9263259298207267,0.0001337811996588339
70.27,-0.2858320871200163,0.5257301824258117,-1.9191282635326246,0.00013229114429998227
70.28,-0.28061073476075526,0.518560805159964,-1.9118545584147475,0.00013086639874911792
70.29,-0.27546046451006473,0.5115133810913037,-1.9045071281714994,0.00012950414499904856
70.3,-0.2703800681733947,0.5045856478749777,-1.89708821086248,0.00012820168221299753
70.31,-0.26536836002463315,0.4977753742470168,-1.889599971371712,0.00012695642234509844
70.32000000000001,-0.2604241764930672,0.49108036045726433,-1.882044503806208,0.00012576588587588075
70.33,-0.2555463758463975,0.4844984386267723,-1.8744238338248296,0.00012462769766468295
70.34,-0.2507338378705339,0.4780274730349292,-1.8667399208984898,0.00012353958292027174
70.35000000000001,-0.24598546354685052,0.47166536034129575,-1.8589946605028305,0.00012249936329035362
70.36,-0.24130017472752932,0.4654100297468436,-1.851189886244584,0.00012150495307014527
70.37,-0.23667691380957542,0.45925944309902905,-1.843327371922885,0.00012055435552971402
70.38,-0.23211464340804525,0.4532115949448795,-1.835408833526851,0.00011964565935938039
70.39,-0.22761234602898722,0.4472645125360295,-1.8274359311707864,0.00011877703523212523
70.4,-0.22316902374255668,0.441416255789414,-1.8194102709684064,0.00011794673248163702
70.41,-0.21878369785673102,0.4356649172071078,-1.811333406847491,0.0001171530758943575
70.42,-0.21445540859201703,0.430008621758592,-1.8032068423064056,0.0001163944626136596
70.43,-0.21018321475751037,0.4244455267285323,-1.7950320321139321,0.00011566935915409812
70.44,-0.20596619342863765,0.4189738215329654,-1.7868103839538603,0.00011497629852349282
70.45,-0.20180343962688313,0.4135917275066132,-1.7785432600157933,0.00011431387745049306
70.46000000000001,-0.19769406600177605,0.4082974976638754,-1.7702319785336145,0.00011368075371513381
70.47,-0.1936372025153895,0.40308941643589236,-1.7618778152730565,0.000113075643579823
70.48,-0.18963199612957898,0.39796579938591786,-1.7534820049698039,0.00011249731931813433
70.49,-0.18567761049616688,0.3929249929051003,-1.745045742719543,0.00011194460683870213
70.5,-0.18177322565025886,0.38796537389063346,-1.7365701853213615,0.00011141638340151304
70.51,-0.17791803770685916,0.383085349408112,-1.728056452575877,0.00011091157542386036
70.52,-0.17411125856093418,0.37828335633980575,-1.719505628539452,0.00011042915637321743
70.53,-0.17035211559105706,0.3735578610204517,-1.7109187627358349,0.00010996814474428294
70.54,-0.16663985136675033,0.3689073588620568,-1.7022968713265365,0.0001095276021174733
70.55,-0.1629737233596298,0.364330373969102,-1.6936409382412325,0.00010910663129618661
70.56,-0.15935300365843896,0.35982545874544264,-1.6849519162694466,0.00010870437452013818
70.57000000000001,-0.15577697868805063,0.35539119349410986,-1.676230728114753,0.0001083200117521545
70.58,-0.1522449489325017,0.3510261860111336,-1.6674782674126982,0.00010795275903583787
70.59,-0.14875622866211502,0.346729071174427,-1.6586953997136216,0.0001076018669215476
70.60000000000001,-0.14531014566475295,0.34249851052869645,-1.6498829634315204,0.00010726661895822705
70.61,-0.14190604098123819,0.3383331918672727,-1.6410417707600786,0.00010694633024863095
70.62,-0.13854326864496802,0.33423182881168856,-1.6321726085569472,0.00010664034606557948
70.63,-0.13522119542574096,0.3301931603897703,-1.6232762391973379,0.00010634804052693022
70.64,-0.1319392005778068,0.3262159506129474,-1.6143534013979581,0.0001060688153269988
70.65,-0.12869667559214498,0.32229898805343227,-1.6054048110122934,0.00010580209852224833
70.66,-0.12549302395296896,0.31844108542186994,-1.596431161798205,0.00010554734336911942
70.67,-0.12232766089844974,0.31464107914600753,-1.5874331261587924,0.00010530402721192341
70.68,-0.11920001318564526,0.3108978289508896,-1.5784113558574338,0.00010507165041881501
70.69,-0.11610951885961841,0.3072102174410418,-1.569366482707895,0.00010484973536389033
70.7,-0.1130556270267214,0.3035771496850664,-1.5602991192403692,0.00010463782545354294
70.71000000000001,-0.11003779763202043,0.29999755280303336,-1.5512098593442811,0.00010443548419527209
70.72,-0.1070555012408312,0.2964703755570201,-1.5420992788886652,0.00010424229430719347
70.73,-0.10410821882433176,0.29299458794511546,-1.5329679363209003,0.00010405785686654721
70.74,-0.10119544154921685,0.2895691807991767,-1.5238163732445609,0.00010388179049559863
70.75,-0.09831667057135485,0.2861931653865975,-1.5146451149771138,0.00010371373058335166
70.76,-0.09547141683340594,0.28286557301631987,-1.5054546710881753,0.00010355332854156185
70.77,-0.09265920086635815,0.2795854546492966,-1.496245535919009,0.00010340025109360338
70.78,-0.08987955259493562,0.27635188051358944,-1.4870181890839316,0.0001032541795947749
70.79,-0.08713201114683215,0.2731639397242645,-1.4777730959542654,0.000103114809382713
70.8,-0.08441612466572115,0.27002073990822884,-1.4685107081254574,0.00010298184915662245
70.81,-0.08173145012799193,0.2669214068341313,-1.4592314638679609,0.00010285502038406233
70.82000000000001,-0.07907755316316135,0.2638650840474345,-1.4499357885624613,0.00010273405673410322
70.83,-0.07645400787790838,0.26085093251074876,-1.4406240951199998,0.00010261870353571905
70.84,-0.07386039668367873,0.2578781302495036,-1.4312967843875353,0.00010250871726029916
70.85000000000001,-0.07129631012780592,0.25494587200301794,-1.4219542455394643,0.0001024038650272347
70.86,-0.06876134672809422,0.2520533688810188,-1.4125968564555993,0.00010230392413157134
70.87,-0.06625511281080923,0.2491998480256455,-1.40322498408609,0.00010220868159273812
70.88,-0.06377722235202071,0.2463845522789648,-1.3938389848037551,0.00010211793372344233
70.89,-0.06132729682224279,0.24360673985601417,-1.384439204744274,0.00010203148571784406
70.9,-0.058904965034315894,0.24086568402337885,-1.3750259801346723,0.0001019491512581372
70.91,-0.056509862994475385,0.23816067278330177,-1.365599637610522,0.00010187075213872789
70.92,-0.05414163375655139,0.23549100856331615,-1.3561604945222587,0.00010179611790724476
70.93,-0.051799927279244797,0.23285600791138394,-1.3467088592310053,0.00010172508552160205
70.94,-0.04948440028642441,0.23025500119651696,-1.337245031394279,0.00010165749902241914
70.95,-0.04719471613039063,0.22768733231485044,-1.3277693022419428,0.00010159320922011549
70.96000000000001,-0.04493054465805125,0.2251523584011348,-1.3182819548427505,0.00010153207339601107
70.97,-0.04269156207995539,0.22264944954560484,-1.3087832643618207,0.00010147395501680275
70.98,-0.04047745084213214,0.22017798851618225,-1.2992734983093674,0.00010141872346182935
70.99,-0.03828789950068057,0.21773737048596228,-1.2897529167809951,0.00010136625376255798
71.0,-0.03612260259905876,0.21532700276593247,-1.2802217726898624,0.00010131642635370899
71.01,-0.033981260548019705,0.2129463045428675,-1.2706803119910044,0.0001012691268355342
71.02,-0.03186357950814262,0.21059470662234142,-1.2611287738980923,0.00010122424574672891
71.03,-0.029769271274908773,0.2082716511767959,-1.2515673910929002,0.00010118167834749523
71.04,-0.02769805316627165,0.2059765914986007,-1.2419963899277389,0.0001011413244123094
71.05,-0.02564964791267182,0.20370899175804058,-1.2324159906211072,0.00010110308803195051
71.06,-0.02362378354944758,0.20146832676616105,-1.222826407446801,0.00010106687742437624
71.07000000000001,-0.021620193311593122,0.19925408174240372,-1.2132278489167125,0.00010103260475403501
71.08,-0.019638615530816715,0.19706575208696078,-1.2036205179575457,0.00010100018595925391
71.09,-0.017678793534852022,0.19490284315777706,-1.1940046120816585,0.0001009695405873244
71.10000000000001,-0.015740475548976472,0.19276487005212703,-1.184380323552246,0.0001009405916369329
71.11,-0.013823414599691294,0.19065135739269343,-1.1747478395430595,0.00010091326540761856
71.12,-0.011927368420518563,0.1885618391180738,-1.1651073422928568,0.0001008874913559423
71.13,-0.010052099359871343,0.18649585827764056,-1.1554590092547692,0.00010086320195804477
71.14,-0.008197374290953779,0.1844529668306799,-1.145803013240764,0.00010084033257831453
71.15,-0.00636296452364872,0.1824327254497351,-1.1361395225613753,0.00010081882134391065
71.16,-0.004548645718351193,0.1804347033280791,-1.1264687011608687,0.0001007986090248446
71.17,-0.0027541978017068145,0.17845847799124206,-1.1167907087480005,0.00010077963891937734
71.18,-0.0009794048842149661,0.1765036351125193,-1.107105700922526,0.00010076185674451212
71.19,0.0007759448203427004,0.17456976833238494,-1.0974138292976052,0.00010074521053133234
71.2,0.0025120590736871203,0.17265647908173828,-1.087715241618249,0.00010072965052497727
71.21000000000001,0.004229141690077991,0.1707633764089085,-1.0780100818759433,0.00010071512908903552
71.22,0.00592739261163848,0.16889007681034565,-1.0682984904195871,0.00010070160061416279
71.23,0.00760700798200498,0.16703620406492478,-1.0585806040628687,0.00010068902143074963
71.24,0.00926818021833766,0.16520138907179216,-1.0488565561882055,0.00010067734972542021
71.25,0.010911098081726904,0.16338526969168202,-1.0391264768473683,0.00010066654546122864
71.26,0.01253594674602997,0.1615874905916338,-1.0293904928589004,0.00010065657030136801
71.27,0.014142907865171537,0.15980770309304018,-1.0196487279024469,0.00010064738753622367
71.28,0.015732159638941097,0.15804556502295727,-1.0099013026100974,0.0001006389620136477
71.29,0.017303876877319477,0.15630074056860882,-1.0001483346548463,0.00010063126007228512
71.3,0.01885823106336609,0.15457290013501754,-0.9903899388362705,0.00010062424947782905
71.31,0.02039539041469787,0.15286172020569747,-0.9806262271635173,0.00010061789936207308
71.32000000000001,0.02191551994359015,0.15116688320634178,-0.9708573089356983,0.00010061218016462561
71.33,0.023418781515729133,0.14948807737144199,-0.9610832908197745,0.00010060706357717794
71.34,0.02490533390764495,0.14782499661377507,-0.9513042769260207,0.00010060252249020613
71.35000000000001,0.02637533286285367,0.14617734039669603,-0.9415203688811506,0.00010059853094199964
71.36,0.027828931146735982,0.1445448136091744,-0.9317316658991825,0.00010059506406991567
71.37,0.029266278600179756,0.1429271264435144,-0.9219382648501216,0.00010059209806375297
71.38,0.030687522192012925,0.14132399427569892,-0.9121402603265345,0.00010058961012115756
71.39,0.03209280607025272,0.13973513754829894,-0.9023377447080853,0.000100587578404968
71.4,0.033482271612196565,0.1381602816558911,-0.8925308082241038,0.00010058598200241082
71.41,0.03485605747337946,0.1365991568329262,-0.8827195390142515,0.00010058480088606866
71.42,0.036214299635422074,0.13505149804399386,-0.8729040231873489,0.00010058401587653849
71.43,0.03755713145279322,0.13351704487642801,-0.8630843448784274,0.00010058360860671233
71.44,0.0388846836985099,0.13199554143520018,-0.8532605863040633,0.00010058356148759575
71.45,0.04019708460879746,0.13048673624004742,-0.8434328278160538,0.00010058385767560599
71.46000000000001,0.04149445992673202,0.12899038212478367,-0.8336011479534886,0.00010058448104128775
71.47,0.0427769329448867,0.12750623613874346,-0.8237656234932718,0.00010058541613937138
71.48,0.04404462454700273,0.12603405945030838,-0.8139263294991448,0.00010058664818012352
71.49,0.04529765324870608,0.12457361725246732,-0.8040833393692616,0.00010058816300193261
71.5,0.04653613523728957,0.12312467867036284,-0.7942367248823629,0.00010058994704507402
71.51,0.04776018441058032,0.12168701667077629,-0.7843865562425966,0.00010059198732659986
71.52,0.04896991241491139,0.1202604079735061,-0.7745329021230297,0.00010059427141630964
71.53,0.05016542868221661,0.11884463296459348,-0.764675829707894,0.00010059678741375328
71.54,0.05134684046626665,0.11743947561135186,-0.7548154047336082,0.00010059952392621105
71.55,0.052514252878064244,0.1160447233791561,-0.7449516915286168,0.00010060247004762913
71.56,0.053667768920415915,0.1146601671499492,-0.7350847530520845,0.00010060561533844932
71.57000000000001,0.0548074895216972,0.11328560114242485,-0.725214650931484,0.00010060894980630183
71.58,0.055933513568827906,0.11192082283384465,-0.7153414454991129,0.00010061246388752627
71.59,0.05704593793947351,0.11056563288345021,-0.7054651958275772,0.00010061614842947534
71.60000000000001,0.058144857533488546,0.10921983505743077,-0.6955859597642715,0.00010061999467358346
71.61,0.059230365303617236,0.1078832361554078,-0.6857037939648929,0.00010062399423915093
71.62,0.06030255228546642,0.10655564593839909,-0.675818753926017,0.00010062813910781854
71.63,0.06136150762676537,0.10523687705822506,-0.665930894016769,0.00010063242160870736
71.64,0.06240731861592672,0.10392674498832152,-0.6560402675096182,0.00010063683440419278
71.65,0.06344007070992241,0.10262506795592317,-0.6461469266103249,0.00010064137047628016
71.66,0.06445984756148818,0.10133166687558308,-0.6362509224870678,0.00010064602311356133
71.67,0.06546673104566976,0.10004636528399428,-0.6263523052987782,0.00010065078589872718
71.68,0.06646080128572372,0.09876898927608012,-0.6164511242227071,0.0001006556526966141
71.69,0.06744213667838536,0.09749936744232054,-0.6065474274812505,0.0001006606176427541
71.7,0.06841081391851594,0.09623733080728254,-0.5966412623680567,0.00010066567513241399
71.71000000000001,0.06936690802314113,0.09498271276932319,-0.5867326752734396,0.00010067081981010653
71.72,0.07031049235489216,0.0937353490414347,-0.57682171170912,0.00010067604655953873
71.73,0.07124163864486105,0.09249507759320139,-0.5669084163323175,0.00010068135049399654
71.74,0.07216041701488086,0.09126173859383893,-0.556992832969214,0.00010068672694713402
71.75,0.07306689599924159,0.09003517435628715,-0.5470750046378098,0.00010069217146415626
71.76,0.07396114256585212,0.08881522928232786,-0.5371549735701913,0.00010069767979338169
71.77,0.07484322213685848,0.08760174980870016,-0.5272327812342306,0.00010070324787816174
71.78,0.075713198608728,0.08639458435418572,-0.5173084683547351,0.00010070887184914935
71.79,0.07657113437180905,0.08519358326763767,-0.5073820749340655,0.00010071454801689342
71.8,0.07741709032937588,0.08399859877692661,-0.4974536402722397,0.00010072027286475539
71.81,0.07825112591616709,0.08280948493877836,-0.48752320298653945,0.00010072604304213008
71.82000000000001,0.07907329911642708,0.08162609758947804,-0.47759080103063656,0.00010073185535795698
71.83,0.07988366648145866,0.08044829429641602,-0.4676564717132543,0.00010073770677451155
71.84,0.08068228314669526,0.07927593431045135,-0.45772025171638,0.00010074359440146545
71.85000000000001,0.08146920284830073,0.07810887851906903,-0.44778217711304313,0.00010074951549020734
71.86,0.08224447793930462,0.07694698940030774,-0.4378422833846744,0.00010075546742840591
71.87,0.08300815940528049,0.07579013097743516,-0.4279006054380593,0.00010076144773481563
71.88,0.08376029687957456,0.07463816877434845,-0.41795717762189993,0.00010076745405430738
71.89,0.08450093865809204,0.0734909697716778,-0.4080120337429992,0.00010077348415311779
71.9,0.0852301317136477,0.07234840236357137,-0.39806520708207926,0.00010077953591431354
71.91,0.08594792170988784,0.07121033631514047,-0.3881167304092475,0.00010078560733345147
71.92,0.08665435301478977,0.07007664272054386,-0.3781666359991223,0.00010079169651443592
71.93,0.0873494687137453,0.0689471939616908,-0.36821495564563045,0.00010079780166556395
71.94,0.08803331062223425,0.06782186366754268,-0.3582617206764872,0.00010080392109575062
71.95,0.08870591929809395,0.06670052667399316,-0.34830696196737115,0.00010081005321092303
71.96000000000001,0.08936733405339023,0.06558305898430748,-0.33835070995580446,0.00010081619651058479
71.97,0.09001759296589565,0.06446933773010173,-0.3283929946547488,0.00010082234958453941
71.98,0.09065673289018003,0.06335924113284302,-0.31843384566592814,0.00010082851110976679
71.99,0.09128478946831861,0.06225264846585212,-0.3084732921928877,0.00010083467984745004
72.0,0.09190179714022259,0.06114944001679005,-0.29851136305379977,0.00010084085464014459
72.01,0.09250778915359693,0.06004949705061075,-0.28854808669402504,0.00010084703440908645
72.02,0.09310279757352993,0.05895270177296194,-0.2785834911984399,0.00010085321815163305
72.03,0.09368685329171896,0.057858937294016595,-0.2686176043035379,0.00010085940493883327
72.04,0.09425998603533656,0.05676808759271782,-0.25865045340931525,0.00010086559391311951
72.05,0.09482222437554111,0.05568003748142006,-0.24868206559094816,0.00010087178428612447
72.06,0.09537359573563567,0.05459467257090971,-0.23871246761027134,0.00010087797533661253
72.07000000000001,0.09591412639887893,0.05351187923578866,-0.2287416859270656,0.0001008841664085219
72.08,0.09644384151595177,0.05243154458020415,-0.21876974671016272,0.00010089035690911754
72.09,0.0969627651120827,0.05135355640390897,-0.20879667584837605,0.0001008965463072492
72.10000000000001,0.09747092009383555,0.05027780316863568,-0.19882249896126403,0.00010090273413171343
72.11,0.09796832825556241,0.04920417396476923,-0.18884724140973477,0.00010090891996971455
72.12,0.09845501028552467,0.04813255847830213,-0.17887092830649914,0.00010091510346542109
72.13,0.09893098577168499,0.047062846958056764,-0.16889358452637976,0.00010092128431861911
72.14,0.0993962732071728,0.045994930183159255,-0.158915234716483,0.00010092746228345535
72.15,0.09985088999542566,0.044928699430749904,-0.1489359033062416,0.00010093363716727104
72.16,0.1002948524550089,0.04386404644391485,-0.13895561451733426,0.00010093980882952266
72.17,0.1007281758241156,0.04280086339982411,-0.12897439237348993,0.00010094597718078798
72.18,0.10115087426474892,0.04173904287806101,-0.11899226071018278,0.0001009521421818569
72.19,0.10156296086658864,0.04067847782912831,-0.10900924318422532,0.00010095830384290197
72.2,0.10196444765054354,0.03961906154311635,-0.09902536328326587,0.00010096446222273138
72.21000000000001,0.10235534557199125,0.03856068761851848,-0.08904064433519701,0.00010097061742811992
72.22,0.1027356645237069,0.03750324993117952,-0.0790551095174816,0.00010097676961321744
72.23,0.10310541333848193,0.03644664260336249,-0.06906878186640268,0.00010098291897903428
72.24,0.10346459979143398,0.03539075997291955,-0.05908168428624368,0.0001009890657730018
72.25,0.10381323060200903,0.03433549656255253,-0.04909383955840508,0.00010099521028860752
72.26,0.10415131143567656,0.03328074704914899,-0.03910527035046399,0.00010100135286510429
72.27,0.1044788469053183,0.03222640623317943,-0.0291159992251826,0.00010100749388729241
72.28,0.1047958405723113,0.03117236900814151,-0.01912604864947183,0.00010101363378537438
72.29,0.1051022949473055,0.03011853033003696,-0.009135441003316244,0.00010101977303488174
72.3,0.10539821149069627,0.02906478518686717,0.0008558014113336909,0.00010102591215667405
72.31,0.10568359061279194,0.02801102856813311,0.010847656361695894,0.0001010320517170098
72.32000000000001,0.1059584316736762,0.02695715543432546,0.020840101675311463,0.00010103819232768854
72.33,0.10622273298276541,0.02590306068639074,0.030833115231213903,0.00010104433464626533
72.34,0.1064764917980603,0.024848639135159188,0.040826674951106756,0.00010105047937633701
72.35000000000001,0.10671970432509174,0.023793785470720134,0.050820758790543555,0.00010105662726790063
72.36,0.10695236571555994,0.022738394231730564,0.06081534473010405,0.00010106277911778509
72.37,0.10717447006566634,0.02168235977464252,0.07081041076656062,0.00010106893577015574
72.38,0.1073860104141373,0.02062557624283492,0.08080593490402882,0.00010107509811709311
72.39,0.10758697873993858,0.01956793753563533,0.09080189514509576,0.00010108126709924667
72.4,0.10777736595967942,0.018509337277217135,0.10079826948192044,0.0001010874437065643
72.41,0.1079571619247049,0.01744966878535746,0.11079503588729957,0.00010109362897909868
72.42,0.10812635541787516,0.01638882504004112,0.12079217230569274,0.00010109982400789129
72.43,0.10828493415002975,0.01532669865189577,0.13078965664420067,0.00010110602993593613
72.44,0.10843288475613555,0.014263181830443325,0.14078746676349008,0.00010111224795922514
72.45,0.10857019279111606,0.01319816635215255,0.1507855804686589,0.00010111847932787451
72.46000000000001,0.1086968427253603,0.012131543528277666,0.1607839755000351,0.00010112472534733576
72.47,0.10881281793990892,0.011063204172467637,0.1707826295239028,0.00010113098737969338
72.48,0.10891810072131515,0.009993038568130634,0.18078152012314885,0.00010113726684505092
72.49,0.10901267225617813,0.00892093643553807,0.1907806247878232,0.00010114356522300607
72.5,0.10909651262534592,0.0078467868986524,0.2007799209056061,0.00010114988405421889
72.51,0.10916960079778538,0.006770478451662698,0.21077938575217525,0.00010115622494207662
72.52,0.10923191462411581,0.0056918989252118385,0.220778996481466,0.00010116258955445376
72.53,0.10928343082980325,0.004610935452298954,0.2307787301158169,0.0001011689796255752
72.54,0.10932412500801218,0.003527474433840564,0.24077856353599383,0.00010117539695798182
72.55,0.10935397161211098,0.002441401503873606,0.25077847347108495,0.00010118184342460272
72.56,0.10937294394782764,0.0013526014943833695,0.2607784364882589,0.0001011883209709394
72.57000000000001,0.10938101416505171,0.0002609583997390543,0.27077842898237847,0.00010119483161736172
72.58,0.10937815324927863,-0.0008336446592805166,0.2807784271654621,0.00010120137746152255
72.59,0.10936433101269219,-0.0019313254718888058,0.2907784070559844,0.00010120796068089464
72.60000000000001,0.10933951608488075,-0.00303220277413911,0.3007783444680085,0.00010121458353543262
72.61,0.10930367590318267,-0.004136396286236061,0.31077821500014063,0.00010122124837036572
72.62,0.10925677670265624,-0.005244026750329682,0.32077799402429924,0.00010122795761912435
72.63,0.10919878350566915,-0.0063552159688108996,0.33077765667428893,0.00010123471380640824
72.64,0.10912966011110249,-0.0074700868431277455,0.340777177834171,0.00010124151955139908
72.65,0.10904936908316382,-0.008588763413141786,0.3507765321264204,0.00010124837757112338
72.66,0.10895787173980392,-0.009711370897044675,0.3607756938998604,0.00010125529068397254
72.67,0.10885512814073156,-0.010838035731855088,0.3707746372173645,0.00010126226181338398
72.68,0.10874109707502015,-0.011968885614516613,0.3807733358433157,0.00010126929399169058
72.69,0.1086157360483005,-0.013104049543617628,0.39077176323081314,0.00010127639036414712
72.7,0.10847900126953308,-0.014243657861754504,0.4007698925086151,0.00010128355419313955
72.71000000000001,0.10833084763735333,-0.015387842298559948,0.4107676964678076,0.00010129078886258013
72.72,0.10817122872598334,-0.01653673601441866,0.42076514754818717,0.00010129809788250223
72.73,0.10800009677070278,-0.01769047364489297,0.4307622178243468,0.00010130548489385911
72.74,0.10781740265287199,-0.01884919134588148,0.4407588789914524,0.00010131295367353779
72.75,0.10762309588449959,-0.020013026839534324,0.45075510235069804,0.00010132050813959545
72.76,0.10741712459234726,-0.021182119460948987,0.4607508587944277,0.00010132815235672416
72.77,0.10719943550156337,-0.022356610205671226,0.4707461187909092,0.00010133589054196026
72.78,0.10696997391883757,-0.0235366417780261,0.48074085236874897,0.00010134372707064384
72.79,0.10672868371506779,-0.024722358640304615,0.49073502910093153,0.0001013516664826397
72.8,0.10647550730753096,-0.025913907062832076,0.5007286180884716,0.00010135971348883246
72.81,0.10621038564154857,-0.027111435174944732,0.5107215879436625,0.0001013678729779084
72.82000000000001,0.10593325817163779,-0.028315093016901913,0.5207139067729073,0.00010137615002342908
72.83,0.10564406284213869,-0.02952503259276143,0.5307055421591148,0.00010138454989121846
72.84,0.10534273606730774,-0.0307414079242466,0.540696461143647,0.00010139307804707375
72.85000000000001,0.10502921271086757,-0.03196437510563388,0.5506866302077988,0.00010140174016481296
72.86,0.10470342606500267,-0.033194092359690744,0.5606760152537951,0.00010141054213467281
72.87,0.10436530782879028,-0.03443072009469407,0.5706645815852845,0.00010141949007207434
72.88,0.10401478808605556,-0.035674420962559995,0.5806522938873153,0.00010142859032677801
72.89,0.10365179528263987,-0.03692535991811689,0.5906391162057705,0.00010143784949242859
72.9,0.10327625620307034,-0.03818370427955377,0.600625011926245,0.00010144727441652693
72.91,0.10288809594661898,-0.03944962379007724,0.6106099437523441,0.00010145687221083646
72.92,0.10248723790273914,-0.04072329068081084,0.6205938736833817,0.00010146665026224148
72.93,0.10207360372586648,-0.04200487973497129,0.6305767629914564,0.00010147661624408894
72.94,0.1016471133095717,-0.0432945683533571,0.6405585721978841,0.00010148677812802589
72.95,0.10120768476005171,-0.04459253662118575,0.6505392610489634,0.00010149714419635354
72.96000000000001,0.10075523436894546,-0.04589896737631633,0.6605187884910482,0.0001015077230549262
72.97,0.10028967658546051,-0.047214046278895694,0.6704971126449049,0.00010151852364662312
72.98,0.09981092398779587,-0.04853796188246669,0.6804741907793272,0.00010152955526540868
72.99,0.09931888725384622,-0.04987090570657825,0.6904499792839819,0.0001015408275710157
73.0,0.0988134751311724,-0.051213072310937795,0.7004244336414572,0.00010155235060427924
73.01,0.09829459440622251,-0.052564659371147474,0.7103975083984874,0.0001015641348031457
73.02,0.09776214987278749,-0.05392586775606667,0.7203691571363205,0.00010157619101939285
73.03,0.0972160442996748,-0.05529690160684426,0.7303393324402021,0.0001015885305360916
73.04,0.09665617839758325,-0.05667796841766496,0.7403079858679394,0.00010160116508584649
73.05,0.0960824507851616,-0.05806927911825533,0.7502750679175167,0.00010161410686984508
73.06,0.09549475795423311,-0.059471048158195886,0.7602405279937242,0.0001016273685777534
73.07000000000001,0.09489299423416771,-0.06088349359308693,0.7702043143737669,0.0001016409634085075
73.08,0.09427705175538309,-0.062306837172616834,0.7801663741718167,0.0001016549050920285
73.09,0.09364682041195535,-0.06374130443058254,0.790126653302468,0.00010166920791191002
73.10000000000001,0.09300218782331951,-0.06518712477691328,0.8000850964430594,0.00010168388672912799
73.11,0.09234303929503951,-0.06664453159174967,0.8100416469948182,0.00010169895700680658
73.12,0.09166925777862693,-0.0681137623216315,0.8199962470427868,0.00010171443483610699
73.13,0.09098072383038708,-0.06959505857784874,0.8299488373144865,0.00010173033696327956
73.14,0.09027731556927052,-0.07108866623701177,0.8398993571372717,0.00010174668081793404
73.15,0.08955890863370755,-0.0725948355438976,0.8498477443943286,0.00010176348454259055
73.16,0.08882537613740259,-0.07411382121663078,0.8597939354792682,0.00010178076702356964
73.17,0.08807658862406487,-0.0756458825542585,0.8697378652492621,0.00010179854792328085
73.18,0.0873124140210511,-0.07719128354678102,0.8796794669766689,0.00010181684771397778
73.19,0.08653271759189536,-0.07875029298769984,0.8896186722990949,0.00010183568771305445
73.2,0.0857373618877006,-0.08032318458914733,0.899555411167833,0.00010185509011994085
73.21000000000001,0.08492620669736567,-0.08191023709966329,0.9094896117946192,0.0001018750780546915
73.22,0.08409910899662107,-0.08351173442468475,0.9194212005966458,0.00010189567559833457
73.23,0.08325592289584603,-0.08512796574981751,0.9293501021397667,0.00010191690783506846
73.24,0.08239649958663856,-0.08675922566695879,0.9392762390798285,0.00010193880089639913
73.25,0.08152068728710977,-0.08840581430334217,0.9491995321020584,0.00010196138200730081
73.26,0.0806283311858729,-0.09006803745357757,0.9591198998584366,0.00010198467953450178
73.27,0.07971927338469652,-0.0917462067147603,0.9690372589029784,0.00010200872303699817
73.28,0.0787933528397911,-0.09344063962472504,0.97895152362485,0.00010203354331890238
73.29,0.07785040530169696,-0.0951516598035221,0.9888626061792356,0.00010205917248473231
73.3,0.07689026325374099,-0.09687959709819478,0.998770416415873,0.00010208564399726595
73.31,0.07591275584902879,-0.09862478773093859,1.0086748618051717,0.00010211299273807384
73.32000000000001,0.07491770884593796,-0.10038757445072423,1.0185758473618205,0.00010214125507087651
73.33,0.07390494454207744,-0.10216830668846832,1.0284732755657944,0.00010217046890783938
73.34,0.07287428170667716,-0.10396734071583735,1.0383670462806593,0.00010220067377896958
73.35000000000001,0.07182553551137102,-0.1057850398077718,1.0482570566690776,0.00010223191090474979
73.36,0.07075851745933573,-0.10762177440881933,1.058143201105404,0.00010226422327216143
73.37,0.06967303531274678,-0.1094779223033674,1.0680253710852663,0.0001022976557142841
73.38,0.06856889301851239,-0.11135386878986746,1.077903455132016,0.00010233225499361915
73.39,0.0674458906322447,-0.11325000685914428,1.0877773386999283,0.00010236806988933569
73.4,0.06630382424042713,-0.11516673737688603,1.0976469040740324,0.0001024051512886163
73.41,0.06514248588073554,-0.11710446927041193,1.1075120302664392,0.00010244355228231552
73.42,0.06396166346046983,-0.11906361971981622,1.1173725929090377,0.00010248332826512274
73.43,0.0627611406730519,-0.1210446143535886,1.1272284641424182,0.00010252453704046946
73.44,0.06154069691254457,-0.12304788744881306,1.137079512500881,0.00010256723893040883
73.45,0.06030010718614515,-0.12507388213604834,1.1469256027933794,0.00010261149689068437
73.46000000000001,0.059039142024606396,-0.12712305060899487,1.1567665959802405,0.00010265737663127755
73.47,0.05775756739053644,-0.1291958543390548,1.166602349045504,0.0001027049467426805
73.48,0.05645514458452815,-0.13129276429489248,1.1764327148647085,0.00010275427882818787
73.49,0.055131630149067475,-0.1334142611671047,1.1862575420679518,0.00010280544764248526
73.5,0.053786775770169076,-0.1355608355981113,1.1960766748980403,0.00010285853123684776
73.51,0.05242032817668646,-0.13773298841737738,1.2058899530635403,0.00010291361111130123
73.52,0.05103202903724277,-0.13993123088208034,1.2156972115865332,0.00010297077237404212
73.53,0.04962161485472724,-0.14215608492333537,1.2254982806448675,0.00010303010390850683
73.54,0.04818881685830108,-0.14440808339809422,1.2352929854086971,0.00010309169854845232
73.55,0.046733360892855534,-0.14668777034683303,1.24508114587108,0.00010315565326145235
73.56,0.045254967305863675,-0.14899570125714556,1.25486257667241,0.00010322206934121157
73.57000000000001,0.04375335083156619,-0.1513324433333587,1.264637086918437,0.00010329105260913308
73.58,0.04222822047243043,-0.15369857577228782,1.2744044799916279,0.00010336271362561688
73.59,0.04067927937782077,-0.15609469004524945,1.2841645533556074,0.00010343716791154116
73.60000000000001,0.039106224719816965,-0.15852139018644937,1.2939170983524062,0.00010351453618043553
73.61,0.03750874756611635,-0.16097929308786318,1.3036618999922347,0.00010359494458189076
73.62,0.03588653274995423,-0.1634690288007273,1.3133987367354907,0.00010367852495674429
73.63,0.03423925873697584,-0.16599124084375655,1.3231273802666923,0.00010376541510462153
73.64,0.032566597488992016,-0.1685465865182045,1.332847595260021,0.00010385575906445313
73.65,0.030868214324549552,-0.17113573722988132,1.3425591391361413,0.00010394970740860301
73.66,0.029143767776246138,-0.17375937881824222,1.3522617618099562,0.00010404741755127417
73.67,0.02739290944471859,-0.17641821189265838,1.3619552054289348,0.00010414905407191293
73.68,0.02561528384923199,-0.17911295217597936,1.3716392041016463,0.00010425478905433654
73.69,0.02381052827479632,-0.18184433085549423,1.3813134836161054,0.00010436480244235954
73.7,0.02197827261573602,-0.18461309494139508,1.3909777611475302,0.00010447928241275118
73.71000000000001,0.020118139215637036,-0.1874200076328435,1.4006317449550907,0.0001045984257663538
73.72,0.018229742703594714,-0.19026584869173668,1.4102751340672102,0.00010472243833828062
73.73,0.016312689826685208,-0.1931514148242651,1.4199076179549672,0.00010485153542811174
73.74,0.014366579278581967,-0.19607752007034887,1.429528876193122,0.00010498594225108335
73.75,0.01239100152423811,-0.19904499620103433,1.4391385781082768,0.00010512589441130497
73.76,0.010385538620554736,-0.20205469312392552,1.4487363824136585,0.00010527163839808685
73.77,0.008349764032954453,-0.20510747929671896,1.45832193682999,0.00010542343210649511
73.78,0.006283242447778789,-0.20820424214890154,1.4678948776918954,0.00010558154538334128
73.79,0.004185529580427595,-0.21134588851166278,1.4774548295392658,0.00010574626059985246
73.8,0.0020561719791580614,-0.21453334505606358,1.4870014046929827,0.00010591787325230415
73.81,-0.00010529317553935411,-0.21776755873949233,1.4965342028143789,0.00010609669259200394
73.82000000000001,-0.0022993382760710906,-0.22104949726042794,1.5060528104477864,0.00010628304228604553
73.83,-0.004526445497459846,-0.2243801495215166,1.5155568005454998,0.00010647726111033133
73.84,-0.006787107011736252,-0.22776052610095499,1.5250457319744533,0.00010667970367642056
73.85000000000001,-0.009081825207085822,-0.23119165973215736,1.534519149003883,0.00010689074119386334
73.86,-0.011411112911833842,-0.23467460579166752,1.5439765807732206,0.00010711076226971062
73.87,-0.013775493623350366,-0.23821044279525824,1.5534175407394284,0.00010734017374699368
73.88,-0.016175501741956835,-0.24180027290214112,1.562841526102961,0.00010757940158407447
73.89,-0.018611682809914945,-0.24544522242718833,1.5722480172115059,0.00010782889177678271
73.9,-0.021084593755577294,-0.24914644236104466,1.5816364769406197,0.00010808911132540452
73.91,-0.023594803142778002,-0.25290510889798284,1.5910063500503453,0.00010836054924867017
73.92,-0.026142891425539886,-0.2567224239713278,1.6003570625168613,0.00010864371764693703
73.93,-0.02872945120817288,-0.260599615796246,1.6096880208381754,0.00010893915281690648
73.94,-0.03135508751083623,-0.26453793941966497,1.6189986113128398,0.00010924741642031547
73.95,-0.034020418040634375,-0.2685386772770514,1.628288199290627,0.00010956909670909304
73.96000000000001,-0.03672607346831369,-0.27260313975574196,1.6375561283940632,0.00010990480980963135
73.97,-0.03947269771062385,-0.2767326657644789,1.646801719709679,0.00011025520106892738
73.98,-0.04226094821840397,-0.28092862330875973,1.6560242709477948,0.00011062094646540393
73.99,-0.04509149627044947,-0.2851924100715643,1.665223055569612,0.00011100275408740258
74.0,-0.0479650272732112,-0.289525453998973,1.6743973218803407,0.00011140136568243137
74.01,-0.05088224106637282,-0.2939292138901341,1.6835462920870516,0.00011181755828033695
74.02,-0.05384385223434728,-0.2984051799909835,1.692669161319885,0.00011225214589374245
74.03,-0.05685059042372645,-0.3029548745910559,1.7017650966152138,0.00011270598129918644
74.04,-0.059903200666711315,-0.30757985262266135,1.710833235859302,0.0001131799579025122
74.05,-0.06300244371054253,-0.3122817022616286,1.7198726866909522,0.00011367501169220868
74.06,-0.06614909635294261,-0.3170620455287425,1.7288825253615903,0.00011419212328449735
74.07000000000001,-0.06934395178357194,-0.3219225388909184,1.7378617955511775,0.00011473232006410949
74.08,-0.07258781993149106,-0.3268648738610709,1.7468095071382972,0.0001152966784248177
74.09,-0.07588152781861027,-0.3318907775955404,1.7557246349227063,0.00011588632611386918
74.10000000000001,-0.07922591991909624,-0.3370020134878394,1.7646061172985898,0.00011650244468464348
74.11,-0.08262185852469212,-0.34220038175737566,1.7734528548767088,0.00011714627206194886
74.12,-0.08607022411589378,-0.3474877200316936,1.7822637090535736,0.00011781910522446683
74.13,-0.08957191573890948,-0.3528659039206539,1.7910375005257286,0.00011852230300896837
74.14,-0.09312785138831389,-0.3583368475808409,1.7997730077471763,0.00011925728904103597
74.15,-0.09673896839528986,-0.36390250426834847,1.8084689653279213,0.00012002555479712066
74.16,-0.10040622382133153,-0.36956486687794815,1.817124062371566,0.00012082866280279823
74.17,-0.10413059485726214,-0.3753259684664836,1.8257369407498343,0.00012166824997219861
74.18,-0.1079130792273974,-0.3811878827581697,1.8343061933118578,0.00012254603109362972
74.19,-0.11175469559866096,-0.3871527246292953,1.842830362026013,0.0001234638024664321
74.2,-0.11565648399443276,-0.3932226505696371,1.8513079360520492,0.00012442344569411649
74.21000000000001,-0.11961950621288325,-0.3993998591176936,1.8597373497412142,0.00012542693163886977
74.22,-0.12364484624951602,-0.4056865912666294,1.8681169805620415,0.0001264763245424286
74.23,-0.12773361072360973,-0.4120851308375961,1.876445146949433,0.00012757378631828438
74.24,-0.13188692930821533,-0.41859780481685094,1.8847201060746435,0.00012872158102010718
74.25,-0.13610595516332755,-0.4252269836528409,1.8929400515337462,0.00012992207949110205
74.26,-0.1403918653718101,-0.43197508150914615,1.9011031109521483,0.0001311777641988703
74.27,-0.1447458613776114,-0.43884455646888976,1.9092073435027086,0.00013249123426012146
74.28,-0.14916916942576233,-0.44583791068591605,1.9172507373350152,0.00013386521065929762
74.29,-0.15366304100359882,-0.4529576904777182,1.925231206913382,0.00013530254166483447
74.3,-0.15822875328260022,-0.4602064863547542,1.9331465902611444,0.0001368062084464297
74.31,-0.1628676095601792,-0.46758693298043164,1.9409946461088663,0.0001383793308961474
74.32000000000001,-0.16758093970069948,-0.4751017090556631,1.9487730509441026,0.00014002517365568383
74.33,-0.17237010057493515,-0.4827535371214925,1.9564793959604323,0.00014174715235148598
74.34,-0.1772364764971179,-0.4905451832728725,1.9641111839035388,0.00014354884003862095
74.35000000000001,-0.18218147965864734,-0.4984794567762312,1.9716658258122073,0.00014543397385350683
74.36,-0.1872065505574635,-0.5065592095829975,1.9791406376522243,0.00014740646187460398
74.37,-0.19231315842199984,-0.5147873357307691,1.9865328368412873,0.00014947039018907998
74.38,-0.19750280162854977,-0.5231667706232901,1.9938395386631989,0.0001516300301622357
74.39,-0.20277700811078803,-0.5317004901798724,2.001057752569792,0.00015388984590504232
74.4,-0.20813733576009236,-0.5403915098443282,2.0081843783692555,0.00015625450193359252
74.41,-0.2135853728152086,-0.549242883442896,2.01521620229976,0.00015872887101250172
74.42,-0.2191227382396938,-0.5582577018800299,2.0221498929875787,0.0001613180421723444
74.43,-0.22475108208545785,-0.5674390916602814,2.028981997289197,0.00016402732888901896
74.44,-0.23047208584060278,-0.5767902132238409,2.0357089360172815,0.00016686227741049983
74.45,-0.23628746275963144,-0.5863142590826168,2.042326999550769,0.00016982867521378133
74.46000000000001,-0.24219895817396236,-0.5960144517430135,2.0488323433297966,0.000172932559571859
74.47,-0.24820834978054532,-0.6058940414008364,2.0552209832367048,0.0001761802262073317
74.48,-0.2543174479062232,-0.6159563033929866,2.061488790864902,0.00017957823800562894
74.49,-0.26052809574532776,-0.6262045353898269,2.0676314886780203,0.00018313343375697428
74.5,-0.2668421695678325,-0.6366420543112981,2.0736446450624766,0.0001868529368918961
74.51,-0.2732615788952115,-0.6472721929490424,2.0795236692773402,0.00019074416417042976
74.52,-0.2797882666409727,-0.6580982962759555,2.085263806306242,0.00019481483428007717
74.53,-0.2864242092126433,-0.6691237174237383,2.0908601316170077,0.0001990729762920706
74.54,-0.29317141657178625,-0.680351813308162,2.0963075458357197,0.0002035269379195104
74.55,-0.30003193224842056,-0.6917859398808975,2.101600769343039,0.0002081853935144882
74.56,-0.30700783330600107,-0.7034294469858982,2.1067343368018467,0.00021305735173432174
74.57000000000001,-0.3141012302528899,-0.7152856727974646,2.1117025916266043,0.00021815216279958945
74.58,-0.3213142668960187,-0.7273579378162831,2.116499680406296,0.00022347952525857254
74.59,-0.3286491201321992,-0.7396495383988967,2.121119547294395,0.000229049492164143
74.60000000000001,-0.33610799967229016,-0.7521637397952784,2.1255559283810213,0.0002348724765599998
74.61,-0.34369314769317233,-0.7649037686684157,2.129802346064307,0.00024095925616339012
74.62,-0.3514068384122181,-0.7778728050691063,2.1338521034400046,0.0002473209771211506
74.63,-0.3592513775786707,-0.7910739738385183,2.137698278730517,0.0002539691567050438
74.64,-0.36722910187607166,-0.8045103354104953,2.141333719776877,0.0002609156848008671
74.65,-0.37534237822959104,-0.8181848759851018,2.1447510386196615,0.0002681728240338412
74.66,-0.38359360301182943,-0.8321004970445287,2.1479426061975277,0.0002757532083602992
74.67,-0.3919852011403694,-0.8462600041822269,2.150900547194878,0.00028366983994266773
74.68,-0.4005196250600624,-0.8606660952160289,2.1536167350732045,0.0002919360841114063
74.69,-0.40919935360274556,-0.8753213475560796,2.156082787323888,0.00030056566220378734
74.7,-0.4180268907167907,-0.89022820479865,2.1582900609836235,0.00030957264205547187
74.71000000000001,-0.4270047640586024,-0.9053889625173763,2.1602296484572703,0.00031897142590670127
74.72,-0.43613552343789924,-0.920805753224186,2.161892373696701,0.0003287767354707896
74.73,-0.4454217391083415,-0.9364805304731614,2.1632687887882267,0.00033900359389868137
74.74,-0.45486599989480464,-0.9524150520819008,2.1643491710053344,0.0003496673043596996
74.75,-0.46447091114835454,-0.9686108624465823,2.1651235203878243,0.00036078342494555763
74.76,-0.47423909251975005,-0.9850692739289676,2.16558155791295,0.0003723677395924588
74.77,-0.48417317554209377,-1.0017913472960378,2.165712724328822,0.0003844362247049594
74.78,-0.49427580101307245,-1.0187778711958706,2.1655061797251314,0.0003970050111555555
74.79,-0.504549616167082,-1.0360293406567904,2.164950803921162,0.0004100903413260245
74.8,-0.5149972716274211,-1.0535459346008023,2.164035197756026,0.000423708520850794
74.81,-0.5256214181286698,-1.0713274923668905,2.162747685371115,0.00043787586471954744
74.82000000000001,-0.5364247029993516,-1.0893734892449853,2.1610763175797643,0.00045260863739634183
74.83,-0.5474097663950139,-1.107683011027308,2.1590088764241497,0.00046792298661628293
74.84,-0.5585792372719611,-1.1262547275904575,2.156532881024317,0.00048383487052886524
74.85000000000001,-0.5699357290920462,-1.1450868655290372,2.1536355948289936,0.0005003599778700212
74.86,-0.5814818352491729,-1.1641771798698792,2.1503040343823385,0.0005175136408635692
74.87,-0.593220124208499,-1.183522924905069,2.146524979724986,0.0005353107405776318
74.88,-0.60515313434976,-1.203120824192007,2.142284986551538,0.0005537656044934947
74.89,-0.6172833685066702,-1.2229670397797363,2.13757040024996,0.0005728918960842116
74.9,-0.6296132881950104,-1.2430571407327098,2.132367371951024,0.0005927024962486175
74.91,-0.6421453075227846,-1.2633860710361111,2.1266618767178924,0.0006132093765041275
74.92,-0.6548817867767407,-1.2839481169807643,2.120439734007045,0.000634423463909624
74.93,-0.6678250256806015,-1.304736874140581,2.113686630531829,0.000656354497768444
74.94,-0.6809772563215639,-1.325745214071375,2.1063881456588534,0.0006790108782516196
74.95,-0.6943406357429913,-1.3469652508766832,2.0985297794650806,0.0007023995071839728
74.96000000000001,-0.7079172382027734,-1.3683883078039258,2.0900969835795884,0.0007265256213503779
74.97,-0.7217090470985482,-1.3900048840527348,2.0810751949284767,0.0007513926188071195
74.98,-0.735717946562898,-1.4118046219964777,2.0714498724940236,0.0007770018788239803
74.99,-0.7499457127337381,-1.4337762750377951,2.0612065371898325,0.000803352576235975
75.0,-0.7643940047074266,-1.4559076763391765,2.0503308149421233,0.0008304414911495777
75.01,-0.7790643551846365,-1.478185708690065,2.0388084830533746,0.0008582628151257498
75.02,-0.7939581608217475,-1.500596275792468,2.0266255199080105,0.0008868079551504306
75.03,-0.8090766723034379,-1.523124275267327,2.0137681580606115,0.0009160653369005595
75.04,-0.8244209841552773,-1.5457535737036578,2.000222940725051,0.0009460202090184489
75.05,-0.8399920243184379,-1.5684669840914154,1.9859767816579146,0.000976654450316837
75.06,-0.8557905435121405,-1.5912462459967804,1.9710170284014454,0.0010079463820486063
75.07000000000001,-0.8718171044131215,-1.614072008854734,1.95533152882002,0.0010398705875852277
75.08,-0.8880720706852278,-1.636923818767936,1.9389087008297714,0.0010723977420521312
75.09,-0.9045555958961967,-1.659780109212602,1.921737605183502,0.001105494454663725
75.10000000000001,-0.9212676123627344,-1.6826181960607929,1.9038080211325081,0.0011391231266794817
75.11,-0.9382078199691244,-1.7054142773337706,1.8851105247435826,0.0011732418280602053
75.12,-0.9553756750087599,-1.7281434381023235,1.8656365696034443,0.0012078041960343617
75.13,-0.9727703791021355,-1.7507796609466786,1.8453785695945057,0.0012427593588809438
75.14,-0.9903908682489259,-1.7732958423802698,1.824329983375598,0.0012780518882917332
75.15,-1.0082358020757554,-1.795663815627716,1.8024854001495012,0.0013136217836847534
75.16,-1.0263035533450722,-1.81785438012738,1.7798406262464666,0.0013494044917949592
75.17,-1.0445921977941157,-1.8398373381023927,1.7563927719999906,0.0013853309647618994
75.18,-1.0630995043762483,-1.861581538510653,1.7321403383387082,0.001421327759760341
75.19,-1.0818229259798238,-1.8830549286437437,1.707083302467218,0.0014573171829736888
75.2,-1.100759590702238,-1.9042246135967085,1.6812232019598936,0.0014932174803866203
75.21000000000001,-1.1199062937587498,-1.9250569237751378,1.654563216546269,0.001528943077469829
75.22,-1.1392594901070185,-1.9455174905430024,1.6271082468254825,0.001564404869344554
75.23,-1.158815287868994,-1.9655713300443538,1.5988649891116358,0.0015995105624472812
75.24,-1.1785694426317412,-1.9851829351546897,1.569842005582929,0.0016341650680691058
75.25,-1.198517352707933,-2.0043163754339757,1.5400497888862072,0.0016682709474234057
75.26,-1.2186540554350098,-2.0229354048637096,1.5095008203362403,0.0017017289071074243
75.27,-1.238974224589374,-2.0410035770558843,1.478209620846722,0.0017344383429781912
75.28,-1.2594721689883612,-2.058484367523323,1.4461927937386287,0.001766297929573109
75.29,-1.2801418323481357,-2.075341302499888,1.4134690585920937,0.0017972062512859742
75.3,-1.3009767944600223,-2.0915380936969243,1.3800592753410597,0.0018270624705779574
75.31,-1.3219702737411443,-2.1070387782806,1.34598645785624,0.0018557670275804149
75.32000000000001,-1.3431151312075853,-2.1218078632552912,1.3112757763216436,0.0018832223645535054
75.33,-1.3644038759096602,-2.1358104733426413,1.2759545477832235,0.0019093336678255933
75.34,-1.3858286718593236,-2.1490125013563945,1.2400522143348778,0.0019340096190766961
75.35000000000001,-1.40738134646933,-2.1613807599914394,1.2036003085066076,0.0019571631471694073
75.36,-1.4290534005125777,-2.1728831338737264,1.1666324055313084,0.001978712171195704
75.37,-1.4508360195982193,-2.183488730657666,1.1291840622893636,0.0019985803250200367
75.38,-1.4727200871487514,-2.193168029911092,1.0912927428624881,0.0020166976533778154
75.39,-1.4946961988495182,-2.2018930284964635,1.0529977307684404,0.002033001269549109
75.4,-1.5167546785290669,-2.209637381142074,1.0143400280942902,0.0020474359647837687
75.41,-1.5388855954157272,-2.216376534899747,0.9753622418956611,0.0020599547600123782
75.42,-1.5610787827028438,-2.2220878562066333,0.9361084583803412,0.0020705193909403992
75.43,-1.5833238573424464,-2.226750749308706,0.8966241055442663,0.0020791007183870464
75.44,-1.6056102409750035,-2.230346764862442,0.8569558050734678,0.002085679056685856
75.45,-1.627927181891437,-2.232859697608646,0.8171512144644175,0.002090244414095734
75.46000000000001,-1.6502637779129794,-2.234275672107619,0.7772588604446393,0.0020927966404581514
75.47,-1.672609000064893,-2.2345832156367647,0.7373279648929201,0.002093345478751757
75.48,-1.6949517169117039,-2.23377331747863,0.6974082645615776,0.002091910518709061
75.49,-1.717280719414573,-2.2318394739674448,0.6575498259898865,0.0020885210522368037
75.5,-1.7395847461658556,-2.2287777188131006,0.6178028570661177,0.0020832158319844894
75.51,-1.761852508851879,-2.2245866383807247,0.578217516744243,0.002076042735996425
75.52,-1.7840727177925693,-2.2192673717687996,0.5388437244491533,0.002067058342922347
75.53,-1.806234107405825,-2.212823595696242,0.49973097071061506,0.002056327423713076
75.54,-1.8283254614454785,-2.205261494376072,0.460928130550999,0.0020439223570557483
75.55,-1.8503356378642835,-2.196589714717292,0.4224832811153531,0.0020299224769761625
75.56,-1.8722535931575797,-2.1868193073544964,0.3844435249754313,0.0020144133620273686
75.57000000000001,-1.8940684060490367,-2.1759636541538883,0.34685482046301064,0.0019974860762723267
75.58,-1.9157693003870637,-2.164038382982209,0.30976182029382093,0.0019792363728389746
75.59,-1.9373456671289697,-2.1510612706495067,0.2732077196336099,0.001959763871169973
75.60000000000001,-1.958787085299632,-2.1370521350457246,0.23723411463449046,0.0019391712192044662
75.61,-1.9800833418220993,-2.122032717583338,0.20188087233522778,0.0019175632516198985
75.62,-2.00122445012907,-2.106026557132598,0.1671860126761271,0.0018950461549388845
75.63,-2.022200667476346,-2.089058856691668,0.1331856032303872,0.001871726649785195
75.64,-2.043002510891979,-2.071156344070814,0.09991366710190713,0.001847711199875132
75.65,-2.0636207717077366,-2.0523471278879315,0.06740210428724665,0.0018231052564803116
75.66,-2.084046528632487,-2.0326605501726194,0.035680626649303285,0.0017980125461229811
75.67,-2.1042711593400134,-2.0121270368585513,0.004776706504670169,0.0017725344081944573
75.68,-2.124286350556404,-1.9907779474102643,-0.02528446131225088,0.0017467691880513625
75.69,-2.1440841066443963,-1.968645424782064,-0.05447998417557072,0.0017208116899728127
75.7,-2.1636567566937335,-1.9457622468452114,-0.0827892835718708,0.0016947526931834118
75.71000000000001,-2.1829969601376003,-1.9221616803466606,-0.1101940946774373,0.001668678532988328
75.72,-2.2020977109254236,-1.8978773383802883,-0.13667845420026656,0.0016426707479524636
75.73,-2.220952340291705,-1.8729430422617135,-0.16222867716091877,0.0016168057930064069
75.74,-2.2395545181689718,-1.8473926886024101,-0.18683332335521793,0.001591154817395199
75.75,-2.2578982533004117,-1.8212601222797606,-0.21048315429696218,0.0015657835055162333
75.76,-2.2759778921142138,-1.7945790158988093,-0.23317108148038979,0.0015407519779291896
75.77,-2.293788116427086,-1.767382756240445,-0.25489210683055546,0.0015161147491712503
75.78,-2.311323940048875,-1.7397043380911394,-0.2756432562256281,0.0014919207384772413
75.79,-2.3285807043636746,-1.7115762657525777,-0.2954235069792216,0.0014682133290870904
75.8,-2.345554072965322,-1.6830304624367471,-0.31423371016415025,0.0014450304715190128
75.81,-2.362240025426799,-1.6540981876643437,-0.33207650864250216,0.0014224048259908117
75.82000000000001,-2.378634850283815,-1.624809962702522,-0.3489562516417646,0.0014003639390760471
75.83,-2.394735137312833,-1.5951955040027233,-0.3648789066840689,0.0013789304496779674
75.84,-2.4105377691830494,-1.5652836645310169,-0.37985196963662243,0.0013581223194819672
75.85000000000001,-2.4260399125604613,-1.5351023828223946,-0.3938843736072144,0.0013379530831959523
75.86,-2.4412390087401916,-1.5046786395368856,-0.40698639736044784,0.0013184321140966833
75.87,-2.4561327638807846,-1.4740384212492286,-0.41916957387912335,0.0012995649006576938
75.88,-2.4707191389112984,-1.4432066911650097,-0.4304465996419882,0.0012813533303300659
75.89,-2.4849963391787924,-1.4122073664244215,-0.4408312451347813,0.0012637959768712717
75.9,-2.498962803900281,-1.3810633016297869,-0.45033826705698277,0.0012468883879594907
75.91,-2.5126171954794967,-1.3497962782143538,-0.4589833226326589,0.0012306233701831002
75.92,-2.525958388744901,-1.3184269992571183,-0.4667828863809127,0.0012149912688497273
75.93,-2.5389854601613986,-1.2869750893411203,-0.47375416965026745,0.0011999802404095347
75.94,-2.5516976770641677,-1.2554590990502426,-0.4799150431722678,0.0011855765156278096
75.95,-2.564094486958964,-1.223896513701511,-0.48528396284305564,0.0011717646519675102
75.96000000000001,-2.576175506929272,-1.1923037659157278,-0.4898798988979428,0.0011585277739501784
75.97,-2.587940513186729,-1.1606962516384258,-0.49372226860326796,0.0011458478005499204
75.98,-2.59938943079744,-1.129088349235142,-0.49683087255222297,0.0011337056589386415
75.99,-2.6105223236131048,-1.0974934412993678,-0.4992258346169394,0.0011220814841401093
76.0,-2.6213393844323374,-1.0659239388278046,-0.5009275455779513,0.0011109548043647458
76.01,-2.6318409254142057,-1.0343913074353237,-0.5019566104241678,0.0011003047119868227
76.02,-2.6420273687628226,-1.0029060953008981,-0.5023337992916266,0.0010901100202911971
76.03,-2.651899237698841,-0.9714779625554101,-0.5020800019874444,0.0010803494062584292
76.04,-2.6614571477309017,-0.9401157118423243,-0.501216186026417,0.0010710015397769185
76.05,-2.6707017982375145,-0.9088273198024707,-0.4997633580914722,0.0010620451997691677
76.06,-2.679633964367441,-0.8776199692543741,-0.49774252881549835,0.0010534593777985033
76.07000000000001,-2.6882544892644837,-0.8465000818614853,-0.49517468077076643,0.0010452233697840633
76.08,-2.696564276620586,-0.8154733510971354,-0.49208073954304904,0.0010373168564971268
76.09,-2.704564283559351,-0.7845447753369136,-0.48848154776043545,0.001029719973542868
76.10000000000001,-2.712255513850483,-0.7537186909263316,-0.48439784194155067,0.0010224133715498124
76.11,-2.71963901145421,-0.7229988050889992,-0.47985023202423116,0.0010153782672964401
76.12,-2.7267158543934937,-0.6923882285570256,-0.47485918343350747,0.0010085964865020158
76.13,-2.7334871489507204,-0.6618895078209248,-0.46944500154682584,0.0010020504989982119
76.14,-2.739954024184613,-0.6315046569109132,-0.4636278184146402,0.0009957234469808484
76.15,-2.7461176267623,-0.6012351886351303,-0.45742758159567415,0.0009895991670183506
76.16,-2.751979116100789,-0.5710821452129758,-0.45086404496814136,0.0009836622064663418
76.17,-2.7575396598115307,-0.5410461282534573,-0.443956761380892,0.0009778978349073034
76.18,-2.762800429441332,-0.511127328039193,-0.43672507701170016,0.0009722920512011187
76.19,-2.7677625965025023,-0.4813255520865432,-0.4291881273036095,0.0009668315866975857
76.2,-2.772427328784896,-0.451640252961279,-0.4213648343543118,0.0009615039051261246
76.21000000000001,-2.7767957869423365,-0.42207055533727833,-0.4132739056378542,0.000956297199641583
76.22,-2.7808691213458117,-0.3926152822930018,-0.4049338339424739,0.0009512003874687814
76.23,-2.7846484691958313,-0.3632729808469917,-0.3963628984129734,0.0009462031025524763
76.24,-2.7881349518863585,-0.334041946739394,-0.38757916659070857,0.0009412956865842666
76.25,-2.7913296726128367,-0.3049202484715735,-0.3786004973489145,0.0009364691787437641
76.26,-2.7942337142169675,-0.27590575062031836,-0.36944454462568893,0.0009317153044583724
76.27,-2.796848137261091,-0.24699613644695376,-0.36012876186145265,0.0009270264634542771
76.28,-2.7991739783252245,-0.21818892982494978,-0.35067040705207225,0.0009223957173410308
76.29,-2.801212248520081,-0.189481516512353,-0.3410865483330388,0.000917816776943318
76.3,-2.802963932209654,-0.1608711647976352,-0.3313940700141202,0.000913283989566171
76.31,-2.8044299859372543,-0.13235504554937044,-0.3216096789877278,0.0009087923263541535
76.32000000000001,-2.8056113375491933,-0.10393025170155873,-0.31174991143784464,0.0009043373698806769
76.33,-2.806508885510637,-0.07559381720743998,-0.30183113977974463,0.0008999153020806946
76.34,-2.807123498408475,-0.047342735495317395,-0.29186957976388084,0.0008955228926184837
76.35000000000001,-2.807456014636408,-0.019173977460258562,-0.2818812976802337,0.0008911574877619202
76.36,-2.8075072422577607,0.008915490974409291,-0.2718822176020857,0.0008868169998155661
76.37,-2.8072779590419112,0.03692869169212516,-0.2618881286106313,0.00088249989714692
76.38,-2.8067689126705178,0.06486861758144971,-0.25191469194403815,0.000878205194823208
76.39,-2.8059808211100843,0.09273821606529654,-0.2419774480165623,0.0008739324458600468
76.4,-2.8049143731477115,0.1205403729295536,-0.2320918232550869,0.0008696817330681272
76.41,-2.8035702290871893,0.14827789642079506,-0.22227313670201196,0.000865453661469593
76.42,-2.8019490216028897,0.17595350158417863,-0.21253660633478738,0.0008612493512420234
76.43,-2.8000513567491936,0.20356979481421664,-0.202897355053559,0.0008570704311347275
76.44,-2.797877815123453,0.23112925859289613,-0.19337041628940632,0.0008529190322894159
76.45,-2.7954289531807324,0.2586342363915985,-0.18397073918650445,0.0008487977823851084
76.46000000000001,-2.7927053046988064,0.286086917715427,-0.17471319331225732,0.0008447098000153862
76.47,-2.7897073823920766,0.313489323270892,-0.16561257285004521,0.0008406586891947261
76.48,-2.78643567967327,0.3408432902404239,-0.1566836002297212,0.0008366485338796141
76.49,-2.7828906725619142,0.36815045764988297,-0.14794092915140422,0.0008326838923795232
76.5,-2.7790728217387195,0.39541225181811557,-0.1393991469584681,0.0008287697915224803
76.51,-2.7749825747450907,0.422629871880663,-0.1310727763159407,0.0008249117204300537
76.52,-2.7706203683270503,0.4498042753829674,-0.12297627615082982,0.0008211156237470449
76.53,-2.7659866309228898,0.4769361639418368,-0.1151240418112073,0.0008173878941621002
76.54,-2.7610817852938574,0.5040259689775276,-0.1075304044012355,0.0008137353640469261
76.55,-2.7559062512971453,0.5310738375225789,-0.10020962924974171,0.0008101652960337899
76.56,-2.7504604488003683,0.5580796181174847,-0.09317591347046236,0.000806685372343827
76.57000000000001,-2.74474480073659,0.5850428468074178,-0.08644338257272181,0.0008033036826721863
76.58,-2.738759736298805,0.611962733258511,-0.08002608608211205,0.0008000287104305994
76.59,-2.732505694272563,0.6388381470166646,-0.07393799213173131,0.0007968693171437213
76.60000000000001,-2.7259831265051835,0.6656676039364581,-0.06819298098575616,0.0007938347247924203
76.61,-2.7191925015096934,0.6924492528125015,-0.06280483745859652,0.000790934495895682
76.62,-2.71213430820129,0.7191808622504479,-0.057787242194652554,0.0007881785111229883
76.63,-2.7048090597637193,0.7458598078198863,-0.053153761775790606,0.0007855769442309685
76.64,-2.6972172976425224,0.7724830595364245,-0.048917837626119634,0.0007831402341223758
76.65,-2.6893595956615974,0.79904716972543,-0.04509277368651366,0.0007808790538319779
76.66,-2.681236564258978,0.8255482613250933,-0.04169172283462616,0.0007788042762531085
76.67,-2.6728488548371256,0.8519820166916835,-0.03872767202991172,0.0007769269364307912
76.68,-2.664197164222376,0.8783436669750372,-0.036213426167441914,0.0007752581902624707
76.69,-2.655282239227477,0.9046279821374226,-0.034161590629106196,0.000773809269466029
76.7,-2.646104881310399,0.9308292616938995,-0.03258455252615216,0.000772591432696935
76.71000000000001,-2.6366659513217874,0.9569413262571012,-0.031494460632967756,0.0007716159127223499
76.72,-2.6269663743325853,0.9829575099739404,-0.03090320401856028,0.0007708938595900939
76.73,-2.6170071445324474,1.0088706539460217,-0.030822389389359082,0.0007704362797644494
76.74,-2.6067893301886356,1.0346731007294643,-0.03126331716477034,0.0007702539712392615
76.75,-2.596314078654104,1.0603566900133234,-0.03223695631534565,0.0007703574546815086
76.76,-2.5855826214124864,1.085912755578778,-0.033753918002487185,0.0007707569007054794
76.77,-2.574596279146649,1.1113321236436295,-0.0358244280682878,0.0007714620534290368
76.78,-2.5633564668164333,1.1366051126983734,-0.0384582984343716,0.0007724821505187378
76.79,-2.5518646987301308,1.1617215349410426,-0.041664897479427566,0.0007738258399896976
76.8,-2.540122593593169,1.1866706994181262,-0.045453119476470426,0.0007755010940886833
76.81,-2.5281318795164154,1.2114414169780194,-0.049831353182665045,0.0007775151206546129
76.82000000000001,-2.5158943989654436,1.2360220071415968,-0.05480744968674297,0.0007798742724185546
76.83,-2.5034121136310876,1.2604003069915197,-0.060388689631541995,0.0007825839547751833
76.84,-2.4906871092005978,1.2845636821777229,-0.06658174994191594,0.0007856485326284676
76.85000000000001,-2.477721600007777,1.3084990401310876,-0.0733926702010829,0.0007890712369848923
76.86,-2.4645179335395797,1.3321928455705385,-0.08082681883128322,0.0007928540720372429
76.87,-2.451078594775848,1.3556311383806383,-0.08888885924726692,0.0007969977235494526
76.88,-2.4374062103381346,1.3787995539271598,-0.09758271616347296,0.0008015014694167398
76.89,-2.423503552422939,1.401683345867037,-0.10691154224763964,0.0008063630933342863
76.9,-2.4093735424941856,1.4242674114965528,-0.11687768532482072,0.0008115788025602902
76.91,-2.3950192547093945,1.446536319667573,-0.12748265634619438,0.0008171431508037508
76.92,-2.3804439190537883,1.4684743412861465,-0.13872709834645014,0.0008230489673027836
76.93,-2.3656509241565002,1.4900654823908785,-0.15061075662172613,0.0008292872931833455
76.94,-2.350643819763181,1.5112935197902215,-0.1631324503668472,0.0008358473261999873
76.95,-2.335426318839597,1.5321420392183283,-0.17629004601578385,0.0008427163749581093
76.96000000000001,-2.3200022992813216,1.5525944759484696,-0.1900804325326179,0.0008498798236995879
76.97,-2.3043758052053422,1.5726341577814018,-0.20449949890167493,0.0008573211086997807
76.98,-2.2885510478003326,1.5922443503036483,-0.21954211406469012,0.0008650217072723613
76.99,-2.2725324057135214,1.6114083042876304,-0.2352021095497497,0.0008729611403089818
77.0,-2.2563244249534677,1.6301093050821842,-0.2514722650311558,0.0008811169891925538
77.01,-2.2399318182897017,1.648330723818484,-0.26834429705117674,0.0008894649278159438
77.02,-2.223359464132043,1.6660560702330203,-0.28580885112378207,0.0008979787703124827
77.03,-2.2066124048745195,1.6832690468863751,-0.30385549742685775,0.0009066305349615175
77.04,-2.1896958446911228,1.6999536045343775,-0.3224727302730386,0.0009153905245720738
77.05,-2.1726151467731842,1.7160939983871535,-0.34164797153019,0.0009242274234723799
77.06,-2.155375830000897,1.7316748449719295,-0.36136757814078624,0.0009331084110443368
77.07000000000001,-2.1379835650444443,1.746681179297526,-0.3816168538650651,0.0009419992915420554
77.08,-2.1204441698932914,1.7610985120026326,-0.4023800653460417,0.0009508646397258049
77.09,-2.1027636048154523,1.7749128861564842,-0.423640462565429,0.0009596679616291022
77.10000000000001,-2.0849479667519106,1.7881109333697698,-0.44538030372847937,0.000968371869561878
77.11,-2.067003483154835,1.80067992886576,-0.4675808845830168,0.0009769382702395225
77.12,-2.04893650528176,1.812607845156994,-0.4902225721437914,0.0009853285647202325
77.13,-2.030753500961455,1.8238834039716139,-0.5132848427581308,0.0009935038586356979
77.14,-2.012461046850757,1.8344961260757398,-0.5367463244130684,0.0010014251810163506
77.15,-1.9940658202051535,1.844436378644267,-0.5605848431481351,0.001009053709846473
77.16,-1.9755745901893238,1.8536954198421787,-0.5847774734022407,0.001016351002339781
77.17,-1.9569942087571777,1.8622654402919347,-0.6093005920880117,0.0010232792278063708
77.18,-1.9383316011340765,1.870139601119648,-0.6341299361530492,0.0010298014008901406
77.19,-1.9195937559369025,1.8773120682934938,-0.659240663355298,0.0010358816128943982
77.2,-1.9007877149703865,1.8837780429919386,-0.6846074159495052,0.0010414852588845318
77.21000000000001,-1.881920562740597,1.8895337877666993,-0.7102043869540524,0.0010465792582617425
77.22,-1.8629994157286933,1.8945766482955595,-0.7360053886426362,0.0010511322665415187
77.23,-1.8440314114699308,1.8989050705529449,-0.7619839228837502,0.001055114876144802
77.24,-1.82502369748446,1.902518613261118,-0.7881132529329682,0.0010584998041179537
77.25,-1.8059834201076443,1.9054179555215551,-0.8143664762689455,0.001061262064838248
77.26,-1.7869177132684386,1.907604899564078,-0.840716598054031,0.0010633791259323042
77.27,-1.7678336872648033,1.9090823685901424,-0.8671366047945787,0.0010648310458330457
77.28,-1.7487384175851657,1.9098543997258328,-0.8935995377745464,0.001065600591622873
77.29,-1.7296389338245917,1.9099261321390966,-0.9200785658387862,0.001065673336052704
77.3,-1.710542208743593,1.9093037904140473,-0.9465470571095215,0.0010650377328843344
77.31,-1.6914551475163795,1.9079946633123166,-0.9729786492307555,0.0010636851699721106
77.32000000000001,-1.672384577213887,1.906007078086947,-0.9993473177505824,0.0010616099997746535
77.33,-1.6533372365650882,1.9033503705477859,-1.0256274422703435,0.001058809547263261
77.34,-1.6343197660379463,1.9000348511083422,-1.0517938700119946,0.0010552840954656708
77.35000000000001,-1.6153386982789264,1.896071767072266,-1.0778219764805836,0.0010510368491476192
77.36,-1.5964004489472754,1.8914732614427,-1.1036877229270057,0.001046073877385364
77.37,-1.5775113079773295,1.8862523285594792,-1.1293677103467894,0.0010404040360162364
77.38,-1.5586774312989722,1.8804227668873346,-1.1548392297831345,0.001034038871167557
77.39,-1.5399048330430511,1.8739991292927496,-1.1800803087363172,0.0010269925052539984
77.4,-1.5211993782551367,1.866996671157872,-1.2050697535164459,0.0010192815069971356
77.41,-1.5025667761374768,1.8594312966868527,-1.229787187411921,0.0010109247471567265
77.42,-1.484012573835431,1.851319503763249,-1.2542130845813872,0.001001943241769792
77.43,-1.465542150781083,1.8426783277167667,-1.278328799612024,0.0009923599847707204
77.44,-1.4471607136031586,1.8335252843537693,-1.3021165927213056,0.0009821997719129635
77.45,-1.4288732916088684,1.8238783125988756,-1.3255596506124794,0.0009714890179311462
77.46000000000001,-1.4106847328398708,1.813755717084785,-1.3486421030256317,0.000960255568873193
77.47,-1.3925997007012363,1.8031761110145232,-1.371349035056031,0.0009485285114964881
77.48,-1.374622671159136,1.7921583596048503,-1.3936664953391849,0.0009363379815624077
77.49,-1.3567579304999682,1.7807215244019357,-1.4155815002275192,0.0009237149727823325
77.5,-1.339009573640826,1.7688848087409235,-1.4370820341065995,0.0009106911480679571
77.51,-1.3213815029785985,1.756667504599984,-1.4581570460192577,0.000897298654622189
77.52,-1.3038774277625953,1.7440889410772369,-1.478796442783751,0.0008835699442772526
77.53,-1.2865008639734248,1.731168434695849,-1.4989910788071639,0.0008695376003466724
77.54,-1.2692551346889114,1.7179252417189728,-1.5187327428076265,0.000855234172110482
77.55,-1.2521433709161487,1.7043785126323148,-1.5380141416686426,0.0008406920179013504
77.56,-1.2351685128673195,1.690547248928269,-1.5568288816559317,0.0008259431576057798
77.57000000000001,-1.2183333116556982,1.676450262302008,-1.5751714472318246,0.0008110191352417576
77.58,-1.2016403313872572,1.6621061363469183,-1.5930371777045167,0.0007959508921245022
77.59,-1.1850919516225442,1.647533190814494,-1.610422241949536,0.0007807686509871572
77.60000000000001,-1.1686903701829459,1.632749448482501,-1.6273236114387821,0.0007655018112854349
77.61,-1.1524376062751218,1.6177726046549805,-1.6437390318086325,0.0007501788557853209
77.62,-1.1363355039072538,1.6026199992986714,-1.6596669931930514,0.0007348272684127495
77.63,-1.1203857355707956,1.587308591802757,-1.6751066995406094,0.0007194734632341895
77.64,-1.1045898061616253,1.5718549383325848,-1.6900580371259757,0.0007041427243379346
77.65,-1.0889490571148677,1.5562751717332037,-1.704521542457018,0.0006888591562983294
77.66,-1.0734646707281676,1.5405849839252583,-1.7184983697682983,0.0006736456448289475
77.67,-1.0581376746488267,1.5247996107239674,-1.7319902582806777,0.0006585238271660689
77.68,-1.042968946500961,1.5089338190015973,-1.7449994993951208,0.0006435140716702322
77.69,-1.0279592186296849,1.493001896104978,-1.7575289039767783,0.0006286354660910946
77.7,-1.0131090829402376,1.4770176414321718,-1.769581769873176,0.0006139058139084541
77.71000000000001,-0.9984189958109736,1.4609943600663238,-1.7811618497980033,0.0005993416381396136
77.72,-0.983889283060169,1.444944858359943,-1.792273319699685,0.0005849581919895547
77.73,-0.969520144947693,1.428881441359306,-1.8029207477217621,0.000570769475714956
77.74,-0.9553116611937035,1.4128159119562516,-1.8131090638502034,0.0005567882590749753
77.75,-0.9412637959976624,1.396759571653274,-1.8228435303311945,0.0005430261087500917
77.76,-0.927376403042111,1.3807232228274287,-1.8321297129317933,0.0005294934201245455
77.77,-0.9136492304667877,1.3647171723790388,-1.8409734531051531,0.0005161994528470394
77.78,-0.9000819257998052,1.3487512366524566,-1.8493808411118515,0.000503152369607484
77.79,-0.886674040833722,1.3328347475181004,-1.857358190139256,0.0004903592775942191
77.8,-0.8734250364354402,1.3169765595075544,-1.8649120114518523,0.0004778262721254139
77.81,-0.8603342872799252,1.3011850578966175,-1.8720489905970494,0.0004655584819795165
77.82000000000001,-0.8474010864987809,1.2854681676347306,-1.8787759646831959,0.0004535601159822594
77.83,-0.8346246502357068,1.2698333630231244,-1.8850999007393718,0.00044183451044128814
77.84,-0.8220041221018215,1.254287678048237,-1.8910278751599867,0.00043038417705317363
77.85000000000001,-0.8095385775247486,1.2388377172813965,-1.8965670542312596,0.0004192108509413497
77.86,-0.7972270279862275,1.2234896672603732,-1.9017246757313266,0.0004083155385168861
77.87,-0.7850684251438337,1.2082493082731354,-1.9065080315909402,0.0003976985648863002
77.88,-0.7730616648331644,1.1931220264689342,-1.9109244515975046,0.0003873596205622139
77.89,-0.7612055909475708,1.1781128262266545,-1.914981288121499,0.00037729780726280317
77.9,-0.7494989991931937,1.1632263427151581,-1.9186859018411362,0.00036751168261461354
77.91,-0.737940640717691,1.1484668545850816,-1.9220456484383803,0.000357999303600555
77.92,-0.726529225611624,1.1338382967361953,-1.9250678662371516,0.00034875826862034386
77.93,-0.715263426282008,1.1193442731089667,-1.9277598647526681,0.00033978575805432206
77.94,-0.7041418806980245,1.1049880694533685,-1.9301289141193647,0.00033107857324359555
77.95,-0.693163195509338,1.0907726660322197,-1.9321822353636746,0.0003226331738196482
77.96000000000001,-0.68232594903787,1.076700750220422,-1.9339269914871178,0.0003144457133349366
77.97,-0.6716286941442468,1.0627747289653582,-1.9353702793245842,0.0003065120731627154
77.98,-0.6610699609704686,1.0489967410774257,-1.9365191221424136,0.00029882789464941075
77.99,-0.6506482595606388,1.0353686693231976,-1.9373804629408058,0.0002913886095161973
78.0,-0.6403620823618504,1.021892152297027,-1.9379611584252483,0.00028418946851838344
78.01,-0.6302099066075533,1.0085685960500292,-1.9382679736119768,0.0002772255683816256
78.02,-0.6201901965859211,0.9953991854583057,-1.938307577032973,0.0002704918770430242
78.03,-0.6103014057959056,0.9823848953150008,-1.938086536506634,0.0002639832572329669
78.04,-0.6005419789938057,0.9695265011333214,-1.9376113154409962,0.0002576944884401447
78.05,-0.5909103541332958,0.9568245896499996,-1.9368882696372418,0.0002516202873076828
78.06,-0.5814049642019539,0.9442795690208474,-1.9359236445621497,0.00024575532651278193
78.07000000000001,-0.5720242389573994,0.9318916787020437,-1.93472357305915,0.00024009425218586406
78.08,-0.5627666065662111,0.9196609990126182,-1.9332940734686965,0.00023463169992792626
78.09,-0.5536304951488251,0.907587460375261,-1.931641048129759,0.0002293623094867957
78.10000000000001,-0.5446143342336401,0.8956708522340909,-1.9297702822353688,0.00022428073815429562
78.11,-0.5357165561235608,0.8839108316493843,-1.9276874430162847,0.00021938167294705132
78.12,-0.5269355971782045,0.8723069315704831,-1.9253980792280039,0.00021465984163385047
78.13,-0.5182698990149781,0.8608585687892044,-1.9229076209174916,0.00021011002267221706
78.14,-0.5097179096322058,0.8495650515770399,-1.9202213794471537,0.00020572705411617959
78.15,-0.5012780844574483,0.8384255870102968,-1.9173445477547124,0.00020150584155622286
78.16,-0.4929488873241112,0.8274392879880839,-1.9142822008287632,0.00019744136515112044
78.17,-0.48472879137938607,0.8166051799486999,-1.9110392963808895,0.00019352868580977786
78.18,-0.4766162799265106,0.8059222072905469,-1.9076206756962852,0.00018976295057953198
78.19,-0.46860984720426935,0.7953892395041676,-1.9040310646458753,0.0001861393972954072
78.2,-0.46070799910658966,0.7850050770224094,-1.900275074843943,0.0001826533585428316
78.21000000000001,-0.45290925384501496,0.7747684567960463,-1.8963572049362436,0.0001793002649842203
78.22,-0.4452121425567629,0.764678057602457,-1.8922818420045375,0.00017607564809762457
78.23,-0.4376152098609989,0.7547325050951614,-1.8880532630743754,0.00017297514237342668
78.24,-0.4301170143658769,0.7449303766021748,-1.8836756367138465,0.00016999448701284712
78.25,-0.4227161291288193,0.7352702056812358,-1.8791530247118318,0.0001671295271697746
78.26,-0.41541114207242585,0.7257504864400338,-1.8744893838250993,0.00016437621477519843
78.27,-0.408200656358322,0.7163696776295738,-1.8696885675843424,0.00016173060898134388
78.28,-0.40108329072117327,0.7071262065188096,-1.86475432814998,0.00015918887626043828
78.29,-0.394057679765014,0.6980184725586288,-1.859690318209226,0.00015674729019094812
78.3,-0.3871224742239555,0.6890448508432004,-1.8545000929065834,0.00015440223096207747
78.31,-0.3802763411892613,0.6802036953766021,-1.8491871118005372,0.00015215018462533324
78.32000000000001,-0.3735179643046967,0.6714933421525248,-1.8437547408397938,0.00014998774212005388
78.33,-0.36684604393198444,0.6629121120547191,-1.8382062543529707,0.00014791159809796672
78.34,-0.3602592972881205,0.6544583135856964,-1.8325448370461495,0.00014591854957007912
78.35000000000001,-0.35375645855623084,0.6461302454310337,-1.826773586003193,0.0001440054943975203
78.36,-0.3473362789715774,0.6379261988664585,-1.820895512684182,0.0001421694296463511
78.37,-0.34099752688424984,0.6298444600147043,-1.81491354491775,0.00014040744982484667
78.38,-0.3347389878000118,0.6218833119589376,-1.8088305288835016,0.00013871674502029884
78.39,-0.32855946440070205,0.6140410367193628,-1.8026492310810605,0.00013709459895102524
78.4,-0.32245777654552715,0.6063159170994076,-1.7963723402826537,0.00013553838694798235
78.41,-0.3164327612545184,0.5987062384076924,-1.790002469466455,0.00013404557387917712
78.42,-0.3104832726753651,0.5912102900617804,-1.7835421577282125,0.00013261371202890465
78.43,-0.3046081820347771,0.5838263670794998,-1.7769938721689709,0.00013124043894279896
78.44,-0.29880637757547307,0.5765527714634264,-1.7703600097569514,0.0001299234752486628
78.45,-0.29307676447983555,0.5693878134839105,-1.7636428991619,0.00012866062246210373
78.46000000000001,-0.2874182647812212,0.5623298128658287,-1.7568448025604326,0.00012744976078515156
78.47,-0.2818298172638641,0.5553770998840452,-1.749967917411115,0.00012628884690519914
78.48,-0.2763103773522612,0.548528016372368,-1.7430143781981997,0.00012517591180084977
78.49,-0.27085891699088116,0.5417809166505954,-1.7359862581431267,0.0001241090585605701
78.5,-0.2654744245149938,0.5351341683740551,-1.7288855708830408,0.00012308646021939317
78.51,-0.26015590451337434,0.5285861533098607,-1.7217142721157404,0.00012210635761829205
78.52,-0.25490237768359425,0.5221352680439212,-1.7144742612105959,0.00012116705729032942
78.53,-0.24971288068057237,0.5157799246225723,-1.7071673827851062,0.00012026692937714428
78.54,-0.24458646595902095,0.5095185511325214,-1.6997954282468692,0.0001194044055788773
78.55,-0.2395222016103859,0.5033495922226365,-1.692360137300848,0.00011857797714022189
78.56,-0.23451917119484597,0.4972715095709449,-1.684863199421904,0.0001177861928748615
78.57000000000001,-0.2295764735689023,0.49128278230005723,-1.6773062552926539,0.00011702765723021604
78.58,-0.22469322270905884,0.4853819073440769,-1.6696908982067826,0.00011630102839408553
78.59,-0.21986854753206408,0.4795673997699136,-1.6620186754380128,0.00011560501644446993
78.60000000000001,-0.21510159171215593,0.4738377930557778,-1.6542910895749905,0.00011493838154358529
78.61,-0.21039151349572463,0.4681916393294989,-1.646509599822403,0.00011429993217683552
78.62,-0.205737485513783,0.46262750956918036,-1.6386756232686948,0.0001136885234372886
78.63,-0.2011386945926084,0.4571439937685792,-1.6307905361207833,0.00011310305535599423
78.64,-0.1965943415628976,0.45173970106947925,-1.6228556749062253,0.00011254247127830675
78.65,-0.19210364106775416,0.4464132598632101,-1.6148723376433045,0.00011200575628620224
78.66,-0.18766582136980622,0.4411633178633563,-1.606841784979552,0.00011149193566645621
78.67,-0.18328012415773318,0.4359885421515923,-1.5987652412992244,0.00011100007342439923
78.68,-0.17894580435246063,0.430887619198481,-1.5906438958002953,0.00011052927084285941
78.69,-0.1746621299132653,0.4258592548609735,-1.582478903541525,0.0001100786650858106
78.7,-0.17042838164401453,0.42090217435825733,-1.574271386460193,0.00010964742784614168
78.71000000000001,-0.166243852999749,0.4160151222275113,-1.5660224343610862,0.0001092347640368974
78.72,-0.16210784989380228,0.4111968622610399,-1.557733105877348,0.00010883991052526695
78.73,-0.15801969050563613,0.4064461774261805,-1.5494044294037943,0.00010846213490855485
78.74,-0.15397870508955755,0.4017618697692987,-1.541037404003314,0.00010810073433129464
78.75,-0.1499842357844701,0.3971427603051145,-1.5326330002869681,0.00010775503434266013
78.76,-0.14603563642480044,0.3925876888925319,-1.5241921612684062,0.00010742438779326544
78.77,-0.14213227235272946,0.3880955140980777,-1.5157158031932139,0.00010710817377043412
78.78,-0.13827352023184647,0.3836651130479913,-1.507204816343809,0.00010680579657100144
78.79,-0.1344587678623353,0.37929538126994905,-1.4986600658204938,0.00010651668471068253
78.8,-0.13068741399779088,0.374985232525347,-1.490082392299271,0.00010624028996904776
78.81,-0.12695886816375687,0.3707335986330122,-1.481472612767022,0.0001059760864691293
78.82000000000001,-0.12327255047806532,0.36653942928516203,-1.4728315212346423,0.00010572356979068228
78.83,-0.11962789147305236,0.3624016918563798,-1.46415988942872,0.00010548225611613007
78.84,-0.11602433191971609,0.3583193712063301,-1.455458467462333,0.00010525168140821203
78.85000000000001,-0.11246132265387568,0.3542914694768915,-1.446727984485539,0.00010503140061839202
78.86,-0.10893832440438445,0.35031700588434345,-1.437969149316113,0.00010482098692505506
78.87,-0.10545480762344327,0.34639501650720356,-1.4291826510510883,0.00010462003100055798
78.88,-0.10201025231905503,0.34252455407027405,-1.4203691596596355,0.000104428140306216
78.89,-0.09860414788965538,0.3387046877254201,-1.4115293265578153,0.00010424493841428294
78.9,-0.09523599296094999,0.3349345028295696,-1.4026637851657215,0.00010407006435606036
78.91,-0.09190529522498375,0.3312131007203905,-1.3937731514475238,0.00010390317199523384
78.92,-0.08861157128146306,0.3275395984900735,-1.384858024434908,0.00010374392942557556
78.93,-0.08535434648134813,0.32391312875761724,-1.375918986734402,0.00010359201839218644
78.94,-0.08213315477272823,0.32033283943998686,-1.3669566050190602,0.0001034471337354317
78.95,-0.07894753854898971,0.3167978935224917,-1.3579714305049755,0.0001033089828567846
78.96000000000001,-0.07579704849928266,0.31330746882870275,-1.3489639994130662,0.00010317728520577982
78.97,-0.07268124346128953,0.3098607577902079,-1.3399348334165873,0.00010305177178731617
78.98,-0.06959969027629578,0.3064569672164817,-1.3308844400747915,0.00010293218468858994
78.99,-0.06655196364656028,0.303095318065126,-1.3218133132531629,0.00010281827662490535
79.0,-0.06353764599498032,0.2997750452127182,-1.3127219335306326,0.00010270981050367173
79.01,-0.06055632732704433,0.29649539722648555,-1.3036107685941745,0.00010260655900592917
79.02,-0.05760760509506274,0.2932556361370085,-1.2944802736211678,0.00010250830418471479
79.03,-0.054691084064665996,0.29005503721213766,-1.2853308916499067,0.00010241483707964315
79.04,-0.05180637618355654,0.2868928887322954,-1.2761630539386206,0.00010232595734709589
79.05,-0.048953100452500245,0.28376849176731855,-1.2669771803133643,0.00010224147290540048
79.06,-0.046130882798541085,0.28068115995498494,-1.2577736795051229,0.00010216119959442801
79.07000000000001,-0.043339355950421585,0.2776302192813544,-1.2485529494764704,0.00010208496084906544
79.08,-0.040578159316190285,0.2746150078630422,-1.2393153777381067,0.00010201258738600107
79.09,-0.037846938862976374,0.2716348757315331,-1.2300613416555923,0.0001019439169033134
79.10000000000001,-0.035145346998910545,0.2686891846196322,-1.2207912087465884,0.00010187879379235833
79.11,-0.03247304245717031,0.26577730775014025,-1.2115053369689024,0.00010181706886146512
79.12,-0.029829690182127087,0.26289862962683114,-1.2022040749996281,0.00010175859907098356
79.13,-0.02721496121757175,0.26005254582780113,-1.1928877625056633,0.00010170324727921838
79.14,-0.024628532596994542,0.2572384628012509,-1.1835567304058772,0.00010165088199882271
79.15,-0.022070087235894757,0.2544557976637545,-1.1742113011251931,0.00010160137716322732
79.16,-0.019539313826095153,0.25170397800106115,-1.164851788840844,0.00010155461190271129
79.17,-0.01703590673203546,0.2489824416714713,-1.1554784997210479,0.00010151047032971809
79.18,-0.014559565889019147,0.24629063661181938,-1.146091732156346,0.00010146884133303785
79.19,-0.012109996703387195,0.24362802064609262,-1.136691776983838,0.00010142961838051054
79.2,-0.00968690995459241,0.240994061296708,-1.1272789177045397,0.00010139269932989348
79.21000000000001,-0.007290021699147591,0.23838823559846553,-1.1178534306940826,0.00010135798624756678
79.22,-0.00491905317642073,0.23581002991519087,-1.1084155854069695,0.00010132538523474432
79.23,-0.00257373071625031,0.23325893975907624,-1.0989656445745914,0.0001012948062608967
79.24,-0.0002537856483536662,0.23073446961272426,-1.0895038643972048,0.00010126616300409595
79.25,0.002041045786498601,0.22823613275389598,-1.0800304947300623,0.00010123937269797675
79.26,0.004311022523569212,0.22576345108296061,-1.070545779263885,0.00010121435598505382
79.27,0.006556398759528773,0.22331595495304138,-1.0610499556998572,0.00010119103677613106
79.28,0.00877742403614525,0.22089318300284913,-1.0515432559193176,0.0001011693421155642
79.29,0.01097434332231517,0.21849468199219213,-1.0420259061483188,0.0001011492020521148
79.3,0.013147397094463243,0.21612000664014852,-1.0324981271172173,0.000101130549515169
79.31,0.015296821415336956,0.2137687194658853,-1.0229601342154553,0.00010111332019611717
79.32000000000001,0.017422848011222524,0.21144039063210537,-1.0134121376416854,0.00010109745243465037
79.33,0.019525704347608346,0.2091345977911028,-1.0038543425493909,0.00010108288710979481
79.34,0.021605613703321994,0.20685092593340404,-0.994286949188142,0.0001010695675354814
79.35000000000001,0.023662795243166414,0.20458896723897174,-0.98471015304063,0.00010105743936044552
79.36,0.025697464089080902,0.2023483209309459,-0.9751241449556142,0.0001010464504723016
79.37,0.027709831389852054,0.2001285931318961,-0.9655291112769104,0.00010103655090560098
79.38,0.029700104389399684,0.1979293967225571,-0.9559252339685508,0.00010102769275371284
79.39,0.031668486493662384,0.19575035120301912,-0.9463126907362335,0.00010101983008437326
79.4,0.033615177336107166,0.19359108255634302,-0.9366916551451836,0.00010101291885874152
79.41,0.03554037284188721,0.19145122311457008,-0.9270622967345382,0.00010100691685381779
79.42,0.0374442652906716,0.18933041142709459,-0.9174247811283673,0.00010100178358808865
79.43,0.03932704337817042,0.18722829213136782,-0.9077792701434372,0.00010099748025026375
79.44,0.04118889227637845,0.18514451582590022,-0.89812592189382,0.0001009939696309669
79.45,0.04302999369256023,0.183078738945529,-0.8884648908924511,0.00010099121605726919
79.46000000000001,0.044850525926998945,0.1810306236389176,-0.878796328149729,0.00010098918532993448
79.47,0.0466506639295314,0.17899983764825275,-0.869120381269255,0.00010098784466327189
79.48,0.04843057935489073,0.17698605419110555,-0.8594371945408003,0.0001009871626274893
79.49,0.05019044061687846,0.1749889518444213,-0.8497469090305907,0.000100987109093428
79.5,0.05193041294138693,0.17300821443060402,-0.8400496626689936,0.00010098765517959642
79.51,0.05365065841829288,0.17104353090566077,-0.8303455903356888,0.00010098877320139889
79.52,0.05535133605224271,0.1690945952493706,-0.8206348239424038,0.0001009904366224632
79.53,0.05703260181234927,0.16716110635744355,-0.8109174925132911,0.00010099262000798809
79.54,0.05869460868082021,0.16524276793563475,-0.8011937222630207,0.00010099529898002798
79.55,0.06033750670053694,0.1633392883957784,-0.7914636366726605,0.00010099845017462182
79.56,0.06196144302160352,0.16145038075370752,-0.7817273565634166,0.00010100205120069408
79.57000000000001,0.06356656194688394,0.15957576252902392,-0.771985000168298,0.00010100608060066659
79.58,0.06515300497654625,0.1577151556466847,-0.7622366832017727,0.00010101051781269242
79.59,0.06672091085163148,0.1558682863403702,-0.7524825189274801,0.00010101534313445375
79.60000000000001,0.06827041559666501,0.15403488505759963,-0.7427226182240573,0.0001010205376884552
79.61,0.0698016525613277,0.15221468636656035,-0.7329570896491432,0.00010102608338875154
79.62,0.0713147524612037,0.15040742886461672,-0.7231860395016144,0.00010103196290905387
79.63,0.07280984341762167,0.1486128550884655,-0.7134095718821104,0.00010103815965215076
79.64,0.07428705099660562,0.14683071142590423,-0.7036277887519011,0.00010104465772059171
79.65,0.07574649824695133,0.14506074802917976,-0.6938407899901501,0.00010105144188858328
79.66,0.07718830573744405,0.14330271872988426,-0.6840486734496224,0.00010105849757504946
79.67,0.07861259159323278,0.14155638095536638,-0.6742515350108873,0.00010106581081779765
79.68,0.08001947153137606,0.1398214956466255,-0.664449468635063,0.00010107336824875552
79.69,0.08140905889557405,0.13809782717765737,-0.654642566415149,0.00010108115707023326
79.7,0.0827814646901011,0.13638514327621995,-0.6448309186259901,0.00010108916503216128
79.71000000000001,0.08413679761295302,0.13468321494598803,-0.6350146137729172,0.00010109738041027094
79.72,0.08547516408822271,0.13299181639006638,-0.6251937386391042,0.00010110579198517728
79.73,0.08679666829771757,0.1313107249358309,-0.6153683783316825,0.00010111438902232872
79.74,0.0881014122118318,0.12963972096106774,-0.6055386163266524,0.00010112316125277989
79.75,0.08938949561968658,0.12797858782138105,-0.5957045345126303,0.0001011320988547665
79.76,0.09066101615855034,0.12632711177883973,-0.5858662132334655,0.00010114119243604075
79.77,0.09191606934255181,0.12468508193183468,-0.5760237313297667,0.00010115043301693637
79.78,0.09315474859069739,0.12305229014611777,-0.5661771661793682,0.00010115981201413987
79.79,0.09437714525420482,0.12142853098699445,-0.5563265937367736,0.00010116932122513386
79.8,0.09558334864316437,0.11981360165264225,-0.5464720885716062,0.0001011789528132849
79.81,0.0967734460525387,0.11820730190852764,-0.5366137239061,0.00010118869929355372
79.82000000000001,0.09794752278751234,0.11660943402289424,-0.52675157165166,0.00010119855351880339
79.83,0.09910566218820131,0.1150198027032956,-0.5168857024445237,0.00010120850866667388
79.84,0.10024794565373307,0.11343821503414628,-0.5070161856805504,0.00010121855822700904
79.85000000000001,0.10137445266570705,0.111864480415265,-0.4971430895491678,0.00010122869598980687
79.86,0.10248526081104543,0.11029841050138448,-0.4872664810665027,0.00010123891603367847
79.87,0.10358044580424383,0.1087398191426023,-0.4773864261077219,0.00010124921271479282
79.88,0.10466008150903096,0.10718852232574813,-0.4675029894386091,0.00010125958065628606
79.89,0.10572423995944653,0.10564433811664226,-0.4576162347464026,0.00010127001473811944
79.9,0.1067729913803461,0.10410708660322149,-0.4477262246699187,0.00010128051008736995
79.91,0.10780640420734133,0.10257658983950811,-0.4378330208289824,0.00010129106206893387
79.92,0.1088245451061842,0.10105267179039834,-0.4279366838531907,0.00010130166627662442
79.93,0.10982747899160292,0.09953515827724678,-0.418037273410029,0.00010131231852465768
79.94,0.11081526904559774,0.09802387692422392,-0.40813484823236224,0.00010132301483950294
79.95,0.11178797673520399,0.09651865710542376,-0.39822946614532306,0.00010133375145208703
79.96000000000001,0.11274566182972992,0.09501932989269915,-0.3883211840926158,0.00010134452479034006
79.97,0.11368838241747638,0.09352572800420257,-0.3784100581622573,0.00010135533147206752
79.98,0.11461619492194541,0.09203768575361043,-0.3684961436117735,0.00010136616829813772
79.99,0.11552915411754437,0.09055503900000926,-0.3585794948928707,0.0001013770322459736
80.0,0.11642731314479211,0.0890776250984223,-0.3486601656755997,0.00010138253359543532
