t,x,y,z,speed_proxy
0.0,1.0,1.0,1.0,0.06794347923343878
0.01,1.0125671910736112,1.2599177989452743,0.9848909717916053,0.06941989835922736
0.02,1.0488237097089568,1.5239971313226008,0.973114219876485,0.07480311012068248
0.03,1.1072088542956613,1.7983098897421352,0.9651589513000616,0.08447361945840608
0.04,1.1868680166603462,2.0885401422061625,0.9617372249104278,0.09868604894510456
0.05,1.287557057257908,2.4001544636681382,0.9638060638197575,0.11805543924600603
0.06,1.4095706581041882,2.738545613747143,0.9726081698899176,0.1435447956352599
0.07,1.5536900616953837,3.109153968487564,0.9897311222754546,0.1764862014744264
0.08,1.7211463804529996,3.517569455166498,1.0171865238383704,0.21862996554325995
0.09,1.9135962032916782,3.969615009809224,1.0575118553930003,0.2722193709861469
0.1,2.133106543293639,4.471410647871953,1.1138989184687214,0.3400905066618284
0.11,2.3821462580297044,5.029414948512368,1.190353726717964,0.4257975992244487
0.12,2.663580910085269,5.650437904613584,1.291893499664662,0.533764205408842
0.13,2.9806675794712945,6.341615446625255,1.424786877461354,0.6694593141572626
0.14,3.3370453308022423,7.110331233006836,1.5968433322113875,0.8395943267616226
0.15,3.736715793797584,7.964065218724182,1.8177565221880947,1.0523311896153726
0.16,4.184006533877147,8.910140801134848,2.0995032544473453,1.3174824348096097
0.17,4.6835074584379015,9.955332873168457,2.4567936192098947,1.6466689476221081
0.18,5.23996732507253,11.105288107586523,2.9075570279825036,2.053379104677119
0.19,5.858133453147396,12.363697193313152,3.473430964931164,2.552841946847894
0.2,6.542513103944859,13.731148820534644,4.180191224257708,3.1615871125751385
0.21,7.2970301078786335,15.203591512746566,5.058020855645361,3.896518906248797
0.22,8.12454615397512,16.7703400206405,6.141457117196824,4.773292283458233
0.23,9.026214596875775,18.41160095753107,7.4687812209695545,5.80376914091714
0.24,10.000638900189827,20.095576475900295,9.080530965857383,6.992397740981245
0.25,11.042822865168167,21.775358255594956,11.016741042599683,8.331560404828586
0.26,12.142932246511165,23.38606783295416,13.312491205128952,9.796344567136229
0.27,13.284944531581944,24.843035773007234,15.991439360156846,11.339837969121415
0.28,14.445350356308865,26.04219586375566,19.05733294430261,12.890823417060265
0.29,15.592182351318154,26.864168640907042,22.48412518666309,14.356294178031822
0.3,16.68476347622216,27.18347313583823,26.206297329352743,15.63088437710909
0.31,17.674639193181456,26.883605839670707,30.11213496677725,16.613428780889684
0.32,18.508113055511046,25.877105550386755,34.043549090458,17.22738853570385
0.33,19.130568471066404,24.12730309090413,37.805808942047754,17.43820767120293
0.34,19.49230571221626,21.666039591944063,41.18855566798782,17.259616509972556
0.35000000000000003,19.555040676585282,18.60067370539639,43.9956923837512,16.7448178386529
0.36,19.297722655878932,15.105561068553609,46.07747480547932,15.966310111330579
0.37,18.720211528858897,11.397975590941034,47.35566866513326,14.994615326687883
0.38,17.84377602111624,7.704258411724341,47.8339540885982,13.88599596199525
0.39,16.70823397604436,4.22576124519172,47.590767694436195,12.682312361639788
0.4,15.366498536106455,1.1137575723059996,46.75801524533206,11.418308724348574
0.41000000000000003,13.877914064784795,-1.5416692574081905,45.49332413262051,10.128765878778378
0.42,12.30184766903246,-3.7091436620254266,43.95398203191598,8.850810853079643
0.43,10.69261879564335,-5.404206380694763,42.27805673597419,7.621387563179798
0.44,9.09625949506106,-6.673702328154938,40.57446333442512,6.472701748151291
0.45,7.549064835047904,-7.580828767439819,38.92079736634692,5.428477118991366
0.46,6.0775619957040306,-8.193377576269986,37.36635469792174,4.50239669449095
0.47000000000000003,4.6994116543386015,-8.575906018003852,35.937697503277114,3.6986666909680825
0.48,3.4247928377574848,-8.785421214973166,34.64478035787681,3.013913572548595
0.49,2.257932674251281,-8.869676409303233,33.486466458030264,2.4395503915379253
0.5,1.198564957856395,-8.867139000908752,32.45493260144154,1.9640004640754798
0.51,0.24320379492968303,-8.80786914362809,31.538891232001955,1.5744728689568745
0.52,-0.6138094172321538,-8.714781678853951,30.725777360647303,1.2582146957759304
0.53,-1.3794836451064274,-8.604970693938746,30.003125470511474,1.0032942399295794
0.54,-2.061555925814589,-8.490927522719206,29.359360029307098,0.7990200256463136
0.55,-2.6680359054411187,-8.381580987130718,28.78418732037266,0.6361046739131335
0.56,-3.206883387036673,-8.283145322205419,28.268731651089862,0.5066654879440254
0.5700000000000001,-3.6857884650467665,-8.199789974507171,27.80551796511443,0.40413058490792003
0.58,-4.112028738345602,-8.134157219329191,27.38836991984704,0.3230980238270043
0.59,-4.492383158216862,-8.087755919008202,27.01226802552016,0.2591784128258741
0.6,-4.833086625659796,-8.061257551056052,26.673195246909614,0.2088392050593285
0.61,-5.139813265433325,-8.05471665864364,26.367985879421454,0.16926058174071557
0.62,-5.417679353166336,-8.067733595392843,26.094185980352442,0.1382074945185348
0.63,-5.671259238594508,-8.099573543999982,25.849928917764696,0.11391920574245987
0.64,-5.904609409225126,-8.149252538822722,25.633826766978256,0.09501582441758114
0.65,-6.121297192199662,-8.215598647231475,25.444876682361247,0.08042038396549031
0.66,-6.324431601694235,-8.297294493575034,25.2823805517397,0.06929460196464174
0.67,-6.516694590194052,-8.392905839016434,25.1458759043369,0.06098637725866805
0.68,-6.700371521456231,-8.500899854676181,25.03507599720241,0.05498717401696467
0.6900000000000001,-6.877380102100071,-8.619655951316147,24.949817127076052,0.05089762799433048
0.7000000000000001,-7.04929732575459,-8.747471479569832,24.89001142927016,0.048399934903888706
0.71,-7.217384226621455,-8.882564229688182,24.85560368808004,0.04723581383096121
0.72,-7.382608428457272,-9.023073391375197,24.846530969886725,0.04718906245617908
0.73,-7.5456646246817725,-9.167060445115759,24.862684188165595,0.0480719256115767
0.74,-7.706993245363885,-9.312511316290887,24.90387101372407,0.04971467859999248
0.75,-7.866797663465361,-9.457341007114614,24.969779851603555,0.05195797806394989
0.76,-8.025060369347516,-9.599401807095509,25.059944916675413,0.05464765320042671
0.77,-8.181558600295551,-9.736496050792116,25.173712749971866,0.0576316964122721
0.78,-8.335879949950394,-9.866394224747685,25.31021082102354,0.060759263160793955
0.79,-8.487438498866178,-9.986859008990086,25.4683191474855,0.06388150486203861
0.8,-8.635491998724444,-10.095675561508848,25.646646116868943,0.06685403689192798
0.81,-8.779160605346805,-10.190688011248614,25.8435098963007,0.06954078955539876
0.8200000000000001,-8.917447586043432,-10.269841718314026,26.05692694121358,0.07181891027574831
0.8300000000000001,-9.049262322453647,-10.33123040042334,26.284609137247664,0.07358429156903498
0.84,-9.173445790127637,-10.373146733981201,26.523971007142915,0.0747572071356457
0.85,-9.288798522600215,-10.394134549356002,26.772148166873993,0.07528746649974286
0.86,-9.394110866000608,-10.393040295978022,27.0260278131719,0.07515846719711919
0.87,-9.488195109657806,-10.369061103768884,27.28229147241142,0.07438955082392328
0.88,-9.569918852055647,-10.32178656536531,27.537469560792033,0.07303616785807718
0.89,-9.638238746753757,-10.251231356181817,27.78800653940359,0.07118752900344089
0.9,-9.692233588787287,-10.157856031653177,28.03033465522345,0.06896165833536014
0.91,-9.731135568439996,-10.04257380783243,28.260953514633222,0.06649804278202644
0.92,-9.75435845428244,-9.906741831277388,28.476512120572096,0.06394835893493077
0.93,-9.76152148486207,-9.752136335752976,28.673889595201402,0.061466010579626494
0.9400000000000001,-9.752467855686138,-9.580912097508298,28.850270669032753,0.059195387860228287
0.9500000000000001,-9.727276884010724,-9.395547646688433,29.003212181102636,0.05726182943133491
0.96,-9.68626920810085,-9.19877866754644,29.130697305586423,0.05576321592827498
0.97,-9.63000471097364,-8.993522824649185,29.23117496431528,0.054763950401769644
0.98,-9.559273225098949,-8.782799802895408,29.303582834396956,0.05429181317583001
0.99,-9.475078443888929,-8.569650591238966,29.34735342279339,0.05433785514826432
1.0,-9.378615807236296,-8.357059955292339,29.362403750125733,0.05485916342945464
1.01,-9.271245414095107,-8.147885652496162,29.349110161296483,0.05578404390589957
1.02,-9.154461223621066,-7.944797299315173,29.30827057402702,0.05701895452878411
1.03,-9.029857924656374,-7.750226981686357,29.241057028128672,0.05845641271544487
1.04,-8.899096877744903,-7.566332798725857,29.148961680644703,0.05998309394406531
1.05,-8.763872469854187,-7.3949756358015755,29.033739409830115,0.06148742364439304
1.06,-8.625880082588044,-7.237708654743524,28.897349976994683,0.06286611615793739
1.07,-8.486786678207938,-7.095778324391911,28.74190230193472,0.0640293023866075
1.08,-8.348204775206584,-6.970135328167084,28.569602897493034,0.06490408157625253
1.09,-8.211670337562255,-6.861453387428889,28.38270994492804,0.0654365073737305
1.1,-8.078624858191052,-6.770153920216596,28.183493930605497,0.06559215665596305
1.11,-7.9504016930254755,-6.69643448960401,27.97420525050406,0.06535552318781096
1.12,-7.82821650876866,-6.640299150461804,27.75704875234371,0.06472852631909429
1.1300000000000001,-7.71316155140233,-6.601589040742179,27.534164841780946,0.06372843301872501
1.1400000000000001,-7.60620332652607,-6.580011847786494,27.307616532624703,0.06238546850780267
1.1500000000000001,-7.508183205705865,-6.575169080621426,27.0793816653837,0.06074034691257479
1.16,-7.419820431782908,-6.586580371322355,26.851349441223167,0.058841898636189854
1.17,-7.341716985457105,-6.613704294985298,26.62532040375177,0.05674491390348036
1.18,-7.274363789502035,-6.655955428137676,26.403009032245606,0.0545082683807971
1.19,-7.2181477596295585,-6.712717554833328,26.186048171160365,0.0521933508929594
1.2,-7.173359256604487,-6.783353078100969,25.975994598426542,0.04986277704009836
1.21,-7.14019954771456,-6.867208805023376,25.774335118131482,0.04757934638491093
1.22,-7.118787943019101,-6.963618351806452,25.582492643705734,0.045405184190887155
1.23,-7.109168329777879,-7.071901467174408,25.40183181030934,0.04340100019326859
1.24,-7.111314884880998,-7.191360605096991,25.23366371680705,0.041625395105099036
1.25,-7.125136798595897,-7.321275097849678,25.079249447574117,0.04013414909404388
1.26,-7.150481892891416,-7.460893293835395,24.939802063029063,0.038979434152971074
1.27,-7.187139063970071,-7.609423036812268,24.81648677714324,0.038208903308530766
1.28,-7.234839521886283,-7.766020878640297,24.710419063101835,0.037864623499094
1.29,-7.293256841033419,-7.929780439855614,24.62266044842902,0.037981835541088346
1.3,-7.362005874834069,-8.099720363699078,24.55421178249745,0.03858754392870861
1.31,-7.4406406272309376,-8.27477235086823,24.50600378716708,0.03969896137619873
1.32,-7.528651213564746,-8.453769814087993,24.478884740451186,0.04132185800149753
1.33,-7.625460084972525,-8.635437751931452,24.473605198895363,0.04344889253739416
1.34,-7.730417734055244,-8.818384506737768,24.490799742030877,0.04605803208184976
1.35,-7.842798145289069,-9.001096136558509,24.530965826656683,0.049111196057769306
1.36,-7.961794300908614,-9.18193418824188,24.59443997370026,0.052553286715819894
1.37,-8.086514100418565,-9.35913769822991,24.681371678253292,0.05631178913279447
1.3800000000000001,-8.215977097229187,-9.530830257487116,24.791695633824517,0.0602971337067117
1.3900000000000001,-8.34911249589497,-9.695032943624044,24.925103091168573,0.06440400837999617
1.4000000000000001,-8.484758883768015,-9.849683832324907,25.081013422005856,0.06851378079323577
1.41,-8.621666186313552,-9.992664637756665,25.258547214913317,0.072498137500811
1.42,-8.758500329906836,-10.121834786255478,25.456502475033705,0.07622396529817348
1.43,-8.893851063358824,-10.235072892579314,25.673335705465288,0.07955938884034086
1.44,-9.02624332372672,-10.330325184225984,25.90714978566124,0.08238074386935497
1.45,-9.154152428303439,-10.405659917849885,26.155690597318504,0.0845801169625846
1.46,-9.27602323030703,-10.459326276312389,26.416354247895796,0.08607293721132668
1.47,-9.390293191137946,-10.489815662742231,26.68620647792422,0.08680498428048464
1.48,-9.495419101735237,-10.49592276969006,26.96201539310833,0.0867581054322053
1.49,-9.589906939037515,-10.47680335779162,27.240298034707195,0.0859539349540686
1.5,-9.672344085493664,-10.432025394696195,27.51738051211316,0.08445500074835673
1.51,-9.741432889356588,-10.361610143277693,27.789470514628828,0.08236279113547808
1.52,-9.796024323998095,-10.266059996885177,28.052740064073177,0.0798126311604232
1.53,-9.835150339954886,-10.146370363633753,28.30341545463104,0.07696555530327273
1.54,-9.858053416681452,-10.004023694403914,28.537870550701175,0.07399772003134059
1.55,-9.864211830256409,-9.840964786260333,28.75271907493253,0.07108822244652115
1.56,-9.853359269062999,-9.65955769403601,28.944901298132816,0.06840642669117844
1.57,-9.82549765209314,-9.462525838147304,29.11176069052181,0.0661000039020881
1.58,-9.780902322972906,-9.25287808027564,29.251106618666874,0.06428484024412141
1.59,-9.720119184992987,-9.033824525173246,29.361260037018802,0.06303776297925405
1.6,-9.643953777242798,-8.808686490498665,29.441080246601988,0.062392705706577886
1.61,-9.553452732747447,-8.58080539641588,29.48997206249472,0.06234053169238031
1.62,-9.449878468547956,-8.35345523748957,29.507874015834542,0.0628323210648144
1.6300000000000001,-9.334678300749557,-8.129762834450709,29.495229386828793,0.0637855651491827
1.6400000000000001,-9.209449428126728,-7.912639289255426,29.45294281430671,0.06509244831202478
1.6500000000000001,-9.075901369847408,-7.704725081462596,29.382325880170324,0.0666292625051567
1.6600000000000001,-8.935817471921998,-7.50835016066804,29.2850353901997,0.06826599658412566
1.67,-8.791017020016477,-7.32550932055331,29.16300807369784,0.06987525419511192
1.68,-8.643319329545811,-7.157852181176921,29.01839514593869,0.07133984806566387
1.69,-8.494510950145298,-7.006686327715586,28.853499686040575,0.07255865531372671
1.7,-8.346316846435807,-6.872991595750669,28.67071915719053,0.0734505592867961
1.71,-8.200376126059265,-6.757443165357874,28.472494714386674,0.07395651699625455
1.72,-8.05822260211518,-6.660441013518104,28.261268275683427,0.0740399566119891
1.73,-7.921270218676776,-6.582143343505395,28.039447729209957,0.07368581733558009
1.74,-7.7908031478491075,-6.522501817521034,27.809380144582335,0.0728985948920771
1.75,-7.667970192147293,-6.48129671858401,27.573332470534126,0.07169975778507662
1.76,-7.55378299910831,-6.458170515999665,27.33347893227482,0.07012486442243249
1.77,-7.449117514227525,-6.452658668681681,27.091894182531533,0.06822065259765697
1.78,-7.354718058815926,-6.464216843869891,26.850551192487277,0.0660423030416822
1.79,-7.27120341468127,-6.492244036054222,26.611322872485506,0.0636510079823007
1.8,-7.199074320314889,-6.53610133117595,26.37598646657587,0.06111191111137439
1.81,-7.138721826182523,-6.595126270355604,26.14622985058612,0.05849243142545611
1.82,-7.0904360130175315,-6.668642926697594,25.92365896426591,0.05586094195991828
1.83,-7.0544146408899495,-6.7559679229940155,25.70980571156049,0.053285745496171696
1.84,-7.030771363597591,-6.856412694445875,25.506135760223263,0.050834271682047495
1.85,-7.019543209093277,-6.969282346937306,25.314055757030637,0.048572411831009285
1.86,-7.020697089841583,-7.093871486228174,25.134919544874826,0.04656390696021885
1.87,-7.034135165806468,-7.229457404578926,24.970033022285772,0.044869709569202665
1.8800000000000001,-7.0596989366751295,-7.375291015953438,24.820657325526724,0.04354724880937193
1.8900000000000001,-7.097171989079232,-7.530585935288067,24.688010040700725,0.0426495410843579
1.9000000000000001,-7.146281369665921,-7.694506106558248,24.57326417169059,0.04222410326653346
1.9100000000000001,-7.20669759695818,-7.866152402614649,24.477544603417453,0.04231164354690816
1.92,-7.278033365320995,-8.044548649943483,24.40192181367911,0.04294452568215225
1.93,-7.35984103440816,-8.228627575327023,24.347402606115477,0.04414502642668333
1.94,-7.451609038558874,-8.417217229135682,24.314917667515733,0.04592343353371979
1.95,-7.552757393920588,-8.609028510345013,24.305305800954162,0.048276062863562376
1.96,-7.662632527444014,-8.802644498108211,24.319294758486908,0.051183307262167806
1.97,-7.780501701683742,-8.996512378377178,24.357478699522144,0.05460786552673084
1.98,-7.90554736222731,-9.188938833682741,24.420292438916512,0.058493334402282465
1.99,-8.036861789390983,-9.378089829057448,24.507982826283545,0.06276337629455225
2.0,-8.173442490346254,-9.561995763765367,24.620577816379946,0.06732169502560566
2.0100000000000002,-8.31418881867007,-9.738562951104482,24.757854047546264,0.07205305511378979
2.02,-8.457900350760479,-9.905592319509685,24.919304033817188,0.07682555968022348
2.0300000000000002,-8.603277576690573,-10.060806079651726,25.104104383013453,0.08149435138080346
2.04,-8.748925469882732,-10.201882858116305,25.311086757141343,0.0859068145634598
2.05,-8.89336047779889,-10.326501447024754,25.538713564341844,0.08990923333237551
2.06,-9.035021416974741,-10.432392856992548,25.78506057794277,0.0933547027872024
2.07,-9.172284653404274,-10.5173997959849,26.047808777220492,0.0961119097524839
2.08,-9.303483798820151,-10.579542051591527,26.324247654079333,0.0980742130597112
2.09,-9.426933953546186,-10.61708556871206,26.61129199160391,0.09916828761632876
2.1,-9.540960280795982,-10.628612345639633,26.905513666517468,0.09936148202604698
2.11,-9.64393041487589,-10.613087690840887,27.20318934828588,0.09866700815237611
2.12,-9.734289902471236,-10.569920970944484,27.500364078410072,0.09714615903183933
2.13,-9.810599574029352,-10.49901581751168,27.79292965997366,0.09490695262403379
2.14,-9.871573468176873,-10.400805913182117,28.07671564674429,0.09209891764090367
2.15,-9.916115715756646,-10.276272987742493,28.3475895973993,0.08890414589217743
2.16,-9.943354660392723,-10.12694452441213,28.601562275535745,0.08552518288668282
2.17,-9.952672473773337,-9.954869863062806,28.83489275400325,0.08217074867951088
2.18,-9.943728631648373,-9.762574799958035,29.04418803028211,0.07904060352012623
2.19,-9.916475854343815,-9.552996292682346,29.22649185034036,0.07631103699444976
2.2,-9.871167472808253,-9.329400329312083,29.379357993414516,0.07412242817448818
2.21,-9.808355633155816,-9.09528725436988,29.500904252966933,0.07257009449259959
2.22,-9.7288802627893,-8.85428972306628,29.589844666788785,0.07169925143406387
2.23,-9.63384924517786,-8.610068884187667,29.64549906452274,0.07150440670593523
2.24,-9.52461074171592,-8.366214331996844,29.667780552083105,0.07193299157816953
2.25,-9.402719015025678,-8.12615284172774,29.657162977776824,0.07289256946834342
2.2600000000000002,-9.269895414870419,-7.89306999084404,29.614631586162375,0.07426062292111679
2.27,-9.127986364689063,-7.669847589652704,29.541620866612863,0.07589574330899322
2.2800000000000002,-8.978920227438264,-7.459018541385469,29.439944000004374,0.07764903977908577
2.29,-8.824664841883228,-7.262739463770683,29.311718307340634,0.07937472341683827
2.3000000000000003,-8.667187324418576,-7.082780251789285,29.15929076149819,0.08093906714209245
2.31,-8.508417454692626,-6.920528832137274,28.985167021536167,0.08222724002304038
2.32,-8.35021563733203,-6.7770087024440775,28.791946686700868,0.0831478164833233
2.33,-8.194346088250269,-6.652906473205113,28.58226664214455,0.08363502597924574
2.34,-8.042455560147605,-6.548606516783893,28.358753565340347,0.08364901105052472
2.35,-7.896057619859831,-6.464229932607708,28.123985945567025,0.08317449013892665
2.36,-7.756522235321006,-6.399675305675344,27.88046537954955,0.08221827811224142
2.37,-7.625070230314372,-6.354659108778816,27.630596462783128,0.08080611311469965
2.38,-7.502772023005892,-6.328754023840055,27.376674297858266,0.07897918926458015
2.39,-7.390549976704714,-6.321423889889457,27.120878474155536,0.07679071813170935
2.4,-7.289183652146575,-6.332054391056448,26.865272315131627,0.07430275357558981
2.41,-7.199317251590539,-6.359978955491849,26.61180621399578,0.07158342689923664
2.42,-7.121468577097695,-6.40449963363888,26.362323959904703,0.06870466099563176
2.43,-7.0560388796267315,-6.464902958296837,26.11857107154818,0.06574036812426806
2.44,-7.003323043976723,-6.540470962229088,25.882204283884185,0.06276508793590829
2.45,-6.96351963031514,-6.6304876484939355,25.65480146212688,0.05985298987270233
2.46,-6.9367403706559125,-6.734241283376354,25.437871334681958,0.057077145198657475
2.47,-6.92301879424439,-6.851022921862918,25.232862537313977,0.05450896608245178
2.48,-6.922317726750513,-6.980121591087538,25.041171541447277,0.05221770969098098
2.49,-6.934535473033022,-7.120816557479926,24.86414909973113,0.05026995179680513
2.5,-6.959510551565188,-7.272367096863899,24.70310488334115,0.04872894513752918
2.5100000000000002,-6.997024900741114,-7.434000180709536,24.559310010840605,0.04765379151381714
2.52,-7.046805524144365,-7.604896492168874,24.433997181712645,0.047098372837148614
2.5300000000000002,-7.108524584817041,-7.784175197244706,24.328358133614728,0.04711000505962659
2.54,-7.1817979992487135,-7.970877923071848,24.243538146385045,0.047727800580172196
2.5500000000000003,-7.266182621970177,-8.163952439174658,24.180627323849844,0.04898075000851053
2.56,-7.361172153034901,-8.362236599634828,24.14064840313333,0.050885563777549866
2.57,-7.466191944894154,-8.564443183636715,24.124540877591247,0.05344434846436542
2.58,-7.580592933499074,-8.769146366141287,24.133141281207184,0.05664223167371591
2.59,-7.703644971681024,-8.974770654359261,24.167159576950283,0.060445091895475526
2.6,-7.834529901061196,-9.179583231290641,24.227151726444013,0.06479759352655835
2.61,-7.9723347610923225,-9.381690743675597,24.313488699421278,0.06962176830999019
2.62,-8.116045598356978,-9.579041643596515,24.42632241267595,0.07481641706044567
2.63,-8.264542402582537,-9.7694352226351,24.565549369762632,0.08025762224012
2.64,-8.416595753086067,-9.950538444071643,24.730773099470287,0.0858006539045358
2.65,-8.570865804031369,-10.119911559737648,24.92126685102289,0.09128350950625932
2.66,-8.7259042609609,-10.27504327202666,25.135938376382274,0.09653224384460121
2.67,-8.880159995393923,-10.413395850154197,25.373298984666597,0.1013681140514198
2.68,-9.031988899183565,-10.532460122632015,25.631439350623697,0.10561638652150102
2.69,-9.179668486610765,-10.62981964693649,25.908014750248043,0.10911643689610506
2.7,-9.32141760250543,-10.703222621222913,26.200242429336214,0.11173253938980063
2.71,-9.455421385122953,-10.750659290994678,26.504913633598665,0.11336451718978284
2.72,-9.579861364358527,-10.770441777559842,26.818422399684415,0.11395724927487745
2.73,-9.692950257227587,-10.761282497445281,27.136812501694596,0.11350794268573455
2.74,-9.7929706693361,-10.722366750369009,27.455842972489776,0.11207012137706933
2.75,-9.878316547371988,-10.653414730268413,27.77107141475034,0.1097534786886531
2.7600000000000002,-9.94753588463152,-10.554728251688246,28.077952964963256,0.10671909318884786
2.77,-9.99937289507653,-10.42721794795463,28.371951393703476,0.10316999100365758
2.7800000000000002,-10.032807678045424,-10.272407609700453,28.64865756488357,0.09933759501947104
2.79,-10.04709132808835,-10.092413657925535,28.903909492247802,0.09546515120520421
2.8000000000000003,-10.041774525703357,-9.889899389411799,29.13390766727975,0.09178967221668219
2.81,-10.016727884203867,-9.668005443433287,29.335319294655797,0.08852420339483075
2.82,-9.972152717519531,-9.430259728701596,29.50536560528451,0.08584223832912571
2.83,-9.908581407403531,-9.180471617886822,29.641887495583756,0.08386587468518462
2.84,-9.826867144338362,-8.92261638231729,29.743386263711255,0.08265883864746669
2.85,-9.72816344129183,-8.660716468327031,29.809038016372845,0.08222489360956188
2.86,-9.613894415893595,-8.398726245779999,29.838682203897484,0.0825114881139804
2.87,-9.48571735034022,-8.140426304164441,29.83278650082702,0.08341789678139168
2.88,-9.34547942547283,-7.889332321906541,29.792391704183302,0.08480665581824559
2.89,-9.195170757691372,-7.648622136045352,29.719041342715485,0.08651684707914123
2.9,-9.036875934616335,-7.421083068187146,29.614701214457543,0.08837775528548275
2.91,-8.87272615563469,-7.209079996406374,29.4816741014457,0.09022158654782725
2.92,-8.70485385980659,-7.014543255515325,29.32251451259878,0.09189423920420384
2.93,-8.535351399754271,-6.83897431248519,29.13994758266105,0.09326349313805299
2.94,-8.366234934929407,-6.6834663626903845,28.936795330674137,0.09422436545761498
2.95,-8.199414309783055,-6.548736540281234,28.715912479163457,0.09470171562910623
2.96,-8.036669286185315,-6.435166305973587,28.48013306212248,0.09465043766585965
2.97,-7.8796321420454465,-6.342846713102791,28.232228186545942,0.09405373657794838
2.98,-7.729776347931565,-6.271625588096202,27.974874609092822,0.09292005389786609
2.99,-7.588410800411888,-6.221154121693789,27.71063326808452,0.09127919763955164
3.0,-7.4566789270320974,-6.190930885532178,27.441936569322372,0.08917816675260062
3.0100000000000002,-7.335561879482527,-6.18034181025028,27.171083042961875,0.08667706152420868
3.02,-7.2258849906063025,-6.188695145705891,26.900237938649052,0.08384535962585415
3.0300000000000002,-7.128326677095106,-6.215250845355716,26.631438374070513,0.08075872832045758
3.04,-7.043429011816035,-6.2592441623082165,26.36660176545428,0.07749644729708681
3.0500000000000003,-6.9716092568554435,-6.319903511188458,26.107536418628587,0.07413943937589745
3.06,-6.913171730840871,-6.396462842292893,25.85595332266824,0.07076884964763305
3.0700000000000003,-6.868319473799891,-6.488168901790255,25.613478347514985,0.06746507637382684
3.08,-6.83716526341037,-6.594283825653213,25.3816641904436,0.06430713637183633
3.09,-6.819741623432134,-6.7140835481074825,25.162001536903016,0.06137224010138598
3.1,-6.816009545444547,-6.846852509860078,24.955928996031737,0.05873545370189515
3.11,-6.825865717202812,-6.991875138408373,24.764841439912935,0.056469333718145186
3.12,-6.8491481145717605,-7.1484245521840775,24.590096420394584,0.05464343285280248
3.13,-6.885639869608058,-7.315748920552787,24.433018361518865,0.05332359030227235
3.14,-6.935071376131247,-7.49305589975981,24.294900233765752,0.05257093740521931
3.15,-6.997120637728619,-7.67949556644807,24.177002413656123,0.05244056853624829
3.16,-7.071411903574292,-7.874142289775597,24.080548424661465,0.05297984907066956
3.17,-7.157512676873136,-8.075976023569174,24.006717249349943,0.054226357875730796
3.18,-7.254929221357489,-8.283863563141033,23.95663190547056,0.05620549233720293
3.19,-7.363100735146249,-8.49654039753812,23.931343998176786,0.058927800442963044
3.2,-7.481392410225612,-8.7125938952828,23.931814005455806,0.06238614744517604
3.21,-7.6090876511733585,-8.930448685816343,23.958887133213274,0.06655287371562134
3.22,-7.74537978918957,-9.148355232518838,24.013264699624028,0.07137715381776552
3.23,-7.889363696745237,-9.364382725318894,24.09547118393169,0.07678282092139382
3.24,-8.040027782721808,-9.576417536300692,24.205817309769863,0.08266696962568468
3.25,-8.1962469247743,-9.782168560707943,24.34435983093166,0.08889968576367263
3.2600000000000002,-8.356776970001889,-9.979180784483798,24.51085904679136,0.0953252633368458
3.27,-8.520251500067905,-10.164858350914146,24.704735486336023,0.10176524440077879
3.2800000000000002,-8.685181603881816,-10.336498214777462,24.92502764538092,0.10802354554130238
3.29,-8.849959419255848,-10.491335146341005,25.17035311082824,0.11389380495210327
3.3000000000000003,-9.01286618277049,-10.62659835972305,25.438875816020374,0.11916889290089379
3.31,-9.172085452386547,-10.739579382728888,25.728282487616426,0.12365228034170676
3.3200000000000003,-9.325722029317541,-10.82770996859504,26.035771503243087,0.12717067251984468
3.33,-9.471826896643966,-10.88864790839451,26.358057313510358,0.1295870175633632
3.34,-9.608428209750693,-10.920367598343413,26.6913932306498,0.13081273857284165
3.35,-9.733568023075618,-10.92125123960961,27.031614705140303,0.13081786505256765
3.36,-9.845344033410935,-10.890175714284268,27.37420418753803,0.12963770992236376
3.37,-9.941955186948416,-10.826589618379566,27.71437733379583,0.12737489506217198
3.38,-10.021749570121138,-10.730574766463993,28.04718873737669,0.12419589033727726
3.39,-10.083272625412704,-10.602886813903313,28.36765369048147,0.12032178157481324
3.4,-10.125313448511683,-10.444970525638215,28.670880862558892,0.1160136639434931
3.41,-10.14694677599923,-10.258946642451518,28.95220943357426,0.11155377294033837
3.42,-10.14756829764076,-10.047569166656029,29.207343324741203,0.10722409679520895
3.43,-10.126921143188227,-9.814154043297327,29.432474886161696,0.10328464276551932
3.44,-10.085111798661861,-9.562482425780997,29.62439081679051,0.09995366401126772
3.45,-10.022614276793613,-9.296683733618817,29.780554205095232,0.09739195301639512
3.46,-9.940262054610258,-9.02110529320058,29.89915828945198,0.09569279526480468
3.47,-9.839228035525398,-8.74017630986117,29.979149660419267,0.09487843787875852
3.48,-9.720993522984944,-8.458274144232474,30.020220919132463,0.09490309033631793
3.49,-9.587307838236265,-8.179600351695866,30.022775004774676,0.09566168099562783
3.5,-9.440140717611692,-7.908072783200142,29.987865270249237,0.09700297007355893
3.5100000000000002,-9.281629944693687,-7.6472384103720765,29.917116739013903,0.0987452510401398
3.52,-9.11402679241162,-7.400209645896984,29.812634720059624,0.10069278704079572
3.5300000000000002,-8.939641775212388,-7.169625008778223,29.67690708326301,0.10265130186988916
3.54,-8.76079296773641,-6.95763323492994,29.51270607347779,0.10444121018760735
3.5500000000000003,-8.579758774131644,-6.765898507418762,29.322994695257737,0.10590774199039929
3.56,-8.398736578966876,-6.595623464845242,29.11084158677116,0.10692760409449314
3.5700000000000003,-8.219808225025128,-6.447586064552983,28.87934707913351,0.10741225445871674
3.58,-8.044912788381682,-6.32218619958135,28.631581944180844,0.10730819630565464
3.59,-7.8758266914674175,-6.219498126677948,28.370539274171932,0.10659490784833528
3.6,-7.714150833810242,-6.139325169119466,28.099099076531715,0.10528111290791675
3.61,-7.561304140409168,-6.081253720074147,27.820004533623944,0.10340008709677342
3.62,-7.418522732104541,-6.044704205137591,27.535848468858614,0.10100461141174898
3.63,-7.286863806118304,-6.0289772973114095,27.249068351389496,0.0981620596390922
3.64,-7.167213268169986,-6.033294263676336,26.96194812460959,0.09494996430528428
3.65,-7.060296167316293,-6.056830828630699,26.676625216168308,0.09145226839752137
3.66,-6.966689037029522,-6.098744348453193,26.395101238124084,0.08775635019424605
3.67,-6.8868333276468405,-6.158194403571653,26.119255079090635,0.08395081331355694
3.68,-6.821049214311974,-6.234357134798296,25.850857296979356,0.08012396533828621
3.69,-6.769549171062742,-6.326433790039784,25.59158491998712,0.07636286430860054
3.7,-6.732450808203428,-6.433654023488515,25.34303594076457,0.07275278905604134
3.71,-6.7097885711366505,-6.555274515619252,25.106742936205908,0.06937698198732305
3.72,-6.701523990982925,-6.690573474340009,24.8841853597471,0.06631651677116815
3.73,-6.707554258832093,-6.838841548805518,24.676800134634423,0.06365015435691457
3.74,-6.727718965953411,-6.999369649328993,24.485990227900757,0.061454065765705904
3.75,-6.761804912400033,-7.171434129327178,24.31313090988174,0.05980131715217932
3.7600000000000002,-6.809548937625387,-7.3542797564116915,24.159573408120544,0.05876103082091397
3.77,-6.870638770989721,-7.547100886202259,24.026645653215546,0.05839715524071716
3.7800000000000002,-6.944711939753424,-7.749021259466445,23.915649793878956,0.0587667984611517
3.79,-7.0313528099249485,-7.959072874840092,23.827856136108828,0.05991810410540366
3.8000000000000003,-7.130087873829229,-8.176174448447219,23.764493144568736,0.061887679022740054
3.81,-7.240379440104822,-8.39911005956009,23.7267331415413,0.06469761848654289
3.8200000000000003,-7.361617929436055,-8.626508697535193,23.715673359693735,0.06835221992500043
3.83,-7.493113034705892,-8.856825566759014,23.732312059864448,0.072834530167292
3.84,-7.634084068831476,-9.088326167258872,23.7775195253804,0.0781029333175234
3.85,-7.783649897845326,-9.319074339056113,23.85200390142859,0.08408805389867291
3.86,-7.940818940119198,-9.546925623559895,23.956272072246737,0.09069031751989041
3.87,-8.104479802710284,-9.769527435166118,24.090586068467147,0.09777857061764444
3.88,-8.273393218378537,-9.984327624864285,24.254915875406574,0.10519020016069082
3.89,-8.44618603529864,-10.188593023918521,24.44888996682249,0.11273319909254158
3.9,-8.621348086752569,-10.379439444676933,24.67174540385833,0.12019057760227217
3.91,-8.797232818498813,-10.553874351564914,24.922279888648873,0.1273274086696544
3.92,-8.972062563281831,-10.70885296643512,25.198808703960218,0.1339006075473172
3.93,-9.143939309991739,-10.841347916924121,25.499129945566267,0.1396712764392136
3.94,-9.310861704393066,-10.948431670369994,25.82050178930059,0.144419108637265
3.95,-9.470748826435502,-11.027369941210079,26.159635646519263,0.14795796932747557
3.96,-9.621471008117869,-11.075723071720544,26.512708865898126,0.15015140084555206
3.97,-9.760887585650522,-11.091451156727473,26.875400064188366,0.15092650265390178
3.98,-9.886891030755232,-11.07301754056415,27.242949170386964,0.15028448372108769
3.99,-9.997456401456967,-11.019484414170675,27.610242848896803,0.14830624542236717
4.0,-10.090694528965882,-10.93059374674114,27.971924189684355,0.1451516721847806
4.01,-10.164906862252474,-10.80682684944116,28.322523546432407,0.1410518901528241
4.0200000000000005,-10.218639481462,-10.649436593268094,28.65660535985993,0.13629455324505796
4.03,-10.25073352247376,-10.460447720031553,28.968923961101932,0.1312031278682933
4.04,-10.260369177788215,-10.242622730401772,29.25457996207768,0.1261120260339743
4.05,-10.247100587785972,-9.999393339816244,29.50916813220027,0.12134011927444763
4.0600000000000005,-10.21087932194038,-9.734760206371927,29.7289077895894,0.11716551017975836
4.07,-10.152064754092924,-9.453166242820087,29.91074775013481,0.11380435840411779
4.08,-10.071420412916465,-9.159351007238225,30.0524397043407,0.11139604902662376
4.09,-9.970096267446062,-8.858195149511399,30.1525763342621,0.10999613583610365
4.1,-9.8495978021505,-8.554564493146021,30.21059325336691,0.109577443366106
4.11,-9.711743557473229,-8.253162999170321,30.226736618564203,0.11003865720894501
4.12,-9.558613480786969,-7.958402668077019,30.20200070503816,0.11121885169763676
4.13,-9.392490890595738,-7.674296577631166,30.138041593356416,0.11291582947798724
4.14,-9.215801072608825,-7.404378994465627,30.03707423721329,0.11490593943173494
4.15,-9.031049498898247,-7.151654127139363,29.901760517011645,0.11696318298366612
4.16,-8.840762416742143,-6.918572877005307,29.735095504885155,0.11887583782223614
4.17,-8.647432138464927,-6.707035100581599,29.54029821844381,0.12045941075831124
4.18,-8.453468835861647,-6.518413552418791,29.32071181772014,0.12156535937582477
4.19,-8.261160063550165,-6.353594875958593,29.079716706371535,0.12208559416080245
4.2,-8.072638660586309,-6.213032723748832,28.820658516837312,0.12195321989795549
4.21,-7.889859153962604,-6.096808236768779,28.546791630901378,0.12114026481245249
4.22,-7.714582342649946,-6.004693585036653,28.261237802422542,0.11965327827300798
4.23,-7.548367394045309,-5.936214949680173,27.966958648791273,0.11752767637349902
4.24,-7.392570540861991,-5.890712100722578,27.666740261437862,0.11482161561827149
4.25,-7.248349320454438,-5.867392505046123,27.36318792317889,0.11161001758667785
4.26,-7.116671238217748,-5.865378619797611,27.058728863607726,0.10797918722969158
4.2700000000000005,-6.998325746061435,-5.883747646782811,26.75562107870391,0.10402229177174441
4.28,-6.893938488720488,-5.921563523396716,26.455966434456798,0.09983581416154295
4.29,-6.803986868139289,-5.977901302267644,26.161726520442112,0.09551697402979285
4.3,-6.728816094547232,-6.051864333596363,25.87473998123656,0.09116202255845839
4.3100000000000005,-6.66865501993481,-6.142594826717462,25.59674030459283,0.08686526305502816
4.32,-6.623631176060403,-6.249278449585134,25.329373267958783,0.08271862103496708
4.33,-6.59378455823294,-6.371143646197318,25.074213429476554,0.07881157978736295
4.34,-6.579079803730394,-6.507456330816348,24.832779192263224,0.07523130336941668
4.3500000000000005,-6.579416507690727,-6.657510570561989,24.60654607201914,0.07206278326096392
4.36,-6.594637499154989,-6.820615808476838,24.396957861086857,0.06938886331636235
4.37,-6.624534966413827,-6.996081119054537,24.20543541192475,0.06729001740919166
4.38,-6.668854375592968,-7.183196936921971,24.03338276542709,0.06584377388863913
4.39,-6.727296171844792,-7.38121466454797,23.882190330989882,0.06512370050338724
4.4,-6.799515291361728,-7.589324552738706,23.75323479242883,0.06519788368328158
4.41,-6.885118547732056,-7.806632263294054,23.647875373977868,0.0661268586950064
4.42,-6.983659991093531,-8.0321345704493,23.567446061457726,0.06796097445937072
4.43,-7.094634376292334,-8.264694739318298,23.513243344064026,0.0707372112583769
4.44,-7.217468919895494,-8.503018236676128,23.486509032065943,0.0744755136041242
4.45,-7.351513578231565,-8.745629581188059,23.48840772642989,0.07917475607088309
4.46,-7.496030141962396,-8.990851322853326,23.51999858080817,0.08480852764345069
4.47,-7.650180518577017,-9.236786347347728,23.582201118382976,0.09132099897093411
4.48,-7.813014663095831,-9.481304917437349,23.67575505998369,0.09862322298867338
4.49,-7.983458718087746,-9.722038071820306,23.801174398903612,0.10659030528866026
4.5,-8.160304033711627,-9.956379175641514,23.958696331988477,0.11505995478123902
4.51,-8.342197851235344,-10.181495523057468,24.148226129883472,0.12383297159545983
4.5200000000000005,-8.52763654071419,-10.394351890329999,24.36927959622297,0.13267622804043847
4.53,-8.71496237331918,-10.591747783067799,24.62092540679616,0.14132862812686395
4.54,-8.902364866079143,-10.770369767965738,24.901730298518448,0.1495103715047059
4.55,-9.087887743763488,-10.926859688216252,25.20971073705293,0.1569355852391755
4.5600000000000005,-9.269442500077245,-11.057898707899072,25.54229525250506,0.16332802119245465
4.57,-9.444829389659558,-11.160306014498246,25.896301997513085,0.16843906715391604
4.58,-9.611766428434137,-11.231149666656357,26.26793614301472,0.172066830290654
4.59,-9.767926614540611,-11.267865587685021,26.65281137792595,0.17407459193238833
4.6000000000000005,-9.910983108142585,-11.268379204517581,27.045998934712436,0.1744065938275701
4.61,-10.038661543008727,-11.231222891985897,27.442106181322973,0.1730989959526543
4.62,-10.148798019719184,-11.1556414090552,27.835384924654438,0.1702840294383714
4.63,-10.239400700264584,-11.041677116437095,28.219867267691594,0.16618590113183007
4.64,-10.30871235116206,-10.89022712124521,28.589524346083138,0.16110787235875432
4.65,-10.355270739053907,-10.703065709052971,28.938440811829786,0.15541104133735778
4.66,-10.377963539241573,-10.482827493123875,29.26099585054599,0.14948654237439377
4.67,-10.37607443062979,-10.232949500054621,29.552040132193987,0.14372392505006273
4.68,-10.349317352366247,-9.957573655833436,29.80705766260523,0.13847918034443252
4.69,-10.297856486798388,-9.661414469952899,30.022302169793388,0.13404607540905863
4.7,-10.222310371407483,-9.349599723659866,30.194899416702675,0.13063407742636
4.71,-10.12373955509175,-9.027494259941175,30.322909506924734,0.12835524194168318
4.72,-10.003618301281223,-8.700518248836886,30.40534652471856,0.12722117596704363
4.73,-9.863791889558653,-8.373971411522213,30.442156316720357,0.12714979821904954
4.74,-9.706421971097063,-8.05287365315687,30.434156451614253,0.12798036119030617
4.75,-9.533923104221461,-7.741830564411289,30.382945011758608,0.1294942821492017
4.76,-9.348893980069782,-7.44492961386505,30.290786617554406,0.13143887528241524
4.7700000000000005,-9.154046928045885,-7.165669937749707,30.1604848486084,0.1335511032951771
4.78,-8.952139086871195,-6.906925803332373,29.99525004155068,0.13557889840506956
4.79,-8.745908189900932,-6.67094137846123,29.79857047106853,0.13729830205813487
4.8,-8.53801531256686,-6.459352584233727,29.574093394524724,0.13852547991831882
4.8100000000000005,-8.330996242136699,-6.27323063091548,29.32552062532036,0.13912343826357357
4.82,-8.127222428467565,-6.113141327684468,29.056521442747716,0.13900389379604383
4.83,-7.928871820078553,-5.979214325347054,28.770663944340065,0.13812517455623632
4.84,-7.73790932687573,-5.871216961940348,28.471364533523193,0.13648724536308982
4.8500000000000005,-7.556076205267396,-5.7886281815869856,28.16185417697706,0.13412498254365537
4.86,-7.38488734246627,-5.730708942335859,27.84515937135583,0.13110071575491844
4.87,-7.225635220147081,-5.696566498043322,27.524095394367603,0.12749686210280298
4.88,-7.079399249366775,-5.685210843205235,27.201269321455115,0.1234092482278736
4.89,-6.947059169216241,-5.695602391079706,26.879090396513295,0.11894148801233678
4.9,-6.829311269383225,-5.726690586218401,26.559785584142425,0.11420058293318733
4.91,-6.726686310514352,-5.777443627001014,26.245418441174273,0.10929375265118593
4.92,-6.639568157108191,-5.84686980205001,25.937909778188352,0.10432638918208038
4.93,-6.56821229005073,-5.934031146086676,25.639058902259436,0.09940095604282952
4.94,-6.512763517816852,-6.038050219885978,25.3505645173225,0.0946166171463462
4.95,-6.473272348290713,-6.158110840259969,25.074044595623583,0.09006937028760134
4.96,-6.449709611692977,-6.293453552623856,24.81105471787553,0.08585246820182535
4.97,-6.441979036422104,-6.443366571021852,24.563104511555892,0.08205692887150537
4.98,-6.449927572946596,-6.607172825591851,24.331671900340996,0.0787719601713926
4.99,-6.4733533369952,-6.7842136692418435,24.11821491897799,0.07608514807606001
5.0,-6.5120111040656745,-6.97382971494569,23.92418085386587,0.07408228030267175
5.01,-6.5656153353622235,-7.175339211457625,23.75101244745251,0.07284669780217937
5.0200000000000005,-6.633840753839508,-7.388014325607903,23.600150861526746,0.07245808566812267
5.03,-6.716320521561126,-7.611055689629188,23.473035037983657,0.07299063461449977
5.04,-6.812642099742758,-7.84356559715099,23.37109703344989,0.07451052682861244
5.05,-6.922340904396181,-8.084520295667003,23.29575284485529,0.07707272894694392
5.0600000000000005,-7.044891907153494,-8.332741929441251,23.248388196471865,0.08071711360446367
5.07,-7.179699376227437,-8.586870836468714,23.23033873666169,0.08546398278968848
5.08,-7.326085009846809,-8.845339095454388,23.24286410815237,0.09130913370489381
5.09,-7.4832747866469225,-9.106346449658373,23.287115424742662,0.09821869211780462
5.1000000000000005,-7.6503849462689075,-9.367839994954238,23.36409582730907,0.10612403799312398
5.11,-7.826407619382463,-9.627499294300813,23.474614020984,0.11491725862531711
5.12,-8.010196748170483,-9.882728846815967,23.619231030568287,0.1244476759159501
5.13,-8.200455072152645,-10.130660064264546,23.79820086606495,0.134520091488036
5.14,-8.395723093026264,-10.368165048655376,24.011406370586005,0.1448954545851539
5.15,-8.59437106509771,-10.59188447027417,24.258292222366922,0.15529465650266444
5.16,-8.794595169790568,-10.798271657993356,24.537797857021886,0.1654060623154951
5.17,-8.994419104402136,-10.98365457437006,24.848293918167332,0.17489717874079871
5.18,-9.191702324032251,-11.144316605983402,25.18752665966483,0.1834305083299338
5.19,-9.384156096889892,-11.276596023504483,25.552575408329723,0.1906831554867197
5.2,-9.569368343348446,-11.377002558905277,25.939828625044143,0.19636915748022984
5.21,-9.744837909277088,-11.442347860274888,26.344984134140617,0.20026287673462553
5.22,-9.908018464951043,-11.469884729425676,26.763078589803612,0.20222120787505127
5.23,-10.056371627508712,-11.457448200170166,27.18855010882193,0.2022019498654569
5.24,-10.187428201938356,-11.40358990998729,27.61533617718793,0.2002756023140334
5.25,-10.298855669322831,-11.307696124639943,28.03700648047342,0.1966281735713433
5.26,-10.388529289443214,-11.170079461717338,28.446927373292425,0.1915533841269056
5.2700000000000005,-10.454603512612518,-10.992035039831796,28.83845156615052,0.18543386776717022
5.28,-10.49557990514571,-10.775853562766372,29.205123639006455,0.17871246455159254
5.29,-10.510367570851868,-10.524786686463134,29.5408896091759,0.17185622020040137
5.3,-10.498332162955718,-10.242963689131887,29.840297385674543,0.1653169627689216
5.3100000000000005,-10.459330056882827,-9.93526258328115,30.098674832188326,0.1594930442643815
5.32,-10.39372507845198,-9.607142869472957,30.312273465807213,0.15469682838050094
5.33,-10.302386289482495,-9.264450597195223,30.478368454362375,0.1511317398246915
5.34,-10.186666616182348,-8.913208793959294,30.59530924330239,0.14888129634985378
5.3500000000000005,-10.048363429376009,-8.559407329105463,30.662519376336842,0.14791079085449033
5.36,-9.889663406579716,-8.208805788159603,30.68044831966605,0.14808051861278887
5.37,-9.713074995832383,-7.866761071608139,30.65048182019085,0.14916798075378462
5.38,-9.521352465803309,-7.538088521013009,30.574820096775856,0.1508955756248359
5.39,-9.317415818226996,-7.226961864698725,30.4563347302975,0.15296001398651657
5.4,-9.10427075918702,-6.9368536513613925,30.298415434248042,0.15506001969255173
5.41,-8.884932521580193,-6.67051454082935,30.104817088278878,0.15691965204186314
5.42,-8.662356680839824,-6.429987172318718,29.879515770905037,0.15830559964925256
5.43,-8.439379304913997,-6.216648513000599,29.626580370221422,0.159037837497542
5.44,-8.21866792391597,-6.031273640871527,29.35006401974121,0.1589939399888735
5.45,-8.002683979526797,-5.874113755088015,29.05391738699112,0.15810799971912187
5.46,-7.7936566840025066,-5.744981675049787,28.74192394119875,0.1563654786351721
5.47,-7.593567625020842,-5.643338991614082,28.417655859347025,0.15379543491365627
5.48,-7.404145014366725,-5.568380175397466,28.084448231234706,0.1504614805313541
5.49,-7.22686619518607,-5.519110159836653,27.745388664819608,0.14645260122592893
5.5,-7.062966879708626,-5.494413072210319,27.40331920309023,0.14187468087623845
5.51,-6.913455563709664,-5.493110799442098,27.06084755367902,0.1368432725443776
5.5200000000000005,-6.779131628431864,-5.51401090234895,26.720364910795332,0.1314778878814493
5.53,-6.660605768036762,-5.55594401921256,26.384068033563906,0.1258978576383316
5.54,-6.558321546250139,-5.617791337008083,26.053983668905836,0.1202196566649998
5.55,-6.472577069082416,-5.698502980139229,25.73199382176816,0.11455548471220765
5.5600000000000005,-6.403545945321207,-5.797108302623833,25.419860748607036,0.10901284096206028
5.57,-6.351296881419142,-5.912719102296466,25.11925086347609,0.10369481404718517
5.58,-6.315811415004388,-6.044526734714938,24.831756992590797,0.09870081858278874
5.59,-6.29699942747739,-6.191794016241566,24.558918593092585,0.09412753343103968
5.6000000000000005,-6.294712189639147,-6.353842691916527,24.30223966989624,0.09006982767637363
5.61,-6.308752785621405,-6.530037121595992,24.06320418846223,0.08662149166357266
5.62,-6.338883831559785,-6.719764720949499,23.84328879957054,0.08387561882892745
5.63,-6.384832459416678,-6.922413592834141,23.6439726732232,0.08192450790583106
5.64,-6.4462925766793475,-7.137347707595227,23.466744190846423,0.08085897462229649
5.65,-6.522924443261027,-7.363879944775166,23.313104175794084,0.08076697886333956
5.66,-6.614351631972153,-7.601243299368796,23.184565259456253,0.08173149021742314
5.67,-6.720155462684767,-7.848560588337522,23.082646892110652,0.08382753552209575
5.68,-6.839867027126118,-8.10481307222402,23.00886542307764,0.08711840076651961
5.69,-6.972956955441437,-8.368808536245531,22.96471860447964,0.09165100112717983
5.7,-7.118823121488472,-8.639149557668741,22.95166383001062,0.09745049153305443
5.71,-7.2767765452251725,-8.914202921713182,22.97108942045753,0.10451426975094322
5.72,-7.446025830950963,-9.192071433063475,23.02427833017517,0.11280562663750932
5.73,-7.625660582060243,-9.470569695084007,23.112363794923102,0.12224742306466739
5.74,-7.814634357392827,-9.747205777086256,23.236276694742976,0.13271631473727422
5.75,-8.011747880073207,-10.019171034572963,23.396684788824484,0.14403819315095567
5.76,-8.215633372752151,-10.28334064935342,23.593924511769373,0.1559856440658725
5.7700000000000005,-8.424741065293212,-10.53628766371074,23.827926712916412,0.1682783164399882
5.78,-8.637329089265721,-10.774313330649822,24.09813856815285,0.180587109412348
5.79,-8.85145811976326,-10.99349641633638,24.403444870402605,0.19254298272260773
5.8,-9.064992225176452,-11.18976359398674,24.742092954555115,0.2037509387176321
5.8100000000000005,-9.275607410949723,-11.358982191809119,25.11162654312765,0.21380928523608106
5.82,-9.480809262572878,-11.497075256199354,25.508834680707608,0.22233366587442183
5.83,-9.677960875274886,-11.60015716344427,25.92972249489615,0.22898457285360307
5.84,-9.864321877940503,-11.664685920070713,26.369510595686585,0.2334962214171319
5.8500000000000005,-10.037098803494361,-11.68762597483697,26.82266932490133,0.2357038969272965
5.86,-10.193506333109232,-11.666613052132947,27.28299265262392,0.23556635840234652
5.87,-10.330838077875944,-11.600110513029719,27.7437142294743,0.23317977647693897
5.88,-10.446544618616462,-11.487545410047517,28.197665004634892,0.22878014612998232
5.89,-10.53831559018597,-11.32941207413323,28.63746812265999,0.222732204866544
5.9,-10.604161780637869,-11.127332032653968,29.055762885094474,0.21550453448161175
5.91,-10.642492636895872,-10.884061432276702,29.44544589875487,0.20763250920637435
5.92,-10.652184336962083,-10.603440847667066,29.799914682245166,0.19967272874870867
5.93,-10.6326337842922,-10.290287076027637,30.11329747798575,0.19215413640326712
5.94,-10.583794533999923,-9.95023171296063,30.380653183465753,0.18553180566591787
5.95,-10.50619174269414,-9.58951630076943,30.598127296916267,0.18014916369602155
5.96,-10.40091465007639,-9.214757936950123,30.763053402661622,0.17621320370561344
5.97,-10.269586703767043,-8.832701840687855,30.873994553741348,0.1737852487517727
5.98,-10.114315050432825,-8.449978140486154,30.930724292835706,0.17278747065567934
5.99,-9.937622554506305,-8.072879007814244,30.934152253765795,0.1730231142994934
6.0,-9.742366615567768,-7.707169464228695,30.88620362936301,0.1742066511289201
6.01,-9.531649732144125,-7.357941218678519,30.789664781351444,0.17599915557093465
6.0200000000000005,-9.308726962214424,-7.029514366803581,30.648008662461756,0.1780441331253974
6.03,-9.07691518225654,-6.72538733294392,30.465213547292787,0.1799997097346957
6.04,-8.839508423797312,-6.448231585357863,30.245587079865565,0.18156427030204322
6.05,-8.599702680600071,-6.199924759820158,29.993605241898255,0.18249401307628016
6.0600000000000005,-8.360532555803234,-5.981614041851174,29.713772978626963,0.18261219561815406
6.07,-8.124821075333799,-5.793800957279031,29.4105103092656,0.18181089361630876
6.08,-7.895143029805441,-5.636438942985139,29.088065127725596,0.180046778534199
6.09,-7.673801390987531,-5.509035975320315,28.750451778891936,0.17733273513092265
6.1000000000000005,-7.462815719106499,-5.410755861511448,28.401412971474667,0.17372714068018036
6.11,-7.263921044246347,-5.3405133090324375,28.04440165671698,0.16932240378277902
6.12,-7.078575457754322,-5.2970593864313855,27.682579090636057,0.1642340089321736
6.13,-6.907974562117318,-5.279055341651891,27.318825295584592,0.15859091867282518
6.140000000000001,-6.753070966941805,-5.285133872223545,26.95575842275225,0.15252781176066155
6.15,-6.614597149243174,-5.313947815061143,26.59575997629642,0.1461793224202958
6.16,-6.493090185245602,-5.364206846246423,26.24100339646073,0.13967621019282633
6.17,-6.388917080047784,-5.434703179722435,25.893484041179185,0.13314323316578697
6.18,-6.302299648423996,-5.524327466589586,25.55504910449705,0.12669841017905406
6.19,-6.23333811830238,-5.632076165449275,25.227426437151042,0.12045332513213128
6.2,-6.182032827172632,-5.757051618930776,24.91225157715917,0.11451413258958151
6.21,-6.148303554522663,-5.898455967216324,24.611092554801818,0.1089829535070937
6.22,-6.132006177732165,-6.055579884997435,24.325472212548103,0.10395939073806303
6.23,-6.132946454712448,-6.227786966676425,24.056887885719824,0.09954193687849533
6.24,-6.150890825925864,-6.414494423170921,23.80682833485909,0.09582908597298542
6.25,-6.1855741944438325,-6.6151506054093865,23.57678781668185,0.09291999244877719
6.26,-6.236704689378483,-6.829209744308396,23.36827713710872,0.09091454451416364
6.2700000000000005,-6.303965449758692,-7.056104202314944,23.182831456030474,0.08991273616715348
6.28,-6.387013487363914,-7.295214473832276,23.02201451715363,0.09001323440873264
6.29,-6.485475702955562,-7.545837156795422,22.88741886504092,0.09131104993300795
6.3,-6.598942145617118,-7.807151150930026,22.780661493171863,0.09389423514232617
6.3100000000000005,-6.726956624460973,-8.07818242537592,22.703374250509118,0.09783955826384548
6.32,-6.869004810762497,-8.357767844662044,22.65718823074806,0.1032071426193411
6.33,-7.024500011609792,-8.644518751819122,22.643711292216803,0.11003412185170208
6.34,-7.192766858231318,-8.936785282962163,22.664497825126254,0.11832745072527039
6.3500000000000005,-7.373023237691104,-9.232622727432844,22.721009918661853,0.12805613096405447
6.36,-7.564360909192567,-9.529761643961793,22.81456920961398,0.13914326327886575
6.37,-7.765725387908203,-9.825583879819664,22.946298946558073,0.15145851586468334
6.38,-7.975895849831775,-10.117107088088737,23.11705620992166,0.16481179422811934
6.390000000000001,-8.193466007013466,-10.400980754447186,23.327354816935113,0.17894908525649658
6.4,-8.416827115440544,-10.67349706830021,23.577280231410015,0.19355159631628466
6.41,-8.644154493637295,-10.930620124945662,23.8663987952039,0.20823937256998787
6.42,-8.873399127724001,-11.16803683172579,24.193664778807463,0.22258049871527244
6.43,-9.102286089732294,-11.381232409781605,24.557330053923224,0.2361067198322694
6.44,-9.328321565079532,-11.565592437206591,24.954862516501404,0.24833580615142387
6.45,-9.548810232075075,-11.716531896975402,25.382880578602553,0.2588002231733133
6.46,-9.760884520152327,-11.829649651995169,25.837111897294637,0.2670806848949765
6.47,-9.961546858548623,-11.900904226135923,26.312384780307454,0.2728420624436813
6.48,-10.147725391309201,-11.926803883500549,26.802660158894188,0.2758680636972476
6.49,-10.316342778582522,-11.904601044962511,27.301110446732096,0.2760903220184209
6.5,-10.464396660745082,-11.832478447991587,27.80024890552458,0.27360728792968986
6.51,-10.58904920123862,-11.709712604796472,28.292109364315017,0.2686888226143033
6.5200000000000005,-10.6877219546884,-11.536799514202212,28.768471540901135,0.2617637502886998
6.53,-10.758191268439399,-11.31552861762621,29.22112225255522,0.2533897617745356
6.54,-10.798678672424566,-11.048993852136881,29.6421381191473,0.24420768626305453
6.55,-10.807930389376462,-10.741535258710638,30.024171683674776,0.23488478992637848
6.5600000000000005,-10.78528031254949,-10.398610544896533,30.360720889133667,0.22605385576863396
6.57,-10.73069159531778,-10.026602575881356,30.64636204906902,0.2182558391251731
6.58,-10.644773338766267,-9.63257508038239,30.876929000195062,0.21189357208320891
6.59,-10.528770627582132,-9.223993981057054,31.049625802257545,0.2072023123476332
6.6000000000000005,-10.384528158599746,-8.808434922561991,31.163066547291553,0.2042402293162775
6.61,-10.214429697005881,-8.39329832156363,31.217242680668857,0.20289876745495672
6.62,-10.021317347847615,-7.985551559807355,31.213424744978013,0.20292988494981937
6.63,-9.808395948920483,-7.591514149245863,31.154010756487217,0.20398500188453306
6.640000000000001,-9.579128648796466,-7.216696495755731,31.042336894878254,0.20565944403675485
6.65,-9.337129889694177,-6.86569711066225,30.882467566423387,0.20753628520250378
6.66,-9.086061612063016,-6.542157586908592,30.678981285938168,0.2092245653355293
6.67,-8.829537646198554,-6.248770028098158,30.43676660110678,0.21038852468069946
6.68,-8.571040106609384,-5.987328304135258,30.160839013371742,0.21076633318407617
6.69,-8.313850319494756,-5.7588126476867245,29.85618613364877,0.2101784565389838
6.7,-8.060995541063372,-5.563496608550174,29.527644682119174,0.20852705291692425
6.71,-7.815211581584627,-5.401065993121251,29.17980979471437,0.20578854220641296
6.72,-7.578920514122591,-5.270740797739113,28.81697466554182,0.20200175349062988
6.73,-7.354221954797404,-5.171392954193761,28.44309691092116,0.19725393440406763
6.74,-7.142895955706102,-5.101654643967557,28.06178714268626,0.19166652955884883
6.75,-6.946415329547524,-5.060013778503687,27.676314964172086,0.18538213466890816
6.76,-6.765965188277792,-5.044894839756965,27.289627793932706,0.17855351483879328
6.7700000000000005,-6.60246758186183,-5.054724555003021,26.9043784186375,0.17133511289821435
6.78,-6.45660932265392,-5.08798282602198,26.52295783532171,0.1638771066028127
6.79,-6.328871336143193,-5.143239968127604,26.147530651659686,0.15632181462587272
6.8,-6.219558156928472,-5.21918168438439,25.780070991383752,0.1488020940923652
6.8100000000000005,-6.12882646500276,-5.314623359324889,25.422397450708587,0.14144129951067436
6.82,-6.0567118145106615,-5.42851525917662,25.076206145501715,0.13435436247306348
6.83,-6.003152934474652,-5.559940121155366,24.743101270841613,0.1276495817487364
6.84,-5.968013173253927,-5.70810444376445,24.424622869246356,0.12143076563637939
6.8500000000000005,-5.9510988143714165,-5.872324585523314,24.122271682671602,0.11579942810051658
6.86,-5.952174112289166,-6.052008565368345,23.83753106067322,0.11085679709377383
6.87,-5.9709729860295635,-6.246634251675505,23.57188592749526,0.10670544135657431
6.88,-6.007207370626844,-6.455724440899495,23.326838787628922,0.10345035799410801
6.890000000000001,-6.06057226622977,-6.678819170114779,23.103922684026635,0.1011993869673673
6.9,-6.1307475475017155,-6.9154454870247095,22.904710925107704,0.10006283199457265
6.91,-6.2173966071033275,-7.165084821997217,22.7308232738325,0.10015217346077114
6.92,-6.320161911844811,-7.427138074949197,22.58392815143255,0.10157776223080969
6.93,-6.438657553945074,-7.700888551403214,22.465740256872607,0.10444538928839342
6.94,-6.572458888205343,-7.985462963391959,22.378012848897054,0.10885164141092782
6.95,-6.721089364402768,-8.279790859207703,22.322523790975918,0.11487798504910927
6.96,-6.884004698588939,-8.582563068313096,22.301054334540076,0.12258357724171684
6.97,-7.060574583065117,-8.892190049816906,22.31535953122091,0.13199689183055888
6.98,-7.250062218288569,-9.206761417440628,22.36712914471804,0.143106378499036
6.99,-7.451602065990432,-9.524008377795894,22.45793800793837,0.1558505455596261
7.0,-7.6641763753078065,-9.841271349824428,22.589184977564322,0.1701080740769153
7.01,-7.8865912245549445,-10.155475605878832,22.762020016771924,0.1856888215514818
7.0200000000000005,-8.117453048755806,-10.463118345803258,22.97725952852837,0.20232683670645846
7.03,-8.355146880606375,-10.760271119241091,23.23529090223281,0.2196767462576517
7.04,-8.597817806746447,-11.042601858454924,23.535968346139196,0.2373150360687147
7.05,-8.843357410260912,-11.305420860451664,23.878503450825683,0.25474776321256387
7.0600000000000005,-9.089397202669245,-11.543754731337293,24.261355517487146,0.27142602367140767
7.07,-9.333311202852503,-11.752451440972711,24.682128385661432,0.2867699893375717
7.08,-9.572229846543651,-11.926318113155777,25.137482137474887,0.30020147134950226
7.09,-9.803067253821748,-12.060290925918197,25.62306939841637,0.31118377342323456
7.1000000000000005,-10.02256349160446,-12.149633535823142,26.13350669732172,0.31926616097048593
7.11,-10.227342803978566,-12.190156913370119,26.662391161261837,0.32412878391846184
7.12,-10.413987830702245,-12.178449682814012,27.202371399755247,0.3256226464093908
7.13,-10.57912861641772,-12.112104458401976,27.74527857095757,0.3237985689814234
7.140000000000001,-10.719543801286543,-11.989922848674457,28.282319295523973,0.3189193767659976
7.15,-10.832269901683134,-11.812080401452544,28.804326521717954,0.3114509874851319
7.16,-10.914713207983809,-11.580233356713485,29.302058170337876,0.3020306526651747
7.17,-10.964757745156026,-11.297552021746716,29.76652719126142,0.2914140120874106
7.18,-10.980862159735494,-10.968670892106095,30.189341505251324,0.2804062531229341
7.19,-10.962138474122492,-10.599552888042908,30.563029144341087,0.26978574335951655
7.2,-10.908406469329591,-10.19727340693253,30.88132348928976,0.26023026717685305
7.21,-10.820218998352967,-9.769738144945809,31.139386171923306,0.25225593376809513
7.22,-10.698855657021834,-9.325355556716355,31.333950769298315,0.2461768509884032
7.23,-10.546284709497941,-8.872689307000188,31.46337813429817,0.24209017182630083
7.24,-10.365095680235209,-8.42011743692479,31.527622945092435,0.2398868938006282
7.25,-10.158407271412269,-7.975523088585608,31.5281195025436,0.23928475909549374
7.26,-9.929756978099496,-7.546036944588331,31.46760175115546,0.23987658986450963
7.2700000000000005,-9.68297977645692,-7.137844931512496,31.34987707869026,0.24118590283791455
7.28,-9.422083491252762,-6.756067328877669,31.17957527952744,0.24272176887237856
7.29,-9.151127959925963,-6.404708326706562,30.961893265321887,0.2440263302736801
7.3,-8.874114044564035,-6.086669174419441,30.70235319558927,0.24471064011189417
7.3100000000000005,-8.59488709874691,-5.803813906673533,30.40658743897434,0.24447696181583523
7.32,-8.317057886320036,-5.557074390986511,30.080158974154834,0.24312787268408514
7.33,-8.043942367046524,-5.346580972440482,29.728421207729696,0.24056413821457073
7.34,-7.778520359469467,-5.171805931992986,29.35641723877079,0.2367742487566187
7.3500000000000005,-7.523411959670111,-5.0317088670419485,28.96881562108297,0.23181878208315296
7.36,-7.280869777931204,-4.92487548705035,28.569877740469735,0.225812523382228
7.37,-7.052784550929546,-4.84964380462352,28.163450952924734,0.2189067257106058
7.38,-6.840701460505906,-4.804214009715569,27.752981441625877,0.2112732076243702
7.390000000000001,-6.645844488477848,-4.786740268274341,27.341541127466943,0.2030913006309817
7.4,-6.46914630090529,-4.795404209613615,26.93186369530672,0.19453806856131964
7.41,-6.311281427270341,-4.828470954751778,26.526385693131342,0.18578176913299732
7.42,-6.1727008302913875,-4.884329233569889,26.12728958461283,0.17697822402431593
7.43,-6.053666310816587,-4.961517509243621,25.736546492907884,0.16826959310427955
7.44,-5.954283530363133,-5.058738148951393,25.35595711041988,0.1597849839893847
7.45,-5.8745327421101585,-5.17486162174469,24.98718984205252,0.15164233893124907
7.46,-5.814296588428155,-5.308922529325559,24.631815696309705,0.14395109817488283
7.47,-5.773384544589867,-5.4601090327855575,24.291339750917647,0.13681521832391824
7.48,-5.751553763978376,-5.62774696550507,23.96722921572907,0.13033620794428236
7.49,-5.748526212755719,-5.811279646175798,23.660938215857115,0.12461591859660831
7.5,-5.764002076296127,-6.010244144594332,23.373929441672455,0.11975889076994375
7.51,-5.797669481411704,-6.224244518542875,23.107692776276792,0.11587409787173514
7.5200000000000005,-5.849210613584479,-6.452922340624609,22.86376092890486,0.11307595756372799
7.53,-5.918304323192256,-6.6959246748767205,22.643721984820722,0.11148449049942477
7.54,-6.004625315088559,-6.952869548932687,22.44922863648477,0.11122450563376028
7.55,-6.107840007747209,-7.2233089032193645,22.28200369317547,0.11242368367058496
7.5600000000000005,-6.227599137324877,-7.506688989905153,22.143841282325152,0.11520942193087955
7.57,-6.363527174306857,-7.802308248262955,22.036602961678373,0.11970430216893002
7.58,-6.515208621961058,-8.10927280852926,21.962207765166507,0.12602005610122458
7.59,-6.682171283029218,-8.426449983190315,21.922615018880478,0.13424994138169874
7.6000000000000005,-6.863866620692187,-8.75242040315513,21.919798603720455,0.14445951420646838
7.61,-7.059647408898868,-9.085429855339873,21.95571123204854,0.15667590466429782
7.62,-7.268742972691027,-9.423342382638507,22.032237278985725,0.17087587710667337
7.63,-7.490232467684722,-9.763596814204117,22.151132805785675,0.18697319614264277
7.640000000000001,-7.723016844418583,-10.103169587884992,22.313951682314666,0.20480611781151514
7.65,-7.965790390078698,-10.438547473434463,22.5219572134221,0.2241261711436284
7.66,-8.217013034768906,-10.765714545581428,22.776019456050197,0.2445897559341942
7.67,-8.474884942763321,-11.080158400081627,23.076499528282373,0.2657544035300431
7.68,-8.737325262448595,-11.376901028782658,23.42312368459401,0.28708174880679627
7.69,-9.001957251588205,-11.650559813577205,23.814851750449705,0.3079492408194944
7.7,-9.26610228335667,-11.895443582032334,24.249746600987493,0.3276722633973963
7.71,-9.526785416020779,-12.105687404392333,24.724853578737285,0.34553754389254987
7.72,-9.780755206925665,-12.275427648563587,25.236100823878264,0.36084744436484223
7.73,-10.024520196541266,-12.39901567131078,25.77823308942952,0.3729729913749836
7.74,-10.254403913563129,-12.471264469831263,26.344792308303198,0.38141147680506443
7.75,-10.466619311091002,-12.487717896612915,26.928157519712244,0.3858424749225417
7.76,-10.657362229112108,-12.444927124091793,27.519654359711573,0.3861746277285145
7.7700000000000005,-10.822921838734416,-12.340714624232538,28.109739957639633,0.3825750690857575
7.78,-10.959804176905068,-12.17440284495302,28.688262830909125,0.37547433246948847
7.79,-11.064863016047608,-11.94698388345111,29.244789692392242,0.3655422207327219
7.8,-11.13543067802839,-11.66120846887059,29.768982844322142,0.35363422185055005
7.8100000000000005,-11.169440268595931,-11.32157778517164,30.251004231089876,0.3407129914796003
7.82,-11.165530427375094,-10.934229847246494,30.681916606820383,0.3277541775340852
7.83,-11.123124233019585,-10.506722423480731,31.054049855265994,0.31564928287230865
7.84,-11.042475420276089,-10.047725470212358,31.361302054277434,0.3051193977564239
7.8500000000000005,-10.92467744745499,-9.566646005248117,31.59935049913845,0.29665205388676774
7.86,-10.771633939197148,-9.073215655308367,31.7657569075427,0.2904694271978379
7.87,-10.585992247119831,-8.577074555876983,31.85996206920931,0.28653056915702335
7.88,-10.371044899921014,-8.087384366068791,31.883176528544272,0.2845645773276604
7.890000000000001,-10.130606167189066,-7.612498207314441,31.838183747196698,0.28412691234379045
7.9,-9.868872553348703,-7.15970737572948,31.729079204400673,0.2846683363320992
7.91,-9.590276634820915,-6.7350751847087516,31.560972309516526,0.2856055027458734
7.92,-9.299343279337124,-6.343358824344353,31.339677792386357,0.28638379527282976
7.930000000000001,-9.0005561028157,-5.988011998664719,31.07141999231177,0.28652590719677573
7.94,-8.698240277274925,-5.671255188619798,30.76256817321098,0.2856630341313583
7.95,-8.396465787224082,-5.394197030135028,30.41941476972231,0.28354867534666606
7.96,-8.09897320803896,-5.156989363863882,30.04800233117533,0.28005740059307144
7.97,-7.809122259327387,-4.95899954686201,29.65399963192911,0.275172330711305
7.98,-7.529861907514304,-4.798985993427998,29.242623391037892,0.2689655417215373
7.99,-7.263719719015457,-4.675265996846035,28.81859942334476,0.2615753351897784
8.0,-7.012807499828467,-4.585868132223253,28.38615572819984,0.25318358996733314
8.01,-6.778839955543562,-4.5286645559855945,27.949039769047015,0.24399547946480948
8.02,-6.563163098038986,-4.5014810591067915,27.510552706454565,0.23422290692526965
8.03,-6.366789332394456,-4.502184694405524,27.073594323234307,0.2240722096767706
8.040000000000001,-6.190436503561246,-4.52875018075078,26.640713572199918,0.21373607575670953
8.05,-6.03456860123426,-4.579307151030451,26.214160896203243,0.2033892142217221
8.06,-5.899436261333801,-4.652170751070186,25.79593959134321,0.19318710183228616
8.07,-5.78511562620171,-4.745858216695399,25.387854437858383,0.18326705451413822
8.08,-5.691544508875053,-4.859093952333732,24.991556581766908,0.17375089836735916
8.09,-5.618555136252715,-4.990805388559905,24.608584215372648,0.1647486017398806
8.1,-5.565903016436528,-5.140111571703835,24.240398995144165,0.1563623442199026
8.11,-5.533291687565697,-5.306306082927056,23.88841837818551,0.14869061630905941
8.120000000000001,-5.520393263302993,-5.488835529248935,23.55404418235413,0.14183204926650123
8.13,-5.5268648000884815,-5.687274515622858,23.23868770669719,0.13588875930647223
8.14,-5.552360580614115,-5.901297707763467,22.94379171071238,0.13096905036201784
8.15,-5.596540444160164,-6.13064933697297,22.670849460482632,0.12718935504172857
8.16,-5.659074304726351,-6.37511028455775,22.421420919679253,0.1246753066733867
8.17,-5.73964298914447,-6.634462717189977,22.197146002371046,0.1235618304725315
8.18,-5.837935506031241,-6.908452128613107,21.999754618040708,0.12399212399765647
8.19,-5.9536428287016765,-7.196746581616845,21.83107303086768,0.1261153722028847
8.2,-6.0864482470961185,-7.498892943549374,21.693025828395267,0.13008301770244593
8.21,-6.236014321608054,-7.814269977735007,21.587632553439832,0.13604339084976955
8.22,-6.401966462055164,-8.142038303690292,21.51699780461114,0.14413450721341195
8.23,-6.583873165132563,-8.481087485000927,21.483293366941645,0.15447487434231946
8.24,-6.781222981466662,-8.82998086046364,21.488730713616466,0.16715222963776413
8.25,-6.993398357482844,-9.186899216266069,21.53552205053625,0.1822102721655309
8.26,-7.219646616758594,-9.549585015330113,21.625827996516023,0.19963366822195328
8.27,-7.459048519191756,-9.915289656566848,21.76169005505217,0.21933191441390187
8.28,-7.710485071688902,-10.280727118576772,21.944946303225755,0.24112303497860998
8.290000000000001,-7.972603565664406,-10.642038312759224,22.17712927428826,0.2647185581839211
8.3,-8.243784183516889,-10.994771460566445,22.459345921938386,0.28971172175612225
8.31,-8.522108939024141,-11.333884707457422,22.79214089841936,0.31557132866079945
8.32,-8.80533517386097,-11.653777832031452,23.175346202842874,0.34164400357250424
8.33,-9.090876287193828,-11.94836009377338,23.607922558888564,0.36716764235509847
8.34,-9.37579277215088,-12.21116073904275,24.0878005813985,0.3912984357284145
8.35,-9.656796897330986,-12.43548719241962,24.611732698158008,0.41315282870681
8.36,-9.930274412394883,-12.614633273772565,25.17516958002696,0.4318640566805097
8.370000000000001,-10.192326374690802,-12.742135776686304,25.772177031750964,0.44665051353758145
8.38,-10.438833495220784,-12.812072481002529,26.395410323845166,0.4568903878784393
8.39,-10.665544220289341,-12.81938847545415,27.036162175118527,0.4621942130182455
8.4,-10.868186085522513,-12.760231178696495,27.684497475534062,0.4624648854964239
8.41,-11.04259776534072,-12.632268625454651,28.32948206125886,0.45793407871050884
8.42,-11.18487685395534,-12.43496160610162,28.95950452538728,0.4491654620601916
8.43,-11.29153601387602,-12.169759312898456,29.562679828227218,0.43701900504763447
8.44,-11.35965805442471,-11.840191195048401,30.127312604777302,0.4225765702255877
8.45,-11.387039127486355,-11.451835129008668,30.64238826219412,0.40703596336995385
8.46,-11.372308884305658,-11.012153327617401,31.098053095373764,0.39158706570816376
8.47,-11.315017341910169,-10.5302013072804,31.486042352376597,0.37728793646722086
8.48,-11.21568039180349,-10.016229639962035,31.800018386233873,0.3649595555590943
8.49,-11.075779158219246,-9.481210732261086,32.0357896463411,0.3551147563533665
8.5,-10.897712384455085,-8.936331299714798,32.1913940963228,0.34793053402214946
8.51,-10.684705160071745,-8.392494083071261,32.26704561240123,0.343264869354728
8.52,-10.440681028835888,-7.859869322683409,32.26495651475412,0.3407114562333295
8.53,-10.170107343597097,-7.3475283632070525,32.18906127729784,0.33968002563971156
8.540000000000001,-9.877825336016578,-6.8631802120621925,32.04467399527327,0.33948736364051935
8.55,-9.56887664178294,-6.413019082833991,31.838114696384512,0.3394447387916779
8.56,-9.248337077453055,-6.001679012267607,31.576337395966892,0.33893058914154106
8.57,-8.921166582506963,-5.632282146698047,31.266587031059434,0.33744181289651753
8.58,-8.592081790386041,-5.306561126508072,30.916104577424935,0.3346216516305615
8.59,-8.265455057648683,-5.025033292016425,30.531891290512277,0.3302660131688011
8.6,-7.945241289951026,-4.787204740866157,30.120535369646536,0.32431264154004025
8.61,-7.634931793362192,-4.591784786526869,29.688098240147003,0.3168187113916116
8.620000000000001,-7.337532780131708,-4.436895193362901,29.240053437073417,0.30793241753967676
8.63,-7.055565104000846,-4.320262869293832,28.781268731430355,0.29786331621080153
8.64,-6.791081252738946,-4.239388846082873,28.316021383604802,0.28685494559424407
8.65,-6.545695500099158,-4.191689960321252,27.84803683287971,0.27516193786210674
8.66,-6.320623310655753,-4.174612465523171,27.380542310241395,0.26303265771309114
8.67,-6.116726493146904,-4.185718820615423,26.9163284195779,0.25069748354485755
8.68,-5.934561117338491,-4.222750183034156,26.457813380802566,0.23836222131818313
8.69,-5.774425771112742,-4.283667812952367,26.007106171792575,0.22620578572323918
8.700000000000001,-5.636408283914532,-4.3666768143109715,25.5660661320692,0.21438114554803708
8.71,-5.520429544141049,-4.470235536606998,25.136357652777686,0.2030185473413024
8.72,-5.426283471444243,-4.593053656310942,24.719499372766865,0.19223014408693348
8.73,-5.353672561999843,-4.734081540080855,24.316907854616893,0.18211531461465716
8.74,-5.3022387056260385,-4.892493030133781,23.9299360656557,0.17276612862965487
8.75,-5.2715891834958954,-5.067663330032785,23.55990717898677,0.16427256761301057
8.76,-5.261317902263726,-5.259143234486428,23.208144277151295,0.1567272397422847
8.77,-5.2710220141262845,-5.466630554866387,22.875996519034302,0.1502294214384549
8.78,-5.3003141222061325,-5.689939250063038,22.56486224448806,0.1448883184702139
8.790000000000001,-5.348830285717574,-5.928966482117538,22.276209359180367,0.14082546831686668
8.8,-5.416234027904853,-6.183657577571363,22.011593176300938,0.1381762070976407
8.81,-5.502216519141714,-6.453968688107256,21.772671698729386,0.13709010412430828
8.82,-5.60649306455285,-6.739826808437376,21.56121810804236,0.13773023085486072
8.83,-5.728795976288551,-7.0410867284639895,21.37912998593879,0.14027108510653372
8.84,-5.868863861217092,-7.3574844766352365,21.228434529120133,0.14489494315217125
8.85,-6.0264273115471685,-7.6885868621233815,21.111288731103155,0.15178637066466505
8.86,-6.201190955563561,-8.033736859138148,21.02997319741789,0.16112459960229605
8.870000000000001,-6.392811815964392,-8.391994815650566,20.986877942797527,0.17307348629984884
8.88,-6.600873943120865,-8.762075832745888,20.98447820669706,0.18776882398348957
8.89,-6.824859350152307,-9.142284173140444,21.025298043962497,0.20530291165881517
8.9,-7.06411538744864,-9.5304462400148,21.111859241885906,0.22570650369599696
8.91,-7.317818868337717,-9.923844535585697,21.246613041350475,0.24892860197121142
8.92,-7.584937506835636,-10.31915606397818,21.43185227528779,0.27481501955288545
8.93,-7.864189562581885,-10.712399861741877,21.66960197769918,0.30308724019786715
8.94,-8.154003012063075,-11.098899661248817,21.96148737048745,0.33332379218296393
8.950000000000001,-8.452476075370582,-11.473269005017658,22.30857951596915,0.36494707764976175
8.96,-8.757341506940168,-11.82942725548869,22.71122092666097,0.39721922512297847
8.97,-9.065937671154526,-12.160655634557362,23.168836101250644,0.4292508788137053
8.98,-9.375190009646063,-12.459702360383117,23.679735270958062,0.46002666855139024
8.99,-9.681606979631866,-12.718944759563954,24.240923424981304,0.48845016580052814
9.0,-9.98129478780646,-12.930613559534239,24.847930590075247,0.5134092180572937
9.01,-10.269995128330546,-13.08708013644947,25.494682812976254,0.5338596017295014
9.02,-10.543149518001114,-13.181201237400925,26.17343558243751,0.5489211302211907
9.03,-10.79599258988919,-13.206707871410686,26.87479164794061,0.5579762288948501
9.040000000000001,-11.023674797974692,-13.158616367790355,27.587822479488803,0.5607574285772072
9.05,-11.22141243430126,-13.033631208877837,28.30030634066592,0.5574083636842136
9.06,-11.384659830852517,-12.830502734317337,28.999085992906544,0.5485037886566742
9.07,-11.50929541977022,-12.550299931067066,29.670536035714886,0.5350185174313387
9.08,-11.591810396388214,-12.196560794690885,30.301115305213393,0.5182428816961104
9.09,-11.629486582646965,-11.77529101419962,30.877965863873328,0.499652067806271
9.1,-11.620549216956155,-11.294795729137938,31.389509589453134,0.4807463600024751
9.11,-11.564281158288063,-10.765347254794847,31.825988698768896,0.462886313265378
9.120000000000001,-11.461087501329823,-10.198711218263027,32.17989934098786,0.4471490470458675
9.13,-11.312503660514361,-9.607571094233817,32.44627785862488,0.434228265693603
9.14,-11.121145093586096,-9.004903419978895,32.622815995616925,0.4243920099344489
9.15,-10.89060227911369,-8.403360726238132,32.709801394047616,0.41750075143488113
9.16,-10.625289540810545,-7.814715736712827,32.709899605572694,0.4130772318142401
9.17,-10.330260120804258,-7.249409674950016,32.627810149947166,0.41041114003866663
9.18,-10.011002074705695,-6.716231968836563,32.46983944466815,0.40867795197607387
9.19,-9.67322993655596,-6.2221413521222555,32.24343671459349,0.40705220949658033
9.200000000000001,-9.322685835154386,-5.772222327428726,31.956735761885312,0.4048001201841846
9.21,-8.964961227466807,-5.3697584342030655,31.618137364120866,0.4013428432669746
9.22,-8.60534716900477,-5.016395937079639,31.23595626802713,0.3962883835785233
9.23,-8.248717593792295,-4.712368511742567,30.818145438297734,0.3894352903262641
9.24,-7.899446872392367,-4.456754521660247,30.372100134926857,0.38075467233917065
9.25,-7.561360262432611,-4.247742352956129,29.90453659368526,0.370358349772164
9.26,-7.23771391849893,-4.082884706453354,29.421434968794593,0.3584606505526298
9.27,-6.93119991118908,-3.959328598464262,28.92803362894268,0.34534000776571305
9.28,-6.643971146142107,-3.8740132626249197,28.42886140915787,0.33130469685036806
9.290000000000001,-6.37768104461218,-3.823832677874791,27.92779540369406,0.3166652208780011
9.3,-6.133533198991088,-3.8057628700023396,27.428133739146134,0.30171429458459587
9.31,-5.9123368068845465,-3.816956458116624,26.932674990701788,0.28671422506364025
9.32,-5.714564394860279,-3.854808285311529,26.44379813141018,0.27189075501599286
9.33,-5.54040907515962,-3.9169965858889886,25.96353890362567,0.25743206800445745
9.34,-5.389839271521824,-4.001504209052718,25.49366015603588,0.24349156662874835
9.35,-5.26264946492423,-4.1066241278562,25.035714965173792,0.230193131275436
9.36,-5.158506027392411,-4.230952962934772,24.59110227722462,0.21763776761740952
9.370000000000001,-5.076987627228727,-4.37337565465227,24.161115413696013,0.2059107921532858
9.38,-5.017620006510046,-4.533043800924385,23.746984143705497,0.195088943006583
9.39,-4.979905161362859,-4.709349588695708,23.349911196195198,0.18524701125374465
9.4,-4.963345109683322,-4.901896711054936,22.97110411994045,0.17646375284728472
9.41,-4.967460522536554,-5.110469190753812,22.611803340121053,0.16882695872813394
9.42,-4.991804536725369,-5.334998626622211,22.27330713896609,0.16243763283514837
9.43,-5.035972068005538,-5.575530039056855,21.9569941260337,0.1574132594437457
9.44,-5.099604916726373,-5.83218620930086,21.664343573983107,0.15389013891852976
9.450000000000001,-5.18239290846702,-6.105130179594139,21.396953784365742,0.15202474104773095
9.46,-5.28407124850799,-6.394525404094332,21.156558416038344,0.15199397385864988
9.47,-5.4044141968573856,-6.700492913258594,20.945040453847966,0.15399419919325488
9.48,-5.543225095725518,-7.023064780531682,20.76444321292436,0.15823875063063012
9.49,-5.700322709499106,-7.362133167849355,20.616977459632285,0.16495363198407256
9.5,-5.875523774590476,-7.717394289287165,20.505023380929458,0.1743710052317165
9.51,-6.068621610212224,-8.088286789875658,20.43112575025501,0.18672002856375883
9.52,-6.279360619832262,-8.47392431510302,20.397980227391923,0.20221459629194327
9.53,-6.507406527401763,-8.87302247753787,20.408408309288664,0.22103758654682673
9.540000000000001,-6.752312255229447,-9.283821045798566,20.46531805012996,0.24332136988263622
9.55,-7.0134794766132735,-9.704003023403398,20.57164734261077,0.2691246066487641
9.56,-7.2901160827710525,-10.130613380202362,20.730286372900107,0.2984057984412498
9.57,-7.581190107475517,-10.559981560100349,20.943975931474345,0.3309946870925337
9.58,-7.885381069577271,-10.987653497868992,21.21517871204633,0.3665634214694662
9.59,-8.20103023337518,-11.408340667700587,21.54592171703504,0.404600407593506
9.6,-8.526091949004284,-11.815895517876617,21.937609577701707,0.44439083046006195
9.61,-8.858089001556605,-12.203324286946422,22.390811143011568,0.4850088127607055
9.620000000000001,-9.194075724801792,-12.56284930509973,22.90502518956001,0.525326786431751
9.63,-9.53061344562962,-12.88603300865388,23.478435535509206,0.5640475395960068
9.64,-9.863763501358532,-13.163974504342212,24.107670995751594,0.5997631652730482
9.65,-10.189103455934514,-13.38758607379131,24.78759102294074,0.6310424394757319
9.66,-10.50177204297187,-13.547951083732375,25.511122756665085,0.656543868357137
9.67,-10.796547584026296,-13.636756230829045,26.269178461304456,0.6751460374563742
9.68,-11.067962998356837,-13.646780258213912,27.050682676297008,0.6860807919986304
9.69,-11.310457945876166,-13.572409253376861,27.842734553241005,0.6890495764236528
9.700000000000001,-11.518565179154646,-13.410137122840801,28.63092190085627,0.6843007490427145
9.71,-11.687124067046993,-13.159001188975116,29.399789273416435,0.6726475646713725
9.72,-11.811509950774967,-12.820899639018885,30.133444049486705,0.6554137252967487
9.73,-11.887864149200794,-12.400741943104265,30.8162642067122,0.6343054570099269
9.74,-11.913306784795333,-11.906396370344217,31.433652880485205,0.6112237650007442
9.75,-11.886113841684928,-11.348419624615065,31.972771765890304,0.5880442188994641
9.76,-11.805841444885612,-10.73957964537849,32.423181458473834,0.5664003115241106
9.77,-11.673384328418903,-10.094209377506523,32.77732385017694,0.5475071385287763
9.78,-11.490961435245657,-9.42745171938201,33.03079929845586,0.532054166264249
9.790000000000001,-11.262028733163394,-8.754469439980355,33.182416603884484,0.5201812080000332
9.8,-10.991126542331989,-8.089695994115552,33.23402215972626,0.5115345068406213
9.81,-10.683674832692368,-7.44619380681488,33.19014064673211,0.5053847226588382
9.82,-10.345734170015959,-6.835168190097963,33.057478778829534,0.5007792984526643
9.83,-9.983751783208495,-6.265661749924007,32.84435316681871,0.4966996634383648
9.84,-9.60431158348735,-5.744430586056534,32.56010298421479,0.49219824350746827
9.85,-9.213904297131807,-5.27598374796017,32.21453948433782,0.48649890452899075
9.86,-8.818729857924623,-4.862753778024937,31.81747052010009,0.4790543268205917
9.870000000000001,-8.42453961287022,-4.5053595305446965,31.378322396461854,0.4695624262023508
9.88,-8.0365214220353,-4.202922121220521,30.90586652037668,0.4579498332587907
9.89,-7.659226896787084,-3.9533992344820885,30.40804634749069,0.44433323679911296
9.9,-7.296537114655143,-3.753910161787977,29.891891948548516,0.42896952679586875
9.91,-6.951661259988096,-3.601032077316732,29.363505126017873,0.4122039930843571
9.92,-6.627161695075063,-3.491055820162288,28.82809680140413,0.3944232683907551
9.93,-6.324998796651081,-3.4201960045918125,28.29005948444638,0.37601700009260963
9.94,-6.046589287650696,-3.3847552530811615,27.75306011852017,0.35734988558545355
9.950000000000001,-5.792872546596743,-3.381245723280478,27.220141696982928,0.33874394793603024
9.96,-5.564380309532304,-3.4064730786041233,26.693825192160258,0.3204698040155919
9.97,-5.361306155769589,-3.4575889309025993,26.17620617166503,0.30274510882693234
9.98,-5.18357209538872,-3.5321178762843712,25.669042813230764,0.2857382143961313
9.99,-5.030890397187077,-3.627964830931438,25.17383381732048,0.2695752173158533
10.0,-4.902819483748822,-3.7434076752715657,24.691885987964348,0.2543488611862797
10.01,-4.798813269356856,-3.877079394057716,24.224372082482475,0.24012811311953147
10.02,-4.718263733787743,-4.027943064577379,23.772380011982126,0.2269675818699951
10.03,-4.660536825193515,-4.195262260061582,23.33695469689039,0.21491625015696011
10.040000000000001,-4.625001986019028,-4.378568733569585,22.919133923637894,0.2040252367376258
10.05,-4.611055715334489,-4.577628641121468,22.519979472447943,0.19435448006980943
10.06,-4.618139635906393,-4.792408050437147,22.140604638225483,0.1859783487445377
10.07,-4.645753539511263,-5.023038054951563,21.782199078260703,0.17899024231806138
10.08,-4.693463851769313,-5.2697794604187695,21.44605171100608,0.1735062591493424
10.09,-4.760907898203155,-5.532986721732871,21.133572168920985,0.16966798434726604
10.1,-4.847794274369847,-5.813070570480449,20.846311077250995,0.16764439862580655
10.11,-4.953899531232317,-6.110458581916855,20.585979186150375,0.16763283390181802
10.120000000000001,-5.079061287757198,-6.4255527800510155,20.354465118554856,0.169858808794755
10.13,-5.2231677807616395,-6.7586832725652455,20.153851201164176,0.1745744713014678
10.14,-5.386143761928393,-7.11005685029058,19.986426510405877,0.182055262014687
10.15,-5.5679325588441495,-7.479699492524041,19.854695879619005,0.19259429671245476
10.16,-5.768474037241247,-7.86739181104719,19.761383170924788,0.20649386337792958
10.17,-5.987678143542686,-8.272596672522615,19.709426613811985,0.22405335326377127
10.18,-6.225393681078096,-8.694378600599293,19.701963460075632,0.24555292435756348
10.19,-6.481371993892966,-9.131315124081604,19.74230062343511,0.271232264521459
10.200000000000001,-6.755225316500029,-9.581401061186153,19.83386740469591,0.3012640274109637
10.21,-7.046379717526811,-10.041947869140051,19.98014592085609,0.3357219126762742
10.22,-7.354022844411547,-10.50948169228149,20.18457456666702,0.3745440113083072
10.23,-7.677047090886072,-10.979645636392423,20.450419890689925,0.41749298566007076
10.24,-8.013989382771117,-11.447114062505294,20.780612861740803,0.46411591833506327
10.25,-8.36296952686167,-11.905529234278045,21.177546872950884,0.5137081983015044
10.26,-8.721629992899409,-12.347473261686758,21.642837236571733,0.5652874672835955
10.27,-9.087081073604521,-12.764490604287298,22.177045598232656,0.6175851338808135
10.28,-9.455856526560215,-13.14717789919531,22.779377788219147,0.6690638211925923
10.290000000000001,-9.82388592574722,-13.485357858970879,23.447370082667362,0.7179687439492761
10.3,-10.186490858911824,-13.768351619214721,24.17658631157687,0.7624187568504835
10.31,-10.53841255673889,-13.985358388542487,24.960355935685737,0.8005381563437091
10.32,-10.873878242251733,-14.125941973367931,25.789589829619075,0.8306231545365621
10.33,-11.186712149202876,-14.180610649142123,26.652714293507156,0.8513279238423632
10.34,-11.470494542088392,-14.141460713308037,27.535762746271185,0.8618458620230703
10.35,-11.718768092638031,-14.002836774163153,28.422656770121176,0.8620548133069375
10.36,-11.925285787142824,-13.761946431504471,29.295692599008706,0.8525934066619424
10.370000000000001,-12.084288630622934,-13.419357311895295,30.136226167627623,0.8348419000527257
10.38,-12.190795579334376,-12.979304265354527,30.925521850870823,0.8107956304973993
10.39,-12.240883417558189,-12.449746612650658,31.64570146938139,0.7828402811327695
10.4,-12.231931796818504,-11.842140033325899,32.28070687349206,0.7534607547362411
10.41,-12.162809259222175,-11.170922283212063,32.817177367204735,0.7249329080331899
10.42,-12.033980161236613,-10.45275068868358,33.24514662334562,0.6990538123341061
10.43,-11.84751970325984,-9.70556467854016,33.55848353584744,0.6769587328644707
10.44,-11.607033750066254,-8.947570998370534,33.75503464371456,0.6590533766139001
10.450000000000001,-11.317490272510478,-8.196257515881676,33.836465905329575,0.6450639687876439
10.46,-10.984978355740653,-7.467532317557148,33.80784056040171,0.6341830970954768
10.47,-10.616417344203704,-6.775060915823418,33.677000042022975,0.6252726822660015
10.48,-10.219241938540438,-6.1298417625317105,33.45383145397488,0.6170802478195813
10.49,-9.801088759046635,-5.540026067019839,33.14950671339709,0.6084302477539609
10.5,-9.36950655418243,-5.010958534812832,32.775767231120454,0.5983649317800942
10.51,-8.93170683017959,-4.545395245540397,32.34430840375969,0.5862242981683164
10.52,-8.49436535119414,-4.1438449089915546,31.866295391303215,0.5716679539908114
10.53,-8.063478757682757,-3.804979222735229,31.35202016777931,0.5546507043582565
10.540000000000001,-7.644275251185915,-3.5260645366656718,30.810692695744926,0.5353678027445699
10.55,-7.241174332410167,-3.303377515071138,30.250347634753336,0.5141857649881956
10.56,-6.857788073528358,-3.132579240704714,29.67784217551044,0.49157190466664524
10.57,-6.496955232771548,-3.0090332019161505,29.098919401769194,0.46803177104800875
10.58,-6.160799416675149,-2.9280616509501884,28.518313628259016,0.44405963025326933
10.59,-5.850803148149603,-2.8851414599242178,27.939878056165856,0.4201037443064754
10.6,-5.567890805668687,-2.876044896072704,27.366719683575255,0.3965457773330947
10.61,-5.312514710195584,-2.896933055985657,26.801330900726203,0.37369220235524864
10.620000000000001,-5.084739967476681,-2.9444105239403084,26.245711111841022,0.35177493636626783
10.63,-4.884324903599929,-3.015549630315682,25.701474845013976,0.3309583713580399
10.64,-4.7107949946004695,-3.107891887709836,25.16994511200982,0.3113502736981437
10.65,-4.56350906001473,-3.2194330822909283,24.652232343345297,0.29301451124871325
10.66,-4.441717166320289,-3.3485973080386455,24.149300184551105,0.2759841047016213
10.67,-4.344610185916583,-3.4942040836737718,23.662019942633147,0.26027360249210907
10.68,-4.271361305335068,-3.655431657644552,23.191215651486125,0.2458902019290395
10.69,-4.221159999650784,-3.8317787152979066,22.737701692618074,0.23284336544896977
10.700000000000001,-4.193239114424234,-4.0230259577501934,22.302314748340553,0.2211529107877966
10.71,-4.18689574482798,-4.229198412467868,21.885941639378924,0.2108556979970061
10.72,-4.201506593129353,-4.450528842476013,21.489544347590755,0.20201110944425904
10.73,-4.236538435885786,-4.687422223515705,21.114183270463904,0.19470553645140817
10.74,-4.291554253093801,-4.940420936191489,20.761039508035363,0.18905606141420223
10.75,-4.366215472189261,-5.210170055414471,20.431436746373524,0.18521346758141988
10.76,-4.460280666898784,-5.497381897816803,20.1268630697821,0.1833646274412783
10.77,-4.573600929340762,-5.802798798786561,19.84899279674713,0.1837342192869966
10.78,-4.706112007071133,-6.127152928336089,19.599708179398135,0.1865856022368984
10.790000000000001,-4.857823167895721,-6.471121818358307,19.38112051762717,0.19222054381150255
10.8,-5.028802627093256,-6.835278168320273,19.195589900310082,0.20097734233338044
10.81,-5.219159247668053,-7.220032435004125,19.045742380200974,0.21322672206040844
10.82,-5.429020109167898,-7.62556671669049,18.934482900024065,0.22936470945313264
10.83,-5.658503441429911,-8.051758546571362,18.865001702550597,0.24980153879269243
10.84,-5.907686346462392,-8.498093460786027,18.840771271700028,0.2749455096065069
10.85,-6.176566698820571,-8.963565664657832,18.86553007235683,0.30518066660931875
10.86,-6.465018641785857,-9.446566862796708,18.943248511636703,0.34083725275688326
10.870000000000001,-6.772741208956887,-9.944764433552846,19.07807169277543,0.3821541751025691
10.88,-7.099199830418023,-10.454971710128529,19.27423277753624,0.42923331681195587
10.89,-7.443560867036276,-10.973015264942191,19.535930275013655,0.48198653042139133
10.9,-7.80461989641449,-11.493606832869466,19.867162565946323,0.5400776470422866
10.91,-8.180725288399897,-12.010230834594935,20.27151376185571,0.6028638712129676
10.92,-8.56969968476391,-12.515062233586159,20.751886967473588,0.6693434285133083
10.93,-8.968763340306372,-12.998933354782071,21.310184580438907,0.7381190352021407
10.94,-9.374464851988831,-13.451371736621043,21.94694080766514,0.8073891485530358
10.950000000000001,-9.782626494658162,-13.860733211946851,22.66091933100671,0.8749802132291444
10.96,-10.188313005227256,-14.214454058869691,23.448698912640303,0.9384321629860324
10.97,-10.585833918022724,-14.499441881391002,24.304281044864336,0.9951451206962324
10.98,-10.968790058157733,-14.702615574910242,25.218765122388085,1.0425867380742582
10.99,-11.330174085505956,-14.811589466565835,26.18014579277064,1.078546996056716
11.0,-11.66253259571043,-14.815475662968929,27.173291120255648,1.1014121100199032
11.01,-11.958192904412112,-14.705753528189614,28.18015568207803,1.1104148499049642
11.02,-12.209551232904627,-14.477129728870286,29.18026696442044,1.1058100114120664
11.03,-12.409410988247956,-14.128291902534379,30.151495418745302,1.0889261230398695
11.040000000000001,-12.55135113664612,-13.662450136744827,31.071080144017007,1.0620610162982667
11.05,-12.630096752922714,-13.087568752980962,31.916838780374025,1.0282187166355032
11.06,-12.641858417409193,-12.416219158090094,32.66845037239619,0.9907219385028325
11.07,-12.584605834039603,-11.665030819223302,33.308673597200716,0.9527676538401103
11.08,-12.458244869662284,-10.85377441436678,33.82435828536141,0.9170113100595177
11.09,-12.264676162187738,-10.004167413731476,34.20712949127951,0.8852608601791375
11.1,-12.007726333008769,-9.138535098663482,34.45366789017752,0.8583350886848335
11.11,-11.692957494797554,-8.278479371718205,34.56556902836956,0.8361001474288529
11.120000000000001,-11.327374524151832,-7.4436996177740475,34.54882407031725,0.8176569061188773
11.13,-10.919060036865778,-6.6510774225685205,34.41301331727997,0.8016221332218569
11.14,-10.476772554669058,-5.914089053899039,34.17033187055426,0.7864356738720933
11.15,-10.00954353877605,-5.242557868981165,33.83457135618703,0.7706334337987798
11.16,-9.526304469359957,-4.642713922070325,33.42016560353641,0.7530460920862143
11.17,-9.035567445974722,-4.117497088756888,32.94137866712298,0.7329077064351796
11.18,-8.54517365684906,-3.6670254327043708,32.41167905122091,0.7098794933434147
11.19,-8.062115155720786,-3.2891506884329544,31.8433117961887,0.684007893685762
11.200000000000001,-7.592427887837451,-2.9800334794572,31.24705502152413,0.6556417269581303
11.21,-7.141148458495413,-2.7346873199176978,30.632131535695233,0.6253323206806778
11.22,-6.712323865628384,-2.547458214127192,30.006238825369838,0.5937355367614118
11.23,-6.309062083183535,-2.412422707473387,29.37566031412583,0.5615281048846816
11.24,-5.9336115452959985,-2.3236999046259412,28.745424897531784,0.5293444492225756
11.25,-5.587458747988354,-2.2756817837103673,28.119488214732627,0.49773527646033294
11.26,-5.271434903809545,-2.263191408103649,27.50091618998504,0.46714591097200164
11.27,-4.985824498539039,-2.2815810802904193,26.89205794295446,0.43791059918604697
11.28,-4.730470459435359,-2.3267829121320798,26.294700625799884,0.4102584221869825
11.290000000000001,-4.504872302101575,-2.395323448985228,25.710202898097602,0.38432666239317953
11.3,-4.308275006578779,-2.484312472948063,25.1396066527271,0.3601781184463893
11.31,-4.139747466203533,-2.59141434292889,24.58372844685232,0.33781968725875594
11.32,-3.998250172440646,-2.7148084736017175,24.043233110117047,0.3172203569211869
11.33,-3.8826923804768003,-2.853143960756909,23.518692429743805,0.2983274777290166
11.34,-3.7919793855600727,-3.0054919934427677,23.01063184888958,0.28108075587308373
11.35,-3.7250507702145486,-3.1712985674455787,22.519567916758042,0.2654238374850766
11.36,-3.68091059465485,-3.350339114012355,22.046038910359538,0.2513136334246606
11.370000000000001,-3.6586505282249933,-3.5426759518202604,21.590630685327742,0.23872770135940857
11.38,-3.6574668835814563,-3.7486189238308634,21.153999454427417,0.2276700778338579
11.39,-3.676672436988411,-3.968689159337115,20.736892863065453,0.21817596372777412
11.4,-3.715703811876172,-4.203585574116988,20.340170441537538,0.21031563204766437
11.41,-3.7741250789966685,-4.45415346148422,19.964824263718807,0.20419786247350302
11.42,-3.851628092065208,-4.721354312102205,19.612000424361398,0.19997312239977574
11.43,-3.9480299371299057,-5.00623581303431,19.283021750505718,0.1978366145769047
11.44,-4.063267729584659,-5.309900803170534,18.979411972056575,0.1980311981284695
11.450000000000001,-4.197390845942956,-5.633473793607946,18.70292137522941,0.20085006084248014
11.46,-4.350550528638419,-5.978063493003488,18.455553731066754,0.20663887222086938
11.47,-4.522986651389608,-6.344719609923429,18.23959400809819,0.21579697382804802
11.48,-4.715011280585014,-6.734382044061308,18.057636019814144,0.2287769614952424
11.49,-4.92698851628144,-7.147820441948222,17.91260869841903,0.24608178094907388
11.5,-5.159309948252071,-7.585562008100193,17.807799099955737,0.26825819798144784
11.51,-5.412364924559534,-8.047805472255108,17.746869507409897,0.2958852295782722
11.52,-5.686504713209077,-8.534319279515506,17.733865088488848,0.32955586200095793
11.53,-5.981999558378218,-9.044322478296941,17.773207476722416,0.36985018659278773
11.540000000000001,-6.298987616142675,-9.576347543003509,17.869668395066267,0.41729803534984694
11.55,-6.637414834779098,-10.128085623235888,18.02831608600832,0.47232941485739444
11.56,-6.996965066955766,-10.696216619512878,18.25442596687492,0.5352116782802522
11.57,-7.376980122178972,-11.276229213442054,18.553345794751213,0.6059736331176668
11.58,-7.776370154056731,-11.862239669400047,18.93030501656031,0.6843188567273437
11.59,-8.193515798466043,-12.446822938143926,19.39015834720749,0.769533532180757
11.6,-8.626164898146936,-13.0208752345266,19.937055556100056,0.860398127935402
11.61,-9.07132850211768,-13.573533468387074,20.574033657402197,0.9551169450787088
11.620000000000001,-9.525183094149183,-14.092182922856514,21.302534922658523,1.051284214808339
11.63,-9.982988568932065,-14.562589132097663,22.121864938870353,1.1459087289346406
11.64,-10.439034086469556,-14.96919118751569,23.02861944645599,1.2355190145825161
11.65,-10.886626170191388,-15.295589417666566,24.01612619996299,1.3163655744844986
11.66,-11.318134662114606,-15.525248156011326,25.073966635474516,1.3847237965139378
11.67,-11.725111650748365,-15.64241231675671,26.18765818490302,1.4372803227229451
11.68,-12.098495452277824,-15.633204489200336,27.33858663851962,1.471559242600953
11.69,-12.428905533448821,-15.486829663380886,28.504273210980028,1.486318383753108
11.700000000000001,-12.707024752056615,-15.196773450671094,29.659037796146396,1.481829447294413
11.71,-12.92405304724638,-14.761846137311684,30.775076068051952,1.4599588606265925
11.72,-13.072203273167332,-14.186910384760042,31.82390654005086,1.4239955288597845
11.73,-13.145197668799014,-13.483144895592405,32.77807389786182,1.378225286573703
11.74,-13.138715422583193,-12.667744560374144,33.6129321067471,1.3273170312558888
11.75,-13.050740606406748,-11.763035261828561,34.30829245617975,1.275641183621963
11.76,-12.881766960557638,-10.795074526835975,34.84972197080595,1.2266658191724487
11.77,-12.634831282650508,-9.791896434660897,35.22932146502502,1.1825578279302302
11.78,-12.315368107337816,-8.781618731656739,35.44589259374148,1.1440604413170603
11.790000000000001,-11.930900975913108,-7.790646824771849,35.5045012016405,1.1106442346203107
11.8,-11.49060539859814,-6.84218017319454,35.41553652838867,1.0808623190267606
11.81,-11.00479189278484,-5.955161370033565,35.19343145431917,1.0528024966935297
11.82,-10.484362281045216,-5.143725495965049,34.85523617630172,1.0245269282830929
11.83,-9.940288903321722,-4.417127694312244,34.419226371086296,0.9944166971546846
11.84,-9.383156455050608,-3.7800664254852174,33.903686673168885,0.9613796611291562
11.85,-8.822792690020368,-3.2332864107913277,33.32595573981273,0.9249197623917857
11.86,-8.268000171590568,-2.7743384690028,32.70176454982793,0.8850942304896314
11.870000000000001,-7.726388940095898,-2.398387042760229,32.044855125352115,0.8423984419712494
11.88,-7.204300751295755,-2.0989815478949723,31.366837458087996,0.7976186159766282
11.89,-6.70680984638399,-1.8687366095925422,30.677228219278167,0.7516847284697248
11.9,-6.237782737976384,-1.6998928401197646,29.98361294733987,0.705544911057613
11.91,-5.799979531524971,-1.5847507991753,29.29187971302972,0.6600718091314792
11.92,-5.395181012565214,-1.5159851742188792,28.60648276493774,0.6160029107366867
11.93,-5.024328347400271,-1.4868545582979584,27.930706245195886,0.5739113418507253
11.94,-4.6876651647098635,-1.4913257787813208,27.266908725680082,0.5342007976959893
11.950000000000001,-4.3848745974712635,-1.524132017683374,26.616738025067463,0.4971174836315264
11.96,-4.115206331565757,-1.5807822804985072,25.981312228647706,0.4627724428875699
11.97,-3.8775907263320333,-1.6575371279026883,25.36136719451593,0.4311688293181026
11.98,-3.6707386302342666,-1.7513626715667385,24.757373459783626,0.4022300901155128
11.99,-3.493226651729998,-1.8598720642717745,24.16962678983801,0.3758263725941526
12.0,-3.34356842634788,-1.981261293883573,23.598317045486905,0.351797611696652
12.01,-3.2202729175159264,-2.1142440936585856,23.043579909627937,0.32997263586614195
12.02,-3.121891068323825,-2.2579892011146017,22.505535567897,0.31018425161974555
12.030000000000001,-3.0470522423893738,-2.412061987064932,21.98431785208283,0.29228066572429184
12.040000000000001,-2.9944919016253015,-2.5763715727364325,21.48009674443548,0.2761338247828407
12.05,-2.9630719036708295,-2.7511238925051638,20.99309657198473,0.26164534259545325
12.06,-2.9517946894728877,-2.9367806851372995,20.5236117261761,0.24875068777135395
12.07,-2.9598124917145134,-3.1340240587267307,20.07202133617247,0.2374222515361159
12.08,-2.9864325411473054,-3.3437260339182244,19.63880400215838,0.22767183360193693
12.09,-3.0311190893469244,-3.5669222945671235,19.224553448315877,0.21955298937884404
12.1,-3.093492908367445,-3.804789239298761,18.8299957702948,0.2131635847914297
12.11,-3.173328772939877,-4.058623311191399,18.456008813757308,0.20864880994748808
12.120000000000001,-3.2705512799681102,-4.329821469643866,18.103644113082595,0.2062048097749708
12.13,-3.3852292123740315,-4.619861545089073,17.77415172632702,0.2060829947960322
12.14,-3.517568508014531,-4.930281072807661,17.46900820706973,0.208594991816004
12.15,-3.6679037468835647,-5.262653028349201,17.189947837387482,0.21411807340561018
12.16,-3.836687918150022,-5.618556678454701,16.93899708797088,0.2231007555308668
12.17,-4.024480069723233,-5.9995415161356895,16.718512046763404,0.236068061846929
12.18,-4.2319302743097795,-6.40708197043718,16.531218237135104,0.25362570758742237
12.19,-4.4597611656356895,-6.842520282335467,16.38025179543724,0.27646214305214445
12.200000000000001,-4.70874510681382,-7.306994642307503,16.269200354692057,0.3053470075249371
12.21,-4.979675852977474,-7.8013494341234075,16.202141139754705,0.3411240787066675
12.22,-5.273333370322663,-8.326024289968867,16.1836726707418,0.3846962763828097
12.23,-5.590440288774119,-8.880918734374871,16.218935050907515,0.4369997357513556
12.24,-5.931608320909828,-9.465229622386344,16.31361205286467,0.49896349270184726
12.25,-6.297272914602136,-10.07725955741127,16.473906117911305,0.5714510701630862
12.26,-6.6876144778904925,-10.714196260726533,16.706475015706523,0.6551804540356578
12.27,-7.1024648002168025,-11.371865765681362,17.018316449363112,0.7506199284028612
12.280000000000001,-7.54119789626284,-12.044466663347396,17.416584667381635,0.8578594223534397
12.290000000000001,-8.002605541023781,-12.724298745487793,17.90832171411446,0.9764608668785411
12.3,-8.48475938403601,-13.40150745924719,18.500086150799678,1.1052969540508977
12.31,-8.984863855273932,-14.06387549454306,19.197465055128394,1.2423957146968014
12.32,-9.49910718718221,-14.696703927765375,20.004462267659324,1.3848179255832629
12.33,-10.022521752623268,-15.282836186772714,20.92276868672505,1.5286039027495897
12.34,-10.5488693461437,-15.80288614213256,21.950940094203613,1.668832698106841
12.35,-11.070571525024343,-16.235733130581185,23.083534727155595,1.7998356319819866
12.36,-11.578708827336731,-16.559336995673732,24.310294937604844,1.9155923287078827
12.370000000000001,-12.063114368575858,-16.75190053030728,25.615490341696695,2.010307040822982
12.38,-12.512585483271437,-16.793361866250837,26.97756599896016,2.079116312021958
12.39,-12.915230234391965,-16.66713618957607,28.369247557911063,2.1188236406945067
12.4,-13.258952786229429,-16.361951921528842,29.758234240848825,2.1285094060638765
12.41,-13.532063008027906,-15.873556213469588,31.108551443051763,2.1098476721796744
12.42,-13.723973173968053,-15.206019645866427,32.38253744394637,2.0669958730459763
12.43,-13.825922139721328,-14.372372870789116,33.54331608764536,2.0060141755511594
12.44,-13.831650275047645,-13.394373530394628,34.55748587928999,1.933899165342666
12.450000000000001,-13.737942251965958,-12.301328454193944,35.39767075307783,1.8574384907080606
12.46,-13.544963354764885,-11.12806089470027,36.04456072941124,1.7821589169387948
12.47,-13.25633864963816,-9.912274898902357,36.488137051469806,1.7116174134798152
12.48,-12.878959243251312,-8.691683617750472,36.72791564578264,1.6471783368825652
12.49,-12.422538619103197,-7.501302498953045,36.772219686090104,1.5882717793037426
12.5,-11.898976041791007,-6.371254292413713,36.63665892993238,1.532997174405226
12.51,-11.321606104974911,-5.325310743626575,36.342107866085925,1.478867573195034
12.52,-10.704420107530403,-4.380244330855946,35.912514092430484,1.423496466625288
12.530000000000001,-10.061336783116088,-3.5459237635448866,35.37283541831986,1.3650915228598792
12.540000000000001,-9.405581093074991,-2.825989146228883,34.74732134999346,1.3027030098509307
12.55,-8.749206026155953,-2.218898366049846,34.058252400611934,1.2362468825339823
12.56,-8.10276904634754,-1.7191401193925047,33.32515626364479,1.1663659680234764
12.57,-7.475155836431497,-1.3184455945604965,32.564450274333446,1.0942055522752794
12.58,-6.873531132841134,-1.0068822561167385,31.78942025205251,1.02117024245652
12.59,-6.303389812265981,-0.7737646920043897,31.01043352126156,0.9487085822443626
12.6,-5.768679902155062,-0.6083599826779429,30.23529088658704,0.8781499603784237
12.61,-5.271971284646993,-0.5003949126325622,29.469640015913043,0.8106004658223063
12.620000000000001,-4.814647994444334,-0.44038989140554796,28.717393976122764,0.7468925246865723
12.63,-4.397106917731293,-0.41985211698695163,27.981118838261523,0.6875770747943313
12.64,-4.018950515095967,-0.43136137296255656,27.262370846962714,0.6329452758684986
12.65,-3.679165417417429,-0.4685787113577896,26.561975848777344,0.5830676979676204
12.66,-3.3762821651613897,-0.5262032838290855,25.88025175086208,0.5378412192658732
12.67,-3.1085139533506356,-0.5998971699156455,25.217179490192184,0.497036546961212
12.68,-2.873874088841976,-0.686193028745812,24.57253022308357,0.4603417873539708
12.69,-2.670273092903447,-0.7823951469557004,23.945957013193496,0.4273995608170745
12.700000000000001,-2.495597128857477,-0.8864810695378185,23.337058861404604,0.3978367043712312
12.71,-2.347769828153515,-0.9970084276268072,22.7454239643064,0.37128665852606874
12.72,-2.224799734039783,-1.1130296951561316,22.17065793320938,0.3474052774812513
12.73,-2.1248155625551015,-1.234016274758161,21.612401552447466,0.32588112987047624
12.74,-2.0460913575128012,-1.3597924013909848,21.070341613939032,0.306441463574038
12.75,-1.9870634337792774,-1.490478749613068,20.54421748389693,0.28885497119732084
12.76,-1.9463407921329046,-1.6264452497037019,20.03382534875918,0.2729323739013686
12.77,-1.9227104697866644,-1.7682723923052788,19.53902154095315,0.25852568501163753
12.780000000000001,-1.915139076304779,-1.916720181473364,19.059725940607194,0.24552685147316894
12.790000000000001,-1.9227715628979838,-2.0727038457588174,18.59592616279224,0.23386631951592837
12.8,-1.9449280880176065,-2.2372754098147887,18.14768304774093,0.22351194095591229
12.81,-1.9810996753177539,-2.411610245625348,17.71513785266619,0.21446853237223937
12.82,-2.0309432112077537,-2.5969977482433864,17.298521480483554,0.20677832085203518
12.83,-2.0942761969665478,-2.7948353045851695,16.89816605845242,0.200522454374423
12.84,-2.1710715524930886,-3.0066247360667604,16.514519186919905,0.19582371793503034
12.85,-2.2614526623680624,-3.23397038851613,16.148161205656837,0.19285057294394806
12.86,-2.3656887566686677,-3.4785780081189044,15.79982586484816,0.1918226212717087
12.870000000000001,-2.4841906251557786,-3.7422534723173255,15.47042483232163,0.1930175797537666
12.88,-2.6175065698773476,-4.026900331239095,15.161076510301369,0.19677982800196453
12.89,-2.766318403306032,-4.334514949282982,14.87313966449447,0.20353055225608507
12.9,-2.9314371917865776,-4.667177808009988,14.60825237335371,0.21377943843164557
12.91,-3.1137983217498313,-5.027039229985839,14.36837676902585,0.22813775267938335
12.92,-3.3144553228247804,-5.416297398343884,14.155849940345762,0.2473324673768258
12.93,-3.534571711269022,-5.837166069862574,13.973441169856608,0.2722208188971437
12.94,-3.775409912618756,-6.291828805813559,13.824415337036733,0.3038042894634791
12.950000000000001,-4.0383160782690135,-6.782375878897441,13.712601779668,0.34324045284356014
12.96,-4.324699322607514,-7.310719275905508,13.64246708778918,0.3918503749614945
12.97,-4.636003574539837,-7.878480449833707,13.619189113395608,0.45111828387264885
12.98,-4.9736698651973255,-8.486844768294185,13.648727798193972,0.5226790069586607
12.99,-5.339086478217479,-9.136376104712003,13.737886121905344,0.6082872486638643
13.0,-5.73352400266474,-9.826784960073399,13.894351426706773,0.709761263868331
13.01,-6.158052008626744,-10.556644239713387,14.126703482853237,0.8288921218739131
13.02,-6.613433904237786,-11.323048845461715,14.444370915354243,0.9673090148186458
13.030000000000001,-7.099996670115578,-12.121219252606291,14.857512173960862,1.1262916892918244
13.040000000000001,-7.617472801624072,-12.944056058245017,15.376791563885332,1.3065241581083769
13.05,-8.16481318531956,-13.781663033167275,16.01301590523078,1.507790777366452
13.06,-8.739972117304433,-14.62087130097372,16.7765947777392,1.7286280427612306
13.07,-9.339669590046674,-15.444817256394742,17.676789516356177,1.9659641146783349
13.08,-9.959141636856213,-16.23265101092732,18.720726539706764,2.214802734617657
13.09,-10.591897055503015,-16.959477926492387,19.912173234577004,2.4680355772937945
13.1,-11.22950797273459,-17.596657766431445,21.250113274229825,2.7164894849750563
13.11,-11.861471543377592,-18.11259527992156,22.727214784689316,2.9493195616203964
13.120000000000001,-12.475188763464168,-18.474140547308437,24.32835653676664,3.1548293769443285
13.13,-13.056111022796873,-18.648663959828934,26.02945408437862,3.321721586477098
13.14,-13.58810188447798,-18.606769791139694,27.79688939875086,3.440655238717656
13.15,-14.054046836413153,-18.32546550790907,29.587864941411468,3.505834343968395
13.16,-14.436714969199947,-17.791431806090277,31.351944557035722,3.5162310708029665
13.17,-14.719834548678032,-17.003884264499753,33.03388786972719,3.476029592324979
13.18,-14.889295088131416,-15.97644173172997,34.57763837933527,3.394019241485932
13.19,-14.934342856392709,-14.73747665707673,35.93103469184031,3.2819609456011745
13.200000000000001,-14.848608971483856,-13.32864418004566,37.050563074430414,3.152303133153326
13.21,-14.630811966623467,-11.80163833492873,37.90535353077601,3.0158767145367724
13.22,-14.28501538576941,-10.213613198120317,38.47970656265469,2.880219566788428
13.23,-13.82038984295956,-8.622010768558592,38.77372141814225,2.7489444144170667
13.24,-13.250511696939403,-7.079652889070705,38.80199921967163,2.6221795866133455
13.25,-12.592305464439688,-5.630846655438769,38.59078876913464,2.497760779035821
13.26,-11.864785529901647,-4.308969523385625,38.1742096106097,2.3726787778774527
13.27,-11.087765253131042,-3.135646575834701,37.59026369358231,2.2443286532267686
13.280000000000001,-10.28068049004219,-2.1213200656897278,36.87724558418422,2.11129044273971
13.290000000000001,-9.461630979087651,-1.266815098721633,36.07094871508325,1.9735875202663362
13.3,-8.646691558439995,-0.5654445944380111,35.20282575319078,1.8325284789988983
13.31,-7.8494984193266815,-0.0052451814577163525,34.299061622289564,1.6903081403391373
13.32,-7.081081269100725,0.428954477238174,33.38039126341588,1.5495367619923512
13.33,-6.3498927013666,0.7538067588241626,32.46244247543708,1.4128180764830995
13.34,-5.661979582787409,0.9861256660323346,31.556389351077847,1.2824389384804857
13.35,-5.02124418354897,1.14196470200635,30.669739967722112,1.1601859900777967
13.36,-4.429751086839357,1.236037892640946,29.807132144982553,1.0472748840531807
13.370000000000001,-3.888046286027335,1.281411941310972,28.97105914758091,0.9443639128931351
13.38,-3.3954650565911777,1.289397011302339,28.16248602387878,0.8516215809843115
13.39,-2.9504139308962634,1.2695726639832137,27.38134479523299,0.7688216904594588
13.4,-2.5506189354393327,1.22989826160114,26.626913918050953,0.6954460539513708
13.41,-2.1933371862877493,1.176870093923299,25.89809658536293,0.6307816381337695
13.42,-1.8755322433721615,1.1156987805381924,25.193615976500126,0.5740046116475953
13.43,-1.5940156498438125,1.0504894813817036,24.512145618222146,0.5242480325535979
13.44,-1.3455581735573,0.9844141340568358,23.852391179109127,0.48065280600414667
13.450000000000001,-1.1269747166820485,0.9198696589230382,23.21313736083929,0.4424033040570576
13.46,-0.9351868940268133,0.8586192577354579,22.59327074076495,0.4087499479394041
13.47,-0.7672670666118202,0.8019159843180812,21.99178682602721,0.37902137033280175
13.48,-0.6204672688345156,0.7506090230498319,21.40778736759889,0.35262871590182937
13.49,-0.4922360606424755,0.7052338302698393,20.84047219898063,0.3290643644333088
13.5,-0.3802259177269192,0.6660876610226666,20.289128487371183,0.30789698732985066
13.51,-0.28229337084948447,0.6332921476340548,19.75311926151211,0.2887644508330858
13.52,-0.1964937352281821,0.6068446037554658,19.231872345931357,0.2713657046579698
13.530000000000001,-0.12107193952191266,0.5866596541770833,18.724870323138454,0.25545246764976115
13.540000000000001,-0.05445067345211463,0.5726026730806718,18.231641807813276,0.240821252828027
13.55,0.004783177382831481,0.5645163743685297,17.751754103964032,0.22730606344988374
13.56,0.057893053926999165,0.5622417515613827,17.284807190774284,0.21477193460997496
13.57,0.10600762658183197,0.5656344203317143,16.830428917454142,0.2031093836980418
13.58,0.1501356502598238,0.5745772793706699,16.388271261227892,0.19222975913600374
13.59,0.19118046488230128,0.5889902780813434,15.95800750089639,0.18206143185438253
13.6,0.22995393316825785,0.6088379641965159,15.539330171041804,0.1725467505045403
13.61,0.26718968634561,0.6341353815133709,15.131949682153165,0.16363967322490278
13.620000000000001,0.3035556105175637,0.6649527975446632,14.73559351549517,0.15530399096045555
13.63,0.33966555459577014,0.7014196625815516,14.350005925937703,0.14751206615841256
13.64,0.3760902774107083,0.7437281347206331,13.974948109944618,0.1402440234674039
13.65,0.41336767895830673,0.7921364488977753,13.610198819041235,0.13348734406523846
13.66,0.452012380572433,0.8469723608358797,13.255555421431371,0.12723683133905764
13.67,0.4925247326785012,0.9086368579145263,12.910835436455688,0.12149493228490069
13.68,0.5353993379783711,0.9776082971183874,12.5758785889398,0.1162724160272264
13.69,0.5811331834971112,1.054447104192175,12.250549453995903,0.11158942842632923
13.700000000000001,0.6302334777250777,1.1398011466529856,11.934740788460319,0.1074769602054636
13.71,0.6832252897476362,1.2344118750491697,11.628377673927428,0.1039787859148088
13.72,0.74065908621079,1.339121310360449,11.331422629451803,0.10115395300284508
13.73,0.8031182594773549,1.454879939082059,11.043881890741305,0.09907992502439862
13.74,0.8712267364475575,1.5827555594310967,10.765813098512812,0.09785651137654525
13.75,0.9456567521081312,1.7239430999638632,10.49733469325419,0.09761074873969355
13.76,1.027136864562775,1.8797754028408977,10.23863737872795,0.09850293739642443
13.77,1.1164602784392212,2.0517349243753897,9.989998094113615,0.10073407945634275
13.780000000000001,1.2144935301839521,2.2414662506260177,9.751797026763194,0.10455501608726445
13.790000000000001,1.322185570441322,2.4507892494676407,9.524538306156721,0.11027761694003407
13.8,1.4405772535221248,2.681712574677081,9.308875146561718,0.11828843588227062
13.81,1.5708112092454467,2.9364470914460563,9.105640352254829,0.1290653101355963
13.82,1.71414202461981,3.217418592420126,8.915883264825537,0.14319743955837225
13.83,1.8719465971634661,3.527278900697232,8.740914414660674,0.161409529698735
13.84,2.045734431875944,3.8689140877900283,8.582359332014489,0.1845906007500842
13.85,2.237157531760482,4.245448040590863,8.442223164779541,0.21382802984556726
13.86,2.448019366753921,4.660238954722388,8.32296791826497,0.25044726796174194
13.870000000000001,2.680282184429862,5.116865467162851,8.227604240380359,0.2960573976938346
13.88,2.9360716309981783,5.619098015962584,8.15979966516725,0.3526021906289059
13.89,3.2176772623345156,6.170849571344237,8.124005008276852,0.42241546450255374
13.9,3.527547017878482,6.7760980637763994,8.125600044060587,0.508278168974794
13.91,3.8682730785212067,7.438770598061399,8.171058487086041,0.6134725339474824
13.92,4.242565706413033,8.162576883359833,8.26813036954534,0.7418255397107686
13.93,4.653210648806913,8.950776301756584,8.426036763788739,0.8977296367406638
13.94,5.103004473952533,9.805859902849111,8.65566693831784,1.086122822172862
13.950000000000001,5.594660821577123,10.729125818244164,8.969760828081261,1.3124028202372986
13.96,6.130679080490872,11.720125004495893,9.383049440611302,1.5822416031894253
13.97,6.713165639420935,12.775955306550394,9.912311851112873,1.9012580722985337
13.98,7.343596941419425,13.890387867865355,10.576289423059938,2.2745011068763823
13.99,8.022513686406874,15.052824196395502,11.395376306156935,2.705697301750795
14.0,8.749137559984142,16.247109061841922,12.39098223189276,3.196235275652052
14.01,9.52090707229518,17.450268785915412,13.584444099514668,3.7439017739674822
14.02,10.332939052328546,18.631310605403872,14.99535603923962,4.341464606864897
14.030000000000001,11.177438753938322,19.75030733440416,16.639208229629777,4.975318850739612
14.040000000000001,12.043105636165839,20.758095013044517,18.524292669713645,5.624564155350033
14.05,12.914613444277897,21.597007567844145,20.647971001914566,6.261019553149145
14.06,13.772278974570748,22.203119334449394,22.992619256803557,6.850723086637776
14.07,14.592065829181976,22.510400618747344,25.52185641065085,7.357290962278393
14.08,15.346083768445473,22.45694314574048,28.177971298151586,7.7470313906753425
14.09,16.003722761849293,21.992938619442988,30.881668286680608,7.994951881024753
14.1,16.533486490195394,21.089433319437237,33.53519064921833,8.090020552162905
14.11,16.905457186725407,19.7462037195262,36.02939977978909,8.037711409480195
14.120000000000001,17.09414980864902,17.996698611489364,38.25445905729981,7.858432416409256
14.13,17.081345023056183,15.90819267519769,40.11259269199398,7.581937014793336
14.14,16.858393362190014,13.576246597940559,41.53039723636221,7.239611983491864
14.15,16.427515394704347,11.114074320214073,42.467881198624525,6.857557965404391
14.16,15.801801016164038,8.638932662486578,42.92207808293186,6.45291044533264
14.17,15.003889871386669,6.258522248410538,42.92454981884429,6.034139127048201
14.18,14.063602006163126,4.060237577478254,42.53378434316095,5.604199994586832
14.19,13.014986304587596,2.1050407603917236,41.82470705326083,5.164474018840278
14.200000000000001,11.893308873357874,0.42627928179427355,40.8778643878826,4.717711901953092
14.21,10.732420780881538,-0.9674723057551846,39.770344452316834,4.269211283481592
14.22,9.562778445778351,-2.0871202399502393,38.5695542041883,3.8264333771316235
14.23,8.410208383347832,-2.956915153131729,37.330020652840716,3.3977697642826556
14.24,7.295362689297314,-3.6086965691914292,36.09271946632526,2.991178942132375
14.25,6.233725311598957,-4.0772187969196985,34.88613911875698,2.6131514584126077
14.26,5.23599929862616,-4.39679289581312,33.72828878669449,2.2681657126410757
14.27,4.308715539780606,-4.599164951627395,32.62902316237503,1.9585905694236696
14.280000000000001,3.4549350410535364,-4.712392714101336,31.592271665323878,1.684898537397765
14.290000000000001,2.6749543377025895,-4.760441062257118,30.617951681717066,1.4460431974952357
14.3,1.9669579499495113,-4.7632429494429225,29.703486018434255,1.2398854395355001
14.31,1.3275887047397603,-4.737027107377645,28.844931829608925,1.0635944128174362
14.32,0.7524255817969373,-4.694772130471315,28.037772800341536,0.9139850349862804
14.33,0.23637058315576753,-4.646696443485663,27.277442269122904,0.7877792422313802
14.34,-0.22604732014584178,-4.600731196385299,26.55964423631017,0.681793373186696
14.35,-0.6404401683274124,-4.562948880622979,25.880530409145745,0.5930616906191383
14.36,-1.0123892344492056,-4.5379367612373125,25.23677991401528,0.5189087471595485
14.370000000000001,-1.347322379703563,-4.529113716600212,24.625616982030667,0.45698320826000927
14.38,-1.6504306271179994,-4.538994057372565,24.044792121961105,0.40526428238809964
14.39,-1.9266154444348025,-4.569404080468108,23.492544450686765,0.36204993649300726
14.4,-2.1804596216210506,-4.621657689144136,22.96755689465908,0.32593406555312676
14.41,-2.416215899459672,-4.696697137939085,22.468911638506714,0.2957779675159792
14.42,-2.6378086081707535,-4.795204298244857,21.996050153027547,0.2706799386058016
14.43,-2.848844501522945,-4.917687042592364,21.5487400734487,0.2499455634174056
14.44,-3.0526297334209764,-5.064544543874672,21.127049853948293,0.23306030698998625
14.450000000000001,-3.2521905390238612,-5.236114537455844,20.731331281896257,0.21966528352804304
14.46,-3.4502956712022397,-5.43270491774537,20.362209429315737,0.20953653487310833
14.47,-3.6494790245094126,-5.6546114356661015,20.020579324472696,0.20256775808939886
14.48,-3.852061169459445,-5.9021227215891745,19.707608449938075,0.19875613590640567
14.49,-4.06016873401096,-6.17551337119776,19.424744045478132,0.1981907113813672
14.5,-4.275750718937745,-6.4750253938820235,19.173724062389557,0.20104257965466032
14.51,-4.500590929979703,-6.800837934549918,18.956590439932747,0.20755602177513402
14.52,-4.736315762364525,-7.1530248472967655,18.775703121931475,0.2180395617263179
14.530000000000001,-4.984396592676725,-7.5314994395373995,18.633752875859116,0.23285577938450758
14.540000000000001,-5.246146030448675,-7.935945545761939,18.533770496603516,0.2524085604761684
14.55,-5.522707270807234,-8.365734072884925,18.479129358117262,0.27712632377590557
14.56,-5.815035787059713,-8.819824342755856,18.47353751434926,0.30743966660578625
14.57,-6.12387263011759,-9.296650018996928,18.521014659390968,0.34375186420484904
14.58,-6.449708688196857,-9.793990240985362,18.625848275979084,0.3864008241696795
14.59,-6.792739440623101,-10.308827908887638,18.792522312504637,0.4356115385088255
14.6,-7.152810056743659,-10.837198986979423,19.025610870357816,0.4914389205211931
14.61,-7.529351194382828,-11.374039320390182,19.32962887093839,0.5537022971698553
14.620000000000001,-7.9213065944713374,-11.913038846908792,19.70883181263575,0.6219148603923677
14.63,-8.327054597742068,-12.446517184850746,20.166957929362056,0.6952140915440579
14.64,-8.744327057477319,-12.965339174807575,20.706908815453552,0.7723024250699104
14.65,-9.170130785894528,-13.458893578711397,21.330369412201925,0.8514108050564322
14.66,-9.600678587620749,-13.915161990400314,22.037375611742064,0.9303005409809435
14.67,-10.031338949682203,-14.320906900088099,22.825847829404374,1.006319814544427
14.68,-10.45661530507262,-14.662006241551865,23.69112143816682,1.076528857749499
14.69,-10.870167066240846,-14.923954920549555,24.62551888459368,1.1379007781988273
14.700000000000001,-11.264884816472494,-15.092540262571063,25.618021530668184,1.1875924614599642
14.71,-11.633030570367453,-15.154677311840585,26.654108615926383,1.2232626046860782
14.72,-11.96645034440585,-15.099362287337023,27.715832220110393,1.2433946139725272
14.73,-12.256860121882623,-14.918671307832144,28.782186695466336,1.2475661234759667
14.74,-12.496197800419473,-14.608702297160265,29.829805942934474,1.2366010749855283
14.75,-12.677023641505215,-14.170338321172766,30.83398216719297,1.212550710174278
14.76,-12.7929415483137,-13.609708440246669,31.769949562007994,1.1784786867011352
14.77,-12.83900516725064,-12.938243322778877,32.61432445087173,1.1380685094572391
14.780000000000001,-12.812068477598297,-12.17226832286116,33.34655163841657,1.0951173189789143
14.790000000000001,-12.71104191130189,-11.332140744213014,33.95018716394023,1.053013707196032
14.8,-12.53702280792987,-10.441008413818125,34.4138584526556,1.0143056470810985
14.81,-12.293282405459442,-9.523327689182604,34.73178483253592,0.9804430846198737
14.82,-11.98510842664796,-8.603315959754763,34.90380671369169,0.95173464837888
14.83,-11.619519540655235,-7.703517866934291,34.93494586810847,0.9275044879195884
14.84,-11.204882340768679,-6.843635984276501,34.834585398385826,0.9063909068432394
14.85,-10.750470507520685,-6.039724203991282,34.61540236163158,0.8867056407967426
14.86,-10.26600839127842,-5.303779413782906,34.29220175882501,0.8667745327547343
14.870000000000001,-9.76123770548404,-4.6437085731849255,33.880788889839785,0.8452013759605517
14.88,-9.24553790988689,-4.063604745666883,33.39698542015929,0.8210264558546112
14.89,-8.727620325064532,-3.564241983056321,32.85585337230257,0.7937795793457794
14.9,-8.215305186239696,-3.1436945325645858,32.27115059553372,0.7634474155407385
14.91,-7.715381376180341,-2.797996100037679,31.655008161927075,0.7303845824995612
14.92,-7.233541449368064,-2.5217737246920207,31.017797970093763,0.695198458382986
14.93,-6.774380076748907,-2.308812427676097,30.368147748869337,0.658632327414788
14.94,-6.341441995069373,-2.1525269192530283,29.713058658977467,0.6214635385773466
14.950000000000001,-5.9373054319181255,-2.0463328513174353,29.058084901031346,0.5844254329901368
14.96,-5.563688188815365,-1.9839215461652102,28.40754229485794,0.5481553802772977
14.97,-5.221565527476721,-1.9594490846141437,27.764721409439424,0.5131669005765241
14.98,-4.911291258065643,-1.9676539489932214,27.13208895884886,0.47984144470787043
14.99,-4.632715648532427,-2.003918123287635,26.51146800190437,0.44843454544781425
15.0,-4.385295763934124,-2.0642856155117477,25.9041926916624,0.41909123472853105
15.01,-4.168195508291397,-2.1454505539034194,25.31123696193391,0.39186639066997037
15.02,-3.980373954785528,-2.2447248637040467,24.733318843262193,0.3667466878721072
15.030000000000001,-3.820661532870324,-2.3599934005265846,24.17098336979781,0.34367184350310714
15.040000000000001,-3.687824336217416,-2.4896624902844477,23.624667566361634,0.32255374854940455
15.05,-3.5806172748667837,-2.6326061873986153,23.094751045050494,0.3032927895758496
15.06,-3.4978270695055262,-2.788113227985932,22.581595491138234,0.28579119112521967
15.07,-3.438306221035231,-2.955836600749711,22.08557592231752,0.26996355991613613
15.08,-3.4009991226749317,-3.13574684563383,21.60710616012524,0.2557450197459932
15.09,-3.3849614452131878,-3.3280895741230627,21.146660517346888,0.24309742425677516
15.1,-3.38937384197944,-3.533347242193827,20.704793312754006,0.23201415485479168
15.11,-3.4135509058517957,-3.7522048589720187,20.282157488250373,0.22252397916266403
15.120000000000001,-3.456946178346527,-3.985519048581994,19.879523324497914,0.21469438113891431
15.13,-3.519153868754713,-4.234289672600099,19.497798022666537,0.20863469083210134
15.14,-3.5999077945269593,-4.499633044164994,19.138046730684483,0.20449924735208183
15.15,-3.699077905437909,-4.782755604755552,18.801515427956026,0.20249072589911002
15.16,-3.8166646045396635,-5.084926777419253,18.489655926675937,0.20286364747924548
15.17,-3.952790928381081,-5.407449545983644,18.204153082558417,0.20592796400889893
15.18,-4.1076924965344634,-5.751627132543968,17.946954112975966,0.21205246532129357
15.19,-4.281704984969831,-6.118723953913868,17.720299673676124,0.22166758018641833
15.200000000000001,-4.475248718340856,-6.509918836323822,17.526756020957773,0.23526693269727297
15.21,-4.68880981277876,-6.92624826911027,17.369247155767,0.2534067616782123
15.22,-4.922917135031193,-7.368537306256935,17.25108527804055,0.2767020118377167
15.23,-5.1781141802351875,-7.837315618448702,17.17599714073886,0.3058175673296275
15.24,-5.45492481800281,-8.332716217097856,17.148142952113364,0.34145274174373985
15.25,-5.753811729581251,-8.854354601022777,17.172123308452026,0.3843168065441399
15.26,-6.075126280605751,-9.401186633376053,17.252968242477987,0.4350931089316293
15.27,-6.419048578068885,-9.971344494295398,17.39610087310433,0.4943893209400445
15.280000000000001,-6.785516593396078,-10.56195176253302,17.60726642506865,0.5626717495275311
15.290000000000001,-7.174143557687296,-11.168921272374694,17.892415723245254,0.6401826542624304
15.3,-7.584123426980482,-11.78674308748634,18.25753095025906,0.726841438110782
15.31,-8.014125163110055,-12.408274900737075,18.708380942393433,0.8221336657398146
15.32,-8.462177969981873,-13.024553449166946,19.250194232036925,0.9249962901459527
15.33,-8.925551540701198,-13.624652915749577,19.88724125787154,1.0337131419399503
15.34,-9.400637837195992,-14.195624153926445,20.62232361727811,1.1458410911618715
15.35,-9.882843881172498,-14.722555710979973,21.45617885757006,1.258193052905849
15.36,-10.366508280391056,-15.188802111525513,22.386824692121905,1.3669070348817738
15.370000000000001,-10.84485734365039,-15.576424028917227,23.40888649906722,1.467627820169745
15.38,-11.310019006103866,-15.866875677672281,24.51297497609453,1.5558165808829139
15.39,-11.753113512121406,-16.04195404077299,25.68520345064219,1.6271817460335594
15.4,-12.164437859055479,-16.084990751770235,26.90695100402512,1.678192691650509
15.41,-12.533755429478488,-15.982221744092634,28.154980974266614,1.7066018101554876
15.42,-12.850692467890974,-15.724217575179827,29.40200702895259,1.7118709853930882
15.43,-13.105229333178775,-15.307208938604079,30.61775567597775,1.6953894237111125
15.44,-13.288258182653502,-14.734111416943378,31.770505231512825,1.6603932240762842
15.450000000000001,-13.392162587559156,-14.015055572468993,32.82899557300873,1.6115560313125967
15.46,-13.411362157151965,-13.167272742401838,33.76451779533332,1.5543030526082022
15.47,-13.342760289480406,-12.214272757799183,34.55293086116987,1.4939819969514299
15.48,-13.186038345238588,-11.18436321652752,35.17633470265078,1.4350732031520663
15.49,-12.943755348537696,-10.108675419920623,35.62416739920911,1.3806154069762213
15.5,-12.621236499145374,-9.01894997684547,35.893583616183776,1.3319623673618064
15.51,-12.226261685908614,-7.945371833534573,35.98909192108121,1.288891127872223
15.52,-11.768591039007752,-6.914721345778022,35.92154964900241,1.2499901557518565
15.530000000000001,-11.259383149272432,-5.949033981806325,35.7067061917025,1.2131963672967434
15.540000000000001,-10.710569785048998,-5.064859003054365,35.36353010782893,1.176338416851974
15.55,-10.134248382754919,-4.273104433103997,34.91254904581267,1.1375736553200029
15.56,-9.542142392200049,-3.579374586033628,34.37438497403471,1.0956585313223597
15.57,-8.945163322930364,-2.984659636093728,33.768599374346024,1.0500452923283174
15.58,-8.353090921700343,-2.4862249463525883,33.11289314485746,1.0008364835141546
15.59,-7.774372437617165,-2.07856348235115,32.42264826189912,0.9486474236517832
15.6,-7.216030281678906,-1.754306240611332,31.710759840314978,0.8944279614280182
15.610000000000001,-6.683660175547395,-1.505022292964193,30.987688641854252,0.8392847618277006
15.620000000000001,-6.181498755747839,-1.3218737877281617,30.261661588691236,0.7843308674607891
15.63,-5.712539647568816,-1.1961176875140105,29.53895597682822,0.7305752979907905
15.64,-5.278679168522005,-1.1194638896788607,28.824216557374836,0.6788546543915552
15.65,-4.880876074398268,-1.084309440124183,28.12076937611482,0.6298018337376738
15.66,-4.519313354600322,-1.0838725729671772,27.430909644389587,0.5838436084075659
15.67,-4.193553505613429,-1.1122502521382425,26.756151689327318,0.5412180502489158
15.68,-3.9026816764358614,-1.164420474363861,26.097436881240547,0.502003600479724
15.69,-3.645433472399757,-1.2362071059330768,25.455300610415506,0.4661531886404303
15.700000000000001,-3.420306021094868,-1.3242213198509358,24.830002397143762,0.43352862119609825
15.71,-3.225652206171484,-1.4257902654428094,24.221624640422377,0.40393215103965313
15.72,-3.0597588492786003,-1.538880669015117,23.630145862023703,0.37713353547216794
15.73,-2.920910159742809,-1.6620226953294812,23.055494001901558,0.352891941105699
15.74,-2.8074380605034466,-1.7942375653834737,22.49758467628061,0.3309727771381803
15.75,-2.7177611086364446,-1.9349710525790624,21.956348531155278,0.31115998516009763
15.76,-2.65041371624761,-2.084033979967444,21.431751042899823,0.2932645469947681
15.77,-2.604067285737937,-2.241550132562186,20.923807408327477,0.277130053097606
15.780000000000001,-2.577544734042695,-2.407911508367222,20.432594563453037,0.26263615523926254
15.790000000000001,-2.569829715763394,-2.5837405005029335,19.95826188280946,0.2497006500254667
15.8,-2.5800716803319754,-2.769858383735547,19.501041734003508,0.2382808346383128
15.81,-2.6075877232701914,-2.9672593353999215,19.06126078208459,0.22837466354553987
15.82,-2.6518620220534497,-3.177089125011286,18.639352738844764,0.22002212721891076
15.83,-2.712543485961665,-3.400627536881034,18.235873116379246,0.21330717717265515
15.84,-2.78944209737366,-3.639273528398007,17.851516455831874,0.20836043710471158
15.85,-2.882524278444775,-3.894532059095185,17.48713644601905,0.2053628652137921
15.860000000000001,-2.9919074800425354,-4.16800144015796,17.14376930818529,0.20455046271151234
15.870000000000001,-3.1178540563639356,-4.461359940128939,16.82266078826073,0.20622005068388594
15.88,-3.260764355309693,-4.776350230897257,16.525297051602056,0.21073605218142638
15.89,-3.4211688174388106,-5.11476006051972,16.253439700182373,0.2185381069575168
15.9,-3.599718730850267,-5.478397289606367,16.009165007944762,0.23014919854901542
15.91,-3.797175131243041,-5.869057122316689,15.794907270860437,0.24618377098449393
15.92,-4.0143951615817866,-6.2884790025942205,15.613505861688282,0.26735503693163803
15.93,-4.252315010982181,-6.738290240083429,15.468255124724664,0.2944803114284538
15.94,-4.511928336089049,-7.219932999669556,15.362955592658448,0.32848272835687775
15.950000000000001,-4.794258831865044,-7.73457087435519,15.301964096074732,0.3703871006259992
15.96,-5.100325368855488,-8.282970932117111,15.290239098564783,0.42130697599744543
15.97,-5.43109786493479,-8.865356992475627,15.333375957125684,0.48241915549775394
15.98,-5.787441837084206,-9.48123011113627,15.437624718542585,0.5549211687736284
15.99,-6.170049425056006,-10.12915306426511,15.609880488405748,0.6399666083973148
16.0,-6.579354658082066,-10.806497343312206,15.857633386130773,0.7385730933675569
16.01,-7.015430940452183,-11.509154198721259,16.188861779810257,0.851498384372467
16.02,-7.477869287266184,-12.231216077784769,16.61184922146897,0.9790823882145248
16.03,-7.96563690767224,-12.964641874085414,17.134902899202295,1.1210571625167638
16.04,-8.4769174964538,-13.698929126081193,17.765950488103094,1.2763342474070996
16.05,-9.008937248636288,-14.420828743709276,18.51199446801962,1.442789096457223
16.06,-9.55778430995137,-15.114152453888611,19.378410177440536,1.6170756730619718
16.07,-10.118234158929482,-15.759738351082271,20.368088248071196,1.7945186198411798
16.080000000000002,-10.683599101313847,-16.335652652803542,21.480445571758377,1.9691419171193358
16.09,-11.245626102661404,-16.817711156333168,22.71036248842719,2.133895387215089
16.1,-11.794472557876222,-17.18039552356338,24.047146020713406,2.2811259446646464
16.11,-12.318792707611205,-17.39821034031156,25.47366448315732,2.4033022219570768
16.12,-12.805966208470641,-17.447471491972937,26.965837492886095,2.4939376059919285
16.13,-13.242492689492828,-17.308434433165964,28.492682378754463,2.5485771047770243
16.14,-13.614560403078036,-16.96757103269153,30.01709615067583,2.565641229362411
16.15,-13.908773245007193,-16.41970595131705,31.49747801645491,2.546889488969719
16.16,-14.112990855273809,-15.669658122270407,32.89016891640331,2.4973094627761507
16.17,-14.21720645491596,-14.733032673165264,34.15251851688022,2.424365152211405
16.18,-14.214364001562872,-13.635896085604688,35.24622410936344,2.3367223801668646
16.19,-14.101007986369162,-12.413240745831848,36.140470440457236,2.2427439610377036
16.2,-13.87767113422142,-11.106370731623267,36.81438074720207,2.149136514632275
16.21,-13.548937732345264,-9.759559361863648,37.2583879711954,2.060087107752922
16.22,-13.123167474626625,-8.416475684203538,37.474333239838145,1.9770643258409097
16.23,-12.611915906150342,-7.116907076582853,37.47434236382997,1.8992444998843516
16.240000000000002,-12.029130698028956,-5.8942130149265255,37.27875062772555,1.8243485332390565
16.25,-11.390228637361359,-4.773765659705748,36.91348351282529,1.7495995261685553
16.26,-10.711162483367644,-3.7724248458978824,36.407330605241114,1.672544247643577
16.27,-10.007571917404828,-2.8989161033144453,35.789483278736036,1.5915844988807157
16.28,-9.294085300506632,-2.154867581755128,35.087581102283615,1.5061826420413293
16.29,-8.583807000879688,-1.536224369810915,34.32637177578125,1.416795892335975
16.3,-7.887995736879208,-1.0347830126572053,33.52697023904106,1.324638449451737
16.31,-7.21591715353072,-0.6396500868552899,32.706623116738996,1.2313736028237279
16.32,-6.574840289673857,-0.33850142333342603,31.87884732762378,1.1388153989200658
16.330000000000002,-5.97014203547362,-0.11858472411075494,31.05380829388134,1.0486879590927645
16.34,-5.405484212747779,0.032541608301543096,30.238821330755975,0.9624617287741803
16.35,-4.883032270879955,0.1265087870439905,29.438887724437855,0.8812652936469401
16.36,-4.403690768454445,0.17383650198139017,28.657206073312288,0.8058597062762446
16.37,-3.9673373237585343,0.18378532707372683,27.895624627333703,0.7366578130823384
16.38,-3.5730426504536625,0.164320438655577,27.15501953332137,0.6737713788599934
16.39,-3.2192692023865597,0.12215076910127767,26.43559696235933,0.6170716321662792
16.4,-2.9040447165989685,0.06281521755266348,25.737124973330353,0.5662525761917827
16.41,-2.625109644131799,-0.009205283873833459,25.0591049313441,0.5208900384844749
16.42,-2.380039265133831,-0.09036490185942307,24.400893596738104,0.4804924784650098
16.43,-2.1663423946866835,-0.17792938763517333,23.76178665832605,0.44454187200057366
16.44,-1.981539183045009,-0.26985837506607596,23.14107326603467,0.4125245727140113
16.45,-1.823220753686195,-0.3646972754333709,22.538069539699126,0.38395302399850195
16.46,-1.6890934259313322,-0.4614806913309441,21.95213741282412,0.35837970525570184
16.47,-1.5770101258468658,-0.5596480224626317,21.382693690031797,0.3354048764874851
16.48,-1.4849913634718466,-0.658971131103457,20.829212936179236,0.31467965212569304
16.490000000000002,-1.4112378896805404,-0.7594934433409904,20.29122679544766,0.295905777576962
16.5,-1.3541368707460235,-0.8614795860239286,19.76832154789906,0.278833265638804
16.51,-1.3122631508113776,-0.9653745279267106,19.260135120265087,0.2632568189992848
16.52,-1.284376922520822,-1.0717711571146051,18.766354342473168,0.24901174712114227
16.53,-1.2694188995607432,-1.1813852501816189,18.28671294746941,0.23596989618390413
16.54,-1.2665038840795755,-1.2950368490012747,17.820990618788542,0.22403595596569745
16.55,-1.2749134470539398,-1.4136371403821024,17.369013272570843,0.21314438844958042
16.56,-1.2940882894803352,-1.5381800221243014,16.930654698059364,0.2032571370068222
16.57,-1.323620724829724,-1.66973762740251,16.50583965755074,0.19436221798298534
16.580000000000002,-1.3632476160786444,-1.809459162367311,16.094548551959825,0.18647326352847102
16.59,-1.412844011152191,-1.9585724850060628,15.696823783587295,0.17963007079851964
16.6,-1.4724176459921168,-2.118387913098131,15.31277798796124,0.17390021387802512
16.61,-1.542104421858004,-2.290303792363937,14.942604358317102,0.16938178722129116
16.62,-1.6221649100105595,-2.4758133794272177,14.58658934730126,0.16620736981566298
16.63,-1.7129818896941,-2.6765125943733348,14.245128099582052,0.16454932479140125
16.64,-1.8150588813112392,-2.8941081701301936,13.918743045318378,0.16462657694355803
16.65,-1.9290195926689373,-3.1304256651472455,13.608106166797798,0.16671303734253504
16.66,-2.05560814868805,-3.387416704939108,13.314065537204092,0.17114786567176815
16.67,-2.195689920106228,-3.6671646681586774,13.037676818150786,0.17834777124444964
16.68,-2.350252699989413,-3.9718878228955585,12.780240485674142,0.1888215442845935
16.69,-2.5204078930744442,-4.3039386352487705,12.543345623498727,0.20318696761674418
16.7,-2.707391275942055,-4.665797598631412,12.328921162830866,0.22219016757702795
16.71,-2.912562748529891,-5.060059450043074,12.13929543715348,0.24672729659586312
16.72,-3.137404321128853,-5.48940902848211,11.977264824949806,0.27786816388027497
16.73,-3.383515356231863,-5.956583271060415,11.846172024290778,0.31688099866372954
16.740000000000002,-3.652603801095149,-6.464314918937683,11.74999407176673,0.3652568831393663
16.75,-3.9464717943047742,-7.015252413905449,11.693439488865325,0.4247314571629101
16.76,-4.266993599276057,-7.611849225983532,11.682052783173798,0.49730019345467785
16.77,-4.616083305108076,-8.256214522010607,11.722322782750064,0.5852217936873816
16.78,-4.995649145293891,-8.949915791802619,11.821788732177957,0.6910020159401803
16.79,-5.407530638581542,-9.693723025190714,11.989134486735011,0.8173475441243865
16.8,-5.8534141022958,-10.487283671629324,12.234256254674213,0.9670765401652561
16.81,-6.33472151803186,-11.328718528068853,12.568282947229754,1.1429697501840672
16.82,-6.852467397475568,-12.21413179517241,13.003520235595223,1.3475443818135031
16.830000000000002,-7.40707844453747,-13.13703506351669,13.553280133548267,1.582733977579956
16.84,-7.998171793547396,-14.087696519846123,14.231548154496021,1.8494634956950242
16.85,-8.62428990411908,-15.052444965609352,15.052431611021001,2.147122800815981
16.86,-9.282594410250883,-16.01298487202,16.029328593244895,2.4729669731671065
16.87,-9.968528003793514,-16.945814208116815,17.173762498831483,2.821510301846394
16.88,-10.675463320954638,-17.82187939908573,18.49384842374579,3.184030888131697
16.89,-11.39437093073601,-18.606645588583003,19.99240306227224,3.548355527292382
16.9,-12.113554175367968,-19.26079339119057,21.664785718450176,3.899130266665485
16.91,-12.81851464523565,-19.74175637791881,23.4966660722426,4.218769774303523
16.92,-13.492024428077615,-20.006261946098096,25.462044663169745,4.4891832446420405
16.93,-14.11448390535213,-20.013908277800365,27.52197724018877,4.694175467133349
16.94,-14.664629591073677,-19.731591868253904,29.624526536834235,4.8221413973857405
16.95,-15.120619233081962,-19.138314581444494,31.70642379507973,4.868400188378442
16.96,-15.461459707132839,-18.229611868708783,33.69671496575318,4.836397245805596
16.97,-15.668664220016474,-17.020661698260845,35.52228306159655,4.737181726973326
16.98,-15.727946454335433,-15.547173915210253,37.11464392158145,4.5870714199773275
16.990000000000002,-15.630705647161994,-13.86349112732448,38.416953822265114,4.404085195703875
17.0,-15.375052653946263,-12.03791666120529,39.389928579305824,4.204239001666075
17.01,-14.966185138337142,-10.145959638421521,40.01549319589043,3.9988699983908695
17.02,-14.416031616165201,-8.262716678898899,40.29746576105136,3.793709415643322
17.03,-13.742219898264741,-6.455794990670121,40.25927922123557,3.5896989532284374
17.04,-12.966546167302639,-4.779960998126012,39.93941462714221,3.384918128517226
17.05,-12.113193214297038,-3.2741769778476426,39.385636618408974,3.1767412432434794
17.06,-11.206955934243268,-1.9610750440530542,38.64918628974368,2.9635013492835607
17.07,-10.271686721538057,-0.8484198869906256,37.77984654171225,2.745322872431133
17.080000000000002,-9.329095684841521,0.06815317552670841,36.82239533117659,2.5241619561145505
17.09,-8.39795697340724,0.8018636403753778,35.81456057403929,2.3033183131771855
17.1,-7.4937032537828685,1.3715713281538098,34.78629391029316,2.0867322392319476
17.11,-6.628345427710726,1.7990048638691967,33.760025756939655,1.8783134041591727
17.12,-5.810634495628778,2.106609328041375,32.7515329143323,1.6814394842301608
17.13,-5.046381647983618,2.316032875356547,31.771098766854397,1.498665969710844
17.14,-4.3388638240858945,2.4471772765564874,30.824730267024126,1.331625865141397
17.150000000000002,-3.6892584319454222,2.517695343717794,29.915282966213024,1.1810694267090627
17.16,-3.0970679124824096,2.5428125648714217,29.0434176856982,1.0469895396578366
17.17,-2.560509648930119,2.5353648527843706,28.208364065994807,0.9287866591832741
17.18,-2.0768582741674155,2.5059669646550677,27.40849831999022,0.8254400688647647
17.19,-1.6427356552188705,2.4632493611199227,26.641759288845076,0.7356647024064163
17.2,-1.2543492049605338,2.4141212877916023,25.90593317586515,0.6580428011931387
17.21,-0.9076823383911847,2.364033415711348,25.198837245777657,0.5911267693385737
17.22,-0.5986424907266304,2.317224587676788,24.518429369827224,0.5335140694494312
17.23,-0.32317267694531154,2.276944813827202,23.862865573586955,0.48389747978434844
17.240000000000002,-0.07733249750023816,2.245651521104925,23.230522887880188,0.4410951137609001
17.25,0.14264593618878496,2.225178988832765,22.620000426411256,0.4040647881508211
17.26,0.3403222845345233,2.21688253595908,22.030107967471224,0.3719069912865916
17.27,0.5190282557534738,2.221759833074018,21.459848443247253,0.34386010716811954
17.28,0.6818603046292153,2.2405520168848327,20.90839857320951,0.31929086531352235
17.29,0.8316817806255347,2.2738272979649197,20.37509030719157,0.29768231321828575
17.3,0.9711320847847827,2.322049606880137,19.8593946490492,0.27862100582135474
17.31,1.1026408588400223,2.385634598976026,19.36090870182733,0.26178460085514454
17.32,1.22844562653395,2.4649950800169655,18.87934631536215,0.2469306469252563
17.330000000000002,1.3506116408577045,2.5605776484227305,18.414532450848444,0.2338870472140675
17.34,1.4710529676595572,2.6728920874388833,17.96640124516721,0.2225444639562646
17.35,1.591554061921236,2.8025347872180832,17.534997716717342,0.21285078262534093
17.36,1.7137912737204186,2.950207233125414,17.12048307226576,0.20480766494439412
17.37,1.8393538616264091,3.1167303605459535,16.723143628383223,0.19846917205598585
17.38,1.9697641963664998,3.3030553441290347,16.343403435640823,0.19394242050187627
17.39,2.1064969105438807,3.5102711553130765,15.98184077780416,0.19139023253990564
17.400000000000002,2.2509967935583077,3.7396089793205296,15.639208803427922,0.1910357482985035
17.41,2.4046952462921825,3.9924433234055563,15.316460626260733,0.1931689703210865
17.42,2.5690250981916423,4.270289362408496,15.014779296003743,0.1981552007755753
17.43,2.7454335496752913,4.5747957447370196,14.735613082511701,0.2064452962034311
17.44,2.935392933872392,4.907731709803918,14.480716521098637,0.21858758985391544
17.45,3.1404088910306838,5.270966934275912,14.252197615244821,0.2352411994008829
17.46,3.36202541311967,5.666442017474188,14.052571458894556,0.2571902253886519
17.47,3.601826041085231,6.096126926908745,13.884820286401125,0.2853580247679301
17.48,3.8614302785819516,6.561964050435038,13.752459533263488,0.3208202805668476
17.490000000000002,4.142484020175545,7.065791750869868,13.659608827798744,0.3648149456456457
17.5,4.446642477424126,7.609243521349791,13.611065846313167,0.4187462794602256
17.51,4.775543725768682,8.193617057327774,13.612379545479786,0.4841790972515429
17.52,5.130770599558187,8.81970690641832,13.669917311205152,0.5628180167734829
17.53,5.513798255626672,9.487594016888126,13.790917900924876,0.6564649853282474
17.54,5.9259243516855005,10.196385769284143,13.983518587237805,0.7669468740698587
17.55,6.368178518145024,10.943901368877754,14.256740570875005,0.8960037840271702
17.56,6.841207755797373,11.72630038838617,14.620411580231107,1.0451285154000274
17.57,7.345134735588798,12.537657542770445,15.084998905561106,1.2153493261354709
17.580000000000002,7.879386942643637,13.369495349064575,15.661320606871863,1.4069529098199132
17.59,8.442496492389719,14.210299084572226,16.36009854348334,1.6191539569716182
17.6,9.031873598480555,15.045056060252005,17.191316240568046,1.8497331081047543
17.61,9.643561435212352,15.854883595109829,18.163350390353674,2.0946870663558825
17.62,10.271986752583214,16.616835685381062,19.281860772615676,2.347961501236287
17.63,10.909729036468635,17.304003323680448,20.548453663325617,2.601363825072747
17.64,11.547340708694357,17.88604062174353,21.95918152598756,2.844768598548063
17.650000000000002,12.173260482818055,18.33024765902187,23.503006970080808,3.066718032286273
17.66,12.773869158151959,18.6033081617853,25.160435556491645,3.255467394904573
17.67,13.333738453322168,18.673703461837253,26.902594970281037,3.4004209465252577
17.68,13.836115000555218,18.514698570535348,28.691082224842436,3.4937586259894764
17.69,14.263659954542899,18.107631769596747,30.478884016872385,3.531907289295578
17.7,14.599428743698683,17.445067962720046,32.212569360916525,3.5164306498825275
17.71,14.828028486872586,16.5332519063983,33.83574844749829,3.4539703613210415
17.72,14.936841096375463,15.393283019393877,35.29351286833196,3.3550972337050218
17.73,14.917161243226813,14.060574680871543,36.53728719882615,3.2322750393828033
17.740000000000002,14.765084401589952,12.582457178211607,37.5293254467628,3.0974654532056576
17.75,14.48200090905397,11.01417105037619,38.24606518805996,2.960052945279554
17.76,14.07460750302149,9.413862367736195,38.6797429191135,2.825654212546332
17.77,13.55442661275306,7.83741231705657,38.83803370521668,2.6960431865654364
17.78,12.936905755695088,6.333936324943292,38.74189636888297,2.5700288261105193
17.79,12.24023334471914,4.942580272135953,38.42215056009401,2.4448465016871044
17.8,11.484038283678426,3.6909056616255578,37.91548785714888,2.3175605201660154
17.81,10.688135413009483,2.594807805166438,37.26060050332222,2.186102395792346
17.82,9.87144452715041,1.6596493802425232,36.49494258194002,2.0497853734004865
17.830000000000002,9.051161024912128,0.8821637232192873,35.65240070389224,1.9093326923089549
17.84,8.242205525824165,0.2526818363071158,34.761924008437234,1.7665729502013139
17.85,7.456938433010533,-0.24267648589995222,33.84699752669763,1.6239836752796433
17.86,6.705098384626294,-0.6200837424346832,32.92575501235856,1.4842316106715028
17.87,5.993910884943827,-0.8964745856613459,32.01150716141855,1.3498011788458326
17.88,5.328312189683596,-1.0884277330681695,31.113486159446264,1.222748044155973
17.89,4.711239684799205,-1.2114233917044805,30.237654287441835,1.1045757022092557
17.900000000000002,4.1439497669255605,-1.2794098096790463,29.387475062492037,0.9962117241018587
17.91,3.6263347866585183,-1.304604575654605,28.56458957699115,0.8980530187607869
17.92,3.1572202207404696,-1.2974615580683293,27.769374011225892,0.8100509965490115
17.93,2.734631075907983,-1.2667459846258313,27.001376473951424,0.7318132662206308
17.94,2.3560224037185664,-1.2196734501378013,26.259644189984208,0.6627053801840732
17.95,2.018472890324943,-1.1620809723070444,25.542958080912236,0.6019424445198679
17.96,1.7188431051535153,-1.0986084244117222,24.84999331863146,0.5486654070853686
17.97,1.4539015069103614,-1.0328765029162592,24.179423341178676,0.5020003994685812
17.98,1.22042203804323,-0.9676530525192699,23.529982436741662,0.46110180122367667
17.990000000000002,1.0152573513325893,-0.905003474509838,22.900499184600836,0.42518099001851445
18.0,0.8353916008459104,-0.8464235152459104,22.289910292953977,0.3935233183034582
18.01,0.6779764329258485,-0.7929543465763526,21.697261947717816,0.3654959568973124
18.02,0.5403534247179779,-0.7452808073422562,21.12170378087905,0.34054905720394935
18.03,0.42006579802691535,-0.7038141955716537,20.562478987544072,0.3182123443092114
18.04,0.3148618216014737,-0.6687612404211462,20.018912925803164,0.29808885719390127
18.05,0.22269192609410482,-0.6401809472397015,19.490401661433413,0.2798471597626688
18.06,0.14170120350066018,-0.6180309683198282,18.976401305300953,0.2632129919392142
18.07,0.07021865105378229,-0.6022050511938631,18.476418575048413,0.24796103039514603
18.080000000000002,0.006744248656465571,-0.5925629844799111,17.99000274299518,0.23390718830417281
18.09,-0.05006527287181343,-0.5889543163242443,17.516738967633955,0.2209017002136075
18.1,-0.101411311261278,-0.5912369736146703,17.05624291444798,0.20882310502473608
18.11,-0.14836842187911362,-0.5992917681878671,16.608156528840887,0.19757314875719095
18.12,-0.19189913308387851,-0.6130336432814623,16.172144812243253,0.18707257058981444
18.13,-0.2328682942855323,-0.6324203917541479,15.747893459644516,0.17725770263365434
18.14,-0.2720567915011526,-0.6574594682002506,15.33510723458502,0.1680777991380292
18.150000000000002,-0.31017453534040595,-0.6882134203130109,14.93350898066035,0.15949300878493217
18.16,-0.3478726812170139,-0.7248043804581291,14.542839193579137,0.15147291008748073
18.17,-0.3857550837678368,-0.7674179857915234,14.162856102993178,0.14399554151676106
18.18,-0.42438901925554584,-0.8163070335278885,13.793336237906905,0.13704687265183915
18.19,-0.4643152331114785,-0.8717951261079663,13.434075473364603,0.13062067898174062
18.2,-0.5060573864275083,-0.9342805178819038,13.084890579638184,0.12471880020441053
18.21,-0.5501309865422969,-1.0042403393103598,12.74562131891384,0.11935177965402242
18.22,-0.597051894048147,-1.0822353453148224,12.416133159314295,0.11453990088266133
18.23,-0.6473445024959619,-1.1689153099564868,12.096320702951349,0.11031465672155785
18.240000000000002,-0.701549688505599,-1.2650251686819818,11.786111954660704,0.10672070683645168
18.25,-0.7602326293984811,-1.371411990414975,11.485473592330745,0.10381840249602713
18.26,-0.823990583158279,-1.4890328430773245,11.194417439633947,0.10168698271558813
18.27,-0.8934607215885312,-1.6189635956903643,10.913008388987057,0.10042857490586785
18.28,-0.9693281018496808,-1.7624086756210884,10.64137407834561,0.10017316645112465
18.29,-1.0523338537537272,-1.9207117677975283,10.379716691779512,0.10108475201239372
18.3,-1.1432836496161156,-2.0953674000053364,10.128327332612564,0.1033689053929707
18.31,-1.2430565091032457,-2.2880332997631614,9.88760351123795,0.10728207477165412
18.32,-1.3526139719194845,-2.50054332732968,9.658070399470859,0.11314295564769108
18.330000000000002,-1.4730096443336893,-2.7349206777031485,9.440406631076229,0.12134635553659494
18.34,-1.605399088706146,-2.9933908910119857,9.235475574786564,0.13238002515995392
18.35,-1.7510499746527592,-3.2783940010740626,9.044363171162987,0.1468449866765319
18.36,-1.9113523413676738,-3.5925948674653774,8.868423605040586,0.16547993021757437
18.37,-2.087828726455342,-3.938890353233972,8.709334273919712,0.18919025894023744
18.38,-2.282143788971783,-4.3204114981111665,8.569161695837277,0.21908231370497908
18.39,-2.4961128823867447,-4.740518158113866,8.450440154097068,0.25650316108643395
18.400000000000002,-2.731708803080156,-5.202782691490547,8.356264961410178,0.3030860228529911
18.41,-2.991065634651886,-5.710958115738348,8.290402180219246,0.3608008745637909
18.42,-3.276478207049522,-6.268924684610704,8.257416363747879,0.4320088237263395
18.43,-3.590395168284904,-6.880606984484618,8.262817241191575,0.5195174292939276
18.44,-3.9354029992121093,-7.5498513903866655,8.313225053744558,0.6266319323470899
18.45,-4.314197463276184,-8.280251060837287,8.416552164629936,0.7571941801121228
18.46,-4.729537954991451,-9.074902682038376,8.582195219914125,0.9155965783569135
18.47,-5.184178992525088,-9.936076147979797,8.821227013098296,1.1067524995740645
18.48,-5.680771726338261,-10.864775800502146,9.14656967924619,1.3359972180669428
18.490000000000002,-6.221726907139457,-11.860170685292514,9.573120229340141,1.6088851331128597
18.5,-6.8090294794530815,-12.91887305220611,10.117785131929043,1.9308411904663387
18.51,-7.443994214899476,-14.034051418678136,10.799362435130345,2.306619964725674
18.52,-8.126952183207202,-15.194380301628144,11.638188487509362,2.7395300048309426
18.53,-8.856860302139134,-16.38285754715259,12.655444116978618,3.2304016886229685
18.54,-9.630831986256771,-17.575566814884656,13.871997584445973,3.7763241850267
18.55,-10.443597602992284,-18.74053091019837,15.306658516338365,4.369261031750478
18.56,-11.28692065515555,-19.83689096464934,16.973743469820533,4.994777299968029
18.57,-12.149020384371678,-20.81474773040042,18.87992969544235,5.631259135464578
18.580000000000002,-13.01408321733812,-21.61609020128959,21.020519483141754,6.250131126413642
18.59,-13.861980338364361,-22.177268939248954,23.375463997069897,6.817590601570752
18.6,-14.668338012316893,-22.433383573625193,25.90578662252206,7.298168102665185
18.61,-15.405116896610943,-22.324679659503275,28.551338034642463,7.65991179801579
18.62,-16.041828567291002,-21.804556903024924,31.230985952669418,7.880238043547495
18.63,-16.547436323538363,-20.848133015454373,33.84622882756748,7.950772285487925
18.64,-16.892850258443872,-19.45966913639218,36.28868825559662,7.879292268167552
18.650000000000002,-17.053754616257784,-17.676842130748458,38.450979090470895,7.687579027755182
18.66,-17.013347312360057,-15.570144619952645,40.239307904086466,7.40552518047615
18.67,-16.764491940604522,-13.236712124043898,41.58525306540357,7.063541101537548
18.68,-16.310834194990615,-10.789376688621518,42.45400827046336,6.6861158199513255
18.69,-15.666625323031973,-8.343167760914891,42.84714677563175,6.288738964659665
18.7,-14.855273566629139,-6.002210155814671,42.799458271153306,5.878648127924546
18.71,-13.906917679202236,-3.849691566973031,42.37102366715753,5.458129982019729
18.72,-12.855493835378743,-1.9424591613330908,41.636779116199186,5.028343605452122
18.73,-11.735802320427144,-0.31038951463161624,40.67603885808364,4.592030932629872
18.740000000000002,-10.580986623970638,1.0404720476118166,39.56389173901863,4.154485256988535
18.75,-9.420670726419845,2.1225660137997293,38.36544713147794,3.7230583176017493
18.76,-8.279825580809838,2.960803660864356,37.133003502388036,3.3059159326894454
18.77,-7.178300175135263,3.587021288239786,35.90560795164237,2.9107217427106713
18.78,-6.130874973673982,4.035532150010746,34.710224739572446,2.54366471329652
18.79,-5.147671480551791,4.33996562466237,33.56375381780536,2.2089648471774743
18.8,-4.234764666907186,4.531294437324625,32.47530978643442,1.9088032894612172
18.81,-3.394876846795399,4.636810538913307,31.448379802033443,1.6435423462368195
18.82,-2.6280681422880234,4.679778149964069,30.482661234931978,1.4120957466498116
18.830000000000002,-1.9323714995520351,4.679521768402344,29.575511187645517,1.212340652137865
18.84,-1.3043456973494125,4.651760958633039,28.72302021065824,1.0415025241323654
18.85,-0.7395374722936071,4.609059883969847,27.92076280713985,0.8964778056916588
18.86,-0.23285491366216682,4.561306947415742,27.164290986227446,0.7740830297969409
18.87,0.22113967800307543,4.5161753151939985,26.449435518951077,0.6712330880661084
18.88,0.6280066193148395,4.479539260842133,25.772470660633186,0.5850584205580978
18.89,0.9932639552167593,4.455836500647542,25.130186865274005,0.512973346115334
18.900000000000002,1.3222700677881671,4.448375531766824,24.51990510523683,0.45270761324486164
18.91,1.620144179433691,4.459591595952573,23.93945703163229,0.4023118381505321
18.92,1.891716518519769,4.491256894191582,23.387147725606088,0.36014561010676927
18.93,2.141501267314966,4.544651181932713,22.86171212017322,0.3248551249147618
18.94,2.3736866407631703,4.620698591611961,22.362272051247164,0.29534546975643056
18.95,2.592137509405073,4.7200758846084225,21.888298009924263,0.27075121238158883
18.96,2.8004068745237225,4.843296566166594,21.439577717597135,0.25040775892309214
18.97,3.0017532392640343,4.9907745251738795,21.01619237667764,0.23382501710758818
18.98,3.19916151388297,5.162870139151963,20.618500658199423,0.2206641988026066
18.990000000000002,3.395365565646104,5.359921129994276,20.24713001517495,0.2107180760284103
19.0,3.5928708921986847,5.582259866811017,19.90297463779628,0.20389462631087735
19.01,3.7939761773053586,5.83021828099716,19.5871992041995,0.20020372814220783
19.02,4.000792693170336,6.1041210770303325,19.301247461968806,0.19974636136251822
19.03,4.215260655663186,6.404267485158908,19.046854550347803,0.20270560164092088
19.04,4.439161727851751,6.7309014088160035,18.826061801744498,0.20933854975495125
19.05,4.674126912783031,7.084169477047306,18.641232511347432,0.21996818823792538
19.06,4.921639088112377,7.464066236228954,18.49506680838028,0.23497400092557696
19.07,5.183029423729991,7.870365533046163,18.390613279072596,0.2547800252543406
19.080000000000002,5.459466901965943,8.3025370935005,18.331274362983144,0.27983884566092687
19.09,5.751940144777317,8.759647449209435,18.32080176350318,0.3106099086114139
19.1,6.061230764983698,9.240244780762307,18.36327718882273,0.3475304968354558
19.11,6.387877526982085,9.742228037333721,18.46307270606596,0.3909778200801298
19.12,6.7321307619806525,10.26270196915064,18.624783923464555,0.4412210695604082
19.13,7.093896777493878,10.79782160113838,18.8531282459607,0.4983630778514492
19.14,7.472672482093162,11.342632299206826,19.152799789138438,0.5622725737491434
19.150000000000002,7.867471170190792,11.890915009968477,19.52827249242391,0.6325100539793647
19.16,8.276741431676152,12.435050471186493,19.983543960205903,0.7082530683473898
19.17,8.698282506948143,12.965921009039652,20.5218150924497,0.7882301299250509
19.18,9.129161105787249,13.47287351953824,21.145105210936325,0.8706761441671081
19.19,9.565636696490643,13.943771588438414,21.85380966110267,0.9533254445221779
19.2,10.003104408124452,14.36516723858647,22.646217065974362,1.0334600283246003
19.21,10.436066711571831,14.722621908735038,23.518016343194173,1.1080288404589123
19.22,10.85814655145064,15.001200124345806,24.461838299383043,1.1738473365808106
19.23,11.262155053632155,15.186146205352125,25.46689105027026,1.227874024445673
19.240000000000002,11.640225712697244,15.263733291544295,26.518759449900784,1.2675426296015757
19.25,11.984023484462305,15.222245509530465,27.599441947016913,1.2911076785581261
19.26,12.285031100397454,15.053021127463603,28.687689395780485,1.2979430379166084
19.27,12.534906252760816,14.75145263931767,29.75968600744504,1.2887246035386795
19.28,12.725892786307545,14.317816798053407,30.790072325236423,1.2654368566879304
19.29,12.851258127550691,13.757802343690608,31.753257678609362,1.2311716013146874
19.3,12.905719958090655,13.082622335846198,32.62491379906458,1.1897321839157777
19.31,12.885819899912411,12.308643466801,33.38349470710748,1.1451064326956073
19.32,12.790202656635214,11.456531235047208,34.01160382057235,1.100910152609349
19.330000000000002,12.619766531639991,10.549984955986542,34.49703700895693,1.0599154657207648
19.34,12.377664894425882,9.614203439365125,34.8333718845001,1.0237582113383248
19.35,12.069155806918019,8.674264559094294,35.02004147151612,0.9928718020247029
19.36,11.70131538617337,7.7536096697149475,35.06190935434769,0.9666373229917021
19.37,11.28264608486012,6.872796115516207,34.96843531037655,0.9436904370830757
19.38,10.822621160476578,6.048626582688,34.75256993071812,0.9222990679958326
19.39,10.331209836561431,5.2936974522139355,34.42953573813361,0.9007261591969767
19.400000000000002,9.818424304125463,4.61634525101609,34.0156415098884,0.8775134749649921
19.41,9.29392135215996,4.020922718664602,33.52724366921884,0.8516542612126792
19.42,8.766680331630205,3.508309660054467,32.97992495101095,0.8226533062845822
19.43,8.244767649993317,3.07655820888907,32.38791693511454,0.7904949724818526
19.44,7.735187876420461,2.7215826099443334,31.763757300808976,0.7555505073232189
19.45,7.243813890292712,2.4378235360071825,31.118148602743407,0.7184567675043432
19.46,6.775383676699738,2.2188400106687256,30.459973251554867,0.6799928120485937
19.47,6.333549152989814,2.0578035445915512,29.796417101135866,0.6409723051602916
19.48,5.920962262545303,1.9478864398440325,29.133158482970778,0.6021611386235591
19.490000000000002,5.539384843528009,1.8825484511393737,28.47458759008296,0.5642227782537443
19.5,5.189810856178417,1.8557333973793648,27.82403031860061,0.5276891545906875
19.51,4.872591937733088,1.8619908150766138,27.1839593621475,0.49295235109244684
19.52,4.58755960182673,1.8965384569354968,26.556182623443092,0.4602714391663239
19.53,4.334139499336059,1.9552804029015773,25.94200453967889,0.4297890208070105
19.54,4.111454909108834,2.0347935933763996,25.342359768967306,0.40155287471041295
19.55,3.9184180054421267,2.1322932982049836,24.757921107967867,0.3755391874335312
19.56,3.753808477099285,2.2455857673748847,24.189184830466665,0.35167494097749236
19.57,3.6163397969385187,2.373014270248128,23.63653717127365,0.3298579827290027
19.580000000000002,3.5047139173524746,2.5134030045435343,23.10030570095049,0.3099740623629265
19.59,3.4176654492103316,2.666001957511915,22.580799055963652,0.2919106737723496
19.6,3.353996519335435,2.830434703711303,22.078338058240032,0.2755679083098655
19.61,3.3126035341319,3.00665028257682,21.59328077974291,0.2608667420013338
19.62,3.2924970368531783,3.194879665934986,21.12604364411721,0.24775528050524032
19.63,3.292815757637418,3.39559685441176,20.67712024240231,0.23621350518627576
19.64,3.3128358367883712,3.6094842915184744,20.247099187164967,0.22625702970085537
19.650000000000002,3.3519760655418214,3.8374020206792574,19.836682040134335,0.21794031008171744
19.66,3.409799843233005,4.080359805337861,19.446702115539637,0.21135966688220964
19.67,3.4860144006462708,4.339491262678646,19.07814477320558,0.20665638391872773
19.68,3.5804676892073566,4.616028909082564,18.732169657691337,0.20402004786440708
19.69,3.6931431855719445,4.91127886574213,18.410135196256448,0.2036921855644464
19.7,3.824152710770039,5.22659381488867,18.113625521576733,0.20597013730182123
19.71,3.973727211232532,5.563342623348818,17.84447981551016,0.21121096761565192
19.72,4.142205294186904,5.922874857163834,17.60482385607958,0.2198350521501361
19.73,4.330019150550445,6.306478200424191,17.39710326643491,0.23232878005557187
19.740000000000002,4.537677333680233,6.715326571945076,17.224117583552395,0.24924556793853198
19.75,4.765743692623431,7.150416523377619,17.089053753791294,0.2712040873686368
19.76,5.014811586649256,7.612489333903413,16.99551698715438,0.2988822639699221
19.77,5.285472340280328,8.101936140538674,16.947556026452297,0.33300522437517843
19.78,5.578276746581134,8.6186835347347,16.949678779759825,0.37432497949476934
19.79,5.893688310430862,9.162057422194307,17.006852905069476,0.42358930015907964
19.8,6.232026872323428,9.730623727777184,17.1244843312303,0.48149706808212894
19.81,6.593401309189353,10.322005915697506,17.308364901707378,0.548637530222927
19.82,6.9776302295163495,10.932681508481325,17.564578464891483,0.6254115706313716
19.830000000000002,7.384150040139798,11.557763068401412,17.899353045892084,0.7119346230362272
19.84,7.811910551491331,12.190773677271636,18.31884561341296,0.8079234915974562
19.85,8.259259506214976,12.82343295330434,18.82884598896656,0.91257339347216
19.86,8.723819157565169,13.445477019489076,19.434388436923335,1.0244370697216998
19.87,9.202360353429357,14.044544176769888,20.13926441481259,1.1413245217850974
19.88,9.690682493875853,14.606166384610788,20.945438923747624,1.2602488518166828
19.89,10.183511095347223,15.113913328972993,21.8523867820757,1.3774489467524749
19.900000000000002,10.674428195604188,15.549738347713255,22.85638427403577,1.4885205113988909
19.91,11.155853906514428,15.894570546416702,23.949815162740954,1.5886797755531192
19.92,11.619099230996394,16.129181593677266,25.120575357361155,1.6731660307098226
19.93,12.054509744857334,16.235326207044423,26.351682641766736,1.7377591166597561
19.94,12.45171578012786,16.19711175786865,27.62120960521596,1.7793495070883043
19.95,12.799996451718089,16.002498243527846,28.902650837893816,1.796460975572208
19.96,13.08875202801753,15.644773859777805,30.165802218483567,1.7896033366580155
19.97,13.308062652785027,15.123807400406536,31.378167851404374,1.761340820354279
19.98,13.449293561695093,14.446863123045654,32.50682399342125,1.7160092455628344
19.990000000000002,13.505691254740096,13.628790459262698,33.52057403689618,1.659097210829319
20.0,13.472905743332278,12.691475056103124,34.39214731917505,1.5964007511948441
20.01,13.349374584229485,11.662550278478923,35.10015235238777,1.533133673842122
20.02,13.136516637369485,10.573496242780816,35.63051027528924,1.47319631071707
20.03,12.838706175716858,9.457364751864555,35.977169919273386,1.418761771161969
20.04,12.463027036627823,8.346433091648095,36.14202622148007,1.3702457121747111
20.05,12.018835921533155,7.2700904256119685,36.134098682474686,1.326618538224281
20.06,11.517187567468342,6.253199682267307,35.968141934296554,1.2859366493997277
20.07,10.970187872307896,5.315075370151242,35.66292992356036,1.2459363413588969
20.080000000000002,10.390342564127687,4.46910312346796,35.23946836351049,1.2045517947419184
20.09,9.789960038854607,3.722928006521842,34.71935363485988,1.160269933544385
20.1,9.180651030932358,3.0790738595567184,34.12342859084849,1.1122952333841434
20.11,8.572949084222687,2.5358304624570494,33.4708086053484,1.0605466193086024
20.12,7.976058142199978,2.088253324827966,32.77828283011859,1.005536524766597
20.13,7.397719529901748,1.7291507845037528,32.060046580450454,0.9481891134468193
20.14,6.844181272095071,1.4499722029784097,31.327693841397366,0.8896467457602685
20.150000000000002,6.3202479985384485,1.2415493437795477,30.590391206852146,0.8310987189172492
20.16,5.829388784114487,1.0946744279950664,29.855160455324555,0.7736504123743257
20.17,5.373882002994922,1.0005205254706997,29.12721037020862,0.7182379626939085
20.18,4.954979509846399,0.9509231585587559,28.410274354489946,0.6655848565970235
20.19,4.57307627945591,0.938547991984787,27.70692553094975,0.6161921830363595
20.2,4.227875400387892,0.9569704261113378,27.018853578193596,0.5703527825556238
20.21,3.918541652279829,1.0006908043508402,26.34709693038231,0.5281800617616128
20.22,3.6438396300943205,1.0651053466710247,25.692230306492245,0.4896438377103901
20.23,3.402254482245817,1.146448890553898,25.054511347449306,0.454607542357251
20.240000000000002,3.19209485539063,1.2417216894252392,24.433992055830217,0.42286301567612866
20.25,3.0115786779542204,1.3486091993065266,23.830601347404095,0.394160722044308
20.26,2.8589030685298895,1.4654010815608867,23.24420482658307,0.36823445675469313
20.27,2.73230001933042,1.590913546807713,22.67464725617119,0.3448204741080057
20.28,2.630079660268268,1.7244175871807244,22.12178235973734,0.3236715164930476
20.29,2.5506629212341223,1.8655744957430525,21.58549373453281,0.304566523207427
20.3,2.492605328653042,2.0143792590464207,21.065709857574017,0.2873169168404096
20.31,2.454613534146058,2.171111848971042,20.562415483183443,0.27177036382096303
20.32,2.4355560041877333,2.3362960652352336,20.07566117202613,0.2578128323744093
20.330000000000002,2.434469117863097,2.510665336725925,19.60557225624198,0.24536966150844008
20.34,2.4505597368411567,2.6951347367352367,19.15235821964466,0.23440623356122609
20.35,2.4832051345968083,2.890778372719643,18.716323238932727,0.22492872588381158
20.36,2.5319510045230045,3.098811251139662,18.29787847336703,0.21698531278136218
20.37,2.596508110286117,3.320574673466909,17.897556589215384,0.21066809988499557
20.38,2.6767479962629324,3.557524175490595,17.51602894580021,0.2061159987020488
20.39,2.7726980395582603,3.8112189660680382,17.15412583805613,0.20351868533545686
20.400000000000002,2.8845359953809906,4.083311742522869,16.812860172945054,0.2031217281659108
20.41,3.0125840611545303,4.375537648114322,16.493454940861543,0.20523290659439922
20.42,3.157302357765789,4.68970098323125,16.197374814319787,0.21022966672708476
20.43,3.3192815944608616,5.027658077825606,15.92636214852036,0.21856755794387028
20.44,3.499234542391805,5.39129447094495,15.682477551858538,0.2307893519153629
20.45,3.697985785888624,5.782494219189743,15.468145013586497,0.2475343453654628
20.46,3.916459045533551,6.203098768818618,15.286201287878704,0.2695470696493732
20.47,4.155661169106644,6.65485238260315,15.139948796485022,0.29768425229335505
20.48,4.416661663039065,7.139330630875041,15.03321067326145,0.3329183770806036
20.490000000000002,4.700566388572442,7.657847973781399,14.970385669012273,0.37633555491848986
20.5,5.0084837785889285,8.211340044189397,14.95649938996196,0.4291246471828051
20.51,5.341481655877776,8.800215994629218,14.997246678121941,0.49255370550447564
20.52,5.700532475814371,9.424176360617214,15.099017782600509,0.5679288876173829
20.53,6.0864446171234965,10.081992554690679,15.268898269169274,0.6565302408333167
20.54,6.499777267696462,10.771245669673865,15.514629383232943,0.759518396280497
20.55,6.940736592498226,11.488025165277373,15.84451194508316,0.8778067308613108
20.56,7.409051358021932,12.22659275779845,16.267233133685547,1.0118955553922857
20.57,7.9038271926210415,12.979023987843442,16.791592315817773,1.1616691617993546
20.580000000000002,8.423380389239322,13.73484999220626,17.426100416200466,1.3261639347164835
20.59,8.965054826691564,14.480735157078348,18.178428719921065,1.5033267857847326
20.6,9.52502938964738,15.200242168215363,19.054689496825215,1.6897977354716007
20.61,10.098128292310752,15.873753013378268,20.058544864053044,1.8807668974470317
20.62,10.677652820193003,16.478629654314542,21.19016421044989,2.069970467914535
20.63,11.255259687312387,16.98970629246495,22.445085683996293,2.2498958611521696
20.64,11.82091741884737,17.380199365339507,23.813082729625563,2.4122539380234533
20.650000000000002,12.362976235714594,17.623093572685384,25.277187439538398,2.5487377519902497
20.66,12.868386592708518,17.693005581487487,26.813067997741197,2.6520190739063336
20.67,13.323094342430291,17.56843992422155,28.388981535472702,2.716844551904689
20.68,13.712624507347227,17.234241957746345,29.966506833145672,2.7410074752700173
20.69,14.022840446199679,16.683941569078087,31.502186949686184,2.725927498578062
20.7,14.240833058619021,15.921601780380199,32.95007541547117,2.676608468500358
20.71,14.355861097294518,14.962776274931269,34.26499732142187,2.6008800901253215
20.72,14.36023688610518,13.834267011063176,35.40614883605191,2.5080352173517104
20.73,14.250040714847763,12.572558899281391,36.34052227024978,2.407178314649247
20.740000000000002,14.025558382405055,11.221057999877182,37.04561284041869,2.3057122711021347
20.75,13.691370715468489,9.826506864052003,37.51096455247246,2.2083514101423614
20.76,13.25607531122905,8.435120806541624,37.73832879846541,2.1168684178465047
20.77,12.731677443669529,7.0890290489568395,37.74048079876373,2.0305401942487964
20.78,12.132735356127473,5.823506209497252,37.5389865832366,1.9470557871863625
20.79,11.475374182819237,4.665280832366027,37.161369541667796,1.863561578314243
20.8,10.776287891904007,3.6319750827843853,36.63816034543747,1.7775553534813269
20.81,10.051832288796472,2.732529556821164,36.00023974842025,1.6874580088792923
20.82,9.317281684559488,1.9683418562189814,35.276742918666784,1.5928256219024663
20.830000000000002,8.586286526125921,1.3348074106723389,34.49363731005325,1.4942657300515672
20.84,7.870537053009588,0.8229800229812491,33.672953916880665,1.3931699119173393
20.85,7.179613834768167,0.4211390636502409,32.83256484363055,1.2913761159857624
20.86,6.520991525836935,0.11613170505547254,31.986360667316077,1.1908473539483981
20.87,5.900156506982712,-0.10556831573694597,31.144679273258916,1.0934174932811207
20.88,5.320800055058616,-0.2570894468645565,30.314859432391334,1.0006229192142206
20.89,4.785053741575421,-0.3506487608573989,29.501824113831447,0.9136165473250618
20.900000000000002,4.293740676050431,-0.39724996569270915,28.708630852688746,0.8331485419720337
20.91,3.846623369620551,-0.4065431287812311,27.936954015543677,0.7595939360206424
20.92,3.4426354261810572,-0.386800090587359,27.1874844436151,0.6930082558075812
20.93,3.080089520901561,-0.3449670177938123,26.460245762518035,0.6331957146989732
20.94,2.7568581037069597,-0.28676400154611925,25.754834764291687,0.5797787869947739
20.95,2.4705260777057365,-0.21680951693564737,25.070597169645673,0.5322619800199805
20.96,2.2185165517100582,-0.13875422121205863,24.40675116213678,0.49008590391277534
20.97,1.9981918744901033,-0.055413795855811285,23.76247047954992,0.45267016376853836
20.98,1.8069327299617837,0.031105570901729593,23.136937371153117,0.4194452263562298
20.990000000000002,1.6421982753102535,0.11929269029486925,22.529373927586214,0.38987438640568656
21.0,1.5015702676127904,0.20812959457338137,21.939058492779345,0.36346743870462284
21.01,1.382783943446204,0.29700294534059035,21.36533225114434,0.3397878027238945
21.02,1.2837481563782596,0.38562830836011636,20.807599724040085,0.3184547706883953
21.03,1.2025569835512375,0.47398650467169673,20.265325821432636,0.2991423529589606
21.04,1.1374947133588582,0.5622709961277929,19.738031258209578,0.28157594410482856
21.05,1.0870358389995012,0.6508451560624436,19.22528752453727,0.26552777422556034
21.06,1.0498414174217168,0.7402082614885346,18.726712156140632,0.25081187034954666
21.07,1.0247529148290642,0.8309690869480193,18.24196474524387,0.23727904656523452
21.080000000000002,1.0107844502198513,0.9238260581755893,17.77074393265529,0.22481227447417962
21.09,1.0071141671165003,1.0195530200766294,17.31278549846659,0.21332265741451398
21.1,1.0130753091757754,1.1189897773879391,16.867861601270683,0.20274613920938728
21.11,1.0281474455511574,1.2230366705169653,16.435781187166288,0.1930410158904807
21.12,1.051948184128506,1.3326525485201004,16.016391588065897,0.18418628145326724
21.13,1.0842256223589337,1.4488555926126478,15.609581345528365,0.17618082103008265
21.14,1.1248517136413891,1.5727265246281479,15.215284325896487,0.1690434624056373
21.150000000000002,1.1738166693995538,1.7054138036767317,14.833485231475272,0.16281390586076927
21.16,1.231224470589627,1.848140469371507,14.464226658960579,0.15755457005213402
21.17,1.2972895249048142,2.0022123298706225,14.107617909569232,0.15335341587712858
21.18,1.372334475024321,2.169027215827013,13.763845815343226,0.15032783944441985
21.19,1.4567891365378707,2.350085024829584,13.433187913373501,0.14862975811182558
21.2,1.551190519276342,2.546998261938189,13.11602837486833,0.14845204886742439
21.21,1.6561838601890255,2.7615027362283264,12.812877179630163,0.15003653464781197
21.22,1.772524566890196,2.995467995175322,12.524393118711016,0.1536837493427265
21.23,1.9010809354460412,3.2509069606649135,12.251411308000295,0.1597647427988024
21.240000000000002,2.042837460249849,3.529984062553354,11.994976000935754,0.1687352076519619
21.25,2.1988984935778815,3.835020935372254,11.756379594644647,0.18115221176722712
21.26,2.3704919323285716,4.168498435109469,11.5372088220828,0.1976937904550295
21.27,2.558972503045245,4.533053326564871,11.33939919897582,0.21918157214024309
21.28,2.76582407572086,4.931467464551977,11.16529882615181,0.2466064517434412
21.29,2.9926602526004498,5.366646618144376,11.017742600888429,0.28115704804449815
21.3,3.2412222390904404,5.841585238869826,10.900137714158467,0.3242502302828714
21.31,3.5133726973373265,6.359312426145842,10.816560930121863,0.37756230302223176
21.32,3.811083895616428,6.92281308032986,10.77186745508778,0.4430584055673323
21.330000000000002,4.136417985586695,7.534916760424421,10.771810061024047,0.523016205152817
21.34,4.4914966553706535,8.198145124903219,10.823165340611872,0.6200379283395652
21.35,4.878456718266605,8.914507145998817,10.933861289318507,0.7370420899938717
21.36,5.299387419919683,9.685229781280864,11.113096534687385,0.8772229247278911
21.37,5.756244424804585,10.510410871153063,11.371436130004257,1.043961649095483
21.38,6.250734666445815,11.388581377242213,11.720861582584188,1.2406697474153066
21.39,6.784165677057404,12.316166710087488,12.17474350516177,1.4705414742371938
21.400000000000002,7.3572529163578135,13.286843282520422,12.747694090118891,1.7361924947903802
21.41,7.969879398813925,14.290798507606302,13.455244271825904,2.039166880224522
21.42,8.620804141516548,15.313922533508496,14.313278815552676,2.379309473675773
21.43,9.307320356190816,16.336990315711876,15.33715517956716,2.75402949349571
21.44,10.02487173042496,17.334934456610537,16.54043462205548,3.1575277565199538
21.45,10.76664636140266,18.27636132234546,17.933174966706947,3.580123615934895
21.46,11.523183284955472,19.123519088159536,19.519783874004077,4.007889165190056
21.47,12.282045474456702,19.83297271114034,21.29651901291889,4.422853627033223
21.48,13.027633340054177,20.35725392708199,23.24885116852631,4.80403973597068
21.490000000000002,13.741229364599814,20.647702397917854,25.349068439651763,5.129487059006302
21.5,14.401370090682446,20.6585645472164,27.554662066161356,5.3791706903906515
21.51,14.984626954663822,20.35215255750435,29.808137343180523,5.538359101700232
21.52,15.466834156236914,19.70450965137843,32.03885675278466,5.600585706794245
21.53,15.82472723067867,18.710660550912245,34.1672746828053,5.569234373734807
21.54,16.037858576286638,17.388287053410526,36.11144579211933,5.456958864637454
21.55,16.09055795684449,15.778713777273518,37.7950643128866,5.282817323326739
21.56,15.973639414626923,13.944511332857974,39.15571154581355,5.0678838152177565
21.57,15.685552806870598,11.963771694291806,40.15169813952595,4.830761890635694
21.580000000000002,15.232753733257079,9.921962950787318,40.766065694311536,4.584472588199096
21.59,14.62920746962716,7.902914957562792,41.00695684017916,4.335558223636318
21.6,13.895111182539777,5.980669773761108,40.90446148103364,4.08528175895807
21.61,13.05506298490035,4.213591880686589,40.50486978451535,3.832033401367493
21.62,12.135985403254102,2.641435582690371,39.86372851081184,3.5738254280152506
21.63,11.165110127840785,1.2852974479118788,39.03910321881192,3.310044506491614
21.64,10.168264563440077,0.149800498910849,38.08608756511806,3.0421558246684235
21.650000000000002,9.168600249007495,-0.7734083303779419,37.05307650176331,2.773508727071821
21.66,8.185802019339874,-1.5017347899316307,35.97983298429574,2.508620424269308
21.67,7.235738209406002,-2.0579576597716844,34.897047964545195,2.252320836555543
21.68,6.33046564007577,-2.4671844089529977,33.82694717702847,2.009023845603944
21.69,5.478486477232832,-2.754586972157412,32.784497531226464,1.7822467158362625
21.7,4.685159041895757,-2.9438901661913848,31.778849356526205,1.5743885980946644
21.71,3.9531816876489096,-3.0564914667881204,30.814763191937843,1.3867175261706084
21.72,3.283090063818934,-3.1110584690221734,29.893875233646604,1.2194950278776242
21.73,2.6737283094035647,-3.1234565373890164,29.015737109935003,1.0721723245256334
21.740000000000002,2.122671391515605,-3.106884183274213,28.178620040268427,0.9436078639056794
21.75,1.6265881618792395,-3.072124082679438,27.380104527061043,0.8322734774147251
21.76,1.181543063760421,-3.0278458199875358,26.617490860000313,0.7364313010133163
21.77,0.7832395519896707,-2.9809192167734033,25.88806900513616,0.6542743723924384
21.78,0.4272110544383126,-2.9367139011660943,25.189283703228668,0.5840307361081137
21.79,0.10896647011845667,-2.899372306466964,24.518825105417843,0.5240347859397617
21.8,-0.17590263470025197,-2.872050718031478,23.874669046958772,0.4727713582768496
21.81,-0.43164637661865657,-2.857127471531248,23.255085196666265,0.4288985271272061
21.82,-0.6623063868204322,-2.8563799047621337,22.658626315783707,0.3912547074337852
21.830000000000002,-0.8716858568174894,-2.8711328985823954,22.084107855461664,0.3588549360799017
21.84,-1.0633353290601024,-2.902382310879102,21.53058406904062,0.33088031719172445
21.85,-1.2405505070278826,-2.9508966391533016,20.997324581629112,0.3066637386677134
21.86,-1.4063790229616826,-3.0173000470464597,20.483793787914845,0.2856741715631899
21.87,-1.5636336766534182,-3.102139579012514,19.98963438871255,0.2675011905212247
21.88,-1.7149101471372872,-3.2059390329846718,19.51465569636956,0.25184081191716723
21.89,-1.8626075867577214,-3.3292415981877808,19.058826931913813,0.23848333049344553
21.900000000000002,-2.008950841695238,-3.472643009898957,18.622275519194066,0.22730352979389618
21.91,-2.156013312557283,-3.6368166297843945,18.205290289945843,0.21825342732314282
21.92,-2.3057396804170627,-3.822531528261951,17.808329501806874,0.21135757155092028
21.93,-2.459967884054187,-4.030664319676279,17.43203360433838,0.2067108146348951
21.94,-2.620449848332285,-4.262205175562463,17.07724274045784,0.20447842323004067
21.95,-2.7888705356948433,-4.518258108414484,16.745019022362253,0.20489834241926236
21.96,-2.966864925590109,-4.8000352699962185,16.43667365484187,0.20828537791934668
21.97,-3.1560325220984886,-5.108844635964026,16.1537989779672,0.21503699274840365
21.98,-3.3579489490250856,-5.446070044533449,15.89830544655301,0.22564030935817017
21.990000000000002,-3.574174114362523,-5.813142114877544,15.672463432378011,0.2406797484585627
22.0,-3.8062563119961923,-6.211498088143458,15.478949497274241,0.260844501477136
22.01,-4.055731477537763,-6.6425281140647545,15.320896402876542,0.28693470384856257
22.02,-4.324116627807675,-7.1075049635376,15.201945547937221,0.31986473102988283
22.03,-4.612896292401483,-7.6074936137152,15.126299697658355,0.36066146328354604
22.04,-4.923500497542707,-8.143236684554083,15.09877272246521,0.41045465675136467
22.05,-5.257272600171687,-8.715011399327462,15.124831521098987,0.4704557409227157
22.06,-5.615425017264605,-9.322453743651895,15.210623293457004,0.5419205057675632
22.07,-5.998980690029735,-9.964346024185451,15.36297880250343,0.6260903886123342
22.080000000000002,-6.408698024117301,-10.638365380387967,15.589379224566752,0.7241066729106144
22.09,-6.844977142096115,-11.34079337626974,15.897870737078726,0.8368922654855853
22.1,-7.307745693788689,-12.066191077347604,16.296907406834084,0.9649973932600105
22.11,-7.796323351556696,-12.807050532113703,16.795099757854025,1.108409279617912
22.12,-8.309265663403156,-13.553442808365775,17.400844523484547,1.2663324095183786
22.13,-8.844190356994307,-14.292694929983343,18.12181189696608,1.4369559774126341
22.14,-9.397592673259568,-15.009142935030422,18.96427196679494,1.6172385179512456
22.150000000000002,-9.964660962587512,-15.6840245991669,19.932254231164038,1.8027552507006337
22.16,-10.53910951049647,-16.295590470121372,21.026555422715976,1.9876679819900596
22.17,-11.113051950907876,-16.819521217895858,22.243642881901927,2.1648845681455047
22.18,-11.676944767075739,-17.2297364896218,23.57454294539318,2.3264667644835475
22.19,-12.219634772666122,-17.499657846440105,25.00385223683068,2.4643133342848147
22.2,-12.728545041306928,-17.60393908961436,26.509055275327228,2.571085172551653
22.21,-13.190028156632259,-17.52059861535362,28.06035986069794,2.6412564808334125
22.22,-13.589901866989388,-17.23338603156626,29.621253979355473,2.6720912240478727
22.23,-13.914159521129633,-16.734106744543283,31.149927662234575,2.664292011437154
22.240000000000002,-14.149817658534918,-16.02454333864862,32.6015831047888,2.622087545437809
22.25,-14.285830509951316,-15.117587330830922,33.931487627957154,2.5526363082599173
22.26,-14.313973401906214,-14.037258911830936,35.09844087644617,2.46481137685309
22.27,-14.2295827765003,-12.817452984823476,36.06818219906714,2.367632787660487
22.28,-14.032046663101271,-11.499481010675868,36.81621029898161,2.268744695318501
22.29,-13.724968130409085,-10.12872187108905,37.32955757470307,2.173329202221828
22.3,-13.315971080583589,-8.750879474955529,37.607248962287684,2.083701542480905
22.31,-12.816172371898423,-7.408412982759449,37.659430264254084,1.9996046076489382
22.32,-12.239393608814298,-6.137638926245894,37.505399993444776,1.9190118343825011
22.330000000000002,-11.601218696342755,-4.9668306111237985,37.17095260222458,1.8391355769284174
22.34,-10.918013511116865,-3.9154185216744963,36.68550157374309,1.75734744469195
22.35,-10.206012612721704,-2.9941914024713463,36.079401267892734,1.6718159011118177
22.36,-9.480551029796752,-2.20625829408763,35.38176213057221,1.5817955560261985
22.37,-8.755485491523656,-1.548474035565199,34.61890320565518,1.4876096722171126
22.38,-8.04281713079205,-1.0130444315498564,33.81345074479167,1.3904263589268873
22.39,-7.352502164968532,-0.5890868328056544,32.98399665899966,1.2919402319445303
22.400000000000002,-6.692420701276205,-0.2639992545827537,32.145181661642525,1.194050854083736
22.41,-6.068466321796581,-0.02456464099761324,31.308058096658876,1.0985958460314162
22.42,-5.484718599182141,0.14222571899119424,30.480603550658216,1.0071642482210261
22.43,-4.9436647478962215,0.24860798204098197,29.66828520681785,0.9209916928873771
22.44,-4.446442973929871,0.3056993120282884,28.874606389410395,0.8409247964996865
22.45,-3.993087037753436,0.3233213377350446,28.101594708519166,0.7674363198207184
22.46,-3.5827580017496468,0.3099476751022206,27.350212903618715,0.7006723788395236
22.47,-3.2139545397173457,0.2727361426551409,26.620688498153072,0.6405157821170291
22.48,-2.8846973701130803,0.21761430900387452,25.912767588995504,0.5866535333191258
22.490000000000002,-2.5926863972300227,0.14939483747258941,25.225902869161033,0.5386405035877064
22.5,-2.335431181216792,0.07190386713401457,24.559387695833106,0.49595465257118265
22.51,-2.110356620457436,-0.0118889045814837,23.912447825669908,0.4580417495772882
22.52,-1.9148864207263065,-0.09974566511756465,23.284301212173677,0.42434932926277263
22.53,-1.746507216429401,-0.1900457107323122,22.6741945879751,0.39435072774517704
22.54,-1.6028162351395632,-0.28168263727813103,22.08142380844144,0.3675606382129532
22.55,-1.4815552578363982,-0.37397429745115895,21.505343319644886,0.3435438492600141
22.56,-1.3806333949966219,-0.4665854325382406,20.94536873103935,0.32191881157629476
22.57,-1.2981409215161943,-0.5594623430772847,20.40097534995942,0.30235751893435686
22.580000000000002,-1.2323561231995936,-0.6527786576819209,19.871694660701216,0.284582960394934
22.59,-1.1817468241319495,-0.746891113727469,19.35711007531599,0.2683651519465672
22.6,-1.1449679993590796,-0.842304222315489,18.856852809007943,0.25351651860992286
22.61,-1.1208566371364859,-0.93964271473775,18.37059840286841,0.23988718981049026
22.62,-1.1084248021648129,-1.0396307324586591,17.89806419707333,0.22736059928333863
22.63,-1.1068516659995125,-1.1430768096894894,17.439007920452465,0.21584964726378392
22.64,-1.115475112076218,-1.2508637948763994,16.993227484993792,0.20529358474608453
22.650000000000002,-1.1337833885571074,-1.3639429566283254,16.56056203911383,0.1956557126847168
22.66,-1.161407170039453,-1.4833316150842135,16.140894328676406,0.18692194798098397
22.67,-1.1981122964155975,-1.610113727454119,15.734154430769918,0.17910028784037443
22.68,-1.2437933811010073,-1.7454429335192894,15.340324956081723,0.1722212000386076
22.69,-1.2984684187332716,-1.890547630900706,14.959447857501367,0.16633897496444805
22.7,-1.3622744716196442,-2.04673769880293,14.59163303315215,0.16153409293268164
22.71,-1.4354644720568102,-2.2154125205362774,14.237068970360713,0.15791668474444487
22.72,-1.518405141573376,-2.3980699668716543,13.896035742838807,0.155631192831871
22.73,-1.6115759955371236,-2.596315990975763,13.568920746661748,0.15486237276756115
22.740000000000002,-1.7155693697072556,-2.8118744471080825,13.256237641598364,0.15584280850580756
22.75,-1.8310913712756216,-3.046596673894237,12.958649052718723,0.15886214692824535
22.76,-1.958963617479603,-3.3024702715569245,12.676993681856292,0.16427828441982403
22.77,-2.1001255762498836,-3.581626341576408,12.412318576785824,0.17253075473141888
22.78,-2.2556372611845434,-3.8863442348881923,12.165917402813381,0.1841565648227404
22.79,-2.426681952160361,-4.219052555970006,11.939375648043862,0.19980869102196863
22.8,-2.61456850677143,-4.582324776886103,11.73462375552697,0.22027736301931833
22.81,-2.8207326889154345,-4.978867306281214,11.553999190343637,0.24651410111422414
22.82,-3.046736760194537,-5.411497209763351,11.400318383529237,0.27965819520478447
22.830000000000002,-3.2942663468822015,-5.883105965802661,11.276959297514813,0.3210648711823496
22.84,-3.5651232983489876,-6.39660464405961,11.187954957572964,0.3723337147589147
22.85,-3.861212879869585,-6.954844699757863,11.13809758965643,0.4353349308716172
22.86,-4.184523182501113,-7.560507198737658,11.13305185918393,0.5122296120899258
22.87,-4.537094077898086,-8.215951773925129,11.179473935514167,0.6054782736870149
22.88,-4.920972397781621,-8.923015085157155,11.285130481959971,0.7178294126630749
22.89,-5.338149293881575,-9.682747242250203,11.459007915021083,0.8522767648110837
22.900000000000002,-5.790474980162267,-10.495073957655306,11.711397088530985,1.0119704327782388
22.91,-6.279545365753353,-11.358372766513234,12.053931665946848,1.200063604827991
22.92,-6.806554613095321,-12.268954463515026,12.499549706861632,1.419474139512796
22.93,-7.37210765687086,-13.22044733339482,13.062337588902484,1.6725405448301818
22.94,-7.975987577819089,-14.203093585692319,13.757204101519147,1.9605574511877504
22.95,-8.616874973801218,-15.202986722006731,14.59932220302694,2.283190119712332
22.96,-9.29202078692683,-16.201307325437572,15.603269897114796,2.637794826541109
22.97,-9.996881192520737,-17.173653952777876,16.78180537776728,3.018715073250952
22.98,-10.724733812497734,-18.089613960577147,18.14423265383736,3.4166815345402193
22.990000000000002,-11.466308954053389,-18.91277015031529,19.69436147907435,3.818507261072501
23.0,-12.20948714324963,-19.601380022672245,21.428147994495312,4.207316860786122
23.01,-12.93913268000699,-20.109973565473037,23.33122299666713,4.563542829792457
23.02,-13.637147821940713,-20.392064059351775,25.376663545918316,4.866820631905894
23.03,-14.282836640044136,-20.404025517950185,27.52351063525402,5.098688223876947
23.04,-14.853653187513258,-20.109946039747978,29.716626335396565,5.245667128887821
23.05,-15.326368003543807,-19.486939966305233,31.888446476696352,5.301973528200373
23.06,-15.678617975162338,-18.530067654715587,33.96295551487006,5.270955884801243
23.07,-15.890714926472885,-17.25579514601561,35.861773656866674,5.164555060097987
23.080000000000002,-15.947498035106776,-15.702966505161159,37.51167681189301,5.000674840472801
23.09,-15.839953607950962,-13.930642681555092,38.85233944589812,4.799141306836263
23.1,-15.566321594823323,-12.012837767039509,39.84281808706417,4.577534001051571
23.11,-15.132475790876041,-10.030961745499859,40.465441965740105,4.348235142914158
23.12,-14.551493435267759,-8.065378576783953,40.72635094977876,4.117496958578588
23.13,-13.842484892937481,-6.187677665544838,40.65273531403177,3.8864657570448453
23.14,-13.028889115787806,-4.454972636360434,40.28759354547094,3.653387264155486
23.150000000000002,-12.136517696819086,-2.9069197813414203,39.68327531608085,3.415971830412848
23.16,-11.191634810688361,-1.565443150311407,38.89511256201077,3.173126780381346
23.17,-10.219303254459284,-0.43660296722543923,37.97613421428866,2.925728786847235
23.18,-9.242135923548272,0.4862254822701876,36.97338806081159,2.6765351765742222
23.19,-8.279497892742487,1.2186910507007984,35.92593969201297,2.4295631965339863
23.2,-7.3471290982872555,1.7819677156929754,34.86429963618956,2.189293651770008
23.21,-6.457111247791495,2.199809429820942,33.81087745899547,1.9599594892111947
23.22,-5.618084113201023,2.4963195715083373,32.781046693677276,1.745050324031486
23.23,-4.835618744709462,2.6944286393352663,31.784472959357224,1.5470577945368271
23.240000000000002,-4.112669689985594,2.814978465743676,30.826458475753363,1.3674236640922994
23.25,-3.4500475752521584,2.876274145842006,29.909154479071482,1.2066282460516904
23.26,-2.846872371782891,2.8939658471075345,29.032571320154414,1.0643574371094366
23.27,-2.300983662949385,2.881143317522629,28.195369730321413,0.9396993225506194
23.28,-1.8092963302209877,2.848553178357952,27.39544855820397,0.831337017976834
23.29,-1.368098439380649,2.8048753493299214,26.63035968927305,0.7377184206024345
23.3,-0.9732933775177,2.7570167256587883,25.897585472568846,0.6571941252166869
23.31,-0.6205912467973433,2.710396622890685,25.194712355087738,0.5881218353832061
23.32,-0.30565587897262053,2.669209987935296,24.519529781067355,0.528939794044238
23.330000000000002,-0.024214169076513692,2.636661928602431,23.870077782005662,0.47821385889533535
23.34,0.2278658422670795,2.615171787321698,23.244661206891486,0.43466356420984276
23.35,0.4545222945523323,2.606547679433768,22.641843770414823,0.3971723889937191
23.36,0.6594671175807267,2.6121338241433714,22.060431218290354,0.36478687811343274
23.37,0.846169546170998,2.6329336081498522,21.499449912973763,0.3367084943337691
23.38,1.0178518657996454,2.6697114668668664,20.958124924814015,0.31228127420944013
23.39,1.1774943547461723,2.7230765551260188,20.435860134360393,0.29097761105375386
23.400000000000002,1.3278469487922977,2.7935509351369907,19.932221772058373,0.27238384000211985
23.41,1.4714456351967355,2.88162470736727,19.446926118285084,0.2561867705229143
23.42,1.610631987736615,2.9878001895511423,18.979831657136728,0.24216189967209
23.43,1.7475745905903306,3.1126269298116256,18.53093574065693,0.23016373375994822
23.44,1.8842913728783546,3.2567290297955793,18.100375714608383,0.22011843060855454
23.45,2.022672094644126,3.420825954052969,17.688434436708814,0.2120188311121322
23.46,2.1645003950789308,3.605747710089692,17.295550150196018,0.20592185936858043
23.47,2.3114749400584627,3.8124449947206016,16.922330735542015,0.20194821829321896
23.48,2.465229292712883,4.041994610095749,16.569572433226792,0.2002842767319347
23.490000000000002,2.627350180875502,4.29560014940021,16.238283196497367,0.201186020084054
23.5,2.799393850854069,4.5745876290805825,15.929710882149418,0.20498490518491502
23.51,2.982900178998025,4.880395392169421,15.645376506023029,0.2120954071432679
23.52,3.1794041609528865,5.214557216298937,15.387112761781092,0.2230239550984941
23.53,3.3904443123758536,5.578677121456673,15.157107905469095,0.23837880733816896
23.54,3.617567392649516,5.974393879840318,14.95795491613436,0.2588801928976062
23.55,3.8623287029183286,6.40333268152698,14.792705516895818,0.2853697227311599
23.56,4.126287010123253,6.867040812088044,14.664928132254904,0.31881762310285705
23.57,4.410992909625263,7.366903573548504,14.578768103760751,0.3603257427342228
23.580000000000002,4.717969163618085,7.904036073484433,14.539007411108448,0.41112351729358276
23.59,5.048681249584227,8.479145999403347,14.551119661069604,0.472553143833372
23.6,5.404496040504061,9.092362219181775,14.621314118604113,0.5460391670619761
23.61,5.7866262484998465,9.743024206679964,14.756559978423757,0.6330366208932988
23.62,6.196058048821318,10.429428180931298,14.964578862632345,0.7349510234763291
23.63,6.633459242762476,11.148527875799644,15.253789713882753,0.85302327031336
23.64,7.099065534395265,11.895591552902454,15.633186018547557,0.988173391025861
23.650000000000002,7.5925431492655475,12.663822862264034,16.11212107669442,1.140800039504351
23.66,8.112827322324414,13.443962098415899,16.699973649305665,1.3105384599882597
23.67,8.657938374092417,14.22389681721467,17.40566508829736,1.4959894859484804
23.68,9.224780433879243,14.988326771987264,18.237001943294512,1.6944464287035532
23.69,9.808932559919363,15.718546932374437,19.19982760386268,1.901664903149027
23.7,10.40444809429326,16.39243174813328,20.296985690689482,2.111740011553893
23.71,11.003685310020291,16.984719522921583,21.527129235213668,2.3171700782853515
23.72,11.59719999231414,17.4677010222612,22.883454173200995,2.509187123410337
23.73,12.173737099653286,17.81240236976478,24.352490877244563,2.6784102937044367
23.740000000000002,12.720361874683846,17.990309492041384,25.91314540303342,2.8158204764388306
23.75,13.2227679436756,17.975603383809087,27.536227930309728,2.913962434806404
23.76,13.665788272082303,17.747763826337778,29.184718459894015,2.968172181075202
23.77,14.03411257135253,17.294268818525687,30.81497644606855,2.9775394732694767
23.78,14.313182478432966,16.6129987712409,32.37898627965999,2.945298202147706
23.79,14.490197686605322,15.713891416315535,33.82754784652019,2.8784307936075697
23.8,14.555130114476867,14.619427489166162,35.11410201014196,2.7864761849123543
23.81,14.501619502080874,13.363680151420967,36.198682868433394,2.6797854406746566
23.82,14.32762217002507,11.989915852751189,37.051381146422585,2.5676710300339627
23.830000000000002,14.035710050459846,10.547030664261351,37.65473855744722,2.4569465528718704
23.84,13.632966765215079,9.085357032471093,38.00467970384772,2.351218831205528
23.85,13.130490774487795,7.652501312013263,38.10987943256723,2.251030407591694
23.86,12.54257692975331,6.289833927877792,37.98977303508958,2.1546761549417037
23.87,11.88569223057835,5.030071324481041,37.67165327481363,2.0593460971155597
23.88,11.177380057827047,3.8961287689652986,37.18740310697618,1.9622270683014058
23.89,10.435218754232952,2.9011681646892447,36.570378420904476,1.86130111970353
23.900000000000002,9.67593158077681,2.0495803604243683,35.85281855570466,1.755736218404703
23.91,8.914706110488064,1.3385555267066578,35.06398274995748,1.6459037400302217
23.92,8.164742261946571,0.759900359455341,34.22904292530654,1.5331382930935944
23.93,7.437016739863609,0.3018271902242706,33.36864158881842,1.4193751706071458
23.94,6.740231029111456,-0.04946775932472519,32.498958627285894,1.3067781306808197
23.95,6.080900258617912,-0.3085300672161421,31.632114989452063,1.1974295561736232
23.96,5.46353906058391,-0.48969903542659254,30.776758794010593,1.0931149867872676
23.97,4.8909050481832095,-0.6064615357739614,29.938713623462736,0.9952041855242846
23.98,4.364267935777059,-0.6710589743791211,29.121606743954118,0.9046134829387573
23.990000000000002,3.8836805026231467,-0.6942906539293483,28.327428827847633,0.8218271070202411
24.0,3.448235201421809,-0.6854593652793814,27.557002932629178,0.7469550915795362
24.01,3.056296552775197,-0.6524129664859992,26.810358485000425,0.6798089230743936
24.02,2.7057043389733324,-0.6016454423612231,26.087016933738656,0.6199809784354604
24.03,2.39394609607983,-0.53843035364444,25.386201278008482,0.5669186033878607
24.04,2.118299721642751,-0.4669676452489661,24.7069835573107,0.5199876898832143
24.05,1.8759484267310405,-0.39053115984701514,24.048384024959265,0.47852361423094014
24.060000000000002,1.6640710108075578,-0.3116089643112086,23.40943416887339,0.4418694384907197
24.07,1.4799107317580864,-0.23203198943748266,22.789213698473258,0.4094025189354377
24.080000000000002,1.320826040572532,-0.1530888035581536,22.1868695183191,0.3805513015165023
24.09,1.1843262673780868,-0.07562586421309019,21.601622794805042,0.3548042977577327
24.1,1.0680950642121925,-0.00013354771240844943,21.03276859797979,0.3317131769631933
24.11,0.9700040845937258,0.07318117975709017,20.47967129251799,0.3108916981891469
24.12,0.8881190455106284,0.1443342850272619,19.941757841500998,0.2920119212921981
24.13,0.8206999951279379,0.21351509170250205,19.418510434214365,0.27479883616916445
24.14,0.7661973113437972,0.28104629259972824,18.909459307936256,0.25902426723255423
24.150000000000002,0.723244688250036,0.34735228723811573,18.414176258164026,0.24450066463319398
24.16,0.690650131706541,0.41293466884375696,17.932269081627506,0.23107519223267856
24.17,0.6673857813586765,0.47835379454063476,17.46337703827789,0.21862436525412907
24.18,0.652577202854722,0.5442154906198976,17.0071673256358,0.20704937415546562
24.19,0.6454926483219051,0.6111620641578525,16.56333251111883,0.1962721497648577
24.2,0.6455326625308323,0.679866907753592,16.131588850260417,0.18623217163116929
24.21,0.652220313699859,0.7510320926373418,15.711675420397226,0.17688399064586957
24.22,0.6651922486887928,0.8253884449987008,15.303354013119769,0.1681954227900781
24.23,0.6841907096718916,0.903697690105336,14.906409749769548,0.1601463688084058
24.240000000000002,0.7090566007254089,0.9867563282102426,14.520652409619522,0.15272822116643298
24.25,0.7397236557978544,1.0754009753265592,14.145918488541293,0.1459438322054347
24.26,0.7762137321608522,1.170514960828225,13.782074036352697,0.13980803418202917
24.27,0.8186332337908313,1.2730360227170712,13.429018353744237,0.13434872177128787
24.28,0.8671706555283046,1.3839649804230565,13.086688665273002,0.12960853006483875
24.29,0.9220952297889901,1.5043752941333606,12.755065924307253,0.12564716597320424
24.3,0.9837566516727462,1.6354234385337878,12.434181950180813,0.12254447840717315
24.310000000000002,1.052585854224695,1.7783600267111883,12.124128148550144,0.12040438302032784
24.32,1.129096802063191,1.9345416154339374,11.825066124566566,0.11935979107697023
24.330000000000002,1.2138892672719535,2.105443103941627,11.537240566609059,0.11957872954931512
24.34,1.307652544903209,2.2926706015588785,11.260994857621306,0.12127188100894545
24.35,1.4111700549748774,2.497974580409762,10.996789963111532,0.12470181696813809
24.36,1.52532476144147,2.723263042068264,10.7452272508486,0.13019424595036883
24.37,1.6511053137539276,2.970614302803434,10.507076017821285,0.13815164530884644
24.38,1.789612780096842,3.242288830113808,10.283306634536332,0.14906968916628138
24.39,1.942067789096021,3.54073932905655,10.07513036261937,0.16355691611956566
24.400000000000002,2.109817823441609,3.8686179618891905,9.88404705308044,0.18235808704454973
24.41,2.2943443076924783,4.228779165279859,9.711902078487256,0.20638164591165223
24.42,2.497268994883394,4.624275976777596,9.560953973721082,0.2367315853356505
24.43,2.720358971591775,5.058347061520852,9.433954326181782,0.27474378983775877
24.44,2.9655293554337296,5.534390701221227,9.334241419063874,0.32202652051838665
24.45,3.234842436436966,6.055920827229283,9.265848917450432,0.3805040271195417
24.46,3.5305015957542207,6.626498707153771,9.23363038823994,0.4524612089412897
24.47,3.85483780149299,7.24963210177364,9.243399505433805,0.5405856428595873
24.48,4.210285812345847,7.9286315985378355,9.302084193737029,0.6480009730498315
24.490000000000002,4.5993464003301545,8.666411464515418,9.417890409969973,0.778282420056181
24.5,5.024529931895181,9.465219921569108,9.600467369415544,0.9354408595969794
24.51,5.48827554485605,10.326281592677356,9.86106032324935,1.1238565192685337
24.52,5.99283899554819,11.249333656751208,10.212628961036696,1.3481371254025598
24.53,6.540141170366852,12.232038068588574,10.669898664329606,1.6128691717133474
24.54,7.131568519853114,13.269256731929286,11.249297918656636,1.9222267385186274
24.55,7.767716712788942,14.35218716934249,11.968718525701455,2.2794033147871318
24.560000000000002,8.448070279160167,15.46737617847979,12.847017316919818,2.6858436138043844
24.57,9.170614837086363,16.595661843460366,13.903162294502192,3.1402815079483872
24.580000000000002,9.931385853179908,17.711143342560227,15.154918929436796,3.6376445518182736
24.59,10.723970052644134,18.780344310824876,16.616984009052114,4.167969655993149
24.6,11.538993609617268,19.761814809247156,18.298519168196666,4.715582931605535
24.61,12.363655210315986,20.60649530927256,20.200130230043005,5.258904588483251
24.62,13.181390107843468,21.25921557941374,22.31049412201328,5.771294103986404
24.63,13.971778251352593,21.661678510823847,24.60305029654396,6.223273390126871
24.64,14.71082616587082,21.75713133185162,27.033416819706677,6.586180311125375
24.650000000000002,15.3717453928115,21.496613151326503,29.538388853768872,6.836798292287172
24.66,15.926306131556105,20.84619337019314,32.03741458671016,6.961904056586768
24.67,16.346755062847965,19.794070292877052,34.43719689091681,6.9612643627013515
24.68,16.60815726338451,18.35597318675054,36.63947281350443,6.847749254501157
24.69,16.69088054099352,16.577249262945372,38.55115327555253,6.644090063255534
24.7,16.58283225512141,14.53050316199165,40.09512007366422,6.377143702407672
24.71,16.281033696916744,12.308668385473492,41.219451921977324,6.071656683736737
24.72,15.792205114536342,10.014630197822456,41.90299917111597,5.745748022642222
24.73,15.132223888778963,7.749509726955218,42.15609509936836,5.409454529427135
24.740000000000002,14.324554003815551,5.602041422375423,42.016483239193526,5.066223310520992
24.75,13.397950190342302,3.64101054804982,41.541747902802385,4.716056036393773
24.76,12.383852052246713,1.911704465161347,40.80021302950657,4.358682199144655
24.77,11.313879856834715,0.4362172170559262,39.86226007992624,3.9956196134268063
24.78,10.217746440868586,-0.783367511841363,38.79346143231321,3.6307892339202708
24.79,9.12175708120764,-1.7602222410553447,37.65015511426344,3.269997957903864
24.8,8.04793045804876,-2.517658465576444,36.47740328966917,2.9198694915370376
24.810000000000002,7.013671389413055,-3.0845063248972324,35.30884685871866,2.586744841092849
24.82,6.031870529057463,-3.4914456469260498,34.16781019725523,2.275863872721903
24.830000000000002,5.111291892822772,-3.7684076200410903,33.06905071613312,1.9909279151727763
24.84,4.257122360211979,-3.942950869223759,32.02069035148308,1.7340031819714072
24.85,3.471584161410072,-4.039413446752795,31.02603159597801,1.5056634172770837
24.86,2.754541194330422,-4.0786210053364185,30.085103328584466,1.3052641897364174
24.87,2.104056566662968,-4.077955900062107,29.195884193214024,1.1312628428079343
24.88,1.5168793882364389,-4.051634823723266,28.355214207579927,0.9815271165700938
24.89,0.9888532581007,-4.011086948758623,27.55943725236818,0.8536012292195907
24.900000000000002,0.5152479995883434,-3.9653622282650685,26.80482828226128,0.7449170144348696
24.91,0.09102129353890487,-3.9215279611097396,26.0878581655088,0.6529495866891852
24.92,-0.28898080282323385,-3.885031436573845,25.405342182282205,0.5753234614294598
24.93,-0.6298748693567182,-3.8600191520223324,24.754509286015942,0.5098778264047221
24.94,-0.936633493597544,-3.8496106641409034,24.133020420056965,0.45470018503121556
24.95,-1.2140127331623547,-3.8561292579285382,23.538956504390484,0.4081368987329892
24.96,-1.4665065067403522,-3.8812935678448075,22.97079050369454,0.36878790479212076
24.97,-1.6983218652966432,-3.9263749490652358,22.427353235873994,0.3354914738341589
24.98,-1.9133701291337697,-3.9923253521985376,21.907799092072935,0.30730351301828013
24.990000000000002,-2.1152697886025202,-4.079880057059373,21.4115753747529,0.2834747226455925
25.0,-2.307357845356931,-4.189639074667892,20.93839728426932,0.26342791469561044
25.01,-2.492706921493864,-4.322130440725594,20.48822949096353,0.24673700380480085
25.02,-2.6741459970519146,-4.477858050511591,20.06127455114756,0.2331085664229039
25.03,-2.8542830656842795,-4.657336144438097,19.657968029830585,0.22236640463718926
25.04,-3.0355283370921584,-4.861112048596311,19.2789799801528,0.2144392161292882
25.05,-3.220116874850901,-5.089778300921683,18.925222323678977,0.20935122944676512
25.060000000000002,-3.4101297496972434,-5.343974843810912,18.597861620057525,0.20721548445321272
25.07,-3.6075129196222533,-5.62438153099496,18.298336665282182,0.20822929427624975
25.080000000000002,-3.8140931262804303,-5.931700775049793,18.028380279508163,0.21267129305983395
25.09,-4.031590128324183,-6.266629750430298,17.79004450723619,0.22089933223908717
25.1,-4.2616245818493566,-6.629821168868245,17.585728225443713,0.23334831928939162
25.11,-4.505720831885531,-7.021831270402485,17.41820580923706,0.25052688378649457
25.12,-4.765303803470019,-7.443053345841365,17.2906550087853,0.2730114993396914
25.13,-5.041689085090454,-7.8936348614492795,17.20668151381655,0.3014363894873106
25.14,-5.336065193490562,-8.373376150299245,17.170336792721876,0.33647721910681655
25.150000000000002,-5.649466914701941,-8.881608748965412,17.186124669548143,0.37882626135281594
25.16,-5.982738556985826,-9.4170519066169,17.258990738103673,0.4291565076504337
25.17,-6.336485962561832,-9.977646725793262,17.394287134537723,0.48807217328657587
25.18,-6.711016254641949,-10.560368996227806,17.597703479001687,0.5560434165068662
25.19,-7.106264607054683,-11.161024269083542,17.87515311851504,0.6333240650504919
25.2,-7.5217078932076245,-11.774032307507593,18.23260244278652,0.7198530050589991
25.21,-7.956265988734138,-12.392212916750875,18.67583044755221,0.8151429075786681
25.22,-8.40819286047664,-13.006591357336633,19.21010652042776,0.918164329972721
25.23,-8.874961451801914,-13.606248890154745,19.839777448626954,1.02723887028108
25.240000000000002,-9.35314880564635,-14.17825190511374,20.56776085920306,1.1399614475765847
25.25,-9.838330801342972,-14.707700380009557,21.39495264845744,1.253177705050359
25.26,-10.324999128156344,-15.177941215162468,22.31957108129133,1.3630458911790875
25.27,-10.806516288222968,-15.570991657231529,23.336480036465076,1.46521048683185
25.28,-11.275126883070856,-15.868209412546717,24.436556913163713,1.5551041990238743
25.29,-11.722044318851895,-16.0512261208397,25.606193692676182,1.628373594891261
25.3,-12.137630336407865,-16.103127803221547,26.827037099709823,1.6813922222684516
25.310000000000002,-12.511679448530783,-16.00982062212636,28.076078474549035,1.7117887524336244
25.32,-12.833810837196182,-15.761467907883205,29.326188202779427,1.7188869752170124
25.330000000000002,-13.093956700277886,-15.353834964899042,30.547147862582875,1.703943389019677
25.34,-13.282919762086022,-14.789345720515728,31.707165561447685,1.6700891964621392
25.35,-13.39295627999133,-14.077654639941088,32.77477436075755,1.621940659654979
25.36,-13.418327986652708,-13.235578836975874,33.72092714687791,1.5649244246397818
25.37,-13.355760790967263,-12.286319181723998,34.52103650324634,1.50444750367085
25.38,-13.204752527755558,-11.258012232697723,35.15668682860883,1.4450938266591182
25.39,-12.967687269055103,-10.181771905679389,35.616780547775164,1.3900274083986606
25.400000000000002,-12.649737602320723,-9.08947100538529,35.89796748503087,1.3407236914429987
25.41,-12.258564288419553,-8.011553612658261,36.00432657696784,1.2970565803215863
25.42,-11.803849032760656,-6.975149856140749,35.94639193165868,1.2576741781807739
25.43,-11.296715405994195,-6.002692773541346,35.739710687114886,1.220533700876966
25.44,-10.749101914795588,-5.111134997701656,35.40316828695004,1.1834512438705167
25.45,-10.173149297327505,-4.311758528600192,34.95731337486046,1.144550192321008
25.46,-9.580653299990152,-3.610487379532441,34.422869694720944,1.1025441167554788
25.47,-8.982618053270077,-3.008563511493473,33.819554801465735,1.0568439959313372
25.48,-8.38892761002676,-2.5034326323108598,33.16525463029909,1.007519696838638
25.490000000000002,-7.808137452746477,-2.0897008071026555,32.475543850309506,0.9551656724995694
25.5,-7.247375793609364,-1.760054024885085,31.763502017869158,0.9007228606212596
25.51,-6.712336971807971,-1.506069755866442,31.039755723706946,0.8452990961211914
25.52,-6.207345885383735,-1.3188838397359701,30.312673619258057,0.7900158329919443
25.53,-5.735472287568607,-1.1897031528708095,29.58864894157039,0.7358947566874361
25.54,-5.298675844306658,-1.1101729770077053,28.872417545159443,0.6837867723269364
25.55,-4.897966082872621,-1.0726185244899122,28.16737428964685,0.6343387231454642
25.560000000000002,-4.533564973991866,-1.0701844077672709,27.47586422965799,0.587989643909617
25.57,-4.205063351808782,-1.0968959582283186,26.799436064750047,0.5449874600097214
25.580000000000002,-3.911565388324406,-1.1476639550582566,26.139053369730537,0.5054178059474429
25.59,-3.651817777765767,-1.2182508440749502,25.495264469340633,0.4692382261537561
25.6,-3.4243221440971556,-1.3052127904361217,24.86833495480101,0.43631285081803156
25.61,-3.227430519785705,-1.405828428510915,24.258348341079117,0.4064443545853421
25.62,-3.0594246435308503,-1.5180221898891597,23.6652807615386,0.37940142986215203
25.63,-2.9185803822606586,-1.6402876770226476,23.089055318442497,0.3549410827784017
25.64,-2.803218884206496,-1.7716146783450655,22.529581069806063,0.3328258037792728
25.650000000000002,-2.7117461879075693,-1.9114220177818702,21.986780851522184,0.31283612728270843
25.66,-2.642683004433655,-2.059497409874341,21.46061134463905,0.2947793390949085
25.67,-2.5946863010325605,-2.215944766840966,20.951078078246987,0.27849517816898145
25.68,-2.5665641761505946,-2.3811389022170353,20.45824744511937,0.26385936425316725
25.69,-2.557285351236885,-2.555687236881482,19.98225731050002,0.2507857073581822
25.7,-2.5659844295189855,-2.740397889505372,19.523327409298588,0.23922744993375358
25.71,-2.59196389612286,-2.93625338763114,19.081770440432948,0.22917837933930618
25.72,-2.6346936635350424,-3.144389139074741,18.65800456273233,0.22067413951419076
25.73,-2.693808804523382,-3.366075733879915,18.252567857613254,0.21379407311012538
25.740000000000002,-2.7691059621282417,-3.6027040870235187,17.866135233288322,0.2086638402494869
25.75,-2.860538782497163,-3.8557723671047595,17.499538188309938,0.20545898535796964
25.76,-2.9682125792666154,-4.126873574208571,17.153787814434466,0.20440955422258733
25.77,-3.092378305101861,-4.4176825204088574,16.830101386018235,0.20580579227167894
25.78,-3.2334257734120984,-4.729940819531802,16.52993284061754,0.21000487266839235
25.79,-3.3918759371717977,-5.06543830054745,16.25500738643633,0.21743849759900152
25.8,-3.5683718878717317,-5.4259890145928065,16.007360356691418,0.2286210742612771
25.810000000000002,-3.7636680814538326,-5.813399705033215,15.789380243869493,0.24415797227591965
25.82,-3.9786171254372693,-6.229428253427091,15.603855556645794,0.2647531032178888
25.830000000000002,-4.214153268858142,-6.675729209394692,15.454024709088047,0.29121470632384183
25.84,-4.47127152224333,-7.153783078611129,15.343627526330051,0.3244577592708555
25.85,-4.751001099587874,-7.6648056180604796,15.27695607396316,0.36550084766046576
25.86,-5.054371623888154,-8.209633035983533,15.25890132247108,0.4154546247084672
25.87,-5.382370285265404,-8.788578818968185,15.294990572359614,0.4754982052778588
25.88,-5.735887910186439,-9.401258066515286,15.391408526923621,0.5468390460566048
25.89,-6.115651731591273,-10.046375928610107,15.554992371732403,0.6306512227043036
25.900000000000002,-6.522142604160673,-10.72147832084839,15.793188226596627,0.7279867906825779
25.91,-6.955494575389309,-11.422665928881358,16.113953010422552,0.8396555161978372
25.92,-7.415375223372333,-12.144277078547388,16.525582415444283,0.9660702518995636
25.93,-7.900846162968036,-12.878551835116706,17.03644290819158,1.1070593031437963
25.94,-8.410204789351798,-13.615299117223584,17.654584412323484,1.2616539926311081
25.95,-8.94081086811735,-14.341600803706108,18.387211984709705,1.4278697444923845
25.96,-9.488905159202824,-15.041601330072666,19.240001230600182,1.602512132618681
25.97,-10.049431940941364,-15.696446683670631,20.21625558421968,1.7810538896332706
25.98,-10.615882934930443,-16.284450142860873,21.31592595951018,1.95764124064521
25.990000000000002,-11.180186233128666,-16.781568923862622,22.534545776823176,2.1252921012525605
26.0,-11.732669425976956,-17.162269760268128,23.86217595857179,2.2763368391251535
26.01,-12.262129693090747,-17.400835193708513,25.28250046949499,2.403117077755349
26.02,-12.75604311972997,-17.47311011883404,26.772253769463163,2.498896829756937
26.03,-13.200938742701158,-17.35860864083192,28.301182600099256,2.5588607711895857
26.04,-13.582948083358211,-17.04280189236451,29.83272858493183,2.580998541533704
26.05,-13.888517871626837,-16.519306901346397,31.325550583281395,2.5666353967670323
26.060000000000002,-14.105244345280115,-15.791624379600549,32.73588256524433,2.5204024340801903
26.07,-14.222756849350123,-14.874062927943465,34.02055824747691,2.449558553660568
26.080000000000002,-14.233553810305764,-13.791563615065126,35.140363347865204,2.362758346119482
26.09,-14.133683535299168,-12.578304170397795,36.063250357500905,2.2685427393671054
26.1,-13.923171613970302,-11.275186241974623,36.76691760944535,2.1739339984745487
26.11,-13.606127059233646,-9.926534669643871,37.24033942521448,2.0834898982498626
26.12,-13.190505583905031,-8.576497983596983,37.48402413255228,1.9990184912070597
26.13,-12.687560243397417,-7.265685329867549,37.509020947996824,1.9199398360908517
26.14,-12.111054810499782,-6.028495855945016,37.33492507273209,1.8440947248273973
26.150000000000002,-11.476343618212573,-4.89142314477915,36.9872812977452,1.7687105587411742
26.16,-10.799428507753934,-3.872407255755819,36.4948294680274,1.6912560214952905
26.17,-10.096090485354585,-2.9811201581297704,35.886977760345026,1.610014854469692
26.18,-9.38116700559809,-2.21994752929409,35.19176746574069,1.524329513995399
26.19,-8.668013672912346,-1.5853835833785705,34.43445096622101,1.4345615825801568
26.2,-7.968158971080726,-1.0695741252484714,33.63668044053133,1.3418662466716547
26.21,-7.29113724236991,-0.6618018097193668,32.81621952756093,1.2478853194676116
26.22,-6.6444704530194105,-0.3497808186624946,31.98704788119664,1.154442501621927
26.23,-6.033762840761036,-0.12069639624956524,31.159721851081997,1.063293019041099
26.240000000000002,-5.462872501018367,0.03802268938548933,30.341871053272964,0.9759499594840988
26.25,-4.934128046808696,0.1381765583952586,29.53873821414446,0.8935877411974477
26.26,-4.448564592416415,0.19047162341134322,28.753699225714087,0.8170103988343909
26.27,-4.006159900369355,0.20435761951931036,27.98872634913181,0.7466672023605947
26.28,-3.606057610061491,0.18798110329392986,27.24477756060515,0.6826980426849687
26.29,-3.2467695391724596,0.148218444253968,26.522108865579384,0.624993697815573
26.3,-2.926352968743287,0.09075887375961744,25.8205148636573,0.5732598188831894
26.310000000000002,-2.6425616529245284,0.020215487288167744,25.13950720612118,0.527077183897836
26.32,-2.392971201812736,-0.05975156713647742,24.47844212588239,0.48595391797077314
26.330000000000002,-2.1750806688038073,-0.14631040330960315,23.836608004674947,0.44936778134149635
26.34,-1.9863928213592277,-0.2373380518626823,23.213282773722995,0.4167982928220755
26.35,-1.8244758461575559,-0.33131049914471206,22.6077693683331,0.38774949591814134
26.36,-1.6870092623090645,-0.4272042013526286,22.019415815674115,0.3617647301759991
26.37,-1.5718166834900646,-0.5244098514437489,21.447625020260045,0.3384349801746619
26.38,-1.4768878483405419,-0.6226583269913417,20.89185801366957,0.31740235786543536
26.39,-1.4003920740159428,-0.7219582257932676,20.35163338045605,0.2983601239249008
26.400000000000002,-1.340685010501464,-0.8225441005585142,19.82652475116922,0.2810504386971763
26.41,-1.2963103021279485,-0.9248343604927847,19.316157637853287,0.2652607998172041
26.42,-1.2659975088817625,-1.029397763906567,18.82020644251628,0.25081990112916513
26.43,-1.2486574095649476,-1.136927445803446,18.338392160087558,0.23759345250363842
26.44,-1.2433756041800665,-1.2482214827698188,17.870481093004603,0.22548033994452144
26.45,-1.2494051544096818,-1.364169077184377,17.41628476849856,0.21440938127595752
26.46,-1.266158847663381,-1.4857415319239802,16.975661180860257,0.20433684240270508
26.47,-1.2932015399624996,-1.6139872770713692,16.548517453356677,0.19524481845568079
26.48,-1.3302429235269295,-1.7500302957119305,16.134814016163322,0.18714054818272186
26.490000000000002,-1.3771309736667503,-1.895071372347181,15.734570419286309,0.18005671388375816
26.5,-1.4338462536933734,-2.0503916512636713,15.347872937298725,0.17405277862958865
26.51,-1.500497193235897,-2.2173580403205824,14.974884172185458,0.16921742365555686
26.52,-1.577316401745539,-2.397430025037178,14.615854919509028,0.1656721684685393
26.53,-1.6646580322309223,-2.592167465232972,14.271138630237624,0.16357628153640644
26.54,-1.7629961674515398,-2.8032389277949177,13.941208875130533,0.16313311776001022
26.55,-1.8729241588199905,-3.032430059395327,13.62668029974832,0.16459804731792949
26.560000000000002,-1.9951548037913167,-3.2816514157519707,13.328333644589017,0.16828816521695925
26.57,-2.130521196840338,-3.552945031124861,13.047145493997723,0.17459398683854838
26.580000000000002,-2.2799780280085384,-3.8484888228417518,12.784323504771354,0.1839933345032647
26.59,-2.4446030265046255,-4.1705976678969305,12.541347943018774,0.19706759270515237
26.6,-2.6255981491487144,-4.521719646523756,12.32002041332342,0.2145204394242054
26.61,-2.824289987683933,-4.904425502899366,12.122520678167401,0.23719902532708176
26.62,-3.0421287070807357,-5.321388805541889,11.951472408672196,0.2661173403834078
26.63,-3.280684619664307,-5.77535357872291,11.810018537094049,0.30248113599622056
26.64,-3.541641236935635,-6.269085303143722,11.701906535732686,0.3477132046230735
26.650000000000002,-3.8267833116492502,-6.805300139256247,11.631583340033107,0.4034769887744448
26.66,-4.137977977207376,-7.386566017819965,11.60429864862039,0.47169531673661624
26.67,-4.477146603026325,-8.015167910700406,11.626213815250724,0.5545594605666517
26.68,-4.846224413599555,-8.69292823859865,11.70451130114774,0.6545216180714315
26.69,-5.247104279298214,-9.420972181020852,11.84749644580386,0.7742613272748317
26.7,-5.681560415342612,-10.199426956562627,12.064678881676782,0.916613347770881
26.71,-6.151147095692235,-11.027044468771981,12.366815022139951,1.0844415405713632
26.72,-6.6570670306848125,-11.900738866039013,12.76588555048625,1.2804409860717847
26.73,-7.200003980673602,-12.815035679449526,13.27497283312556,1.5068503141713108
26.740000000000002,-7.779914797834091,-13.76143877354143,13.907993252375007,1.765060048803006
26.75,-8.395777846585984,-14.72773713822119,14.67922999847161,2.0551135533960982
26.76,-9.045298220262568,-15.697297313950077,15.602605514621002,2.3751182439302463
26.77,-9.724576005333686,-16.648420064147427,16.690633868181802,2.7206189057658774
26.78,-10.427752667361425,-17.553881076554887,17.953008045506355,3.084032342282471
26.79,-11.146662786956792,-18.380820784086616,19.394813281648464,3.454297325955096
26.8,-11.870533517116304,-19.091188115102085,21.014422717293602,3.8169401458875196
26.810000000000002,-12.58579069195777,-19.64296024754657,22.801230084004658,4.154766109251234
26.82,-13.276045117894858,-19.99233161221332,24.733500825467182,4.449325037031489
26.830000000000002,-13.922339754055702,-20.096964625222295,26.776757316684918,4.683134348844373
26.84,-14.503731135305364,-19.920204642827077,28.883214326218695,4.842379997544226
26.85,-14.998249507018981,-19.435890224751358,30.992788487193195,4.919518404030231
26.86,-15.384228051189728,-18.633086535184404,33.036059829511274,4.9150055062349916
26.87,-15.641915987577194,-17.519830818244927,34.93923395590095,4.837440723605739
26.88,-15.755207271040247,-16.12492626632135,36.6306765515776,4.701818662284259
26.89,-15.713249628848725,-14.4970503162919,38.04808972575786,4.5262373211684785
26.900000000000002,-15.51167431598029,-12.700960822991432,39.145055526067374,4.328035639416635
26.91,-15.15322355175468,-10.811264927752852,39.89565553521452,4.12058831679766
26.92,-14.647649516458454,-8.904835341065077,40.2962487064117,3.9117029360079862
26.93,-14.010892836785645,-7.053286401876075,40.364152793177986,3.7038805874082956
26.94,-13.263681278542387,-5.31683704831161,40.133698660976805,3.4959815896126907
26.95,-12.429782855731288,-3.7404406545174833,39.65066092884515,3.2854326322412337
26.96,-11.534179475996917,-2.3524417573647005,38.966259325093056,3.070144480202231
26.97,-10.601398049439853,-1.1654521390023482,38.13177282700989,2.8496519941666785
26.98,-9.654164930676695,-0.1787815746282776,37.19443690282908,2.625399712604163
26.990000000000002,-8.712463659860289,0.6183444174394108,36.194869223960204,2.4003868952137237
27.0,-7.792998845830762,1.2434488124050271,35.16592288718284,2.1784924455033368
27.01,-6.909014526451747,1.7178140589284305,34.13265984742606,1.963762117069209
27.02,-6.070386818415183,2.0640844354046055,33.113067937230426,1.759835597883307
27.03,-5.283904131590454,2.304525194848103,32.119173160349426,1.569584142228921
27.04,-4.5536564125247905,2.459886816215426,31.158277431803377,1.3949532579428738
27.05,-3.8814705214526772,2.5487639723826163,30.234142545087206,1.2369654652130224
27.060000000000002,-3.267346371059735,2.5873230458966097,29.348021000950858,1.0958270507572416
27.07,-2.709864445255781,2.5892818956787544,28.499493963057045,0.9710882599709747
27.080000000000002,-2.2065481872954202,2.566047150127899,27.687115347560074,0.8618187902941014
27.09,-1.7541741625362226,2.526938409635206,26.90888259177877,0.7667737018032142
27.1,-1.349029217019456,2.479450449093144,26.16256392691215,0.6845360131444644
27.11,-0.9871177057736998,2.4295218542406634,25.445913535560614,0.6136304071176965
27.12,-0.6643239244371568,2.3817912860599924,24.75680328631353,0.5526077958974015
27.13,-0.3765357253855153,2.3398313629166636,24.093295169360854,0.5001035700159404
27.14,-0.11973538543352752,2.306355869585305,23.45367355325126,0.4548738204789925
27.150000000000002,0.10993656097428953,2.2833995075058966,22.83645172556416,0.4158142341328118
27.16,0.31613938460995045,2.2724714020750474,22.240363220223333,0.3819661418294398
27.17,0.5023076424634241,2.2746846127249882,21.664345266091402,0.35251364572846006
27.18,0.6716402633668664,2.290864322604826,21.107519273074704,0.3267750643058631
27.19,0.8271000482836655,2.3216374641843487,20.569171499018438,0.30419123455238545
27.2,0.9714209567091243,2.3675064218417674,20.04873579061319,0.2843125708696255
27.21,1.1071210422473996,2.4289092376816432,19.54577944656307,0.266786233992645
27.22,1.236519322352523,2.5062684877520316,19.059992708934185,0.25134432236222254
27.23,1.3617552234961359,2.600030722934857,18.591182065216667,0.23779365998807916
27.240000000000002,1.4848095394229786,2.7106980975455484,18.139267373831967,0.22600750825300772
27.25,1.6075260829084026,2.8388535457565256,17.704282760348704,0.21591935980356455
27.26,1.7316334065402497,2.9851806128413094,17.286381234518842,0.20751886508292328
27.27,1.8587661209175477,3.1504788032742335,16.885843023709604,0.20084988112215735
27.28,1.9904854539202805,3.3356750671929007,16.50308768831501,0.19601060412093999
27.29,2.128298776113921,3.5418318053335947,16.13869016649384,0.19315573974805614
27.3,2.273677867735113,3.7701515235868506,15.79340097955592,0.19250066676541025
27.310000000000002,2.428075723914909,4.021978003745428,15.468170907427087,0.19432754989574863
27.32,2.592941687680533,4.298793567452329,15.164180507611004,0.1989933459573507
27.330000000000002,2.769734664648457,4.6022116851807935,14.882874890889989,0.20693961111771925
27.34,2.9599341079502195,4.933963809698161,14.626004169129976,0.21870394231066054
27.35,3.1650483645769993,5.295878881928972,14.395669936022971,0.23493275460990326
27.36,3.38661984185191,5.6898534553109075,14.194378003820427,0.25639488635612406
27.37,3.626226281361715,6.1178098044132,14.02509736127029,0.2839952076141351
27.38,3.885477213475249,6.581638722927655,13.891324890166533,0.318786952619992
27.39,4.166004405338115,7.083122985210798,13.79715471424058,0.3619808677075642
27.400000000000002,4.469444807919782,7.6238366747111845,13.74735007025993,0.4149484291733049
27.41,4.797414156706554,8.205014834808429,13.74741418371997,0.47921531924289484
27.42,5.151468997305706,8.827387285568689,13.803654680804552,0.5564400619342753
27.43,5.533054515836937,9.490970159039902,13.923233448410588,0.6483712840423799
27.44,5.943435198780588,10.19480902195879,14.11419045449069,0.7567756554790227
27.45,6.3836051012851,10.936668795266613,14.385425807415048,0.883327521081679
27.46,6.854174480324505,11.712668618742457,14.746619335734508,1.0294511465257539
27.47,7.3552299148788345,12.516865083799814,15.208061508936597,1.1961082541142982
27.48,7.886166015871028,13.34079572974464,15.780364274023063,1.3835283322004766
27.490000000000002,8.445488712219738,14.173007229603408,16.474016593651587,1.5908884880045622
27.5,9.030593218826883,14.998609876511937,17.298749134304245,1.8159646565463778
27.51,9.637524474745527,15.79892168827706,18.262678534914116,2.054797179799092
27.52,10.260734306263894,16.551290124995763,19.371217631088662,2.3014394671138536
27.53,10.892857769202413,17.22920322697774,20.625767807103266,2.547883414350628
27.54,11.524540501423758,17.802817995019474,22.02225621040658,2.784269487675566
27.55,12.144358142946356,18.24003175965359,23.549643735173646,2.999478379326656
27.560000000000002,12.738875649544193,18.508189542399585,25.18860341901977,3.182149490802301
27.57,13.292895363722801,18.576445439847728,26.91063853604415,3.3220709150546335
27.580000000000002,13.789934234653055,18.418674286890134,28.677950998427498,3.411746504683456
27.59,14.212949390605198,18.01667139146004,30.44435324171904,3.447806690602291
27.6,14.545296408735144,17.363214026900657,32.157413368960924,3.431855444095625
27.61,14.771859224216337,16.464440121731368,33.76182511945241,3.370403217152881
27.62,14.88024295000699,15.34098689820542,35.203726078298324,3.2737528690117346
27.63,14.861883549731562,14.027468577551996,36.43541386675864,3.154033309307284
27.64,14.71291491828886,12.570156870574657,37.419721458485334,3.022886609345215
27.650000000000002,14.434653830976433,11.023100058000873,38.13329224977771,2.889458676292426
27.66,14.033616565971323,9.443267387732973,38.56817721113863,2.75923675723754
27.67,13.521056844368546,7.8855196673383325,38.73152035605578,2.6339606006540777
27.68,12.912093945569323,6.398213063793319,38.64350037357461,2.512457667958232
27.69,12.224561974362583,5.02004707949372,38.33403001379292,2.3919851987851803
27.7,11.477741980011817,3.7784470257296148,37.83888795765621,2.2695961253947288
27.71,10.691134360167188,2.6894363140272652,37.195944905598544,2.143162863691653
27.72,9.88339653949169,1.758699053882236,36.44198703014643,2.0118980756411875
27.73,9.07152330242958,0.9834058360774354,35.61041271339143,1.8764017830280022
27.740000000000002,8.270298077477202,0.3543709221702954,34.729858827458045,1.7383787563778137
27.75,7.49200308873585,-0.14181065913766272,33.82365062544015,1.600200278345643
27.76,6.746349552761659,-0.5208800439626877,32.90988142274029,1.464455479207931
27.77,6.040576254580895,-0.7994036507296611,32.00190598929168,1.333583542887781
27.78,5.3796631604285405,-0.9936614095681398,31.109053763884827,1.2096253540584874
27.79,4.766612357458072,-1.1189017114077537,30.237412182477804,1.094094751371847
27.8,4.202757901708272,-1.1889003835300485,29.390579219258033,0.9879480352324025
27.810000000000002,3.688076343172847,-1.2157521331743364,28.57032724084376,0.8916225488895274
27.82,3.2214790586998774,-1.2098272487792503,27.777153021958306,0.8051160682878373
27.830000000000002,2.801075222189528,-1.1798371754585724,27.010710813532878,0.7280839979611959
27.84,2.4244000579053733,-1.1329652931780068,26.270138324578625,0.6599379252515754
27.85,2.0886070978655327,-1.075031179804264,25.55429171996693,0.599935201582801
27.86,1.7906258036409284,-1.0106666302832275,24.861907506134113,0.5472541363691547
27.87,1.5272874601220663,-0.9434894230086742,24.19170830014292,0.5010529382291418
27.88,1.295423017878572,-0.8762664501047638,23.54246726669249,0.46051285395291675
27.89,1.0919368077296638,-0.8110617330529797,22.913043319701924,0.42486728977290217
27.900000000000002,0.9138599696631177,-0.749367437163305,22.30239652683826,0.3934193186240822
27.91,0.758387166345965,-0.6922176418219071,21.70959078918458,0.36555011557211303
27.92,0.6228997828643468,-0.6402856095727083,21.133788899413222,0.3407207072176482
27.93,0.5049784096948351,-0.5939658434373859,20.574243522909928,0.31846910661998284
27.94,0.40240700260291745,-0.5534424830281475,20.030286460945376,0.2984045278093918
27.95,0.31317073274860224,-0.5187456717952285,19.50131768573376,0.2801999942865757
27.96,0.23544919400291914,-0.48979750059890304,18.98679502183082,0.26358430978414477
27.97,0.16760632708264245,-0.4664490425541577,18.486224928637288,0.2483340647549635
27.98,0.10817815237105868,-0.4485098701359393,17.99915456470457,0.2342661142377608
27.990000000000002,0.05585917367712791,-0.4357713064410216,17.525165145291954,0.22123078006279698
28.0,0.009488120898823345,-0.42802451991870427,17.063866508346702,0.2091058967073015
28.01,-0.03196646280708051,-0.4250744329996503,16.614892756770843,0.19779172750083737
28.02,-0.06942041780511193,-0.42675028420854844,16.177898829000377,0.1872067179529139
28.03,-0.10368768651189952,-0.4329135630269498,15.752557853196626,0.1772840179197168
28.04,-0.13549337953112636,-0.44346392823885006,15.338559154309106,0.1679686873731251
28.05,-0.16548608518134678,-0.4583436241829678,14.935606802396155,0.15921549613693878
28.060000000000002,-0.1942493729086392,-0.47754082513455787,14.5434186114565,0.15098723178637583
28.07,-0.2223124831276132,-0.5010922654520593,14.161725518663564,0.143253438747918
28.080000000000002,-0.25016022770896607,-0.5290854514084106,13.790271293324478,0.13598952320871738
28.09,-0.27824214860934016,-0.5616606988886848,13.428812542775564,0.12917617123131217
28.1,-0.3069809987213471,-0.5990131983963374,13.077118998854356,0.12279904054644072
28.11,-0.3367806203529826,-0.6413952740582335,12.734974083886023,0.11684869938630209
28.12,-0.3680333040370627,-0.6891189755439111,12.402175769770993,0.11132079827079594
28.13,-0.40112671462324356,-0.7425591200304589,12.0785377583346,0.10621647295234758
28.14,-0.4364504736305355,-0.8021568845963489,11.763891026234646,0.1015429890101618
28.150000000000002,-0.4744024872831959,-0.8684240367910617,11.458085794109664,0.097314651233068
28.16,-0.5153951090151908,-0.9419478816948912,11.160993998039572,0.0935540144059281
28.17,-0.5598612238719236,-1.0233969966402106,10.872512362608571,0.09029344696103905
28.18,-0.6082603404030613,-1.113527818953139,10.592566199833072,0.08757711578939521
28.19,-0.6610847734492515,-1.2131921465394966,10.321114087998236,0.08546348001650944
28.2,-0.7188659986813349,-1.323345604663921,10.058153620244706,0.08402840449734529
28.21,-0.7821812567287126,-1.4450571233834832,9.803728455959748,0.08336903100969315
28.22,-0.851660480963824,-1.579519456948116,9.557936960266279,0.0836085775177452
28.23,-0.9279936180474878,-1.7280607566844062,9.320942780016374,0.08490227435410022
28.240000000000002,-1.0119384035215213,-1.8921571793044276,9.09298778076722,0.08744469160005597
28.25,-1.1043286451149665,-2.0734464690703986,8.874407860543153,0.09147876503056154
28.26,-1.2060830526933606,-2.273742389254199,8.665652265196869,0.09730688904454002
28.27,-1.3182146341234384,-2.495049788452292,8.46730715927847,0.10530451359543208
28.28,-1.4418406482979027,-2.7395799606753095,8.280124357583198,0.11593675653779265
28.29,-1.578193066859216,-3.0097657816077787,8.105056297232041,0.12977861909784516
28.3,-1.7286294403417646,-3.3082758597033366,7.943298527846066,0.14753946292230435
28.310000000000002,-1.894643986606368,-3.6380266071596146,7.7963412147412035,0.17009245940267034
28.32,-2.077878611749485,-4.002190682933978,7.666031378723619,0.19850973430370358
28.330000000000002,-2.2801334258801833,-4.40419965036275,7.554647819523169,0.23410386909837547
28.34,-2.503376114988111,-4.847737878857816,7.46499085893586,0.2784762323237409
28.35,-2.7497492586250085,-5.336723645865375,7.400489145611617,0.33357222099019135
28.36,-3.0215743201017635,-5.875271996006068,7.365325708185377,0.40174277883204385
28.37,-3.321350555630319,-6.467632118098312,7.364585106538186,0.48581036291299423
28.38,-3.6517464613734862,-7.1180897408137636,7.404422731193576,0.5891356327304127
28.39,-4.015580570174994,-7.830822280407454,7.492255773531527,0.7156782531600406
28.400000000000002,-4.4157873916815635,-8.609691213603755,7.636972759843024,0.870040997867338
28.41,-4.855363038894983,-9.457952526976033,7.8491542988879495,1.0574804675837133
28.42,-5.3372836031381095,-10.3778624560459,8.141291171173293,1.283859952364696
28.43,-5.864387678828012,-11.370152777156145,8.527976284888641,1.555510345151167
28.44,-6.439212737843814,-12.433348923245388,9.026033475944107,1.8789543517399387
28.45,-7.063773594809048,-13.562907261960577,9.654527926348605,2.260439688859882
28.46,-7.739270498179622,-14.750158217067863,10.434579986105549,2.705222896311857
28.47,-8.465715256763566,-15.981064053898931,11.388877629068917,3.216554376635157
28.48,-9.241467507402518,-17.234839767331,12.540756437831375,3.7943485701983253
28.490000000000002,-10.062681433171061,-18.482548518970063,13.91269790460589,4.433594584119154
28.5,-10.922677964383173,-19.685873249534815,15.52410097122529,5.122683747867294
28.51,-11.811280640843245,-20.79638056482014,17.388229096523844,5.842000283412087
28.52,-12.7141857355404,-21.75571524825338,19.508351859393898,6.563308404126979
28.53,-13.612477142994727,-22.497255491377988,21.873309838422703,7.250594161426445
28.54,-14.482437364289325,-22.94975516401509,24.45303905907603,7.862952088643049
28.55,-15.29583447416476,-23.0433155541767,27.194957596212067,8.359702054007888
28.560000000000002,-16.020861390873787,-22.71759089425606,30.02243395280609,8.707130197193527
28.57,-16.62384585817746,-21.931434262574133,32.83664409459985,8.8852553390143
28.580000000000002,-17.071722887406025,-20.672366282229504,35.52277646555237,8.892321016275034
28.59,-17.335073982641134,-18.96360217027871,37.96064753839391,8.74493041419619
28.6,-17.391331246510624,-16.86630390787724,40.038467039109776,8.47318035919001
28.61,-17.227592276876216,-14.475525421595169,41.66717370417395,8.112326031670971
28.62,-16.842471463592286,-11.909920026561316,42.792067570488726,7.694199493328562
28.63,-16.246565851235143,-9.297146050561263,43.398870044517324,7.24165441805929
28.64,-15.46140986500831,-6.758242770777299,43.512836594095795,6.76760236846368
28.650000000000002,-14.517135913124365,-4.3944428529392,43.191546820909196,6.277863335620086
28.66,-13.44932663395965,-2.2788891354162786,42.51365421675363,5.775541621713781
28.67,-12.295654903710645,-0.4540584776823102,41.56656694814132,5.2646410471944405
28.68,-11.092847658642581,1.0658853574351979,40.43566128615051,4.751727382209758
28.69,-9.874332659838304,2.2895360450552804,39.19658863284552,4.245695561640698
28.7,-8.668714581085458,3.2413940719753054,37.911077577533135,3.7564290294404024
28.71,-7.499046515762059,3.9552497185323183,36.6257658444152,3.293231093834057
28.72,-6.3827496589323065,4.468717671475693,35.373171840093114,2.8636167736236473
28.73,-5.331989269318569,4.819268290393162,34.17386823386722,2.4726852587189434
28.740000000000002,-4.354321354808069,5.041700098059918,33.0390958368899,2.123028215639224
28.75,-3.4534589500083577,5.166789050433431,31.97330784539109,1.8150080644055322
28.76,-2.630050311281369,5.220788546556179,30.976367315321276,1.547226211186933
28.77,-1.8824018536245695,5.22548004849786,30.04529337153565,1.3170404313513209
28.78,-1.2071106828152058,5.19853783387525,29.175559317523884,1.1210430540925178
28.79,-0.5995940255015993,5.154041072168877,28.36200113156733,0.9554565561648242
28.8,-0.05451693788666312,5.103026328082818,27.599414833007266,0.8164341354552087
28.810000000000002,0.4338725829630506,5.0540186200123465,26.88292073480926,0.7002707502941055
28.82,0.8714885302035613,5.013509864788911,26.208162276120927,0.603538499795525
28.830000000000002,1.2642185430809505,4.986372783638526,25.571393523303808,0.5231626658005326
28.84,1.6177896899335464,4.976209387320877,24.969496091643258,0.456453964697462
28.85,1.937677202410138,4.985638804069241,24.3999547693613,0.40111034050381816
28.86,2.2290466352420206,5.016531561735369,23.86081199277744,0.3551989926021697
28.87,2.496721543258113,5.070197919768242,23.350614428324736,0.317126796927042
28.88,2.745170225151509,5.147537377879984,22.868359926537767,0.28560507553376796
28.89,2.9785063347904908,5.249155606110689,22.413449627832243,0.2596128624378299
28.900000000000002,3.200499201794566,5.375454041898005,21.985647647794913,0.2383613901237934
28.91,3.414590550575304,5.526696430845533,21.585049236811077,0.2212614338477063
28.92,3.623914985832887,5.703055710782093,21.212057345527363,0.2078943416619147
28.93,3.831322148440473,5.904643869984086,20.867366942730325,0.19798698916769586
28.94,4.039398862548949,6.131526745984186,20.55195608295273,0.19139047675881876
28.95,4.250489913347659,6.383725160335046,20.267082502540802,0.18806208812420905
28.96,4.466716332953448,6.661203297007172,20.01428435849595,0.18804981442822483
28.97,4.689990244674993,6.963844822681759,19.795383558472874,0.19147858938248766
28.98,4.922025437111599,7.291416918220903,19.61248992245019,0.19853725528286612
28.990000000000002,5.164342922214672,7.643522153084677,19.46800413795478,0.20946517697828354
29.0,5.418270788879813,8.019538009672294,19.364617102348408,0.22453733779195104
29.01,5.6849377104646495,8.418543885251546,19.30530277875999,0.24404669855749475
29.02,5.9652595177830765,8.839235610527124,19.293301130535596,0.2682826019391656
29.03,6.259918328854461,9.279827983743218,19.332087063669647,0.2975040987299289
29.04,6.569333857346586,9.737946596048387,19.4253206431238,0.3319073174721166
29.05,6.8936267321419455,10.210511391927083,19.576773236598477,0.3715864656039053
29.060000000000002,7.232573983883671,10.693616037591454,19.790223802150212,0.41648882044478264
29.07,7.5855573264197504,11.182409307980738,20.069319452960006,0.46636521689256083
29.080000000000002,7.951505516471361,11.670987347752696,20.417394943940916,0.5207191084047511
29.09,8.328832940966018,12.152308724319592,20.837247129649302,0.5787592378582535
29.1,8.715377668455064,12.618147447501013,21.330863078197147,0.6393631466959536
29.11,9.108343488115134,13.059102170195265,21.89910471905761,0.7010608294101941
29.12,9.504251878341638,13.46468196846005,22.54135888712887,0.762049231790474
29.13,9.898911262227553,13.823489549357761,23.255169413780514,0.8202482007940237
29.14,10.287412104099536,14.123520386538168,24.03587713821557,0.8734060121721532
29.150000000000002,10.664157080420928,14.35259003812011,24.876303448713347,0.91925695116737
29.16,11.022935353397585,14.498890903036942,25.766521622144886,0.9557243478227015
29.17,11.357048501053091,14.551663704982175,26.69376556542094,0.9811507119977719
29.18,11.659492593554448,14.501948937269237,27.642524920761815,0.994524276356438
29.19,11.923196115452992,14.343361704992637,28.594866367833955,0.9956617930513322
29.2,12.141307093039924,14.072813759088215,29.531001809457685,0.9853049907207009
29.21,12.30751548502341,13.691094045180705,30.430095368536392,0.9650961435855151
29.22,12.416389657845247,13.203218865125285,31.271265834620472,0.9374177185480623
29.23,12.463699945042567,12.618478343413534,32.034705241671695,0.9051091324760554
29.240000000000002,12.44669930459247,11.950137726985853,32.70280539623149,0.8711033472432316
29.25,12.36433206615274,11.214796341406227,33.26117018240935,0.8380482275351229
29.26,12.217347158921905,10.431455967531447,33.69939769848817,0.8079843104777074
29.27,12.00830156902169,9.620393836828914,34.01154354309124,0.7821385677498268
29.28,11.741451707522973,8.801963686182745,34.196220297976275,0.7608660455064287
29.29,11.422542846798333,7.995455112188087,34.256339463252544,0.7437365994954281
29.3,11.058517623450927,7.218125939577703,34.19854993817398,0.7297329786157002
29.310000000000002,10.657172026521962,6.484489083121339,34.032462084005466,0.7175077404080547
29.32,10.226790317467549,5.8058928527275615,33.769762859871044,0.7056433225600959
29.330000000000002,9.775788958143263,5.190391298054052,33.423324907583215,0.6928699883007343
29.34,9.31239469057596,4.642866857055626,33.006394584321306,0.6782146134520498
29.35,8.844374768027949,4.165345786968102,32.53191716672465,0.6610728339329822
29.36,8.37882945326492,3.757438464467064,32.012028532500175,0.6412128444522609
29.37,7.922049540174115,3.4168395773622056,31.4577169963398,0.6187286241508035
29.38,7.47943567713062,3.1398338323589203,30.878639874337114,0.5939634930431279
29.39,7.055472080037683,2.921767126944918,30.28306779483587,0.5674231791266188
29.400000000000002,6.653744836803294,2.757457877674191,29.6779250947225,0.5396930751647593
29.41,6.276994175065126,2.641536141674795,29.068895217718797,0.5113689760038571
29.42,5.927190409807604,2.5687081957260225,28.460563962521846,0.4830056361139968
29.43,5.605624400386521,2.5339511076399392,27.856578992241424,0.4550836692880568
29.44,5.313004866265269,2.5326458718040867,27.25980990608515,0.4279928193170454
29.45,5.0495565568064835,2.5606594822418813,26.672498550155435,0.4020283330556879
29.46,4.8151148499198895,2.6143865400100594,26.096393674890315,0.3773967858323834
29.47,4.609213752749358,2.6907602265546147,25.53286740168067,0.3542279334527926
29.48,4.431165441545863,2.7872411845774314,24.983013300771976,0.3325897230688469
29.490000000000002,4.2801303966949105,2.901791361530518,24.44772736596449,0.3125042812840107
29.5,4.155177878173502,3.032838397741755,23.927773991948737,0.293963375393023
29.51,4.055336975922074,3.1792347990424825,23.423839404061,0.27694243451863326
29.52,3.9796387932176214,3.3402149756432995,22.936575017431046,0.2614126870922606
29.53,3.9271505132117492,3.5153522665268873,22.466633038015136,0.24735131404150512
29.54,3.8970021900305447,3.704517289559358,22.014696352933854,0.23474974444865776
29.55,3.8884071221685956,3.90783833782,21.581504453409483,0.22362035150703968
29.560000000000002,3.900676628288643,4.125664054106984,21.167876828334478,0.21400186244075428
29.57,3.933229970213226,4.358528230265397,20.77473498019936,0.20596379610070345
29.580000000000002,3.985600067025945,4.607116270571152,20.403123955036452,0.19961020206888647
29.59,4.057435526551325,4.872232607197556,20.054234042537907,0.19508290687686514
29.6,4.148499392112058,5.154768143124205,19.729423083816084,0.19256438370960324
29.61,4.258664867372126,5.455666610227817,19.430239610399827,0.19228025529557774
29.62,4.387908142809552,5.775888558594166,19.158446813942984,0.1945013161440094
29.63,4.536298305585118,6.116371532976967,18.916047094296072,0.19954481840735733
29.64,4.703984171637663,6.4779848450721245,18.705306634590567,0.207774603120376
29.650000000000002,4.89117773640952,6.861477224033282,18.528779084753918,0.21959947383258077
29.66,5.098133801377577,7.267415539318313,18.389326977510887,0.23546900398482776
29.67,5.325125202096154,7.696112767561445,18.290138932133058,0.255865749753403
29.68,5.572412947195497,8.14754346078354,18.234740002920088,0.28129262297094393
29.69,5.840210488272536,8.621245226088947,18.22699169128098,0.31225399495627143
29.7,6.128641294884215,9.116205226099206,18.27107716665231,0.3492290024771721
29.71,6.437688930856569,9.630731554867875,18.371466161567213,0.39263558813080013
29.72,6.767138950009652,10.162310655086378,18.532852888150856,0.44278413515985254
29.73,7.116512192238367,10.707453849284411,18.760059292171423,0.4998202853367816
29.740000000000002,7.484989514112129,11.261538684166602,19.057895218872186,0.5636578087917524
29.75,7.871328686730698,11.818654218662969,19.430966911670765,0.6339043647072871
29.76,8.27377519156826,12.37146361964322,19.88342610955796,0.709785722892704
29.77,8.689969984001442,12.91110230170647,20.418654364171946,0.7900774278239282
29.78,9.116858984940095,13.42713494682723,21.038881637741984,0.8730566346289723
29.79,9.55061105805458,13.907599309481597,21.744745308890206,0.9564902060880627
29.8,9.98655340068729,14.339167581022506,22.534805740674088,1.0376769545230144
29.810000000000002,10.419135368368702,14.707455666513615,23.405047434589292,1.1135605721276463
29.82,10.841933371485423,14.997505156527618,24.348409619900757,1.1809236447858344
29.830000000000002,11.247710093929667,15.194450269827557,25.354404959428695,1.2366610141442202
29.84,11.628540261199344,15.28436148913312,26.408896723009047,1.2781128472149275
29.85,11.976011921632905,15.255229375974533,27.494109083105567,1.3034165954140775
29.86,12.281506289247385,15.098018788326959,28.588937581738016,1.3118178302630918
29.87,12.536550644576417,14.807690861592029,29.669603725543816,1.3038700912527896
29.88,12.73322825599696,14.384065529301061,30.710658198052368,1.281460665769087
29.89,12.864618175043491,13.832389920180704,31.68628476929163,1.2476264524950038
29.900000000000002,12.925228136983163,13.163494914689409,32.571800113766436,1.206168732762436
29.91,12.911378011305075,12.393465974835586,33.34519595687069,1.1611267701001347
29.92,12.82149132519234,11.542820427478482,33.98854284298145,1.1162112512307723
29.93,12.656259351390753,10.635259589101217,34.489079595817195,1.0743140794426875
29.94,12.418655620190302,9.696133518349754,34.83985193620133,1.0371934140557593
29.95,12.113796388944213,8.750801951919547,35.039830904725704,1.0053869382590157
29.96,11.74866132190428,7.823085997042765,35.09352175353486,0.9783477801946993
29.97,11.331704830963877,6.933979764533319,35.01014833179456,0.9547459723565707
29.98,10.87239930398264,6.100737441810249,34.80255058715811,0.93284906068656
29.990000000000002,10.380755301980235,5.336383988572,34.48595469133087,0.9108937321470743
30.0,9.866860887405892,4.649632744036648,34.07676647498975,0.8873810986768403
30.01,9.340474079065247,4.04514336911698,33.59150679758452,0.8612603821904667
30.02,8.810691306087174,3.5240250924645187,33.04596350692011,0.8319974646893827
30.03,8.28570301685878,3.0844831706895435,32.45458998081791,0.799548006146831
30.04,7.772637184400933,2.722516182000238,31.830143153626132,0.7642665786125713
30.05,7.277483492221364,2.432591565441796,31.183528597721992,0.7267847012276982
30.060000000000002,6.805085888421951,2.2082502142837543,30.523807129086958,0.6878851999251427
30.07,6.3591887793733095,2.0426130378016643,29.85831451387157,0.648391727496149
30.080000000000002,5.942521865732948,1.928780363228927,29.192850022678734,0.6090835264398171
30.09,5.556909840980339,1.8601278165294413,28.531897628127293,0.5706383517032314
30.1,5.203395243978306,1.8305101257047585,27.87885298910391,0.533601558717202
30.11,4.882365169799952,1.8343880502563847,27.236238264759297,0.49837663039639774
30.12,4.593674934486504,1.8668944955975113,26.60589429244234,0.4652314132102407
30.13,4.336763938141446,1.9238548914013018,25.989145392039212,0.4343144977216466
30.14,4.110760768653502,2.0017749548051698,25.386936064672277,0.4056770052390961
30.150000000000002,3.914576007007455,2.097806631308925,24.799941387696688,0.3792961412248378
30.16,3.74698225566556,2.2097006929450993,24.22865430024421,0.3550979896408521
30.17,3.6066816607679706,2.3357523863776195,23.67345355031807,0.3329780032655164
30.18,3.492361693245896,2.4747447542672627,23.134656115687665,0.3128184279329614
30.19,3.4027402490799754,2.6258928176584413,22.612557635316634,0.29450247212577085
30.2,3.3366012745847486,2.7887906798747846,22.10746395397161,0.2779254167320512
30.21,3.292822160264698,2.963362749061254,21.61971639620618,0.26300308677212325
30.22,3.270394109464646,3.149819627435574,21.149712912521693,0.24967821484432215
30.23,3.2684366009255195,3.3486187330781436,20.69792681574208,0.23792524960235484
30.240000000000002,3.2862069459966223,3.5604293628530868,20.26492446447855,0.22775413061204172
30.25,3.323105804758097,3.786101637541512,19.851382954561352,0.21921348537119004
30.26,3.378679379488361,4.026638563514559,19.458108641785746,0.2123936202041209
30.27,3.452618854265296,4.283170275827201,19.086057128748163,0.2074295831169649
30.28,3.544757498987355,4.556929376655669,18.73635519067541,0.20450447726936655
30.29,3.6550657058320546,4.849226135613279,18.410324973993028,0.2038530979630891
30.3,3.7836440758708267,5.161422163201009,18.109510659510065,0.20576585002905667
30.310000000000002,3.930714522065122,5.494900997423655,17.835707620398754,0.21059276960826454
30.32,4.096609200537056,5.851033852203682,17.590993902243156,0.21874731604595607
30.330000000000002,4.281756923174781,6.231138565276133,17.377763583982013,0.23070940640607904
30.34,4.486666540153846,6.636429559974048,17.19876121664534,0.24702692769560772
30.35,4.711906610905834,7.067956416192433,17.05711604958461,0.2683146733375609
30.36,4.95808050867345,7.526528460297187,16.95637410626531,0.2952493094472364
30.37,5.2257959326968,8.01262267913351,16.900525327001485,0.3285585924417627
30.38,5.515627643988016,8.526272310780174,16.894021920329106,0.36900265993564973
30.39,5.828072113463638,9.066933766126397,16.941782734425963,0.4173448574158886
30.400000000000002,6.163492702547919,9.633330229670772,17.049176874430948,0.47430934023508037
30.41,6.522054026441848,10.223271555376545,17.22197799232928,0.54052275451256
30.42,6.90364433456491,10.833452133659698,17.46627877473688,0.6164378665279483
30.43,7.307785153770677,11.459231504355303,17.788353368011155,0.7022383570055963
30.44,7.733528166863096,12.094406866259844,18.194454176165518,0.7977264430606901
30.45,8.1793404421994,12.730992454369314,18.690529203130975,0.9021988294647589
30.46,8.642980789220108,13.35902801431672,19.28184766402274,1.0143218620218486
30.47,9.121372264567011,13.966446967402971,19.972525942580386,1.1320234430594014
30.48,9.610478706878434,14.53904348054607,20.76495421819339,1.252426433921594
30.490000000000002,10.105196533145081,15.060584970877281,21.659137211840868,1.3718541854221318
30.5,10.599276603996257,15.513120175840813,22.651980993845388,1.4859407702258245
30.51,11.085294235559159,15.87752960883266,23.73658108187488,1.5898729592569438
30.52,11.554687599790185,16.134351420866256,24.901592828439963,1.6787746629434541
30.53,11.997884763976769,16.264888359611422,26.130788754031038,1.748215962270055
30.54,12.404536317614278,16.252559610101418,27.40292204105687,1.7947905302597882
30.55,12.763862943668723,16.084407530152184,28.692012332610748,1.8166655508443423
30.560000000000002,13.065115030200419,15.75261159724496,29.968141320630505,1.8139811944559765
30.57,13.298125166249836,15.25581360621108,31.198787305470194,1.7889784017464945
30.580000000000002,13.45391619376967,14.600035937303694,32.35064349488012,1.7457751957058147
30.59,13.525310827602514,13.798993710057617,33.39176775414511,1.6897907385629174
30.6,13.50747792319672,12.873669054870945,34.293824259150874,1.626912929011897
30.61,13.39834914124855,11.851125189805426,35.034126020193135,1.5625860917272256
30.62,13.198850185163407,10.76266798957414,35.59719212301015,1.501026893887307
30.63,12.91291231215645,9.641581421874406,35.97560092591682,1.4447425960750142
30.64,12.547258716492037,8.520738652621652,36.17003746895138,1.394436742696695
30.650000000000002,12.110990721337705,7.430402441897909,36.18857099770066,1.349277281416679
30.66,11.615024089310445,6.396475564312165,36.04532156300449,1.3074115770193142
30.67,11.071441227399369,5.439362355644908,35.75875413825533,1.2665702815500135
30.68,10.492828487156876,4.573485462600565,35.349861107069884,1.2246129167955377
30.69,9.891660108548903,3.807397068650264,34.84046361732495,1.179916859682832
30.7,9.279774931271444,3.1443518266047255,34.251796646416345,1.1315732588360694
30.71,8.667973117721164,2.58317679937256,33.60346405543624,1.0794062497499417
30.72,8.065741805498002,2.1192774674318358,32.912777928589435,1.0238638135479756
30.73,7.481103658975207,1.7456468921002344,32.19444319096603,0.9658385512205414
30.740000000000002,6.9205720716390395,1.4537843774013846,31.460517816675154,0.9064702405554526
30.75,6.3891913517781935,1.2344696443905334,30.720568604361915,0.8469672377608337
30.76,5.890638823638543,1.0783717931868608,29.981946936629203,0.7884673585741938
30.77,5.42736723414507,0.9764962828511734,29.25012188796172,0.7319450355782403
30.78,5.000768996341422,0.9204878112547863,28.529024199169147,0.6781620098372059
30.79,4.6113476500002575,0.9028139596163638,27.82137033752208,0.6276535511968646
30.8,4.258885785432323,0.9168559850700986,27.128949088327865,0.5807403078501105
30.810000000000002,3.9426021408232392,0.9569312973096906,26.452863125587484,0.5375562179066433
30.82,3.66129344873718,1.0182686052445034,25.793724855766467,0.49808445351815056
30.830000000000002,3.413458828280648,1.0969526170512984,25.151810014111295,0.46219535798276334
30.84,3.1974061414444943,1.1898512184904386,24.527174657434205,0.42968230026780146
30.85,3.011340845432626,1.2945345945770383,23.919741959538634,0.4002930553607152
30.86,2.8534385807869427,1.4091929261795377,23.32936509246731,0.3737556248755389
30.87,2.721903136475381,1.532557079960327,22.755871860005314,0.3497983384435503
30.88,2.6150116128664793,1.6638250446847604,22.199095912595542,0.32816467116235315
30.89,2.531148630279671,1.8025956524096545,21.658898490955284,0.30862354444504303
30.900000000000002,2.468831357281909,1.9488102621283434,21.13518382200909,0.2909760174992685
30.91,2.426726998009509,2.102702489881351,20.627910576955394,0.27505928702371024
30.92,2.403664209247072,2.2647556719347994,20.137101215741414,0.2607488442790775
30.93,2.3986397348269772,2.435667490055961,19.662850583264873,0.24795952960648496
30.94,2.410821359628316,2.6163210267441435,19.205334777774183,0.23664610134788147
30.95,2.439548105755591,2.8077614204084322,18.764821063942517,0.22680381596100824
30.96,2.484328423583164,3.0111772306789355,18.34167943355001,0.21846940833472694
30.970000000000002,2.544836971967988,3.227885582776729,17.93639630804434,0.21172276963814393
30.98,2.620910434953617,3.4593201216471816,17.549590813509802,0.20668954408350404
30.990000000000002,2.7125426852806713,3.7070207585838264,17.18203402547674,0.20354480235709072
31.0,2.81987947555948,3.972624124275468,16.834671565486275,0.20251789251533175
31.01,2.943212712860347,4.257853542608144,16.508649920762544,0.20389851128141062
31.02,3.0829742479344753,4.564507199842165,16.20534683950429,0.20804397045656522
31.03,3.2397289819977404,4.894442995266623,15.926406112098956,0.21538754303487778
31.04,3.4141669573151323,5.249558314326039,15.673776964570607,0.22644764759343833
31.05,3.607093947819859,5.631762657473926,15.449758141388102,0.24183745085218222
31.060000000000002,3.8194198978269545,6.04294068490711,15.257046510120238,0.2622742173217212
31.07,4.052144366160144,6.4849028020896915,15.098789641281593,0.2885873897302784
31.080000000000002,4.3063379164774105,6.959319926864083,14.978641253443946,0.32172392197769395
31.09,4.583118151325124,7.467638575430344,14.900817604935803,0.36274878870254756
31.1,4.883618820558383,8.010971935915434,14.870151786434919,0.4128378540832989
31.11,5.208950153871339,8.589962255743593,14.892141342473595,0.4732594127113621
31.12,5.560148292049682,9.204609795528489,14.972982643416259,0.5453397761134615
31.13,5.938111456902533,9.854064010437698,15.119582878686714,0.6304074004657396
31.14,6.343520361428328,10.536373810664122,15.339537428912498,0.729709473969621
31.150000000000002,6.776740403555359,11.248196128114293,15.641056774655658,0.8442949966720273
31.16,7.23770352798168,11.984466079608028,16.032823251618847,0.9748597661466696
31.17,7.725768440696922,12.738038339122406,16.52375436477606,1.121552088993182
31.18,8.239559318432478,13.499318464783007,17.122646898931848,1.283744336499608
31.19,8.77678549530344,14.255915227502618,17.837676070451813,1.459785404401487
31.2,9.33404804781042,14.992360324977803,18.675728365750853,1.6467629240617416
31.21,9.906643879936636,15.689959186076791,19.64155789911963,1.8403206761988327
31.220000000000002,10.488383795733435,16.326853377576175,20.736776637487598,2.034592965269359
31.23,11.071447775697623,16.878386974022046,21.958720633658793,2.2223278193475946
31.240000000000002,11.646307391176933,17.31786956880682,23.29927759031167,2.39526617738686
31.25,12.201750515041455,17.617809256257516,24.7438122148304,2.544815186664127
31.26,12.725045093575515,17.751642040813103,26.270376235360317,2.6629941672322937
31.27,13.202274210012806,17.695905552914915,27.849424871485837,2.7435452612253415
31.28,13.618861676374971,17.432698786560586,29.444261576985134,2.7830066581359163
31.29,13.960284813514933,16.95215248500477,31.012378859689942,2.7814806186434526
31.3,14.212940161816316,16.2545370979861,32.50774460505708,2.742834211052847
31.310000000000002,14.365093095646749,15.351595665513864,33.88390893379852,2.6741760422734013
31.32,14.407811357987852,14.266741940074944,35.09760942704707,2.584646359629377
31.330000000000002,14.335764680454332,13.033922220065417,36.11238713266943,2.483779774850885
31.34,14.147775869227434,11.69517983645928,36.90165182988478,2.379857205402642
31.35,13.847036227225505,10.29722496425025,37.4506925726303,2.278678625081538
31.36,13.440946131785326,8.887521862472603,37.75731702358071,2.1830448987735034
31.37,12.94059948393738,7.510495071439485,37.83107202794583,2.0929960148210465
31.38,12.35998459508789,6.204399810447961,37.691269545173306,2.0066197546926126
31.39,11.715011222597349,4.999224558932067,37.36423924691316,1.9211109972366023
31.400000000000002,11.022486803364558,3.915757853106083,36.880306144534316,1.8337606925788252
31.41,10.2991546591164,2.965728430886403,36.27094767592831,1.7426547469646654
31.42,9.560879361135147,2.1527716437474336,35.56645596346743,1.6470026385411285
31.43,8.82202883008891,1.473906739489537,34.79426968785435,1.5471343955004948
31.44,8.095067988576641,0.9212199727914179,33.977992843390176,1.44427173801389
31.45,7.390351054044296,0.4835103686914135,33.13701269922965,1.3401937608131014
31.46,6.71608158925144,0.1477376789022411,32.28657429827236,1.2368964403868596
31.470000000000002,6.078401030630626,-0.099808503206501,31.438156616066614,1.1363092638280872
31.48,5.481565619965728,-0.27263712013551133,30.600011994286863,1.040097137440486
31.490000000000002,4.9281758546893135,-0.3834591421433712,29.777761208513514,0.9495495373934086
31.5,4.419429298798402,-0.44382217216679865,28.974970375499264,0.8655434492277762
31.51,3.9553749944432575,-0.463925091057589,28.193666036410217,0.7885602845649583
31.52,3.535154594740093,-0.4525638375114982,27.43476812601726,0.7187367047693368
31.53,3.157221095784857,-0.4171663783086847,26.698436690819445,0.6559323283175885
31.54,2.8195304926887825,-0.3638835518040292,25.98433809848734,0.5998015903043059
31.55,2.519704886889232,-0.29771087578321803,25.291841572269348,0.5498612925370419
31.560000000000002,2.2551677207688288,-0.2226236639590385,24.62015868363568,0.5055489956558576
31.57,2.0232531398399365,-0.14171358092390585,23.968438198587798,0.4662701437505565
31.580000000000002,1.8212922005445293,-0.0573191241137338,23.33582733345425,0.43143369820711763
31.59,1.6466789374179855,0.028854341468800365,22.7215086710084,0.40047722403637626
31.6,1.4969193211921732,0.11562720036886129,22.124720112711955,0.37288298660875285
31.61,1.3696659859745763,0.20225161668965397,21.54476351758154,0.34818684096863783
31.62,1.2627413541827073,0.2883308179539327,20.981006204378716,0.3259816661774537
31.63,1.1741514934019346,0.37375091922924875,20.432878299974835,0.30591691945668725
31.64,1.1020927328926624,0.4586242680261984,19.899867989733224,0.2876956361862266
31.650000000000002,1.044952769623032,0.5432431496856208,19.38151603208915,0.27106993417351394
31.66,1.0013077163550739,0.6280426591262391,18.877410398489143,0.2558358265637473
31.67,0.9699162936454184,0.7135715781499052,18.387181551149894,0.24182792526131613
31.68,0.9497121461036423,0.8004701711044812,17.910498638663725,0.22891443352370575
31.69,0.9397950710097837,0.889453907523885,17.44706674313135,0.21699268354119625
31.7,0.9394217831320741,0.9813022263115222,16.996625228171716,0.20598536941883913
31.71,0.9479967011905702,1.0768515640272154,16.55894719640648,0.19583755309352713
31.720000000000002,0.9650631263371794,1.1769919744842268,16.133840054242047,0.18651447471358493
31.73,0.9902950885439648,1.2826667645600636,15.721147191326946,0.17800017439210433
31.740000000000002,1.023490060163588,1.3948746594511943,15.320750805411608,0.1702969241519106
31.75,1.0645626744722456,1.5146740878818301,14.932575936326424,0.16342547328369214
31.76,1.1135395381681183,1.643189242752209,14.556595813040346,0.15742612409738924
31.77,1.1705551881517913,1.7816176242743815,14.19283866417388,0.1523606758341035
31.78,1.23584921215695,1.9312388095991464,13.841396194734763,0.14831530067523088
31.79,1.3097645277196146,2.0934242137778813,13.502433990652467,0.1454044461925169
31.8,1.3927467924040222,2.2696476095681293,13.176204178707636,0.14377589237279048
31.810000000000002,1.485344897948156,2.461496155212575,12.863060743628425,0.14361712771126184
31.82,1.588212479741868,2.670681635923449,12.56347798731067,0.14516324672208214
31.830000000000002,1.7021103482701838,2.899051550967933,12.278072707784624,0.14870660883678005
31.84,1.8279097179479717,3.14859956671068,12.007630777390949,0.1546085331490667
31.85,1.96659606772092,3.4214746971652996,11.753138908986967,0.1633133300288285
31.86,2.1192734127771087,3.719988355179283,11.515822512044371,0.17536498160448602
31.87,2.2871686926302246,4.0466181236641905,11.29719064999048,0.19142676660768407
31.88,2.471635881440778,4.404006707883678,11.099089203714515,0.21230406314002923
31.89,2.6741592940350034,4.794954023374975,10.923763403811876,0.23897042917044936
31.900000000000002,2.896355386290026,5.222399722590162,10.773930884795808,0.27259681719476164
31.91,3.139972120194429,5.689392637366622,10.65286629130398,0.3145833738004459
31.92,3.406884669037059,6.199042584958919,10.564498160409801,0.3665926358253887
31.93,3.6990858626186816,6.754448730005935,10.51351821680784,0.4305819704821532
31.94,4.018669301821619,7.358597207635174,10.505502210994608,0.508831705178255
31.95,4.367802494300353,8.014219022363024,10.547039817603059,0.6039634293381322
31.96,4.748686673046902,8.723597434240602,10.645868647256938,0.718940309980032
31.970000000000002,5.16349916552517,9.488312323331742,10.811003806361034,0.8570378845783833
31.98,5.614313316616686,10.30890774766827,11.052849313131269,1.0217697576790334
31.990000000000002,6.102990109924945,11.184468688336835,11.383270686024415,1.2167482912136418
32.0,6.631034922039812,12.112094767137329,11.81559888850885,1.4454565950967773
32.01,7.199412524892651,13.086263937266578,12.364524526522251,1.7109065215127095
32.02,7.808313899982969,14.098089710531108,13.045828289457427,2.0151606429409044
32.03,8.456870193350479,15.134493778732912,13.875880639530372,2.3587082869441014
32.04,9.14281295552242,16.177344435919576,14.870833825199838,2.739711498297387
32.05,9.862086558080595,17.202651893023162,16.04542782172753,3.1531808849911
32.06,10.608429246955644,18.179964148731816,17.41134690568294,3.5902050856016148
32.07,11.3729542685769,19.0721668289249,18.975105791782674,4.037434427082495
32.08,12.143781635405256,19.835945189474348,20.735524630220745,4.477088413457532
32.09,12.90579252598604,20.423194116274722,22.680977591951862,4.88777888305564
32.1,13.640597745615354,20.78363021217719,24.7867652009821,5.246362976395583
32.11,14.326821871601405,20.868732574650863,27.01313906015571,5.53081664312002
32.12,14.940796038936288,20.636890318449396,29.304642841436095,5.723752152722978
32.13,15.457715152534782,20.059275113092607,31.59144307102691,5.815786773208966
32.14,15.853244603391218,19.125555704563755,33.793122806294036,5.807703099939138
32.15,16.105462707824387,17.84826510413287,35.82496054998607,5.710456650021385
32.160000000000004,16.19691805815404,16.264590600568937,37.60607360984512,5.542693010265888
32.17,16.116498701910533,14.434708532778043,39.068150612572346,5.326368527920014
32.18,15.86078832000755,12.436517471234316,40.16309277818936,5.08188468660528
32.19,15.434645517739929,10.357536349076579,40.86795114766188,4.82437048645451
32.2,14.850879954163766,8.285499894379182,41.18613731048329,4.562208680430736
32.21,14.129076420381185,6.299498560971005,41.14481458701788,4.297894117454894
32.22,13.293780891627044,4.463257025657052,40.78930178817,4.030400465178726
32.230000000000004,12.372362886771503,2.8214547331988067,40.17591286153526,3.7578575638469234
32.24,11.392884123847994,1.39915980975701,39.36475625181517,3.4795640624051853
32.25,10.382244103312665,0.20377302459604052,38.41369098282885,3.1969064508782665
32.26,9.364770497776027,-0.771469009890563,37.374090169678425,2.9132774041932565
32.27,8.361312744110041,-1.5433975977824872,36.28852254845432,2.6333752010523197
32.28,7.388808617804121,-2.134979912807246,35.19007701249862,2.36230451307548
32.29,6.4602384539026865,-2.572013351190389,34.10286836097277,2.104784014180288
32.3,5.584859489105034,-2.880635001429912,33.043241646990104,1.8646100524980533
32.31,4.768615293760398,-3.0856377443996004,32.021272512407805,1.6443993606493823
32.32,4.014632087093476,-3.2094730779446667,31.04227966134329,1.4455610267556123
32.33,3.323736021091145,-3.271778724836558,30.10818089676699,1.2684220085303193
32.34,2.694947331467667,-3.289271805005551,29.218615124469913,1.1124339152084666
32.35,2.1259254870373883,-3.2758736965649358,28.37181434083755,0.9764054242337037
32.36,1.613353115728003,-3.242965159544147,27.565245430783886,0.8587238886898553
32.37,1.153255782112078,-3.1997009916077173,26.796058357539554,0.7575461185389414
32.38,0.7412604382682232,-3.1533385387984634,26.061381771760733,0.6709502796902137
32.39,0.37279849986469715,-3.1095529573970766,25.35850457375411,0.5970485377311413
32.4,0.04326085259973267,-3.0727249070809157,24.684976245866388,0.5340643934852581
32.410000000000004,-0.25188766784106575,-3.0461945964045145,24.038652125974263,0.48038063271810855
32.42,-0.5170271802886235,-3.032481069942762,23.417703471501323,0.4345642992887428
32.43,-0.7563286266398045,-3.033468388124092,22.820606740997174,0.3953747318999433
32.44,-0.9737210264515246,-3.050561707121656,22.246122168716102,0.3617599076865308
32.45,-1.1728753863183488,-3.084816775515617,21.69326838413189,0.332845382812936
32.46,-1.357201321847597,-3.137046393070375,21.161297393284126,0.30791917204645225
32.47,-1.5298531531220885,-3.2079071525784384,20.649672523049567,0.2864150529917445
32.480000000000004,-1.6937428428077712,-3.297969442428759,20.158050769157242,0.26789605582747167
32.49,-1.8515576611941305,-3.4077732996395116,19.686270241520727,0.2520393160516366
32.5,-2.005780891116057,-3.537872308349904,19.234342949802375,0.2386230186486364
32.51,-2.158714236401703,-3.688867353720221,18.80245292687829,0.22751583055453323
32.52,-2.3125008788578354,-3.8614316704819296,18.3909595787815,0.2186689832997509
32.53,-2.469148348755718,-4.056328267246735,18.000406125178888,0.21211100700462926
32.54,-2.6305505391293234,-4.274420457011187,17.631533016287932,0.2079450087430064
32.55,-2.7985083105290567,-4.5166758742519955,17.285296251608944,0.20634831216609884
32.56,-2.9747482045469176,-4.784164001951706,16.962890560129974,0.20757421200562098
32.57,-3.160938814645649,-5.078046859991509,16.665777410831584,0.21195552842105292
32.58,-3.3587043537545056,-5.399562112250884,16.395717786620796,0.2199095542640444
32.59,-3.569634911063249,-5.749997427589853,16.154809552220637,0.23194385512729362
32.6,-3.79529280622556,-6.1306544768160505,15.945529050474924,0.2486621888926389
32.61,-4.037214328440929,-6.54280046635971,15.770776238909688,0.2707695394706619
32.62,-4.296905991876449,-6.987604611372022,15.633922187989008,0.2990748907049015
32.63,-4.575834250508011,-7.466056462318901,15.538857054068378,0.334489887499622
32.64,-4.875407400771832,-7.978862567457043,15.490035654905846,0.37802093903400374
32.65,-5.1969481708675636,-8.526317657717328,15.492516449800615,0.4307516309637384
32.660000000000004,-5.54165527099823,-9.108146502709157,15.551987998325927,0.49381158355083493
32.67,-5.910551991521819,-9.723312986236097,15.674774796263083,0.5683272327895327
32.68,-6.304419835511716,-10.36979403712133,15.867811761194345,0.6553496202459362
32.69,-6.723715231086965,-11.044318156324493,16.138573639947918,0.755754469562689
32.7,-7.168467687893924,-11.742071810580352,16.494942448941963,0.8701110577069985
32.71,-7.638158473846449,-12.45638236958394,16.944993161184534,0.9985192457342025
32.72,-8.131580155307107,-13.17839397540659,17.496675944877367,1.1404191745307495
32.730000000000004,-8.64667934751034,-13.896763009328664,18.157373447297683,1.2943861092195843
32.74,-9.18038793380659,-14.597412523318765,18.933315440825652,1.4579338524353926
32.75,-9.728451941886199,-15.263399260465809,19.828842507997493,1.6273632222003822
32.76,-10.285272177253312,-15.874960695292241,20.845527344792345,1.7977049212194491
32.77,-10.843776315388784,-16.409819364897086,21.981188244840123,1.962814248820692
32.78,-11.395347763566372,-16.843822467726437,23.228864512267847,2.1156720338829462
32.79,-11.929841047186496,-17.15197987673829,24.575865355491956,2.2489246377641328
32.8,-12.435715072673435,-17.3099270630606,26.003045638187032,2.355650881741608
32.81,-12.900312353510765,-17.295777310042716,27.48449239736975,2.430277160233942
32.82,-13.310302253397278,-17.092242475931542,28.987810172413432,2.4694871629790764
32.83,-13.652288448036765,-16.688805350248103,30.47515547521734,2.4729156275239808
32.84,-13.913555838890467,-16.083641959487437,31.90508160646173,2.4434091375694287
32.85,-14.082903268568604,-15.284949132216381,33.23511836368336,2.386705916445018
32.86,-14.151481373948744,-14.31135996011826,34.4248497744207,2.31052905384037
32.87,-14.113537149921253,-13.191241868842894,35.439107400854795,2.223264485706783
32.88,-13.966965137730847,-11.960857193130801,36.250814846316494,2.1325386384898923
32.89,-13.713583254248581,-10.66158364577446,36.843037851325214,2.044055131703388
32.9,-13.359087523315786,-9.336582226041013,37.20992184233545,1.9609683698147335
32.910000000000004,-12.91268715507773,-8.027405975448413,37.35640606104168,1.8838952892947318
32.92,-12.386468705485104,-6.771033500764952,37.29683289235184,1.8114696244833632
32.93,-11.794574507045954,-5.597693899211592,37.0527585172779,1.7412041119973467
32.94,-11.152298771452969,-4.529666220800938,36.65037041221303,1.6703877547672656
32.95,-10.475202879436754,-3.5810436832981862,36.117915517632866,1.5968002741811518
32.96,-9.77833293555715,-2.7583000480889877,35.48345959270387,1.5191313984931298
32.97,-9.075594579416384,-2.0614099046718346,34.77317190662577,1.4370988949051124
32.980000000000004,-8.37930987462612,-1.4852576442092291,34.010200249435464,1.3513324961781294
32.99,-7.699954865365539,-1.0211047725460487,33.21409827337063,1.2631209867518032
33.0,-7.046057502997391,-0.6579477496121442,32.400703309750476,1.174114705257848
33.01,-6.4242249276715855,-0.38366670489477045,31.582337060137586,1.086051171745625
33.02,-5.839265517454551,-0.18592431017153785,30.76820471458087,1.0005419500964026
33.03,-5.294372741312235,-0.052816913728521125,29.964888373764552,0.91893349941888
33.04,-4.7913425723271725,0.026693944346558474,29.17685780815325,0.8422374797114554
33.05,-4.330802259497137,0.06252945124725925,28.40694836801744,0.7711167700321081
33.06,-3.9124343638555708,0.06337843459656053,27.656778307145238,0.7059104758174084
33.07,-3.535185394140246,0.036680424876985765,26.927094478383392,0.6466821540454588
33.08,-3.197452793673032,-0.011325615747464365,26.218046478296184,0.5932784096461384
33.09,-2.897247374238185,-0.07551231720477852,25.52939583061551,0.5453885421394461
33.1,-2.6323306631520067,-0.15175351538783885,24.860669908896316,0.5025992391941592
33.11,-2.400328195474924,-0.2368057404901631,24.211271133115776,0.46444104007842996
33.12,-2.1988207281606957,-0.3281904818151913,23.580551440372616,0.4304253177473937
33.13,-2.0254158448125543,-0.42408284195755597,22.96786078750321,0.400071897410599
33.14,-1.8778025977909698,-0.5232098237970813,22.37257693490105,0.3729282551403562
33.15,-1.7537918065921847,-0.6247598480619635,21.79412225544283,0.3485816545361709
33.160000000000004,-1.6513444772363879,-0.728303996981004,21.23197195599487,0.3266657064684641
33.17,-1.5685905831106552,-0.8337287711753144,20.685656955188623,0.3068627799498118
33.18,-1.5038401915777522,-0.9411797161175728,20.154763743199556,0.28890353104480543
33.19,-1.4555886577262906,-1.051015034608282,19.638932842176036,0.2725646089390268
33.2,-1.4225173525245567,-1.1637681902123795,19.13785696143213,0.25766538244668274
33.21,-1.4034911564587056,-1.280118479155568,18.651279567061245,0.2440643300716669
33.22,-1.3975537361900934,-1.4008685737867568,18.178994329844553,0.23165556497438697
33.230000000000004,-1.403921432643147,-1.5269280977598847,17.720845750541045,0.2203658279165659
33.24,-1.4219764241286117,-1.6593023664642554,17.276731164918463,0.21015217659304983
33.25,-1.4512596863110885,-1.7990855052421377,16.846604284088894,0.2010005259479024
33.26,-1.4914641499968901,-1.9474572348212325,16.4304804150887,0.1929251469017382
33.27,-1.5424283553563942,-2.105682682297204,16.028443522127453,0.18596920569529674
33.28,-1.6041308145517308,-2.2751146322001614,15.640655323424639,0.18020641817011615
33.29,-1.6766852209061396,-2.4571976714932955,15.267366667201689,0.1757438984926275
33.3,-1.7603365787028393,-2.6534737006848235,14.908931489924665,0.17272629618304294
33.31,-1.8554582703005564,-2.865588276151171,14.565823727981595,0.1713413351458259
33.32,-1.962550023206188,-3.095297211107126,14.238657628668307,0.17182688992397238
33.33,-2.0822366855301695,-3.3444727881461915,13.928211985419457,0.17447975326304316
33.34,-2.215267660014338,-3.6151088171585517,13.635458902449066,0.1796662597383707
33.35,-2.3625167802556426,-3.9093235991311857,13.36159777029266,0.18783492514046796
33.36,-2.5249823329397936,-4.229359617147092,13.108095198114015,0.19953122996186504
33.37,-2.703786831180408,-4.577578456882947,12.876731688492292,0.21541460276761762
33.38,-2.90017601987303,-4.956449044024582,12.669655836652389,0.23627752460801402
33.39,-3.115516436783947,-5.368526757856184,12.489446760449436,0.26306645034248555
33.4,-3.3512906544176966,-5.816420321641588,12.33918527889671,0.2969038886027096
33.410000000000004,-3.609089078362369,-6.302742567477982,12.22253399764326,0.3391104499781853
33.42,-3.890596868547545,-6.830040221122806,12.14382584941004,0.39122490274667066
33.43,-4.1975741726063545,-7.400696763965785,12.10815966811887,0.4550191991262387
33.44,-4.5318274106937615,-8.016801250399055,12.121499906764752,0.5325039858446823
33.45,-4.895168831251152,-8.679974789118418,12.19077546546148,0.625918244803245
33.46,-5.289360982992674,-9.39114542166135,12.323969571086069,0.7376944339096934
33.47,-5.716042157439657,-10.150261663956757,12.530188523061076,0.8703879444674679
33.480000000000004,-6.176628320792666,-10.955935511043313,12.819691696187595,1.0265572024595666
33.49,-6.672186697251375,-11.805007975098126,13.203858378843961,1.2085790026828696
33.5,-7.203276183260977,-12.692035254518103,13.695058966496175,1.4183838607196353
33.51,-7.769750452011066,-13.608702734929267,14.306389312865331,1.65710011195272
33.52,-8.370521347505635,-14.543188724913996,15.051218987806191,1.92460562719664
33.53,-9.00328347220547,-15.479521580939206,15.94249922429875,2.219005115681142
33.54,-9.664206310756965,-16.397003474476666,16.991778328018665,2.5360812073873307
33.55,-10.347608325240124,-17.26981064223174,18.207886739952304,2.8688085810581763
33.56,-11.045638456907263,-18.06691957652015,19.595287452633208,3.2070668532017717
33.57,-11.748004007807316,-18.752542503648318,21.15214650637822,3.5377259586728727
33.58,-12.441798499532089,-19.287268858267154,22.868266004443303,3.845283663688979
33.59,-13.111495806060667,-19.630081908537623,24.723133675736054,4.11317861674262
33.6,-13.73918284480376,-19.74132929870712,26.68446010905092,4.325759889220284
33.61,-14.30509624017789,-19.586558747193045,28.707661664718298,4.470668982943386
33.62,-14.78850264508561,-19.140892596173423,30.73675324439546,4.5411375146932125
33.63,-15.168914684248161,-18.393349702046137,32.70698909930483,4.537534318140384
33.64,-15.42756790402995,-17.35031188560466,34.549305353719475,4.467541614536001
33.65,-15.549010589275136,-16.037278576058263,36.1962042561004,4.344674671792445
33.660000000000004,-15.522597927584926,-14.498241004950133,37.588278810911135,4.18541325371671
33.67,-15.343657705961261,-12.79244584319334,38.68026217489172,4.005757609871905
33.68,-15.014123035307906,-10.988908992532739,39.44544669509231,3.8182732182523265
33.69,-14.542509371684455,-9.159595581523773,39.8776147527827,3.630488348271044
33.7,-13.943229885212759,-7.372501731438446,39.99018495891076,3.444946461148668
33.71,-13.235362665878302,-5.685841515995506,39.81291524489714,3.2605838688240665
33.72,-12.44107177447344,-4.144185284606282,39.387002229757066,3.0747071579610004
33.730000000000004,-11.583920314813904,-2.776863341034355,38.75962859324215,2.8848188361372267
33.74,-10.687295241252164,-1.5984351084809947,37.97891868932726,2.689803002663112
33.75,-9.773105207311499,-0.6106756895981333,37.089960447813624,2.490339907513821
33.76,-8.860837334116985,0.19459718129607395,36.13217930562,2.2886960095833397
33.77,-7.966987773296865,0.8324752363164797,35.138028262026026,2.088160851741479
33.78,-7.104828071294259,1.3221444825771844,34.13275139763722,1.89239277289726
33.79,-6.284439203561618,1.684562268185501,33.134893445746414,1.7048541037384815
33.8,-5.5129353641850365,1.9407188692251218,32.15723633766184,1.528421731491512
33.81,-4.794804269594238,2.1104599252184455,31.207904635399064,1.3651850219296493
33.82,-4.132303411042378,2.2117824604831036,30.291460352401444,1.2164001794442478
33.83,-3.5258671224648452,2.260494514828013,29.409881038130997,1.0825538026463228
33.84,-2.974494080824817,2.2701317632095965,28.56337235570747,0.9634891931242939
33.85,-2.476097157179371,2.2520410687320203,27.751005415388047,0.8585580857488281
33.86,-2.027806831040289,2.2155617010505795,26.97119218298622,0.7667718403370485
33.87,-1.6262258309474122,2.1682547559886074,26.22202341942021,0.6869364861239686
33.88,-1.2676367677120797,2.1161477599197487,25.501496878637628,0.6177640427984673
33.89,-0.9481668655028317,2.063973937707149,24.80766217790069,0.5579580950032463
33.9,-0.663915002706527,2.015394497590099,24.138705188539138,0.5062750341277235
33.910000000000004,-0.4110465786997672,1.9731982397453605,23.4929904672919,0.46156422129460734
33.92,-0.18586154206881647,1.9394765774069285,22.869076013013544,0.42279106391053883
33.93,0.01515952944475124,1.9157743232243292,22.265710913631104,0.3890470376561002
33.94,0.19532697298895918,1.9032178470489858,21.68182339832479,0.3595503249363198
33.95,0.35772748224072975,1.9026228217272407,21.116504432849332,0.33364018675434837
33.96,0.5052202987360055,1.9145839917469196,20.568990219259064,0.3107675728978259
33.97,0.6404415371298929,1.939549389726983,20.03864568359914,0.29048388734995495
33.980000000000004,0.7658145025004804,1.9778812907670813,19.524950151876144,0.2724293067094964
33.99,0.8835642703306801,2.029905996960007,19.027485831267025,0.25632161870878867
34.0,0.9957351527597769,2.0959543202957316,18.545929350709272,0.2419462091323046
34.01,1.1042099723308563,2.1763944020430843,18.08004640951264,0.2291475724676731
34.02,1.2107303120299755,2.2716582810540786,17.629689486080526,0.2178225433739167
34.03,1.3169171133761701,2.382263407048976,17.194798535512437,0.20791532949441438
34.04,1.4242911578848891,2.508830089027333,16.775404629256943,0.19941435821928893
34.05,1.534293096101624,2.6520956724641382,16.371636544436427,0.1923509187113559
34.06,1.648302786667982,2.8129260492231345,15.983730383112759,0.18679957536545605
34.07,1.7676577789116936,2.9923249171459245,15.61204238480772,0.18288034093201092
34.08,1.8936708188540106,3.191441016781912,15.257065183833767,0.1807626191313405
34.09,2.027646282098414,3.411573374116929,14.919447852585929,0.18067095082233603
34.1,2.170895438732294,3.6541743624041017,14.600020159294367,0.18289261788920672
34.11,2.3247504351387738,3.920850153682227,14.29982154940102,0.18778716749673474
34.12,2.4905768344825923,4.213357849963325,14.020135427266368,0.19579790709362768
34.13,2.669784489538706,4.533598252329896,13.762529359542912,0.20746537556497682
34.14,2.863836425288392,4.883602828701994,13.528901828449069,0.2234427021810623
34.15,3.0742552799880407,5.265512962234736,13.321536110362775,0.2445126008320504
34.160000000000004,3.3026266868221037,5.681548986879672,13.143161710803959,0.2716054838447704
34.17,3.5505987675447583,6.133965831910229,12.997023505994646,0.30581778069355503
34.18,3.8198766481271544,6.62499129723403,12.886958261691005,0.34842896710117865
34.19,4.1122105884365805,7.156742073650707,12.817477438450663,0.40091499800233976
34.2,4.429375939803704,7.731111638521202,12.793854040272784,0.46495474190450337
34.21,4.773142707545402,8.349623169293166,12.822209584600632,0.5424245953852245
34.22,5.145232011170637,9.013239759614187,12.909594904839155,0.6353747131846127
34.230000000000004,5.547256230202316,9.722123724093272,13.064055266496243,0.7459782989134954
34.24,5.98063915070447,10.475337000421067,13.294666022030237,0.8764433846931736
34.25,6.446512076871782,11.270476142020916,13.611519649722307,1.0288749404201023
34.26,6.945581786757943,12.10323889995417,14.025638577125914,1.2050747963007418
34.27,7.477966604775059,12.966925913805895,14.548781040094006,1.4062689903373518
34.28,8.042998033635861,13.851891752104942,15.193100244634856,1.6327585122921966
34.29,8.638987720143017,14.744975671951996,15.97061192891135,1.8835020980391914
34.300000000000004,9.26296347351902,15.628964868673581,16.892424773974817,2.155660646542949
34.31,9.910384059898936,16.482171517054283,17.967695935453488,2.444162608307086
34.32,10.57485086598842,17.278237411665778,19.202295329144572,2.7413858251952092
34.33,11.247845180189513,17.98631105836662,20.59720259883212,3.0370858320599208
34.34,11.91853198357117,18.571761754226532,22.146723823384843,3.3187183314451056
34.35,12.573682877910633,18.99758885709181,23.836700235640567,3.5722826692664733
34.36,13.197778821551436,19.226634478168982,25.64297895137816,3.783731540662297
34.37,13.773353105287827,19.22459895902997,27.530503684906915,3.9408407286088467
34.38,14.281621347714681,18.96368704302887,29.453426030038184,4.035233421468703
34.39,14.703414253512983,18.42649787817166,31.356592368036164,4.064072170976816
34.4,15.020380164340809,17.609563932240487,33.17859377063635,4.03086728329316
34.410000000000004,15.216363929010782,16.525819274338026,34.85627415478598,3.944992740971198
34.42,15.278809398438582,15.205317028467269,36.33022543067299,3.8198619601561985
34.43,15.199993034423409,13.693764464074434,37.55046148793452,3.6701842092675747
34.44,14.977893092730676,12.048874015557143,38.481284174705856,3.50908875562967
34.45,14.616541476219009,10.335026836242307,39.1044308728106,3.345970342593196
34.46,14.12578808111105,8.617149275829242,39.41993412558476,3.1856222341913636
34.47,13.520510087590933,6.954868897699092,39.44463146424271,3.028720309198106
34.480000000000004,12.819393179808916,5.397891043504381,39.208770605409455,2.87325275708224
34.49,12.04347316554318,3.9831788735735754,38.75149990403964,2.7162596768054508
34.5,11.214642280494953,2.7340683219438224,38.116130789884444,2.55530558157286
34.51,10.354297490304232,1.6610540246602166,37.34592384756614,2.3893564934803173
34.52,9.482253053833574,0.7637411101961629,36.48087416784754,2.219015800843497
34.53,8.615975488847836,0.03339315759881678,35.55566690386684,2.04627168801166
34.54,7.770142043007223,-0.5444199220769067,34.59872716182063,1.8739851968267225
34.550000000000004,6.956483198620841,-0.9874240942719192,33.632139346417475,1.7053266716092135
34.56,6.183847937763884,-1.3146850516974211,32.67215784612036,1.5432988352711141
34.57,5.458424758423058,-1.5451537121343677,31.730047360157176,1.3904097542919054
34.58,4.784056746736569,-1.6966844510581678,30.813045128295546,1.248502030237787
34.59,4.162600226950738,-1.785449614847881,29.925302285714587,1.1187118767999735
34.6,3.594289565259195,-1.8256579097073429,29.068720786883276,1.00151940214433
34.61,3.0780829833417083,-1.8294882040354754,28.243648171589342,0.896852166750109
34.62,2.611974423955233,-1.8071641961895395,27.44942352796948,0.8042112811493186
34.63,2.1932642115680046,-1.7671124144610828,26.68478636674931,0.7227983540205017
34.64,1.8187866198807283,-1.7161621564432805,25.948169001810943,0.6516299533666732
34.65,1.4850959019998289,-1.6597594238104705,25.23789563342201,0.5896328405925881
34.660000000000004,1.1886143276763823,-1.6021772036057802,24.552310242826028,0.5357178955790735
34.67,0.9257467355654745,-1.5467118407614746,23.88985248266894,0.48883361004681747
34.68,0.6929663955455085,-1.4958602797832374,23.24909718301172,0.4480016707781331
34.69,0.4868768471881988,-1.451476212790561,22.62876958319197,0.4123378677096715
34.7,0.3042540181561696,-1.4149051724638764,22.027745297148385,0.3810616679730632
34.71,0.14207245198163676,-1.3870997584126608,21.445041458553455,0.3534975430319328
34.72,-0.0024810351828368216,-1.368716781906253,20.87980348165487,0.3290706987440046
34.730000000000004,-0.1320034492403887,-1.3601983637667674,20.33129035964874,0.30729935595746233
34.74,-0.24887910986506456,-1.3618390614445317,19.798860324229842,0.2877852362385538
34.75,-0.3552886033795918,-1.3738410227081639,19.281957922928967,0.2702034654484903
34.76,-0.453221628672211,-1.3963590205472867,18.78010305715144,0.2542927368171586
34.77,-0.5444924855164613,-1.4295370506822935,18.292882197455494,0.23984627999834432
34.78,-0.6307572248334576,-1.47353798965404,17.819941800478027,0.2267039595656869
34.79,-0.7135317074462074,-1.5285676294736963,17.36098385311939,0.214745666968584
34.800000000000004,-0.7942100063070545,-1.5948942306788216,16.915763433745436,0.2038860635790627
34.81,-0.8740827416270021,-1.672864572576622,16.48408818546509,0.19407066841695905
34.82,-0.9543550631564692,-1.7629173286267912,16.06581962796149,0.18527325262806052
34.83,-1.036164093044046,-1.865594456117544,15.66087628198861,0.17749449542300968
34.84,-1.120595719766419,-1.9815511613015335,15.269238638361633,0.17076186617613756
34.85,-1.20870069161888,-2.1115648819322717,14.890956067627863,0.16513071947378904
34.86,-1.3015099996997932,-2.2565436158531478,14.52615583600982,0.1606866201438706
34.87,-1.4000495671858353,-2.4175338133228927,14.175054467253604,0.1575489507531681
34.88,-1.5053542753759703,-2.5957279376130025,13.837971768947066,0.15587589243546324
34.89,-1.6184813582691338,-2.792471677548707,13.515347926164477,0.15587090916056873
34.9,-1.7405231864614457,-3.0092706603000683,13.207764155208771,0.1577909033923297
34.910000000000004,-1.8726194373020018,-3.2477963545508883,12.915967505340054,0.16195624444306753
34.92,-2.0159686101094563,-3.509890663006621,12.640900495010193,0.16876289515338372
34.93,-2.171838790464464,-3.797568466642226,12.38373636751251,0.17869687085631908
34.94,-2.341577492716253,-4.113017086129708,12.14592084217224,0.1923512463945918
34.95,-2.5266203101969773,-4.458591250629955,11.929221309583989,0.2104458666075075
34.96,-2.7284979721458344,-4.836801689748737,11.735784454379035,0.23384979048473833
34.97,-2.9488412373946287,-5.250294867583424,11.56820325812658,0.2636062769623735
34.980000000000004,-3.1893828382726146,-5.7018206338448545,11.429594195912781,0.3009597569065604
34.99,-3.451955413348161,-6.194183653055609,11.323685131516951,0.3473836724168178
35.0,-3.7384840230380556,-6.73017337278001,11.25491385105102,0.3741131128379895
