t,x,y,z,speed_proxy
0.0,0.1,0.0,0.0,1.0358060377760263e-06
0.01,0.09979204716103773,4.981300795808854e-06,0.0009962614321481784,1.0316528893002707e-06
0.02,0.09958462618489186,1.9883808274724528e-05,0.0019883864777985394,1.0235130532257201e-06
0.03,0.09937783476482344,4.464562474546242e-05,0.002976389469708101,1.0155889727544888e-06
0.04,0.09917176977391538,7.920511966453249e-05,0.003960285678302604,1.0078792252758418e-06
0.05,0.09896652726949144,0.00012350093863550327,0.004940091301672004,1.00038243363823e-06
0.06,0.09876220249761491,0.00017747201228579762,0.005915823455629163,9.930972659342843e-07
0.07,0.09855888989766552,0.0002410575650218284,0.006887500163832352,9.860224352946069e-07
0.08,0.09835668310699289,0.0003141971236632915,0.007855140347972129,9.791566996902868e-07
0.09,0.09815567496564528,0.00039683052595744316,0.008818763818023155,9.724988617441538e-07
0.1,0.0979559575211721,0.0004888979289741966,0.009778391262561519,9.66047768550779e-07
0.11,0.09775762203349855,0.0005903398173828835,0.010734044239148095,9.598023115051653e-07
0.12,0.09756075897987128,0.0007010970116115315,0.011685745164778471,9.537614261401462e-07
0.13,0.0973654580598734,0.0008211106758895187,0.012633517306399965,9.479240919724802e-07
0.14,0.09717180820050762,0.0009503223261744744,0.013577384771496233,9.422893323576327e-07
0.15,0.09697989756134599,0.0010886738379643007,0.014517372498739963,9.3685621435324e-07
0.16,0.096789813539745,0.0012361074539951975,0.01545350624871414,9.316238485912544e-07
0.17,0.09660164277612462,0.0013925657918265832,0.016385812594702346,9.265913891587663e-07
0.18,0.09641547115931001,0.0015579918513138036,0.01731431891354856,9.217580334875008e-07
0.19,0.0962313838319345,0.0017323290219695357,0.018239053376586892,9.171230222519944e-07
0.2,0.09604946519590264,0.0019155210902147917,0.01916004494064172,9.126856392764605e-07
0.21,0.09586979891791199,0.00210751224652044,0.02007732333909859,9.084452114503393e-07
0.22,0.09569246793503235,0.0023082470924401625,0.020990919073046385,9.044011086525457e-07
0.23,0.0955175544603412,0.0025176706475357725,0.021900863402491054,9.005527436844165e-07
0.24,0.09534513998861421,0.0027357283561958248,0.022807188337641393,8.968995722113673e-07
0.25,0.09517530530206941,0.0029623660943484524,0.023709926630267185,8.93441092713285e-07
0.26,0.09500813047616398,0.003197530176069369,0.024609111765130108,8.901768464436475e-07
0.27,0.09484369488544236,0.0034411673600859794,0.02550477795148774,8.871064173974045e-07
0.28,0.0946820772094346,0.0036932248561785492,0.026396960114671023,8.84229432287624e-07
0.29,0.09452335543860364,0.003953650331479379,0.02728569388773553,8.815455605309194e-07
0.3,0.09436760688034061,0.004222391916670944,0.028171015603186824,8.790545142416917e-07
0.31,0.0942149081650067,0.004499398212083952,0.029052962284780246,8.767560482351979e-07
0.32,0.09406533525202078,0.004784618293696283,0.02993157163939545,8.746499600394691e-07
0.33,0.09391896343599147,0.005078001719033772,0.030806882048985938,8.727360899160966e-07
0.34,0.09377586735289267,0.005379498532973805,0.031678932562603894,8.710143208899251e-07
0.35000000000000003,0.0936361209862814,0.005689059273452686,0.0325477628885006,8.694845787876825e-07
0.36,0.0934997976735569,0.00600663497707776,0.03341341338630268,8.681468322855558e-07
0.37,0.09336697011226007,0.006332177184645254,0.03427592505926441,8.67001092965745e-07
0.38,0.09323771036641194,0.00666563794656481,0.03513533954659636,8.660474153820485e-07
0.39,0.09311208987289044,0.007006969828191687,0.03599169911587055,8.652858971345121e-07
0.4,0.09299017944784423,0.0073561259150676074,0.03684504665550243,8.647166789531637e-07
0.41000000000000003,0.09287204929314276,0.0077130598180712275,0.03769542566730977,8.643399447908452e-07
0.42,0.09275776900286144,0.008077725678479203,0.03854288025914874,8.641559219252408e-07
0.43,0.09264740756980101,0.008450078172938831,0.03938745513762737,8.641648810700968e-07
0.44,0.09254103339204024,0.008830072518353257,0.0402291956008965,8.643671364956974e-07
0.45,0.09243871427952077,0.009217664476680201,0.04106814753151849,8.647630461586158e-07
0.46,0.0923405174606634,0.009612810359645205,0.041904357389413706,8.653530118407909e-07
0.47000000000000003,0.09224650958901477,0.010015467033370374,0.04273787220488511,8.661374792980049e-07
0.48,0.09215675674992362,0.01042559192291957,0.043568739571720916,8.671169384177967e-07
0.49,0.09207132446724553,0.010843143016761071,0.044397007640375574,8.682919233868064e-07
0.5,0.09199027771007558,0.011268078871148633,0.0452227251112291,8.69663012867688e-07
0.51,0.09191368089950767,0.011700358614421957,0.04604594122792497,8.712308301855987e-07
0.52,0.09184159791541999,0.012139941951227525,0.04686670577078654,8.729960435242837e-07
0.53,0.09177409210328547,0.012586789166660775,0.047685069050312216,8.749593661319161e-07
0.54,0.09171122628100667,0.013040861130330587,0.048501081900749386,8.771215565366183e-07
0.55,0.09165306274577405,0.013502119300347058,0.04931479567374717,8.794834187718105e-07
0.56,0.09159966328094689,0.013970525727233514,0.050126262232088103,8.820458026114584e-07
0.5700000000000001,0.09155108916295607,0.014446043057763749,0.050935533943498784,8.848096038151884e-07
0.58,0.09150740116822781,0.014928634538725429,0.05174266367453949,8.877757643834193e-07
0.59,0.0914686595801278,0.015418264020610634,0.052547704784572866,8.909452728225729e-07
0.6,0.09143492419592465,0.015914895961234504,0.05335071111981168,8.943191644203525e-07
0.61,0.09140625433377211,0.01641849542928292,0.05415173700744563,8.978985215312545e-07
0.62,0.09138270883970928,0.016929028107790196,0.05495083724984727,9.016844738723155e-07
0.63,0.0913643460946779,0.017446460297547716,0.055748067118857,9.056781988291872e-07
0.64,0.09135122402155625,0.017970758920444477,0.05654348235014717,9.098809217726153e-07
0.65,0.09134340009220866,0.018501891522740455,0.0573371391376652,9.142939163853971e-07
0.66,0.09134093133455015,0.019039826278273754,0.058129094128155805,9.189185049998745e-07
0.67,0.09134387433962529,0.01958453199160248,0.058919404415762114,9.237560589460737e-07
0.68,0.09135228526870072,0.020135978101082242,0.05970812753670587,9.288079989105243e-07
0.6900000000000001,0.09136621986037063,0.020694134681880243,0.0604953214640464,9.340757953058811e-07
0.7000000000000001,0.09138573343767442,0.021258972448926845,0.06128104460251859,9.39560968651413e-07
0.71,0.091410880915226,0.021830462759805574,0.06206535578344945,9.452650899644107e-07
0.72,0.091441716806354,0.02240857761758244,0.06284831425975351,9.511897811626814e-07
0.73,0.09147829523025221,0.022993289673575494,0.06362997970100683,9.573367154780976e-07
0.74,0.09152066991913965,0.02358457223006556,0.06441041218859937,9.637076178814093e-07
0.75,0.09156889422542974,0.024182399242948974,0.06518967221096604,9.703042655183045e-07
0.76,0.09162302112890765,0.024786745324333323,0.06596782065889575,9.771284881568971e-07
0.77,0.09168310324391554,0.025397585745076962,0.06674491882091896,9.84182168646671e-07
0.78,0.09174919282654494,0.0260148964372733,0.06752102837877301,9.91467243388961e-07
0.79,0.09182134178183553,0.026638653996680674,0.0682962114029456,9.9898570281917e-07
0.8,0.09189960167098003,0.027268835685098705,0.06907053034829594,1.0067395919006918e-06
0.81,0.09198402371853438,0.02790541943269201,0.06984404804975355,1.0147310106307226e-06
0.8200000000000001,0.09207465881963268,0.028548383840262134,0.07061682771809463,1.0229621145579982e-06
0.8300000000000001,0.09217155754720639,0.02919770818146855,0.07138893293579561,1.0314351153125952e-06
0.84,0.09227477015920714,0.0298533724049996,0.07216042765296395,1.0401522811479426e-06
0.85,0.09238434660583268,0.030515357136694208,0.07293137618334589,1.0491159374950494e-06
0.86,0.09250033653675539,0.03118364368161522,0.07370184320041097,1.058328467529076e-06
0.87,0.09262278930835273,0.03185821402607519,0.07447189373351312,1.0677923127484563e-06
0.88,0.09275175399093924,0.03253905083961548,0.07524159316412819,1.0775099735665146e-06
0.89,0.09288727937599948,0.03322613747693941,0.07601100722216755,1.087484009915843e-06
0.9,0.09302941398342139,0.033919457979800394,0.0767802019823678,1.0977170418654468e-06
0.91,0.09317820606872955,0.0346189970788458,0.07754924386075607,1.1082117502507415e-06
0.92,0.0933337036303179,0.035324740195417315,0.07831819961119087,1.1189708773167322e-06
0.93,0.09349595441668138,0.03603667344330867,0.0790871363219783,1.1299972273741785e-06
0.9400000000000001,0.09366500593364592,0.03675478363048151,0.07985612141256311,1.1412936674690318e-06
0.9500000000000001,0.09384090545159648,0.037479058260740127,0.08062522263029469,1.152863128065333e-06
0.96,0.09402370001270245,0.038209485535365906,0.08139450804726742,1.1647086037415016e-06
0.97,0.09421343643814004,0.03894605435471222,0.08216404605723539,1.1768331539002615e-06
0.98,0.09441016133531123,0.039688754319760544,0.08293390537260098,1.1892399034923106e-06
0.99,0.09461392110505876,0.04043757573363851,0.08370415502147723,1.2019320437538057e-06
1.0,0.09482476194887665,0.041192509603100703,0.08447486434482346,1.2149128329578216e-06
1.01,0.09504272987611592,0.04195354763997291,0.08524610299365416,1.2281855971798976e-06
1.02,0.09526787071118496,0.042720682262560504,0.08601794092632055,1.241753731077812e-06
1.03,0.09550023010074414,0.0434939065970218,0.08679044840586467,1.2556206986856859e-06
1.04,0.09573985352089426,0.04427321447870698,0.08756369599744565,1.2697900342225661e-06
1.05,0.09598678628435835,0.04505860045346338,0.08833775456583787,1.284265342915568e-06
1.06,0.09624107354765642,0.04585005977890777,0.08911269527300052,1.2990503018377368e-06
1.07,0.09650276031827273,0.04664758842566637,0.08988858957571845,1.3141486607607882e-06
1.08,0.09677189146181515,0.047451183078583245,0.09066550922331383,1.3295642430228364e-06
1.09,0.09704851170916623,0.048260841137897824,0.09144352625542827,1.3453009464111887e-06
1.1,0.09733266566362547,0.049076560720392064,0.09222271299987513,1.3613627440603517e-06
1.11,0.0976243978080426,0.04989834066050808,0.09300314207056146,1.3777536853654996e-06
1.12,0.09792375251194117,0.05072618051143679,0.09378488636547952,1.394477896911381e-06
1.1300000000000001,0.09823077403863226,0.051560080546178236,0.09456801906476718,1.411539583416817e-06
1.1400000000000001,0.09854550655231786,0.05240004175857419,0.09535261362883694,1.4289430286950778e-06
1.1500000000000001,0.09886799412518354,0.053246065864313734,0.0961387437965733,1.446692596630051e-06
1.16,0.09919828074447994,0.054098155301912317,0.09692648358359782,1.464792732168489e-06
1.17,0.09953641031959273,0.054956313233665,0.0977159072806017,1.4832479623284524e-06
1.18,0.09988242668910084,0.05582054354657439,0.09850708945174537,1.502062897223955e-06
1.19,0.10023637362782217,0.05669085085325393,0.0993001049331246,1.52124223110614e-06
1.2,0.10059829485384682,0.057567240492806995,0.10009502883130288,1.5407907434209886e-06
1.21,0.10096823403555719,0.05844971853168252,0.10089193652190939,1.56071329988373e-06
1.22,0.10134623479863471,0.05933829176450757,0.10169090364830244,1.5810148535700284e-06
1.23,0.10173234073305273,0.06023296771489744,0.1024920061202975,1.6017004460242505e-06
1.24,0.10212659540005535,0.061133754636243855,0.10329532011295989,1.6227752083847726e-06
1.25,0.10252904233912154,0.06204066151248176,0.1041009220654611,1.6442443625264982e-06
1.26,0.10293972507491451,0.06295369805883519,0.10490888867999879,1.666113222220768e-06
1.27,0.10335868712421578,0.0638728747225427,0.1057192969207796,1.6883871943127385e-06
1.28,0.1037859720028435,0.064798202683563,0.10653222401306446,1.711071779916495e-06
1.29,0.10422162323255486,0.065729693855261,0.10734774744227597,1.7341725756277704e-06
1.3,0.10466568434793214,0.06666736088507506,0.10816594495316711,1.7576952747546493e-06
1.31,0.10511819890325187,0.06761121715516556,0.10898689454905104,1.7816456685662344e-06
1.32,0.10557921047933705,0.06856127678304548,0.10981067449109128,1.806029647559451e-06
1.33,0.10604876269039175,0.06951755462219335,0.11063736329765181,1.830853202744243e-06
1.34,0.10652689919081795,0.07048006626264898,0.11146703974370664,1.8561224269469614e-06
1.35,0.10701366368201412,0.07144882803159232,0.11229978286030814,1.8818435161323654e-06
1.36,0.10750909991915521,0.072423856993906,0.11313567193411367,1.9080227707442806e-06
1.37,0.1080132517179537,0.07340517095272173,0.11397478650696997,1.9346665970649405e-06
1.3800000000000001,0.1085261629614013,0.07439278844995116,0.1148172063755548,1.9617815085932134e-06
1.3900000000000001,0.10904787760649097,0.07538672876680132,0.115663011591075,1.989374127441837e-06
1.4000000000000001,0.10957843969091885,0.07638701192427519,0.11651228245902073,2.017451185753719e-06
1.41,0.11011789333976572,0.0773936586836576,0.11736509953897505,2.0460195271374004e-06
1.42,0.11066628277215766,0.0784066905469869,0.11822154364447829,2.075086108121883e-06
1.43,0.11122365230790546,0.0794261297575125,0.11908169584294673,2.104657999630788e-06
1.44,0.11179004637412243,0.0804519993001388,0.11994563745564477,2.1347423884760762e-06
1.45,0.1123655095118203,0.08148432290185571,0.12081345005771009,2.165346578871407e-06
1.46,0.11295008638248259,0.08252312503215599,0.12168521547823118,2.1964779939650307e-06
1.47,0.11354382177461535,0.0835684309034396,0.12256101580037643,2.228144177392593e-06
1.48,0.11414676061027465,0.0846202664714055,0.12344093336157438,2.2603527948498142e-06
1.49,0.11475894795157054,0.08567865843543092,0.12432505075374423,2.2931116356849914e-06
1.5,0.115380429007147,0.08674363423893842,0.125213450823576,2.3264286145116216e-06
1.51,0.11601124913863747,0.08781522206975091,0.12610621667285973,2.3603117728410406e-06
1.52,0.11665145386709569,0.08889345086043474,0.127003431658863,2.3947692807352753e-06
1.53,0.11730108887940116,0.0899783502886311,0.12790517939475587,2.429809438480087e-06
1.54,0.11796020003463906,0.09106995077737595,0.12881154375008294,2.4654406782782153e-06
1.55,0.118628833370454,0.09216828349540834,0.12972260885128123,2.5016715659629623e-06
1.56,0.11930703510937735,0.09327338035746754,0.13063845908224367,2.538510802732213e-06
1.57,0.11999485166512742,0.0943852740245789,0.1315591790849272,2.5759672269027244e-06
1.58,0.12069232964888246,0.09550399790432855,0.13248485376000463,2.6140498156848467e-06
1.59,0.12139951587552553,0.09662958615112707,0.13341556826755968,2.652767686977745e-06
1.6,0.12211645736986114,0.0977620736664621,0.13435140802782436,2.6921301011849245e-06
1.61,0.12284320137280313,0.0989014960991399,0.1352924587219577,2.732146463050397e-06
1.62,0.12357979534753312,0.10004788984551598,0.13623880629286542,2.772826323515083e-06
1.6300000000000001,0.12432628698562917,0.10120129204971473,0.1371905369460592,2.8141793815937893e-06
1.6400000000000001,0.12508272421316427,0.10236174060383801,0.13814773715055523,2.8562154862725535e-06
1.6500000000000001,0.12584915519677384,0.10352927414816267,0.1391104936398107,2.898944638426272e-06
1.6600000000000001,0.1266256283496921,0.10470393207132692,0.14007889341269783,2.9423769927567756e-06
1.67,0.12741219233775639,0.10588575451050555,0.14105302373451414,2.9865228597511413e-06
1.68,0.12820889608537925,0.10707478235157383,0.14203297213802846,3.0313927076602226e-06
1.69,0.1290157887814875,0.10827105722925992,0.14301882642456135,3.076997164497171e-06
1.7,0.12983291988542778,0.10947462152728576,0.14401067466509943,3.123347020056287e-06
1.71,0.1306603391328381,0.11068551837849626,0.14500860520144238,3.1704532279516155e-06
1.72,0.13149809654148464,0.11190379166497648,0.14601270664738178,3.2183269076753733e-06
1.73,0.13234624241706344,0.11312948601815682,0.14702306788991085,3.266979346676213e-06
1.74,0.13320482735896602,0.11436264681890579,0.148039778090464,3.316422002456905e-06
1.75,0.13407390226600868,0.11560332019761019,0.14906292668618534,3.3666665046915447e-06
1.76,0.13495351834212466,0.1168515530342425,0.15009260339122493,3.4177246573618756e-06
1.77,0.13584372710201842,0.11810739295841506,0.15112889819806194,3.4696084409128676e-06
1.78,0.13674458037678172,0.11937088834942086,0.1521719013788536,3.522330014426979e-06
1.79,0.1376561303194703,0.1206420883362605,0.15322170348680883,3.575901717816921e-06
1.8,0.13857842941064094,0.12192104279765496,0.15427839535758536,3.6303360740372974e-06
1.81,0.13951153046384804,0.12320780236204397,0.1553420681107097,3.685645791313861e-06
1.82,0.14045548663109877,0.12450241840756926,0.15641281315101807,3.741843765390799e-06
1.83,0.1414103514082665,0.12580494306204254,0.15749072217011803,3.798943081795851e-06
1.84,0.14237617864046123,0.12711542920289767,0.1585758871478688,3.856957018122151e-06
1.85,0.1433530225273567,0.12843393045712637,0.15966840035387975,3.9158990463274886e-06
1.86,0.14434093762847308,0.12976050120119728,0.1607683543490255,3.975782835049884e-06
1.87,0.14533997886841457,0.1310951965609575,0.16187584198697652,4.0366222519392545e-06
1.8800000000000001,0.14635020154206105,0.13243807241151628,0.16299095641574393,4.0984313660051e-06
1.8900000000000001,0.14737166131971288,0.13378918537711015,0.1641137910792374,4.161224449979346e-06
1.9000000000000001,0.1484044142521881,0.13514859283094896,0.1652444397188346,4.225015982693996e-06
1.9100000000000001,0.14944851677587082,0.13651635289504205,0.16638299637496104,4.289820651473382e-06
1.92,0.15050402571771054,0.137892524440004,0.16752955538867909,4.355653354540166e-06
1.93,0.15157099830017057,0.1392771670848392,0.16868421140328446,4.42252920343475e-06
1.94,0.15264949214612533,0.14067034119670455,0.16984705936590927,4.4904635254474834e-06
1.95,0.15373956528370522,0.1420721078906494,0.17101819452912972,4.559471866062891e-06
1.96,0.15484127615108811,0.14348252902933203,0.17219771245257748,4.62956999141578e-06
1.97,0.15595468360123638,0.144901667222712,0.17338570900455294,4.700773890757836e-06
1.98,0.15707984690657847,0.14632958582771702,0.17458228036363904,4.773099778934755e-06
1.99,0.15821682576363402,0.1477663489478841,0.17578752302031414,4.846564098872879e-06
2.0,0.15936568029758122,0.14921202143297346,0.1770015337785624,4.92118352407411e-06
2.0100000000000002,0.16052647106676535,0.15066666887855468,0.17822440975748,4.996974961119183e-06
2.02,0.1616992590671475,0.15213035762556382,0.17945624839287574,5.07395555217795e-06
2.0300000000000002,0.16288410573669207,0.15360315475983063,0.1806971474388644,5.152142677525558e-06
2.04,0.16408107295969188,0.1550851281115747,0.18194720496945105,5.23155395806426e-06
2.05,0.16529022307102972,0.15657634625486955,0.1832065193801049,5.3122072578493234e-06
2.06,0.16651161886037505,0.15807687850707328,0.1844751893893207,5.394120686618335e-06
2.07,0.16774532357631441,0.1595867949282251,0.18575331404016604,5.477312602322834e-06
2.08,0.16899140093041445,0.161106166320406,0.18704099270181296,5.5618016136610835e-06
2.09,0.17024991510121593,0.16263506422706253,0.1883383250710518,5.647606582610806e-06
2.1,0.17152093073815747,0.16417356093229254,0.18964541117378558,5.73474662696071e-06
2.11,0.17280451296542762,0.16572172946009128,0.19096235136650302,5.823241122839879e-06
2.12,0.17410072738574361,0.1672796435735567,0.19228924633772834,5.913109707243472e-06
2.13,0.17540964008405557,0.16884737777405254,0.19362619710944579,6.004372280553204e-06
2.14,0.17673131763117425,0.17042500730032753,0.19497330503849708,6.097049009051269e-06
2.15,0.1780658270873211,0.17201260812758956,0.1963306718179495,6.191160327426957e-06
2.16,0.17941323600559897,0.17361025696653296,0.1976983994784329,6.28672694127354e-06
2.17,0.18077361243538148,0.17521803126231753,0.19907659038944328,6.383769829574023e-06
2.18,0.18214702492561985,0.17683600919349762,0.20046534726061088,6.48231024717474e-06
2.19,0.18353354252806503,0.17846426967089962,0.20186477314293078,6.582369727244416e-06
2.2,0.18493323480040375,0.180102892336446,0.2032749714299535,6.683970083717389e-06
2.21,0.18634617180930632,0.18175195756192447,0.20469604585893364,6.7871334137188165e-06
2.22,0.18777242413338463,0.1834115464477001,0.2061281005119342,6.891882099970062e-06
2.23,0.18921206286605818,0.1850817408213688,0.207571239816884,6.998238813172758e-06
2.24,0.19066515961832659,0.18676262323635004,0.20902556854858625,7.106226514368597e-06
2.25,0.192131786521446,0.18845427697041714,0.21049119182967554,7.215868457273691e-06
2.2600000000000002,0.1936120162295081,0.19015678602416286,0.21196821513152095,7.327188190585036e-06
2.27,0.1951059219219191,0.1918702351193985,0.21345674427507264,7.4402095602560025e-06
2.2800000000000002,0.19661357730577683,0.19359470969748396,0.21495688543164956,7.554956711739676e-06
2.29,0.19813505661814362,0.19533029591758733,0.21646874512366554,7.671454092197146e-06
2.3000000000000003,0.19967043462821304,0.197077080654871,0.21799243022529105,7.789726452668256e-06
2.31,0.201219786639368,0.19883515149860276,0.21952804796304826,7.909798850201905e-06
2.32,0.2027831884911278,0.20060459675018888,0.22107570591633624,8.031696649943568e-06
2.33,0.2043607165609823,0.20238550542112746,0.22263551201788392,8.155445527177422e-06
2.34,0.20595244776611,0.20417796723087914,0.22420757455412751,8.281071469319973e-06
2.35,0.2075584595649784,0.20598207260465298,0.2257920021655101,8.408600777861851e-06
2.36,0.20917882995882348,0.20779791267110478,0.22738890384669977,8.538060070255409e-06
2.37,0.21081363749300605,0.20962557925994538,0.228998388946724,8.669476281744727e-06
2.38,0.2124629612582424,0.21146516489945616,0.23062056716901658,8.80287666713425e-06
2.39,0.21412688089170626,0.2133167628139092,0.2322555485713745,8.938288802493755e-06
2.4,0.21580547657799967,0.21518046692088924,0.2339034435658214,9.075740586795203e-06
2.41,0.2174988290499899,0.2170563718285144,0.23556436291837435,9.215260243477923e-06
2.42,0.21920701958950933,0.2189445728325531,0.23723841774871077,9.356876321939352e-06
2.43,0.22093013002791573,0.2208451659134342,0.23892571952973224,9.500617698946717e-06
2.44,0.22266824274650965,0.22275824773314684,0.24062638008702167,9.64651357996557e-06
2.45,0.22442144067680625,0.22468391563202764,0.2423405115981904,9.79459350040223e-06
2.46,0.22618980730065819,0.22662226762543156,0.24406822659211186,9.94488732675448e-06
2.47,0.22797342665022646,0.22857340240028332,0.24580963794803815,1.0097425257667547e-05
2.48,0.22977238330779626,0.2305374193115063,0.24756485889459592,1.0252237824890211e-05
2.49,0.23158676240543408,0.2325144183783253,0.24933400300865785,1.0409355894126569e-05
2.5,0.23341664962448333,0.23450450028043998,0.251117184214086,1.056881066577911e-05
2.5100000000000002,0.23526213119489456,0.23650776635406526,0.2529145167803434,1.073063367557796e-05
2.52,0.23712329389438705,0.2385243185878353,0.2547261153209695,1.0894856795091622e-05
2.5300000000000002,0.23900022504743829,0.24055425961856744,0.25655209479191643,1.1061512232113706e-05
2.54,0.24089301252409756,0.2425976927268823,0.258392570489741,1.1230632530920778e-05
2.5500000000000003,0.24280174473862018,0.24465472183267634,0.2602476580496492,1.140225057239617e-05
2.56,0.24472651064791848,0.24672545149044295,0.26211747344338887,1.157639957401373e-05
2.57,0.24666739974982585,0.24880998688443842,0.26400213297698594,1.1753113089675981e-05
2.58,0.24862450208116993,0.25090843382368855,0.2659017532883207,1.1932425009401276e-05
2.59,0.250597908215651,0.25302089873683187,0.26781645134453924,1.2114369558852917e-05
2.6,0.2525877092615214,0.25514748866679554,0.26974634443929546,1.2298981298706045e-05
2.61,0.25459399685906264,0.25728831126529955,0.27169155018982016,1.2486295123844073e-05
2.62,0.25661686317785476,0.259443474787185,0.27365218653381146,1.2676346262378218e-05
2.63,0.2586564009138348,0.261613088084562,0.2756283717261428,1.2869170274486632e-05
2.64,0.2607127032861398,0.26379726060077335,0.27762022433538375,1.3064803051061986e-05
2.65,0.2627858640337299,0.2659961023641683,0.2796278632401282,1.3263280812162204e-05
2.66,0.26487597741178653,0.2682097239816832,0.28165140762512625,1.3464640105260496e-05
2.67,0.2669831381878829,0.27043823663222344,0.28369097697721357,1.366891780328188e-05
2.68,0.26910744163791966,0.2726817520598424,0.28574669108103484,1.387615110242177e-05
2.69,0.2712489835418236,0.2749403825667123,0.28781867001455474,1.4086377519740397e-05
2.7,0.27340786017900287,0.27721424100588254,0.28990703414435226,1.429963489052231e-05
2.71,0.2755841683235549,0.27950344077382,0.29201190412069306,1.4515961365393501e-05
2.72,0.2777780052392215,0.2818080958027267,0.2941334008723744,1.4735395407190541e-05
2.73,0.27998946867408675,0.2841283205526296,0.2962716456013377,1.4957975787571065e-05
2.74,0.28221865685501224,0.2864642300032374,0.29842675977704264,1.5183741583356541e-05
2.75,0.2844656684818049,0.2888159396455588,0.30059886513059847,1.5412732172601343e-05
2.7600000000000002,0.2867306027211118,0.29118356547327734,0.3027880836486458,1.5644987230376673e-05
2.77,0.28901355920003713,0.2935672239738771,0.30499453756698414,1.58805467242618e-05
2.7800000000000002,0.29131463799947593,0.29596703211951375,0.30721834936393916,1.611945090953284e-05
2.79,0.2936339396471587,0.2983831073576259,0.30945964175346397,1.6361740324039548e-05
2.8000000000000003,0.29597156511040235,0.30081556760128025,0.3117185376779687,1.6607455782760822e-05
2.81,0.2983276157885608,0.3032645312192456,0.3139951603008724,1.685663837202919e-05
2.82,0.3007021935051711,0.30573011702578967,0.3162896329988714,1.7109329443414204e-05
2.83,0.3030954004997875,0.3082124442701927,0.3186020793539183,1.7365570607254752e-05
2.84,0.3055073394194999,0.31071163262597234,0.32093262314490495,1.7625403725829008e-05
2.85,0.3079381133101288,0.31322780217981344,0.32328138833904385,1.788887090615339e-05
2.86,0.3103878256070923,0.3157610734201969,0.32564849908294174,1.8156014492398384e-05
2.87,0.3128565801259385,0.3183115672257212,0.32803407969335874,1.842687705791094e-05
2.88,0.31534448105253765,0.320879404853111,0.3304382546476469,1.8701501396832605e-05
2.89,0.3178516329329279,0.3234647079249059,0.33286114857386206,1.8979930515301587e-05
2.9,0.3203781406628081,0.32606759841682326,0.335302886240542,1.926220762222852e-05
2.91,0.32292410947667227,0.328688198644789,0.3377635925461449,1.954837611963253e-05
2.92,0.3254896449365784,0.3313266312516295,0.34024339250814134,1.983847959252869e-05
2.93,0.32807485292054656,0.3339830191934183,0.3427424112517531,2.013256179835291e-05
2.94,0.3306798396105788,0.3366574857254712,0.3452607739983323,2.0430666655912564e-05
2.95,0.3333047114802949,0.33935015438798294,0.3477986060533744,2.0732838233851922e-05
2.96,0.3359495752821779,0.3420611489912986,0.3503560327941573,2.103912073861906e-05
2.97,0.3386145380344219,0.34479059360081354,0.35293317965700105,2.1349558501922615e-05
2.98,0.34129970700737655,0.34753861252149504,0.3555301721241407,2.1664195967665138e-05
2.99,0.34400518970958116,0.35030533028201805,0.35814713571020484,2.1983077678340956e-05
3.0,0.3467310938733817,0.3530908716185093,0.3607841959482942,2.2306248260886644e-05
3.0100000000000002,0.3494775274401241,0.35589536145789247,0.36344147837565205,2.2633752411969587e-05
3.02,0.35224459854491763,0.3587189249008268,0.3661191085189204,2.2965634882703086e-05
3.0300000000000002,0.3550324155009604,0.36156168720423376,0.36881721187897426,2.330194046277459e-05
3.04,0.3578410867834215,0.36442377376340324,0.3715359139153276,2.364271396397451e-05
3.0500000000000003,0.3606707210128727,0.36730531009367307,0.3742753400301032,2.398800020311128e-05
3.06,0.36352142693826156,0.37020642181167474,0.3770356155515601,2.4337843984300905e-05
3.0700000000000003,0.3663933134194215,0.37312723461613845,0.37981686571717077,2.4692290080618258e-05
3.08,0.3692864894091096,0.37606787426825,0.38261921565624174,2.50513832150949e-05
3.09,0.3722010639345671,0.37902846657155287,0.38544279037206985,2.541516804105187e-05
3.1,0.3751371460785947,0.38200913735138825,0.38828771472362766,2.578368912175425e-05
3.11,0.37809484496013607,0.3850100124338663,0.3911541134067704,2.6156990909373003e-05
3.12,0.3810742697143628,0.38803121762436094,0.39404211093495767,2.6535117723243964e-05
3.13,0.3840755294722544,0.391072878685522,0.39695183161948294,2.6918113727408142e-05
3.14,0.38709873333966527,0.3941351213147971,0.39988339954920366,2.730602290741991e-05
3.15,0.3901439903758736,0.39721807112145663,0.4028369385697648,2.7698889046414295e-05
3.16,0.39321140957160405,0.4003218536031145,0.4058125722623095,2.809675570041751e-05
3.17,0.396301099826518,0.4034465941217386,0.408810423921669,2.8499666172887767e-05
3.18,0.3994131699261652,0.40659241787914296,0.41183061653402603,2.8907663488475467e-05
3.19,0.4025477285183892,0.40975944989195584,0.4148732727540438,2.9320790365991767e-05
3.2,0.40570488408918115,0.41294781496605654,0.4179385148814547,2.9739089190570478e-05
3.21,0.4088847449379744,0.41615763767047426,0.42102646483710177,3.0162601985013104e-05
3.22,0.41208741915237457,0.41938904231074253,0.42413724413842574,3.0591370380307633e-05
3.23,0.4153130145823179,0.4226421529017029,0.4272709738743925,3.1025435585305884e-05
3.24,0.4185616388136522,0.42591709313975107,0.4304277746798531,3.146483835555209e-05
3.25,0.42183339914113416,0.4292139863745193,0.4336077667093311,3.190961896125094e-05
3.2600000000000002,0.42512840254083667,0.43253295557998944,0.4368110696102305,3.235981715436511e-05
3.27,0.42844675564196116,0.4358741233250296,0.4400378024954583,3.2815472134832366e-05
3.2800000000000002,0.4317885646980481,0.43923761174334935,0.44328808391545615,3.327662251589427e-05
3.29,0.4351539355575808,0.44262354250286706,0.44656203182963455,3.374330628852702e-05
3.3000000000000003,0.438542973633977,0.4460320367744842,0.44985976357720475,3.421556078496595e-05
3.31,0.44195578387496237,0.44946321520026095,0.4531813958474026,3.4693422641317636e-05
3.3200000000000003,0.4453924707313218,0.4529171978609875,0.45652704464909877,3.5176927759250883e-05
3.33,0.4488531381250226,0.4563941042431467,0.4598968252797908,3.566611126676232e-05
3.34,0.45233788941670516,0.4598940532052622,0.46329085229397177,3.616100747801017e-05
3.35,0.455846827372537,0.4634171629436285,0.46670923947087084,3.6661649852210435e-05
3.36,0.45938005413042526,0.4669635509574169,0.4701520997815616,3.716807095159304e-05
3.37,0.4629376711655839,0.4705333340131548,0.47361954535543327,3.768030239841525e-05
3.38,0.4665197792554516,0.47412662810857326,0.477111687446022,3.8198374831027656e-05
3.39,0.4701264784439572,0.47774354843581934,0.4806286363961972,3.8722317858993154e-05
3.4,0.47375786800512865,0.48138420934402976,0.48417050160270025,3.925216001725946e-05
3.41,0.4774140464060431,0.48504872430126283,0.4877373914800328,3.978792871938344e-05
3.42,0.4810951112691155,0.4887372058557859,0.4913294134236906,4.032965020981163e-05
3.43,0.48480115933372253,0.4924497655967152,0.49494667377274176,4.087734951521646e-05
3.44,0.4885322864171605,0.49618651411400666,0.4985892777717464,4.143105039489684e-05
3.45,0.49228858737493564,0.4999475609577952,0.5022573295320161,4.199077529024548e-05
3.46,0.4960701560603847,0.5037330145970814,0.5059509319922116,4.2556545273287315e-05
3.47,0.4998770852836255,0.5075429823777643,0.5096701868782783,4.312837999430608e-05
3.48,0.503709466769837,0.5113775704800195,0.5134151946627176,4.3706297628555954e-05
3.49,0.5075673911168677,0.5152368838750226,0.5171860545231953,4.429031482207844e-05
3.5,0.511450947752174,0.5191210262810179,0.5209828643004867,4.488044663663645e-05
3.5100000000000002,0.515360224889089,0.5230301001187324,0.5248057204557577,4.547670649377205e-05
3.52,0.5192953094824208,0.5269642064661378,0.528654718027186,4.607910611801404e-05
3.5300000000000002,0.5232562871833862,0.5309234450125602,0.5325299505859206,4.6687655479245394e-05
3.54,0.5272432422938776,0.5349079140121401,0.5364315101913842,4.730236273425213e-05
3.5500000000000003,0.5312562577200683,0.5389177102366466,0.5403594873459204,4.7923234167475105e-05
3.56,0.5352954149253591,0.5429529289276462,0.5443139709487876,4.8550274130986866e-05
3.5700000000000003,0.5393607938826693,0.5470136637480332,0.5482950482495055,4.918348498372128e-05
3.58,0.5434524730260774,0.5511000067329226,0.5523028048005564,4.9822867029978844e-05
3.59,0.5475705292018148,0.5552120482399134,0.5563373244094485,5.046841845723619e-05
3.6,0.551715037618621,0.5593498768987253,0.5603986890901438,5.112013527329948e-05
3.61,0.5558860717974629,0.5635135795602161,0.5644869790138594,5.1778011242825076e-05
3.62,0.560083703520628,0.5677032412447869,0.5686022724592473,5.2442037823247176e-05
3.63,0.5643080027801973,0.5719189450901815,0.5727446457619617,5.3112204100153013e-05
3.64,0.5685590377259073,0.5761607722986887,0.5769141732636194,5.378849672214118e-05
3.65,0.5728368746124085,0.5804288020837565,0.5811109272601652,5.447089983521297e-05
3.66,0.577141577745932,0.5847231116160273,0.5853349779496505,5.5159395016730295e-05
3.67,0.5814732094303727,0.5890437759688048,0.5895863933794342,5.5853961209002294e-05
3.68,0.5858318299128019,0.5933908680629633,0.5938652393928199,5.655457465254542e-05
3.69,0.5902174973284202,0.5977644586113122,0.5981715795751384,5.72612088190606e-05
3.7,0.5946302676449637,0.602164616062427,0.6025054751992907,5.797383434419992e-05
3.71,0.5990701946065774,0.6065914065439613,0.6068669851707625,5.869241896017478e-05
3.72,0.60353732967717,0.6110448938054545,0.611256165972128,5.941692742826011e-05
3.73,0.6080317219832657,0.6155251391606492,0.6156730716070538,6.014732147126518e-05
3.74,0.6125534182563684,0.6200322014293356,0.6201177535438239,6.088355970604382e-05
3.75,0.6171024627748567,0.6245661368787393,0.6245902606583991,6.162559757610345e-05
3.7600000000000002,0.6216788973054264,0.6291269991644708,0.6290906391770301,6.237338728439011e-05
3.77,0.6262827610441002,0.6337148392710554,0.6336189326184447,6.312687772632736e-05
3.7800000000000002,0.6309140905568248,0.6383297054520636,0.6381751817356257,6.388601442318346e-05
3.79,0.635572919719675,0.6429716431698622,0.6427594244572032,6.465073945585428e-05
3.8000000000000003,0.640259279658688,0.6476406950350092,0.6473716958284824,6.542099139914277e-05
3.81,0.6449731986893503,0.6523369007453135,0.6520120279521285,6.61967052566196e-05
3.8200000000000003,0.6497147022557606,0.657060297024585,0.656680449928534,6.697781239616613e-05
3.83,0.6544838128694943,0.6618109175610992,0.6613769877958928,6.776424048628187e-05
3.84,0.6592805500481953,0.6665887929458018,0.6661016644700066,6.85559134332552e-05
3.85,0.6641049302539216,0.6713939506102807,0.6708544996838509,6.935275131930584e-05
3.86,0.6689569668312736,0.6762264147645344,0.6756355099269287,7.015467034179136e-05
3.87,0.6738366699453338,0.6810862063345634,0.6804447083844407,7.096158275358278e-05
3.88,0.6787440465194476,0.6859733428998176,0.6852821048763026,7.177339680472365e-05
3.89,0.6836791001728778,0.6908878386305294,0.6901477057960398,7.25900166854801e-05
3.9,0.6886418311583634,0.6958297042249647,0.6950415140495931,7.341134247089196e-05
3.91,0.6936322362996182,0.7007989468466267,0.6999635289940681,7.42372700669466e-05
3.92,0.6986503089288022,0.7057955700614454,0.7049137463764625,7.50676911584874e-05
3.93,0.703696038824002,0.7108195737749899,0.7098921582724085,7.59024931589808e-05
3.94,0.7087694121467577,0.7158709541697392,0.7148987530249644,7.674155916226651e-05
3.95,0.7138704113796729,0.7209497036424507,0.7199335151834966,7.758476789641278e-05
3.96,0.7189990152641481,0.726055810741664,0.7249964254426876,7.843199367980349e-05
3.97,0.7241551987382769,0.7311892601053815,0.7300874605817131,7.928310637958919e-05
3.98,0.7293389328749466,0.7363500323989659,0.735206593403627,8.013797137263273e-05
3.99,0.734550184820185,0.7415381042532979,0.7403537926749978,8.099644950907491e-05
4.0,0.7397889177317978,0.746753448203237,0.7455290230658395,8.185839707866205e-05
4.01,0.74505509071834,0.7519960326264297,0.7507322450898813,8.272366577997153e-05
4.0200000000000005,0.7503486587784673,0.7572658216825117,0.7559634150452224,8.359210269266269e-05
4.03,0.755669572740715,0.7625627752527495,0.7612224849554156,8.446355025289465e-05
4.04,0.7610177792037495,0.7678868488801699,0.7665094025110318,8.53378462320496e-05
4.05,0.7663932204771444,0.7732379937102252,0.7718241110117496,8.6214823718901e-05
4.0600000000000005,0.7717958345227283,0.778616156432045,0.7771665493090221,8.7094311105361e-05
4.07,0.7772255548965555,0.784021279220324,0.78253665174937,8.7976132075946e-05
4.08,0.7826823106915523,0.7894532996778987,0.7879343481183544,8.886010560109755e-05
4.09,0.7881660264808886,0.7949121507790629,0.7933595635852784,8.974604593450292e-05
4.1,0.7936766222621326,0.8003977608136795,0.798812218648674,9.063376261453718e-05
4.11,0.7992140134022373,0.8059100533321388,0.8042922290826263,9.152306046997337e-05
4.12,0.8047781105834184,0.8114489470912201,0.8097995058839905,9.241373963009787e-05
4.13,0.8103688197499772,0.8170143560009129,0.8153339552205574,9.330559553934486e-05
4.14,0.8159860420561248,0.8226061890722535,0.8208954783802237,9.419841897659438e-05
4.15,0.8216296738148658,0.8282243503662335,0.826483971721224,9.509199607926099e-05
4.16,0.8272996064479995,0.8338687389438402,0.8320993266234824,9.598610837229033e-05
4.17,0.8329957264372949,0.8395392488172847,0.8377414294411417,9.688053280218373e-05
4.18,0.8387179152769016,0.8452357689024796,0.8434101614563293,9.777504177617953e-05
4.19,0.8444660494270539,0.8509581829728231,0.8491053988342192,9.866940320669005e-05
4.2,0.8502400002691284,0.8567063696143509,0.8548270125794492,9.956338056111617e-05
4.21,0.856039634062116,0.8624802021823167,0.8605748684939541,0.00010045673291713816
4.22,0.8618648119005691,0.8682795487592607,0.8663488271362756,0.00010134921502357593
4.23,0.867715389674083,0.8741042721146274,0.8721487437824077,0.00010224057736692911
4.24,0.8735912180283755,0.8799542296659942,0.8779744683882416,0.00010313056624366805
4.25,0.879492142328023,0.885829273441972,0.8838258455536674,0.00010401892383837051
4.26,0.8854180026209166,0.8917292500468383,0.8897027144883973,0.00010490538830777293
4.2700000000000005,0.8913686336044983,0.8976540006269647,0.8956049089795682,0.0001057896938708014
4.28,0.8973438645938377,0.9036033608390994,0.9015322573611861,0.00010667157090465304
4.29,0.9033435194916125,0.9095771608205669,0.9074845824854733,0.0001075507460469719
4.3,0.9093674167600503,0.9155752251614433,0.9134617016961769,0.00010842694230416861
4.3100000000000005,0.9154153693948948,0.9215973728787694,0.9194634268039016,0.00010929987916591876
4.32,0.9214871849014546,0.9276434173928609,0.9254895640635232,0.00011016927272586649
4.33,0.9275826652727946,0.9337131665057748,0.9315399141537447,0.00011103483580855296
4.34,0.9337016069701285,0.9398064223819911,0.9376142721588507,0.00011189627810257388
4.3500000000000005,0.9398438009054702,0.9459229815313669,0.943712427552721,0.00011275330629996754
4.36,0.9460090324266023,0.9520626347944219,0.9498341641851572,0.00011360562424182256
4.37,0.9521970813044172,0.9582251673300096,0.9559792602705808,0.00011445293307007637
4.38,0.9584077217226858,0.9644103586054311,0.9621474883791563,0.00011529493138547502
4.39,0.9646407222703098,0.9706179823890446,0.9683386154303945,0.00011613131541164743
4.4,0.9708958459361083,0.9768478067454248,0.9745524026892871,0.00011696177916523044
4.41,0.9771728501061925,0.9830995940331226,0.9807886057650266,0.00011778601463198861
4.42,0.9834714865639783,0.9893731009050769,0.9870469746123586,0.0001186037119488418
4.43,0.9897915014928858,0.9956680783117264,0.9933272535356181,0.00011941455959169594
4.44,0.9961326354817721,1.0019842715068694,0.9996291811954948,0.000120218244568986
4.45,1.0024946235331456,1.0083214200563164,1.0059524906185733,0.00012101445262081026
4.46,1.0088771950742024,1.0146792578493804,1.0122969092096927,0.00012180286842350963
4.47,1.01528007397073,1.021057513113246,1.0186621587671656,0.00012258317579957068
4.48,1.0217029785439165,1.027455908430258,1.0250479555008978,0.0001233550579326789
4.49,1.0281456215901035,1.0338741607581663,1.0314540100534457,0.00012411819758774886
4.5,1.0346077104035194,1.040311981453365,1.0378800275240467,0.00012487227733575825
4.51,1.0410889468020255,1.0467690762971553,1.0443257074956558,0.00012561697978318996
4.5200000000000005,1.047589027155907,1.053245145525068,1.0507907440650197,0.00012635198780586529
4.53,1.054107642419737,1.0597398838592706,1.0572748258758162,0.00012707698478693532
4.54,1.0606444781673403,1.0662529805440863,1.063777636154885,0.0001277916548588307
4.55,1.067199214629879,1.0727841193846486,1.0702988527515729,0.00012849568314888355
4.5600000000000005,1.0737715267370838,1.0793329787887107,1.0768381481802136,0.00012918875602837944
4.57,1.0803610841616444,1.0858992318116307,1.0833951896657608,0.00012987056136477164
4.58,1.0869675513667796,1.0924825462045427,1.0899696391925868,0.00013054078877675833
4.59,1.093590587656993,1.0990825844657302,1.0965611535564619,0.00013119912989194545
4.6000000000000005,1.1002298472320289,1.1056990038952081,1.10316938441972,0.0001318452786067763
4.61,1.1068849792440314,1.1123314566525209,1.1097939783696176,0.00013247893134840525
4.62,1.1135556278579095,1.118979589817756,1.1164345769798885,0.0001330997873382054
4.63,1.1202414323149086,1.1256430454557766,1.1230908168754923,0.00013370754885656843
4.64,1.1269420269993837,1.132321460683667,1.1297623298005544,0.00013430192150863288
4.65,1.1336570415087686,1.1390144677413807,1.1364487426894876,0.0001348826144906039
4.66,1.140386100726728,1.1457216940655872,1.1431496777412862,0.00013544934085629683
4.67,1.1471288248994806,1.152442762366696,1.149864752496977,0.00013600181778353535
4.68,1.1538848297152753,1.1591772907090445,1.15659357992021,0.0001365397668400196
4.69,1.1606537263869976,1.165924892594227,1.1633357684809678,0.00013706291424827834
4.7,1.1674351217378842,1.1726851770475393,1.1700909222423652,0.00013757099114934126
4.71,1.1742286182903159,1.1794577487075122,1.1768586409505175,0.00013806373386470065
4.72,1.1810338143576562,1.1862422079184995,1.1836385201274366,0.00013854088415619895
4.73,1.1878503041391035,1.193038150826287,1.190430151166927,0.00013900218948342138
4.74,1.194677677817513,1.1998451694766816,1.1972331214334364,0.00013944740325818968
4.75,1.2015155216601499,1.2066628519170381,1.2040470143638213,0.00013987628509578448
4.76,1.2083634181223255,1.2134907823006775,1.210871409571981,0.00014028860106244544
4.7700000000000005,1.2152209459538663,1.2203285409941462,1.2177058829563072,0.0001406841239187839
4.78,1.222087680308364,1.227175704687263,1.2245500068098978,0.0001410626333586904
4.79,1.2289631928551474,1.2340318465058946,1.2314033499334778,0.00014142391624334788
4.8,1.2358470518939186,1.2408965361274034,1.2382654777509656,0.00014176776682994224
4.8100000000000005,1.2427388224719864,1.247769339898698,1.24513595242762,0.00014209398699467692
4.82,1.2496380665040319,1.2546498209568222,1.252014332990702,0.00014240238644973554
4.83,1.2565443428943348,1.2615375393520114,1.2589001754525802,0.0001426927829537845
4.84,1.2634572076613872,1.2684320521731405,1.2657930329362037,0.00014296500251564784
4.8500000000000005,1.2703762140648165,1.2753329136754878,1.2726924558028687,0.00014321887959078408
4.86,1.2773009127345372,1.2822396754107328,1.2795979917821938,0.0001434542572702447
4.87,1.284230851802051,1.289151886359105,1.286509186104225,0.00014367098746174598
4.88,1.2911655770338053,1.2960690930635976,1.293425581633582,0.00014386893106248605
4.89,1.298104631966522,1.3029908397661556,1.300346719005554,0.00014404795812346263
4.9,1.3050475580444068,1.3099166685457468,1.3072721367640587,0.00014420794800491872
4.91,1.311993894758142,1.3168461194582204,1.3142013715013638,0.0001443487895226455
4.92,1.3189431797855664,1.3237787306778563,1.3211339579994783,0.00014447038108486972
4.93,1.3258949491339431,1.3307140386405052,1.3280694293731106,0.00014457263081943847
4.94,1.332848737283714,1.3376515781882166,1.335007317214094,0.0001446554566910733
4.95,1.3398040773336337,1.3445908827152515,1.3419471517371746,0.00014471878660844419
4.96,1.3467605011471837,1.351531484315373,1.3488884619270547,0.0001447625585208673
4.97,1.3537175395001497,1.358472913930306,1.3558307756865853,0.00014478672050440412
4.98,1.3606747222292608,1.3654147014992575,1.3627736199859963,0.00014479123083720985
4.99,1.367631578381774,1.3723563761093847,1.369716521013055,0.00014477605806395487
5.0,1.3745876363658944,1.3792974661470976,1.376659004324039,0.00014474118104917765
5.01,1.3815424241019145,1.3862374994500837,1.3836005949954084,0.0001446865890194648
5.0200000000000005,1.3884954691739595,1.3931760034599376,1.3905408177760659,0.000144612281594341
5.03,1.3954462989822218,1.4001125053752794,1.3974791972400837,0.00014451826880580162
5.04,1.4023944408955678,1.4070465323052452,1.4044152579397853,0.00014440457110643162
5.05,1.4093394224043985,1.4139776114232323,1.4113485245590605,0.00014427121936605393
5.0600000000000005,1.4162807712736483,1.4209052701207785,1.4182785220667982,0.00014411825485692475
5.07,1.423218015695801,1.4278290361614605,1.4252047758703184,0.00014394572922745937
5.08,1.4301506844438059,1.4347484378346889,1.432126811968684,0.00014375370446450517
5.09,1.4370783070237751,1.4416630041092835,1.439044157105775,0.00014354225284425077
5.1000000000000005,1.4440004138273443,1.4485722647867103,1.4459563389230061,0.00014331145687179856
5.11,1.4509165362835779,1.45547575065386,1.4528628861115709,0.0001430614092095117
5.12,1.457826207010303,1.4623729936352523,1.4597633285640945,0.00014279221259425655
5.13,1.4647289599647535,1.469263526944549,1.466657197525579,0.00014250397974365674
5.14,1.47162433059341,1.476146885235259,1.4735440257435262,0.00014219683325150374
5.15,1.4785118559809196,1.4830226047505195,1.4804233476171196,0.00014187090547253728
5.16,1.4853910749979835,1.4898902234718425,1.4872946993453595,0.00014152633839674636
5.17,1.4922615284480985,1.496749281266711,1.4941576190740309,0.00014116328351340056
5.18,1.4991227592130418,1.503599320034914,1.5010116470413997,0.0001407819016650926
5.19,1.5059743123969926,1.5104398838535156,1.507856325722525,0.0001403823628919803
5.2,1.5128157354691785,1.5172705191203428,1.5146911999720831,0.0001399648462665186
5.21,1.519646578404946,1.5240907746958943,1.521515817165595,0.00013952953971897172
5.22,1.5264663938251497,1.5309002020435616,1.5283297273389567,0.0001390766398539712
5.23,1.533274737133758,1.5376983553680637,1.5351324833261715,0.00013860635175847063
5.24,1.5400711666535796,1.544484791751996,1.5419236408951846,0.00013811888880139962
5.25,1.5468552437600123,1.551259071290396,1.5487027588817255,0.0001376144724253441
5.26,1.5536265330127212,1.5580207572232343,1.5554693993210635,0.00013709333193063816
5.2700000000000005,1.5603846022851564,1.5647694160657377,1.562223127577588,0.0001365557042521938
5.28,1.5671290228918198,1.571504617736457,1.568963512472122,0.00013600183372946962
5.29,1.5738593697131986,1.5782259356829955,1.5756901264068894,0.0001354319718699601
5.3,1.5805752213182827,1.5849329470053133,1.5824025454880501,0.00013484637710656507
5.3100000000000005,1.587276160084585,1.591625232576531,1.5891003496457257,0.00013424531454927347
5.32,1.593961772315593,1.5983023771611558,1.5957831227514403,0.00013362905573156115
5.33,1.6006316483555743,1.6049639695306577,1.6024504527329055,0.00013299787835189527
5.34,1.6072853827016718,1.6116096025763258,1.6091019316860788,0.0001323520660107789
5.3500000000000005,1.613922574113219,1.6182388734193403,1.6157371559844322,0.00013169190794375436
5.36,1.6205428257182162,1.6248513835179967,1.6223557263853676,0.00013101769875078256
5.37,1.627145745116907,1.6314467387720255,1.6289572481337213,0.00013032973812241293
5.38,1.6337309444824004,1.638024549623948,1.6355413310623037,0.00012962833056319218
5.39,1.6402980406582894,1.6445844311574231,1.642107589689421,0.00012891378511272538
5.4,1.6468466552532135,1.6511260031925303,1.6486556433133355,0.0001281864150648019
5.41,1.6533764147323264,1.6576488903779507,1.6551851161036149,0.00012744653768501421
5.42,1.6598869505056246,1.6641527222800006,1.6616956371893363,0.00012669447392730143
5.43,1.6663778990131015,1.6706371334684853,1.6681868407441056,0.00012593054814980867
5.44,1.6728489018066945,1.677101763599336,1.6746583660678585,0.00012515508783048768
5.45,1.679299605628995,1.6835462574940032,1.6811098576654178,0.00012436842328284096
5.46,1.685729662488696,1.6899702652155801,1.687540965321778,0.0001235708873721882
5.47,1.692138729732754,1.696373442141633,1.693951344174099,0.00012276281523287475
5.48,1.69852647011525,1.7027554490337216,1.700340654780386,0.00012194454398677781
5.49,1.7048925518629316,1.7091159521035941,1.7067085631848482,0.00012111641246349581
5.5,1.711236648737426,1.7154546230760455,1.7130547409799182,0.00012027876092258737
5.51,1.7175584400941173,1.7217711392484316,1.7193788653649307,0.0001194319307782015
5.5200000000000005,1.7238576109376837,1.7280651835468352,1.7256806192014529,0.00011857626432644987
5.53,1.7301338519742924,1.7343364445788831,1.7319596910652684,0.0001177121044758569
5.54,1.7363868596604566,1.7405846166832162,1.7382157752950167,0.00011683979448120635
5.55,1.742616336248561,1.746809399975621,1.7444485720374954,0.0001159596776810834
5.5600000000000005,1.7488219898290627,1.7530105003918284,1.750657787289634,0.00011507209723941032
5.57,1.7550035343693828,1.7591876297269962,1.7568431329371528,0.0001141773958912801
5.58,1.7611606897495031,1.765340505671887,1.763004326789922,0.00011327591569333163
5.59,1.7672931817942856,1.7714688518457633,1.7691410926140427,0.00011236799777892338
5.6000000000000005,1.7734007423025389,1.7775723978260205,1.7752531601606665,0.00011145398211837877
5.61,1.7794831090728538,1.7836508791745818,1.7813402651915848,0.0001105342072844929
5.62,1.7855400259262368,1.789704037461082,1.7874021495016115,0.00010960901022353755
5.63,1.7915712427255712,1.7957316202828735,1.793438560937789,0.00010867872603196592
5.64,1.7975765153919374,1.8017333812818819,1.7994492534154543,0.00010774368773898756
5.65,1.8035556059178293,1.8077090801583513,1.8054339869311966,0.00010680422609521428
5.66,1.8095082823773039,1.8136584826815143,1.8113925275727472,0.00010586066936749414
5.67,1.8154343189331033,1.8195813606972269,1.8173246475258387,0.00010491334314011031
5.68,1.8213334958407914,1.8254774921326116,1.8232301250780802,0.00010396257012246294
5.69,1.8272055994499508,1.8313466609977513,1.8291087446198895,0.00010300866996334221
5.7,1.8330504222024837,1.8371886573844831,1.8349602966425291,0.00010205195907190706
5.71,1.8388677626280685,1.8430032774623357,1.8407845777332978,0.0001010927504454492
5.72,1.8446574253368184,1.8487903234716663,1.8465813905679238,0.00010013135350401243
5.73,1.850419221009197,1.8545496037140432,1.8523505439002135,9.916807393192732e-05
5.74,1.8561529663832408,1.8602809325399314,1.85809185254901,9.820321352632457e-05
5.75,1.8618584842391472,1.8659841303337346,1.8638051373825146,9.723707005263783e-05
5.76,1.867535603381281,1.871659023496248,1.8694902253000294,9.626993710713847e-05
5.7700000000000005,1.873184158617659,1.8773054444245847,1.8751469492111774,9.530210398650175e-05
5.78,1.8788039907369691,1.8829232314896278,1.8807751480126604,9.433385556438824e-05
5.79,1.8843949464831873,1.8885122290110732,1.8863746665626127,9.336547217505902e-05
5.8,1.889956878527849,1.8940722872301212,1.8919453556526127,9.239722950398087e-05
5.8100000000000005,1.8954896454400403,1.8996032622798802,1.8974870719774157,9.142939848537743e-05
5.82,1.9009931116541672,1.9051050161535432,1.9029996781024672,9.046224520669378e-05
5.83,1.9064671474355717,1.9105774166704017,1.908483042429262,8.949603081991835e-05
5.84,1.9119116288440523,1.9160203374397609,1.9139370391586132,8.853101145968607e-05
5.8500000000000005,1.9173264376953574,1.9214336578228182,1.9193615482518944,8.756743816810286e-05
5.86,1.9227114615207141,1.9268172628925735,1.9247564553903203,8.660555682620369e-05
5.87,1.928066593524459,1.9321710433918329,1.930121651932331,8.564560809193702e-05
5.88,1.9333917325398335,1.9374948956893716,1.935457034869145,8.468782734459969e-05
5.89,1.938686782983012,1.9427887217343243,1.9407625067785466,8.373244463560678e-05
5.9,1.9439516548054254,1.9480524290088632,1.9460379757769712,8.277968464548389e-05
5.91,1.9491862634444492,1.9532859304792354,1.951283355469959,8.182976664695864e-05
5.92,1.9543905297725155,1.9584891445452186,1.9564985649010356,8.088290447402828e-05
5.93,1.95956438004472,1.963661994988066,1.9616835284990908,7.993930649688523e-05
5.94,1.964707745844986,1.9688044109170009,1.9668381760243165,7.899917560254323e-05
5.95,1.969820564030849,1.9739163267143278,1.9719624425127706,7.806270918103986e-05
5.96,1.9749027766769287,1.978997681979225,1.9770562682196298,7.713009911706544e-05
5.97,1.9799543310171492,1.9840484214702796,1.9821195985611952,7.620153178686904e-05
5.98,1.9849751793857733,1.9890684950468311,1.987152384055716,7.527718806030354e-05
5.99,1.989965279157312,1.9940578576091847,1.9921545802630902,7.435724330783495e-05
6.0,1.9949245926853711,1.9990164690377572,1.9971261477235087,7.344186741236397e-05
6.01,1.9998530872404976,2.0039442941312156,2.0020670518951,7.253122478571652e-05
6.0200000000000005,2.004750734947084,2.008841302543671,2.0069772630906395,7.162547438963595e-05
6.03,2.009617512719394,2.013707468720987,2.0118567564133816,7.072476976111375e-05
6.04,2.0144534021967657,2.018542771836261,2.0167055116920753,6.982925904187072e-05
6.05,2.01925838967805,2.0233471957245377,2.021523513415218,6.893908501187505e-05
6.0600000000000005,2.0240324660553464,2.02812072881681,2.0263107506646096,6.805438512669952e-05
6.07,2.028775626747085,2.0328633640733678,2.0310672170482587,6.717529155855727e-05
6.08,2.033487871630517,2.037575098916547,2.0357929106327,6.630193124086914e-05
6.09,2.038169204973665,2.042255935162933,2.040487833874776,6.543442591617517e-05
6.1000000000000005,2.0428196353667847,2.046905878955074,2.045151993552934,6.457289218724696e-05
6.11,2.047439175653394,2.0515249406927554,2.0497854006980947,6.371744157123529e-05
6.12,2.0520278428609187,2.0561131349638866,2.054388070524143,6.286818055669624e-05
6.13,2.0565856581310062,2.060670480475051,2.058960022358085,6.202521066331806e-05
6.140000000000001,2.061112646649552,2.065196999981766,2.0635012795699317,6.118862850423589e-05
6.15,2.065608837576495,2.0696927202185074,2.068011869502345,6.035852585072212e-05
6.16,2.070074263975417,2.074157671828533,2.0724918234001017,5.953498969915271e-05
6.17,2.0745089627430064,2.0785918892935658,2.076941176339416,5.87181023400753e-05
6.18,2.0789129745384147,2.082995410863369,2.0813599671571676,5.790794142922591e-05
6.19,2.0832863437125613,2.087368278485263,2.0857482383800776,5.71045800603704e-05
6.2,2.087629118237422,2.0917105377336234,2.090106036153872,5.630808683980746e-05
6.21,2.091941349635345,2.096022237739402,2.094433410172478,5.5518525962418874e-05
6.22,2.096223092908433,2.1003034311197095,2.0987304136072913,5.473595728910458e-05
6.23,2.1004744064680287,2.1045541739075015,2.1029971030365457,5.3960436425488716e-05
6.24,2.1046953520643408,2.108774525481399,2.1072335383748366,5.3192014801769594e-05
6.25,2.1088859947162515,2.112964548495687,2.1114397828028193,5.24307397535697e-05
6.26,2.113046402641333,2.1171243088105163,2.1156159026971264,5.167665460368467e-05
6.2700000000000005,2.1171766471861098,2.121253875422356,2.1197619675605357,5.09297987446013e-05
6.28,2.1212768027566016,2.1253533203947153,2.1238780499524172,5.0190207721662346e-05
6.29,2.1253469467491746,2.1294227187891703,2.127964225419497,4.945791331679028e-05
6.3,2.129387159481731,2.133462148596734,2.132020572426961,4.8732943632641285e-05
6.3100000000000005,2.133397524125269,2.1374716906695874,2.1360471722899357,4.801532317708667e-05
6.32,2.137378126635839,2.141451428653202,2.1400441091053617,4.730507294792555e-05
6.33,2.141329055686921,2.145401448918886,2.144011469684301,4.660221051774669e-05
6.34,2.145250402602251,2.149321840496777,2.1479493434846924,4.590675011882116e-05
6.3500000000000005,2.149142261289121,2.153212695009299,2.151857822544583,4.5218702727939966e-05
6.36,2.153004728172174,2.1570741066051173,2.15573700141586,4.453807615113308e-05
6.37,2.1568379021277178,2.160906171893609,2.1595869770985066,4.386487510816185e-05
6.38,2.160641884418578,2.1647089898798666,2.1634078489753943,4.3199101316720493e-05
6.390000000000001,2.1644167786295094,2.168482661900263,2.167199718747646,4.2540753576264706e-05
6.4,2.1681626906031877,2.172227291558589,2.1709626903705734,4.1889827851397024e-05
6.41,2.1718797283767954,2.175942984662787,2.1746968699902207,4.124631735475828e-05
6.42,2.1755680021192245,2.1796298491622945,2.1784023658805207,4.0610212629318896e-05
6.43,2.179227624068906,2.183287995086017,2.1820792883810856,3.9981501630045806e-05
6.44,2.182858708472285,2.1869175344809415,2.185727749835646,3.936016980488259e-05
6.45,2.1864613715229555,2.190518581351407,2.189347864531152,3.8746200174965875e-05
6.46,2.190035731301468,2.194091251599047,2.192939748637549,3.813957341405618e-05
6.47,2.1935819077158194,2.1976356629634135,2.1965035201482412,3.754026792710989e-05
6.48,2.197100022442643,2.201151934963294,2.2000392988212574,3.694825992795012e-05
6.49,2.2005901988691017,2.2046401888387366,2.203547206121122,3.636352351601502e-05
6.5,2.2040525620354994,2.208100547493786,2.207027365161449,3.5786030752127786e-05
6.51,2.2074872385786204,2.211533135439948,2.210479900648265,3.521575173324238e-05
6.5200000000000005,2.2108943566758,2.2149380787403827,2.213904938824067,3.4652654666141426e-05
6.53,2.214274045989738,2.218315504954839,2.217302607412625,3.409670594007616e-05
6.54,2.21762643761406,2.2216655430853356,2.2206730355645403,3.3547870198280156e-05
6.55,2.220951664019636,2.224988323522596,2.224016353803553,3.300611040834866e-05
6.5600000000000005,2.2242498590016537,2.2282839779932386,2.227332693973619,3.247138793147522e-05
6.57,2.227521157627461,2.231552639507733,2.2306221891867515,3.1943662590497405e-05
6.58,2.2307656961851747,2.2347944423091213,2.2338849737716324,3.14228927367518e-05
6.59,2.233983612133061,2.2380095218225096,2.2371211832229996,3.090903531571183e-05
6.6000000000000005,2.237175044049691,2.2411980146053336,2.240330954151811,3.0402045931402763e-05
6.61,2.2403401315848743,2.2443600582983994,2.2435144242361886,2.9901878909571056e-05
6.62,2.243479015411368,2.2474957915776996,2.246671732173141,2.9408487359601406e-05
6.63,2.2465918371773674,2.25060535410701,2.24980301763107,2.892182323517079e-05
6.640000000000001,2.2496787394597755,2.2536888864912616,2.2529084212030583,2.8441837393647697e-05
6.65,2.252739865718253,2.2567465302306937,2.25598808436094,2.796847965420912e-05
6.66,2.2557753602500465,2.259778427675784,2.2590421494101505,2.7501698854677138e-05
6.67,2.2587853681455954,2.2627847219829555,2.26207075944536,2.7041442907093943e-05
6.68,2.2617700352449166,2.265765557071059,2.2650740583068836,2.6587658852006523e-05
6.69,2.2647295080947627,2.26872107757863,2.26805219053787,2.614029291147826e-05
6.7,2.267663933906553,2.2716514288219156,2.2710053013422633,2.5699290540827978e-05
6.71,2.2705734605150765,2.274556756753672,2.273933536543539,2.526459647909294e-05
6.72,2.273458236337956,2.2774372079227265,2.2768370425442055,2.4836154798232728e-05
6.73,2.276318410335883,2.280292929434301,2.279715966286074,2.4413908951079895e-05
6.74,2.2791541319736064,2.283124068911095,2.282570455211289,2.399780181802255e-05
6.75,2.281965551181679,2.2859307744551227,2.2854006572241135,2.3587775752456206e-05
6.76,2.2847528183189527,2.2887131946103003,2.2882067206534713,2.318377262499658e-05
6.7700000000000005,2.287516084135822,2.291471478325776,2.2909887942162324,2.2785733866475048e-05
6.78,2.2902554997382074,2.294205774920002,2.2937470269812446,2.239360050972002e-05
6.79,2.292971216552274,2.296916234045542,2.296481568334101,2.2007313230128695e-05
6.8,2.295663386289879,2.299603005654604,2.2991925679426397,2.1626812385064455e-05
6.8100000000000005,2.2983321609147462,2.302266239965301,2.3018801757231673,2.1252038052074037e-05
6.82,2.300977692609355,2.304906087428624,2.3045445418074055,2.0882930065943577e-05
6.83,2.303600133742543,2.307522698696129,2.3071858165101475,2.0519428054616436e-05
6.84,2.3061996368378153,2.310116224588328,2.3098041502976243,2.016147147397107e-05
6.8500000000000005,2.3087763545423456,2.3126868160637764,2.312399693756568,1.9808999641496544e-05
6.86,2.3113304395966785,2.315234624188851,2.31497259756397,1.9461951768863553e-05
6.87,2.313862044805107,2.317759800108214,2.317523012457526,1.912026699341043e-05
6.88,2.3163713230067344,2.3202624950159505,2.320051089206758,1.878388440857591e-05
6.890000000000001,2.3188584270472012,2.322742860127377,2.3225569785848066,1.8452743093275524e-05
6.9,2.321323509751076,2.3252010466515123,2.3250408313408926,1.8126782140258032e-05
6.91,2.3237667238949036,2.327637205764199,2.3275027981734278,1.7805940683443866e-05
6.92,2.3261882221808956,2.3300514885818773,2.3299430297037795,1.7490157924273163e-05
6.93,2.3285881572112643,2.3324440461359903,2.3323616764506743,1.7179373157078817e-05
6.94,2.3309666814631855,2.334815029348026,2.334758888805233,1.687352579350647e-05
6.95,2.3333239472643856,2.3371645890051798,2.337134817006632,1.6572555386001115e-05
6.96,2.335660106769345,2.3394928757366307,2.3394896111183816,1.6276401650361213e-05
6.97,2.337975311936107,2.3418000399904253,2.3418234210052113,1.5985004487404436e-05
6.98,2.340269714503684,2.3440862320109606,2.3441363963105566,1.5698304003755882e-05
6.99,2.3425434659700612,2.346351601817055,2.346428686434636,1.541624053176513e-05
7.0,2.3447967175707745,2.3485962991806044,2.3487004405131158,1.5138754648587975e-05
7.01,2.347029620258068,2.3508204736058076,2.3509518073963442,1.4865787194442927e-05
7.0200000000000005,2.349242324680616,2.3530242743089618,2.3531829356291585,1.4597279290054831e-05
7.03,2.3514349811638002,2.3552078501988105,2.355393973431246,1.433317235332651e-05
7.04,2.35360773969054,2.3573713498574436,2.3575850686780595,1.4073408115235192e-05
7.05,2.35576074988266,2.3595149215217353,2.35975636888227,1.3817928634981544e-05
7.0600000000000005,2.357894160982792,2.3616387130653154,2.361908021175758,1.3566676314407721e-05
7.07,2.3600081218368,2.3637428719810627,2.3640401722921256,1.3319593911697209e-05
7.08,2.3621027808767203,2.365827545364114,2.3661529685497262,1.3076624554394355e-05
7.09,2.3641782861042104,2.367892879895381,2.3682465558352046,1.2837711751747745e-05
7.1000000000000005,2.3662347850744956,2.369939021825563,2.370321079587536,1.2602799406383174e-05
7.11,2.3682724248808067,2.3719661169596544,2.372376684782554,1.237183182533708e-05
7.12,2.370291352139299,2.3739743106419273,2.3744135159179662,1.2144753730484467e-05
7.13,2.3722917129744476,2.3759637477413937,2.376431716998843,1.1921510268352262e-05
7.140000000000001,2.374273653004907,2.3779345726377317,2.3784314315235724,1.1702047019335403e-05
7.15,2.3762373173298283,2.379886929207666,2.3804128024702744,1.1486310006352472e-05
7.16,2.3781828505156266,2.381820960811802,2.382375972283666,1.1274245702951121e-05
7.17,2.380110396583191,2.3837368102818988,2.38432108286237,1.1065801040857535e-05
7.18,2.382020098995525,2.385634619908574,2.3862482755466554,1.0860923417020218e-05
7.19,2.3839121006458175,2.3875145314294364,2.388157691106606,1.0659560700144902e-05
7.2,2.3857865438459265,2.389376686017635,2.3900494697307084,1.0461661236730577e-05
7.21,2.387643570315276,2.3912212242708177,2.39192375101485,1.026717385663918e-05
7.22,2.3894833211701543,2.39304828620049,2.39378067395172,1.0076047878199714e-05
7.23,2.3913059369134055,2.3948580112217694,2.395620376920604,9.888233112870028e-06
7.24,2.3931115574245103,2.3966505381435286,2.3974429976775706,9.703679869466089e-06
7.25,2.394900321950043,2.398426005158911,2.3992486733460336,9.522338957977698e-06
7.26,2.3966723690945035,2.4001845498362235,2.401037540407689,9.344161692977537e-06
7.2700000000000005,2.398427836811511,2.401926309110192,2.402809734693817,9.169099896646124e-06
7.28,2.400166862395357,2.4036514192735714,2.404565391376942,8.997105901419553e-06
7.29,2.401889582472906,2.405360015969107,2.4063046449628414,8.828132552271096e-06
7.3,2.4035961329958413,2.407052234181837,2.4080276292829006,8.662133208654098e-06
7.3100000000000005,2.405286649233243,2.408728208231732,2.409734477486803,8.499061746097065e-06
7.32,2.4069612657644983,2.410388071766659,2.411425322035547,8.338872557479546e-06
7.33,2.4086201164725307,2.4120319577556715,2.41310029469479,8.18152055400123e-06
7.34,2.410263334537345,2.413659998482609,2.414759526528503,8.02696116584107e-06
7.3500000000000005,2.4118910524298802,2.4152723255400077,2.416403147892938,7.87515034253357e-06
7.36,2.4135034019061647,2.4168690698233095,2.4180312884308943,7.726044553067328e-06
7.37,2.4151005140017636,2.4184503615253683,2.4196440770662813,7.5796007857146155e-06
7.38,2.416682519026517,2.4200163301312405,2.421241641998971,7.435776547609052e-06
7.390000000000001,2.4182495465595597,2.4215671044132603,2.422824110699932,7.294529864076537e-06
7.4,2.4198017254446142,2.4231028124263885,2.4243916099066403,7.1558192777263304e-06
7.41,2.4213391837855562,2.4246235815038286,2.425944265618758,7.019603847327155e-06
7.42,2.4228620489422417,2.4261295382529093,2.42748220309408,6.8858431464591315e-06
7.43,2.42437044752659,2.4276208085512208,2.4290055468447336,6.754497261959456e-06
7.44,2.425864505398921,2.4290975175430014,2.430514420633632,6.6255267921793526e-06
7.45,2.4273443476645333,2.4305597896357725,2.4320089474711746,6.498892845047569e-06
7.46,2.4288100986705268,2.4320077484972074,2.433489249612186,6.37455703595248e-06
7.47,2.4302618820028545,2.4334415170522385,2.4349554485530875,6.252481485455851e-06
7.48,2.431699820483606,2.434861217480388,2.4364076650293023,6.1326288168493e-06
7.49,2.4331240361685116,2.436266971213324,2.4378460190128783,6.014962153547072e-06
7.5,2.434534650344664,2.4376588989326295,2.4392706297103324,5.899445116334001e-06
7.51,2.435931783528452,2.4390371205677885,2.4406816155607043,5.786041820479618e-06
7.5200000000000005,2.4373155554637003,2.4404017552943715,2.44207909423382,5.674716872716052e-06
7.53,2.4386860851200116,2.4417529215324265,2.4434631826287556,5.565435368091713e-06
7.54,2.440043490691305,2.443090736945065,2.4448339968724975,5.458162886705256e-06
7.55,2.4413878895945444,2.4444153184372373,2.446191652318796,5.352865490327477e-06
7.5600000000000005,2.4427193984686535,2.445726782154694,2.447536263547204,5.249509718923468e-06
7.57,2.4440381331736143,2.447025243483131,2.4488679443622976,5.148062587071625e-06
7.58,2.4453442087897406,2.448310817047507,2.450186807793076,5.0484915802890495e-06
7.59,2.4466377396171235,2.449583616711536,2.4514929660925318,4.950764651273808e-06
7.6000000000000005,2.4479188391752458,2.450843755577344,2.4527865307373906,4.854850216059809e-06
7.61,2.4491876202027583,2.4520913459852895,2.454067612428012,4.7607171501012236e-06
7.62,2.4504441946574147,2.4533264995139428,2.4553363210884522,4.668334784286961e-06
7.63,2.4516886737161614,2.454549326980218,2.456592765866679,4.577672900885824e-06
7.640000000000001,2.4529211677753775,2.455759938439655,2.4578370551349398,4.4887017294328395e-06
7.65,2.45414178645126,2.456958443186845,2.4590692964902723,4.401391942556599e-06
7.66,2.45535063858035,2.4581449497560013,2.46028959675516,4.3157146517625574e-06
7.67,2.4565478322202,2.4593195659216613,2.461498061978324,4.2316414031660996e-06
7.68,2.457733474650169,2.460482398699529,2.4626947974356512,4.149144173178389e-06
7.69,2.458907672372355,2.461633554347438,2.4638799076312496,4.068195364159702e-06
7.7,2.4600705311126463,2.4627731383664497,2.465053496298632,3.988767800038185e-06
7.71,2.4612221558219,2.4639012555020647,2.466215666402022,3.91083472189596e-06
7.72,2.4623626506772385,2.4650180097455574,2.467366520137779,3.834369783527747e-06
7.73,2.463492119083458,2.4661235043354233,2.468506158935938,3.759347046976627e-06
7.74,2.464610663674554,2.467217841758938,2.4696346834618614,3.6857409780534066e-06
7.75,2.4657183863153485,2.4683011237538235,2.4707521936180012,3.6135264418352095e-06
7.76,2.466815388103229,2.4693734513100187,2.471858788545762,3.5426786981501396e-06
7.7700000000000005,2.467901769369984,2.47043492467155,2.472954566627471,3.4731733970534584e-06
7.78,2.4689776296837374,2.471485643338501,2.4740396254884405,3.4049865742967485e-06
7.79,2.4700430678509804,2.4725257060690757,2.475114061999133,3.3380946467908735e-06
7.8,2.4710981819186935,2.473555210881753,2.4761779722774118,3.2724744080655103e-06
7.8100000000000005,2.4721430691765582,2.474574255057531,2.4772314516908835,3.2081030237326876e-06
7.82,2.4731778261592545,2.4755829351422545,2.478274594859329,3.144958026947756e-06
7.83,2.474202548648841,2.4765813469490254,2.4793074956572134,3.083017313880065e-06
7.84,2.475217331677217,2.4775695855606954,2.480330247216278,3.022259139190972e-06
7.8500000000000005,2.4762222695286598,2.4785477453324316,2.481342941928213,2.9626621115168463e-06
7.86,2.477217455742439,2.479515919894358,2.4823456714474,2.9042051889677985e-06
7.87,2.478202983115501,2.48047420215427,2.4833385266937307,2.8468676746365665e-06
7.88,2.4791789437052243,2.481422684300413,2.4843215978554922,2.79062921212702e-06
7.890000000000001,2.480145428832241,2.482361457804334,2.485294974392323,2.735469781096946e-06
7.9,2.481102529083324,2.4832906134237906,2.486258745038229,2.6813696928154645e-06
7.91,2.482050334314334,2.4842102412057243,2.4872129978046664,2.628309585749085e-06
7.92,2.482988933653228,2.4851204304892933,2.48815781998368,2.5762704211655225e-06
7.930000000000001,2.483918415503125,2.48602126990896,2.4890932981511016,2.5252334787570515e-06
7.94,2.4848388675454256,2.4869128473976345,2.490019518169804,2.4751803522931817e-06
7.95,2.4857503767429865,2.4877952501898686,2.4909365651930044,2.426092945299038e-06
7.96,2.486653029343343,2.4886685648251006,2.491844523667622,2.3779534667582354e-06
7.97,2.487546910881981,2.489532877150949,2.492743477337683,2.3307444268445994e-06
7.98,2.488432106185658,2.490388272326548,2.4936335092477715,2.284448632684551e-06
7.99,2.489308699375764,2.4912348348259323,2.494514701746525,2.23904918414935e-06
8.0,2.4901767738717284,2.492072648441459,2.495387136490174,2.1945294696764286e-06
8.01,2.491036412394467,2.49290179628727,2.4962508944461193,2.1508731621249533e-06
8.02,2.4918876969698642,2.4937223608027956,2.4971060558965505,2.1080642146645153e-06
8.03,2.4927307089322985,2.4945344237562885,2.4979527004421,2.0660868566968648e-06
8.040000000000001,2.493565528928197,2.4953380662483977,2.498790907005532,2.0249255898105668e-06
8.05,2.4943922369196256,2.4961333687157707,2.4996207538354653,1.9845651837728494e-06
8.06,2.495210912187911,2.496920410934689,2.500442318510127,1.944990672557052e-06
8.07,2.496021633337293,2.4976992720247315,2.501255677941137,1.9061873504050043e-06
8.08,2.496824478298603,2.4984700304524647,2.502060908377319,1.8681407679272566e-06
8.09,2.497619524332972,2.49923276403516,2.50285808540854,1.8308367282406047e-06
8.1,2.4984068480355606,2.4999875499445365,2.503647283969575,1.7942612831439786e-06
8.11,2.4991865253393164,2.500734464710523,2.5044285783439926,1.75840072932945e-06
8.120000000000001,2.499958631518751,2.5014735842250437,2.505202042168065,1.7232416046350134e-06
8.13,2.5007232411937372,2.502204983745825,2.505967748434699,1.6887706843373059e-06
8.14,2.5014804283333287,2.502928737900218,2.5067257694973852,1.6549749774781967e-06
8.15,2.5022302662595943,2.5036449206890397,2.507476177074164,1.6218417232355661e-06
8.16,2.502972827651472,2.50435360549043,2.5082190422516106,1.5893583873319127e-06
8.17,2.5037081845486355,2.5050548650637223,2.508954435488835,1.5575126584821094e-06
8.18,2.5044364083553776,2.50574877155333,2.5096824266214925,1.5262924448840053e-06
8.19,2.5051575698445046,2.506435396492642,2.510403084865813,1.4956858707443553e-06
8.2,2.5058717391612433,2.507114810807929,2.5111164788226366,1.465681272848716e-06
8.21,2.5065789858271588,2.5077870848222625,2.511822676481461,1.4362671971714073e-06
8.22,2.5072793787440815,2.508452288259441,2.5125217452245012,1.4074323955232611e-06
8.23,2.5079729861980424,2.5091104902479215,2.5132137518307522,1.3791658222420822e-06
8.24,2.508659875863216,2.5097617593247614,2.513898762480064,1.351456630922869e-06
8.25,2.5093401148058696,2.5104061634395616,2.5145768427572195,1.3242941711875965e-06
8.26,2.5100137694883173,2.5110437699584174,2.5152480576560183,1.2976679854960342e-06
8.27,2.51068090577288,2.511674645667871,2.515912471583365,1.271567805996716e-06
8.28,2.5113415889258466,2.5122988567788673,2.51657014836336,1.2459835514161805e-06
8.290000000000001,2.511995883621438,2.5129164689307104,2.5172211512413933,1.220905323992094e-06
8.3,2.512643853945776,2.5135275471950216,2.5178655428882393,1.1963234064426665e-06
8.31,2.5132855634008475,2.514132156079696,2.5185033854041516,1.1722282589760583e-06
8.32,2.5139210749084735,2.514730359532859,2.519134740322958,1.1486105163422478e-06
8.33,2.5145504508142738,2.515322220946822,2.519759668616153,1.1254609849219767e-06
8.34,2.5151737528916325,2.515907803162032,2.5203782306969926,1.1027706398545637e-06
8.35,2.515791042345658,2.5164871684710204,2.5209904864245796,1.0805306222053633e-06
8.36,2.5164023798171447,2.5170603786223484,2.5215964951079495,1.058732236173659e-06
8.370000000000001,2.5170078253865236,2.517627494824544,2.5221963155101537,1.0373669463355222e-06
8.38,2.5176074385778153,2.518188577750036,2.5227900058523325,1.0164263749285818e-06
8.39,2.518201278362574,2.518743687539082,2.523377623817787,9.959022991743554e-07
8.4,2.518789403163825,2.5192928838036868,2.5239592265560438,9.757866486347556e-07
8.41,2.5193718708599984,2.519836225631516,2.5245348706869093,9.560715026104412e-07
8.42,2.5199487387888526,2.520373771589799,2.525104612304522,9.367490875761706e-07
8.43,2.520520063751392,2.520905579729226,2.525668506981392,9.178117746497021e-07
8.44,2.521085902015775,2.521431707587832,2.5262266097724333,8.992520771003915e-07
8.45,2.5216463093212145,2.5219522121948734,2.526778975218988,8.810626478946774e-07
8.46,2.5222013408818666,2.5224671500746934,2.527325657352838,8.632362772750889e-07
8.47,2.522751051390712,2.5229765772505757,2.5278667097002097,8.457658903760838e-07
8.48,2.523295495023425,2.5234805492485877,2.528402185285762,8.286445448766887e-07
8.49,2.523834725442231,2.5239791211014104,2.528932136636571,8.118654286879089e-07
8.5,2.5243687957997563,2.5244723473521575,2.5294566157860956,7.954218576729162e-07
8.51,2.52489775874286,2.524960282058179,2.529975674278134,7.793072734029478e-07
8.52,2.525421666416458,2.5254429787948545,2.530489363170767,7.63515240949405e-07
8.53,2.525940570467335,2.525920490659369,2.530997733040288,7.480394467070775e-07
8.540000000000001,2.5264545220479375,2.526392870274478,2.5315008339851204,7.328736962505188e-07
8.55,2.5269635718201595,2.5268601697922555,2.5319987156297166,7.180119122261214e-07
8.56,2.527467769959111,2.5273224408978288,2.5324914271284493,7.034481322755457e-07
8.57,2.5279671661568726,2.5277797348130955,2.5329790171694824,6.891765069906663e-07
8.58,2.528461809626237,2.528232102300427,2.5334615339786293,6.751912979024666e-07
8.59,2.5289517491044324,2.528679593666354,2.5339390253231957,6.614868755001818e-07
8.6,2.5294370328568347,2.5291222587652396,2.5344115385158053,6.480577172816609e-07
8.61,2.529917708680659,2.529560147002929,2.53487912041821,6.348984058362812e-07
8.620000000000001,2.5303938239086396,2.5299933073403884,2.5353418174450852,6.220036269573136e-07
8.63,2.5308654254126934,2.5304217882973234,2.5357996755678047,6.093681677840989e-07
8.64,2.5313325596075633,2.5308456379557804,2.5362527403182025,5.969869149751062e-07
8.65,2.531795272454448,2.531264903963731,2.5367010567923143,5.848548529100373e-07
8.66,2.5322536094646146,2.5316796335386367,2.5371446696541042,5.729670619221054e-07
8.67,2.5327076157029933,2.5320898734709965,2.5375836231391715,5.613187165572866e-07
8.68,2.5331573357917536,2.5324956701278767,2.53801796105844,5.499050838629963e-07
8.69,2.533602813913866,2.53289706945642,2.538447726801829,5.387215217050982e-07
8.700000000000001,2.5340440938166426,2.5332941169873364,2.538872963341907,5.277634771122154e-07
8.71,2.534481218815261,2.5336868578383758,2.5392937132375253,5.170264846480985e-07
8.72,2.5349142317962707,2.53407533671778,2.5397100186374324,5.065061648099213e-07
8.73,2.53534317522108,2.534459597927716,2.5401219212838724,4.961982224536998e-07
8.74,2.5357680911294236,2.534839685367689,2.5405294625161603,4.860984452466204e-07
8.75,2.536189021142815,2.5352156425379375,2.5409326832742405,4.762027021441858e-07
8.76,2.5366060064679745,2.5355875125428042,2.5413316241022246,4.665069418938545e-07
8.77,2.5370190879002448,2.5359553380940913,2.5417263251519104,4.5700719156374814e-07
8.78,2.5374283058269813,2.5363191615143927,2.5421168261862803,4.4769955509560105e-07
8.790000000000001,2.537833700230927,2.536679024740407,2.5425031665829807,4.385802118831171e-07
8.8,2.5382353106935662,2.5370349693262297,2.54288538533778,4.2964541537429023e-07
8.81,2.5386331763984606,2.537387036446625,2.543263521068008,4.208914916974322e-07
8.82,2.539027336134564,2.5377352669002766,2.5436376120159734,4.123148383096007e-07
8.83,2.5394178282995172,2.5380797011130163,2.544007696052363,4.039119226712855e-07
8.84,2.5398046909029253,2.538420379141036,2.5443738106796188,3.9567928094125895e-07
8.85,2.5401879615696132,2.5387573406740733,2.544735993035294,3.8761351669336043e-07
8.86,2.540567677542862,2.5390906250385803,2.5450942798953915,3.7971129965847585e-07
8.870000000000001,2.540943875687625,2.539420271200869,2.545448707677677,3.7196936448631395e-07
8.88,2.5413165924937244,2.539746317770236,2.5457993124449763,3.643845095286447e-07
8.89,2.5416858640790276,2.5400688030020664,2.5461461299084482,3.5695359564448296e-07
8.9,2.5420517261926032,2.5403877648009163,2.5464891954308384,3.4967354502568974e-07
8.91,2.5424142142178567,2.5407032407235737,2.546828544029711,3.425413400439401e-07
8.92,2.5427733631756473,2.5410152679820985,2.5471642103806618,3.3555402211653907e-07
8.93,2.543129207727382,2.541323883446841,2.547496228820506,3.287086905931936e-07
8.94,2.5434817821780924,2.5416291236494373,2.5478246333504497,3.2200250166316885e-07
8.950000000000001,2.54383112047949,2.541931024785788,2.548149457639238,3.154326672798825e-07
8.96,2.544177256232999,2.54222962271901,2.548470735026282,3.0899645410587613e-07
8.97,2.544520222692775,2.5425249529823692,2.548788498524765,3.0269118247613487e-07
8.98,2.5448600527686938,2.5428170507821934,2.5491027808247275,2.965142253802259e-07
8.99,2.5451967790293315,2.5431059510007605,2.5494136142961317,2.904630074621666e-07
9.0,2.545530433704914,2.543391688199168,2.549721030991904,2.845350040384078e-07
9.01,2.545861048690253,2.54367429662018,2.5500250626509575,2.787277401333612e-07
9.02,2.5461886555476587,2.543953810191052,2.5503257407011923,2.7303878953195614e-07
9.03,2.5465132855098327,2.544230262526336,2.550623096262475,2.6746577385009663e-07
9.040000000000001,2.5468349694827417,2.5445036869306623,2.550917160149599,2.6200636162114025e-07
9.05,2.54715373804847,2.5447741164015034,2.5512079628752193,2.5665826739834084e-07
9.06,2.5474696214680526,2.545041583631911,2.5514955346527715,2.5141925087516025e-07
9.07,2.547782649684287,2.545306121013238,2.5517799053993664,2.462871160205403e-07
9.08,2.5480928523245274,2.545567760637834,2.552061104738665,2.4125971022946026e-07
9.09,2.548400258703456,2.5458265343017237,2.552339162003732,2.3633492348951182e-07
9.1,2.5487048978258358,2.5460824735072602,2.5526141062398686,2.315106875630094e-07
9.11,2.549006798389244,2.5463356094657614,2.552885966207425,2.267849751833898e-07
9.120000000000001,2.549305988786784,2.5465859731001217,2.553154770384591,2.221557992663826e-07
9.13,2.549602497109779,2.5468335950474055,2.5534205469701665,2.1762121213656052e-07
9.14,2.549896351150445,2.547078505661418,2.553683323886312,2.1317930476616734e-07
9.15,2.5501875784045454,2.547320735015255,2.553943128781276,2.0882820602983631e-07
9.16,2.550476206074023,2.5475603129038333,2.5541999890321057,2.0456608197261748e-07
9.17,2.550762261069616,2.5477972688464,2.5544539317473327,2.0039113509034387e-07
9.18,2.5510457700134515,2.5480316320890193,2.5547049837696423,1.9630160362462943e-07
9.19,2.5513267592416224,2.548263431607041,2.554953171678519,1.9229576087038985e-07
9.200000000000001,2.5516052548067423,2.548492696107548,2.5551985217928745,1.8837191449632819e-07
9.21,2.551881282480483,2.5487194540317817,2.555441060173652,1.8452840587773308e-07
9.22,2.552154867756091,2.548943733557549,2.555680812626414,1.8076360944166198e-07
9.23,2.552426035850887,2.549165562601607,2.5559178047039075,1.770759320251561e-07
9.24,2.552694811708744,2.5493849688220305,2.556152061708611,1.7346381224435675e-07
9.25,2.5529612200025493,2.549601979620556,2.5563836086952585,1.6992571987575027e-07
9.26,2.5532252851366444,2.5498166221449066,2.556612470473346,1.6646015524927963e-07
9.27,2.5534870312492477,2.5500289232910993,2.556838671609618,1.6306564865258357e-07
9.28,2.5537464822148594,2.550238909705729,2.5570622364305335,1.597407597464672e-07
9.290000000000001,2.554003661646646,2.5504466077882353,2.5572831890247123,1.5648407699088937e-07
9.3,2.5542585928988073,2.5506520436931464,2.5575015532453618,1.5329421708224302e-07
9.31,2.554511299068923,2.5508552433323075,2.5577173527126846,1.5016982440163054e-07
9.32,2.554761803000286,2.551056232377087,2.5579306108162667,1.4710957047227886e-07
9.33,2.5550101272842096,2.551255036260563,2.5581413507174444,1.4411215342853074e-07
9.34,2.555256294262325,2.5514516801796923,2.558349595351656,1.411762974940863e-07
9.35,2.555500326028854,2.5516461890974598,2.55855536743077,1.383007524699066e-07
9.36,2.555742244432867,2.5518385877450065,2.558758689445396,1.3548429323273639e-07
9.370000000000001,2.555982071080522,2.5520289006237404,2.5589595836671784,1.3272571924189912e-07
9.38,2.5562198273372876,2.552217152007429,2.559158072151067,1.3002385405691506e-07
9.39,2.556455534330145,2.5524033659442718,2.559354176737573,1.2737754486307973e-07
9.4,2.5566892129497756,2.552587566258954,2.5595479190550035,1.2478566200646745e-07
9.41,2.5569208838527295,2.5527697765546815,2.559739320521679,1.222470985379583e-07
9.42,2.557150567463577,2.5529500202151993,2.5599284023481306,1.1976076976553153e-07
9.43,2.5573782839770423,2.5531283204067887,2.560115185539281,1.1732561281585524e-07
9.44,2.557604053360121,2.553304700080248,2.560299690896605,1.1494058620327203e-07
9.450000000000001,2.5578278953541806,2.553479181972853,2.560481939020273,1.126046694076983e-07
9.46,2.5580498294770413,2.553651788610304,2.560661950311276,1.1031686246075408e-07
9.47,2.5582698750250445,2.553822542308648,2.5608397449735336,1.080761855390052e-07
9.48,2.5584880510751007,2.553991465176189,2.561015343015981,1.058816785658541e-07
9.49,2.5587043764867228,2.5541585791153776,2.5611887642546427,1.0373240082054828e-07
9.5,2.5589188699040415,2.5543239058246834,2.5613600283146827,1.0162743055472058e-07
9.51,2.5591315497578053,2.5544874668004494,2.561529154632444,9.956586461699319e-08
9.52,2.5593424342673647,2.5546492833387306,2.5616961624574635,9.754681808377249e-08
9.53,2.5595515414426377,2.5548093765371136,2.561861070854475,9.556942389785966e-08
9.540000000000001,2.5597588890860625,2.5549677672965188,2.5620238987053923,9.363283251394587e-08
9.55,2.559964494794531,2.555124476322988,2.562184664711274,9.173621155076064e-08
9.56,2.560168375961309,2.555279524129452,2.562343387394274,8.98787454498925e-08
9.57,2.5603705497779394,2.555432931037483,2.5625000850995727,8.805963514156267e-08
9.58,2.5605710332361293,2.555584717179029,2.5626547759972933,8.627809771663792e-08
9.59,2.560769843129623,2.555734902498134,2.562807478084398,8.453336610476044e-08
9.6,2.5609669960560577,2.5558835067526386,2.5629582091865717,8.282468875929715e-08
9.61,2.561162508418805,2.556030549515866,2.5631069869600847,8.115132934818143e-08
9.620000000000001,2.5613563964287986,2.5561760501782915,2.5632538288936435,7.951256645026263e-08
9.63,2.5615486761063426,2.5563200279491953,2.563398752310221,7.790769325798083e-08
9.64,2.5617393632829093,2.5564625018583,2.5635417743688724,7.633601728635709e-08
9.65,2.56192847360292,2.556603490757391,2.5636829120665356,7.479686008654428e-08
9.66,2.5621160225255113,2.5567430133219218,2.563822182239813,7.328955696568604e-08
9.67,2.562302025326286,2.5568810880526036,2.563959601566741,7.181345671213233e-08
9.68,2.5624864970990497,2.5570177332769797,2.564095186568539,7.036792132612602e-08
9.69,2.562669452757537,2.557152967150983,2.5642289536113463,6.895232575519277e-08
9.700000000000001,2.562850907037114,2.557286807660479,2.5643609189079433,6.756605763534505e-08
9.71,2.5630308744964774,2.5574192726227936,2.5644910985194533,6.620851703735967e-08
9.72,2.5632093695193316,2.5575503796882257,2.5646195083570342,6.487911621697974e-08
9.73,2.563386406316055,2.5576801463415446,2.5647461641835494,6.357727937155551e-08
9.74,2.5635619989253526,2.557808589903472,2.5648710816152276,6.23024424005883e-08
9.75,2.563736161215893,2.5579357275321506,2.5649942761233064,6.105405267070556e-08
9.76,2.5639089068879346,2.558061576224596,2.5651157630356587,5.983156878610637e-08
9.77,2.5640802494749346,2.558186152818136,2.565235557538408,5.863446036257745e-08
9.78,2.5642502023451472,2.5583094739918337,2.5653536746775236,5.7462207806598134e-08
9.790000000000001,2.564418778703208,2.5584315562678976,2.565470129360407,5.6314302098986475e-08
9.8,2.5645859915917044,2.558552416013076,2.5655849363574603,5.5190244581783446e-08
9.81,2.5647518538927327,2.5586720694400396,2.565698110303638,5.408954675040051e-08
9.82,2.5649163783294435,2.558790532608747,2.56580966569999,5.301173004932769e-08
9.83,2.565079577467573,2.5589078214277983,2.5659196169151848,5.195632567200242e-08
9.84,2.565241463716962,2.5590239516557753,2.5660279781870226,5.0922874364517365e-08
9.85,2.565402049333061,2.559138938902566,2.5661347636239302,4.991092623346626e-08
9.86,2.5655613464184253,2.5592527986306766,2.5662399872064463,4.892004055743076e-08
9.870000000000001,2.5657193669241942,2.559365546156532,2.566343662788689,4.794978560186891e-08
9.88,2.565876122651561,2.5594771966517587,2.566445804099812,4.6999738438398253e-08
9.89,2.566031625253229,2.5595877651444576,2.566546424745445,4.6069484767052234e-08
9.9,2.5661858862348534,2.559697266520464,2.566645538209123,4.515861874215758e-08
9.91,2.566338916956477,2.5598057155245906,2.566743157853699,4.426674280193188e-08
9.92,2.566490728633947,2.559913126761864,2.566839296922747,4.339346750120185e-08
9.93,2.5666413323403243,2.5600195146987414,2.566933968541947,4.253841134739165e-08
9.94,2.5667907390072795,2.5601248936643204,2.567027185720461,4.1701200640179264e-08
9.950000000000001,2.5669389594264778,2.5602292778515325,2.567118961352293,4.0881469313802706e-08
9.96,2.5670860042509513,2.560332681318325,2.5672093082176377,4.0078858782876546e-08
9.97,2.5672318839964614,2.5604351179888325,2.5672982389842156,3.929301779115958e-08
9.98,2.5673766090428476,2.560536601654533,2.5673857662085946,3.8523602263237935e-08
9.99,2.567520189635368,2.560637145975393,2.5674719023375,3.777027515933737e-08
10.0,2.567662635886025,2.5607367644810033,2.5675566597091106,3.7032706332814006e-08
10.01,2.5678039577748835,2.560835470571698,2.5676400505543433,3.63105723908427e-08
10.02,2.567944165151376,2.560933277519665,2.567722086998124,3.560355655734942e-08
10.03,2.568083267735596,2.561030198470043,2.567802781060648,3.491134853907637e-08
10.040000000000001,2.568221275119584,2.5611262464420097,2.5678821446586255,3.4233644394366854e-08
10.05,2.5683581967685982,2.561221434329853,2.5679601896065174,3.357014640433915e-08
10.06,2.5684940420223796,2.5613157749040383,2.5680369276177575,3.292056294658888e-08
10.07,2.568628820096402,2.5614092808122564,2.5681123703059625,3.228460837166629e-08
10.08,2.568762540083114,2.5615019645804664,2.5681865291861317,3.1662002881895463e-08
10.09,2.5688952109531717,2.561593838613925,2.5682594156758323,3.105247241257203e-08
10.1,2.5690268415566577,2.561684915198205,2.568331041096375,3.04557485157136e-08
10.11,2.569157440624293,2.561775206500201,2.5684014166739777,2.9871568245778745e-08
10.120000000000001,2.5692870167686386,2.5618647245691277,2.568470553540917,2.9299674048122066e-08
10.13,2.569415578485285,2.5619534813375067,2.5685384627366674,2.8739813649389e-08
10.14,2.569543134154033,2.5620414886221394,2.568605155209031,2.819173995019507e-08
10.15,2.569669692040068,2.562128758125074,2.568670641815255,2.765521092001172e-08
10.16,2.5697952602951184,2.562215301434557,2.5687349333231375,2.712998949391879e-08
10.17,2.569919846958608,2.562301130025981,2.568798040412122,2.6615843471860798e-08
10.18,2.570043459958801,2.562386255262815,2.568859973674382,2.6112545419465566e-08
10.19,2.5701661071139306,2.56247068839753,2.5689207436158945,2.5619872571207927e-08
10.200000000000001,2.5702877961333277,2.5625544405725114,2.568980360657502,2.513760673544607e-08
10.21,2.5704085346185326,2.562637522820964,2.569038835135961,2.46655342010413e-08
10.22,2.5705283300644006,2.5627199460678036,2.5690961773049876,2.42034456461707e-08
10.23,2.5706471898601984,2.5628017211305427,2.5691523973362815,2.3751136049220068e-08
10.24,2.570765121290692,2.5628828587201644,2.5692075053205503,2.330840460105818e-08
10.25,2.570882131537225,2.5629633694419867,2.5692615112685155,2.2875054618830342e-08
10.26,2.570998227678787,2.563043263796518,2.5693144251119113,2.245089346210499e-08
10.27,2.5711134166930756,2.563122552180302,2.5693662567044733,2.2035732450718566e-08
10.28,2.571227705457549,2.563201244886756,2.5694170158229155,2.162938678367881e-08
10.290000000000001,2.5713411007504687,2.563279352106997,2.569466712167899,2.123167545993557e-08
10.3,2.5714536092519342,2.563356883930659,2.5695153553649885,2.084242120122914e-08
10.31,2.5715652375449114,2.5634338503467045,2.5695629549655994,2.0461450375958325e-08
10.32,2.5716759921162495,2.5635102612442227,2.5696095204479374,2.0088592924525233e-08
10.33,2.5717858793576918,2.563586126413221,2.569655061217924,1.9723682286692796e-08
10.34,2.5718949055668774,2.5636614555454096,2.569699586610116,1.9366555330025074e-08
10.35,2.5720030769483353,2.5637362582349716,2.5697431058886124,1.901705227988222e-08
10.36,2.5721103996144707,2.563810543979332,2.5697856282479545,1.867501665089162e-08
10.370000000000001,2.5722168795865423,2.5638843221799124,2.5698271628140135,1.8340295179478465e-08
10.38,2.572322522795632,2.56395760214288,2.569867718644871,1.8012737758296607e-08
10.39,2.572427335083608,2.5640303930798867,2.5699073047316885,1.7692197371661498e-08
10.4,2.57253132220408,2.564102704108803,2.5699459299995686,1.7378530032249878e-08
10.41,2.572634489823344,2.5641745442544392,2.569983603308406,1.707159471920566e-08
10.42,2.5727368435213234,2.564245922449263,2.570020333453731,1.6771253317485915e-08
10.43,2.572838388792501,2.5643168475341045,2.570056129167541,1.6477370558386093e-08
10.44,2.5729391310468417,2.5643873282588587,2.570090999119126,1.618981396122987e-08
10.450000000000001,2.5730390756107115,2.564457373283175,2.570124951915884,1.5908453776505822e-08
10.46,2.573138227727787,2.5645269911771424,2.570157996104126,1.563316292983239e-08
10.47,2.573236592559957,2.564596190421965,2.5701901401698732,1.536381696710344e-08
10.48,2.5733341751882195,2.5646649794106318,2.5702213925396484,1.51002940009582e-08
10.49,2.5734309806135682,2.5647333664485763,2.570251761581252,1.4842474658258745e-08
10.5,2.573527013757876,2.5648013597543327,2.570281255604537,1.4590242028471854e-08
10.51,2.5736222794647685,2.5648689674601797,2.5703098828621695,1.4343481613161722e-08
10.52,2.573716782500491,2.5649361976127816,2.570337651550383,1.4102081276693373e-08
10.53,2.573810527554771,2.565003058173819,2.570364569809725,1.3865931197887096e-08
10.540000000000001,2.5739035192416706,2.5650695570206152,2.570390645725794,1.363492382243088e-08
10.55,2.573995762100436,2.565135701946752,2.570415887329969,1.3408953816297235e-08
10.56,2.5740872605963365,2.565201500662682,2.5704403026001303,1.3187918020346968e-08
10.57,2.574178019121499,2.5652669607963317,2.570463899461371,1.297171540589372e-08
10.58,2.574268041995737,2.5653320898936993,2.5704866857867033,1.2760247030779959e-08
10.59,2.574357333467372,2.5653968954194446,2.570508669397754,1.2553415996524108e-08
10.6,2.574445897714047,2.5654613847574725,2.570529858065453,1.2351127406632616e-08
10.61,2.574533738843537,2.565525565211511,2.570550259510715,1.215328832533053e-08
10.620000000000001,2.5746208608945516,2.565589444005681,2.570569881405111,1.1959807737395096e-08
10.63,2.57470726783753,2.5656530282850603,2.570588731371533,1.1770596508691801e-08
10.64,2.574792963575433,2.565716325116242,2.570606816984853,1.1585567347535262e-08
10.65,2.5748779519445266,2.565779341487886,2.57062414577257,1.140463476695341e-08
10.66,2.57496223671516,2.565842084311263,2.5706407252154544,1.12277150475952e-08
10.67,2.575045821592539,2.565904560420795,2.57065656274818,1.1054726201369268e-08
10.68,2.5751287102174922,2.565966776574587,2.5706716657599533,1.088558793591447e-08
10.69,2.5752109061672313,2.566028739454955,2.57068604159513,1.0720221619818922e-08
10.700000000000001,2.5752924129561063,2.5660904556689466,2.5706996975538288,1.0558550248328927e-08
10.71,2.575373234036355,2.5661519317488555,2.5707126408925363,1.040049841017636e-08
10.72,2.575453372798848,2.5662131741527316,2.570724878824703,1.024599225468208e-08
10.73,2.5755328325738236,2.5662741892648837,2.570736418521334,1.0094959459579977e-08
10.74,2.575611616631624,2.566334983396378,2.5707472671115728,9.947329199815129e-09
10.75,2.57568972818342,2.5663955627855293,2.5707574316832753,9.80303211666328e-09
10.76,2.575767170381934,2.566455933598389,2.5707669192835803,9.662000287541582e-09
10.77,2.575843946322155,2.5665161019292255,2.5707757369194706,9.524167196529853e-09
10.78,2.575920059042052,2.5665760738009995,2.5707838915583276,9.389467705468358e-09
10.790000000000001,2.5759955115232773,2.566635855165835,2.5707913901284796,9.25783802559549e-09
10.8,2.5760703066918684,2.566695451905484,2.570798239519743,9.129215689773787e-09
10.81,2.5761444474189434,2.5667548698317866,2.5708044465839563,9.003539525210954e-09
10.82,2.5762179365213904,2.566814114687125,2.5708100181355076,8.88074962707147e-09
10.83,2.576290776762554,2.5668731921448744,2.570814960951856,8.760787332287427e-09
10.84,2.576362970852915,2.566932107809846,2.5708192817740447,8.643595193867456e-09
10.85,2.5764345214507656,2.5669908672187267,2.5708229873072113,8.529116956020285e-09
10.86,2.5765054311628797,2.567049475840515,2.570826084221085,8.417297529652285e-09
10.870000000000001,2.576575702545179,2.567107939076949,2.5708285791504846,8.3080829682953e-09
10.88,2.5766453381033934,2.567166262262933,2.570830478695805,8.201420444577364e-09
10.89,2.5767143402937167,2.5672244506669557,2.5708317894235004,8.097258227234186e-09
10.9,2.576782711523458,2.5672825094915077,2.570832517866558,7.995545658531072e-09
10.91,2.5768504541516886,2.567340443873491,2.5708326705249678,7.896233132124547e-09
10.92,2.576917570489883,2.5673982588846256,2.5708322538661874,7.79927207155636e-09
10.93,2.5769840628025573,2.567455959531852,2.5708312743255965,7.704614908911327e-09
10.94,2.577049933307902,2.5675135507577274,2.5708297383069483,7.612215064024689e-09
10.950000000000001,2.5771151841784095,2.56757103744082,2.570827652182814,7.522026924315402e-09
10.96,2.577179817541498,2.5676284243960956,2.5708250222950215,7.4340058246756116e-09
10.97,2.577243835480132,2.5676857163753044,2.5708218549550885,7.348108028066522e-09
10.98,2.5773072400334356,2.567742918067359,2.5708181564446475,7.2642907064034605e-09
10.99,2.577370033197305,2.567800034098711,2.5708139330158675,7.182511921880749e-09
11.0,2.577432216925015,2.567857069033724,2.5708091908918687,7.102730608530412e-09
11.01,2.5774937931278186,2.5679140273750396,2.570803936267131,7.024906554271708e-09
11.02,2.5775547636755487,2.5679709135639417,2.5707981753078983,6.949000383453942e-09
11.03,2.577615130397209,2.568027731980717,2.5707919141525735,6.874973539510263e-09
11.040000000000001,2.577674895081565,2.5680844869450103,2.5707851589121127,6.80278826813355e-09
11.05,2.57773405947773,2.5681411827161758,2.5707779156704103,6.732407600753864e-09
11.06,2.577792625295745,2.5681978234936267,2.5707701904846787,6.663795338398881e-09
11.07,2.5778505942071592,2.568254413417179,2.5707619893858253,6.59691603577049e-09
11.08,2.5779079678456007,2.5683109565673927,2.5707533183788196,6.53173498576276e-09
11.09,2.5779647478073477,2.568367456965908,2.570744183443058,6.4682182042395195e-09
11.1,2.5780209356518933,2.5684239185757805,2.570734590532723,6.406332415201592e-09
11.11,2.578076532902509,2.5684803453018095,2.5707245455771353,6.346045036112515e-09
11.120000000000001,2.578131541046801,2.568536740990865,2.570714054481101,6.287324163692579e-09
11.13,2.5781859615372658,2.5685931094322125,2.5707031231252566,6.230138559933505e-09
11.14,2.5782397957918395,2.5686494543578298,2.5706917573664025,6.174457638379251e-09
11.15,2.5782930451944464,2.568705779442726,2.5706799630378376,6.1202514507342075e-09
11.16,2.578345711095541,2.5687620883052524,2.570667745949685,6.067490673623548e-09
11.17,2.5783977948126466,2.568818384507414,2.5706551118892134,6.016146595873847e-09
11.18,2.5784492976308933,2.568874671555176,2.570642066621154,5.966191105816159e-09
11.19,2.5785002208035483,2.568930952898765,2.570628615888011,5.9175966790320585e-09
11.200000000000001,2.5785505655525465,2.568987231932973,2.570614765410369,5.870336366161733e-09
11.21,2.5786003330690135,2.5690435119974517,2.570600520887193,5.824383781130631e-09
11.22,2.5786495245137897,2.569099796377008,2.5705858879961263,5.77971308956589e-09
11.23,2.5786981410179464,2.569156088301895,2.57057087239378,5.736298997353142e-09
11.24,2.5787461836833017,2.5692123909481013,2.570555479716021,5.694116739685403e-09
11.25,2.5787936535829323,2.569268707437635,2.570539715578253,5.653142070064648e-09
11.26,2.578840551761681,2.569325040838807,2.570523585575693,5.613351249602596e-09
11.27,2.5788868792366606,2.569381394166512,2.570507095283644,5.574721036675995e-09
11.28,2.578932636997757,2.5694377703825033,2.570490250257763,5.5372286767190185e-09
11.290000000000001,2.5789778260081273,2.5694941723956704,2.5704730560343205,5.500851892084155e-09
11.3,2.5790224472046925,2.569550603062307,2.570455518130462,5.465568872245824e-09
11.31,2.579066501498631,2.5696070651863834,2.570437642044459,5.4313582643802496e-09
11.32,2.5791099897758674,2.5696635615198113,2.570419433255959,5.398199163799301e-09
11.33,2.579152912897556,2.5697200947627086,2.570400897226228,5.366071104693822e-09
11.34,2.579195271700564,2.56977666756366,2.5703820393983925,5.3349540513073e-09
11.35,2.5792370669979516,2.5698332825199777,2.5703628651976707,5.304828389000925e-09
11.36,2.579278299579446,2.569889942177957,2.570343380031607,5.2756749155214264e-09
11.370000000000001,2.5793189702119155,2.56994664903313,2.570323589290296,5.24747483264754e-09
11.38,2.579359079639839,2.57000340553052,2.5703034983466044,5.220209737859221e-09
11.39,2.579398628585772,2.5700602140648883,2.5702831125563894,5.193861616208436e-09
11.4,2.579437617750813,2.570117076980983,2.57026243725871,5.168412832378053e-09
11.41,2.5794760478150613,2.570173996573785,2.570241477776037,5.143846122889117e-09
11.42,2.5795139194380767,2.5702309750887493,2.5702202394144575,5.120144588462242e-09
11.43,2.579551233259334,2.5702880147220477,2.5701987274638736,5.09729168656248e-09
11.44,2.579587989898675,2.570345117620807,2.5701769471982003,5.07527122409376e-09
11.450000000000001,2.579624189956759,2.5704022858833446,2.570154903875556,5.054067350196697e-09
11.46,2.5796598340155077,2.5704595215594055,2.570132602738451,5.033664549290907e-09
11.47,2.5796949226385486,2.5705168266503935,2.57011004901397,5.014047634182153e-09
11.48,2.5797294563716577,2.5705742031096026,2.570087247913953,4.99520173928066e-09
11.49,2.579763435743196,2.570631652842445,2.570064204635169,4.977112314094661e-09
11.5,2.5797968612645445,2.5706891777066803,2.5700409243594895,4.959765116781714e-09
11.51,2.579829733430538,2.570746779512638,2.570017412254053,4.943146207765356e-09
11.52,2.579862052719893,2.5708044600234436,2.5699936734714317,4.9272419435926964e-09
11.53,2.5798938195956382,2.5708622209552376,2.5699697131497885,4.9120389709023904e-09
11.540000000000001,2.5799250345055347,2.5709200639773977,2.5699455364130337,4.897524220487516e-09
11.55,2.5799556978825002,2.5709779907127563,2.5699211483709767,4.883684901407457e-09
11.56,2.5799858101450286,2.571036002737816,2.569896554119474,4.870508495364199e-09
11.57,2.580015371697604,2.571094101582966,2.5698717587405717,4.857982751231321e-09
11.58,2.580044382931118,2.571152288732695,2.569846767302648,4.8460956793990204e-09
11.59,2.580072844223277,2.571210565625803,2.5698215848605495,4.834835546511435e-09
11.6,2.580100755939015,2.5712689336556096,2.5697962164557215,4.824190870423709e-09
11.61,2.580128118430897,2.5713273941701673,2.56977066711634,4.81415041483265e-09
11.620000000000001,2.580154932039524,2.5713859484724644,2.5697449418574356,4.8047031842729725e-09
11.63,2.5801811970939337,2.5714445978206326,2.569719045681016,4.795838419420117e-09
11.64,2.580206913911999,2.5715033434281525,2.5696929835761835,4.787545592081455e-09
11.65,2.5802320828008245,2.571562186464054,2.5696667605192505,4.77981440060714e-09
11.66,2.5802567040571405,2.571621128053122,2.5696403814738487,4.77263476519273e-09
11.67,2.5802807779676935,2.5716801692760916,2.569613851391039,4.76599682339807e-09
11.68,2.580304304809636,2.571739311169853,2.5695871752094135,4.759890925785551e-09
11.69,2.5803272848509122,2.5717985547276454,2.5695603578551975,4.754307631480838e-09
11.700000000000001,2.5803497183506416,2.5718579008992557,2.569533404242345,4.749237704040948e-09
11.71,2.5803716055595025,2.571917350591213,2.569506319272634,4.7446721072347534e-09
11.72,2.580392946720109,2.571976904666984,2.569479107835755,4.740602000983319e-09
11.73,2.5804137420673907,2.5720365639471647,2.569451774809399,4.737018737397448e-09
11.74,2.5804339918289636,2.5720963292096752,2.5694243250593405,4.733913856937313e-09
11.75,2.5804536962255056,2.572156201189949,2.5693967634395185,4.731279084495649e-09
11.76,2.580472855471125,2.5722161805811226,2.569369094792112,4.729106325627213e-09
11.77,2.5804914697737282,2.572276268034226,2.569341323947615,4.72738766302736e-09
11.78,2.5805095393353854,2.5723364641583704,2.5693134557249064,4.726115352952913e-09
11.790000000000001,2.580527064352694,2.5723967695209353,2.569285494931316,4.725281821540419e-09
11.8,2.580544045017138,2.5724571846477544,2.5692574463626907,4.724879661445536e-09
11.81,2.580560481515449,2.572517710023301,2.569229314803453,4.724901628596297e-09
11.82,2.580576374029959,2.5725783460908738,2.5692011050266608,4.725340638756931e-09
11.83,2.580591722738959,2.572639093252778,2.5691728217940595,4.72618976429971e-09
11.84,2.5806065278170465,2.572699951870511,2.5691444698561363,4.727442231134357e-09
11.85,2.580620789435478,2.572760922264942,2.5691160539521665,4.729091415584517e-09
11.86,2.580634507762516,2.572822004716495,2.569087578810259,4.7311308412788e-09
11.870000000000001,2.5806476829637734,2.5728831994653287,2.5690590491473997,4.733554176224623e-09
11.88,2.580660315202558,2.5729445067115155,2.5690304696694897,4.736355229929402e-09
11.89,2.580672404640212,2.5730059266152217,2.5690018450713827,4.739527950580401e-09
11.9,2.5806839514364524,2.5730674592968863,2.5689731800369175,4.743066422156531e-09
11.91,2.5806949557497063,2.5731291048373977,2.5689444792389495,4.746964861749131e-09
11.92,2.5807054177374464,2.573190863278272,2.5689157473393767,4.751217616901395e-09
11.93,2.5807153375565233,2.573252734621828,2.5688869889891657,4.7558191629421894e-09
11.94,2.580724715363495,2.573314718831366,2.568858208828374,4.760764100483238e-09
11.950000000000001,2.580733551314957,2.5733768158313404,2.568829411486167,4.766047152835317e-09
11.96,2.580741845567867,2.573439025507537,2.5688006015808367,4.771663163578036e-09
11.97,2.5807495982798683,2.573501347707246,2.5687717837198134,4.7776070941581e-09
11.98,2.5807568096096136,2.573563782239437,2.568742962499677,4.78387402150729e-09
11.99,2.580763479717084,2.5736263288749317,2.568714142506166,4.790459135733812e-09
12.0,2.580769608763907,2.573688987346579,2.5686853283141806,4.797357737888625e-09
12.01,2.580775196913672,2.573751757349425,2.568656524487787,4.804565237641103e-09
12.02,2.5807802443322445,2.5738146385408878,2.5686277355802165,4.812077151255592e-09
12.030000000000001,2.580784751188078,2.5738776305409283,2.5685989661338633,4.819889099384421e-09
12.040000000000001,2.5807887176525224,2.573940732932223,2.5685702206802787,4.82799680489123e-09
12.05,2.5807921439001333,2.5740039452603334,2.568541503740164,4.836396090930931e-09
12.06,2.580795030108977,2.5740672670338793,2.568512819823358,4.84508287891828e-09
12.07,2.580797376460933,2.5741306977247085,2.568484173428827,4.854053186527989e-09
12.08,2.580799183141999,2.5741942367680672,2.5684555690446467,4.863303125853197e-09
12.09,2.5808004503425863,2.5742578835627716,2.568427011147984,4.872828901447225e-09
12.1,2.58080117825782,2.574321637471377,2.568398504205079,4.882626808428412e-09
12.11,2.580801367087835,2.574385497820347,2.5683700526712196,4.8926932308146626e-09
12.120000000000001,2.580801017038067,2.574449463900226,2.5683416609907166,4.90302463963639e-09
12.13,2.580800128319548,2.574513534965806,2.5683133335968757,4.913617591206307e-09
12.14,2.580798701149192,2.5745777102362966,2.5682850749119686,4.924468725548709e-09
12.15,2.5807967357500865,2.5746419888954963,2.5682568893471975,4.935574764621484e-09
12.16,2.5807942323517756,2.5747063700919606,2.568228781302663,4.946932510562599e-09
12.17,2.5807911911905457,2.5747708529391695,2.568200755167325,4.958538844341099e-09
12.18,2.580787612509706,2.5748354365157002,2.568172815318964,4.970390724065963e-09
12.19,2.580783496559869,2.574900119865393,2.5681449661241382,4.982485183371958e-09
12.200000000000001,2.580778843599229,2.5749649019975225,2.56811721193814,4.994819330087154e-09
12.21,2.5807736538938375,2.5750297818869656,2.5680895571049493,5.0073903445808885e-09
12.22,2.5807679277178774,2.575094758474371,2.5680620059571853,5.0201954784383684e-09
12.23,2.580761665353936,2.5751598306663284,2.5680345628160546,5.033232053031304e-09
12.24,2.5807548670932734,2.575224997335538,2.5680072319912988,5.046497458004362e-09
12.25,2.5807475332360936,2.5752902573209795,2.56798001778114,5.0599891500453396e-09
12.26,2.580739664091809,2.575355609428081,2.5679529244722223,5.073704651543896e-09
12.27,2.580731259979305,2.575421052428889,2.5679259563395522,5.08764154916289e-09
12.280000000000001,2.5807223212272032,2.5754865850622384,2.567899117646438,5.101797492644143e-09
12.290000000000001,2.5807128481741226,2.5755522060339207,2.567872412644426,5.116170193618491e-09
12.3,2.580702841168937,2.5756179140168562,2.5678458455732347,5.130757424203604e-09
12.31,2.580692300571032,2.5756837076512618,2.567819420660686,5.14555701589125e-09
12.32,2.580681226750562,2.5757495855448225,2.5677931421226368,5.160566858417642e-09
12.33,2.5806696200887007,2.575815546272862,2.567767014162907,5.17578489842021e-09
12.34,2.580657480977894,2.575881588378512,2.567741040973206,5.191209138449648e-09
12.35,2.580644809822108,2.5759477103728847,2.567715226733056,5.206837635849019e-09
12.36,2.5806316070370774,2.576013910735243,2.5676895756097156,5.222668501501371e-09
12.370000000000001,2.5806178730505502,2.576080187913171,2.5676640917581,5.238699898923345e-09
12.38,2.5806036083025328,2.576146540322748,2.567638779320699,5.254930043227069e-09
12.39,2.580588813245529,2.5762129663487188,2.567613642427495,5.271357199875223e-09
12.4,2.580573488344782,2.576279464344666,2.5675886851958762,5.2879796838082556e-09
12.41,2.5805576340785126,2.5763460326331824,2.5675639117305518,5.3047958585024775e-09
12.42,2.5805412509381522,2.576412669506045,2.567539326123461,5.3218041348681965e-09
12.43,2.580524339428581,2.576479373224388,2.567514932453685,5.339002970314323e-09
12.44,2.5805069000683565,2.5765461420188736,2.5674907347873526,5.3563908678774565e-09
12.450000000000001,2.580488933389947,2.5766129740898704,2.5674667371775466,5.373966375283375e-09
12.46,2.580470439939958,2.5766798676076252,2.567442943664209,5.391728083911748e-09
12.47,2.5804514202793585,2.576746820712437,2.567419358274044,5.40967462808699e-09
12.48,2.5804318749837076,2.576813831514835,2.5673959850204158,5.427804684076579e-09
12.49,2.580411804643376,2.57688089809575,2.567372827903252,5.446116969262813e-09
12.5,2.580391209863767,2.576948018506694,2.5673498909089374,5.4646102413964004e-09
12.51,2.5803700912655354,2.5770151907699366,2.567327178010213,5.4832832976311734e-09
12.52,2.5803484494848052,2.5770824128786787,2.567304693166068,5.50213497376391e-09
12.530000000000001,2.5803262851733844,2.5771496827972324,2.5672824403216343,5.521164143469327e-09
12.540000000000001,2.580303598998978,2.577216998461199,2.5672604234080767,5.540369717477312e-09
12.55,2.580280391645401,2.5772843577776454,2.5672386463424828,5.559750642864007e-09
12.56,2.580256663812786,2.5773517586252854,2.567217113027751,5.579305902237716e-09
12.57,2.5802324162177914,2.5774191988546566,2.5671958273524775,5.5990345129777264e-09
12.58,2.5802076495938078,2.5774866762883017,2.567174793190841,5.618935526623043e-09
12.59,2.580182364691162,2.577554188720949,2.5671540144024876,5.639008028065687e-09
12.6,2.5801565622773177,2.577621733919693,2.5671334948324107,5.659251134867151e-09
12.61,2.580130243137077,2.5776893096241755,2.5671132383108337,5.679663996594801e-09
12.620000000000001,2.5801034080727785,2.5777569135467684,2.567093248653089,5.700245794062084e-09
12.63,2.5800760579044923,2.5778245433727554,2.5670735296594964,5.720995738779264e-09
12.64,2.5800481934702155,2.577892196760516,2.567054085115238,5.741913072287864e-09
12.65,2.580019815626064,2.57795987134171,2.5670349187902364,5.762997065416223e-09
12.66,2.5799909252464643,2.578027564721459,2.5670160344390256,5.784247017769367e-09
12.67,2.5799615232243407,2.5780952744785357,2.5669974358006264,5.805662257073992e-09
12.68,2.579931610471303,2.5781629981655465,2.566979126598416,5.8272421385195314e-09
12.69,2.579901187917831,2.5782307333091183,2.566961110539999,5.848986044209614e-09
12.700000000000001,2.5798702565134577,2.5782984774100863,2.566943391317076,5.870893382615049e-09
12.71,2.57983881722695,2.578366227943681,2.5669259726053104,5.892963587911862e-09
12.72,2.579806871046488,2.5784339823597167,2.5669088580641977,5.915196119426885e-09
12.73,2.5797744189798415,2.578501738082779,2.5668920513369273,5.937590461150569e-09
12.74,2.5797414620545474,2.578569492512417,2.5668755560502485,5.960146121210617e-09
12.75,2.57970800131808,2.5786372430233317,2.5668593758143334,5.982862631176575e-09
12.76,2.5796740378380254,2.578704986965567,2.566843514222638,6.00573954567467e-09
12.77,2.5796395727022485,2.578772721664703,2.5668279748517637,6.028776441877866e-09
12.780000000000001,2.579604607019062,2.5788404444220454,2.5668127612613167,6.051972918873891e-09
12.790000000000001,2.579569141917392,2.578908152514822,2.5667978769937663,6.075328597251493e-09
12.8,2.5795331785469404,2.578975843196373,2.5667833255743027,6.098843118632822e-09
12.81,2.579496718078349,2.579043513696349,2.566769110510693,6.122516145108281e-09
12.82,2.579459761703357,2.579111161220903,2.5667552352931375,6.1463473588284705e-09
12.83,2.579422310634959,2.579178782952889,2.5667417033941238,6.170336461581626e-09
12.84,2.579384366107564,2.5792463760520574,2.5667285182682797,6.194483174164765e-09
12.85,2.5793459293771446,2.5793139376552525,2.5667156833522267,6.2187872360501666e-09
12.86,2.5793070017213924,2.5793814648766107,2.566703202064431,6.243248404965226e-09
12.870000000000001,2.5792675844398674,2.57944895480776,2.566691077805055,6.267866456428928e-09
12.88,2.579227678854145,2.57951640451802,2.5666793139558055,6.292641183273311e-09
12.89,2.579187286307963,2.5795838110546003,2.566667913879785,6.3175723952960944e-09
12.9,2.5791464081673654,2.5796511714428054,2.5666568809213377,6.3426599188598884e-09
12.91,2.5791050458208455,2.5797184826862343,2.5666462184058974,6.367903596358153e-09
12.92,2.5790632006794842,2.579785741766983,2.5666359296398342,6.3933032859168196e-09
12.93,2.57902087417709,2.5798529456458508,2.5666260179103007,6.4188588610150455e-09
12.94,2.5789780677703344,2.5799200912625415,2.5666164864850756,6.444570210073093e-09
12.950000000000001,2.578934782938886,2.5799871755358716,2.566607338612408,6.4704372360861395e-09
12.96,2.5788910211855427,2.580054195363975,2.566598577520862,6.496459856213193e-09
12.97,2.578846784036363,2.5801211476245096,2.566590206419158,6.522638001398199e-09
12.98,2.578802073040793,2.5801880291748662,2.5665822284960145,6.548971616090969e-09
12.99,2.578756889771793,2.580254836852376,2.5665746469199915,6.57546065787527e-09
13.0,2.578711235825962,2.5803215674745204,2.5665674648393284,6.602105097051348e-09
13.01,2.57866511282366,2.5803882178391415,2.566560685381786,6.6289049163932205e-09
13.02,2.578618522409128,2.5804547847246533,2.566554311654484,6.6558601107544335e-09
13.030000000000001,2.5785714662506054,2.5805212648902525,2.5665483467437413,6.682970686713224e-09
13.040000000000001,2.578523946040448,2.5805876550761324,2.566542793714914,6.710236662358976e-09
13.05,2.5784759634952397,2.580653952003696,2.5665376556122315,6.737658066873954e-09
13.06,2.5784275203559073,2.580720152375771,2.5665329354586355,6.765234940231513e-09
13.07,2.578378618387829,2.5807862528768237,2.566528636255615,6.792967332946849e-09
13.08,2.5783292593809417,2.5808522501731765,2.566524760983043,6.820855305799893e-09
13.09,2.578279445149849,2.580918140913225,2.5665213125990127,6.8488989294062425e-09
13.1,2.5782291775339243,2.5809839217276545,2.5665182940396702,6.8770982840485995e-09
13.11,2.5781784583974114,2.58104958922966,2.566515708219052,6.9054534594014315e-09
13.120000000000001,2.5781272896295264,2.581115140015165,2.566513558028918,6.933964554167443e-09
13.13,2.578075673144554,2.5811805706630424,2.566511846338583,6.962631675907743e-09
13.14,2.5780236108819437,2.581245877735336,2.566510575994754,6.991454940640648e-09
13.15,2.577971104806404,2.5813110577774814,2.566509749821362,7.020434472742015e-09
13.16,2.5779181569079928,2.581376107318531,2.566509370619391,7.049570404670836e-09
13.17,2.577864769202208,2.581441022871377,2.566509441166716,7.078862876528543e-09
13.18,2.577810943730075,2.5815058009329754,2.5665099642179308,7.108312036048602e-09
13.19,2.5777566825582294,2.5815704379845728,2.5665109425041814,7.137918038249287e-09
13.200000000000001,2.5777019877790046,2.581634930491932,2.5665123787329973,7.167681045210105e-09
13.21,2.577646861510509,2.5816992749055614,2.566514275588122,7.197601225836449e-09
13.22,2.5775913058967075,2.5817634676609402,2.5665166357293447,7.227678755648657e-09
13.23,2.5775353231074973,2.5818275051787505,2.5665194617923306,7.2579138166043035e-09
13.24,2.577478915338783,2.581891383865105,2.5665227563884514,7.288306596831615e-09
13.25,2.5774220848125493,2.581955100111781,2.5665265221046156,7.3188572903963786e-09
13.26,2.5773648337769317,2.5820186502964475,2.5665307615030986,7.349566097147341e-09
13.27,2.577307164506285,2.582082030782903,2.566535477121373,7.380433222552102e-09
13.280000000000001,2.5772490793012492,2.582145237921306,2.566540671471938,7.4114588774364725e-09
13.290000000000001,2.577190580488814,2.5822082680484093,2.566546347042149,7.442643277845315e-09
13.3,2.577131670422382,2.5822711174877977,2.566552506294048,7.473986644838351e-09
13.31,2.577072351481826,2.5823337825501222,2.566559151664194,7.505489204290432e-09
13.32,2.5770126260735493,2.582396259533337,2.566566285563489,7.5371511867344e-09
13.33,2.57695249663054,2.5824585447229396,2.5665739103770124,7.568972827206838e-09
13.34,2.576891965612426,2.582520634392206,2.5665820284638463,7.600954365059497e-09
13.35,2.5768310355055237,2.5825825248024343,2.5665906421569074,7.633096043902937e-09
13.36,2.57676970882289,2.5826442122031827,2.5665997537627763,7.665398111291557e-09
13.370000000000001,2.576707988104367,2.582705692832512,2.5666093655615265,7.697860818686421e-09
13.38,2.576645875916629,2.582766962917228,2.5666194798065542,7.730484421243294e-09
13.39,2.576583374853224,2.582828018673124,2.5666300987244077,7.763269177721875e-09
13.4,2.576520487534613,2.5828888563052255,2.5666412245146186,7.79621535037184e-09
13.41,2.5764572166082114,2.5829494720080346,2.56665285934953,7.829323204695281e-09
13.42,2.5763935647484226,2.5830098619657766,2.5666650053741282,7.862593009480069e-09
13.43,2.5763295346566726,2.583070022352646,2.566677664705871,7.896025036579215e-09
13.44,2.576265129061442,2.5831299493330544,2.566690839434521,7.929619560733382e-09
13.450000000000001,2.5762003507182953,2.583189639061878,2.5667045316219728,7.96337685963684e-09
13.46,2.5761352024099087,2.5832490876847083,2.566718743302087,7.99729721367699e-09
13.47,2.5760696869460946,2.5833082913381005,2.5667334764805183,8.031380905895219e-09
13.48,2.576003807163825,2.5833672461498263,2.5667487331345504,8.0656282219192e-09
13.49,2.5759375659272523,2.5834259482391237,2.566764515212924,8.100039449758149e-09
13.5,2.5758709661277273,2.5834843937169514,2.5667808246356705,8.134614879919723e-09
13.51,2.5758040106838154,2.583542578686241,2.566797663293945,8.169354805099142e-09
13.52,2.575736702541312,2.583600499242152,2.5668150330498563,8.204259520230194e-09
13.530000000000001,2.5756690446732518,2.583658151472327,2.566832935736302,8.239329322409948e-09
13.540000000000001,2.5756010400799214,2.583715531457146,2.566851373156801,8.274564510767688e-09
13.55,2.5755326917888643,2.583772635269986,2.5668703470853265,8.309965386480135e-09
13.56,2.5754640028548876,2.583829458977477,2.5668898592661415,8.345532252662686e-09
13.57,2.575394976360063,2.58388599863976,2.5669099114136316,8.381265414290734e-09
13.58,2.57532561541373,2.583942250310747,2.5669305052121407,8.417165178197749e-09
13.59,2.5752559231524916,2.5839982100383816,2.566951642315806,8.453231853041763e-09
13.6,2.575185902740212,2.5840538738648977,2.566973324348394,8.489465749172553e-09
13.61,2.5751155573680107,2.5841092378270836,2.566995552903136,8.52586717873919e-09
13.620000000000001,2.5750448902542526,2.584164297956544,2.5670183295425675,8.5624364555602e-09
13.63,2.5749739046445383,2.584219050279961,2.567041655798361,8.599173895037519e-09
13.64,2.5749026038116916,2.5842734908193616,2.5670655331711685,8.63607981429495e-09
13.65,2.574830991055743,2.5843276155923802,2.567089963130457,8.673154532050857e-09
13.66,2.574759069703914,2.5843814206125244,2.567114947114348,8.710398368626554e-09
13.67,2.5746868431105945,2.584434901889442,2.5671404865294583,8.747811645962298e-09
13.68,2.5746143146573237,2.5844880554291887,2.5671665827507386,8.785394687529952e-09
13.69,2.5745414877527644,2.584540877234494,2.567193237121316,8.823147818438105e-09
13.700000000000001,2.574468365832676,2.584593363305032,2.5672204509523335,8.861071365360138e-09
13.71,2.574394952359887,2.58464550963769,2.567248225522794,8.89916565655918e-09
13.72,2.574321250824261,2.584697312226837,2.5672765620794022,8.937431021969346e-09
13.73,2.5742472647426675,2.5847487670645983,2.567305461836409,8.97586779313241e-09
13.74,2.5741729976589416,2.584799870141124,2.5673349259754543,9.014476303229576e-09
13.75,2.5740984531438484,2.584850617444862,2.567364955645414,9.053256887133211e-09
13.76,2.5740236347950423,2.5849010049628327,2.5673955519622442,9.092209881411341e-09
13.77,2.5739485462370237,2.5849510286809005,2.567426716008829,9.13133562432019e-09
13.780000000000001,2.573873191121095,2.5850006845840494,2.567458448834826,9.170634456019115e-09
13.790000000000001,2.5737975731253107,2.585049968656659,2.5674907514565173,9.210106718437185e-09
13.8,2.5737216959544313,2.5850988768827787,2.567523624856656,9.249752755287395e-09
13.81,2.573645563339869,2.585147405246406,2.5675570699843178,9.28957291236039e-09
13.82,2.573569179039633,2.585195549731762,2.5675910877547503,9.329567537320908e-09
13.83,2.5734925468382746,2.5852433063235716,2.567625679049226,9.36973697982001e-09
13.84,2.5734156705468276,2.5852906710073396,2.5676608447148936,9.410081591732398e-09
13.85,2.573338554002746,2.585337639769632,2.567696585564633,9.450601727032362e-09
13.86,2.5732612010698417,2.5853842085983545,2.5677329023769078,9.491297741943063e-09
13.870000000000001,2.5731836156382175,2.5854303734830344,2.5677697958956225,9.532169995001205e-09
13.88,2.5731058016242,2.585476130415101,2.567807266829977,9.573218847085929e-09
13.89,2.5730277629702676,2.585521475388167,2.567845315854325,9.614444661620064e-09
13.9,2.572949503644979,2.5855664043983126,2.5678839436080327,9.655847804564768e-09
13.91,2.5728710276428965,2.5856109134443668,2.567923150695337,9.697428644539232e-09
13.92,2.5727923389845095,2.585654998528192,2.567962937685207,9.739187552849586e-09
13.93,2.572713441716154,2.585698655654968,2.568003305111204,9.781124903701135e-09
13.94,2.5726343399099303,2.5857418808334764,2.5680442534713457,9.823241074277928e-09
13.950000000000001,2.572555037663618,2.585784670076388,2.568085783227968,9.865536444759347e-09
13.96,2.57247553910059,2.5858270194005466,2.568127894807592,9.908011398524644e-09
13.97,2.572395848369722,2.5858689248272566,2.5681705886007875,9.950666322144337e-09
13.98,2.572315969645302,2.5859103823825698,2.5682138649620407,9.99350160566381e-09
13.99,2.5722359071269354,2.5859513880975737,2.5682577242096234,1.0036517642616435e-08
14.0,2.572155665039449,2.5859919380086787,2.5683021666254606,1.0079714830132744e-08
14.01,2.5720752476327915,2.586032028157908,2.5683471924550028,1.0123093569175375e-08
14.02,2.571994659181934,2.586071654593186,2.568392801907096,1.016665426448284e-08
14.030000000000001,2.5719139039867653,2.5861108133686286,2.5684389951538553,1.0210397324895557e-08
14.040000000000001,2.5718329863719864,2.5861495005448334,2.56848577233054,1.025432316340983e-08
14.05,2.5717519106870026,2.5861877121891705,2.5685331335354267,1.0298432197242181e-08
14.06,2.5716706813058128,2.586225444376073,2.5685810788296886,1.0342724848143214e-08
14.07,2.5715893026268963,2.58626269318733,2.5686296082372717,1.038720154234761e-08
14.08,2.5715077790730994,2.586299454712377,2.568678721744775,1.043186271087045e-08
14.09,2.571426115091515,2.5863357250485914,2.5687284193013302,1.0476708789666018e-08
14.1,2.5713443151533655,2.586371500301583,2.5687787008184846,1.0521740219575782e-08
14.11,2.571262383753879,2.586406776585488,2.568829566170084,1.0566957446668653e-08
14.120000000000001,2.571180325412165,2.5864415500232636,2.5688810151921575,1.0612360922442421e-08
14.13,2.5710981446710877,2.586475816746982,2.568933047682803,1.0657951103861957e-08
14.14,2.571015846097137,2.5865095728981258,2.5689856634020747,1.0703728453452713e-08
14.15,2.5709334342802963,2.586542814627881,2.569038862071873,1.0749693439748502e-08
14.16,2.5708509138339086,2.586575538097435,2.569092643375834,1.0795846537209694e-08
14.17,2.570768289394541,2.586607739478272,2.5691470069592204,1.0842188226372668e-08
14.18,2.570685565621845,2.5866394149524674,2.5692019524288168,1.0888718994223014e-08
14.19,2.5706027471984165,2.5866705607129865,2.5692574793528222,1.0935439334255626e-08
14.200000000000001,2.5705198388296515,2.58670117296398,2.5693135872607478,1.0982349746627082e-08
14.21,2.5704368452436017,2.5867312479210827,2.5693702756433137,1.102945073837216e-08
14.22,2.570353771190825,2.5867607818117087,2.569427543952348,1.1076742823638957e-08
14.23,2.5702706214442355,2.5867897708753516,2.569485391600689,1.1124226523689264e-08
14.24,2.570187400798953,2.586818211363882,2.569543817962085,1.117190236726331e-08
14.25,2.5701041140721443,2.5868460995418445,2.5696028223711007,1.1219770890747352e-08
14.26,2.5700207661028696,2.5868734316867585,2.5696624041230214,1.1267832638218175e-08
14.27,2.56993736175192,2.5869002040894156,2.5697225624737596,1.1316088161728817e-08
14.280000000000001,2.569853905901657,2.586926413054179,2.5697832966397645,1.1364538021553552e-08
14.290000000000001,2.569770403455848,2.586952054899283,2.569844605797932,1.1413182786280035e-08
14.3,2.5696868593394995,2.5869771259571337,2.5699064890855166,1.146202303303868e-08
14.31,2.569603278498688,2.587001622574607,2.5699689456000447,1.151105934775913e-08
14.32,2.5695196659003887,2.5870255411133494,2.570031974399231,1.156029232513978e-08
14.33,2.569436026532303,2.587048877950078,2.570095574500893,1.1609722569090474e-08
14.34,2.5693523654026813,2.5870716294768825,2.5701597448828726,1.1659350692872505e-08
14.35,2.569268687540145,2.587093792101522,2.5702244844829543,1.1709177319103956e-08
14.36,2.5691849979935073,2.5871153622477294,2.570289792198788,1.1759203080221211e-08
14.370000000000001,2.569101301831589,2.58713633635551,2.5703556668878136,1.1809428618542594e-08
14.38,2.5690176041430335,2.5871567108814437,2.5704221073671842,1.1859854586348443e-08
14.39,2.568933910036121,2.5871764822989842,2.570489112413696,1.1910481646305414e-08
14.4,2.5688502246385774,2.587195647098762,2.5705566807637164,1.1961310471601389e-08
14.41,2.5687665530973818,2.5872142017888846,2.5706248111131145,1.201234174592858e-08
14.42,2.5686829005785747,2.5872321428952376,2.5706935021171944,1.2063576163937582e-08
14.43,2.568599272267059,2.587249466961786,2.5707627523906296,1.211501443137607e-08
14.44,2.5685156733664023,2.587266170550876,2.570832560507399,1.2166657265092314e-08
14.450000000000001,2.568432109098637,2.587282250243536,2.5709029250007256,1.2218505393461898e-08
14.46,2.5683485847040544,2.587297702639778,2.5709738443630163,1.2270559556524929e-08
14.47,2.568265105441002,2.5873125243588975,2.5710453170458045,1.2322820506094466e-08
14.48,2.5681816765856733,2.587326712039778,2.5711173414596926,1.237528900594839e-08
14.49,2.5680983034319,2.587340262341189,2.571189915974299,1.242796583211167e-08
14.5,2.568014991290938,2.587353171942089,2.5712630389182056,1.2480851772998545e-08
14.51,2.5679317454912534,2.587365437541926,2.5713367085789063,1.2533947629567936e-08
14.52,2.567848571378306,2.587377055860939,2.57141092320276,1.2587254215516443e-08
14.530000000000001,2.567765474314331,2.5873880236404587,2.5714856809949436,1.2640772357489065e-08
14.540000000000001,2.567682459678116,2.5873983376432084,2.5715609801194064,1.2694502895312997e-08
14.55,2.567599532864779,2.587407994653604,2.571636818698829,1.2748446681983554e-08
14.56,2.5675166992855427,2.5874169914780567,2.5717131948145817,1.2802604584014895e-08
14.57,2.567433964367506,2.5874253249452703,2.571790106506686,1.2856977481656388e-08
14.58,2.5673513335534155,2.587432991906545,2.5718675517737797,1.2911566268849381e-08
14.59,2.5672688123014313,2.5874399892360747,2.571945528573079,1.2966371853542502e-08
14.6,2.5671864060848946,2.587446313831248,2.572024034820349,1.3021395157903887e-08
14.61,2.5671041203920892,2.5874519626129486,2.572103068389872,1.3076637118400143e-08
14.620000000000001,2.567021960726005,2.587456932525854,2.5721826271144184,1.3132098685960688e-08
14.63,2.5669399326040954,2.5874612205387337,2.5722627087852223,1.3187780826143068e-08
14.64,2.566858041558035,2.587464823644751,2.5723433111519554,1.3243684519352651e-08
14.65,2.5667762931334748,2.587467738861758,2.5724244319227054,1.3299810760957614e-08
14.66,2.5666946928897936,2.587469963232598,2.5725060687639565,1.3356160561328677e-08
14.67,2.5666132463998506,2.5874714938254004,2.5725882193005702,1.3412734946124417e-08
14.68,2.566531959249732,2.58747232773388,2.5726708811157706,1.3469534956502438e-08
14.69,2.566450837038498,2.587472462077634,2.5727540517511303,1.3526561649038389e-08
14.700000000000001,2.566369885377928,2.5874718940024395,2.5728377287065585,1.358381609596396e-08
14.71,2.5662891098922618,2.5874706206805502,2.5729219094402924,1.3641299385367028e-08
14.72,2.566208516217939,2.587468639310992,2.5730065913688893,1.3699012621275744e-08
14.73,2.566128110003339,2.58746594711986,2.573091771867222,1.3756956923739946e-08
14.74,2.5660478969085143,2.587462541360614,2.573177448268475,1.3815133428945946e-08
14.75,2.565967882604927,2.587458419314372,2.573263617864145,1.3873543289475522e-08
14.76,2.565888072775179,2.5874535782902064,2.5733502779040425,1.3932187674219418e-08
14.77,2.565808473112742,2.5874480156254385,2.573437425596294,1.3991067768588173e-08
14.780000000000001,2.5657290893216853,2.587441728685931,2.5735250581073497,1.4050184774613989e-08
14.790000000000001,2.565649927116402,2.587434714866381,2.5736131725619904,1.4109539911039284e-08
14.8,2.565570992221332,2.5874269715906153,2.5737017660433397,1.416913441347461e-08
14.81,2.565492290370684,2.5874184963118787,2.573790835592875,1.4228969534283799e-08
14.82,2.565413827308155,2.587409286513129,2.5738803782104434,1.4289046542821181e-08
14.83,2.5653356087866483,2.587399339707326,2.573970390854278,1.4349366725584476e-08
14.84,2.5652576405679897,2.5873886534377224,2.574060870441019,1.4409931386149618e-08
14.85,2.5651799284226398,2.587377225278155,2.574151813845735,1.4470741845238817e-08
14.86,2.565102478129407,2.587365052833331,2.574243217901946,1.4531799440856053e-08
14.870000000000001,2.565025295475158,2.5873521337391208,2.5743350794016515,1.4593105528255202e-08
14.88,2.5649483862545237,2.587338465662841,2.5744273950953582,1.4654661480098406e-08
14.89,2.564871756269607,2.5873240463035465,2.574520161692112,1.4716468686457118e-08
14.9,2.564795411329686,2.5873088733923133,2.5746133758595295,1.477852855478122e-08
14.91,2.564719357250917,2.587292944692527,2.574707034223837,1.484084251006708e-08
14.92,2.564643599856034,2.5872762580001667,2.5748011333699066,1.490341199470233e-08
14.93,2.564568144974048,2.587258811144089,2.5748956698412955,1.496623846862269e-08
14.94,2.5644929984399427,2.5872406019863137,2.574990640140292,1.5029323409361387e-08
14.950000000000001,2.56441816609437,2.587221628422304,2.575086040727958,1.5092668311896042e-08
14.96,2.5643436537833435,2.5872018883812506,2.575181868024179,1.5156274688764965e-08
14.97,2.5642694673579274,2.5871813798263523,2.575278118407711,1.5220144070073983e-08
14.98,2.5641956126739283,2.5871601007550966,2.575374788216237,1.5284278003381987e-08
14.99,2.5641220955915816,2.5871380491995395,2.5754718737464186,1.534867805375175e-08
15.0,2.5640489219752367,2.5871152232265833,2.5755693712539536,1.5413345803808162e-08
15.01,2.563976097693042,2.587091620938256,2.5756672769536375,1.5478282853558868e-08
15.02,2.563903628616626,2.587067240471987,2.5757655870194243,1.5543490820380427e-08
15.030000000000001,2.5638315206207793,2.587042080000883,2.5758642975844905,1.560897133904431e-08
15.040000000000001,2.5637597795831315,2.5870161377340053,2.575963404741304,1.567472606165719e-08
15.05,2.5636884113838296,2.5869894119166403,2.576062904541691,1.5740756657483226e-08
15.06,2.5636174219052124,2.5869619008305764,2.5761627929969104,1.580706481302452e-08
15.07,2.563546817031485,2.5869336027943737,2.5762630660777264,1.5873652231897814e-08
15.08,2.563476602648389,2.5869045161636364,2.5763637197144855,1.594052063471244e-08
15.09,2.5634067846428756,2.5868746393312816,2.576464749797197,1.6007671759011465e-08
15.1,2.5633373689027716,2.58684397072781,2.5765661521756127,1.607510735914907e-08
15.11,2.5632683613164478,2.5868125088215734,2.5766679226593134,1.6142829206254468e-08
15.120000000000001,2.5631997677724834,2.586780252119041,2.576770057017794,1.6210839088137904e-08
15.13,2.5631315941593305,2.586747199165065,2.576872550980553,1.627913880903702e-08
15.14,2.563063846364977,2.586713348543147,2.5769754002371856,1.6347730189579535e-08
15.15,2.5629965302766053,2.5866786988756996,2.5770786004374764,1.6416615066616124e-08
15.16,2.5629296517802533,2.5866432488243105,2.5771821471914955,1.6485795293184762e-08
15.17,2.56286321676047,2.5866069970900023,2.5772860360697005,1.655527273827279e-08
15.18,2.562797231099974,2.586569942413493,2.5773902626030356,1.6625049286550423e-08
15.19,2.5627317006793056,2.586532083575454,2.577494822283037,1.6695126838506868e-08
15.200000000000001,2.562666631376481,2.5864934193967706,2.57759971056194,1.6765507310099392e-08
15.21,2.5626020290666434,2.5864539487387934,2.5777049228527886,1.683619263243619e-08
15.22,2.562537899621714,2.586413670503598,2.5778104545295455,1.6907184751768945e-08
15.23,2.5624742489100396,2.5863725836342355,2.577916300927209,1.6978485629452422e-08
15.24,2.5624110827960402,2.586330687114987,2.578022457341929,1.7050097241403978e-08
15.25,2.562348407139855,2.5862879799716127,2.578128919031126,1.7122021578070502e-08
15.26,2.5622862277969856,2.586244461271603,2.5782356812136134,1.719426064431396e-08
15.27,2.5622245506179415,2.5862001301244257,2.5783427390697238,1.7266816458945247e-08
15.280000000000001,2.5621633814478795,2.586154985681775,2.578450087741434,1.7339691054624955e-08
15.290000000000001,2.5621027261262452,2.5861090271378138,2.578557722332495,1.741288647775385e-08
15.3,2.5620425904864117,2.5860622537294207,2.5786656379085673,1.748640478811869e-08
15.31,2.5619829803553174,2.5860146647364304,2.578773829497352,1.7560248058503046e-08
15.32,2.561923901553102,2.5859662594818764,2.5788822920887307,1.7634418374488425e-08
15.33,2.5618653598927437,2.58591703733223,2.578991020634904,1.7708917834505247e-08
15.34,2.5618073611796897,2.5858669976976376,2.579100010050536,1.7783748549195412e-08
15.35,2.5617499112114914,2.585816140032159,2.579209255212898,1.7858912641170625e-08
15.36,2.5616930157774362,2.5857644638340007,2.5793187509620177,1.793441224496366e-08
15.370000000000001,2.561636680658176,2.5857119686457506,2.5794284921008286,1.8010249506521246e-08
15.38,2.5615809116253576,2.585658654054609,2.5795384733953237,1.808642658292608e-08
15.39,2.56152571444125,2.5856045196926196,2.5796486895747104,1.816294564207744e-08
15.4,2.5614710948583728,2.5855495652368967,2.5797591353315688,1.8239808862600815e-08
15.41,2.561417058619119,2.585493790409854,2.579869805322014,1.8317018433237034e-08
15.42,2.561363611455383,2.585437194979429,2.579980694165857,1.8394576552619585e-08
15.43,2.561310759088182,2.585379778759305,2.5800917964467738,1.847248542906585e-08
15.44,2.5612585072272793,2.585321541609137,2.580203106712471,1.8550747280095433e-08
15.450000000000001,2.561206861570806,2.585262483434767,2.580314619474859,1.8629364332087742e-08
15.46,2.561155827804881,2.5852026041884457,2.580426329210225,1.8708338819904166e-08
15.47,2.56110541160323,2.585141903869048,2.5805382303594095,1.8787672986743088e-08
15.48,2.5610556186268063,2.5850803825222877,2.580650317327986,1.886736908356695e-08
15.49,2.561006454523405,2.5850180402409304,2.5807625844864415,1.8947429368863743e-08
15.5,2.560957924927282,2.584954877165005,2.580875026170362,1.9027856108195205e-08
15.51,2.56091003545877,2.584890893482012,2.5809876366806193,1.9108651573639148e-08
15.52,2.5608627917238915,2.5848260894271338,2.5811004102835584,1.9189818043819446e-08
15.530000000000001,2.560816199313974,2.584760465283436,2.5812133412111926,1.927135780326484e-08
15.540000000000001,2.560770263805264,2.5846940213820737,2.581326423661396,1.9353273142002254e-08
15.55,2.5607249907585365,2.5846267581024933,2.581439651798102,1.9435566355215807e-08
15.56,2.56068038571871,2.5845586758726307,2.581553019751503,1.95182397428124e-08
15.57,2.5606364542144537,2.58448977516911,2.581666521618252,1.9601295609109568e-08
15.58,2.560593201757801,2.5844200565174384,2.5817801514616687,1.9684736262287374e-08
15.59,2.560550633843756,2.584349520492202,2.5818939033119475,1.976856401406584e-08
15.6,2.560508755949903,2.584278167717254,2.582007771166367,1.9852781179249627e-08
15.610000000000001,2.560467573536015,2.584205998865908,2.5821217489895036,1.993739007524433e-08
15.620000000000001,2.5604270920436605,2.584133014661123,2.5822358307134463,2.0022393021812682e-08
15.63,2.5603873168958082,2.5840592158756897,2.582350010238016,2.0107792340405284e-08
15.64,2.560348253496436,2.583984603332414,2.582464281430985,2.0193590353895577e-08
15.65,2.5603099072301347,2.5839091779042973,2.5825786381283016,2.0279789386211458e-08
15.66,2.5602722834617118,2.583832940514717,2.582693074134315,2.0366391761550486e-08
15.67,2.5602353875357973,2.5837558921376016,2.5828075832220043,2.0453399804341444e-08
15.68,2.5601992247764467,2.5836780337976064,2.58292215913321,2.0540815838642245e-08
15.69,2.560163800486744,2.583599366570286,2.583036795578868,2.062864218751649e-08
15.700000000000001,2.5601291199484053,2.5835198915822644,2.5831514862392444,2.0716881172818066e-08
15.71,2.560095188421379,2.5834396100114017,2.583266224764176,2.0805535114747764e-08
15.72,2.560062011143449,2.5833585230869613,2.583381004773311,2.0894606331239728e-08
15.73,2.5600295933298365,2.583276632089773,2.5834958198563536,2.098409713759448e-08
15.74,2.5599979401727997,2.5831939383523927,2.5836106635733107,2.1074009846069524e-08
15.75,2.559967056841235,2.583110443259263,2.583725529454741,2.116434676536771e-08
15.76,2.5599369484802774,2.5830261482468675,2.583840411002007,2.1255110200144207e-08
15.77,2.5599076202109,2.5829410548038867,2.5839553016875287,2.134630245066866e-08
15.780000000000001,2.5598790771295135,2.5828551644713476,2.584070194955042,2.143792581221421e-08
15.790000000000001,2.559851324307567,2.5827684788427745,2.5841850842198566,2.1529982574727984e-08
15.8,2.5598243667911453,2.5826809995643343,2.5842999628691197,2.1622475022397476e-08
15.81,2.559798209600569,2.5825927283349817,2.5844148242620797,2.1715405432948675e-08
15.82,2.559772857729993,2.5825036669066006,2.5845296617303535,2.180877607759413e-08
15.83,2.559748316147004,2.582413817084143,2.584644468578197,2.190258922040283e-08
15.84,2.5597245897922214,2.582323180725765,2.5847592380827775,2.1996847117547238e-08
15.85,2.5597016835788926,2.5822317597429643,2.584873963494447,2.209155201726767e-08
15.860000000000001,2.559679602392494,2.5821395561007066,2.584988638037021,2.218670615936165e-08
15.870000000000001,2.5596583510903277,2.582046571817559,2.5851032549080593,2.2282311774532787e-08
15.88,2.5596379345011187,2.581952808965815,2.5852178072791463,2.2378371084094853e-08
15.89,2.559618357424615,2.581858269671617,2.5853322882961773,2.2474886299574038e-08
15.9,2.559599624631186,2.581762956115079,2.5854466910796465,2.2571859622200085e-08
15.91,2.5595817408614168,2.581666870530405,2.585561008724936,2.2669293242438995e-08
15.92,2.5595647108257116,2.5815700152060033,2.585675234302609,2.276718933967795e-08
15.93,2.5595485392038886,2.5814723924846024,2.5857893608587053,2.286555008164334e-08
15.94,2.5595332306447793,2.581374004763359,2.5859033814150374,2.2964377624154535e-08
15.950000000000001,2.5595187897658276,2.581274854493966,2.5860172889694923,2.306367411071244e-08
15.96,2.5595052211526883,2.581174944182758,2.5861310764963337,2.3163441671828654e-08
15.97,2.5594925293588253,2.5810742763908143,2.586244736946506,2.3263682424849803e-08
15.98,2.5594807189051116,2.580972853734056,2.5863582632479423,2.3364398473610887e-08
15.99,2.5594697942794293,2.580870678883344,2.586471648305876,2.346559190784189e-08
16.0,2.559459759936267,2.5807677545645733,2.586584885003151,2.3567264802853552e-08
16.01,2.559450620296323,2.5806640835587618,2.5866979662005374,2.3669419219221818e-08
16.02,2.559442379746103,2.5805596687021404,2.5868108847370497,2.3772057202503023e-08
16.03,2.559435042637521,2.580454512886236,2.586923633430266,2.3875180782575115e-08
16.04,2.5594286132875035,2.5803486190579568,2.5870362050766507,2.397879197337365e-08
16.05,2.559423095977586,2.580241990219667,2.5871485924518773,2.4082892772768834e-08
16.06,2.5594184949535195,2.5801346294292684,2.587260788311159,2.4187485162068057e-08
16.07,2.5594148144248696,2.5800265398002686,2.587372785389576,2.4292571105515837e-08
16.080000000000002,2.5594120585646216,2.5799177245018554,2.587484576402406,2.4398152550250556e-08
16.09,2.5594102315087826,2.5798081867589615,2.5875961540454635,2.450423142581561e-08
16.1,2.559409337355986,2.5796979298523306,2.587707510995431,2.46108096438305e-08
16.11,2.559409380167096,2.5795869571185777,2.5878186399102017,2.4717889097816143e-08
16.12,2.5594103639648127,2.5794752719502476,2.58792953342922,2.482547166277877e-08
16.13,2.5594122927332776,2.5793628777958704,2.588040184173825,2.4933559195150844e-08
16.14,2.5594151704176804,2.5792497781600123,2.588150584747598,2.5042153532192263e-08
16.15,2.5594190009238655,2.5791359766033266,2.58826072773671,2.515125649184936e-08
16.16,2.5594237881179414,2.5790214767425983,2.588370605710273,2.5260869872720626e-08
16.17,2.559429535825887,2.578906282250786,2.588480211220693,2.5370995453581575e-08
16.18,2.5594362478331627,2.578790396857064,2.588589536804027,2.5481634993219173e-08
16.19,2.5594439278843195,2.5786738243468545,2.588698574980339,2.5592790230229043e-08
16.2,2.559452579682611,2.5785565685618663,2.5888073182540623,2.5704462882776134e-08
16.21,2.5594622068896045,2.5784386334001197,2.588915759114361,2.581665464849855e-08
16.22,2.559472813124793,2.5783200228159755,2.589023890035494,2.592936720419339e-08
16.23,2.5594844019652103,2.578200740820159,2.589131703477184,2.6042602205799607e-08
16.240000000000002,2.559496976945045,2.578080791479778,2.589239191884987,2.6156361288240463e-08
16.25,2.5595105415552553,2.5779601789183424,2.5893463476906624,2.627064606506128e-08
16.26,2.5595250992431864,2.5778389073157753,2.5894531633125473,2.638545812847571e-08
16.27,2.559540653412188,2.5777169809084253,2.589559631155934,2.6500799049344347e-08
16.28,2.559557207421232,2.577594403989072,2.589665743613448,2.6616670376904304e-08
16.29,2.559574764584533,2.57747118090693,2.5897714930654265,2.67330736388106e-08
16.3,2.559593328171169,2.5773473160676494,2.5898768718803056,2.6850010340993967e-08
16.31,2.5596129014047024,2.577222813933313,2.589981872415002,2.6967481967588076e-08
16.32,2.559633487462805,2.5770976790224287,2.590086487015301,2.7085489981011597e-08
16.330000000000002,2.5596550894768804,2.57697191590992,2.5901907080162467,2.7204035821768354e-08
16.34,2.55967771053169,2.5768455292271124,2.5902945277425333,2.7323120908536927e-08
16.35,2.5597013536649804,2.576718523661718,2.590397938508899,2.744274663833291e-08
16.36,2.5597260218671103,2.5765909039578125,2.5905009326205213,2.7562914386358924e-08
16.37,2.5597517180806806,2.5764626749158133,2.590603502373417,2.7683625505909964e-08
16.38,2.559778445200165,2.5763338413924517,2.5907056400548396,2.780488132855314e-08
16.39,2.5598062060715416,2.5762044083007427,2.590807337943684,2.7926683164518075e-08
16.4,2.5598350034919277,2.576074380609949,2.5909085883108904,2.8049032302447406e-08
16.41,2.5598648402092126,2.575943763345545,2.5910093834198507,2.8171930009344673e-08
16.42,2.5598957189216947,2.5758125615891743,2.5911097155268163,2.8295377531039402e-08
16.43,2.5599276422777195,2.575680780478605,2.591209576881311,2.8419376092299204e-08
16.44,2.5599606128753196,2.575548425207681,2.5913089597265406,2.8543926896815655e-08
16.45,2.5599946332618537,2.57541550102627,2.591407856299811,2.866903112748946e-08
16.46,2.5600297059336503,2.575282013240207,2.5915062588329425,2.879468994667433e-08
16.47,2.5600658333356514,2.575147967211236,2.591604159552691,2.8920904496248328e-08
16.48,2.560103017861058,2.575013368356946,2.591701550681166,2.9047675897885148e-08
16.490000000000002,2.5601412618509776,2.5748782221507054,2.591798424436256,2.917500525340208e-08
16.5,2.5601805675940716,2.5747425341215897,2.5918947730320525,2.9302893644998407e-08
16.51,2.5602209373262084,2.574606309854309,2.5919905886792756,2.943134213548583e-08
16.52,2.560262373230114,2.57446955498913,2.5920858635857047,2.9560351768528e-08
16.53,2.5603048774350268,2.574332275221794,2.592180589956608,2.968992356922863e-08
16.54,2.5603484520163526,2.5741944763034312,2.5922747599951754,2.982005854429873e-08
16.55,2.5603930989953243,2.5740561640404738,2.5923683659029533,2.995075768218009e-08
16.56,2.5604388203386588,2.573917344294561,2.59246139988028,3.0082021953867043e-08
16.57,2.5604856179582205,2.5737780229824443,2.592553854126726,3.021385231322098e-08
16.580000000000002,2.5605334937106834,2.573638206075885,2.592645720841532,3.034624969707327e-08
16.59,2.560582449397198,2.5734978996015534,2.5927369922240517,3.0479215025897176e-08
16.6,2.5606324867630557,2.573357109640918,2.592827660474197,3.0612749204371435e-08
16.61,2.5606836074973613,2.573215842330135,2.592917717792881,3.074685312163744e-08
16.62,2.5607358132327023,2.573074103859933,2.5930071563824684,3.0881527651929313e-08
16.63,2.560789105544822,2.5729319004754947,2.593095968447223,3.1016773654931595e-08
16.64,2.5608434859522964,2.5727892384763313,2.593184146193758,3.1152591976563766e-08
16.65,2.5608989559162096,2.572646124216157,2.593271681831492,3.1288983449315834e-08
16.66,2.560955516839835,2.572502564102759,2.5933585675730995,3.142594889293265e-08
16.67,2.5610131700683163,2.57235856459786,2.593444795634971,3.15634891150229e-08
16.68,2.5610719168883516,2.572214132216983,2.5935303582376688,3.170160491150513e-08
16.69,2.5611317585278797,2.5720692735293063,2.5936152476063867,3.184029706755007e-08
16.7,2.561192696155768,2.5719239951575177,2.593699455971413,3.1979566357909444e-08
16.71,2.5612547308815032,2.5717783037776645,2.5937829755685917,3.211941354767189e-08
16.72,2.5613178637548852,2.571632206118999,2.593865798639788,3.225983939312867e-08
16.73,2.5613820957657207,2.5714857089638197,2.593947917433356,3.2400844642274257e-08
16.740000000000002,2.561447427843522,2.5713388191473103,2.5940293242046035,3.254243003560105e-08
16.75,2.561513860857207,2.5711915435573727,2.5941100112162654,3.268459630682202e-08
16.76,2.5615813956147995,2.5710438891344567,2.5941899707389715,3.28273441837575e-08
16.77,2.5616500328631373,2.5708958628713865,2.594269195051722,3.2970674388933084e-08
16.78,2.561719773287577,2.5707474718131826,2.5943476764423594,3.3114587640347643e-08
16.79,2.561790617511705,2.5705987230568796,2.5944254072080457,3.325908465264868e-08
16.8,2.561862566097049,2.57044962375134,2.59450237965574,3.340416613758956e-08
16.81,2.5619356195427923,2.5703001810970636,2.594578586102676,3.354983280497507e-08
16.82,2.5620097782854927,2.570150402345995,2.594654018876844,3.3696085363612315e-08
16.830000000000002,2.562085042698801,2.570000294801324,2.5947286703174703,3.384292452218111e-08
16.84,2.5621614130931847,2.5698498658172837,2.5948025327755033,3.3990350990083624e-08
16.85,2.562238889715652,2.5696991227989447,2.5948755986140957,3.413836547837026e-08
16.86,2.56231747274948,2.5695480732020046,2.594947860209092,3.428696870067997e-08
16.87,2.562397162313946,2.569396724532574,2.595019309949515,3.443616137420484e-08
16.88,2.56247795846406,2.5692450843469583,2.5950899402380556,3.458594422071286e-08
16.89,2.5625598611903,2.569093160251434,2.595159743491562,3.4736317967471264e-08
16.9,2.5626428704183537,2.5689409599020236,2.5952287121415307,3.4887283348306804e-08
16.91,2.562726986008856,2.5687884910042644,2.5952968386346016,3.503884110439567e-08
16.92,2.562812207757136,2.5686357613129744,2.5953641154330493,3.519099198557805e-08
16.93,2.5628985353929643,2.5684827786320126,2.59543053501528,3.5343736751331794e-08
16.94,2.562985968580302,2.5683295508140374,2.595496089876328,3.5497076171681404e-08
16.95,2.563074506917054,2.5681760857602582,2.5955607725283527,3.565101102853982e-08
16.96,2.5631641499348254,2.5680223914201856,2.5956245755011387,3.580554211655797e-08
16.97,2.5632548970986804,2.5678684757913754,2.595687491342595,3.5960670244220484e-08
16.98,2.563346747806903,2.5677143469191703,2.5957495126192573,3.61163962350549e-08
16.990000000000002,2.563439701390764,2.5675600128964358,2.59581063191679,3.6272720928914775e-08
17.0,2.5635337571142864,2.567405481863292,2.59587084184049,3.642964518273391e-08
17.01,2.5636289141740183,2.567250762006844,2.5959301350157906,3.658716987180569e-08
17.02,2.5637251716988056,2.5670958615609045,2.595988504088769,3.674529589136579e-08
17.03,2.5638225287495704,2.5669407888057143,2.596045941726653,3.690402415716172e-08
17.04,2.5639209843190898,2.5667855520676586,2.5961024406183264,3.706335560674709e-08
17.05,2.56402053733178,2.566630159718979,2.5961579934748418,3.722329120099909e-08
17.06,2.564121186643483,2.56647462017748,2.5962125930299274,3.7383831925197454e-08
17.07,2.564222931041256,2.566318941906234,2.5962662320405,3.7544978789932685e-08
17.080000000000002,2.5643257692431645,2.5661631334132813,2.5963189032871763,3.7706732832519457e-08
17.09,2.564429699898078,2.566007203251323,2.596370599574785,3.786909511848557e-08
17.1,2.56453472158547,2.5658511600174134,2.5964213137328818,3.80320667423555e-08
17.11,2.564640832815221,2.5656950123526485,2.596471038616263,3.8195648829075604e-08
17.12,2.5647480320274236,2.5655387689418467,2.596519767105481,3.8359842535314066e-08
17.13,2.5648563175921923,2.565382438513229,2.5965674921073627,3.852464905054157e-08
17.14,2.564965687809476,2.5652260298380924,2.5966142065555236,3.8690069598716024e-08
17.150000000000002,2.565076140908875,2.565069551730481,2.5966599034108877,3.8856105438879737e-08
17.16,2.5651876750494593,2.5649130130468536,2.5967045756622062,3.9022757866838765e-08
17.17,2.5653002883195923,2.564756422685743,2.5967482163265765,3.9190028216543494e-08
17.18,2.5654139787367565,2.564599789587416,2.5967908184499624,3.935791786083262e-08
17.19,2.5655287442473838,2.5644431227335285,2.596832375107715,3.952642821317251e-08
17.2,2.5656445827266885,2.564286431146772,2.596872879405095,3.969556072892241e-08
17.21,2.565761491978505,2.564129723890522,2.5969123244777936,3.986531690632428e-08
17.22,2.5658794697351257,2.5639730100684783,2.5969507034924577,4.003569828784381e-08
17.23,2.5659985136571484,2.5638162988243027,2.596988009647211,4.020670646175533e-08
17.240000000000002,2.5661186213333207,2.5636595993412516,2.5970242361721794,4.0378343062919585e-08
17.25,2.5662397902803926,2.563502920841807,2.597059376330015,4.0550609774392766e-08
17.26,2.566362017942971,2.563346272587299,2.597093423416422,4.072350832867199e-08
17.27,2.566485301693377,2.563189663877529,2.5971263707606815,4.0897040508735034e-08
17.28,2.5666096388315096,2.5630331040503846,2.5971582117261787,4.107120814951041e-08
17.29,2.566735026584709,2.562876602481454,2.5971889397109287,4.1246013139119787e-08
17.3,2.5668614621076284,2.562720168583634,2.5972185481481036,4.142145742010674e-08
17.31,2.566988942482105,2.5625638118067324,2.5972470305065603,4.159754299049561e-08
17.32,2.567117464717038,2.562407541637073,2.5972743802913683,4.177427190529293e-08
17.330000000000002,2.5672470257482676,2.562251367597087,2.5973005910443376,4.1951646277576605e-08
17.34,2.5673776224384612,2.5620952992449086,2.5973256563445477,4.212966827976845e-08
17.35,2.5675092515770004,2.561939346173962,2.597349569808876,4.230834014480471e-08
17.36,2.5676419098798724,2.561783518012546,2.5973723250925267,4.248766416732869e-08
17.37,2.5677755939895666,2.5616278244234123,2.597393915889561,4.266764270495696e-08
17.38,2.5679103004749737,2.5614722751033447,2.597414335933425,4.284827817944791e-08
17.39,2.568046025831289,2.5613168797827277,2.597433578997482,4.3029573077772165e-08
17.400000000000002,2.5681827664799193,2.561161648225117,2.59745163889554,4.3211529953385645e-08
17.41,2.5683205187683953,2.5610065902268015,2.597468509482383,4.339415142741752e-08
17.42,2.5684592789702854,2.560851715616365,2.597484184654301,4.357744018948554e-08
17.43,2.5685990432851153,2.5606970342542406,2.597498658349619,4.376139899924298e-08
17.44,2.568739807838291,2.560542556032263,2.59751192454923,4.394603068734465e-08
17.45,2.568881568681025,2.5603882908732176,2.5975239772771226,4.413133815626972e-08
17.46,2.569024321790269,2.560234248730382,2.5975348106009126,4.4317324381680295e-08
17.47,2.569168063068646,2.560080439587068,2.5975444186323737,4.4503992413478885e-08
17.48,2.5693127883443925,2.559926873456157,2.597552795527967,4.469134537656635e-08
17.490000000000002,2.569458493371298,2.559773560379632,2.597559935489371,4.487938647219906e-08
17.5,2.569605173828655,2.5596205104281045,2.5975658327640114,4.5068118978798605e-08
17.51,2.5697528253212085,2.559467733700341,2.597570481645593,4.525754625284609e-08
17.52,2.5699014433791114,2.5593152403227823,2.597573876474627,4.544767173017428e-08
17.53,2.570051023457884,2.559163040449058,2.5975760116389615,4.563849892649334e-08
17.54,2.570201560938377,2.5590111442595025,2.597576881574311,4.583003143843529e-08
17.55,2.5703530511267396,2.5588595619606602,2.5975764807647854,4.602227294470391e-08
17.56,2.5705054892543906,2.558708303784792,2.597574803743418,4.6215227206462656e-08
17.57,2.570658870477994,2.5585573799893773,2.5975718450926943,4.6408898068434534e-08
17.580000000000002,2.570813189879439,2.5584068008566074,2.597567599445081,4.660328945998087e-08
17.59,2.5709684424658255,2.5582565766928824,2.597562061483552,4.679840539534606e-08
17.6,2.57112462316945,2.558106717828299,2.597555225942117,4.6994249974679986e-08
17.61,2.5712817268478005,2.5579572346161363,2.597547087606347,4.71908273848923e-08
17.62,2.5714397482835514,2.557808137432337,2.597537641313903,4.738814190015952e-08
17.63,2.571598682184566,2.5576594366749874,2.5975268819550585,4.758619788260348e-08
17.64,2.5717585231839006,2.5575111427637895,2.5975148044732275,4.778499978303945e-08
17.650000000000002,2.571919265839815,2.557363266139533,2.5975014038654884,4.7984552141614167e-08
17.66,2.572080904635785,2.557215817263562,2.5974866751831076,4.8184859588112587e-08
17.67,2.572243433980522,2.5570688066172376,2.5974706135320638,4.838592684284115e-08
17.68,2.5724068482079945,2.5569222447013984,2.59745321407357,4.8587758717021774e-08
17.69,2.5725711415774546,2.5567761420358157,2.5974344720245974,4.8790360113139115e-08
17.7,2.5727363082734698,2.556630509158646,2.597414382658394,4.899373602560977e-08
17.71,2.5729023424059574,2.5564853566258794,2.5973929413050074,4.919789154106984e-08
17.72,2.5730692380102256,2.556340695010785,2.5973701433518044,4.940283183876537e-08
17.73,2.573236989047016,2.5561965349033517,2.597345984243989,4.960856219089476e-08
17.740000000000002,2.5734055894025527,2.5560528869097268,2.5973204594851227,4.981508796290304e-08
17.75,2.573575032888596,2.55590976165165,2.597293564637639,5.002241461381995e-08
17.76,2.5737453132424974,2.555767169765884,2.597265295323362,5.023054769643789e-08
17.77,2.573916424127264,2.555625121903642,2.597235647224021,5.043949285748944e-08
17.78,2.5740883591316224,2.5554836287300113,2.5972046160817652,5.0649255837703976e-08
17.79,2.574261111770089,2.555342700923375,2.597172197699676,5.0859842472185176e-08
17.8,2.574434675483047,2.555202349174826,2.597138387942282,5.107125869054938e-08
17.81,2.5746090436368236,2.5550625841875827,2.5971031827360673,5.1283510516381117e-08
17.82,2.574784209523775,2.5549234166763997,2.5970665780699833,5.149660406759913e-08
17.830000000000002,2.574960166362373,2.5547848573669723,2.5970285699959574,5.171054555667733e-08
17.84,2.5751369072973005,2.5546469169953414,2.5969891546294015,5.19253412901398e-08
17.85,2.5753144253995455,2.5545096063072936,2.596948328149717,5.214099766870548e-08
17.86,2.575492713666505,2.5543729360577565,2.5969060868008014,5.235752118675135e-08
17.87,2.57567176502209,2.5542369170101944,2.596862426891552,5.257491843249044e-08
17.88,2.5758515723168363,2.554101559935996,2.596817344796369,5.2793196087615035e-08
17.89,2.57603212832802,2.5539668756138636,2.596770836955656,5.3012360926693214e-08
17.900000000000002,2.5762134257597764,2.5538328748291956,2.596722899876321,5.3232419817244924e-08
17.91,2.5763954572432253,2.553699568373468,2.5966735301322745,5.345337971921099e-08
17.92,2.576578215336599,2.5535669670436096,2.596622724364926,5.3675247684302524e-08
17.93,2.5767616925253742,2.5534350816413802,2.5965704792836797,5.3898030855603055e-08
17.94,2.5769458812224126,2.5533039229727383,2.59651679166643,5.4121736467368575e-08
17.95,2.577130773768101,2.553173501847211,2.5964616583600524,5.4346371844165474e-08
17.96,2.5773163624304996,2.5530438290772586,2.596405076280895,5.457194440008014e-08
17.97,2.577502639405491,2.5529149154776367,2.5963470424152666,5.47984616382423e-08
17.98,2.5776895968169398,2.552786771864756,2.596287553819927,5.502593115040802e-08
17.990000000000002,2.5778772267168497,2.552659409056037,2.5962266076225693,5.5254360615674734e-08
18.0,2.5780655210855308,2.5525328378692644,2.5961642010223067,5.5483757800028046e-08
18.01,2.5782544718317686,2.552407069121937,2.596100331290153,5.5714130555347266e-08
18.02,2.5784440707929983,2.552282113630616,2.596034995769504,5.594548681825109e-08
18.03,2.578634309735483,2.5521579822102676,2.595968191876617,5.6177834609764184e-08
18.04,2.578825180354499,2.5520346856736067,2.5958999171010846,5.6411182033991306e-08
18.05,2.5790166742745217,2.551912234830435,2.5958301690063124,5.664553727684955e-08
18.06,2.57920878304942,2.5517906404869772,2.5957589452299903,5.688090860523678e-08
18.07,2.5794014981626523,2.551669913445216,2.595686243484564,5.711730436587057e-08
18.080000000000002,2.579594811027469,2.5515500645022198,2.595612061557702,5.735473298405515e-08
18.09,2.579788712987119,2.5514311044494744,2.595536397312766,5.759320296249122e-08
18.1,2.5799831953150605,2.5513130440722063,2.595459248689271,5.783272287995497e-08
18.11,2.5801782492151775,2.5511958941487065,2.595380613703351,5.807330138999941e-08
18.12,2.5803738658219992,2.5510796654496515,2.5953004904482166,5.831494721950488e-08
18.13,2.580570036200925,2.5509643687374193,2.595218877094616,5.855766916733452e-08
18.14,2.580766751348455,2.5508500147654067,2.5951357718912877,5.880147610293894e-08
18.150000000000002,2.5809640021924234,2.5507366142773416,2.5950511731654156,5.904637696460803e-08
18.16,2.5811617795922372,2.5506241780065935,2.5949650793230794,5.929238075792707e-08
18.17,2.5813600743391203,2.550512716675482,2.594877488849704,5.9539496554646624e-08
18.18,2.5815588771563616,2.5504022409945817,2.5947884003105046,5.97877334905401e-08
18.19,2.581758178699567,2.5502927616620266,2.594697812350931,6.003710076369117e-08
18.2,2.5819579695569175,2.550184289362811,2.594605723697109,6.028760763300444e-08
18.21,2.5821582402494307,2.5500768347680878,2.5945121331562793,6.053926341627009e-08
18.22,2.5823589812312284,2.549970408534467,2.5944170396172335,6.079207748835967e-08
18.23,2.582560182889806,2.5498650213033094,2.594320442050747,6.104605927935171e-08
18.240000000000002,2.58276183554631,2.5497606837000175,2.5942223395100106,6.13012182727673e-08
18.25,2.5829639294558184,2.549657406333328,2.594122731131059,6.155756400336875e-08
18.26,2.5831664548076256,2.5495551997946,2.594021616133195,6.181510605505804e-08
18.27,2.5833694017255313,2.5494540746571,2.593918993819414,6.207385405921448e-08
18.28,2.5835727602681366,2.5493540414752864,2.593814863576822,6.233381769246547e-08
18.29,2.583776520429142,2.5492551107840935,2.5937092248770544,6.259500667427004e-08
18.3,2.583980672137651,2.5491572930982103,2.593602077276689,6.285743076518888e-08
18.31,2.5841852052584793,2.5490605989113595,2.593493420417657,6.312109976440138e-08
18.32,2.584390109592467,2.5489650386955747,2.5933832540276534,6.338602350748752e-08
18.330000000000002,2.584595374876797,2.548870622900475,2.593271577920539,6.365221186408661e-08
18.34,2.584800990785315,2.5487773619525393,2.593158391996746,6.391967473589444e-08
18.35,2.58500694692886,2.5486852662543757,2.593043696243674,6.418842205411172e-08
18.36,2.585213232855593,2.548594346183994,2.5929274907360886,6.445846377671946e-08
18.37,2.585419838051333,2.5485046120940718,2.5928097756365127,6.472980988646015e-08
18.38,2.5856267519398997,2.548416074311223,2.5926905511956173,6.500247038842306e-08
18.39,2.5858339638834567,2.5483287431352615,2.5925698177526066,6.527645530719058e-08
18.400000000000002,2.5860414631828625,2.5482426288384668,2.5924475757356027,6.555177468461966e-08
18.41,2.5862492390780254,2.548157741664844,2.5923238256620236,6.582843857730825e-08
18.42,2.5864572807482618,2.548074091829386,2.592198568138962,6.610645705365328e-08
18.43,2.58666557731266,2.547991689517333,2.5920718038635555,6.638584019154075e-08
18.44,2.586874117830449,2.5479105448834307,2.5919435336233594,6.666659807555379e-08
18.45,2.5870828913013706,2.5478306680511866,2.59181375829671,6.694874079450442e-08
18.46,2.5872918866660584,2.547752069112126,2.5916824788530892,6.723227843844183e-08
18.47,2.5875010928064177,2.5476747581250465,2.5915496963534825,6.751722109619663e-08
18.48,2.5877104985460146,2.5475987451152724,2.591415411950735,6.78035788524532e-08
18.490000000000002,2.587920092650465,2.547524040073905,2.5912796268899028,6.809136178500855e-08
18.5,2.5881298638278323,2.547450652957076,2.591142342508602,6.838057996218492e-08
18.51,2.588339800729026,2.547378593685195,2.5910035602373522,6.867124343974848e-08
18.52,2.588549891948209,2.547307872142202,2.5908632815999177,6.896336225821665e-08
18.53,2.588760126023204,2.547238498174813,2.590721508213644,6.925694644001243e-08
18.54,2.5889704914359104,2.5471704815917695,2.5905782417897907,6.955200598641605e-08
18.55,2.5891809766127207,2.5471038321630837,2.5904334841338623,6.984855087493986e-08
18.56,2.5893915699249455,2.5470385596192857,2.5902872371459313,7.014659105659665e-08
18.57,2.5896022596892396,2.5469746736506678,2.59013950282096,7.044613645247943e-08
18.580000000000002,2.5898130341680354,2.546912183906529,2.5899902832491195,7.074719695114059e-08
18.59,2.5900238815699788,2.54685109999442,2.5898395806161,7.10497824057207e-08
18.6,2.59023479005037,2.5467914314793854,2.5896873972034227,7.135390263102449e-08
18.61,2.5904457477116116,2.5467331878832065,2.589533735388743,7.165956740034788e-08
18.62,2.590656742603655,2.5466763786836446,2.589378597646153,7.196678644279742e-08
18.63,2.590867762724459,2.546621013313682,2.5892219865464763,7.227556944030716e-08
18.64,2.5910787960204456,2.5465671011607647,2.5890639047575617,7.258592602446571e-08
18.650000000000002,2.591289830386966,2.546514651566041,2.5889043550445714,7.289786577403388e-08
18.66,2.5915008536687685,2.5464636738236055,2.588743340270264,7.32113982115578e-08
18.67,2.59171185366047,2.5464141771797384,2.588580863395275,7.352653280067447e-08
18.68,2.591922818107034,2.5463661708321452,2.588416927478391,7.384327894298129e-08
18.69,2.5921337347042512,2.5463196639291987,2.5882515356768208,7.416164597520266e-08
18.7,2.5923445910992267,2.546274665569178,2.5880846912464612,7.448164316654085e-08
18.71,2.592555374890869,2.546231184799509,2.587916397542159,7.480327971531458e-08
18.72,2.592766073630386,2.5461892306160063,2.587746658017968,7.512656474634584e-08
18.73,2.5929766748217835,2.54614881196211,2.587575476227402,7.545150730805554e-08
18.740000000000002,2.593187165922369,2.54610993772813,2.587402855823681,7.577811636934893e-08
18.75,2.59339753434326,2.546072616750485,2.5872288005599757,7.610640081722017e-08
18.76,2.593607767449895,2.5460368578109427,2.587053314289646,7.643636945354478e-08
18.77,2.593817852562553,2.5460026696358615,2.586876400966474,7.676803099224327e-08
18.78,2.5940277769568714,2.5459700608954328,2.586698064644893,7.710139405693737e-08
18.79,2.594237527864374,2.5459390402029225,2.5865183094802124,7.74364671775528e-08
18.8,2.5944470924729996,2.5459096161139123,2.5863371397288355,7.777325878823054e-08
18.81,2.5946564579276368,2.545881797125544,2.586154559748474,7.811177722403711e-08
18.82,2.594865611330661,2.5458555916757613,2.5859705739983583,7.845203071857211e-08
18.830000000000002,2.5950745397424804,2.5458310081425557,2.585785187039441,7.879402740148293e-08
18.84,2.5952832301820794,2.5458080548432096,2.585598403534596,7.913777529529833e-08
18.85,2.595491669627572,2.545786740033542,2.585410228248813,7.94832823133594e-08
18.86,2.5956998450167577,2.5457670719071555,2.5852206660493873,7.983055625726194e-08
18.87,2.5959077432476807,2.545749058594681,2.585029721906101,8.017960481408788e-08
18.88,2.596115351179195,2.545732708163028,2.5848374008914057,8.05304355538878e-08
18.89,2.5963226556315306,2.5457180286146315,2.5846437081805917,8.088305592748407e-08
18.900000000000002,2.59652964338687,2.5457050278867026,2.5844486490519603,8.123747326407814e-08
18.91,2.596736301189922,2.545693713850479,2.584252228886984,8.159369476900137e-08
18.92,2.596942615748504,2.545684094310477,2.584054453170464,8.19517275209905e-08
18.93,2.597148573734128,2.5456761770037426,2.5838553274906846,8.231157847027249e-08
18.94,2.5973541617825884,2.5456699695991087,2.5836548575395577,8.267325443662593e-08
18.95,2.5975593664945578,2.545665479696448,2.583453049112765,8.303676210693524e-08
18.96,2.597764174436184,2.545662714825931,2.5832499081098934,8.340210803288471e-08
18.97,2.597968572139691,2.5456616824472835,2.583045440534566,8.376929862933249e-08
18.98,2.5981725461039877,2.545662389949046,2.5828396524945663,8.413834017245374e-08
18.990000000000002,2.598376082795276,2.5456648446478343,2.5826325502019567,8.45092387974025e-08
19.0,2.598579168647666,2.545669053787603,2.582424139973193,8.48820004968412e-08
19.01,2.598781790063795,2.545675024538909,2.582214428229231,8.525663111896924e-08
19.02,2.59898393341545,2.545682763998176,2.5820034214956302,8.563313636589262e-08
19.03,2.5991855850441934,2.545692279186964,2.5817911264026474,8.601152179214693e-08
19.04,2.599386731261996,2.5457035770512366,2.5815775496853295,8.639179280282435e-08
19.05,2.5995873583518687,2.5457166644606333,2.5813626981835966,8.67739546522761e-08
19.06,2.5997874525685054,2.5457315482077405,2.5811465788423225,8.715801244266393e-08
19.07,2.599987000138922,2.5457482350073684,2.580929198711405,8.75439711226445e-08
19.080000000000002,2.6001859872631052,2.5457667314958257,2.580710564945835,8.793183548608093e-08
19.09,2.6003844001146645,2.5457870442301997,2.5804906848057563,8.832161017091495e-08
19.1,2.6005822248414843,2.545809179687636,2.58026956565652,8.871329965800027e-08
19.11,2.6007794475663855,2.545833144264622,2.5800472149687357,8.910690827003412e-08
19.12,2.600976054387786,2.5458589442762722,2.57982364031831,8.950244017064488e-08
19.13,2.6011720313803695,2.5458865859556146,2.579598849386488,8.989989936361703e-08
19.14,2.6013673645957542,2.545916075452882,2.57937284995988,9.029928969230157e-08
19.150000000000002,2.6015620400631696,2.545947418834802,2.5791456499304872,9.070061483856306e-08
19.16,2.6017560437901324,2.5459806220838934,2.5789172572957195,9.110387832217655e-08
19.17,2.601949361763131,2.5460156910977623,2.578687680158408,9.15090835008029e-08
19.18,2.60214197994831,2.5460526316884007,2.5784569267268096,9.19162335692985e-08
19.19,2.6023338842921624,2.546091449581491,2.578225005314606,9.232533155927274e-08
19.2,2.60252506072222,2.546132150415707,2.577991924340896,9.273638033915783e-08
19.21,2.602715495147755,2.5461747397420256,2.577757692330185,9.31493826139975e-08
19.22,2.6029051734604787,2.546219223023034,2.5775223179123596,9.356434092535241e-08
19.23,2.603094081535247,2.5462656056322435,2.577285809822666,9.3981257651475e-08
19.240000000000002,2.6032822052307707,2.5463138928534055,2.577048176901674,9.440013500762111e-08
19.25,2.6034695303903272,2.5463640898798303,2.5768094280952387,9.482097504612032e-08
19.26,2.603656042842477,2.5464162018137095,2.5765695724544533,9.524377965677931e-08
19.27,2.6038417284017843,2.5464702336654392,2.5763286191355976,9.566855056765124e-08
19.28,2.60402657286954,2.546526190352949,2.5760865774000776,9.609528934559858e-08
19.29,2.6042105620344906,2.5465840767010337,2.57584345661436,9.65239973966222e-08
19.3,2.6043936816735673,2.5466438974406866,2.575599266249899,9.695467596721686e-08
19.31,2.6045759175526233,2.5467056572084372,2.575354015883057,9.738732614494472e-08
19.32,2.6047572554271694,2.5467693605456923,2.575107715195019,9.782194885963294e-08
19.330000000000002,2.6049376810431184,2.5468350118980796,2.5748603739716973,9.825854488468942e-08
19.34,2.6051171801375297,2.546902615614797,2.5746120021036356,9.869711483795081e-08
19.35,2.605295738439358,2.546972175947962,2.5743626095858985,9.913765918362957e-08
19.36,2.6054733416702067,2.547043697051967,2.574112206517959,9.958017823330991e-08
19.37,2.6056499755450835,2.5471171829828383,2.57386080310358,1.0002467214798515e-07
19.38,2.6058256257731607,2.5471926376975964,2.573608409650683,1.0047114093960169e-07
19.39,2.6060002780585383,2.547270065053624,2.5733550365712174,1.009195844727051e-07
19.400000000000002,2.6061739181010104,2.547349468808033,2.5731006943810177,1.0137000246689983e-07
19.41,2.606346531596835,2.5474308526170395,2.572845393699654,1.0182239449852185e-07
19.42,2.606518104239507,2.54751422003534,2.572589145250277,1.0227676000307863e-07
19.43,2.6066886217205383,2.5475995745154925,2.572331959859457,1.0273309827741137e-07
19.44,2.606858069730233,2.5476869194073024,2.5720738484570123,1.0319140848223318e-07
19.45,2.6070264339584757,2.54777625795721,2.571814822075833,1.0365168964480218e-07
19.46,2.6071937000955154,2.5478675933076853,2.5715548918516973,1.0411394066151366e-07
19.47,2.607359853832758,2.5479609284966234,2.571294069023079,1.0457816030063684e-07
19.48,2.6075248808635574,2.5480562664567477,2.571032364930951,1.050443472050634e-07
19.490000000000002,2.607688766884015,2.548153610015014,2.570769791018578,1.0551249989597441e-07
19.5,2.6078514975937783,2.5482529618920227,2.570506358831304,1.0598261677542988e-07
19.51,2.608013058696844,2.548354324701431,2.570242080016333,1.0645469612979963e-07
19.52,2.608173435902366,2.548457700949372,2.5699769663224994,1.0692873613336636e-07
19.53,2.6083326149254638,2.548563093033879,2.5697110296000347,1.0740473485159936e-07
19.54,2.6084905814880353,2.5486705032443124,2.5694442818003242,1.0788269024495415e-07
19.55,2.6086473213195744,2.548779933760793,2.5691767349756587,1.0836260017250245e-07
19.56,2.608802820157989,2.548891386653636,2.5689084012789754,1.0884446239598258e-07
19.57,2.608957063750423,2.549004863882797,2.568639292963595,1.0932827458374149e-07
19.580000000000002,2.609110037854082,2.549120367297314,2.568369422382948,1.0981403431498045e-07
19.59,2.6092617282370623,2.5492378986347624,2.5680988019902964,1.1030173908368242e-07
19.6,2.609412120679181,2.5493574595207065,2.5678274443384463,1.1079138630295155e-07
19.61,2.609561200972812,2.549479051468164,2.5675553620794536,1.1128297330988327e-07
19.62,2.609708954923721,2.5496026758770687,2.5672825679643205,1.1177649737016327e-07
19.63,2.609855368351908,2.5497283340337447,2.5670090748426873,1.1227195568241315e-07
19.64,2.61000042709245,2.5498560271103785,2.566734895662514,1.1276934538310929e-07
19.650000000000002,2.610144116996347,2.5499857561645016,2.566460043469755,1.132686635512716e-07
19.66,2.610286423931369,2.5501175221384753,2.5661845314080294,1.1376990721406367e-07
19.67,2.610427333782912,2.5502513258589823,2.565908372718276,1.142730733519882e-07
19.68,2.6105668324548494,2.550387168036523,2.565631580738409,1.1477815890332304e-07
19.69,2.6107049058703895,2.550525049264917,2.5653541689029606,1.152851607701227e-07
19.7,2.6108415399729377,2.550664970020809,2.565076150742718,1.1579407582356032e-07
19.71,2.610976720726957,2.5508069306631813,2.564797539884353,1.1630490090961634e-07
19.72,2.611110434118837,2.5509509314328724,2.564518350050042,1.1681763285454843e-07
19.73,2.6112426661577572,2.5510969724520987,2.564238595057079,1.1733226847081505e-07
19.740000000000002,2.611373402876563,2.551245053723983,2.563958288817483,1.1784880456307479e-07
19.75,2.6115026303326374,2.551395175132089,2.5636774453375946,1.1836723793380716e-07
19.76,2.6116303346087753,2.5515473364399615,2.5633960787176644,1.1888756538959909e-07
19.77,2.611756501814065,2.5517015372906697,2.5631142031514385,1.1940978374747612e-07
19.78,2.611881118084769,2.5518577772063606,2.56283183292573,1.1993388984104544e-07
19.79,2.6120041695852065,2.5520160555878135,2.562548982419986,1.2045988052680293e-07
19.8,2.612125642508641,2.552176371714004,2.5622656661058465,1.209877526907062e-07
19.81,2.612245523078169,2.5523387247416705,2.5619818985466947,1.215175032543352e-07
19.82,2.6123637975476095,2.55250311370489,2.5616976943972,1.2204912918201428e-07
19.830000000000002,2.6124804522024,2.552669537514658,2.5614130684028518,1.2258262748745455e-07
19.84,2.6125954733604915,2.5528379949584727,2.561128035399488,1.2311799524022292e-07
19.85,2.612708847373246,2.5530084846999292,2.560842610312812,1.2365522957285393e-07
19.86,2.6128205606263375,2.5531810052783155,2.5605568081579047,1.2419432768772204e-07
19.87,2.6129305995406558,2.553355555108218,2.5602706440387273,1.2473528686399763e-07
19.88,2.6130389505732103,2.55353213247913,2.559984133147616,1.2527810446470983e-07
19.89,2.613145600218038,2.5537107355550703,2.55969729076477,1.2582277794391683e-07
19.900000000000002,2.6132505350071136,2.5538913623742032,2.559410132257729,1.2636930485417132e-07
19.91,2.613353741511258,2.5540740108484696,2.559122673080845,1.269176828534756e-07
19.92,2.6134552063410568,2.5542586787632198,2.558834928774746,1.2746790971263365e-07
19.93,2.613554916147772,2.554445363776856,2.558546914965789,1.2801998332287482e-07
19.94,2.613652857624262,2.5546340634204805,2.558258647365509,1.2857390170281292e-07
19.95,2.6137490175059,2.554824775097548,2.557970141770057,1.2912966300659237e-07
19.96,2.6138433825714977,2.5550174960835275,2.5576814140596302,1.2968726553101517e-07
19.97,2.613935939644227,2.5552122235255696,2.5573924801978967,1.302467077229143e-07
19.98,2.6140266755925468,2.555408954442178,2.557103356231408,1.3080798818736445e-07
19.990000000000002,2.61411557733113,2.5556076857228915,2.5568140582890075,1.3137110569476856e-07
20.0,2.6142026318217937,2.5558084141279696,2.556524602581229,1.319360591889527e-07
20.01,2.614287826074429,2.556011136288086,2.5562350053996856,1.3250284779463195e-07
20.02,2.6143711471479345,2.556215848704028,2.5559452831164546,1.3307147082510602e-07
20.03,2.6144525821511517,2.5564225477464033,2.5556554521834505,1.336419277902464e-07
20.04,2.6145321182438,2.5566312296553537,2.555365529131792,1.342142184040959e-07
20.05,2.6146097426374153,2.5568418905402743,2.5550755305711594,1.3478834259285294e-07
20.06,2.614685442596289,2.557054526379541,2.554785473189147,1.3536430050230597e-07
20.07,2.61475920543841,2.5572691330202426,2.5544953737506026,1.359420925060654e-07
20.080000000000002,2.6148310185364068,2.557485706177924,2.554205249096964,1.3652171921325266e-07
20.09,2.6149008693184914,2.557704241436331,2.5539151161455838,1.3710318147592013e-07
20.1,2.6149687452694055,2.5579247342471656,2.5536249918890475,1.376864803974168e-07
20.11,2.6150346339313675,2.5581471799298465,2.5533348933944837,1.3827161733985135e-07
20.12,2.61509852290502,2.558371573671278,2.5530448378028665,1.3885859393211192e-07
20.13,2.6151603998503803,2.5585979105256262,2.552754842328308,1.3944741207733435e-07
20.14,2.6152202524877914,2.558826185414098,2.5524649242573463,1.4003807396073688e-07
20.150000000000002,2.6152780685988746,2.5590563931247337,2.55217510094822,1.4063058205758167e-07
20.16,2.6153338360274816,2.5592885283122015,2.551885389830142,1.4122493914034697e-07
20.17,2.6153875426806508,2.5595225854976014,2.551595808402557,1.4182114828704948e-07
20.18,2.615439176529562,2.559758559068276,2.551306374234399,1.4241921288837832e-07
20.19,2.615488725610494,2.5599964432776288,2.5510171049633334,1.4301913665515914e-07
20.2,2.615536178025782,2.560236232244948,2.5507280182949983,1.4362092362636956e-07
20.21,2.6155815219447773,2.560477919955239,2.5504391320022304,1.4422457817629417e-07
20.22,2.615624745604806,2.560721500259066,2.5501504639242896,1.448301050217262e-07
20.23,2.61566583731213,2.5609669668723956,2.549862031966071,1.4543750922981526e-07
20.240000000000002,2.6157047854429107,2.561214313376453,2.549573854097312,1.460467962250465e-07
20.25,2.6157415784441684,2.5614635332175824,2.549285948351788,1.4665797179632258e-07
20.26,2.615776204834748,2.561714619707117,2.5489983328265042,1.4727104210442168e-07
20.27,2.615808653206282,2.561967566021254,2.5487110256808765,1.4788601368877503e-07
20.28,2.6158389122241545,2.562222365200938,2.5484240451359055,1.485028934746277e-07
20.29,2.6158669706284687,2.562479010151754,2.548137409473343,1.4912168877991558e-07
20.3,2.6158928172350104,2.562737493643822,2.547851137034849,1.4974240732195295e-07
20.31,2.615916440936217,2.562997808311708,2.5475652462211436,1.5036505722382073e-07
20.32,2.615937830702141,2.563259946654332,2.547279755491149,1.5098964702171792e-07
20.330000000000002,2.6159569755814225,2.563523901034894,2.546994683361122,1.516161856710279e-07
20.34,2.615973864702252,2.563789663680797,2.546710048403784,1.5224468255215172e-07
20.35,2.615988487273341,2.564057226683588,2.546425869247438,1.5287514747766785e-07
20.36,2.616000832584892,2.5643265819988987,2.5461421645750804,1.5350759069790038e-07
20.37,2.6160108900095635,2.5645977214463973,2.5458589531235036,1.5414202290703843e-07
20.38,2.6160186490034434,2.5648706367097462,2.5455762536823925,1.5477845524910844e-07
20.39,2.616024099107014,2.5651453193365703,2.5452940850934125,1.5541689932357932e-07
20.400000000000002,2.6160272299461247,2.5654217607384293,2.5450124662492892,1.5605736719095824e-07
20.41,2.6160280312329593,2.5656999521907995,2.544731416092881,1.566998713783336e-07
20.42,2.616026492767006,2.5659798848330637,2.5444509536162445,1.573444248843158e-07
20.43,2.616022604436027,2.566261549668507,2.5441710978596914,1.5799104118468091e-07
20.44,2.616016356217027,2.5665449375643234,2.5438918679108387,1.5863973423736546e-07
20.45,2.6160077381772235,2.5668300392516255,2.543613282903649,1.5929051848668366e-07
20.46,2.6159967404750137,2.5671168453254665,2.543335362017468,1.5994340886837904e-07
20.47,2.615983353360946,2.567405346244867,2.5430581244760484,1.6059842081412798e-07
20.48,2.615967567178685,2.5676955323328507,2.5427815895465717,1.6125557025566797e-07
20.490000000000002,2.615949372365982,2.5679873937764883,2.54250577653866,1.619148736293121e-07
20.5,2.615928759455642,2.5682809206269477,2.542230704803378,1.6257634787907925e-07
20.51,2.61590571907649,2.568576102799552,2.5419563937322343,1.6324001046101977e-07
20.52,2.615880241954338,2.568872930073849,2.541682862756168,1.6390587934709983e-07
20.53,2.615852318912952,2.569171392093682,2.541410131344533,1.6457397302766082e-07
20.54,2.6158219408750147,2.5694714783672743,2.5411382190040714,1.6524431051530333e-07
20.55,2.615789098863093,2.569773178267319,2.540867145277883,1.6591691134717875e-07
20.56,2.615753784000601,2.5700764810310766,2.540596929744386,1.665917955882421e-07
20.57,2.6157159875127625,2.5703813757604794,2.540327592016268,1.6726898383368975e-07
20.580000000000002,2.6156757007275733,2.570687851422247,2.5400591517394355,1.6794849721080069e-07
20.59,2.6156329150767634,2.570995896848006,2.539791628591951,1.6863035738155236e-07
20.6,2.615587622096757,2.5713055007344208,2.5395250422829654,1.6931458654432506e-07
20.61,2.6155398134296304,2.571616651643329,2.5392594125516426,1.7000120743518914e-07
20.62,2.615489480824073,2.571929338001888,2.538994759166078,1.7069024332942068e-07
20.63,2.6154366161363427,2.572243548102726,2.53873110192221,1.7138171804284465e-07
20.64,2.6153812113312207,2.572559270104104,2.538468460642722,1.7207565593281547e-07
20.650000000000002,2.615323258482968,2.5728764920300837,2.538206855175941,1.7277208189829867e-07
20.66,2.615262749776278,2.5731952017707043,2.537946305394727,1.734710213805185e-07
20.67,2.615199677507228,2.5735153870821668,2.537686831195358,1.7417250036358126e-07
20.68,2.6151340340842304,2.573837035587026,2.5374284524964046,1.7487654537358875e-07
20.69,2.61506581202898,2.5741601347743903,2.5371711892376005,1.7558318347876144e-07
20.7,2.6149950039774037,2.5744846720001306,2.536915061378706,1.7629244228872268e-07
20.71,2.6149216026806035,2.574810634487095,2.536660088898365,1.7700434995339166e-07
20.72,2.6148456010058023,2.5751380093253338,2.5364062917929537,1.7771893516206242e-07
20.73,2.6147669919372856,2.5754667834723293,2.536153690075425,1.7843622714188922e-07
20.740000000000002,2.6146857685773415,2.5757969437532378,2.535902303774145,1.7915625565630145e-07
20.75,2.614601924147199,2.576128476861135,2.535652152931724,1.7987905100288938e-07
20.76,2.6145154519879656,2.5764613693572733,2.5354032576038392,1.8060464401075652e-07
20.77,2.6144263455615606,2.5767956076713423,2.535155637858055,1.8133306603876274e-07
20.78,2.614334598451648,2.5771311781017427,2.534909313772631,1.820643489722896e-07
20.79,2.6142402043645667,2.5774680668158636,2.53466430543533,1.8279852521979498e-07
20.8,2.614143157130258,2.5778062598503695,2.5344206329422163,1.8353562771014968e-07
20.81,2.614043450703192,2.5781457431114965,2.534178316396448,1.8427568988856026e-07
20.82,2.613941079163291,2.578486502375353,2.5339373759070636,1.8501874571242342e-07
20.830000000000002,2.613836036716849,2.578828523288232,2.533697831587764,1.8576482964738192e-07
20.84,2.6137283176974524,2.579171791366928,2.5334597035556867,1.8651397666268805e-07
20.85,2.613617916566894,2.5795162919990644,2.5332230119301737,1.8726622222633397e-07
20.86,2.6135048279160875,2.5798620104434273,2.5329877768315363,1.8802160229968814e-07
20.87,2.613389046465977,2.580208931830307,2.5327540183798116,1.8878015333246856e-07
20.88,2.6132705670684455,2.5805570411618484,2.532521756693513,1.8954191225694378e-07
20.89,2.6131493847072202,2.5809063233124085,2.532291011888378,1.9030691648151446e-07
20.900000000000002,2.613025494498774,2.581256763028923,2.5320618040761076,1.9107520388473688e-07
20.91,2.612898891693224,2.581608344931277,2.5318341533631,1.9184681280874424e-07
20.92,2.6127695716752295,2.5819610535126896,2.5316080798491813,1.9262178205198243e-07
20.93,2.6126375299648834,2.5823148731401,2.5313836036263293,1.9340015086228344e-07
20.94,2.612502762218602,2.582669788054566,2.5311607447773903,1.9418195892936973e-07
20.95,2.612365264230013,2.583025782371669,2.5309395233747947,1.9496724637657623e-07
20.96,2.612225031930837,2.5833828400819243,2.5307199594792635,1.9575605375334454e-07
20.97,2.612082061391769,2.5837409450512037,2.530502073138511,1.965484220268209e-07
20.98,2.6119363488233525,2.5841000810211625,2.5302858843859433,1.973443925724359e-07
20.990000000000002,2.6117878905768546,2.584460231609675,2.5300714132393507,1.9814400716519978e-07
21.0,2.611636683145135,2.5848213803112783,2.529858679699595,1.989473079710212e-07
21.01,2.61148272316351,2.585183510497624,2.529647703749294,1.997543375365779e-07
21.02,2.6113260074106157,2.585546605417937,2.529438505351498,2.005651387792581e-07
21.03,2.611166532809266,2.5859106481994822,2.529231104448363,2.0137975497719865e-07
21.04,2.6110042964273052,2.586275621848039,2.5290255209598222,2.02198229758973e-07
21.05,2.610839295478461,2.586641509248383,2.5288217747822466,2.0302060709280125e-07
21.06,2.6106715273231877,2.587008293164778,2.528619885787107,2.0384693127547142e-07
21.07,2.6105009894695095,2.587375956241471,2.5284198738196286,2.0467724692089114e-07
21.080000000000002,2.610327679573858,2.5877444810031993,2.528221758697442,2.0551159894835896e-07
21.09,2.610151595441906,2.5881138498557017,2.528025560209229,2.0635003257106099e-07
21.1,2.6099727350293973,2.5884840450862416,2.5278312981133677,2.0719259328397076e-07
21.11,2.609791096442969,2.588855048864133,2.5276389921365667,2.0803932685110712e-07
21.12,2.609606677940975,2.5892268432412773,2.527448661972503,2.08890279292903e-07
21.13,2.6094194779342987,2.5895994101527076,2.5272603272804517,2.0974549687368638e-07
21.14,2.609229494987167,2.589972731417139,2.5270740076839098,2.1060502608781605e-07
21.150000000000002,2.609036727817953,2.590346788737526,2.526889722769223,2.114689136463253e-07
21.16,2.608841175299982,2.5907215637016328,2.5267074920842014,2.1233720646381442e-07
21.17,2.608642836462324,2.591097037782602,2.5265273351367368,2.132099516437938e-07
21.18,2.6084417104905877,2.59147319233954,2.5263492713934137,2.1408719646477357e-07
21.19,2.608237796727707,2.5918500086181044,2.526173320278118,2.1496898836588862e-07
21.2,2.6080310946747214,2.5922274677511012,2.5259995011706415,2.1585537493204655e-07
21.21,2.607821603991554,2.592605550759088,2.525827833405285,2.1674640387877215e-07
21.22,2.6076093244977816,2.5929842385509856,2.525658336269455,2.1764212303735612e-07
21.23,2.6073942561734005,2.593363511924698,2.525491029002261,2.185425803397595e-07
21.240000000000002,2.607176399159587,2.5937433515677375,2.525325930793107,2.1944782380253403e-07
21.25,2.606955753759453,2.594123738057861,2.5251630607802813,2.2035790151101908e-07
21.26,2.606732320438794,2.5945046518637076,2.5250024380495426,2.2127286160373874e-07
21.27,2.606506099826834,2.5948860733454517,2.524844081632705,2.2219275225569048e-07
21.28,2.606277092716962,2.5952679827554563,2.5246880105062193,2.2311762166229985e-07
21.29,2.6060453000674664,2.595650360238938,2.524534243589751,2.2404751802282827e-07
21.3,2.6058107230022585,2.5960331858346364,2.5243827997447577,2.2498248952347544e-07
21.31,2.6055733628115947,2.5964164394754956,2.524233697773062,2.259225843206148e-07
21.32,2.60533322095279,2.596800100989347,2.5240869564154242,2.2686785052345906e-07
21.330000000000002,2.6050902990509273,2.5971841500996047,2.5239425943501113,2.2781833617672335e-07
21.34,2.6048445988995566,2.5975685664259633,2.523800630191465,2.2877408924362972e-07
21.35,2.604596122461393,2.5979533294851085,2.5236610824884664,2.297351575881995e-07
21.36,2.6043448718690048,2.59833841869143,2.523523969723301,2.3070158895730373e-07
21.37,2.6040908494254973,2.5987238133577457,2.52338931030992,2.3167343096297493e-07
21.38,2.603834057605188,2.5991094926960296,2.523257122592599,2.3265073106453868e-07
21.39,2.6035744990542775,2.59949543581815,2.523127424844499,2.336335365504573e-07
21.400000000000002,2.603312176591511,2.599881621736613,2.5230002352662226,2.3462189452030257e-07
21.41,2.603047093208835,2.600268029365314,2.52287557198437,2.3561585186615358e-07
21.42,2.6027792520720476,2.6006546375202952,2.5227534530500932,2.3661545525476082e-07
21.43,2.60250865652144,2.6010414249205143,2.5226338964376493,2.376207511087942e-07
21.44,2.6022353100724325,2.601428370188614,2.522516920042954,2.386317855879197e-07
21.45,2.6019592164162018,2.6018154518517034,2.5224025416821303,2.396486045710908e-07
21.46,2.601680379420304,2.6022026483421468,2.522290779090063,2.4067125363744607e-07
21.47,2.6013988031292867,2.6025899379983555,2.5221816499189456,2.416997780474783e-07
21.48,2.601114491765297,2.6029772990655906,2.5220751717368297,2.427342227247692e-07
21.490000000000002,2.6008274497286794,2.603364709696772,2.521971362026174,2.437746322370353e-07
21.5,2.6005376815985692,2.6037521479532932,2.5218702381823936,2.448210507771092e-07
21.51,2.600245192133475,2.6041395918058443,2.521771817512406,2.458735221447352e-07
21.52,2.599949986271856,2.604527019135242,2.52167611723318,2.46932089727313e-07
21.53,2.59965206913269,2.6049144077332658,2.521583154470283,2.4799679648150924e-07
21.54,2.5993514460160365,2.6053017353035033,2.521492946256428,2.490676849148073e-07
21.55,2.599048122403586,2.6056889794622,2.5214055095300236,2.501447970659818e-07
21.56,2.598742103959209,2.606076117739117,2.5213208611337183,2.5122817448679005e-07
21.57,2.59843339652949,2.6064631275783965,2.521239017812952,2.5231785822408806e-07
21.580000000000002,2.598122006144258,2.606849986339433,2.5211599962145033,2.534138888006004e-07
21.59,2.5978079390171067,2.6072366712977537,2.521083812885039,2.545163061964909e-07
21.6,2.597491201545907,2.6076231596459016,2.521010484269664,2.556251498314075e-07
21.61,2.5971718003133097,2.6080094284943303,2.520940026710473,2.5674045854618286e-07
21.62,2.596849742087243,2.6083954548723027,2.5208724564451015,2.5786227058413487e-07
21.63,2.596525033821398,2.6087812157287975,2.5208077896052794,2.589906235735172e-07
21.64,2.5961976826557076,2.6091666879334228,2.520746042215383,2.601255545099594e-07
21.650000000000002,2.595867695916816,2.6095518482773357,2.5206872301909926,2.612670997383839e-07
21.66,2.5955350811185385,2.6099366734741705,2.520631369337447,2.62415294934918e-07
21.67,2.5951998459623153,2.6103211401609707,2.5205784753484037,2.6357017509012025e-07
21.68,2.5948619983376537,2.6107052248991325,2.5205285638043966,2.6473177449200506e-07
21.69,2.594521546322561,2.6110889041753493,2.5204816501713982,2.659001267079431e-07
21.7,2.5941784981839704,2.611472154402568,2.520437749799383,2.670752645686283e-07
21.71,2.593832862378157,2.6118549519209493,2.5203968779208923,2.6825722015144586e-07
21.72,2.5934846475511426,2.612237272998836,2.5203590496496027,2.694460247637395e-07
21.73,2.593133862539095,2.6126190938337275,2.5203242799788934,2.706417089265464e-07
21.740000000000002,2.592780516368714,2.613000390553261,2.52029258378042,2.718443023588826e-07
21.75,2.5924246182576085,2.613381139216199,2.5202639758026875,2.7305383396222716e-07
21.76,2.592066177614668,2.613761315813426,2.5202384706696273,2.742703318047684e-07
21.77,2.591705204040418,2.6141408962689474,2.5202160828791778,2.7549382310635646e-07
21.78,2.591341707327372,2.6145198564409,2.520196826801865,2.7672433422381687e-07
21.79,2.5909756974603693,2.6148981721225657,2.520180716679389,2.7796189063645585e-07
21.8,2.5906071846169034,2.615275819043393,2.5201677666232114,2.7920651693175724e-07
21.81,2.5902361791674435,2.6156527728700265,2.5201579906131473,2.8045823679115526e-07
21.82,2.5898626916757417,2.6160290092073386,2.520151402495959,2.8171707297708795e-07
21.830000000000002,2.5894867328991333,2.6164045035994747,2.5201480159839558,2.829830473198723e-07
21.84,2.589108313788825,2.616779231530899,2.5201478446535934,2.8425618070405034e-07
21.85,2.588727445490174,2.6171531684274494,2.520150901944081,2.8553649305655844e-07
21.86,2.588344139342956,2.617526289657399,2.520157201155989,2.86824003334581e-07
21.87,2.5879584068816226,2.617898570532524,2.5201667554498632,2.8811872951407765e-07
21.88,2.5875702598355486,2.618269986309178,2.5201795778448406,2.8942068857849885e-07
21.89,2.5871797101292686,2.6186405121893728,2.5201956812172708,2.9072989650757026e-07
21.900000000000002,2.5867867698827025,2.6190101233218654,2.5202150782993415,2.9204636826707767e-07
21.91,2.5863914514113713,2.619378794803253,2.520237781677708,2.933701177988986e-07
21.92,2.5859937672266007,2.619746501679073,2.5202638037921274,2.947011580118237e-07
21.93,2.5855937300357144,2.6201132189449092,2.520293156934097,2.9603950077206215e-07
21.94,2.585191352742217,2.620478921547506,2.5203258532454984,2.973851568950513e-07
21.95,2.5847866484459634,2.620843584385889,2.5203619047172463,2.9873813613751797e-07
21.96,2.5843796304433213,2.621207182312489,2.520401323187941,3.0009844718928563e-07
21.97,2.583970312227318,2.6215696901342787,2.520444120342527,3.0146609766665806e-07
21.98,2.583558707487779,2.6219310826139077,2.5204903077109577,3.0284109410582054e-07
21.990000000000002,2.5831448301114537,2.6222913344708516,2.5205398966668637,3.042234419569565e-07
22.0,2.5827286941821295,2.6226504203825622,2.520592898426228,3.0561314557884185e-07
22.01,2.5823103139807357,2.6230083149856274,2.520649324046065,3.0701020823323535e-07
22.02,2.5818897039854347,2.623364992876934,2.5207091844231075,3.084146320813675e-07
22.03,2.5814668788717015,2.623720428614842,2.520772490292499,3.0982641817972175e-07
22.04,2.5810418535123922,2.624074596720359,2.5208392522264904,3.1124556647688944e-07
22.05,2.5806146429777996,2.6244274716783274,2.520909480633144,3.126720758113771e-07
22.06,2.580185262535698,2.624779027938612,2.520983185755044,3.1410594390873755e-07
22.07,2.5797537276513745,2.6251292399172987,2.5210603776680127,3.155471673809179e-07
22.080000000000002,2.579320053987651,2.6254780819978967,2.5211410662798337,3.1699574172522554e-07
22.09,2.5788842574048902,2.625825528532548,2.5212252613289805,3.184516613237031e-07
22.1,2.578446353960994,2.626171553843242,2.521312972383354,3.1991491944451136e-07
22.11,2.5780063599113836,2.6265161322230406,2.5214042088390234,3.213855082425122e-07
22.12,2.5775642917089745,2.6268592379373024,2.5214989799189786,3.2286341876043127e-07
22.13,2.5771201660041334,2.6272008452249196,2.521597294671886,3.243486409327354e-07
22.14,2.576673999644624,2.6275409282995588,2.5216991619708518,3.25841163587182e-07
22.150000000000002,2.5762258096755426,2.627879461350906,2.521804590512195,3.2734097444913753e-07
22.16,2.575775613339238,2.6282164185459225,2.521913588814226,3.2884806014670503e-07
22.17,2.575323428075221,2.628551774030102,2.5220261652160314,3.303624062147576e-07
22.18,2.5748692715200585,2.628885501928738,2.5221423278762707,3.318839971010768e-07
22.19,2.574413161507258,2.6292175763481938,2.5222620847719757,3.334128161729047e-07
22.2,2.5739551160671374,2.629547971377182,2.522385443697362,3.349488457247301e-07
22.21,2.573495153426681,2.629876661088048,2.5225124122626457,3.364920669853449e-07
22.22,2.5730332920093844,2.6302036195380616,2.5226429978928704,3.3804246012632766e-07
22.23,2.572569550435085,2.6305288207707105,2.52277720782674,3.3960000427224455e-07
22.240000000000002,2.57210394751978,2.6308522388170057,2.5229150491154617,3.4116467750991965e-07
22.25,2.5716365022754313,2.6311738476967887,2.523056528621598,3.4273645689953096e-07
22.26,2.5711672339097547,2.6314936214200473,2.523201653017924,3.4431531848678064e-07
22.27,2.570696161826,2.631811533988236,2.523350428786298,3.459012373139338e-07
22.28,2.570223305622714,2.632127559395603,2.523502862216537,3.474941874331472e-07
22.29,2.5697486850934927,2.6324416716305223,2.5236589594053034,3.49094141920518e-07
22.3,2.569272320226717,2.632753844676835,2.523818726255,3.507010728908419e-07
22.31,2.5687942312052767,2.633064052515192,2.523982168472674,3.52314951511885e-07
22.32,2.5683144384062824,2.633372269124407,2.5241492915689303,3.5393574802108767e-07
22.330000000000002,2.5678329624007588,2.6336784684828123,2.5243201008568548,3.555634317422206e-07
22.34,2.5673498239533292,2.633982624569623,2.5244946014509457,3.5719797110247494e-07
22.35,2.566865044021883,2.634284711366306,2.5246727982660566,3.5883933365070613e-07
22.36,2.5663786437572313,2.634584702857953,2.5248546960163476,3.604874860764652e-07
22.37,2.565890644502747,2.634882573034665,2.5250402992142464,3.6214239423020284e-07
22.38,2.5654010677939914,2.635178295892937,2.52522961216942,3.638040231428604e-07
22.39,2.564909935358326,2.6354718454370505,2.525422638987756,3.6547233704787315e-07
22.400000000000002,2.5644172691145117,2.635763195680474,2.5256193835703526,3.6714729940236325e-07
22.41,2.5639230911722932,2.636052320647266,2.5258198496125233,3.6882887291037903e-07
22.42,2.563427423831967,2.636339194373486,2.526024040602806,3.705170195463756e-07
22.43,2.562930289583939,2.636623790908612,2.526231959821987,3.7221170057873806e-07
22.44,2.5624317111082644,2.6369060843169607,2.526443610342133,3.739128765955048e-07
22.45,2.5619317112741737,2.637186048679117,2.526658995025635,3.75620507529388e-07
22.46,2.5614303131395864,2.6374636580933664,2.5268781165242635,3.773345526847894e-07
22.47,2.5609275399506064,2.637738886677136,2.527100977278232,3.7905497076444085e-07
22.48,2.560423415141007,2.6380117085684383,2.527327579515274,3.807817198968305e-07
22.490000000000002,2.5599179623316983,2.6382820979273234,2.527557925249731,3.8251475766604604e-07
22.5,2.55941120533018,2.638550028937335,2.5277920162816483,3.8425404114027444e-07
22.51,2.55890316812998,2.638815475806974,2.5280298541958865,3.859995269010821e-07
22.52,2.558393874910081,2.639078412771164,2.528271440361242,3.8775117107510284e-07
22.53,2.5578833500343254,2.6393388140927274,2.5285167759295772,3.895089293652764e-07
22.54,2.5573716180508126,2.639596654063864,2.528765861834967,3.912727570826558e-07
22.55,2.5568587036912764,2.639851907007636,2.529018698792852,3.930426091787434e-07
22.56,2.5563446318704504,2.6401045472794573,2.529275287299205,3.948184402793975e-07
22.57,2.5558294276854157,2.6403545492685923,2.529535627629712,3.966002047191177e-07
22.580000000000002,2.555313116414936,2.640601887399654,2.52979971983896,3.983878565754377e-07
22.59,2.5547957235187746,2.6408465361341142,2.5300675637596415,4.001813497038646e-07
22.6,2.5542772746370006,2.6410884699718142,2.5303391590017665,4.019806377743404e-07
22.61,2.5537577955892745,2.641327663452483,2.5306145049518918,4.0378567430784594e-07
22.62,2.553237312374123,2.6415640911572615,2.5308936007723575,4.0559641271297054e-07
22.63,2.552715851168197,2.6417977277102307,2.5311764454005385,4.074128063252672e-07
22.64,2.5521934383255105,2.642028547779946,2.531463037548109,4.092348084441741e-07
22.650000000000002,2.551670100376672,2.6422565260809776,2.5317533757003163,4.1106237237206907e-07
22.66,2.5511458640280926,2.6424816373754534,2.53204745811527,4.128954514540762e-07
22.67,2.550620756161184,2.642703856474611,2.5323452828232424,4.1473399911892635e-07
22.68,2.5500948038315374,2.6429231582403516,2.532646847625983,4.1657796891829084e-07
22.69,2.549568034268089,2.6431395175868024,2.532952150096042,4.184273145683095e-07
22.7,2.549040474872269,2.6433529094818806,2.5332611875761124,4.202819899920504e-07
22.71,2.5485121532171346,2.643563308948865,2.5335739571783793,4.2214194936043896e-07
22.72,2.5479830970464894,2.6437706910679726,2.5338904557838857,4.2400714713575066e-07
22.73,2.5474533342739836,2.6439750309779386,2.53421068004191,4.2587753811388015e-07
22.740000000000002,2.546922892982202,2.6441763038776034,2.5345346263693576,4.2775307746881134e-07
22.75,2.5463918014217324,2.6443744850275035,2.534862290950162,4.29633720795522e-07
22.76,2.5458600880102233,2.6445695497514676,2.535193669734705,4.315194241546626e-07
22.77,2.545327781331421,2.6447614734382183,2.535528758439245,4.334101441182989e-07
22.78,2.5447949101341916,2.644950231542977,2.535867552545362,4.35305837813418e-07
22.79,2.5442615033315312,2.6451357995890756,2.5362100472994134,4.372064629681714e-07
22.8,2.543727589999554,2.645318153169572,2.536556237712005,4.3911197795785603e-07
22.81,2.5431931993764696,2.6454972679488704,2.536906118557474,4.410223418502622e-07
22.82,2.542658360861541,2.6456731196643464,2.537259684373389,4.4293751445263117e-07
22.830000000000002,2.542123104014029,2.6458456841279774,2.537616929460057,4.4485745635863863e-07
22.84,2.5415874585521183,2.6460149372279766,2.537977847880051,4.467821289950204e-07
22.85,2.541051454351829,2.646180854930433,2.5383424334577493,4.4871149466775754e-07
22.86,2.540515121445912,2.646343413280953,2.538710679778883,4.5064551661095874e-07
22.87,2.539978490022728,2.6465025884063116,2.5390825801901067,4.525841590336931e-07
22.88,2.5394415904251093,2.646658356516103,2.5394581277985755,4.5452738716764776e-07
22.89,2.538904453149208,2.646810693904398,2.5398373154715395,4.5647516731506223e-07
22.900000000000002,2.538367108843326,2.646959576951406,2.5402201358359506,4.5842746689701036e-07
22.91,2.537829588306728,2.6471049821251413,2.540606581278085,4.6038425450103536e-07
22.92,2.537291922488443,2.6472468859830913,2.540996643943178,4.6234549992943674e-07
22.93,2.5367541424860427,2.6473852651738925,2.5413903157350735,4.643111742483864e-07
22.94,2.536216279544409,2.647520096439009,2.5417875883158874,4.662812498340069e-07
22.95,2.5356783650544843,2.6476513566144133,2.5421884531056853,4.682557004227906e-07
22.96,2.535140430552003,2.647779022632275,2.542592901282175,4.702345011592883e-07
22.97,2.5346025077162104,2.6479030715226504,2.543000923780412,4.722176286433628e-07
22.98,2.534064628368562,2.648023480415177,2.5434125112925186,4.7420506097897557e-07
22.990000000000002,2.533526824471409,2.648140226540773,2.54382765426742,4.7619677782214675e-07
23.0,2.5329891281266668,2.648253287233337,2.544246342910592,4.781927604288655e-07
23.01,2.532451571574466,2.6483626399314577,2.544668567183824,4.801929917024695e-07
23.02,2.5319141871917896,2.6484682621801205,2.545094316804996,4.821974562415368e-07
23.03,2.5313770074910913,2.6485701316324226,2.545523581247871,4.842061403873567e-07
23.04,2.5308400651188987,2.6486682260512895,2.545956349741899,4.862190322702065e-07
23.05,2.530303392854402,2.6487625233111958,2.546392611272039,4.882361218571065e-07
23.06,2.529767023608022,2.6488530013998886,2.5468323545785942,4.902574009975128e-07
23.07,2.529230990419967,2.6489396384201145,2.5472755681570574,4.922828634700109e-07
23.080000000000002,2.5286953264587697,2.6490224125913517,2.5477222402579778,4.943125050289628e-07
23.09,2.528160065019809,2.6491013022515424,2.5481723588868377,4.963463234484288e-07
23.1,2.527625239523816,2.6491762858588306,2.5486259118039447,4.983843185680121e-07
23.11,2.527090883515364,2.649247341993302,2.549082886524338,5.004264923376698e-07
23.12,2.52655703066134,2.6493144493587275,2.5495432703177086,5.024728488622656e-07
23.13,2.526023714749404,2.6493775867843086,2.550007050208338,5.045233944443276e-07
23.14,2.5254909696864276,2.6494367332264277,2.5504742129750437,5.065781376276046e-07
23.150000000000002,2.52495882949692,2.6494918677703985,2.5509447451511473,5.08637089240418e-07
23.16,2.5244273283214347,2.6495429696322215,2.5514186330244506,5.107002624371533e-07
23.17,2.5238965004149643,2.649590018160341,2.551895862637231,5.127676727390565e-07
23.18,2.523366380145315,2.649632992837405,2.5523764197862473,5.148393380768324e-07
23.19,2.5228370019914657,2.6496718732820272,2.5528602900227635,5.169152788293093e-07
23.2,2.522308400541914,2.6497066392505517,2.5533474586525835,5.189955178630645e-07
23.21,2.521780610493003,2.6497372706388207,2.553837910736104,5.210800805725324e-07
23.22,2.521253666647232,2.649763747483943,2.554331631088378,5.231689949161844e-07
23.23,2.5207276039115536,2.6497860499660653,2.5548286042791952,5.252622914549224e-07
23.240000000000002,2.520202457295654,2.6498041584101473,2.555328814633177,5.273600033888312e-07
23.25,2.5196782619102147,2.649818053287735,2.5558322462298846,5.294621665915359e-07
23.26,2.519155052965162,2.6498277152187395,2.55633888290394,5.315688196450806e-07
23.27,2.518632865767899,2.6498331249732163,2.556848708245165,5.336800038755846e-07
23.28,2.5181117357215195,2.6498342634731453,2.5573617055987334,5.357957633846111e-07
23.29,2.5175916983230113,2.6498311117942146,2.5578778580653347,5.379161450800849e-07
23.3,2.517072789161439,2.649823651167603,2.5583971485013546,5.400411987097437e-07
23.31,2.5165550439161124,2.6498118629817666,2.5589195595190706,5.421709768899511e-07
23.32,2.51603849835474,2.6497957287842264,2.559445073486859,5.443055351335623e-07
23.330000000000002,2.515523188331567,2.6497752302833546,2.559973672529418,5.464449318797902e-07
23.34,2.5150091497854956,2.6497503493501653,2.5605053385280057,5.485892285195607e-07
23.35,2.514496418738192,2.6497210680201047,2.5610400531206885,5.507384894212826e-07
23.36,2.5139850312921768,2.649687368494841,2.5615777977026086,5.528927819561488e-07
23.37,2.5134750236289,2.649649233144059,2.562118553426262,5.550521765205724e-07
23.38,2.5129664320068006,2.64960664450725,2.562662301201792,5.5721674655864e-07
23.39,2.512459292759351,2.649559585295509,2.5632090216972956,5.593865685829762e-07
23.400000000000002,2.5119536422930873,2.6495080383933245,2.5637586953391462,5.615617221944097e-07
23.41,2.5114495170856195,2.649451986860377,2.564311302312327,5.637422901004963e-07
23.42,2.5109469536836335,2.6493914139333308,2.5648668225607816,5.659283581319411e-07
23.43,2.510445988700873,2.649326303027631,2.5654252357877745,5.68120015258546e-07
23.44,2.5099466588161077,2.6492566377392976,2.56598652145627,5.703173536039839e-07
23.45,2.509449000771087,2.6491824018467214,2.5665506587893208,5.725204684585628e-07
23.46,2.508953051368477,2.649103579312458,2.567117626770474,5.747294582900477e-07
23.47,2.5084588474697864,2.6490201542850245,2.567687404144186,5.769444247544507e-07
23.48,2.5079664259932724,2.6489321111006916,2.5682599694162564,5.791654727050588e-07
23.490000000000002,2.507475823911836,2.648839434285279,2.568835300854272,5.813927101986714e-07
23.5,2.506987078250901,2.6487421085559495,2.569413376488065,5.83626248501678e-07
23.51,2.5065002260862785,2.6486401188229998,2.5699941741101853,5.858662020943633e-07
23.52,2.5060153045420166,2.6485334501916546,2.570577671276385,5.881126886733804e-07
23.53,2.5055323507882363,2.6484220879638563,2.571163845306118,5.903658291527087e-07
23.54,2.505051402038953,2.6483060176400555,2.571752673283052,5.92625747663304e-07
23.55,2.504572495549883,2.6481852249209994,2.5723441320555933,5.948925715506652e-07
23.56,2.504095668616236,2.6480596957095206,2.5729381982374253,5.971664313712472e-07
23.57,2.503620958570495,2.647929416112322,2.57353484820806,5.99447460887313e-07
23.580000000000002,2.50314840278018,2.647794372441761,2.574134058113404,6.017357970593884e-07
23.59,2.5026780386455982,2.647654551217635,2.5747358038663335,6.040315800375232e-07
23.6,2.5022099035975827,2.647509939168959,2.575340061147288,6.063349531515006e-07
23.61,2.5017440350952134,2.647360523235748,2.5759468054048718,6.086460628978864e-07
23.62,2.501280470623529,2.647206290570793,2.576556011856472,6.109650589261214e-07
23.63,2.500819247691221,2.6470472285414357,2.577167655488886,6.13292094023775e-07
23.64,2.5003604038283176,2.6468833247313417,2.577781711058965,6.156273240987685e-07
23.650000000000002,2.4999039765838518,2.6467145669422703,2.578398153094268,6.17970908159818e-07
23.66,2.499450003523518,2.6465409431958435,2.5790169558937284,6.203230082955781e-07
23.67,2.498998522227315,2.6463624417353104,2.579638093528335,6.226837896528104e-07
23.68,2.4985495702871763,2.6461790510273087,2.5802615398418234,6.250534204111502e-07
23.69,2.498103185304586,2.645990759763625,2.580887268451381,6.274320717566883e-07
23.7,2.497659404888183,2.6457975568629513,2.5815152527483627,6.298199178539084e-07
23.71,2.497218266651355,2.645599431472636,2.582145465899022,6.322171358162059e-07
23.72,2.496779808209814,2.645396372970436,2.5827778808452515,6.346239056739672e-07
23.73,2.496344067179165,2.6451883709662614,2.5834124703053356,6.370404103403847e-07
23.740000000000002,2.4959110811724607,2.644975415303918,2.5840492067747176,6.394668355768084e-07
23.75,2.4954808877977417,2.6447574960628457,2.584688062526776,6.419033699545736e-07
23.76,2.495053524655568,2.6445346035598547,2.5853290096136146,6.443502048161465e-07
23.77,2.4946290293365365,2.644306728350854,2.585972019866863,6.468075342346892e-07
23.78,2.4942074394187888,2.6440738612325796,2.586617064898492,6.492755549698621e-07
23.79,2.493788792465504,2.6438359932443154,2.587264116101634,6.517544664247914e-07
23.8,2.493373126022382,2.6435931156696117,2.5879131446514245,6.542444705982161e-07
23.81,2.4929604776151173,2.643345220037997,2.5885641215058466,6.567457720357943e-07
23.82,2.4925508847468576,2.6430922981266884,2.589217017406592,6.592585777807487e-07
23.830000000000002,2.4921443848956546,2.6428343419622915,2.5898718028799306,6.61783097321168e-07
23.84,2.4917410155119013,2.642571343822501,2.5905284482375945,6.643195425359751e-07
23.85,2.491340814015761,2.6423032962377935,2.5911869235776703,6.668681276388714e-07
23.86,2.490943817794584,2.6420301919931135,2.5918471987855036,6.694290691213243e-07
23.87,2.4905500642003138,2.6417520241295573,2.5925092435346158,6.720025856927705e-07
23.88,2.490159590546883,2.6414687859460475,2.5931730272876305,6.745888982182779e-07
23.89,2.4897724341076017,2.641180471001005,2.5938385192972113,6.771882296562128e-07
23.900000000000002,2.4893886321125307,2.6408870731140133,2.594505688607011,6.798008049932098e-07
23.91,2.4890082217458493,2.640588586367476,2.5951745040526295,6.824268511776178e-07
23.92,2.488631240143212,2.64028500510827,2.5958449342625878,6.850665970505531e-07
23.93,2.488257724389094,2.6399763239493894,2.596516947659305,6.877202732752215e-07
23.94,2.487887711514131,2.639662537771588,2.5971905124600934,6.903881122659381e-07
23.95,2.487521238492445,2.6393436417250093,2.5978655966781585,6.930703481131367e-07
23.96,2.487158342238966,2.6390196312308114,2.598542168123613,6.957672165080759e-07
23.97,2.4867990596067417,2.6386905019827873,2.599220194404499,6.984789546665136e-07
23.98,2.4864434273842395,2.638356249948975,2.5998996429278236,7.012058012488372e-07
23.990000000000002,2.4860914822926388,2.638016871373263,2.6005804809005997,7.03947996279361e-07
24.0,2.4857432609831176,2.637672362776984,2.6012626753309025,7.067057810650372e-07
24.01,2.485398800034129,2.637322720960506,2.6019461930289327,7.094793981105759e-07
24.02,2.485058135948671,2.636967943004813,2.6026310006080906,7.122690910339977e-07
24.03,2.484721305151545,2.6366080262730773,2.603317064486061,7.150751044790694e-07
24.04,2.4843883439866126,2.6362429684122244,2.604004350885907,7.178976840263465e-07
24.05,2.4840592887140405,2.6358727673544897,2.604692825837174,7.20737076103537e-07
24.060000000000002,2.4837341755075406,2.6354974213189672,2.6053824551770037,7.235935278940491e-07
24.07,2.4834130404516013,2.635116928813148,2.606073204551257,7.264672872444925e-07
24.080000000000002,2.4830959195387132,2.6347312886344523,2.6067650394156496,7.293586025685841e-07
24.09,2.482782848666589,2.6343404998717497,2.6074579250368917,7.322677227526532e-07
24.1,2.4824738636353736,2.6339445619068735,2.608151826493843,7.351948970588939e-07
24.11,2.4821690001448538,2.6335434744161232,2.608846708678674,7.381403750248878e-07
24.12,2.4818682937916563,2.633137237371759,2.6095425362980373,7.411044063653038e-07
24.13,2.481571780066443,2.6327258510434866,2.6102392738742477,7.440872408704925e-07
24.14,2.481279494351101,2.6323093159999313,2.6109368857464736,7.470891283034423e-07
24.150000000000002,2.480991471915926,2.6318876331101038,2.6116353360719353,7.501103182972028e-07
24.16,2.4807077479168003,2.6314608035448552,2.612334588827115,7.531510602499617e-07
24.17,2.4804283573923684,2.631028828778321,2.613034607808972,7.56211603219205e-07
24.18,2.480153335261205,2.6305917105893553,2.6137353566361727,7.592921958151173e-07
24.19,2.4798827163189805,2.630149451062956,2.614436798750325,7.623930860913762e-07
24.2,2.479616535235622,2.6297020525916777,2.615138897417222,7.655145214381127e-07
24.21,2.4793548265524694,2.629249517877032,2.6158416157280975,7.686567484718892e-07
24.22,2.4790976246794285,2.628791849930882,2.6165449166008887,7.718200129238602e-07
24.23,2.4788449638921217,2.62832905207682,2.617248762781507,7.750045595298591e-07
24.240000000000002,2.4785968783290326,2.627861127951537,2.6179531168451184,7.78210631916788e-07
24.25,2.4783534019886506,2.6273880815061808,2.6186579411974336,7.81438472489651e-07
24.26,2.4781145687266113,2.626909917007701,2.6193631980760044,7.84688322319015e-07
24.27,2.4778804122528335,2.626426639040183,2.6200688495515316,7.879604210258254e-07
24.28,2.477650966128656,2.6259382525061703,2.620774857529179,7.91255006666612e-07
24.29,2.4774262637639706,2.6254447626279735,2.6214811837498986,7.945723156177344e-07
24.3,2.4772063384143546,2.624946174948969,2.6221877897917607,7.979125824600234e-07
24.310000000000002,2.4769912231782,2.6244424953348826,2.622894637071297,8.01276039861969e-07
24.32,2.4767809509938434,2.623933729975063,2.623601686844849,8.046629184625163e-07
24.330000000000002,2.4765755546366943,2.6234198853837416,2.6243089002099245,8.080734467553996e-07
24.34,2.4763750667163613,2.622900968401278,2.6250162381065665,8.115078509704669e-07
24.35,2.4761795196737793,2.622376986195394,2.625723661318725,8.14966354956571e-07
24.36,2.4759889457783357,2.621847946262395,2.6264311304756416,8.184491800644975e-07
24.37,2.475803377124997,2.6213138564283756,2.6271386060532405,8.219565450278181e-07
24.38,2.4756228456314355,2.620774724850414,2.627846048375527,8.254886658464465e-07
24.39,2.4754473830351564,2.62023056001775,2.628553417615997,8.29045755669092e-07
24.400000000000002,2.475277020890626,2.619681370752952,2.629260673799052,8.326280246740257e-07
24.41,2.4751117905664,2.619127166213068,2.6299677768014234,8.36235679953182e-07
24.42,2.4749517232422544,2.618567955890764,2.630674686353606,8.398689253943697e-07
24.43,2.4747968499063178,2.6180037496154447,2.631381362041297,8.435279615646682e-07
24.44,2.4746472013522047,2.617434557554364,2.6320877633068482,8.472129855933607e-07
24.45,2.4745028081761524,2.616860390213717,2.632793849450719,8.50924191055973e-07
24.46,2.4743637007741577,2.6162812584397206,2.6334995796329452,8.546617678592334e-07
24.47,2.4742299093391202,2.615697173419676,2.6342049128746106,8.584259021253425e-07
24.48,2.4741014638579846,2.615108146683017,2.634909808059329,8.622167760783304e-07
24.490000000000002,2.4739783941088898,2.6145141901023443,2.6356142239347355,8.660345679292271e-07
24.5,2.473860729658319,2.613915315894442,2.6363181191139815,8.698794517637354e-07
24.51,2.473748499858254,2.6133115366212807,2.637021452077243,8.737515974309476e-07
24.52,2.4736417338433356,2.6127028651910025,2.637724181173235,8.776511704308031e-07
24.53,2.4735404605280262,2.612089314858892,2.6384262646207324,8.815783318045356e-07
24.54,2.4734447086037776,2.6114708992283298,2.6391276605101015,8.855332380253285e-07
24.55,2.4733545065362046,2.6108476322517307,2.6398283268048384,8.895160408908342e-07
24.560000000000002,2.4732698825622634,2.6102195282314637,2.640528221343116,8.935268874157723e-07
24.57,2.473190864687436,2.6095866018207587,2.6412273018393395,8.975659197260163e-07
24.580000000000002,2.4731174806829195,2.608948868024592,2.6419255258857084,9.016332749555496e-07
24.59,2.473049758082822,2.6083063422005583,2.642622850953789,9.057290851422847e-07
24.6,2.472987724181366,2.607659040059725,2.6433192343960936,9.098534771277697e-07
24.61,2.472931406030096,2.607006977667466,2.644014633447668,9.140065724570433e-07
24.62,2.4728808304350984,2.606350171444284,2.6447090052276883,9.181884872801854e-07
24.63,2.472836023954221,2.605688638166611,2.6454023067410652,9.223993322564733e-07
24.64,2.472797012894307,2.6050223949675897,2.646094494880056,9.2663921245863e-07
24.650000000000002,2.472763823308434,2.6043514593378427,2.6467855264258864,9.3090822728165e-07
24.66,2.472736480993162,2.6036758491262177,2.647475358050379,9.352064703511876e-07
24.67,2.472715011485789,2.602995582540518,2.6481639463175926,9.395340294331008e-07
24.68,2.472699440061617,2.602310678148214,2.648851247685466,9.438909863480665e-07
24.69,2.4726897917312245,2.6016211548771357,2.649537218507474,9.482774168875391e-07
24.7,2.4726860912377537,2.6009270320161457,2.6502218150342904,9.526933907301311e-07
24.71,2.472688363054201,2.600228329215796,2.65090499341546,9.571389713611915e-07
24.72,2.472696631380723,2.5995250664889626,2.6515867097010766,9.616142159954181e-07
24.73,2.472710920141949,2.598817264211464,2.6522669198434743,9.661191755016402e-07
24.740000000000002,2.472731252984308,2.5981049431226575,2.6529455796989225,9.706538943291425e-07
24.75,2.472757653273363,2.5973881243260184,2.6536226450293334,9.752184104378793e-07
24.76,2.472790144091159,2.5966668292896986,2.6542980715039763,9.798127552307836e-07
24.77,2.4728287482335816,2.5959410798470652,2.6549718147012005,9.844369534877889e-07
24.78,2.4728734882077297,2.59521089819722,2.6556438301101677,9.89091023304539e-07
24.79,2.4729243862292964,2.5944763069054977,2.6563140731325934,9.937749760330997e-07
24.8,2.4729814642199672,2.5937373289039454,2.656982499084497,9.984888162242822e-07
24.810000000000002,2.4730447438048264,2.5929939874917807,2.65764906319796,1.0032325415745265e-06
24.82,2.473114246309781,2.59224630633583,2.6583137206228944,1.0080061428766795e-06
24.830000000000002,2.473189992758995,2.591494309470944,2.65897642642882,1.012809603971077e-06
24.84,2.473272003872341,2.590738021300397,2.65963713560665,1.017642901701927e-06
24.85,2.47336030006286,2.589977466596259,2.6602958030704866,1.0225060058756737e-06
24.86,2.4734549014342426,2.5892126704997533,2.660952383659425,1.027398879224338e-06
24.87,2.4735558277783203,2.588443658521587,2.661606832139369,1.032321477371821e-06
24.88,2.473663098572574,2.587670456542263,2.6622591032048515,1.0372737488012322e-06
24.89,2.473776732977656,2.586893090812371,2.66290915148087,1.0422556348283236e-06
24.900000000000002,2.47389674983493,2.586111587952855,2.663556931524727,1.047267069577641e-06
24.91,2.474023167664026,2.5853259749552606,2.6642023978278813,1.052307979962937e-06
24.92,2.4741560046604105,2.584536279181958,2.6648455048178117,1.0573782856698814e-06
24.93,2.4742952786929755,2.5837425283663453,2.6654862068598857,1.0624778991433567e-06
24.94,2.4744410073016425,2.582944750613028,2.666124458259241,1.0676067255792637e-06
24.95,2.4745932076949844,2.5821429743979767,2.6667602132626778,1.0727646629181484e-06
24.96,2.4747518967478657,2.5813372285686613,2.6673934260605563,1.0779516018437975e-06
24.97,2.474917090999099,2.5805275423441643,2.6680240507887096,1.0831674257872785e-06
24.98,2.4750888066491212,2.5797139453152687,2.6686520415303643,1.0884120109327901e-06
24.990000000000002,2.475267059557687,2.5788964674445247,2.66927735231807,1.093685226227603e-06
25.0,2.475451865241581,2.578075139066293,2.669899937135641,1.0989869333980694e-06
25.01,2.475643238872351,2.5772499908867625,2.6705197499201083,1.1043169869674772e-06
25.02,2.4758411952740573,2.5764210539839496,2.6711367445636798,1.1096752342787919e-06
25.03,2.4760457489210443,2.575588359807668,2.671750874915713,1.1150615155228162e-06
25.04,2.476256913935731,2.574751940179478,2.672362094784698,1.1204756637700356e-06
25.05,2.4764747040864212,2.573911827292611,2.67297035794025,1.1259175050051127e-06
25.060000000000002,2.4766991327851366,2.573068053711872,2.6735756181151142,1.13138685816781e-06
25.07,2.4769302130854673,2.5722206523735127,2.6741778290071796,1.1368835351965948e-06
25.080000000000002,2.477167957680445,2.571369656585087,2.6747769442815046,1.1424073410779005e-06
25.09,2.477412378900438,2.570515100025276,2.6753729175723535,1.1479580739000783e-06
25.1,2.4776634887110687,2.5696570167436925,2.675965702485244,1.1535355249105055e-06
25.11,2.4779212987111503,2.5687954411606584,2.6765552525990057,1.159139478577635e-06
25.12,2.4781858201306477,2.5679304080669585,2.6771415214678504,1.164769712657458e-06
25.13,2.4784570638286607,2.567061952623568,2.6777244626234515,1.1704259982660106e-06
25.14,2.4787350402914305,2.566190110361355,2.678304029577037,1.1761080999539955e-06
25.150000000000002,2.479019759630367,2.5653149171807597,2.678880175821494,1.1818157757873192e-06
25.16,2.4793112315801027,2.564436409351445,2.679452854833483,1.1875487774321586e-06
25.17,2.4796094654965666,2.5635546235119233,2.6800220200755644,1.1933068502440077e-06
25.18,2.4799144703550864,2.562669596669158,2.680587624998337,1.1990897333625244e-06
25.19,2.4802262547485108,2.561781366198138,2.681149623042589,1.204897159811116e-06
25.2,2.4805448268853576,2.560889969841424,2.6817079676414592,1.2107288565984158e-06
25.21,2.4808701945879874,2.5599954457086747,2.68226261222261,1.216584544827483e-06
25.22,2.4812023652908017,2.55909783227614,2.682813510210415,1.2224639398076386e-06
25.23,2.4815413460384645,2.5581971683861333,2.683360615028156,1.228366751172736e-06
25.240000000000002,2.4818871434841525,2.557293493246472,2.683903880100232,1.2342926830034307e-06
25.25,2.4822397638878284,2.5563868464298958,2.684443258854383,1.2402414339511242e-06
25.26,2.4825992131145407,2.555477267873455,2.6849787047239233,1.2462126973732974e-06
25.27,2.4829654966327515,2.554564797877874,2.685510171149989,1.2522061614666428e-06
25.28,2.483338619512687,2.553649477106885,2.686037611583797,1.2582215094066509e-06
25.29,2.483718586424719,2.552731346586538,2.6865609794889167,1.2642584194958996e-06
25.3,2.4841054016377697,2.55181044770448,2.687080228343554,1.2703165653107107e-06
25.310000000000002,2.484499069017745,2.5508868222092076,2.6875953116428497,1.276395615855916e-06
25.32,2.4848995920259958,2.5499605122092945,2.6881061829011865,1.282495235725433e-06
25.330000000000002,2.485306973717807,2.5490315601725873,2.688612795654515,1.2886150852631401e-06
25.34,2.485721216740911,2.548100008925375,2.6891151034626866,1.2947548207314433e-06
25.35,2.4861423233340343,2.547165901651531,2.6896130599118013,1.3009140944838875e-06
25.36,2.486570295325468,2.5462292818916263,2.690106618616572,1.307092555140364e-06
25.37,2.4870051341316697,2.5452901935420154,2.690595733222695,1.3132898477694813e-06
25.38,2.4874468407558905,2.54434868085389,2.691080357409241,1.319505614073292e-06
25.39,2.487895415786836,2.54340478843231,2.691560444891052,1.3257394925764504e-06
25.400000000000002,2.4883508593973507,2.5424585612352,2.6920359494211588,1.3319911188204294e-06
25.41,2.4888131713431356,2.5415100445723215,2.692506824793205,1.3382601255616418e-06
25.42,2.4892823509614934,2.540559284104213,2.6929730248438903,1.3445461429735105e-06
25.43,2.4897583971701036,2.539606325841102,2.6934345034554212,1.3508487988521669e-06
25.44,2.4902413084658277,2.538651216141789,2.6938912145579805,1.3571677188270014e-06
25.45,2.490731082923543,2.5376940017125,2.694343112132207,1.3635025265766655e-06
25.46,2.491227718195008,2.5367347296057097,2.6947901502116904,1.3698528440454326e-06
25.47,2.491731211507759,2.5357734472189377,2.6952322828854784,1.3762182916650664e-06
25.48,2.492241559664033,2.5348102022935124,2.695669464300599,1.3825984885819433e-06
25.490000000000002,2.492758759039724,2.5338450429133053,2.6961016486645946,1.3889930528859587e-06
25.5,2.4932828055833736,2.532878017503436,2.696528790248071,1.3954016018450138e-06
25.51,2.493813694815182,2.531909174828947,2.6969508433872598,1.4018237521404148e-06
25.52,2.494351421826063,2.530938563993448,2.697367762486596,1.4082591201079396e-06
25.53,2.4948959812767195,2.529966234437729,2.6977795020213056,1.4147073219807652e-06
25.54,2.495447367396756,2.528992235938347,2.6981860165400104,1.4211679741382814e-06
25.55,2.496005573983821,2.528016618606175,2.6985872606673467,1.4276406933561166e-06
25.560000000000002,2.49657059440278,2.527039432884927,2.698983189106595,1.434125097057989e-06
25.57,2.4971424215849214,2.526060729549647,2.6993737566423257,1.440620803573924e-06
25.580000000000002,2.4977210480271936,2.5250805597051738,2.699758918143059,1.4471274323990915e-06
25.59,2.498306465791474,2.524098974784566,2.7001386285639364,1.4536446044563665e-06
25.6,2.4988986665038695,2.523116026547503,2.700512842949409,1.4601719423630672e-06
25.61,2.499497641354049,2.522131767078651,2.700881516435938,1.4667090706970392e-06
25.62,2.500103381094609,2.5211462487859992,2.7012446042547076,1.473255616266323e-06
25.63,2.50071587604047,2.5201595243991632,2.7016020617343557,1.479811208384172e-06
25.64,2.501335116068306,2.519171646967659,2.7019538443037145,1.4863754791439718e-06
25.650000000000002,2.501961090616007,2.5181826698591427,2.7022999074945684,1.492948063696199e-06
25.66,2.50259378868217,2.5171926467576196,2.7026402069444213,1.499528600527492e-06
25.67,2.503233198825629,2.5162016316616223,2.7029746983992835,1.506116731742789e-06
25.68,2.5038793091650122,2.5152096788823552,2.703303337716467,1.5127121033490808e-06
25.69,2.504532107378332,2.5142168430418077,2.703626080867397,1.5193143655399243e-06
25.7,2.5051915807026113,2.513223179070835,2.703942883940439,1.525923172983552e-06
25.71,2.505857715933538,2.5122287422072063,2.7042537031437357,1.532538185109658e-06
25.72,2.5065304994251556,2.5112335879936216,2.704558494808059,1.5391590663990569e-06
25.73,2.5072099170895834,2.5102377722756946,2.7048572153896777,1.5457854866757048e-06
25.740000000000002,2.507895954396772,2.509241351199904,2.705149821473236,1.5524171213977477e-06
25.75,2.5085885963742887,2.508244381211512,2.7054362697746477,1.5590536519521755e-06
25.76,2.50928782760714,2.5072469190524487,2.705716517144001,1.5656947659449485e-06
25.77,2.509993632237621,2.5062490217591664,2.7059905205684807,1.5723401574978322e-06
25.78,2.510705993965202,2.5052507466604585,2.7062582371752995,1.5789895275442202e-06
25.79,2.511424896046444,2.5042521513752454,2.706519624234646,1.5856425841221619e-06
25.8,2.5121503212949516,2.5032532938103285,2.7067746391626444,1.5922990426712708e-06
25.810000000000002,2.512882252081354,2.5022542321581107,2.7070232395243274,1.5989586263275723e-06
25.82,2.51362067033332,2.501255024894283,2.707265383036622,1.605621066218236e-06
25.830000000000002,2.514365557535606,2.5002557307754785,2.7075010275713485,1.612286101758096e-06
25.84,2.515116894730136,2.4992564088368914,2.7077301311582325,1.618953480944234e-06
25.85,2.515874662516115,2.498257118389865,2.70795265198793,1.6256229606497624e-06
25.86,2.5166388410501717,2.497257919019444,2.7081685484150646,1.632294306917351e-06
25.87,2.517409410046537,2.496258870581893,2.708377778961277,1.6389672952516524e-06
25.88,2.518186348777253,2.4952600332021833,2.7085803023182873,1.645641710911673e-06
25.89,2.5189696360724136,2.4942614672714445,2.7087760773509717,1.6523173492002676e-06
25.900000000000002,2.5197592503204382,2.4932632334443814,2.7089650631004476,1.6589940157543639e-06
25.91,2.5205551694683765,2.492265392636658,2.7091472187871735,1.6656715268302996e-06
25.92,2.521357371022245,2.4912680060222487,2.70932250381406,1.672349709590147e-06
25.93,2.5221658320473956,2.490271135030753,2.7094908777695945,1.6790284023883816e-06
25.94,2.522980529168917,2.4892748413446775,2.7096523004309736,1.6857074550499492e-06
25.95,2.5238014385720646,2.4882791868966834,2.7098067317672516,1.6923867291507767e-06
25.96,2.5246285360027234,2.4872842338668,2.709954131942498,1.6990660982974445e-06
25.97,2.525461796767903,2.486290044679603,2.710094461318967,1.7057454483973916e-06
25.98,2.526301195736262,2.485296682001361,2.7102276804602763,1.7124246779326592e-06
25.990000000000002,2.527146707338663,2.4843042087371447,2.7103537501346024,1.7191036982308434e-06
26.0,2.5279983055687603,2.4833126880279024,2.7104726313178795,1.7257824337286361e-06
26.01,2.5288559639836174,2.4823221832475024,2.7105842851970143,1.7324608222339265e-06
26.02,2.5297196557043535,2.4813327579997404,2.7106886731731095,1.7391388151855702e-06
26.03,2.5305893534168216,2.4803444761153113,2.710785756864697,1.7458163779088044e-06
26.04,2.531465029372316,2.479357401648748,2.710875498110984,1.7524934898665634e-06
26.05,2.5323466553883103,2.4783715988753237,2.7109578589751053,1.7591701449079083e-06
26.060000000000002,2.5332342028492247,2.477387132287922,2.711032801747388,1.7658463515093603e-06
26.07,2.534127642707223,2.4764040665938722,2.711100288948625,1.772522133015236e-06
26.080000000000002,2.535026945483037,2.475422466711746,2.7111602833333595,1.7791975278719877e-06
26.09,2.5359320812668233,2.474442397768126,2.7112127478931747,1.7858725898581478e-06
26.1,2.5368430197190466,2.4734639250943324,2.711257645859997,1.7925473883083642e-06
26.11,2.5377597300713908,2.4724871142231235,2.7112949407094056,1.7992220083342522e-06
26.12,2.538682181127702,2.471512030885352,2.711324596163952,1.8058965510383454e-06
26.13,2.539610341264955,2.470538741006596,2.7113465761964854,1.8125711337219224e-06
26.14,2.5405441784342524,2.469567310703747,2.7113608450334894,1.8192458900910492e-06
26.150000000000002,2.5414836601618465,2.468597806281569,2.711367367158425,1.8259209704521788e-06
26.16,2.5424287535501926,2.467630294229222,2.711366107315081,1.832596541904942e-06
26.17,2.543379425279028,2.4666648412167484,2.711357030510933,1.839272788527657e-06
26.18,2.5443356416064753,2.465701514091526,2.711340102020508,1.8459499115561407e-06
26.19,2.5452973683701785,2.4647403798746885,2.7113152873887585,1.8526281295571746e-06
26.2,2.546264570988458,2.4637815057575088,2.7112825524344406,1.8593076785941255e-06
26.21,2.547237214461497,2.4628249590977482,2.7112418632535005,1.8659888123863788e-06
26.22,2.5482152633725503,2.461870807415973,2.711193186222466,1.8726718024637405e-06
26.23,2.5491986818891825,2.4609191183918333,2.711136488001846,1.8793569383083312e-06
26.240000000000002,2.550187433764526,2.4599699598603118,2.7110717355395315,1.8860445274941443e-06
26.25,2.5511814823385675,2.459023399807933,2.7109988960742077,1.8927348958197298e-06
26.26,2.55218079053946,2.458079506368944,2.7109179371387673,1.8994283874267307e-06
26.27,2.553185320884854,2.457138347821454,2.7108288265637293,1.9061253649182872e-06
26.28,2.5541950354832577,2.456199992583547,2.7107315324806636,1.9128262094662457e-06
26.29,2.555209896035419,2.4552645092093552,2.710626023325619,1.9195313209072465e-06
26.3,2.556229863835729,2.4543319663851,2.710512267842556,1.926241117836316e-06
26.310000000000002,2.5572548997736506,2.453402432925099,2.710390235086783,1.9329560376892354e-06
26.32,2.5582849643351704,2.4524759777677385,2.710259894428394,1.9396765368136283e-06
26.330000000000002,2.5593200176042683,2.4515526699714143,2.7101212155557164,1.9464030905372752e-06
26.34,2.5603600192644147,2.450632578710435,2.7099741684787504,1.9531361932247503e-06
26.35,2.5614049286000857,2.449715773270894,2.709818723532622,1.9598763583212284e-06
26.36,2.5624547044983,2.448802323046509,2.709654851381033,1.9666241183929974e-06
26.37,2.563509305450177,2.447892297534425,2.709482523019711,1.9733800251575527e-06
26.38,2.5645686895525164,2.4469857663309873,2.7093017097798677,1.9801446495020262e-06
26.39,2.5656328145093954,2.4460827991274767,2.7091123833316515,1.9869185814918703e-06
26.400000000000002,2.5667016376337872,2.445183465705817,2.708914515687607,1.9937024303744337e-06
26.41,2.5677751158491997,2.444287835934245,2.7087080792061298,2.0004968245693083e-06
26.42,2.5688532056913314,2.4433959797629496,2.7084930465949273,2.007302411646666e-06
26.43,2.569935863309746,2.442507967219678,2.7082693909144746,2.0141198583000828e-06
26.44,2.571023044469567,2.4416238684053098,2.7080370855814744,2.0209498503085154e-06
26.45,2.572114704553189,2.4407437534893965,2.707796104372313,2.0277930924863136e-06
26.46,2.573210798562006,2.4398676927056706,2.707546421426518,2.0346503086223515e-06
26.47,2.574311281118156,2.438995756347522,2.707288011250212,2.0415222414124207e-06
26.48,2.5754161064662866,2.438128014763442,2.7070208487195693,2.0484096523773612e-06
26.490000000000002,2.5765252284753304,2.437264538352435,2.706744909084265,2.0553133217728875e-06
26.5,2.5776386006403023,2.4364053975594007,2.706460167970926,2.062234048489096e-06
26.51,2.578756176084108,2.435550662870481,2.7061666013865793,2.0691726499354837e-06
26.52,2.57987790755937,2.434700404808379,2.7058641857220955,2.0761299619204415e-06
26.53,2.581003747450268,2.433854693927646,2.70555289775563,2.0831068385176477e-06
26.54,2.5821336477743917,2.4330136008099355,2.7052327146560606,2.0901041519199426e-06
26.55,2.583267560184611,2.4321771960592273,2.7049036139864224,2.0971227922841375e-06
26.560000000000002,2.584405435970956,2.4313455502970243,2.704565573707337,2.1041636675639225e-06
26.57,2.5855472260625127,2.4305187341575136,2.7042185721804355,2.1112277033327857e-06
26.580000000000002,2.58669288102933,2.4296968182827015,2.703862588171783,2.118315842596318e-06
26.59,2.587842351084341,2.4288798733175154,2.7034976008552887,2.125429045588889e-06
26.6,2.5889955860852916,2.42806796990488,2.703123589816119,2.1325682895641927e-06
26.61,2.5901525355366872,2.427261178680759,2.702740535054099,2.1397345685746768e-06
26.62,2.5913131485917456,2.426459570269173,2.702348416987109,2.1469288932335666e-06
26.63,2.5924773740543605,2.425663215277183,2.701947216454476,2.1541522904724746e-06
26.64,2.593645160381079,2.4248721842898484,2.7015369147203576,2.1614058032862427e-06
26.650000000000002,2.594816455683086,2.424086547865157,2.701117493477116,2.168690490463103e-06
26.66,2.595991207728199,2.423306376528925,2.7006889348486878,2.1760074263070076e-06
26.67,2.597169363942871,2.422531740769669,2.700251221393944,2.183357700346121e-06
26.68,2.5983508714142043,2.4217627110334514,2.699804336110041,2.1907424170325363e-06
26.69,2.599535676891971,2.4209993577186992,2.699348262435766,2.1981626954303417e-06
26.7,2.6007237267906405,2.4202417511709933,2.698882984254868,2.20561966889036e-06
26.71,2.601914967191418,2.4194899616778325,2.698408485899384,2.2131144847153897e-06
26.72,2.6031093438442854,2.418744059463371,2.6979247521529537,2.2206483038133604e-06
26.73,2.604306802170053,2.418004114683129,2.697431768254124,2.228222300342366e-06
26.740000000000002,2.605507287262416,2.4172701974186794,2.696929519899642,2.2358376613388902e-06
26.75,2.606710743890016,2.416542377672307,2.6964179932477395,2.2434955863394096e-06
26.76,2.60791711649851,2.415820725361642,2.695897174921405,2.251197286991871e-06
26.77,2.6091263492126435,2.4151053103142712,2.6953670520116426,2.2589439866522414e-06
26.78,2.610338385838329,2.414396202262323,2.6948276120807226,2.266736919972402e-06
26.79,2.611553169864728,2.4136934708370283,2.6942788431654163,2.2745773324769432e-06
26.8,2.6127706444663383,2.4129971855632593,2.6937207337802205,2.2824664801309218e-06
26.810000000000002,2.613990752505085,2.412307415854041,2.6931532729205676,2.2904056288949727e-06
26.82,2.6152134365324144,2.4116242310050455,2.692576450066024,2.2983960542694206e-06
26.830000000000002,2.61643863879139,2.4109477001890576,2.691990255183473,2.3064390408310594e-06
26.84,2.617666301218794,2.4102778924504227,2.691394678730286,2.3145358817578527e-06
26.85,2.6188963654472297,2.4096148766994707,2.6907897116574766,2.322687878340287e-06
26.86,2.6201287728072233,2.4089587217069197,2.690175345412843,2.3308963394899268e-06
26.87,2.6213634643293338,2.408309496098257,2.6895515719440937,2.339162581233027e-06
26.88,2.622600380746257,2.4076672683481015,2.6889183837019566,2.3474879261929905e-06
26.89,2.623839462494937,2.4070321067745444,2.688275773643277,2.3558737030677903e-06
26.900000000000002,2.6250806497186723,2.406404079533471,2.6876237352340944,2.3643212460957954e-06
26.91,2.6263238822692294,2.4057832546128637,2.686962262452707,2.3728318945118097e-06
26.92,2.62756909970895,2.4051696998270846,2.6862913497927163,2.3814069919941294e-06
26.93,2.628816241312861,2.4045634828111413,2.6856109922660574,2.390047886103645e-06
26.94,2.630065246070786,2.403964671014935,2.684921185406011,2.398755927713311e-06
26.95,2.631316052689453,2.403373331697489,2.6842219252701978,2.4075324704298295e-06
26.96,2.632568599594601,2.4027895319211625,2.683513208443554,2.4163788700035974e-06
26.97,2.633822824933089,2.402213338545849,2.6827950320412914,2.4252964837356053e-06
26.98,2.6350786665749983,2.4016448182231542,2.6820673937118356,2.4342866698754437e-06
26.990000000000002,2.6363360621157392,2.4010840373905635,2.681330291639747,2.4433507870068886e-06
27.0,2.6375949488781503,2.400531062265592,2.6805837245486233,2.4524901934289444e-06
27.01,2.6388552639145977,2.3999859588399213,2.679827691703981,2.461706246531527e-06
27.02,2.640116944009073,2.39944879287352,2.6790621929161187,2.4710003021613265e-06
27.03,2.6413799256792867,2.398919629888756,2.678287228542958,2.4803737139824183e-06
27.04,2.6426441451787603,2.39839853516449,2.677502799492866,2.489827832827885e-06
27.05,2.6439095384989137,2.3978855737301608,2.676708907227458,2.4993640060459916e-06
27.060000000000002,2.6451760413711507,2.397380810359859,2.6759055537643754,2.5089835768436873e-06
27.07,2.646443589268941,2.3968843095663868,2.675092741680046,2.5186878836193733e-06
27.080000000000002,2.6477121174098976,2.3963961355953107,2.6742704741124217,2.5284782592921904e-06
27.09,2.6489815607578526,2.3959163524190026,2.673438754763693,2.5383560306254712e-06
27.1,2.6502518540249254,2.395445023730671,2.672597587902983,2.5483225175473185e-06
27.11,2.651522931673591,2.394982212938385,2.671746978369018,2.5583790324642254e-06
27.12,2.6527947279187423,2.3945279831590893,2.6708869315727766,2.5685268795688663e-06
27.13,2.654067176729747,2.3940823972126135,2.670017453500114,2.578767354146621e-06
27.14,2.6553402118325007,2.393645517615671,2.669138550714364,2.5891017418791586e-06
27.150000000000002,2.656613766711479,2.3932174065758556,2.6682502303589177,2.599531318139831e-06
27.16,2.657887774611778,2.392798125985631,2.6673525001597778,2.6100573472894364e-06
27.17,2.6591621685411573,2.392387737416313,2.6664453684280893,2.6206810819699574e-06
27.18,2.660436881272074,2.3919863021120547,2.6655288440626457,2.631403762391434e-06
27.19,2.661711845343712,2.3915938809838173,2.6646029365523702,2.6422266156216243e-06
27.2,2.6629869930640098,2.3912105346033488,2.6636676559787724,2.6531508548691533e-06
27.21,2.664262256511679,2.3908363231971537,2.66272301301838,2.6641776787689763e-06
27.22,2.6655375675382214,2.3904713066404635,2.661769018945144,2.675308270664985e-06
27.23,2.666812857769939,2.3901155444512066,2.660805685632821,2.686543797891336e-06
27.240000000000002,2.6680880586099405,2.389769095783976,2.6598330255573255,2.69788541105413e-06
27.25,2.6693631012401426,2.3894320194240026,2.6588510517990596,2.7093342433121137e-06
27.26,2.670637916623265,2.389104373781122,2.657859778045214,2.7208914096595305e-06
27.27,2.6719124355048236,2.388786216883753,2.6568592185920443,2.7325580062066187e-06
27.28,2.673186588415115,2.3884776063728683,2.6558493883471193,2.744335109465444e-06
27.29,2.674460305671201,2.3881785994959785,2.6548303028315408,2.75622377563201e-06
27.3,2.6757335173788834,2.3878892531011147,2.6538019781821394,2.768225039872228e-06
27.310000000000002,2.677006153434678,2.3876096236308157,2.6527644311536402,2.780339915614079e-06
27.32,2.6782781435277823,2.387339767116126,2.6517176791208006,2.7925693938372417e-06
27.330000000000002,2.6795494171420406,2.3870797391705945,2.650661740080521,2.8049144423642573e-06
27.34,2.680819903557902,2.3868295949842846,2.6495966326539273,2.817376005162926e-06
27.35,2.682089531854377,2.3865893893177903,2.6485223760884242,2.829955001644855e-06
27.36,2.6833582309109887,2.3863591764962626,2.6474389902597206,2.8426523259711204e-06
27.37,2.6846259294097212,2.3861390104034443,2.646346495673824,2.855468846365181e-06
27.38,2.6858925558369635,2.3859289444757166,2.645244913469009,2.8684054044249616e-06
27.39,2.6871580384854505,2.3857290316961555,2.6441342654177524,2.8814628144438625e-06
27.400000000000002,2.6884223054561995,2.3855393245886027,2.6430145739286437,2.89464186273891e-06
27.41,2.6896852846604467,2.385359875211747,2.6418858620482606,2.90794330698489e-06
27.42,2.6909469038215774,2.3851907351532198,2.6407481534630173,2.9213678755510933e-06
27.43,2.6922070904770563,2.3850319555237083,2.639601472500982,2.934916266849181e-06
27.44,2.693465771980353,2.384883586951079,2.6384458441336647,2.9485891486870217e-06
27.45,2.6947228755028685,2.384745679574523,2.637281293977772,2.962387157632691e-06
27.46,2.6959783280358565,2.384618283038713,2.6361078482969345,2.9763108983863742e-06
27.47,2.697232056392347,2.3845014464879837,2.6349255340033984,2.9903609431555683e-06
27.48,2.6984839872090642,2.384395218560527,2.6337343786596916,3.00453783104827e-06
27.490000000000002,2.699734046948349,2.384299647382609,2.632534410480253,3.0188420674705497e-06
27.5,2.7009821619000745,2.3842147805628064,2.6313256583330333,3.0332741235354736e-06
27.51,2.7022282581835673,2.3841406651862673,2.6301081517410623,3.0478344354841115e-06
27.52,2.703472261749525,2.384077347808989,2.628881920883985,3.062523404113779e-06
27.53,2.7047140983819355,2.3840248744521255,2.627646996599565,3.0773413942232e-06
27.54,2.7059536936999984,2.3839832905963134,2.626403410385156,3.0922887340643644e-06
27.55,2.707190973160044,2.383952641176027,2.625151194399139,3.107365714810679e-06
27.560000000000002,2.7084258620574575,2.383932970573957,2.623890381462328,3.122572590037141e-06
27.57,2.709658285528605,2.3839243226154188,2.6226210050593424,3.137909575211711e-06
27.580000000000002,2.710888168552759,2.3839267405627838,2.6213430993399465,3.15337684720097e-06
27.59,2.7121154359540296,2.3839402671099448,2.6200566991203535,3.1689745437933744e-06
27.6,2.7133400124032985,2.383964944376808,2.6187618398844985,3.184702763232113e-06
27.61,2.714561822420155,2.3840008139038154,2.617458557785276,3.200561563765833e-06
27.62,2.7157807903748385,2.3840479166465003,2.6161468896457425,3.2165509632164185e-06
27.63,2.7169968404901854,2.3841062929700745,2.614826872960288,3.2326709385563293e-06
27.64,2.7182098968435793,2.384175982644048,2.61349854589577,3.24892142550909e-06
27.650000000000002,2.7194198833689085,2.3842570248368835,2.6121619472926128,3.2653023181630107e-06
27.66,2.7206267238585293,2.3843494581106883,2.610817116665875,3.2818134686022275e-06
27.67,2.7218303419652363,2.3844533204159384,2.609464094206279,3.2984546865575976e-06
27.68,2.7230306612042394,2.3845686490862423,2.608102920781204,3.3152257390701398e-06
27.69,2.7242276049551486,2.3846954808331424,2.60673363793565,3.332126350178353e-06
27.7,2.725421096463968,2.384833851740955,2.605356287893158,3.3491562006225917e-06
27.71,2.7266110588450956,2.384983797261651,2.603970913556701,3.366314927566748e-06
27.72,2.727797415083338,2.3851453522097765,2.6025775585095325,3.3836021243425704e-06
27.73,2.7289800880359305,2.3853185507574155,2.6011762670160063,3.401017340210241e-06
27.740000000000002,2.730159000434568,2.3855034264291968,2.5997670840223535,3.418560080141877e-06
27.75,2.7313340748874495,2.385700012097342,2.5983500551574252,3.4362298046250395e-06
27.76,2.732505233881333,2.385908339976761,2.5969252267333998,3.4540259294864225e-06
27.77,2.7336723997836025,2.3861284416201904,2.5954926457464502,3.471947825738153e-06
27.78,2.734835494844347,2.3863603479133815,2.5940523598773764,3.4899948194458345e-06
27.79,2.735994441198457,2.3866040890703326,2.5926044174921987,3.508166191617376e-06
27.8,2.73714916086773,2.386859694628573,2.5911488676427146,3.5264611781142906e-06
27.810000000000002,2.7382995757629933,2.3871271934444946,2.5896857600670167,3.5448789695868964e-06
27.82,2.7394456076862443,2.3874066136887335,2.5882151451899738,3.5634187114332165e-06
27.830000000000002,2.7405871783328033,2.3876979828416043,2.586737074123672,3.582079503780178e-06
27.84,2.741724209293485,2.3880013276885856,2.585251598667818,3.6008604014854316e-06
27.85,2.7428566220567854,2.3883166743158606,2.5837587713101047,3.6197604141693814e-06
27.86,2.7439843380110913,2.3886440481059092,2.5822586452265357,3.6387785062675675e-06
27.87,2.745107278446903,2.3889834737331572,2.5807512742817127,3.657913597108306e-06
27.88,2.7462253645590797,2.389334975159681,2.5792367130290814,3.677164561015209e-06
27.89,2.7473385174491054,2.3896985756309688,2.5777150167111404,3.6965302274338098e-06
27.900000000000002,2.7484466581273717,2.390074297671741,2.576186241259607,3.7160093810868773e-06
27.91,2.7495497075154867,2.3904621630818275,2.574650443295545,3.7356007621519635e-06
27.92,2.750647586448603,2.3908621929321074,2.5731076801294517,3.7553030664657146e-06
27.93,2.7517402156777693,2.3912744075605072,2.571558009761305,3.7751149457537805e-06
27.94,2.7528275158723057,2.391698826568062,2.570001490880568,3.7950350078896892e-06
27.95,2.7539094076222033,2.3921354688150367,2.5684381828661538,3.815061817177143e-06
27.96,2.7549858114405468,2.3925843524171153,2.5668681457863474,3.835193894660369e-06
27.97,2.756056647765966,2.39304549474165,2.565291440398689,3.855429718458577e-06
27.98,2.757121836965109,2.3935189124039784,2.563708128149813,3.87576772413259e-06
27.990000000000002,2.758181299335147,2.3940046212638046,2.5621182711752457,3.8962063050775335e-06
28.0,2.7592349551063036,2.3945026364216497,2.5605219322991597,3.916743812935281e-06
28.01,2.7602827244444126,2.395012972215368,2.558919175034088,3.937378558044051e-06
28.02,2.761324527453506,2.3955356422167333,2.557310063580593,3.958108809911837e-06
28.03,2.7623602841784303,2.3960706592280947,2.5556946628268937,3.978932797715534e-06
28.04,2.7633899146074943,2.3966180352791016,2.5540730383484487,3.999848710832042e-06
28.05,2.764413338675147,2.397177781623502,2.5524452564074953,4.020854699391329e-06
28.060000000000002,2.7654304762646866,2.3977499087360115,2.550811383952547,4.0419488748617225e-06
28.07,2.7664412472110045,2.3983344263092548,2.5491714886178434,4.063129310663023e-06
28.080000000000002,2.767445571303358,2.398931343250783,2.547525638722758,4.084394042805906e-06
28.09,2.7684433682881804,2.399540667680164,2.5458739032711604,4.105741070560138e-06
28.1,2.7694345578719237,2.400162406926148,2.5442163519507326,4.127168357148468e-06
28.11,2.7704190597239364,2.40079656752391,2.5425530551322426,4.1486738304703895e-06
28.12,2.7713967934793766,2.4014431552123687,2.54088408386877,4.170255383857483e-06
28.13,2.7723676787421625,2.4021021749315845,2.539209509894884,4.191910876849471e-06
28.14,2.7733316350879584,2.402773630820233,2.537529405625782,4.2136381360008894e-06
28.150000000000002,2.774288582067199,2.403457526213162,2.535843844156372,4.235434955717631e-06
28.16,2.7752384392081515,2.4041538636390225,2.5341528992603175,4.257299099117153e-06
28.17,2.776181126020016,2.404862644817987,2.532456645389028,4.279228298921538e-06
28.18,2.777116561996066,2.405583870659544,2.530755157670605,4.301220258372029e-06
28.19,2.778044666616829,2.4063175412603783,2.5290485119087434,4.323272652173356e-06
28.2,2.778965359353305,2.4070636559023297,2.5273367845815766,4.345383127465449e-06
28.21,2.7798785596702307,2.40782221305044,2.5256200528404826,4.367549304822522e-06
28.22,2.780784187029381,2.40859321035108,2.5238983945088336,4.389768779276949e-06
28.23,2.781682160892915,2.409376644630163,2.522171888080701,4.412039121369967e-06
28.240000000000002,2.7825724007267625,2.410172511891445,2.52044061271951,4.434357878231666e-06
28.25,2.7834548260040575,2.410980807314907,2.518704648256642,4.4567225746814126e-06
28.26,2.784329356208611,2.4118015252552265,2.5169640751899918,4.479130714356472e-06
28.27,2.7851959108384317,2.4126346592403367,2.515218974682469,4.501579780870159e-06
28.28,2.7860544094092887,2.4134802019700707,2.513469428560452,4.5240672389896855e-06
28.29,2.7869047714583224,2.414338145314895,2.5117155193121907,4.546590535838547e-06
28.3,2.7877469165476962,2.415208480314733,2.5099573300861544,4.569147102128177e-06
28.310000000000002,2.7885807642683007,2.416091197177876,2.5081949446893326,4.591734353410867e-06
28.32,2.7894062342434984,2.416986285279984,2.5064284475854794,4.614349691352041e-06
28.330000000000002,2.790223246132919,2.4178937331631776,2.5046579238933093,4.636990505035365e-06
28.34,2.791031719636302,2.418813528535219,2.5028834593846354,4.659654172284001e-06
28.35,2.7918315744973836,2.4197456582687846,2.5011051404824585,4.682338061005866e-06
28.36,2.792622730507837,2.4206901084008314,2.499323054258999,4.7050395305616895e-06
28.37,2.7934051075112567,2.4216468641320494,2.497537288433678,4.727755933150926e-06
28.38,2.7941786254071923,2.422615909826413,2.4957479313710422,4.750484615227581e-06
28.39,2.7949432041552345,2.4235972290108183,2.493955072078632,4.773222918927618e-06
28.400000000000002,2.7956987637791464,2.4245908043748194,2.492158800204799,4.795968183518899e-06
28.41,2.796445224371047,2.4255966177704535,2.490359206036465,4.818717746873466e-06
28.42,2.7971825060956435,2.42661465021216,2.488556380496824,4.841468946959089e-06
28.43,2.7979105291945148,2.427644881876795,2.4867504151429896,4.864219123344277e-06
28.44,2.798629213990444,2.4286872921037386,2.484941402163587,4.88696561872597e-06
28.45,2.799338480891803,2.429741859395096,2.4831294343762833,4.909705780471704e-06
28.46,2.8000382503969856,2.4308085614159927,2.4813146052252657,4.9324369621808886e-06
28.47,2.8007284430988952,2.4318873749949668,2.479497008778657,4.955156525261069e-06
28.48,2.8014089796894788,2.432978276124451,2.4776767397258768,4.977861840516514e-06
28.490000000000002,2.802079780964316,2.4340812399613543,2.4758538933749397,5.000550289760398e-06
28.5,2.8027407678272582,2.4351962408277346,2.4740285656496983,5.023219267430866e-06
28.51,2.8033918612951183,2.436323252211569,2.4722008530870245,5.045866182223494e-06
28.52,2.8040329825024117,2.437462246767618,2.4703708528339314,5.0684884587427065e-06
28.53,2.8046640527061504,2.4386131963183835,2.4685386626446344,5.091083539156859e-06
28.54,2.8052849932906874,2.4397760718551638,2.4667043808775526,5.113648884867265e-06
28.55,2.8058957257726114,2.4409508435392016,2.4648681064922475,5.136181978191134e-06
28.560000000000002,2.8064961718056947,2.442137480702929,2.4630299390463017,5.15868032404942e-06
28.57,2.8070862531858927,2.443335951851304,2.4611899786921345,5.181141451665441e-06
28.580000000000002,2.8076658918563915,2.4445462246632452,2.4593483261737554,5.203562916272804e-06
28.59,2.80823500991271,2.4457682659931597,2.457505082823455,5.225942300829079e-06
28.6,2.8087935296078514,2.447002041872563,2.4556603505584325,5.2482772177350984e-06
28.61,2.8093413733575052,2.4482475175117973,2.4538142318773595,5.270565310563354e-06
28.62,2.8098784637453016,2.4495046573018397,2.45196682985688,5.292804255787847e-06
28.63,2.810404723528114,2.450773424816207,2.4501182481480464,5.3149917645176465e-06
28.64,2.8109200756414126,2.4520537828129516,2.4482685909726882,5.337125584237504e-06
28.650000000000002,2.8114244432046682,2.4533456932367534,2.44641796311972,5.3592035005474025e-06
28.66,2.8119177495268066,2.454649117221101,2.4445664699413783,5.381223338901143e-06
28.67,2.8123999181117094,2.4559640150905677,2.442714217349398,5.403182966352125e-06
28.68,2.8128708726637672,2.457290346363178,2.440861311811117,5.425080293290456e-06
28.69,2.8133305370934787,2.458628069752867,2.4390078603455176,5.446913275184455e-06
28.7,2.8137788355231,2.4599771431720296,2.4371539705191996,5.4686799143215155e-06
28.71,2.8142156922923416,2.461337523734162,2.4352997504422844,5.490378261534934e-06
28.72,2.81464103196411,2.4627091677565915,2.4334453087642536,5.512006417937312e-06
28.73,2.8150547793303016,2.4640920307632963,2.4315907546697164,5.533562536645081e-06
28.740000000000002,2.8154568594176377,2.465486067487815,2.42973619787411,5.555044824495811e-06
28.75,2.815847197493549,2.4668912318762453,2.42788174861933,5.576451543757979e-06
28.76,2.8162257190721043,2.468307477090326,2.42602751766929,5.5977810138341865e-06
28.77,2.8165923499199845,2.469734755510614,2.424173616305415,5.619031612953938e-06
28.78,2.8169470160625005,2.471173018739738,2.4223201563220584,5.640201779856196e-06
28.79,2.8172896437896546,2.472622217605747,2.4204672500218543,5.661290015462519e-06
28.8,2.817620159662247,2.474082302165537,2.4186150102109933,5.682294884536881e-06
28.810000000000002,2.817938490518023,2.475553221708367,2.4167635501944305,5.70321501732884e-06
28.82,2.8182445634778603,2.4770349247594527,2.41491298377102,5.724049111205875e-06
28.830000000000002,2.8185383059520026,2.478527359083649,2.413063425228577,5.744795932273072e-06
28.84,2.818819645646329,2.4800304716892083,2.411214989338867,5.765454316971338e-06
28.85,2.819088510568664,2.4815442088316235,2.409367791352523,5.786023173660029e-06
28.86,2.819344829035128,2.483068516017549,2.407521946993888,5.806501484182956e-06
28.87,2.8195885296765257,2.484603338008801,2.4056775724557844,5.826888305412073e-06
28.88,2.8198195414447684,2.4861486188264346,2.4038347843942085,5.84718277077212e-06
28.89,2.8200377936193375,2.4877043017549005,2.4019936999229525,5.867384091745224e-06
28.900000000000002,2.8202432158137816,2.4892703293462732,2.4001544366081493,5.887491559350771e-06
28.91,2.820435737982247,2.4908466434245575,2.398317112462743,5.9075045456020275e-06
28.92,2.820615290426045,2.492433185090066,2.3964818459408854,5.927422504940445e-06
28.93,2.820781803800249,2.4940298947238717,2.3946487559322533,5.947244975641722e-06
28.94,2.820935209120325,2.495636711992328,2.3928179617562937,5.9669715811977804e-06
28.95,2.821075437768796,2.4972535758516625,2.3909895831563883,5.986602031669896e-06
28.96,2.8212024215019302,2.4988804245526377,2.3891637402939456,6.006136125008629e-06
28.97,2.8213160924564646,2.500517195645278,2.387340553742413,6.025573748355025e-06
28.98,2.821416383156352,2.5021638259836663,2.385520144481211,6.044914879300913e-06
28.990000000000002,2.8215032265195386,2.503820251730801,2.383702633889594,6.064159587121965e-06
29.0,2.8215765558647647,2.5054864083635207,2.381888143740428,6.083308033978849e-06
29.01,2.821636304918393,2.507162230677489,2.380076796193893,6.102360476084177e-06
29.02,2.821682407821258,2.5088476527922396,2.378268713791106,6.121317264835015e-06
29.03,2.8217147991355405,2.510542608156283,2.3764640194476665,6.140178847904871e-06
29.04,2.8217334138516628,2.5122470295522676,2.374662836447121,6.158945770307078e-06
29.05,2.821738187395204,2.5139608491021996,2.372865288434351,6.177618675418443e-06
29.060000000000002,2.8217290556338357,2.5156839982727184,2.3710714994088784,6.196198305961417e-06
29.07,2.8217059548842744,2.5174164078804218,2.369281593718093,6.214685504949763e-06
29.080000000000002,2.8216688219192534,2.5191580080972473,2.3674956960504003,6.233081216593543e-06
29.09,2.8216175939745076,2.520908728455901,2.3657139314282896,6.251386487162607e-06
29.1,2.821552208755775,2.5226684978553346,2.3639364252013193,6.269602465808211e-06
29.11,2.8214726044458116,2.5244372445662715,2.3621633030390243,6.287730405342331e-06
29.12,2.8213787197114177,2.5262148962367763,2.360394690923742,6.30577166297085e-06
29.13,2.8212704937104753,2.528001379897868,2.3586307151433576,6.323727700988103e-06
29.14,2.8211478660989964,2.5297966219691768,2.3568715022839664,6.341600087419285e-06
29.150000000000002,2.821010777038177,2.5316005482646378,2.355117179222458,6.359390496617261e-06
29.16,2.820859167201464,2.5334130839982265,2.3533678731190184,6.377100709820538e-06
29.17,2.8206929777816203,2.5352341537897294,2.351623711409548,6.39473261565154e-06
29.18,2.8205121504978026,2.537063681670548,2.349884821798003,6.412288210574959e-06
29.19,2.820316627602636,2.538901591089538,2.3481513322486482,6.429769599303607e-06
29.2,2.8201063518892964,2.540747804918879,2.3464233709782376,6.447178995152492e-06
29.21,2.8198812666985886,2.5426022454599733,2.3447010664481027,6.46451872034705e-06
29.22,2.8196413159260283,2.5444648344493705,2.342984547356167,6.481791206276579e-06
29.23,2.8193864440289196,2.5463354930647215,2.3412739426288733,6.498998993691448e-06
29.240000000000002,2.819116596033432,2.548214141930752,2.3395693814130336,6.51614473285499e-06
29.25,2.8188317175416704,2.550100701125259,2.337870993067592,6.533231183640968e-06
29.26,2.818531754738741,2.551995090185131,2.336178907155309,6.550261215569484e-06
29.27,2.8182166543998104,2.5538972281123784,2.334493253434364,6.567237807797463e-06
29.28,2.817886363897157,2.555807033380186,2.3328141618498712,6.584164049047567e-06
29.29,2.817540831207211,2.5577244239389763,2.3311417625253195,6.6010431374813376e-06
29.3,2.8171800049175855,2.5596493172224863,2.329476185753926,6.617878380520569e-06
29.310000000000002,2.8168038342340944,2.561581630153853,2.32781756198991,6.634673194609291e-06
29.32,2.816412268987758,2.563521279151707,2.326166021839683,6.6514311049174635e-06
29.330000000000002,2.816005259641792,2.5654681801362713,2.3245216960529578,6.668155744984814e-06
29.34,2.815582757298584,2.567422248535466,2.3228847155137764,6.684850856312753e-06
29.35,2.815144713706648,2.5693833992910124,2.3212552112314553,6.701520287891205e-06
29.36,2.8146910812675654,2.5713515468645367,2.31963331433145,6.718167995669299e-06
29.37,2.814221813042902,2.573326605243674,2.3180191560461365,6.734798041967453e-06
29.38,2.813736862761107,2.5753084879481642,2.316412867705514,6.751414594825833e-06
29.39,2.8132361848243876,2.5772971080359444,2.314814580727823,6.7680219272963004e-06
29.400000000000002,2.812719734315561,2.5792923781092303,2.3132244266100868,6.784624416671309e-06
29.41,2.8121874670048834,2.5812942103205887,2.3116425369185682,6.801226543654385e-06
29.42,2.8116393393568484,2.5833025163789958,2.3100690432791477,6.817832891468804e-06
29.43,2.811075308536963,2.5853172075558817,2.308504077367621,6.8344481449026876e-06
29.44,2.810495332418492,2.587338194691157,2.306947770899916,6.851077089297309e-06
29.45,2.8098993695891745,2.5893653881992216,2.3054002556222315,6.867724609470887e-06
29.46,2.8092873793579103,2.5913986980749506,2.3038616633010927,6.884395688577491e-06
29.47,2.808659321761411,2.5934380338996585,2.3023321257133325,6.901095406912511e-06
29.48,2.808015157570821,2.595483304847037,2.3008117746359886,6.91782894064999e-06
29.490000000000002,2.807354848298305,2.597534419689067,2.2993007418361264,6.934601560516141e-06
29.5,2.806678356203596,2.599591286801898,2.297799159060581,6.951418630408017e-06
29.51,2.8059856443005122,2.6016538141716996,2.2963071580256216,6.968285605947804e-06
29.52,2.8052766763634316,2.603721909400478,2.2948248704065386,6.985208032968676e-06
29.53,2.8045514169337307,2.605795479711856,2.293352427827155,7.002191545948557e-06
29.54,2.803809831326184,2.6078744319568163,2.291889961849258,7.019241866375449e-06
29.55,2.8030518856353206,2.6099586726194044,2.2904376039619567,7.0363648010528114e-06
29.560000000000002,2.802277546741741,2.612048107822391,2.2889954855709638,7.053566240345887e-06
29.57,2.8014867823183898,2.61414264333289,2.2875637379878007,7.070852156364578e-06
29.580000000000002,2.8006795608367865,2.6162421845679296,2.2861424924189286,7.088228601083854e-06
29.59,2.7998558515732106,2.618346636599979,2.284731879954806,7.105701704404859e-06
29.6,2.7990156246148405,2.6204559041624207,2.2833320315588708,7.123277672159157e-06
29.61,2.7981588508658475,2.622569891654977,2.2819430780564494,7.140962784043788e-06
29.62,2.797285502053442,2.624688503149077,2.2805651501235955,7.158763391506354e-06
29.63,2.79639555073387,2.6268116423931733,2.2791983782758534,7.176685915562695e-06
29.64,2.795488970298364,2.628939212817998,2.2778428928569525,7.1947368445609045e-06
29.650000000000002,2.7945657349790403,2.631071117541761,2.2764988240274295,7.212922731885246e-06
29.66,2.7936258198547472,2.6332072593752893,2.275166301753182,7.231250193596357e-06
29.67,2.7926692008568637,2.6353475408270977,2.2738454557939503,7.249725906021554e-06
29.68,2.7916958547750426,2.637491864108401,2.272536415691733,7.2683566032848715e-06
29.69,2.7907057592629037,2.639640131138058,2.2712393107591344,7.287149074781102e-06
29.7,2.789698892843671,2.6417922435474464,2.269954270067642,7.30611016258888e-06
29.71,2.7886752349157584,2.643948102685267,2.26868142243584,7.325246758834372e-06
29.72,2.7876347657582983,2.6461076096222804,2.267420896417558,7.34456580299735e-06
29.73,2.786577466536615,2.648270665155967,2.2661728202899525,7.364074279164294e-06
29.740000000000002,2.785503319307644,2.6504371698151132,2.2649373220415248,7.3837792132284535e-06
29.75,2.784412307025292,2.652607023864323,2.2637145293600778,7.403687670031782e-06
29.76,2.783304413545742,2.6547801273084497,2.2625045696206088,7.4238067504618e-06
29.77,2.7821796236326986,2.656956379896948,2.2613075698731415,7.444143588494739e-06
29.78,2.7810379229625775,2.6591356811281486,2.260123656830498,7.464705348187092e-06
29.79,2.7798792981296354,2.6613179302534458,2.2589529568560107,7.485499220619177e-06
29.8,2.7787037366510394,2.663503026281406,2.257795595951177,7.506532420790788e-06
29.810000000000002,2.7775112269718796,2.665690867981789,2.2566516997432564,7.5278121844646496e-06
29.82,2.7763017584701206,2.667881353889481,2.2555213934728093,7.549345764970511e-06
29.830000000000002,2.775075321461492,2.670074382308347,2.254404801981184,7.571140429958343e-06
29.84,2.7738319072043196,2.6722698513149834,2.253302049697948,7.593203458104515e-06
29.85,2.772571507904298,2.6744676587623926,2.2522132606282645,7.61554213578436e-06
29.86,2.7712941167191953,2.676667702283557,2.25113855834022,7.638163753690485e-06
29.87,2.769999727763506,2.6788698792949273,2.2500780659521005,7.66107560341583e-06
29.88,2.768688336113034,2.681074086999812,2.2490319061196167,7.684284973998029e-06
29.89,2.76735993780942,2.683280222391678,2.2480002010230824,7.707799148418668e-06
29.900000000000002,2.7660145298646026,2.6854881822573513,2.246983072354546,7.731625400071314e-06
29.91,2.764652110265222,2.6876978631801265,2.2459806413048753,7.7557709891882e-06
29.92,2.763272677976958,2.6899091615427744,2.244993028550799,7.780243159228677e-06
29.93,2.7618762329488065,2.692121973530454,2.2440203542419046,7.805049133244791e-06
29.94,2.7604627761172966,2.6943361951335274,2.2430627379875947,7.830196110206028e-06
29.95,2.7590323094106424,2.6965517221502746,2.2421202988440028,7.855691261288025e-06
29.96,2.7575848357528336,2.698768450189506,2.2411931553008704,7.88154172614099e-06
29.97,2.756120359067666,2.700986274673079,2.240281425268388,7.907754609126175e-06
29.98,2.754638884282706,2.70320509083831,2.2393852260639977,7.93433697552287e-06
29.990000000000002,2.753140417333198,2.7054247937402875,2.238504674399163,7.961295847711337e-06
30.0,2.7516249651659046,2.7076452782540823,2.237639886366105,7.988638201332068e-06
30.01,2.7500925357428905,2.709866439076855,2.2367909774245085,8.016370961420877e-06
30.02,2.74854313804524,2.712088170729863,2.2359580623881965,8.04450099852604e-06
30.03,2.7469767820767164,2.714310367560364,2.235141255411779,8.073035124803913e-06
30.04,2.7453934788673586,2.716532923743416,2.2343406699772714,8.101980090093518e-06
30.05,2.7437932404770176,2.718755733283575,2.2335564188806933,8.131342577979706e-06
30.060000000000002,2.7421760799988313,2.7209786900164916,2.23278861421864,8.161129201842893e-06
30.07,2.7405420115626398,2.7232016876104024,2.232037367374835,8.191346500890584e-06
30.080000000000002,2.7388910503383395,2.725424619567519,2.231302789006661,8.222000936181353e-06
30.09,2.7372232125391784,2.727647379225316,2.2305849890316742,8.25309888664026e-06
30.1,2.7355385154249907,2.7298698597577165,2.229884076614105,8.284646645063272e-06
30.11,2.733836977305373,2.7320919541761723,2.22920016015134,8.316650414120074e-06
30.12,2.7321186175428007,2.7343135553306483,2.2285333472603934,8.349116302351109e-06
30.13,2.730383456555688,2.7365345559105005,2.227883744764372,8.382050320162054e-06
30.14,2.728631515821387,2.738754848445256,2.2272514586789245,8.4154583758224e-06
30.150000000000002,2.72686281787913,2.740974325305293,2.2266365941986916,8.449346271457173e-06
30.16,2.7250773863329165,2.7431928787024193,2.2260392556837476,8.483719699051555e-06
30.17,2.7232752458543406,2.745410400690355,2.22545954664604,8.518584236459254e-06
30.18,2.7214564221853634,2.7476267831651136,2.22489756973583,8.553945343412687e-06
30.19,2.71962094214103,2.7498419178652904,2.224353426728135,8.589808357554566e-06
30.2,2.717768833612129,2.752055696372252,2.223827218509173,8.626178490470586e-06
30.21,2.7159001255677997,2.7542680101102293,2.2233190450628153,8.663060823738805e-06
30.22,2.714014848058082,2.7564787503463206,2.2228290054570463,8.700460304998417e-06
30.23,2.712113032216416,2.758687808190398,2.2223571978304344,8.738381744037584e-06
30.240000000000002,2.7101947102620843,2.7608950745949237,2.2219037193786146,8.776829808893793e-06
30.25,2.708259915502604,2.763100440354676,2.2214686663407877,8.815809021985996e-06
30.26,2.7063086823360654,2.765303796106386,2.221052133986235,8.85532375626717e-06
30.27,2.7043410462534196,2.7675050323282857,2.2206542166008534,8.89537823140092e-06
30.28,2.702357043840714,2.769704039339572,2.2202750074737154,8.93597650997691e-06
30.29,2.700356712781276,2.771900707299784,2.219914598883647,8.977122493742851e-06
30.3,2.6983400918578515,2.774094926208099,2.2195730820858377,9.018819919883216e-06
30.310000000000002,2.696307220954687,2.7762865859025454,2.21925054729848,9.061072357333e-06
30.32,2.6942581410595676,2.7784755760591398,2.218947083689436,9.103883203118827e-06
30.330000000000002,2.6921928942658058,2.7806617861909424,2.2186627793629428,9.147255678748393e-06
30.34,2.6901115237741804,2.7828451056470387,2.2183977213463533,9.191192826648941e-06
30.35,2.68801407389483,2.785025423611449,2.2181519955769153,9.235697506639129e-06
30.36,2.6859005900491,2.787202629101964,2.2179256868885937,9.280772392451414e-06
30.37,2.683771118771341,2.7893766109689118,2.2177188789989377,9.326419968310235e-06
30.38,2.681625707710666,2.7915472578938596,2.2175316544959935,9.372642525555792e-06
30.39,2.679464405632658,2.793714458388247,2.2173640948252684,9.419442159328117e-06
30.400000000000002,2.677287262421036,2.795878100791961,2.2172162802767468,9.466820765301315e-06
30.41,2.6750943290792772,2.7980380732718473,2.217088289971963,9.514780036483645e-06
30.42,2.672885657732193,2.8001942638201665,2.216980201851129,9.56332146007834e-06
30.43,2.6706613016274665,2.8023465602529942,2.216892092660327,9.612446314405166e-06
30.44,2.6684213151371434,2.80449485020857,2.216824037938763,9.662155665888549e-06
30.45,2.6661657537590857,2.8066390211455934,2.2167761120060874,9.712450366121245e-06
30.46,2.6638946741183798,2.8087789603414794,2.2167483879497856,9.763331048992486e-06
30.47,2.6616081339687074,2.8109145548905623,2.2167409376126415,9.814798127892394e-06
30.48,2.6593061921936743,2.8130456917022646,2.2167538315802746,9.866851792996571e-06
30.490000000000002,2.6569889088080996,2.815172257499224,2.216787139168756,9.919492008620392e-06
30.5,2.6546563449592666,2.8172941388153876,2.2168409284123065,9.972718510663334e-06
30.51,2.652308562928135,2.8194112219940717,2.2169152660510765,1.0026530804132267e-05
30.52,2.649945626130513,2.8215233931859953,2.2170102175190163,1.008092816075235e-05
30.53,2.647567599118194,2.823630538347286,2.217125846931834,1.0135909616664397e-05
30.54,2.6451745475800545,2.8257325432374634,2.2172622170750467,1.0191473970217084e-05
30.55,2.642766538343113,2.827829293417405,2.2174193893921297,1.0247619779844043e-05
30.560000000000002,2.640343639373558,2.829920674247294,2.2175974239727645,1.0304345362045533e-05
30.57,2.637905919777733,2.832006570884557,2.2177963795411872,1.0361648789464174e-05
30.580000000000002,2.6354534498030895,2.8340868682817915,2.2180163134446462,1.0419527889057345e-05
30.59,2.632986300839104,2.8361614511846875,2.2182572816419657,1.047798024037956e-05
30.6,2.630504545418159,2.8382302041299496,2.218519338692223,1.0537003173960888e-05
30.61,2.628008257216387,2.840293011443218,2.2188025377435396,1.0596593769799133e-05
30.62,2.625497511054486,2.842349757236997,2.2191069305219924,1.0656748855957055e-05
30.63,2.622972382898492,2.8444003254085928,2.2194325673206445,1.0717465007275985e-05
30.64,2.6204329498605228,2.8464445996380623,2.2197794969887035,1.0778738544195376e-05
30.650000000000002,2.6178792901994883,2.848482463386181,2.220147766920804,1.0840565531691702e-05
30.66,2.6153114833217628,2.850513799892431,2.2205374230464265,1.0902941778341666e-05
30.67,2.612729609781826,2.85253849217301,2.2209485098194466,1.096586283549453e-05
30.68,2.61013375128287,2.8545564230188756,2.2213810702078245,1.1029323996575007e-05
30.69,2.607523990677373,2.8565674749938155,2.221835145683435,1.1093320296504504e-05
30.7,2.6049004119676398,2.8585715304325574,2.2223107762120438,1.1157846511250402e-05
30.71,2.602263100306306,2.8605684714389175,2.2228080002434276,1.122289715750757e-05
30.72,2.599612141996814,2.862558179883995,2.223326854701651,1.128846649250117e-05
30.73,2.5969476244938496,2.8645405374044137,2.223867374975494,1.135454851392946e-05
30.740000000000002,2.5942696364037507,2.866515425400616,2.2244295949090387,1.1421136960037708e-05
30.75,2.591578267484878,2.8684827250352156,2.2250135467924177,1.1488225309821704e-05
30.76,2.588873608647955,2.870442317231407,2.225619261352727,1.1555806783376661e-05
30.77,2.586155751956373,2.8723940826714434,2.2262467677451068,1.1623874342384916e-05
30.78,2.583424790626461,2.8743379017951827,2.226896093543994,1.1692420690733449e-05
30.79,2.5806808190277257,2.8762736547987044,2.2275672647345495,1.1761438275287291e-05
30.8,2.5779239326830505,2.878201221633008,2.2282603057042643,1.1830919286794826e-05
30.810000000000002,2.5751542282688678,2.880120482002789,2.2289752392347446,1.1900855660943278e-05
30.82,2.572371803615289,2.882031315365302,2.229712086493686,1.1971239079564208e-05
30.830000000000002,2.569576757706205,2.8839336009293137,2.2304708670270332,1.2042060971974352e-05
30.84,2.5667691906793486,2.8858272176541515,2.2312515987513306,1.2113312516478947e-05
30.85,2.563949203826321,2.8877120442488464,2.2320542979462714,1.218498464201804e-05
30.86,2.5611168995925837,2.8895879591713824,2.2328789792474426,1.225706802996273e-05
30.87,2.558272381577411,2.8914548406280502,2.233725655639271,1.2329553116065944e-05
30.88,2.5554157545338088,2.8933125665729116,2.234594338448177,1.2402430092566051e-05
30.89,2.5525471243683926,2.8951610147073796,2.235485037335934,1.2475688910441787e-05
30.900000000000002,2.5496665981412305,2.8970000624799175,2.2363977602932423,1.2549319281824232e-05
30.91,2.5467742840656444,2.8988295870858587,2.237332513633515,1.2623310682564979e-05
30.92,2.5438702915079743,2.900649465467358,2.2382893019868852,1.269765235495876e-05
30.93,2.5409547309873006,2.90245957431347,2.239268128294431,1.277233331061638e-05
30.94,2.5380277141751293,2.904259790060364,2.2402689938026303,1.2847342333503729e-05
30.95,2.535089353895032,2.9060499888916786,2.241291898058039,1.2922667983136917e-05
30.96,2.5321397641222467,2.9078300467390195,2.2423368389022023,1.299829859792974e-05
30.970000000000002,2.5291790599832344,2.9095998392826035,2.243403812466801,1.30742222986991e-05
30.98,2.526207357755194,2.911359241952053,2.2444928131690354,1.3150426992330551e-05
30.990000000000002,2.5232247748655303,2.9131081299273474,2.245603833707247,1.322690037560479e-05
31.0,2.5202314298912807,2.9148463781399303,2.2467368650567874,1.330362993917065e-05
31.01,2.5172274425584926,2.9165738612739807,2.2478918964661343,1.3380602971683882e-05
31.02,2.5142129337415557,2.9182904537678493,2.249068915453253,1.3457806564105322e-05
31.03,2.5111880254624857,2.919996029815665,2.2502679078022156,1.3535227614145144e-05
31.04,2.5081528408901606,2.9216904633691128,2.251488857560074,1.3612852830870026e-05
31.05,2.5051075043395064,2.923373628139392,2.252731747033992,1.3690668739463346e-05
31.060000000000002,2.502052141270632,2.925045397599348,2.253996556788637,1.3768661686140165e-05
31.07,2.498986878287914,2.926705644985796,2.255283265643841,1.3846817843219377e-05
31.080000000000002,2.495911843139025,2.9283542433020227,2.2565918506725255,1.392512321433765e-05
31.09,2.4928271647139133,2.9299910653204844,2.257922287198895,1.40035636398233e-05
31.1,2.4897329730437243,2.931615983585694,2.259274548796909,1.4082124802220411e-05
31.11,2.486629399299666,2.933228870417307,2.2606486072890224,1.4160792231957987e-05
31.12,2.483516575791818,2.934829597913404,2.262044432745211,1.4239551313169888e-05
31.13,2.4803946359678823,2.936418037953977,2.2634619934822733,1.4318387289655147e-05
31.14,2.4772637144118734,2.9379940622046203,2.264901256063415,1.4397285270986773e-05
31.150000000000002,2.474123946842749,2.939557542120427,2.266362185298124,1.4476230238759432e-05
31.16,2.4709754701129785,2.941108348950097,2.267844744242328,1.4555207052986016e-05
31.17,2.4678184222070443,2.942646353740259,2.269348894198846,1.4634200458624429e-05
31.18,2.4646529422398844,2.9441714273400046,2.2708745947181317,1.4713195092232001e-05
31.19,2.4614791704552657,2.94568344040564,2.272421803599311,1.4792175488774449e-05
31.2,2.458297248224089,2.9471822634056593,2.2739904768915187,1.4871126088553403e-05
31.21,2.4551073180426273,2.948667766625939,2.275580568895531,1.4950031244263786e-05
31.220000000000002,2.451909523530693,2.950139820175154,2.2771920321657024,1.5028875228179562e-05
31.23,2.448704009429734,2.9515982939904197,2.2788248175122057,1.5107642239459125e-05
31.240000000000002,2.445490921600856,2.9530430578431623,2.2804788740035744,1.5186316411579858e-05
31.25,2.442270407022771,2.9544739813452185,2.2821541489695543,1.5264881819882507e-05
31.26,2.4390426137896712,2.9558909339551622,2.2838505880042637,1.5343322489231817e-05
31.27,2.435807691109022,2.9572937849848664,2.2855681349696617,1.542162240179018e-05
31.28,2.432565789299281,2.958682403606296,2.287306731999331,1.5499765504901084e-05
31.29,2.429317059787532,2.9600566588585355,2.289066319502572,1.5577735719072853e-05
31.3,2.426061655107041,2.9614164196550505,2.290846836168812,1.565551694606728e-05
31.310000000000002,2.422799728894726,2.9627615547911867,2.2926482189723325,1.5733093077082523e-05
31.32,2.4195314358885445,2.964091932951905,2.294470403177309,1.5810448001032708e-05
31.330000000000002,2.4162569319247926,2.965407422719752,2.296313322343174,1.5887565612921356e-05
31.34,2.412976373935316,2.966707892583072,2.298176908330297,1.596442982228771e-05
31.35,2.409689919944634,2.9679932109444516,2.300061091305985,1.6041024561747914e-05
31.36,2.4063977290669682,2.9692632461294073,2.301965799750803,1.6117333795610054e-05
31.37,2.403099961503184,2.9705178663953085,2.30389096046522,1.6193341528561297e-05
31.38,2.3997967785376315,2.971756939940539,2.305836498576573,1.626903181442503e-05
31.39,2.3964883425348966,2.972980334913896,2.3078023375463577,1.6344388764980025e-05
31.400000000000002,2.39317481693645,2.9741879194242267,2.3097883991778394,1.6419396558848652e-05
31.41,2.3898563662571997,2.975379561550301,2.311794603623991,1.6494039450432997e-05
31.42,2.3865331560819407,2.9765551293509214,2.313820869395754,1.656830177889767e-05
31.43,2.3832053530617063,2.9777144908752646,2.3158671133706203,1.6642167977212456e-05
31.44,2.3798731249100102,2.9788575141734626,2.317933250801545,1.6715622581225504e-05
31.45,2.376536640398988,2.9799840673074107,2.3200191953261755,1.6788650238773757e-05
31.46,2.373196069355427,2.9810940183618104,2.322124858976411,1.686123571882941e-05
31.470000000000002,2.369851582656692,2.982187235455441,2.3242501521882803,1.6933363920670493e-05
31.48,2.3665033522265366,2.98326358675266,2.326394983812147,1.700501988307304e-05
31.490000000000002,2.363151551030805,2.984322940475129,2.328559261123233,1.707618879351466e-05
31.5,2.35979635307302,2.9853651649137656,2.3307428898324685,1.7146855997394072e-05
31.51,2.356437933389853,2.986390128440915,2.3329457740976562,1.7217007007255363e-05
31.52,2.353076468046483,2.987397699522744,2.3351678165349634,1.72866275120122e-05
31.53,2.3497121341318308,2.9883877467318514,2.3374089182307256,1.7355703386162807e-05
31.54,2.3463451097536776,2.989360138760093,2.3396689787535734,1.7424220698999435e-05
31.55,2.3429755740336606,2.9903147444316205,2.341947896166872,1.749216572379723e-05
31.560000000000002,2.3396037071021456,2.9912514327161253,2.3442455670414777,1.755952494698621e-05
31.57,2.3362296900929738,2.9921700727422946,2.346561886468806,1.762628507728913e-05
31.580000000000002,2.3328537051380853,2.9930705338114647,2.3488967480742127,1.7692433054830784e-05
31.59,2.329475935362012,2.993952685411477,2.3512500440306847,1.7757956060213185e-05
31.6,2.326096564876241,2.994816397230729,2.353621665072837,1.7822841523535043e-05
31.61,2.322715778773451,2.9956615391724166,2.356011500511217,1.7887077133369868e-05
31.62,2.319333763121612,2.996487981368967,2.3584194382469104,1.7950650845686992e-05
31.63,2.3159507049579524,2.9972955941966535,2.3608453647864494,1.801355089271164e-05
31.64,2.312566792282793,2.9980842482903913,2.3632891652570196,1.8075765791717208e-05
31.650000000000002,2.3091822140532416,2.9988538145587107,2.365750723421961,1.8137284353749954e-05
31.66,2.3057971601767493,2.9996041641988995,2.3682299216965625,1.8198095692268753e-05
31.67,2.302411821504529,3.000335168712313,2.3707266411641483,1.8258189231702157e-05
31.68,2.299026389824832,3.0010466999198475,2.373240761592448,1.8317554715925135e-05
31.69,2.295641057856081,3.0017386299775692,2.375772161450252,1.8376182216630017e-05
31.7,2.292256019239861,3.002410831392496,2.3783207179243475,1.843406214160765e-05
31.71,2.288871468533762,3.0030631770385274,2.3808863069367314,1.849118524291866e-05
31.720000000000002,2.2854876012040783,3.0036955401725147,2.3834688031620948,1.8547542624944686e-05
31.73,2.2821046136183596,3.0043077944504692,2.386068080045578,1.8603125752340234e-05
31.740000000000002,2.278722703037808,3.0048998139439,2.388684009820791,1.8657926457856423e-05
31.75,2.2753420676095315,3.0054714731562786,2.391316463528095,1.8711936950030166e-05
31.76,2.271962906358639,3.0060226470396216,2.3939653110331407,1.8765149820750133e-05
31.77,2.268585419180187,3.0065532110111888,2.39663042104566,1.8817558052682027e-05
31.78,2.2652098068309687,3.007063040970287,2.399311661138506,1.8869155026555417e-05
31.79,2.2618362709211497,3.0075520133151774,2.402008897766936,1.8919934528296978e-05
31.8,2.2584650139057443,3.008020004960077,2.404721996288132,1.8969890756014844e-05
31.810000000000002,2.255096239075936,3.00846689335225,2.4074508209809595,1.901901832682891e-05
31.82,2.2517301505502374,3.0088925564891817,2.410195235065951,1.9067312283532616e-05
31.830000000000002,2.2483669532654917,3.0092968729358294,2.4129551007255152,1.911476810109222e-05
31.84,2.2450068529677094,3.0096797218419407,2.4157302791243627,1.9161381692976293e-05
31.85,2.241650056202745,3.0100409829594375,2.4185206304301468,1.9207149417307026e-05
31.86,2.2382967703068104,3.0103805366598553,2.421326013834311,1.9252068082832305e-05
31.87,2.234947203396821,3.010698263951832,2.4241462875731377,1.929613495471203e-05
31.88,2.23160156436058,3.010994046498638,2.4269813089489913,1.933934776011765e-05
31.89,2.228260062846791,3.0112677666357444,2.4298309343517537,1.9381704693642703e-05
31.900000000000002,2.2249229092549077,3.0115193073884177,2.432695019280441,1.942320442250573e-05
31.91,2.221590314724813,3.0117485524893373,2.435573418364999,1.946384609156574e-05
31.92,2.2182624911263273,3.0119553863962274,2.438465985388268,1.950362932812706e-05
31.93,2.21493965104855,3.012139694309495,2.441372573308115,1.9542554246536196e-05
31.94,2.2116220077890243,3.012301362189869,2.444293034279719,1.9580621452569495e-05
31.95,2.208309775342736,3.012440276776032,2.447227219678012,1.9617832047601833e-05
31.96,2.2050031683909355,3.0125563256022367,2.450174980120261,1.9654187632566113e-05
31.970000000000002,2.2017024022897855,3.012649397015902,2.4531361654887878,1.9689690311683173e-05
31.98,2.198407693058838,3.012719380195179,2.456110624953819,1.972434269597183e-05
31.990000000000002,2.195119257369332,3.0127661651664797,2.45909820699646,1.975814790653545e-05
32.0,2.1918373125323187,3.0127896428219643,2.462098759431781,1.9791109577611864e-05
32.01,2.1885620764866065,3.0127897049369747,2.465112129432015,1.9823231859395053e-05
32.02,2.1852937677865323,3.0127662441874117,2.468138163549852,1.9854519420625028e-05
32.03,2.1820326055895523,3.0127191541670437,2.4711767077418303,1.9884977450936618e-05
32.04,2.178778809643656,3.0126483294047444,2.474227607391809,1.991461166296767e-05
32.05,2.1755326002746003,3.0125536653816494,2.477290707334517,1.9943428294236237e-05
32.06,2.172294198372964,3.012435058548225,2.480365851879178,1.9971434108768215e-05
32.07,2.1690638253810213,3.0122924063412397,2.4834528848331843,1.9998636398475063e-05
32.08,2.1658417032794386,3.0121256072006375,2.4865516495258366,2.0025042984300607e-05
32.09,2.162628054573784,3.011934560586298,2.4896619888321188,2.0050662217103296e-05
32.1,2.159423102280861,3.011719166994681,2.4927837451965122,2.0075502978300293e-05
32.11,2.1562270699148565,3.0114793279753482,2.495916760656838,2.0099574680262096e-05
32.12,2.1530401814733096,3.0112149461473527,2.4990608768681195,2.0122887266449648e-05
32.13,2.149862661422895,3.0109259252154907,2.5022159351264515,2.0145451211307952e-05
32.14,2.146694734685024,3.01061216998641,2.505381776392876,2.0167277519894372e-05
32.15,2.143536626621266,3.010273586384564,2.5085582413172487,2.018837772726542e-05
32.160000000000004,2.140388563018581,3.0099100814680124,2.5117451702620897,2.0208763897613554e-05
32.17,2.1372507700743704,3.0095215634440495,2.514942403326412,2.0228448623131615e-05
32.18,2.1341234743813473,3.009107941684669,2.518149780369513,2.024744502263686e-05
32.19,2.131006902912218,3.0086691267418444,2.5213671410347294,2.0265766739940327e-05
32.2,2.127901283004182,3.0082050303626278,2.5245943247731324,2.0283427941958788e-05
32.21,2.1248068423432462,3.007715565504058,2.527831170867172,2.0300443316573e-05
32.22,2.1217238089483574,3.007200646347871,2.5310775184542442,2.0316828070228472e-05
32.230000000000004,2.1186524111553466,3.0066601883150073,2.5343332065501833,2.033259792529081e-05
32.24,2.1155928776006925,3.0060941080799113,2.5375980740726654,2.0347769117143962e-05
32.25,2.112545437205098,3.0055023235846154,2.540871959864514,2.0362358391032515e-05
32.26,2.1095103191568843,3.0048847540526036,2.544154702716902,2.0376382998658158e-05
32.27,2.1064877528951995,3.004241320002449,2.5474461413924314,2.0389860694526037e-05
32.28,2.103477968093044,3.0035719432612202,2.5507461146480983,2.0402809732035748e-05
32.29,2.100481194640111,3.002876546977653,2.554054461258113,2.0415248859329936e-05
32.3,2.0974976626254422,3.002155055635077,2.557371020036583,2.0427197314891672e-05
32.31,2.0945276023199044,3.001407395064098,2.5606956298600414,2.0438674822896967e-05
32.32,2.0915712441584775,3.0006334924550275,2.5640281296898126,2.0449701588323408e-05
32.33,2.088628818722362,2.999833276370059,2.567368358594205,2.0460298291813688e-05
32.34,2.0857005567209033,2.9990066767551804,2.5707161557705254,2.047048608430561e-05
32.35,2.082786688973334,2.9981536249518226,2.574071360566901,2.0480286581409432e-05
32.36,2.079887446390334,2.9972740537082414,2.577433812503902,2.0489721857551455e-05
32.37,2.0770030599554077,2.9963678971906234,2.5808033512959563,2.0498814439892798e-05
32.38,2.074133760706082,2.9954350909939174,2.5841798168725436,2.0507587301998743e-05
32.39,2.071279779714922,2.994475572152385,2.5875630493991646,2.0516063857284018e-05
32.4,2.0684413480703676,2.993489279149867,2.5909528892980718,2.0524267952225514e-05
32.410000000000004,2.0656186968573893,2.9924761519297642,2.5943491772687546,2.0532223859341714e-05
32.42,2.0628120571379664,2.991436131904728,2.5977517543081694,2.0539956269959476e-05
32.43,2.060021659931385,2.990369161966057,2.601160461730706,2.0547490286751043e-05
32.44,2.057247736194359,2.989275186492801,2.60457514118788,2.0554851416037547e-05
32.45,2.0544905168009757,2.9881541513605656,2.607995634687745,2.0562065559890793e-05
32.46,2.0517502325224606,2.9870060039500173,2.611421784614009,2.056915900801538e-05
32.47,2.049027114006771,2.9858306931550853,2.6148534337448566,2.0576158429405934e-05
32.480000000000004,2.0463213917580125,2.984628169390863,2.6182904252714594,2.0583090863804012e-05
32.49,2.0436332961156825,2.983398384601201,2.6217326028161683,2.0589983712944892e-05
32.5,2.040963057233738,2.982141292265995,2.6251798104503816,2.059686473159257e-05
32.51,2.038310905059495,2.980856847408165,2.628631892712078,2.060376201837263e-05
32.52,2.0356770693123543,2.979545006600327,2.632088694623005,2.0610704006406415e-05
32.53,2.0330617794623564,2.978205727971152,2.635550061705517,2.0617719453748292e-05
32.54,2.030465264708569,2.9768389712114187,2.639015839999055,2.062483743362441e-05
32.55,2.0278877539573035,2.9754446975797535,2.642485876076255,2.063208732447966e-05
32.56,2.0253294758001683,2.97402286990806,2.6459600170586848,2.0639498799828417e-05
32.57,2.0227906584919526,2.9725734526066376,2.6494381106321923,2.064710181793173e-05
32.58,2.020271529928346,2.971096411668991,2.652920005061866,2.0654926611281413e-05
32.59,2.017772317623495,2.969591714676328,2.656405549206593,2.066300367589836e-05
32.6,2.0152932486873985,2.9680593308017515,2.659894592533213,2.0671363760460954e-05
32.61,2.0128345498031393,2.9664992308141387,2.663386985130255,2.0680037855253432e-05
32.62,2.0103964472039575,2.964911387081717,2.666882577721254,2.0689057180943558e-05
32.63,2.0079791666501663,2.963295773575334,2.6703812216776384,2.0698453177186082e-05
32.64,2.005582933405908,2.9616523658714202,2.6738827690311804,2.0708257491065703e-05
32.65,2.0032079722157583,2.959981141154653,2.677387072486006,2.071850196536655e-05
32.660000000000004,2.0008545072811734,2.9582820782203187,2.6808939854301532,2.0729218626689504e-05
32.67,1.9985227622367863,2.956555157476376,2.684403361946674,2.0740439673409047e-05
32.68,1.9962129601265517,2.954800360945225,2.6879150568242762,2.0752197463468317e-05
32.69,1.993925323379742,2.95301767226518,2.6914289255674935,2.0764524502028696e-05
32.7,1.9916600737867955,2.951207076691656,2.6949448244063823,2.0777453428971373e-05
32.71,1.989417432475019,2.949368561098064,2.698462610305739,2.0791017006246473e-05
32.72,1.9871976198841454,2.947502113976423,2.701982140973828,2.080524810507945e-05
32.730000000000004,1.985000855741751,2.945607725437693,2.705503274870619,2.082017969304219e-05
32.74,1.9828273590385301,2.9436853872118265,2.7090258712155295,2.0835844820978964e-05
32.75,1.9806773480034332,2.94173509264755,2.7125497899946596,2.0852276609805803e-05
32.76,1.978551040078667,2.9397568367118727,2.716074891967524,2.0869508237173856e-05
32.77,1.9764486518945608,2.937750615989331,2.7196010386732703,2.088757292400017e-05
32.78,1.9743703992443002,2.9357164286809714,2.723128092436379,2.0906503920882174e-05
32.79,1.9723164970585305,2.933654274603075,2.726655916371845,2.092633449438424e-05
32.8,1.970287159379831,2.931564155185631,2.730184374389833,2.0947097913206014e-05
32.81,1.9682825993370643,2.9294460734705594,2.733713331199802,2.0968827434227794e-05
32.82,1.9663030291196018,2.927300034109696,2.7372426523141007,2.099155628845241e-05
32.83,1.964348659951426,2.9251260433625337,2.7407722040510216,2.1015317666837904e-05
32.84,1.9624197020651155,2.9229241090937337,2.7443018535373214,2.104014470600905e-05
32.85,1.960516364675712,2.9206942407704104,2.747831468710193,2.1066070473877596e-05
32.86,1.9586388559544732,2.9184364494591923,2.751360918318697,2.1093127955157625e-05
32.87,1.9567873830025135,2.9161507478230684,2.7548900719246423,2.1121350036779235e-05
32.88,1.9549621518243359,2.913837150118022,2.758418799902916,2.115076949321639e-05
32.89,1.9531633673012563,2.9114956721894627,2.7619469734412654,2.1181418971717972e-05
32.9,1.9513912331647238,2.909126331468457,2.7654744645395195,2.1213330977447538e-05
32.910000000000004,1.9496459519695402,2.906729146967767,2.76900114600826,2.1246537858543642e-05
32.92,1.9479277250669793,2.904304139277707,2.7725268914669328,2.128107179109827e-05
32.93,1.946236752577812,2.9018513305618114,2.7760515753414015,2.131696476405703e-05
32.94,1.944573233365236,2.8993707445523387,2.779575072860943,2.1354248564041412e-05
32.95,1.942937365007718,2.8968624065456017,2.7830972600546824,2.1392954760097708e-05
32.96,1.9413293437717463,2.8943263433971413,2.786618013747468,2.1433114688396532e-05
32.97,1.9397493645845,2.8917625835167438,2.7901372115551886,2.147475943684334e-05
32.980000000000004,1.9381976210064376,2.889171156863314,2.793654731879528,2.151791982964199e-05
32.99,1.9366743052038056,2.8865520949396064,2.7971704539021642,2.1562626411804756e-05
33.0,1.9351796079210752,2.883905430786824,2.8006842575784052,2.160890943360045e-05
33.01,1.9337137184533044,2.881231198979091,2.804196023630274,2.1656798834962193e-05
33.02,1.9322768246184332,2.878529435617807,2.8077056335390314,2.1706324229836747e-05
33.03,1.9308691127295137,2.8758001783258886,2.811212969537149,2.175751489051319e-05
33.04,1.929490767566878,2.8730434662419055,2.814717914599728,2.181039973190253e-05
33.05,1.9281419723502484,2.870259340014121,2.8182203524353673,2.1865007295781853e-05
33.06,1.9268229087107933,2.86744784179444,2.8217201674764856,2.1921365735014975e-05
33.07,1.925533756663131,2.864609015232274,2.8252172448690964,2.1979502797749383e-05
33.08,1.924274694577287,2.8617429054683323,2.8287114704620424,2.2039445811596664e-05
33.09,1.9230458991506072,2.8588495591283425,2.832202730795691,2.2101221667790877e-05
33.1,1.9218475453796315,2.8559290243167093,2.8356909130900956,2.216485680534233e-05
33.11,1.920679806531931,2.85298135061012,2.8391759052326226,2.2230377195185373e-05
33.12,1.9195428541179134,2.850006589051103,2.842657595765057,2.2297808324322953e-05
33.13,1.9184368578625992,2.847004792141548,2.8461358738701796,2.2367175179977042e-05
33.14,1.9173619856773756,2.84397601383619,2.8496106293578314,2.2438502233757652e-05
33.15,1.916318403631728,2.840920309536072,2.8530817526504633,2.251181342583176e-05
33.160000000000004,1.9153062759249575,2.8378377360819877,2.8565491347681777,2.2587132149121946e-05
33.17,1.9143257648578855,2.8347283517479145,2.8600126673132724,2.2664481233535143e-05
33.18,1.9133770308045512,2.8315922162344416,2.863472242454285,2.2743882930214535e-05
33.19,1.9124602321839066,2.8284293906622016,2.8669277529095503,2.28253588958369e-05
33.2,1.9115755254315117,2.8252399375653137,2.870379091930276,2.290893017694583e-05
33.21,1.9107230649712368,2.8220239208848428,2.8738261532831406,2.299461719434568e-05
33.22,1.9099030031869746,2.818781405962283,2.877268831232424,2.3082439727547316e-05
33.230000000000004,1.909115490394367,2.815512459533073,2.8807070205216796,2.3172416899266026e-05
33.24,1.908360674812553,2.812217149720149,2.884140616354947,2.3264567160012134e-05
33.25,1.9076387025359394,2.808895546027541,2.887569514377528,2.335890827273903e-05
33.26,1.9069497175060028,2.805547719334021,2.890993610656319,2.3455457297579044e-05
33.27,1.9062938614831249,2.8021737418868087,2.8944128016597204,2.35542305766782e-05
33.28,1.9056712740184667,2.7987736872953417,2.8978269842371236,2.365524371911456e-05
33.29,1.905082092425889,2.795347630525114,2.901236055597991,2.3758511585935993e-05
33.3,1.904526451753921,2.791895647891593,2.9046399132905356,2.386404827530253e-05
33.31,1.904004484757784,2.788417817054218,2.908038455180009,2.397186710775513e-05
33.32,1.9035163218714755,2.784914217010486,2.911431579426613,2.4081980611608786e-05
33.33,1.9030620911799199,2.781384928090135,2.9148191844630373,2.4194400508478337e-05
33.34,1.9026419183911887,2.7778300319494234,2.9182011689716436,2.430913769896337e-05
33.35,1.9022559268087984,2.7742496115655175,2.921577431861299,2.4426202248481552e-05
33.36,1.9019042373040902,2.7706437512309887,2.9249478722438735,2.454560337325225e-05
33.37,1.9015869682886986,2.767012536548428,2.9283123894104164,2.466734942647253e-05
33.38,1.9013042356871124,2.7633560544251807,2.9316708828070164,2.479144788465891e-05
33.39,1.9010561529093375,2.7596743930682077,2.9350232520103634,2.4917905334178948e-05
33.4,1.9008428308236633,2.7559676419790797,2.9383693967030236,2.5046727457995542e-05
33.410000000000004,1.9006643777295429,2.752235891949105,2.941709216648438,2.5177919022604965e-05
33.42,1.9005208993305898,2.748479235054599,2.9450426116656616,2.531148386520201e-05
33.43,1.9004124987076996,2.744697764652298,2.9483694816038506,2.544742488106916e-05
33.44,1.9003392762923024,2.740891575374922,2.951689726316519,2.558574401120465e-05
33.45,1.9003013298397522,2.737060763126892,2.9550032456355724,2.5726442230206946e-05
33.46,1.9002987544028591,2.733205425080201,2.9583099393451358,2.5869519534409162e-05
33.47,1.9003316423055727,2.7293256596704487,2.961609707155189,2.601497493028634e-05
33.480000000000004,1.9004000831168217,2.725421566593037,2.9649024486750246,2.6162806423139703e-05
33.49,1.9005041636245175,2.721493246799535,2.9681880633865445,2.6313011006078614e-05
33.5,1.9006439678097282,2.717540802494215,2.9714664506174073,2.646558464930153e-05
33.51,1.9008195768210305,2.7135643371307583,2.9747375095140463,2.6620522289686624e-05
33.52,1.9010310689490455,2.7095639554091395,2.9780011390145695,2.6777817820715687e-05
33.53,1.9012785196011668,2.705539763272689,2.9812572378215614,2.6937464082724428e-05
33.54,1.9015620012764882,2.7014918679053346,2.9845057043747985,2.7099452853502218e-05
33.55,1.9018815835409368,2.6974203777290278,2.9877464368238993,2.7263774839252533e-05
33.56,1.9022373330026205,2.6933254024013538,2.990979333000923,2.743041966592801e-05
33.57,1.9026293132873975,2.6892070528133267,2.994204290392934,2.7599375870934408e-05
33.58,1.9030575850146736,2.6850654410873753,2.9974212061145478,2.7770630895238558e-05
33.59,1.9035222057734378,2.6809006805755153,3.000629976880481,2.794417107588263e-05
33.6,1.904023230098542,2.676712885857713,3.003830498978115,2.8119981638912964e-05
33.61,1.9045607094472332,2.6725021727404394,3.007022668240099,2.8298046692736184e-05
33.62,1.905134692175947,2.6682686582554154,3.010206380017001,2.847834922191699e-05
33.63,1.90574522351737,2.6640124606585505,3.0133815291500374,2.866087108143519e-05
33.64,1.9063923455577776,2.6597336994290726,3.0165480099438846,2.884559299139873e-05
33.65,1.90707609721466,2.6554324952688497,3.0197057161396033,2.9032494532244303e-05
33.660000000000004,1.9077965142146407,2.6511089701019044,3.0228545408876877,2.9221554140422334e-05
33.67,1.9085536290716965,2.6467632470741185,3.02599437672126,2.9412749104585602e-05
33.68,1.9093474710656904,2.642395450553129,3.029125115529428,2.9606055562283233e-05
33.69,1.910178066221223,2.638005706128415,3.032246648530826,2.9801448497183092e-05
33.7,1.9110454372868133,2.633594140611572,3.035358866247359,2.9998901736844638e-05
33.71,1.911949603714416,2.629160882036774,3.0384616584781647,3.0198387951022992e-05
33.72,1.9128905816392854,2.624706059661421,3.0415549142738185,3.039987865054076e-05
33.730000000000004,1.9138683838601966,2.620229803966971,3.044638521910798,3.060334418673204e-05
33.74,1.9148830198200293,2.6157322466599546,3.0477123688662258,3.0808753751457856e-05
33.75,1.9159344955867255,2.6112135206731697,3.0507763417929104,3.101607537773802e-05
33.76,1.917022813834633,2.6066737601670513,3.053830326494708,3.122527594097009e-05
33.77,1.918147973826239,2.6021131005312195,3.05687420790222,3.143632116076788e-05
33.78,1.9193099713943071,2.5975316783861975,3.059907870048849,3.16491756034337e-05
33.79,1.9205087989244265,2.592929631585299,3.062931196047232,3.186380268505351e-05
33.8,1.9217444453379815,2.5883070992166823,3.0659440680660723,3.208016467525438e-05
33.81,1.9230168960755538,2.583664221605565,3.0689463673073853,3.229822270160696e-05
33.82,1.9243261330807646,2.579001140316601,3.071937973984185,3.251793675470214e-05
33.83,1.9256721347845687,2.574317998156406,3.074918767298624,3.273926569390144e-05
33.84,1.9270548760900081,2.569614939176242,3.077888625420611,3.296216725376022e-05
33.85,1.9284743283574386,2.5648921086748424,3.0808474254669242,3.3186598051163026e-05
33.86,1.9299304593902349,2.560149653201381,3.0837950434808405,3.3412513593151574e-05
33.87,1.9314232334209889,2.55538772055858,3.0867313544122994,3.3639868285454015e-05
33.88,1.9329526110982085,2.55060645980595,3.089656232098622,3.386861544174242e-05
33.89,1.934518549473528,2.545806021263157,3.092569549245803,3.409870729361037e-05
33.9,1.93612100198944,2.540986556513513,3.095471177410399,3.4330095001272154e-05
33.910000000000004,1.9377599184675598,2.5361482184075856,3.0983609869820254,3.456272866501058e-05
33.92,1.939435245097433,2.5312911610669175,3.101238847166488,3.479655733735969e-05
33.93,1.9411469244258945,2.5264155398878523,3.1041046259695633,3.5031529036025366e-05
33.94,1.9428948953469918,2.5215215115454632,3.1069581901814485,3.5267590757577866e-05
33.95,1.9446790930924818,2.516609233997574,3.1097994053619002,3.550468849187972e-05
33.96,1.9464994492229126,2.511678866488871,3.1126281358260774,3.574276723727542e-05
33.97,1.9483558916192985,2.506730569555095,3.1154442446311092,3.5981771016561163e-05
33.980000000000004,1.9502483444754013,2.5017645050273103,3.1182475935634066,3.6221642893682827e-05
33.99,1.952176728290627,2.496780836036244,3.12103804312673,3.646232499122522e-05
34.0,1.9541409598635486,2.4917797270166875,3.123815452531039,3.6703758508668477e-05
34.01,1.9561409522860653,2.4867613437119536,3.1265796796821306,3.694588374138435e-05
34.02,1.9581766149382094,2.4817258531783843,3.129330581172094,3.7188640100427704e-05
34.03,1.9602478534836094,2.476673423789899,3.1320680122705893,3.743196613307439e-05
34.04,1.9623545698656228,2.4716042252425803,3.134791826916972,3.76757995441209e-05
34.05,1.9644966623041455,2.466518428559285,3.137501877713276,3.792007721795145e-05
34.06,1.9666740252931105,2.4614162060942797,3.140198015918072,3.816473524135765e-05
34.07,1.9688865495986854,2.4562977315378847,3.1428800914412163,3.840970892710832e-05
34.08,1.971134122258178,2.451163179921129,3.145547952839505,3.8654932838264126e-05
34.09,1.973416626579663,2.4460127276204,3.148201447313247,3.890034081323542e-05
34.1,1.975733942142336,2.4408465523620877,3.15084042070377,3.914586599157831e-05
34.11,1.9780859447976074,2.4356648332272073,3.1534647174918735,3.939144084051003e-05
34.12,1.9804725066709448,2.4304677506560024,3.1560741807972414,3.963699718215017e-05
34.13,1.9828934961644755,2.4252554864525115,3.1586686523788274,3.9882466221461104e-05
34.14,1.985348777960357,2.420028223789099,3.161247972636222,4.0127778574897286e-05
34.15,1.987838213024924,2.414786147210934,3.1638119806120195,4.03728642997399e-05
34.160000000000004,1.9903616586136252,2.409529442640417,3.1663605139951865,4.0617652924107454e-05
34.17,1.9929189682767563,2.4042582973815394,3.168893409125452,4.086207347763284e-05
34.18,1.9955099918659975,2.398972900124177,3.1714105009987215,4.110605452277856e-05
34.19,1.998134575541768,2.393673440948299,3.1739116232735287,4.134952418681955e-05
34.2,2.0007925617814033,2.3883601113280903,3.1763966082785324,4.15924101944095e-05
34.21,2.003483789388164,2.3830331041359836,3.1788652870210647,4.183463990077674e-05
34.22,2.0062080935010886,2.3776926136465817,3.1813174891967417,4.2076140325501024e-05
34.230000000000004,2.008965305605692,2.372338835540475,3.183753043200141,4.231683818685247e-05
34.24,2.011755253545525,2.366971966907937,3.186171776136552,4.2556659936707824e-05
34.25,2.014577761534594,2.361592206252493,3.188573513834805,4.279553179596346e-05
34.26,2.0174326501706603,2.356199753494358,3.190958080861187,4.3033379790488805e-05
34.27,2.020319736449414,2.3507948099737286,3.1933253005344424,4.327012978755531e-05
34.28,2.023238833779539,2.345377578453929,3.195674994941867,4.350570753273607e-05
34.29,2.02618975199867,2.3399482631243966,3.1980069849564945,4.3740038687254685e-05
34.300000000000004,2.0291722973902533,2.3345070696035073,3.2003210902553807,4.39730488657496e-05
34.31,2.032186272701314,2.329054204941224,3.202617129338986,4.420466367444258e-05
34.32,2.0352314771611346,2.3235898776215693,3.204894919551651,4.4434808749671625e-05
34.33,2.03830770650086,2.3181142975649096,3.2071542771031782,4.466340979677636e-05
34.34,2.041414752974019,2.312627676130046,3.2093950170914995,4.489039262929671e-05
34.35,2.0445524053779836,2.3071302261161053,3.2116169535264474,4.511568320846121e-05
34.36,2.047720449076358,2.301622161764221,3.213819899354613,4.533920768294836e-05
34.37,2.0509186660223118,2.2961036987590018,3.2160036664852947,4.5560892428875425e-05
34.38,2.0541468347828564,2.2905750542297767,3.2181680658175296,4.5780664089985374e-05
34.39,2.0574047305640666,2.2850364467516133,3.220312907268204,4.599844961802308e-05
34.4,2.060692125237258,2.279488096346102,3.222437999801239,4.621417631324407e-05
34.410000000000004,2.0640087873661153,2.2739302244818966,3.224543151457839,4.6427771865041745e-05
34.42,2.0673544822347827,2.2683630540750115,3.226628169387801,4.663916439265024e-05
34.43,2.070728971876909,2.2627868094888623,3.228692859881874,4.684828248590025e-05
34.44,2.0741320151056604,2.25720171653405,3.230737028405156,4.7055055245999774e-05
34.45,2.077563367544691,2.251608002467877,3.2327604796315272,4.7259412326269654e-05
34.46,2.0810227816600833,2.246005895993597,3.234763017479097,4.746128397285544e-05
34.47,2.084510006793251,2.2403956272593843,3.23674444514666,4.7660601065358985e-05
34.480000000000004,2.08802478919481,2.234777427857025,3.2387045651511492,4.785729515732478e-05
34.49,2.091566872059412,2.2291515308203205,3.2406431793660677,4.805129851658809e-05
34.5,2.0951359955615483,2.2235181706231995,3.2425600890608863,4.824254416544409e-05
34.51,2.0987318968923123,2.2178775831775344,3.244455094941394,4.84309659205933e-05
34.52,2.10235431029713,2.2122300058306563,3.246327997190983,4.861649843281319e-05
34.53,2.106002967114447,2.2065756773625664,3.2481785955128504,4.8799077226356445e-05
34.54,2.109677595815377,2.200914837982835,3.2500066891731,4.897863873802538e-05
34.550000000000004,2.1133779220443056,2.195247729327191,3.2518120770447263,4.915512035587559e-05
34.56,2.1171036686604445,2.1895745944537888,3.2535945576524585,4.93284604575264e-05
34.57,2.1208545557803347,2.1838956778391605,3.2553539292184466,4.949859844804291e-05
34.58,2.124630300821296,2.1782112253738393,3.257089989708765,4.966547479736079e-05
34.59,2.1284306185458126,2.1725214843576555,3.258802536880717,4.982903107720842e-05
34.6,2.132255221106854,2.1668267034947033,3.2604913683309116,4.9989209997491034e-05
34.61,2.1361038180941234,2.161127132887973,3.2621562815440917,5.0145955442121655e-05
34.62,2.139976116581228,2.1554230240336465,3.2637970739426905,5.0299212504244616e-05
34.63,2.143871821173763,2.149714629815054,3.2654135429370865,5.0448927520830576e-05
34.64,2.147790634058303,2.144002204496289,3.2670054859765374,5.0595048106617606e-05
34.65,2.151732255052292,2.1382860037154825,3.268572700600759,5.073752318734166e-05
34.660000000000004,2.1556963816548267,2.132566284477727,3.2701149844921296,5.0876303032257225e-05
34.67,2.159682709098316,2.1268433051476574,3.271632135528484,5.1011339285896954e-05
34.68,2.163690930401019,2.121117325441683,3.273123951836474,5.1142584999034985e-05
34.69,2.1677207364204376,2.1153886064198675,3.274590231845465,5.1269994658856134e-05
34.7,2.171771815907568,2.10965741047746,3.276030774341934,5.139352421826758e-05
34.71,2.1758438555619843,2.1039240013360723,3.277445378524346,5.151313112435135e-05
34.72,2.1799365400877586,2.098188644034505,3.27883384405847,5.162877434590851e-05
34.730000000000004,2.1840495522501895,2.0924516049192188,3.2801959711331086,5.1740414400094165e-05
34.74,2.1881825729333393,2.086713151634453,3.281531560516205,5.184801337809602e-05
34.75,2.192335281198358,2.08097355311199,3.2828404136112965,5.195153496985234e-05
34.76,2.196507354342585,2.0752330795605642,3.284122332514279,5.205094448777409e-05
34.77,2.200698467959413,2.0694920024549193,3.2853771200704522,5.214620888944435e-05
34.78,2.2049082959988966,2.06375059452451,3.286604579931805,5.223729679930352e-05
34.79,2.209136510829094,2.0580091297418517,3.2878045166145147,5.2324178529265626e-05
34.800000000000004,2.2133827832981257,2.0522678833105177,3.288976735556617,5.2406826098265714e-05
34.81,2.2176467827969275,2.0465271316527835,3.2901210431758146,5.248521325071441e-05
34.82,2.2219281773226913,2.0407871523969225,3.2912372469273903,5.2559315473869585e-05
34.83,2.2262266335429675,2.0350482243641497,3.2923251553621844,5.262911001406809e-05
34.84,2.230541816860414,2.0293106275552186,3.2933845781846034,5.2694575891826706e-05
34.85,2.234873391478176,2.023574643136672,3.29441532631062,5.275569391581883e-05
34.86,2.2392210204658727,2.0178405534267445,3.295417211925733,5.2812446695685746e-05
34.87,2.243584365826176,2.0121086418809244,3.2963900485428415,5.286481865367215e-05
34.88,2.247963088561958,2.0063791930771733,3.297333651060005,5.29127960351172e-05
34.89,2.252356848743992,2.000652492700804,3.2982478358180476,5.295636691775946e-05
34.9,2.2567653055791763,1.9949288275290222,3.299132420657966,5.2995521219843277e-05
34.910000000000004,2.261188117479274,1.9892084854151346,3.299987224978112,5.303025070706264e-05
34.92,2.2656249421301338,1.98349175527242,3.3008120697911036,5.306054899831167e-05
34.93,2.270075436561377,1.9777789270576729,3.3016067777804343,5.308641157023677e-05
34.94,2.2745392572165284,1.9720702917544177,3.3023711733567356,5.31078357606102e-05
34.95,2.279016060023563,1.9663661413557982,3.3031050827136634,5.3124820770514476e-05
34.96,2.283505500465852,1.9606667688471444,3.3038083338833664,5.313736766534909e-05
34.97,2.2880072336534822,1.954972468188219,3.3044807567914978,5.314547937464362e-05
34.980000000000004,2.2925209143949177,1.949283534295149,3.3051221833117417,5.314916069071388e-05
34.99,2.297046197268995,1.9436002630220415,3.3057324473198073,5.3148418266154e-05
35.0,2.3015827366972106,1.9379229511422913,3.3063113847468615,5.314326061015623e-05
35.01,2.3061301870162882,1.9322518963295794,3.306858833632362,5.313369808369775e-05
35.02,2.310688202550992,1.9265873971385687,3.3073746341762544,5.311974289358875e-05
35.03,2.3152564376871663,1.9209297529852998,3.307858628790501,5.3101409085401146e-05
35.04,2.319834546944974,1.9152792641272876,3.308310662149901,5.307871253527359e-05
35.050000000000004,2.324422185052304,1.9096362316433273,3.308730581242174,5.305167094063869e-05
35.06,2.3290190070183283,1.9040009574130086,3.309118235417267,5.3020303809867973e-05
35.07,2.333624668207176,1.8983737440959438,3.3094734764358567,5.298463245084731e-05
35.08,2.338238824411701,1.8927548951107145,3.3097961585170124,5.294467995852307e-05
35.09,2.3428611319273154,1.887144714613538,3.3100861383849822,5.290047120141289e-05
35.1,2.3474912476258596,1.8815435074766602,3.310343275315081,5.2852032807112964e-05
35.11,2.3521288290294855,1.8759515792664758,3.3105674311786384,5.2799393146839466e-05
35.12,2.3567735343845233,1.8703692362213826,3.3107584704869835,5.2742582318990564e-05
35.13,2.3614250227353017,1.864796785229372,3.310916260434435,5.26816321317831e-05
35.14,2.3660829539979,1.85923453380536,3.3110406709402653,5.2616576084977464e-05
35.15,2.3707469890337958,1.8536827900682624,3.311131574689612,5.25474493507145e-05
35.160000000000004,2.3754167897233915,1.8481418627178197,3.3111888471733106,5.247428875348741e-05
35.17,2.3800920190393784,1.8426120610111738,3.3112123667266204,5.2397132749279485e-05
35.18,2.3847723411199215,1.837093694739202,3.311202014566815,5.231602140389951e-05
35.19,2.3894574213416306,1.8315870742026117,3.311157674829619,5.2230996370528557e-05
35.2,2.394146926392292,1.8260925101877996,3.3110792346044593,5.21421008665242e-05
35.21,2.3988405243433313,1.8206103139424814,3.310966583968514,5.204937964949306e-05
35.22,2.403537884721982,1.8151407971510936,3.310819616019532,5.1952878992671164e-05
35.230000000000004,2.4082386785831256,1.809684271909973,3.310638226907402,5.185264665964735e-05
35.24,2.4129425785807843,1.804241050702319,3.3104223158644595,5.1748731878443835e-05
35.25,2.417649259039229,1.7988114463729403,3.310171785234493,5.1641185314997006e-05
35.26,2.422358396023682,1.7933957721027929,3.309886540500454,5.153005904606508e-05
35.27,2.42706966741058,1.7879943413833124,3.309566490310834,5.141540653158813e-05
35.28,2.4317827529573783,1.782607467990545,3.309211546504706,5.1297282586546096e-05
35.29,2.436497334371858,1.7772354659590817,3.3088216241354043,5.1175743352333136e-05
35.300000000000004,2.441213095380918,1.771878649555799,3.3083966414928354,5.1050846267676636e-05
35.31,2.4459297217988203,1.766537333253413,3.307936520124404,5.0922650039149364e-05
35.32,2.450646901594861,1.7612118317038474,3.3074411848545413,5.079121461128239e-05
35.33,2.4553643249604407,1.7559024597114246,3.3069105638028247,5.0656601136334386e-05
35.34,2.460081684375512,1.750609532205878,3.30634458840068,5.0518871943731166e-05
35.35,2.4647986746743684,1.7453333642151967,3.3057431934066557,5.0378090509202954e-05
35.36,2.4695149931107583,1.7400742708383028,3.3051063169202615,5.023432142367578e-05
35.37,2.4742303394222906,1.734832567217565,3.3044339003943644,5.008763036191648e-05
35.38,2.4789444158941127,1.7296085685111573,3.3037258886461367,4.9938084050975085e-05
35.39,2.483656927421828,1.724402589865262,3.302982229866551,4.9785750238451135e-05
35.4,2.4883675815736357,1.7192149463861266,3.302202875628419,4.9630697660631974e-05
35.410000000000004,2.493076088651663,1.7140459531119745,3.30138778089297,4.947299601049687e-05
35.42,2.497782161752468,1.708895924984777,3.3005369040149697,4.931271590563338e-05
35.43,2.502485516826684,1.7037651768218904,3.2996502067463793,4.914992885610932e-05
35.44,2.5071858727377943,1.6986540232875618,3.298727654238552,4.898470723229086e-05
35.45,2.5118829513199934,1.6935627788643097,3.2977692150429743,4.8817124232672005e-05
35.46,2.5165764774351365,1.688491757824184,3.2967748611105474,4.864725385172131e-05
35.47,2.5212661790287325,1.6834412741999074,3.2957445677894217,4.8475170847753926e-05
35.480000000000004,2.525951787184973,1.678411641755907,3.2946783138213833,4.830095071090201e-05
35.49,2.530633036180769,1.6734031739592372,3.293576081336799,4.812466963116169e-05
35.5,2.5353096635387766,1.6684161839504013,3.2924378558481284,4.794640446655425e-05
35.51,2.5399814100793887,1.6634509845140741,3.291263626242012,4.7766232711436916e-05
35.52,2.5446480199716746,1.6585078880497335,3.290053384769941,4.75842324649714e-05
35.53,2.5493092407832476,1.6535872065422021,3.2888071270375248,4.7400482399774965e-05
35.54,2.553964823529039,1.6486892515321072,3.2875248519923566,4.7215061730766096e-05
35.550000000000004,2.5586145227189605,1.6438143340862614,3.2862065619105043,4.7028050184245375e-05
35.56,2.5632580964044407,1.6389627647679712,3.284852262381625,4.683952796720458e-05
35.57,2.567895306223809,1.6341348536072766,3.2834619622927272,4.664957573690537e-05
35.58,2.57252591744652,1.629330910071127,3.282035673810588,4.6458274570729456e-05
35.59,2.5771496990161924,1.6245512430335007,3.280573412362847,4.6265705936311745e-05
35.6,2.581766423592454,1.619796160745469,3.2790751966177925,4.607195166198688e-05
35.61,2.5863758675915682,1.6150659708052146,3.277541048462851,4.5877093907560914e-05
35.62,2.590977811225837,1.6103609801280065,3.2759709929818066,4.568121513542027e-05
35.63,2.5955720385417567,1.6056814949161367,3.2743650584307655,4.5484398081969386e-05
35.64,2.600158337456919,1.6010278206288255,3.272723276212884,4.528672572945085e-05
35.65,2.604736499795639,1.596400261952101,3.271045680851883,4.508828127812145e-05
35.660000000000004,2.6093063213233005,1.5917991227686543,3.269332309964368,4.4889148118812276e-05
35.67,2.6138676017794045,1.587224706127682,3.2675832042309803,4.468940980588774e-05
35.68,2.618420144909309,1.5826773142147148,3.2657984073663973,4.448915003059193e-05
35.69,2.622963758494652,1.5781572483214432,3.2639779660882073,4.4288452594805526e-05
35.7,2.6274982543824406,1.5736648088155425,3.2621219300846844,4.408740138521886e-05
35.71,2.6320234485128036,1.5692002951105035,3.2602303519814835,4.388608034792793e-05
35.72,2.6365391609453934,1.5647640056354755,3.258303287307286,4.3684573463439384e-05
35.730000000000004,2.6410452158844278,1.560356237805125,3.256340794458418,4.3482964722131466e-05
35.74,2.645541441702369,1.5559772879895177,3.254342934662467,4.32813381001246e-05
35.75,2.650027670962224,1.5516274514840294,3.2523097719409266,4.3079777535605e-05
35.76,2.6545037404384684,1.5473070224792889,3.2502413730708937,4.287836690558382e-05
35.77,2.6589694911365767,1.5430162940311631,3.2481378075458456,4.2677190003086566e-05
35.78,2.6634247683111645,1.5387555580307857,3.2459991475355277,4.2476330514807984e-05
35.79,2.667869421482728,1.5345251051746367,3.2438254678449767,4.2275871999186736e-05
35.800000000000004,2.672303304452981,1.5303252249346808,3.241616845872711,4.207589786493456e-05
35.81,2.6767262753187837,1.5261562055285665,3.2393733615681133,4.187649135000711e-05
35.82,2.6811381964846612,1.522018333889894,3.2370950973880404,4.167773550101266e-05
35.83,2.6855389346739056,1.5179118956385584,3.234782138252683,4.147971315305888e-05
35.84,2.689928360938264,1.5138371750511712,3.2324345715007134,4.128250691003548e-05
35.85,2.6943063506662055,1.509794455031569,3.2300524868437415,4.108619912532884e-05
35.86,2.6986727835897706,1.5057840170814123,3.2276359763201175,4.0890871882966605e-05
35.87,2.703027543789999,1.5018061412708834,3.2251851342481093,4.0696606979188684e-05
35.88,2.7073705197009375,1.4978611062094858,3.2227000571784816,4.050348590443304e-05
35.89,2.7117016041122284,1.4939491890169523,3.2201808438465136,4.0311589825740496e-05
35.9,2.7160206941702785,1.490070665294269,3.217627595123479,4.012099956956524e-05
35.910000000000004,2.7203276913780106,1.4862258090948184,3.215040413967627,3.993179560499361e-05
35.92,2.7246225015932017,1.4824148928956478,3.212419405374687,3.974405802735733e-05
35.93,2.728905035025407,1.4786381875688703,3.209764676327935,3.955786654222671e-05
35.94,2.733175206231475,1.4748959623532025,3.207076335747848,3.9373300449808395e-05
35.95,2.7374329341096586,1.4711884848256434,3.2043544944413793,3.919043862970043e-05
35.96,2.741678141892323,1.467516020873303,3.201599265050884,3.90093595260175e-05
35.97,2.74591075713726,1.463878834665383,3.1988107620027284,3.8830141132886356e-05
35.980000000000004,2.7501307117176075,1.4602771886253172,3.1959891014556083,3.865286098027577e-05
35.99,2.7543379418103884,1.4567113434030747,3.1931344012486162,3.8477596120186164e-05
36.0,2.7585323878836663,1.4531815578476333,3.1902467808490758,3.830442311316494e-05
36.01,2.762713994682332,1.4496880889796262,3.1873263613001845,3.813341801513754e-05
36.02,2.7668827112125216,1.4462311919641697,3.184373265168488,3.796465636456817e-05
36.03,2.7710384907246817,1.442811120083873,3.181387616491219,3.779821316992615e-05
36.04,2.7751812906952815,1.4394281247120386,3.1783695407235286,3.76341628974391e-05
36.050000000000004,2.779311072807186,1.4360824552860567,3.1753191646856416,3.747257945913391e-05
36.06,2.7834278029286974,1.4327743592809967,3.172236616509964,3.731353620116296e-05
36.07,2.787531451091274,1.4295040821834035,3.1691220255881682,3.7157105892389106e-05
36.08,2.7916219914659366,1.4262718674652999,3.1659755225182935,3.7003360713227345e-05
36.09,2.795699402338373,1.423077956558402,3.1627972390518795,3.685237224473573e-05
36.1,2.799763666082751,1.419922588828549,3.159587308041168,3.670421145794266e-05
36.11,2.8038147691342505,1.4168060015503547,3.1563458633863974,3.655894870340128e-05
36.12,2.8078527019603268,1.4137284298820818,3.15307303998322,3.64166537009461e-05
36.13,2.8118774590307156,1.4106901068407434,3.1497689736702648,3.6277395529666804e-05
36.14,2.8158890387861946,1.4076912632774368,3.1464338011768787,3.6141242618079874e-05
36.15,2.8198874436061105,1.4047321278529117,3.1430676600710656,3.60082627344675e-05
36.160000000000004,2.823872679774686,1.4018129270133757,3.1396706887076546,3.587852297740159e-05
36.17,2.8278447574461207,1.3989338849665411,3.1362430261767207,3.57520897664333e-05
36.18,2.8318036906084973,1.3960952236579163,3.132784812252281,3.562902883291946e-05
36.19,2.835749497046509,1.3932971627473432,3.1292961873412986,3.550940521099944e-05
36.2,2.8396821983030196,1.3905399195857844,3.125777292433008,3.539328322871096e-05
36.21,2.8436018196394723,1.3878237091923622,3.122228269048594,3.528072649920928e-05
36.22,2.8475083899951614,1.3851487442316515,3.118649259191245,3.517179791211249e-05
36.230000000000004,2.8514019419453818,1.3825152349912286,3.1150404052966016,3.506655962493504e-05
36.24,2.85528251165847,1.379923389359479,3.1114018501836287,3.4965073054614815e-05
36.25,2.8591501388517546,1.3773734128036628,3.1077337370059244,3.486739886912458e-05
36.26,2.863004866746427,1.3748655083482437,3.1040362092034974,3.477359697914462e-05
36.27,2.866846742021355,1.3723998765534782,3.1003094104550257,3.4683726529797607e-05
36.28,2.8706758147658458,1.369976715494269,3.0965534846306233,3.4597845892432476e-05
36.29,2.874492138431386,1.3675962207392827,3.0927685757451306,3.451601265645335e-05
36.300000000000004,2.878295769782364,1.3652585853303323,3.0889548279119525,3.443828362116813e-05
36.31,2.8820867688457974,1.3629639997620246,3.085112385297459,3.4364714787663545e-05
36.32,2.88586519886008,1.3607126519616737,3.081241392075971,3.429536135069049e-05
36.33,2.889631126222766,1.358504727269479,3.077341992385349,3.423027769054579e-05
36.34,2.8933846204374087,1.3563404084189694,3.0734143302831995,3.416951736495191e-05
36.35,2.8971257540594673,1.3542198755177115,3.0694585497037203,3.411313310091872e-05
36.36,2.900854602641304,1.3521433060282821,3.0654747944152,3.4061176786565894e-05
36.37,2.904571244676283,1.3501108747495048,3.0614632079781874,3.401369946293084e-05
36.38,2.9082757615419976,1.348122753797946,3.0574239337043494,3.397075131572139e-05
36.39,2.911968237442629,1.3461791125896756,3.053357114616028,3.393238166701011e-05
36.4,2.91564875935047,1.3442801178222827,3.0492628934065173,3.389863896687499e-05
36.410000000000004,2.9193174169466185,1.342425933457152,3.045141412401072,3.386957078497507e-05
36.42,2.922974302560867,1.3406167207019932,3.040992813518659,3.3845223802039765e-05
36.43,2.9266195111108,1.3388526379936252,3.03681723823447,3.382564380126726e-05
36.44,2.9302531400401217,1.33713384098101,3.032614827543209,3.381087565964423e-05
36.45,2.933875289256229,1.3354604825085354,3.0283857219231614,3.380096333916115e-05
36.46,2.9374860610670495,1.3338327125995415,3.024130061301059,3.379594987791034e-05
36.47,2.9410855601171595,1.3322506784400907,3.0198479850177598,3.379587738106864e-05
36.480000000000004,2.944673893323205,1.3307145243629759,3.0155396317947427,3.380078701176797e-05
36.49,2.94825116980864,1.329224391831964,3.0112051397014357,3.381071898182798e-05
36.5,2.9518175008378003,1.3277804194262701,3.006844646123384,3.38257125423442e-05
36.51,2.955372999749332,1.3263827428252615,3.0024582877312724,3.3845805974156086e-05
36.52,2.958917781888995,1.3250314947933817,2.9980462004508026,3.387103657814582e-05
36.53,2.962451964541854,1.323726805165297,2.993608519433447,3.390144066538044e-05
36.54,2.9659756668638817,1.322468800831256,2.9891453790280758,3.3937053547109655e-05
36.550000000000004,2.969489009812986,1.3212576057226584,2.984656912753473,3.397790952458156e-05
36.56,2.972992116079486,1.320093340797831,2.9801432532717462,3.402404187869291e-05
36.57,2.9764851100160503,1.3189761240280011,2.975604532362637,3.407548285945668e-05
36.58,2.9799681175671155,1.3179060703834669,2.97104088089874,3.4132263675298505e-05
36.59,2.9834412661978087,1.3168832918199553,2.966452428821639,3.4194414482155484e-05
36.6,2.986904684822384,1.3159078972651657,2.961839305118959,3.426196437238071e-05
36.61,2.9903585037321996,1.314979992605489,2.9572016378023505,3.43349413634682e-05
36.62,2.993802854523246,1.3140996806729017,2.952539553886402,3.4413372386572666e-05
36.63,2.997237870023252,1.3132670612320236,2.9478531793684897,3.449728327482092e-05
36.64,3.0006636842183756,1.3124822309673374,2.9431426392095688,3.458669875141778e-05
36.65,3.004080432179512,1.311745283470561,2.938408057315911,3.4681642417557914e-05
36.660000000000004,3.0074882499882216,1.3110563092281673,2.933649556521788,3.4782136740112296e-05
36.67,3.010887274662311,1.3104153956090447,2.9288672585731117,3.4888203039105164e-05
36.68,3.014277644081073,1.3098226268522921,2.9240612841120246,3.499986147498813e-05
36.69,3.0176594969102113,1.3092780840551406,2.9192317526624523,3.5117131035688975e-05
36.7,3.0210329725264677,1.308781845160996,2.9143787826166125,3.5240029523439596e-05
36.71,3.0243982109419645,1.308333984947596,2.9095024912224896,3.536857354138999e-05
36.72,3.0277553527282866,1.307934575015272,2.9046029945722696,3.550277848002047e-05
36.730000000000004,3.0311045389403195,1.3075836837753125,2.8996804075917404,3.564265850331836e-05
36.74,3.0344459110398603,1.3072813764384177,2.8947348440306584,3.578822653473723e-05
36.75,3.0377796108190207,1.3070277150032397,2.8897664164540804,3.593949424295411e-05
36.76,3.041105780323442,1.3068227582450016,2.884775236234661,3.609647202741083e-05
36.77,3.0444245617753376,1.3066665617041866,2.8797614135459164,3.625916900363708e-05
36.78,3.0477360974963856,1.3065591776752907,2.8747250573564527,3.642759298835981e-05
36.79,3.0510405298304835,1.3065006551956324,2.86966627542516,3.660175048442322e-05
36.800000000000004,3.054338001066391,1.3064910400342111,2.864585174297368,3.67816466654992e-05
36.81,3.057628653360275,1.306530374680608,2.859481859301964,3.69672853605953e-05
36.82,3.0609126286581763,1.306618698333921,2.85435643454947,3.7158669038367105e-05
36.83,3.0641900686184154,1.3067560468917265,2.8492090029310786,3.7355798791248774e-05
36.84,3.067461114533961,1.3069424529390632,2.844039666118644,3.755867431940398e-05
36.85,3.070725907254775,1.307177945737428,2.8388485245656225,3.776729391448649e-05
36.86,3.0739845871101514,1.307462551213778,2.8336356775089673,3.79816544432468e-05
36.87,3.0772372938310797,1.3077962919495323,2.828401222971963,3.8201751330967773e-05
36.88,3.0804841664726355,1.3081791871695652,2.8231452577680076,3.8427578544743556e-05
36.89,3.0837253433364302,1.3086112527311862,2.817867877505329,3.8659128576626265e-05
36.9,3.086960961893135,1.3090925011130983,2.812569176592636,3.889639242661956e-05
36.910000000000004,3.0901911587050948,1.3096229414043283,2.8072492482456997,3.9139359585560756e-05
36.92,3.093416069349061,1.310202579293124,2.8019081844948563,3.938801801787984e-05
36.93,3.0966358283390525,1.3108314170558097,2.796546076193432,3.964235414426193e-05
36.94,3.0998505690493716,1.3115094535455973,2.7911630130270773,3.9902352824215263e-05
36.95,3.103060423637793,1.3122366841813429,2.7857590835240105,4.016799733854869e-05
36.96,3.106265522968946,1.3130131009362462,2.780334375066164,4.0439269371808994e-05
36.97,3.1094659965379097,1.3138386923264878,2.774888973901223,4.0716148994648685e-05
36.980000000000004,3.1126619723940423,1.314713443399794,2.7694229651555506,4.099861464616038e-05
36.99,3.115853577065067,1.3156373357239308,2.763936432847999,4.12866431161994e-05
37.0,3.1190409354814306,1.3166103473751172,2.758429459904588,4.1580209527697145e-05
37.01,3.122224170900962,1.3176324529263541,2.752902128174054,4.1879287318988246e-05
37.02,3.1254034048338477,1.3187036234356673,2.747354518444254,4.218384822617417e-05
37.03,3.128578756967947,1.3198238264342554,2.7417867104594182,4.24938622655285e-05
37.04,3.1317503450944684,1.3209930259145437,2.736198782938249,4.280929771598445e-05
37.050000000000004,3.1349182850340305,1.3222111823181368,2.7305908135928436,4.313012110170568e-05
37.06,3.1380826905631274,1.323478252523669,2.7249628791484475,4.3456297174780415e-05
37.07,3.141243673341024,1.3247941898345479,2.7193150553640133,4.3787788898037424e-05
37.08,3.1444013428371007,1.3261589439665897,2.71364741705357,4.412455742801003e-05
37.09,3.1475558062586706,1.3275724610355435,2.7079600381083804,4.44665620981162e-05
37.1,3.1507071684792973,1.329034683544502,2.702252991519884,4.4813760402012094e-05
37.11,3.15385553196763,1.3305455503711978,2.696526349403411,4.516610797718444e-05
37.12,3.1570009967167834,1.3321049967551841,2.690780183022656,4.552355858880566e-05
37.13,3.160143660174286,1.333712954284898,2.685014562814903,4.588606411385977e-05
37.14,3.1632836171726204,1.3353693508846067,2.679229558416988,4.62535745256021e-05
37.15,3.1664209598603805,1.3370741108012365,2.6734252386919852,4.66260378783356e-05
37.160000000000004,3.1695557776340704,1.3388271545910846,2.6676016717566085,4.7003400292561024e-05
37.17,3.17268815707057,1.3406283991064143,2.6617589250093125,4.7385605940527634e-05
37.18,3.1758181818602913,1.3424777574819362,2.6558970651590834,4.777259703221069e-05
37.19,3.178945932741055,1.3443751391211742,2.6500161582549007,4.816431380176408e-05
37.2,3.182071487432709,1.346320449682722,2.644116269715861,4.856069449443982e-05
37.21,3.1851949205725156,1.3483135910663886,2.6381974643619506,4.8961675354045875e-05
37.22,3.1883163036513387,1.3503544613992402,2.6322598064454454,4.9367190610957875e-05
37.230000000000004,3.1914357049506497,1.3524429550215384,2.626303359682935,4.977717247073171e-05
37.24,3.1945531894803874,1.3545789624725804,2.6203281872879427,5.0191551103328955e-05
37.25,3.197668818917693,1.3567623704764442,2.6143343520041387,5.061025463301096e-05
37.26,3.200782651546552,1.3589930619276474,2.6083219161391207,5.103320912894381e-05
37.27,3.2038947421983686,1.36127091587672,2.6022909415987523,5.1460338596500114e-05
37.28,3.207005142193501,1.3635958075157015,2.596241489922042,5.189156496937083e-05
37.29,3.2101138992837885,1.3659676081635657,2.5901736223165415,5.232680810246801e-05
37.300000000000004,3.2132210575960944,1.3683861852515828,2.5840873996942526,5.276598576565834e-05
37.31,3.2163266575768987,1.370851402308625,2.5779828827080227,5.320901363840556e-05
37.32,3.2194307359379675,1.373363118946423,2.5718601317884096,5.3655805305321966e-05
37.33,3.2225333256031283,1.3759211908447853,2.5657192071810004,5.410627225267666e-05
37.34,3.2256344556561816,1.3785254697367841,2.5595601689841647,5.4560323865902486e-05
37.35,3.228734151289978,1.3811758033939245,2.5533830771872243,5.501786742814973e-05
37.36,3.2318324337566935,1.3838720356113003,2.547187991709019,5.547880811990956e-05
37.37,3.2349293203193286,1.386614006192753,2.5409749724368513,5.5943049019745826e-05
37.38,3.2380248242044667,1.3894015509360413,2.5347440792657894,5.6410491106200584e-05
37.39,3.241118954556321,1.3922345016180375,2.5284953721383077,5.688103326088623e-05
37.4,3.2442117163920976,1.3951126859799576,2.5222289110842455,5.7354572272793505e-05
37.410000000000004,3.2473031105587116,1.3980359277126444,2.5159447562610655,5.7831002843893004e-05
37.42,3.2503931336908822,1.4010040464419125,2.5096429679943864,5.831021759604693e-05
37.43,3.2534817781706407,1.404016857713973,2.5033236068187725,5.879210707925839e-05
37.44,3.256569032088283,1.4070741729809502,2.496986733518758,5.927655978131117e-05
37.45,3.2596548792047972,1.4101757995865065,2.4906324091700833,5.976346213883955e-05
37.46,3.262739298915797,1.4133215407515933,2.4842606951811224,6.025269854985418e-05
37.47,3.2658222662169942,1.4165111955603409,2.4778716533344785,6.0744151387771324e-05
37.480000000000004,3.2689037516712425,1.4197445589461082,2.471465345828725,6.123770101697145e-05
37.49,3.2719837213771794,1.4230214216777066,2.465041835320271,6.173322580992114e-05
37.5,3.2750621369395048,1.426341570345819,2.4586011849653255,6.223060216591295e-05
37.51,3.278138955440921,1.429704787349631,2.452143458461939,6.27297045314303e-05
37.52,3.2812141294157704,1.433110850883692,2.445668720092098,6.323040542217728e-05
37.53,3.284287606825401,1.4365595349250324,2.43917703476385,6.373257544681842e-05
37.54,3.287359331035286,1.4400506092205472,2.4326684680534325,6.42360833324417e-05
37.550000000000004,3.2904292407939377,1.443583839274676,2.426143086247385,6.474079595176997e-05
37.56,3.2934972702136363,1.4471589863373955,2.4196009563846173,6.5246578352172e-05
37.57,3.296563348753013,1.4507758073925465,2.4130421462984106,6.575329378648316e-05
37.58,3.299627401201511,1.4544340551465207,2.406466724658326,6.626080374565085e-05
37.59,3.302689347665758,1.458133478017326,2.3998747610119953,6.676896799323407e-05
37.6,3.305749103557876,1.4618738201240566,2.3932663258267737,6.727764460179788e-05
37.61,3.3088065795857657,1.4656548212767886,2.3866414905312197,6.778668999118953e-05
37.62,3.311861681745381,1.4694762169669273,2.380000327556387,6.829595896873692e-05
37.63,3.3149143113150363,1.47333773835803,2.3733429103768957,6.880530477136792e-05
37.64,3.317964364851763,1.4772391122771267,2.3666693135517645,6.931457910967737e-05
37.65,3.32101173418975,1.4811800612065682,2.359979612764969,6.982363221394995e-05
37.660000000000004,3.32405630644089,1.4851603032764222,2.353273884865711,7.033231288212492e-05
37.67,3.3270979639974616,1.4891795522574458,2.346552207908365,7.08404685297582e-05
37.68,3.3301365845369677,1.49323751755466,2.3398146611920803,7.134794524192754e-05
37.69,3.333172041029161,1.497333904201552,2.333061325300013,7.18545878271199e-05
37.7,3.336204201745277,1.501468412854933,2.3262922821381617,7.236023987309135e-05
37.71,3.3392329302694943,1.5056407397904743,2.3195076149737814,7.286474380468523e-05
37.72,3.342258085512656,1.509850576898955,2.3127074084733494,7.336794094361685e-05
37.730000000000004,3.3452795217282576,1.5140976116832428,2.3058917487400605,7.386967157020307e-05
37.74,3.3482970885307393,1.5183815272560377,2.299060723350823,7.436977498702352e-05
37.75,3.3513106309160854,1.5227020023384057,2.2922144213927336,7.486808958450278e-05
37.76,3.3543199892847646,1.5270587112591294,2.285352933499003,7.536445290840233e-05
37.77,3.3573249994670173,1.5314513239549037,2.278476351884311,7.585870172918387e-05
37.78,3.3603254927505146,1.535879505971404,2.271584770379563,7.635067211323166e-05
37.79,3.3633212959103975,1.5403429184652546,2.2646782844660263,7.684019949589209e-05
37.800000000000004,3.3663122312417157,1.5448412182069229,2.2577569913088196,7.732711875631332e-05
37.81,3.3692981165942784,1.5493740575845716,2.2508209897897364,7.78112642940474e-05
37.82,3.3722787654099236,1.553941084608891,2.2438703805393723,7.829247010736695e-05
37.83,3.3752539867622238,1.5585419429189427,2.236905265968538,7.87705698732735e-05
37.84,3.378223585398633,1.5631762717890385,2.229925750298933,7.924539702912005e-05
37.85,3.3811873617850794,1.5678437061366859,2.2229319395930585,7.971678485584047e-05
37.86,3.3841451121530195,1.572543876531622,2.2159239417833456,8.018456656271405e-05
37.87,3.387096628548947,1.5772764092059661,2.208901866700479,8.064857537358316e-05
37.88,3.390041698886369,1.5820409260655164,2.2018658261008945,8.110864461453547e-05
37.89,3.3929801070002426,1.5868370447022144,2.1948159336934268,8.156460780291434e-05
37.9,3.395911632703882,1.5916643784078068,2.187752305165092,8.201629873763058e-05
37.910000000000004,3.3988360518483236,1.5965225361887263,2.1806750582059804,8.246355159072244e-05
37.92,3.401753136384154,1.6014111227822185,2.173584312533243,8.290620100004091e-05
37.93,3.40466265442579,1.6063297386737379,2.16648018991415,8.334408216303711e-05
37.94,3.407564370318209,1.6112779801156374,2.159362814188209,8.37770309315456e-05
37.95,3.410458044706115,1.6162554391471755,2.152232311288316,8.420488390749163e-05
37.96,3.4133434346055376,1.6212617036158616,2.145088809260931,8.46274785394391e-05
37.97,3.416220293477842,1.6262963572001647,2.1379324382852563,8.504465321988627e-05
37.980000000000004,3.4190883713061444,1.6313589794336039,2.130763330691403,8.54562473832261e-05
37.99,3.4219474146741105,1.6364491457302441,2.123581620977533,8.586210160426227e-05
38.0,3.4247971668471235,1.641566427411616,2.1163874458259584,8.626205769723083e-05
38.01,3.4276373678557985,1.646710391735079,2.1091809441181844,8.665595881517959e-05
38.02,3.4304677545818225,1.651880601923648,2.1019622569488883,8.704364954959999e-05
38.03,3.433288060846094,1.6570766171973,2.0947315276388165,8.742497603027348e-05
38.04,3.4360980174991407,1.662297992805776,2.087488901746589,8.77997860251742e-05
38.050000000000004,3.4388973525137803,1.6675442800629001,2.0802345270794023,8.81679290403177e-05
38.06,3.4416857910800016,1.672815026382425,2.072968553702622,8.852925641948138e-05
38.07,3.4444630557020277,1.6781097753154202,2.0656911339482504,8.888362144366782e-05
38.08,3.4472288662975292,1.6834280665892176,2.058402422422268,8.923087943019385e-05
38.09,3.4499829402989532,1.6887694361479257,2.0511025760108343,8.957088783129547e-05
38.1,3.452724992756925,1.694133416194523,2.0437917538853494,8.99035063321578e-05
38.11,3.4554547364456853,1.699519535234542,2.0364701175063598,9.022859694821341e-05
38.12,3.4581718819705207,1.7049273181213533,2.029137830626316,9.054602412162491e-05
38.13,3.4608761378771384,1.7103562861030557,2.0217950592911667,9.085565481682276e-05
38.14,3.4635672107629447,1.7158059568709811,2.0144419718407933,9.115735861497967e-05
38.15,3.4662448053901738,1.7212758446098202,2.0070787389082807,9.145100780732689e-05
38.160000000000004,3.468908624800816,1.7267654600493714,1.9997055334180198,9.173647748714671e-05
38.17,3.471558370433296,1.7322743105179184,1.992322530582647,9.201364564038114e-05
38.18,3.4741937422408458,1.7378018999972382,1.984929907898816,9.228239323469706e-05
38.19,3.4768144388115094,1.7433477291792383,1.977527845141805,9.25426043069087e-05
38.2,3.479420157489729,1.7489112955242263,1.9701165243589622,9.279416604865839e-05
38.21,3.4820105944994477,1.7544920933208061,1.9626961298619907,9.303696889020538e-05
38.22,3.4845854450686655,1.7600896137474018,1.9552668482180786,9.327090658224528e-05
38.230000000000004,3.487144403555388,1.7657033449354014,1.9478288682398774,9.349587627562708e-05
38.24,3.4896871635748967,1.7713327720339165,1.9403823809743355,9.37117785988582e-05
38.25,3.4922134181282765,1.7769773772761508,1.9329275796903924,9.391851773332552e-05
38.26,3.4947228597321316,1.7826366400473694,1.9254646598655418,9.411600148607352e-05
38.27,3.4972151805494147,1.7883100369544571,1.9179938191712709,9.430414136006777e-05
38.28,3.4996900725213003,1.7939970418970572,1.9105152574573852,9.448285262186416e-05
38.29,3.5021472275000267,1.7996971261402779,1.9030291767352292,9.465205436653119e-05
38.300000000000004,3.504586337382629,1.8054097583889495,1.8955357811598128,9.481166957978868e-05
38.31,3.5070070942454894,1.8111344048634224,1.8880352770108544,9.496162519723957e-05
38.32,3.509409190479623,1.8168705293768836,1.880527872672755,9.510185216060374e-05
38.33,3.51179231892662,1.8226175934141788,1.8730137786135144,9.523228547091616e-05
38.34,3.514156173015167,1.8283750562121166,1.8654932073626023,9.535286423855373e-05
38.35,3.516500446898055,1.8341423748412375,1.8579663734878016,9.54635317300322e-05
38.36,3.5188248355896072,1.8399190042890228,1.8504334935710376,9.556423541153802e-05
38.37,3.5211290351034217,1.845704397544522,1.8428947861832066,9.565492698908261e-05
38.38,3.523412742590364,1.8514980056843726,1.8353504718580245,9.573556244523565e-05
38.39,3.5256756564767087,1.857299277960188,1.8278007730649097,9.580610207238796e-05
38.4,3.5279174766023513,1.8631076618872828,1.8202459141809184,9.58665105024812e-05
38.410000000000004,3.5301379043589987,1.868922603334711,1.8126861214617502,9.591675673315919e-05
38.42,3.5323366428282523,1.8747435466165838,1.805121623011845,9.595681415029995e-05
38.43,3.5345133969194964,1.8805699345846374,1.7975526487535871,9.598666054689341e-05
38.44,3.536667873507498,1.8864012087220174,1.7899794303956393,9.600627813823409e-05
38.45,3.5387997815696353,1.892236809238248,1.7824022014004253,9.601565357339641e-05
38.46,3.540908832322661,1.8980761751653474,1.7748211969507819,9.601477794297293e-05
38.47,3.5429947393589107,1.9039187444550583,1.7672366539158029,9.600364678307528e-05
38.480000000000004,3.545057218781872,1.9097639540771518,1.7596488108158947,9.598226007555857e-05
38.49,3.5470959893410168,1.9156112401187688,1.7520579077870668,9.595062224450202e-05
38.5,3.549110772565814,1.9214600378847597,1.7444641865444777,9.590874214891603e-05
38.51,3.551101292898833,1.9273097819989802,1.7368678903452615,9.585663307170038e-05
38.52,3.5530672778278434,1.9331599065065037,1.7292692639506548,9.579431270485828e-05
38.53,3.5550084580168324,1.9390098449767066,1.72166855358745,9.572180313099091e-05
38.54,3.5569245674358436,1.9448590306071836,1.7140660069087947,9.563913080110345e-05
38.550000000000004,3.558815343489554,1.9507068963284488,1.7064618729543632,9.554632650871878e-05
38.56,3.560680527144505,1.9565528749093772,1.6988564021099237,9.544342536037755e-05
38.57,3.5625198630548964,1.9623963990633408,1.691249846066323,9.533046674254816e-05
38.58,3.5643330996868676,1.9682369015549923,1.6836424577779128,9.520749428497071e-05
38.59,3.566119989441173,1.974073815307649,1.6760344914204435,9.507455582051874e-05
38.6,3.567880288774178,1.9799065735112287,1.6684262023484462,9.493170334162588e-05
38.61,3.5696137583170886,1.9857346097306892,1.6608178470521282,9.477899295331872e-05
38.62,3.571320162993339,1.9915573580149204,1.6532096831138063,9.461648482294645e-05
38.63,3.5729992721340573,1.9973742530060408,1.6456019691639003,9.444424312666591e-05
38.64,3.574650859591535,2.003184730049045,1.6379949648365102,9.426233599276008e-05
38.65,3.5762747038506193,2.008988225301755,1.6303889307246022,9.40708354418715e-05
38.660000000000004,3.5778705881379635,2.014784175845021,1.6227841283348245,9.386981732422935e-05
38.67,3.579438300529059,2.0205720197931183,1.6151808200419782,9.365936125395236e-05
38.68,3.580977634052977,2.026351196404292,1.6075792690431636,9.343955054054793e-05
38.69,3.582488386794759,2.0321211461913946,1.5999797393116282,9.321047211766862e-05
38.7,3.583970361995384,2.0378813110325624,1.5923824955503345,9.297221646923628e-05
38.71,3.5854233681492547,2.0436311342818803,1.5847878031452738,9.272487755304498e-05
38.72,3.5868472190991314,2.0493700608799794,1.5771959281185455,9.246855272193857e-05
38.730000000000004,3.588241734128469,2.055097537464516,1.5696071370812237,9.220334264267436e-05
38.74,3.5896067380510868,2.0608130124804753,1.5620216971860335,9.192935121258195e-05
38.75,3.5909420612981213,2.066515936290252,1.5544398760798563,9.164668547412558e-05
38.76,3.592247540002213,2.072205761283447,1.5468619418560876,9.135545552749422e-05
38.77,3.5935230160788727,2.0778819419863335,1.5392881630068624,9.105577444133388e-05
38.78,3.5947683373049806,2.0835439351709355,1.531718808375174,9.074775816172881e-05
38.79,3.595983357394377,2.089191199963665,1.5241541471069007,9.043152541956757e-05
38.800000000000004,3.5971679360704973,2.09482319795347,1.5165944486027627,9.010719763639442e-05
38.81,3.5983219391360155,2.1004393932994305,1.5090399824702263,8.977489882890246e-05
38.82,3.5994452385394577,2.106039252837766,1.5014910184753731,8.943475551215801e-05
38.83,3.6005377124387516,2.111622246188184,1.4939478264947532,8.908689660168386e-05
38.84,3.601599245261679,2.1171878458595357,1.4864106764672387,8.8731453314529e-05
38.85,3.602629727763207,2.1227355273547093,1.4788798383458954,8.836855906946332e-05
38.86,3.603629057079664,2.1282647692747294,1.4713555820498876,8.799834938640668e-05
38.87,3.6045971367797462,2.133775053421998,1.4638381774164329,8.762096178519704e-05
38.88,3.605533876912328,2.1392658649026326,1.4563278941528222,8.723653568383948e-05
38.89,3.6064391940510587,2.1447366922278523,1.4488250017885203,8.684521229636327e-05
38.9,3.607313011335734,2.150187027414365,1.441329769627361,8.644713453039948e-05
38.910000000000004,3.6081552585104273,2.1556163660837027,1.4338424666998506,8.604244688456904e-05
38.92,3.6089658719583717,2.1610242075604646,1.4263633617155944,8.563129534584638e-05
38.93,3.609744794733588,2.166410054969417,1.4188927230158588,8.52138272869824e-05
38.94,3.610491976589251,2.1717734153314048,1.4114308185262814,8.4790191364102e-05
38.95,3.611207374002798,2.1771137996580325,1.4039779157097412,8.436053741459541e-05
38.96,3.6118909501977763,2.182430723045069,1.3965342815194026,8.392501635540032e-05
38.97,3.6125426751624365,2.187723704764531,1.389100182351942,8.348378008180122e-05
38.980000000000004,3.6131625256650794,2.192992268355409,1.381675884000969,8.303698136682859e-05
38.99,3.6137504852661624,2.1982359417129875,1.3742616516106538,8.25847737613678e-05
39.0,3.614306544327183,2.203454257176726,1.366857749629569,8.212731149506612e-05
39.01,3.614830700016349,2.2086467516166532,1.359464441764758,8.166474937814925e-05
39.02,3.615322956311055,2.213812966518246,1.3520819909360353,8.119724270423598e-05
39.03,3.6157833239971877,2.2189524480657496,1.3447106592305345,8.07249471542229e-05
39.04,3.6162118206652742,2.2240647472239012,1.337350707857503,8.024801870134258e-05
39.050000000000004,3.61660847070351,2.2291494198180306,1.3300023971033625,7.976661351746685e-05
39.06,3.6169733052876816,2.2342060266124935,1.3226659862870334,7.928088788073508e-05
39.07,3.6173063623680197,2.2392341333874115,1.3153417337155382,7.879099808460246e-05
39.08,3.6176076866530162,2.2442333110136863,1.3080298966398864,7.829710034834495e-05
39.09,3.617877329590232,2.2492031355262534,1.3007307312112504,7.779935072910101e-05
39.1,3.618115349344136,2.2541431881955503,1.2934444924374373,7.729790503554137e-05
39.11,3.618321810771014,2.25905305559717,1.286171434139666,7.67929187432004e-05
39.12,3.6184967853909833,2.2639323296796734,1.2789118089096512,7.62845469115125e-05
39.13,3.6186403513571603,2.268780607830528,1.2716658680670054,7.577294410264873e-05
39.14,3.6187525934220175,2.2735974929401634,1.2644338616169606,7.525826430217352e-05
39.15,3.6188336029009833,2.2783825934641015,1.257216038208417,7.474066084157255e-05
39.160000000000004,3.6188834776333247,2.283135523483156,1.2500126450923237,7.422028632269955e-05
39.17,3.6189023219403675,2.2878559027616685,1.242823928080397,7.369729254416838e-05
39.18,3.6188902465810995,2.292543356803768,1.2356501315041803,7.317183042975573e-05
39.19,3.6188473687052105,2.2971975169076346,1.228491498174451,7.264404995879969e-05
39.2,3.6187738118036257,2.301818020217746,1.221348269340979,7.211410009866817e-05
39.21,3.6186697056565786,2.3064045097750996,1.214220684652641,7.15821287392865e-05
39.22,3.6185351862792894,2.3109566345653842,1.207108982117897,7.104828262976347e-05
39.230000000000004,3.618370395865297,2.3154740495650996,1.2000133980656287,7.051270731714133e-05
39.24,3.6181754827275094,2.3199564157856027,1.1929341671063491,6.997554708726174e-05
39.25,3.6179506012370273,2.324403400315077,1.1858715220937852,6.943694490777044e-05
39.26,3.617695911759802,2.3288146763584083,1.1788256940868374,6.889704237326129e-05
39.27,3.617411580591192,2.3331899232749653,1.1717969123119205,6.835597965259744e-05
39.28,3.617097779888473,2.337528826614274,1.1647854041256904,6.781389543836478e-05
39.29,3.616754687601371,2.341831078149582,1.1577913949781597,6.727092689847873e-05
39.300000000000004,3.616382487400678,2.3460963759093048,1.1508151083762068,6.672720962995262e-05
39.31,3.615981368605012,2.350324424206358,1.1438567658474823,6.618287761480336e-05
39.32,3.615551526105793,2.354514933665366,1.1369165869047164,6.563806317809014e-05
39.33,3.615093160290489,2.3586676212477475,1.1299947890104318,6.50928969480798e-05
39.34,3.6146064769642057,2.362782210274685,1.123091587542065,6.454750781851832e-05
39.35,3.6140916872696813,2.366858430447968,1.1162071957575015,6.400202291299941e-05
39.36,3.613549007605752,2.3708960178687257,1.1093418247610272,6.345656755141585e-05
39.37,3.6129786595443547,2.374894715054042,1.1024956834697013,6.291126521845175e-05
39.38,3.612380869746132,2.378854270951465,1.0956689785801546,6.236623753411838e-05
39.39,3.611755869874703,2.382774440951412,1.0888619145358158,6.182160422629738e-05
39.4,3.611103896509671,2.386654986897485,1.0820746934945733,6.127748310526837e-05
39.410000000000004,3.610425191058427,2.3904956770946932,1.075307515296872,6.073399004019345e-05
39.42,3.6097199996668192,2.3942962863156043,1.0685605774342544,6.0191238937523386e-05
39.43,3.608988573128749,2.3980565958044275,1.061834075018346,5.964934172131482e-05
39.44,3.6082311667947633,2.4017763932790426,1.0551282007502916,5.910840831539334e-05
39.45,3.607448040479703,2.4054554729309854,1.0484431448906477,5.8568546627361335e-05
39.46,3.6066394583694725,2.4090936354234085,1.0417790952297326,5.8029862534404885e-05
39.47,3.605805688926996,2.4126906878870247,1.035136237058441,5.749245987085461e-05
39.480000000000004,3.6049470047974204,2.4162464439140554,1.0285147531395271,5.6956440417481274e-05
39.49,3.6040636827126282,2.4197607235501963,1.0219148236793612,5.642190389247383e-05
39.5,3.603156003395122,2.42323335328462,1.0153366263001626,5.5888947944073915e-05
39.51,3.602224251461342,2.426664166038033,1.0087803360127172,5.5357668144820265e-05
39.52,3.601268715324475,2.4300530011488064,1.0022461251895798,5.482815798736726e-05
39.53,3.600289687096817,2.433399704357203,0.9957341635387703,5.430050888184216e-05
39.54,3.5992874624917452,2.436704127787716,0.9892446180779656,5.3774810154684946e-05
39.550000000000004,3.5982623407253596,2.439966129929549,0.9827776531091941,5.3251149048950356e-05
39.56,3.5972146244178482,2.443185575615252,0.9763334301940358,5.2729610726024755e-05
39.57,3.5961446194946363,2.446362335997545,0.9699121081293351,5.221027826870131e-05
39.58,3.5950526350873697,2.449496288524345,0.9635138429234289,5.1693232685599366e-05
39.59,3.593938983434789,2.452587316912029,0.9571387877728965,5.1178552916866836e-05
39.6,3.5928039797835476,2.455635311116952,0.9507870930398364,5.066631584112675e-05
39.61,3.5916479422890273,2.458640167305254,0.9444589062296734,5.015659628363214e-05
39.62,3.590471191916196,2.4616017878209715,0.9381543719695025,4.9649467025592405e-05
39.63,3.589274052340565,2.464520081152496,0.9318736319869734,4.9144998814612726e-05
39.64,3.588056849849292,2.467394961897394,0.9256168250897218,4.864326037622106e-05
39.65,3.586819913242476,2.470226350725624,0.9193840871453504,4.814431842644335e-05
39.660000000000004,3.58556357373469,2.473014174341182,0.9131755510619662,4.764823768537115e-05
39.67,3.5842881648568015,2.475758365442198,0.9069913467692784,4.715508089169725e-05
39.68,3.582994022358122,2.4784588626795214,0.9008316012002601,4.666490881817116e-05
39.69,3.5816814841089264,2.4811156106138195,0.8946964382733813,4.6177780287936994e-05
39.7,3.5803508900033907,2.4837285596712255,0.8885859788754149,4.5693752191719146e-05
39.71,3.579002581862981,2.486297666097567,0.8825003408448221,4.521287950581511e-05
39.72,3.577636903340338,2.4888228919112025,0.8764396389557204,4.473521531084943e-05
39.730000000000004,3.5762541998236976,2.4913042048545044,0.8704039849024391,4.4260810811262857e-05
39.74,3.574854818341877,2.493741578344017,0.8643934872846665,4.3789715355498033e-05
39.75,3.573439107469871,2.4961349914193245,0.8584082515931923,4.3321976456840814e-05
39.76,3.5720074172350853,2.498484428690662,0.8524483801962501,4.285763981488193e-05
39.77,3.57056009902425,2.500789880285303,0.8465139723264624,4.23967493375727e-05
39.78,3.569097505491034,2.503051341792758,0.8406051240683928,4.193934716382963e-05
39.79,3.5676199904644017,2.5052688142088155,0.8347219283467092,4.1485473686657844e-05
39.800000000000004,3.566127908857735,2.5074423038784657,0.8288644749149598,4.103516757676542e-05
39.81,3.5646216165787563,2.509571822437733,0.8230328503449671,4.058846580662873e-05
39.82,3.5631014704402713,2.511657386754458,0.8172271380168404,4.01454036749852e-05
39.83,3.5615678280717673,2.513699018868065,0.8114474181096132,3.970601483171596e-05
39.84,3.5600210478318854,2.5156967459283415,0.8056937675925034,3.927033130308708e-05
39.85,3.558461488721795,2.5176506001332735,0.7999662602168041,3.883838351732938e-05
39.86,3.556889510299491,2.5195606186659667,0.794264966508402,3.8410200330519304e-05
39.87,3.55530547259504,2.521426843630689,0.7885899537609297,3.7985809052733604e-05
39.88,3.553709736026789,2.5232493219880694,0.7829412860295513,3.7565235474458295e-05
39.89,3.5521026613185627,2.5250281054894916,0.7773190241253835,3.714850389321401e-05
39.9,3.550484609417869,2.52676325061071,0.7717232256105536,3.67356371403778e-05
39.910000000000004,3.5488559414151233,2.528454818484727,0.7661539447938961,3.632665660817937e-05
39.92,3.5472170184639134,2.530102874833971,0.7606112327272877,3.5921582276840694e-05
39.93,3.545568201702323,2.5317074899017973,0.7550951372026223,3.5520432741840556e-05
39.94,3.543909852175321,2.5332687383833608,0.7496057027494263,3.512322524127568e-05
39.95,3.5422423307582367,2.534786699355882,0.7441429706331139,3.472997568329905e-05
39.96,3.5405659980813304,2.5362614562083494,0.7387069788538827,3.434069867361843e-05
39.97,3.5388812144554733,2.537693096570686,0.7332977621462496,3.395540754302409e-05
39.980000000000004,3.5371883397989436,2.5390817122424187,0.7279153519792259,3.357411437493345e-05
39.99,3.535487733565354,2.5404273991208797,0.7225597765571303,3.319683003293162e-05
40.0,3.533779754672714,2.5417302571289757,0.717231060821041,3.282356418828628e-05
40.01,3.5320647614336402,2.5429903901425575,0.7119292264508821,3.2454325347416046e-05
40.02,3.5303431114867183,2.54420790591742,0.7066542918681455,3.208912087930604e-05
40.03,3.5286151617290242,2.5453829160159684,0.7014062722392457,3.17279570428424e-05
40.04,3.526881268249811,2.5465155357335822,0.696185179479504,3.1370839014050746e-05
40.050000000000004,3.5251417862653653,2.547605884024704,0.6909910222577621,3.1017770913232724e-05
40.06,3.523397070055035,2.5486540834286915,0.6858238060016202,3.0668755831970476e-05
40.07,3.5216474728984397,2.549660259995458,0.6806835329032977,3.032379585999661e-05
40.08,3.519893347013854,2.5506245432109353,0.6755702019261138,2.9982892111911896e-05
40.09,3.518135043497776,2.551547065922387,0.670483808811583,2.9646044753732784e-05
40.1,3.5163729122656804,2.552427964263602,0.6654243460871231,2.9313253029261828e-05
40.11,3.514607301993949,2.5532673775800014,0.660391803074372,2.898451528627173e-05
40.12,3.512838560062989,2.5540654483536804,0.6553861658981069,2.8659829002479383e-05
40.13,3.51106703250153,2.5548223221284214,0.6504074174957646,2.833919081130907e-05
40.14,3.5092930639321067,2.5555381474347016,0.6454555376275545,2.802259652743474e-05
40.15,3.507516997517714,2.556213075714724,0.640530502887163,2.771004117208386e-05
40.160000000000004,3.5057391749096434,2.556847261247499,0.6356322867130408,2.7401518998096064e-05
40.17,3.50395993619649,2.5574408610740034,0.6307608594002707,2.7097023514732907e-05
40.18,3.5021796198543305,2.5579940349224417,0.6259161881130066,2.6796547512225416e-05
40.19,3.5003985626980647,2.558506945133637,0.6210982368974814,2.650008308604903e-05
40.2,3.4986170998339206,2.5589797565865764,0.6163069666955748,2.6207621660926914e-05
40.21,3.4968355646131117,2.5594126366241348,0.6115423353589363,2.5919154014543215e-05
40.22,3.4950542885866476,2.559805754979001,0.606804297663656,2.5634670300967342e-05
40.230000000000004,3.493273601461287,2.560159283699831,0.6020928053254762,2.5354160073785002e-05
40.24,3.4914938310566277,2.5604733970776494,0.5974078070155375,2.5077612308923166e-05
40.25,3.4897153032633303,2.5607482715725274,0.5927492483766515,2.480501542716463e-05
40.26,3.4879383420024626,2.560984085740549,0.5881170720400926,2.4536357316353264e-05
40.27,3.4861632691859614,2.561181020161096,0.5835112176429013,2.427162535328072e-05
40.28,3.4843904046782024,2.5613392573644713,0.5789316218456925,2.401080642524905e-05
40.29,3.4826200662586704,2.561458981759877,0.574378218350958,2.3753886951311863e-05
40.300000000000004,3.480852569585719,2.5615403795637683,0.5698509379218577,2.350085290318209e-05
40.31,3.479088228161416,2.561583638728609,0.5653497084014892,2.325168982580705e-05
40.32,3.477327353297458,2.561588948872035,0.5608744547326293,2.300638285761459e-05
40.33,3.475570254082151,2.56155650120646,0.5564250989779362,2.2764916750415392e-05
40.34,3.473817237348447,2.5614864884691224,0.5520015603406061,2.252727588897065e-05
40.35,3.4720686076430183,2.5613791048526107,0.5476037551854729,2.229344431021469e-05
40.36,3.4703246671963726,2.5612345459358656,0.5432315970605442,2.2063405722136777e-05
40.37,3.468585715893987,2.5610530086156884,0.5388849967189628,2.18371435223197e-05
40.38,3.4668520512484564,2.560834691038764,0.5345638621413845,2.161464081613369e-05
40.39,3.465123968372643,2.560579792534216,0.5302680985587638,2.1395880434586904e-05
40.4,3.463401759953817,2.560288513546709,0.5259976084755364,2.118084495182483e-05
40.410000000000004,3.4616857162287755,2.5599610555701084,0.521752291693191,2.0969516702291205e-05
40.42,3.4599761249599323,2.5595976210817164,0.5175320453342177,2.076187779754301e-05
40.43,3.45827327141236,2.559198413477094,0.5133367638664262,2.0557910142712342e-05
40.44,3.4565774383317813,2.558763637005481,0.5091663391276227,2.0357595452635057e-05
40.45,3.454888905923491,2.558293496705826,0.5050206603506341,2.016091526763362e-05
40.46,3.4532079518321974,2.557788198343442,0.5008996141886728,1.9967850968953456e-05
40.47,3.4515348511227777,2.5572479483472894,0.4968030847410283,1.9778383793863382e-05
40.480000000000004,3.4498698762619244,2.556672953747908,0.4927309535790788,1.9592494850416386e-05
40.49,3.4482132971006796,2.5560634221159977,0.4886830997726105,1.941016513187173e-05
40.5,3.4465653808578414,2.555419561501663,0.4846593999164353,1.923137553078352e-05
40.51,3.444926392104228,2.55474158037433,0.4806597281572969,1.9056106852757262e-05
40.52,3.4432965927477905,2.5540296875633404,0.4766839562210544,1.8884339829871865e-05
40.53,3.4416762420195606,2.5532840921992355,0.4727319534401342,1.8716055133775975e-05
40.54,3.4400655964604185,2.552505003655734,0.4688035867812389,1.855123338846014e-05
40.550000000000004,3.4384649099086713,2.551692631492411,0.46489872087330425,1.8389855182703125e-05
40.56,3.4368744334884274,2.5508471853980867,0.46101721803569284,1.8231901082198564e-05
40.57,3.435294415598755,2.5499688751349296,0.45715893830661514,1.807735164136729e-05
40.58,3.4337251019036104,2.549057910483278,0.45332373947176746,1.7926187414851593e-05
40.59,3.4321667353225265,2.548114501187189,0.44951147709317707,1.7778388968702548e-05
40.6,3.430619556022043,2.547138856900717,0.445722004538244,1.7633936891259938e-05
40.61,3.429083801407873,2.546131187134924,0.4419551730089699,1.7492811803723505e-05
40.62,3.4275597061177843,2.5450917012056338,0.438210831571364,1.7354994370428886e-05
40.63,3.426047502015193,2.5440206081819223,0.43448882718501597,1.722046530882837e-05
40.64,3.4245474181834443,2.542918116835357,0.43078900473282666,1.7089205399172807e-05
40.65,3.423059680920779,2.541784435589982,0.42711120705088584,1.6961195493907367e-05
40.660000000000004,3.421584513735966,2.5406197724730544,0.42345527495848856,1.6836416526783624e-05
40.67,3.420122137344588,2.539424335066532,0.4198210472882796,1.6714849521687086e-05
40.68,3.4186727696659736,2.538198330459317,0.41620836091651725,1.6596475601189625e-05
40.69,3.4172366258207547,2.5369419652002527,0.4126170507934462,1.6481275994828432e-05
40.7,3.4158139181290426,2.5356554452518765,0.4090469499737714,1.6369232047114304e-05
40.71,3.414404856109206,2.534338975944932,0.4054978896472228,1.6260325225274575e-05
40.72,3.4130096464772426,2.5329927619336363,0.4019696991692022,1.6154537126735865e-05
40.730000000000004,3.4116284931467264,2.5316170071517057,0.39846220609150357,1.6051849486350453e-05
40.74,3.4102615972293226,2.5302119147691364,0.3949752361930974,1.595224418336771e-05
40.75,3.408909157035854,2.528777687149744,0.39150861351097105,1.585570324815901e-05
40.76,3.407571368077908,2.527314525809457,0.38806216037101626,1.5762208868695345e-05
40.77,3.406248423069973,2.5258226313753642,0.38463569741895504,1.5671743396786318e-05
40.78,3.404940511932088,2.524302203545517,0.3812290436512962,1.55842893540845e-05
40.79,3.403647821792997,2.5227534410494794,0.37784201644631404,1.5499829437855565e-05
40.800000000000004,3.4023705369937915,2.5211765416096306,0.3744744315950415,1.5418346526519526e-05
40.81,3.4011088390920343,2.519571701903212,0.3711261033322692,1.5339823684970924e-05
40.82,3.399862906866347,2.51793911752512,0.3677968443675433,1.5264244169680895e-05
40.83,3.3986329163214517,2.516278982951439,0.3644864659161545,1.5191591433575856e-05
40.84,3.3974190406936544,2.514591491503717,0.3611947777301109,1.5121849130712758e-05
40.85,3.396221450456758,2.5128768353139717,0.3579215881290863,1.5055001120746409e-05
40.86,3.3950403133283915,2.511135205290433,0.354666704031339,1.4991031473187333e-05
40.87,3.3938757942767475,2.5093667910840134,0.3514299309845919,1.4929924471466643e-05
40.88,3.3927280555277095,2.5075717810555025,0.34821107319686884,1.4871664616802264e-05
40.89,3.3915972565723633,2.5057503622434845,0.3450099335672794,1.4816236631874348e-05
40.9,3.3904835541748777,2.5039027203329716,0.3418263137167463,1.4763625464312883e-05
40.910000000000004,3.3893871023807427,2.5020290396247513,0.33866001401866946,1.47138162900006e-05
40.92,3.3883080525253564,2.5001295030054416,0.3355108336295194,1.4666794516194799e-05
40.93,3.387246553242944,2.4982042919182517,0.33237857051935543,1.4622545784476346e-05
40.94,3.3862027504758028,2.49625358633444,0.32926302150226217,1.4581055973521379e-05
40.95,3.3851767874838576,2.4942775647254694,0.3261639822666984,1.4542311201706175e-05
40.96,3.384168804854518,2.492276404035849,0.32308124740575417,1.4506297829546047e-05
40.97,3.3831789405128245,2.490250279656664,0.32001461044730933,1.4473002461965895e-05
40.980000000000004,3.3822073297318735,2.4881993653997827,0.3169638638840897,1.4442411950420152e-05
40.99,3.381254105143509,2.486123833472738,0.3139287992036151,1.4414513394853483e-05
41.0,3.380319396749272,2.484023854454278,0.3109092069180353,1.438929414550389e-05
41.01,3.3794033319315924,2.4818995972705813,0.3079048765938487,1.4366741804564107e-05
41.02,3.3785060354652163,2.4797512291721264,0.30491559688149955,1.4346844227689863e-05
41.03,3.37762762952886,2.477578915711218,0.3019411555448503,1.4329589525365195e-05
41.04,3.376768233717072,2.475382820720155,0.2989813394905235,1.431496606413381e-05
41.050000000000004,3.3759279650523006,2.473163106290044,0.29603593479711116,1.4302962467681564e-05
41.06,3.3751069379971503,2.4709199327502427,0.2931047267442464,1.429356761779303e-05
41.07,3.3743052644668237,2.4686534586484354,0.2901874998415354,1.4286770655169774e-05
41.08,3.3735230538417293,2.4663638407313315,0.28728403785734485,1.4282560980118457e-05
41.09,3.3727604129802535,2.464051233925979,0.28439412384744295,1.4280928253119219e-05
41.1,3.3720174462316805,2.46171579132169,0.28151754018349034,1.4281862395256065e-05
41.11,3.3712942554492544,2.4593576641525714,0.2786540685813786,1.4285353588534011e-05
41.12,3.370590940003368,2.456977001780655,0.27580349012941313,1.4291392276073708e-05
41.13,3.369907596794876,2.4545739516796177,0.27296558531633863,1.4299969162182246e-05
41.14,3.369244320268516,2.4521486594190915,0.27014013405920456,1.4311075212314437e-05
41.15,3.3686012024264267,2.449701268649552,0.26732691573106837,1.4324701652917398e-05
41.160000000000004,3.3679783328417647,2.4472319210877806,0.26452570918853474,1.4340839971159774e-05
41.17,3.367375798672394,2.4447407565028967,0.261736292799129,1.4359481914549806e-05
41.18,3.366793684674651,2.442227912702951,0.25895844446850325,1.4380619490446975e-05
41.19,3.366232073217171,2.439693525522075,0.256191941667473,1.4404244965468052e-05
41.2,3.365691044294767,2.437137728808178,0.25343656145888444,1.4430350864781011e-05
41.21,3.3651706755423505,2.4345606544111926,0.25069208052430947,1.4458929971296354e-05
41.22,3.3646710422488875,2.4319624321718516,0.24795827519056893,1.4489975324758993e-05
41.230000000000004,3.3641922173713787,2.429343189911001,0.24523492145608228,1.4523480220734088e-05
41.24,3.363734271548856,2.426703053419436,0.2425217950170434,1.4559438209488765e-05
41.25,3.363297273116384,2.424042146448258,0.23981867129342205,1.4597843094783443e-05
41.26,3.3628812881190613,2.4213605906997433,0.2371253254547902,1.4638688932559146e-05
41.27,3.362486380326009,2.41865850581872,0.23444153244597332,1.4681970029522357e-05
41.28,3.3621126112443407,2.4159360093844464,0.23176706701252642,1.4727680941639443e-05
41.29,3.361760040133103,2.413193216902986,0.2291017037260347,1.4775816472534264e-05
41.300000000000004,3.3614287240171805,2.4104302418000696,0.22644521700923906,1.4826371671789091e-05
41.31,3.3611187177011526,2.407647195414445,0.2237973811609869,1.4879341833146312e-05
41.32,3.3608300737830996,2.4048441869917023,0.22115797038100835,1.4934722492624175e-05
41.33,3.360562842668344,2.4020213236785732,0.21852675879451855,1.4992509426532396e-05
41.34,3.3603170725831215,2.399178710517697,0.21590352047664685,1.5052698649391565e-05
41.35,3.360092809588176,2.39631645044285,0.21328802947669342,1.511528641177165e-05
41.36,3.3598900975922645,2.393434644274625,0.21068005984221433,1.5180269198022997e-05
41.37,3.35970897836557,2.390533390716571,0.2080793856429361,1.5247643723921683e-05
41.38,3.359549491553008,2.38761278635177,0.20548578099450085,1.5317406934225556e-05
41.39,3.3594116746874283,2.3846729256398573,0.20289902008204333,1.5389556000125546e-05
41.4,3.359295563202693,2.3817139009144763,0.20031887718360109,1.5464088316616708e-05
41.410000000000004,3.359201190446632,2.3787358023811636,0.19774512669335934,1.5541001499771043e-05
41.42,3.359128587693864,2.3757387181156573,0.19517754314473212,1.5620293383913934e-05
41.43,3.3590777841584774,2.372722734062627,0.19261590123328126,1.57019620187136e-05
41.44,3.3590488070065603,2.369687934034817,0.190059975839475,1.5786005666173945e-05
41.45,3.3590416813685793,2.366634399712599,0.18750954205128828,1.58724227975318e-05
41.46,3.3590564303515915,2.3635622106439325,0.18496437518664627,1.5961212090059293e-05
41.47,3.3590930750512875,2.3604714442447245,0.18242425081571365,1.605237242377425e-05
41.480000000000004,3.3591516345638595,2.357362175799585,0.17988894478303133,1.6145902878057578e-05
41.49,3.359232125997682,2.3542344784629727,0.17735823322950314,1.6241802728164836e-05
41.5,3.359334564484804,2.351088423260733,0.17483189261423454,1.6340071441651273e-05
41.51,3.3594589631922416,2.3479240790920115,0.17230969973622595,1.64407086746937e-05
41.52,3.359605333333068,2.344741512731553,0.16979143175592296,1.654371426831334e-05
41.53,3.3597736841772905,2.3415407888323716,0.16727686621662594,1.6649088244507797e-05
41.54,3.3599640230625116,2.3383219699287903,0.16476578106576176,1.675683080227128e-05
41.550000000000004,3.3601763554043633,2.3350851164398514,0.16225795467602022,1.686694231352281e-05
41.56,3.3604106847067134,2.331830286673086,0.15975316586635774,1.6979423318934236e-05
41.57,3.360667012571634,2.3285575368286424,0.15725119392287135,1.709427452364851e-05
41.58,3.360945338709125,2.3252669210037737,0.15475181861954557,1.721149679289908e-05
41.59,3.3612456609465915,2.3219584911976723,0.1522548202388752,1.733109114752186e-05
41.6,3.361567975238064,2.3186322973166567,0.14975997959236703,1.745305875937042e-05
41.61,3.361912275673157,2.3152883871796996,0.147267078040923,1.757740094661247e-05
41.62,3.3622785544857603,2.3119268065243026,0.14477589751510864,1.7704119168925547e-05
41.63,3.362666802062459,2.3085475990127033,0.14228622053530898,1.783321502258878e-05
41.64,3.363077006950673,2.305150806238423,0.1397978302317758,1.7964690235454865e-05
41.65,3.363509155866513,2.301736467733143,0.1373105103645687,1.8098546661813414e-05
41.660000000000004,3.363963233702347,2.2983046209739144,0.13482404534339376,1.8234786277149992e-05
41.67,3.364439223534069,2.2948553013906903,0.1323382202473426,1.8373411172788954e-05
41.68,3.364937106628071,2.291388542374184,0.12985282084453525,1.8514423550411197e-05
41.69,3.365456862447906,2.2879043752840507,0.12736763361167017,1.86578257164711e-05
41.7,3.3659984686606403,2.284402829457383,0.12488244575348437,1.8803620076493145e-05
41.71,3.3665619011428913,2.280883932217527,0.12239704522212747,1.8951809129245605e-05
41.72,3.3671471339865424,2.277347708883212,0.11991122073645254,1.910239546079619e-05
41.730000000000004,3.3677541395041324,2.27379418277799,0.11742476180122736,1.9255381738458197e-05
41.74,3.368382888233913,2.2702233752399863,0.11493745872626933,1.9410770704600866e-05
41.75,3.3690333489445736,2.2666353056319575,0.11244910264550737,1.956856517034232e-05
41.76,3.369705488639622,2.263029991351656,0.1099594855359743,1.9728768009131987e-05
41.77,3.3703992725614222,2.259407447842495,0.10746840023673306,1.9891382150185997e-05
41.78,3.371114664194885,2.255767688604522,0.10497564046773988,2.0056410571812716e-05
41.79,3.3718516252708004,2.2521107252056844,0.10248100084864824,2.022385629461404e-05
41.800000000000004,3.372610115768818,2.2484365672934006,0.09998427691755649,2.0393722374543788e-05
41.81,3.373390093920059,2.2447452226064244,0.09748526514970288,2.056601189585338e-05
41.82,3.3741915162093683,2.2410366969870066,0.09498376297611115,2.074072796390387e-05
41.83,3.3750143373771935,2.2373109943933502,0.09247956880219003,2.091787369784344e-05
41.84,3.3758585104210908,2.2335681169123593,0.08997248202629005,2.1097452223152725e-05
41.85,3.3767239865968537,2.229808064772681,0.08746230305822081,2.1279466664069303e-05
41.86,3.377610715419261,2.2260308363580337,0.08494883333773223,2.146392013587348e-05
41.87,3.378518644662439,2.222236428220832,0.08243187535296281,2.165081573703811e-05
41.88,3.379447720359839,2.2184248350960925,0.0799112326588582,2.184015654124686e-05
41.89,3.38039788680382,2.214596049915636,0.07738670989556333,2.2031945589280914e-05
41.9,3.381369086544838,2.210750063822568,0.07485811280679125,2.2226185880773214e-05
41.910000000000004,3.382361260390239,2.2068868661860535,0.07232524825817174,2.2422880365819026e-05
41.92,3.3833743474026536,2.203006444616371,0.0697879242555829,2.2622031936458826e-05
41.93,3.3844082848979817,2.199108784980257,0.06724594996346867,2.2823643418025024e-05
41.94,3.3854630084429793,2.195193871416531,0.06469913572314534,2.302771756035264e-05
41.95,3.3865384518524317,2.191261686352007,0.0621472930711001,2.323425702885574e-05
41.96,3.3876345471859177,2.187312210517687,0.059590234757284324,2.34432643954655e-05
41.97,3.3887512247441602,2.1833454229652403,0.05702777476340476,2.365474212943723e-05
41.980000000000004,3.3898884130649622,2.179361301083762,0.05445972832121514,2.386869258802217e-05
41.99,3.3910460389187245,2.1753598206168197,0.0518859119308112,2.4085118007001754e-05
42.0,3.392224027303544,2.171340955679778,0.049306143378931716,2.4304020491098462e-05
42.01,3.3934223014398914,2.167304678777407,0.04672024175726814,2.4525402004237018e-05
42.02,3.3946407827648652,2.1632509608217765,0.04412802748078555,2.474926435968993e-05
42.03,3.3958793909260234,2.159179771150428,0.041529322306057305,2.497560921008867e-05
42.04,3.397138043774786,2.1550910775448315,0.03892394934961588,2.5204438037297672e-05
42.050000000000004,3.398416657359415,2.1509848462491257,0.0363117331063223,2.5435752142169127e-05
42.06,3.399715145917562,2.1468610419891387,0.03369249946775636,2.5669552634160856e-05
42.07,3.40103342186839,2.1427196279916947,0.03106607574062999,2.5905840420840122e-05
42.08,3.4023713958042636,2.1385605660042004,0.02843229066522574,2.6144616197263956e-05
42.09,3.403728976482012,2.1343838163145166,0.025790974433862607,2.6385880435223685e-05
42.1,3.405106070813755,2.1301893377711134,0.023141958709391015,2.662963337238714e-05
42.11,3.4065025838573066,2.125977087803508,0.020485076643718996,2.6875875001315015e-05
42.12,3.4079184188061404,2.1217470224429875,0.017820162896371197,2.712460505836171e-05
42.13,3.409353476978926,2.1174990963436167,0.015147053653082559,2.7375823012474308e-05
42.14,3.4108076578086375,2.113233262803529,0.01246558664442821,2.7629528053871482e-05
42.15,3.412280858831227,2.108949473786503,0.009775601164491055,2.7885719082629082e-05
42.160000000000004,3.413772975673872,2.1046476799438247,0.007076938089568546,2.8144394697149174e-05
42.17,3.415283902042793,2.100327830636437,0.004369439896919891,2.840555318254067e-05
42.18,3.41681352971064,2.0959898739573717,0.0016529506835549074,2.8669192498910918e-05
42.19,3.4183617485034588,2.091633756754471,-0.0010726838149343397,2.89353102695516e-05
42.2,3.419928446287224,2.087259424653395,-0.003807616205498193,2.9203903769049658e-05
42.21,3.421513508953956,2.082866822080917,-0.006551997418709404,2.9474969911316385e-05
42.22,3.423116820407409,2.0784558922885035,-0.009305976689797773,2.9748505237534657e-05
42.230000000000004,3.424738262548344,2.0740265773761872,-0.01206970153963875,3.002450590404321e-05
42.24,3.4263777152593815,2.0695788183167223,-0.014843317755695465,3.030296767014388e-05
42.25,3.4280350563894406,2.0651125549800335,-0.017626969372913796,3.058388588585735e-05
42.26,3.4297101617377637,2.06062772615795,-0.02042079865457019,3.086725547962582e-05
42.27,3.431402905037532,2.0561242695892297,-0.023224946073072062,3.115307094595832e-05
42.28,3.4331131579390752,2.0516021219848732,-0.026039550290710735,3.1441326333041914e-05
42.29,3.434840789992678,2.0470612190537265,-0.02886474814036703,3.1732015230319597e-05
42.300000000000004,3.4365856686309844,2.042501495528372,-0.03170067460616973,3.202513075603261e-05
42.31,3.4383476591510114,2.037922885191311,-0.034547462804107254,3.232066554475344e-05
42.32,3.4401266246957656,2.033325320901434,-0.03740524396259309,3.2618611734900486e-05
42.33,3.4419224262354766,2.028708734620781,-0.04027414740298554,3.291896095624686e-05
42.34,3.4437349225484453,2.0240730574415906,-0.043154300520062576,3.3221704317435495e-05
42.35,3.4455639702015164,2.0194182196136397,-0.04604582876245279,3.352683239351169e-05
42.36,3.4474094235301775,2.014744150571869,-0.04894885561302334,3.383433521347509e-05
42.37,3.4492711346182916,2.010050778964301,-0.051863502569226186,3.414420224785675e-05
42.38,3.451148953277468,2.005338032680243,-0.054789889123403976,3.445642239635005e-05
42.39,3.4530427270260784,2.000605838878778,-0.057728132743056944,3.477098397548247e-05
42.4,3.4549523010679257,1.9958541240175462,-0.06067834885107258,3.5087874706355326e-05
42.410000000000004,3.456877518270567,1.991082813881807,-0.06364065080591977,3.540708170245835e-05
42.42,3.4588182191433052,1.986291833613792,-0.06661514988180936,3.572859145755778e-05
42.43,3.4607742418148506,1.9814811077423402,-0.0696019552488232,3.605238983369151e-05
42.44,3.462745422010663,1.9766505602128173,-0.07260117395301396,3.6378462049272164e-05
42.45,3.4647315930299802,1.9718001144173178,-0.075612910896478,3.670679266729749e-05
42.46,3.4667325857225455,1.9669296932251499,-0.07863726881740388,3.703736558370567e-05
42.47,3.468748228465034,1.962039219013598,-0.08167434827009928,3.737016401587085e-05
42.480000000000004,3.4707783471371982,1.9571286136989672,-0.08472424760499898,3.770517049125994e-05
42.49,3.4728227650977317,1.9521977987679022,-0.08778706294865699,3.804236683626077e-05
42.5,3.4748813031598678,1.947246695308984,-0.09086288818372606,3.838173416519458e-05
42.51,3.476953779566718,1.9422752240445982,-0.09395181492892783,3.8723252869533244e-05
42.52,3.4790400099663636,1.937283305363077,-0.09705393251901683,3.9066902607331265e-05
42.53,3.4811398073867115,1.9322708593511086,-0.10016932798474237,3.941266229288956e-05
42.54,3.483252982210122,1.9272378058264166,-0.10329808603281175,3.9760510086661276e-05
42.550000000000004,3.4853793421478216,1.9221840643707007,-0.1064402890258588,4.0110423385426674e-05
42.56,3.4875186922141173,1.917109554362843,-0.1095960169624218,4.046237881274237e-05
42.57,3.489670834700413,1.912014195012371,-0.11276534745693512,4.0816352209684646e-05
42.58,3.4918355691490546,1.9068979053931792,-0.11594835571973866,4.1172318625913114e-05
42.59,3.4940126923270056,1.9017606044775013,-0.11914511453710992,4.153025231104992e-05
42.6,3.4962019981993717,1.8966022111701353,-0.12235569425132313,4.189012670641216e-05
42.61,3.4984032779027876,1.891422644342913,-0.1255801627407403,4.225191443711425e-05
42.62,3.5006163197186786,1.8862218228694125,-0.12881858539993918,4.261558730454569e-05
42.63,3.502840909046414,1.8809996656599104,-0.13207102511988322,4.298111627924622e-05
42.64,3.5050768283763643,1.8757560916965679,-0.13533754226813854,4.334847149420907e-05
42.65,3.5073238572628784,1.8704910200688472,-0.13861819466914363,4.371762223861754e-05
42.660000000000004,3.5095817722971994,1.8652043700091547,-0.14191303758453686,4.408853695203719e-05
42.67,3.51185034708033,1.8598960609287047,-0.14522212369354776,4.446118321908987e-05
42.68,3.514129352195869,1.854566012453599,-0.14854550307345765,4.4835527764617965e-05
42.69,3.5164185551828306,1.8492141444611179,-0.15188322318013533,4.5211536449366006e-05
42.7,3.5187177205084716,1.843840377116218,-0.1552353288286542,4.558917426619971e-05
42.71,3.5210266095411353,1.838444630908228,-0.15860186217399644,4.596840533688062e-05
42.72,3.5233449805231367,1.8330268266877408,-0.1619828626918508,4.6349192909413845e-05
42.730000000000004,3.525672588543705,1.8275868857036912,-0.16537836715951026,4.673149935599252e-05
42.74,3.5280091855120035,1.822124729640619,-0.16878840963687566,4.7115286171560175e-05
42.75,3.530354520130246,1.8166402806561037,-0.17221302144757217,4.750051397301035e-05
42.76,3.5327083378669286,1.811133461418371,-0.17565223116018508,4.788714249904077e-05
42.77,3.5350703809302,1.8056041951440578,-0.1791060645696214,4.8275130610688356e-05
42.78,3.537440388241387,1.8000524056361338,-0.1825745446786042,4.866443629256126e-05
42.79,3.5398180954087026,1.7944780173219685,-0.18605769167930664,4.9055016654788006e-05
42.800000000000004,3.5422032347011485,1.7888809552915377,-0.18955552293513206,4.944682793570648e-05
42.81,3.5445955350226455,1.78326114533576,-0.1930680529626477,4.98398255053179e-05
42.82,3.5469947218864064,1.7776185139849574,-0.1965952934136786,5.023396386950884e-05
42.83,3.5494005173895755,1.7719529885474283,-0.20013725305756885,5.06291966750826e-05
42.84,3.5518126401881607,1.7662644971481267,-0.20369393776361733,5.10254767156061e-05
42.85,3.554230805472279,1.760552968767438,-0.20726535048369485,5.142275593809589e-05
42.86,3.5566547249417426,1.75481833328004,-0.21085149123505006,5.182098545056418e-05
42.87,3.5590841067820045,1.7490605214938435,-0.214452357083311,5.222011553042895e-05
42.88,3.5615186556404943,1.743279465188999,-0.21806794212568947,5.262009563384055e-05
42.89,3.5639580726033686,1.7374750971569608,-0.2216982374743955,5.302087440590939e-05
42.9,3.566402055172696,1.7316473512395993,-0.22534323124026875,5.342239969185993e-05
42.910000000000004,3.568850297244109,1.7257961623683489,-0.22900290851663418,5.3824618549148565e-05
42.92,3.5713024890849505,1.7199214666033815,-0.23267725136338877,5.422747726053488e-05
42.93,3.573758317312929,1.7140232011727956,-0.23636623879132634,5.463092134813438e-05
42.94,3.5762174648753278,1.7081013045118079,-0.24006984674670767,5.5034895588473786e-05
42.95,3.57867961102878,1.702155716301937,-0.24378804809608218,5.543934402855883e-05
42.96,3.5811444313196477,1.6961863775101667,-0.2475208126113686,5.584421000296288e-05
42.97,3.583611597565023,1.6901932304280773,-0.2512681069552008,5.624943615195572e-05
42.980000000000004,3.586080777834392,1.6841762187109328,-0.2550298946665456,5.665496444069391e-05
42.99,3.5885516364319776,1.67813528741671,-0.2588061361465989,5.706073617946287e-05
43.0,3.591023833879799,1.6720703830450587,-0.2625967886449669,5.7466692045001825e-05
43.01,3.5934970269014714,1.6659814535761794,-0.2664018062461374,5.787277210291076e-05
43.02,3.59597086840678,1.6598684485096042,-0.2702211398562491,5.827891583115356e-05
43.03,3.598445007477053,1.6537313189028684,-0.27405473719016293,5.868506214466436e-05
43.04,3.600919089351366,1.6475700174100592,-0.2779025427588419,5.909114942106076e-05
43.050000000000004,3.6033927554136103,1.6413844983202275,-0.28176449785704566,5.9497115527470094e-05
43.06,3.605865643180449,1.6351747175956495,-0.2856405405513436,5.9902897848478396e-05
43.07,3.6083373862901964,1.6289406329099207,-0.2895306056684526,6.0308433315204755e-05
43.08,3.61080761449265,1.6226822036858735,-0.2934346247839045,6.0713658435492963e-05
43.09,3.613275953639904,1.6163993911332974,-0.2973525262110464,6.111850932523393e-05
43.1,3.6157420256781783,1.6100921582864534,-0.3012842349903803,6.152292174081604e-05
43.11,3.6182054486406883,1.6037604700413606,-0.30522967287924435,6.192683111269324e-05
43.12,3.6206658366415945,1.5974042931928476,-0.3091887583418403,6.233017258006486e-05
43.13,3.6231227998710533,1.5910235964713475,-0.3131614065396107,6.273288102668654e-05
43.14,3.6255759445914086,1.5846183505794234,-0.31714752932196905,6.313489111778283e-05
43.15,3.6280248731345495,1.578188528228009,-0.3211470352173851,6.353613733804989e-05
43.160000000000004,3.6304691839004666,1.5717341041723492,-0.32515982942482874,6.393655403075804e-05
43.17,3.6329084713570388,1.565255055247622,-0.3291858138055745,6.433607543792582e-05
43.18,3.63534232604108,1.5587513604042318,-0.3332248868753675,6.473463574156041e-05
43.19,3.6377703345606767,1.5522230007427502,-0.33727694379695405,6.513216910594862e-05
43.2,3.6401920795988474,1.5456699595484966,-0.3413418763729761,6.552860972098068e-05
43.21,3.642607139918554,1.5390922223257355,-0.34541957303923154,6.592389184648388e-05
43.22,3.6450150903690948,1.5324897768314796,-0.34950991885830013,6.631794985754944e-05
43.230000000000004,3.64741550189391,1.5258626131088795,-0.3536127955135347,6.67107182908352e-05
43.24,3.6498079415398292,1.5192107235201853,-0.35772808130341727,6.710213189180597e-05
43.25,3.652191972467789,1.5125341027792634,-0.361855651136279,6.749212566290082e-05
43.26,3.6545671539650524,1.5058327479836522,-0.3659953765253824,6.788063491258631e-05
43.27,3.656933041458955,1.4991066586461415,-0.3701471255843637,6.82675953052768e-05
43.28,3.659289186532212,1.4923558367258574,-0.3743107630230332,6.865294291207673e-05
43.29,3.6616351369398092,1.4855802866588401,-0.37848615014353043,6.903661426231551e-05
43.300000000000004,3.6639704366275048,1.4787800153880948,-0.3826731448368309,6.941854639585166e-05
43.31,3.6662946257519753,1.4719550323931017,-0.38687160157960004,6.979867691608301e-05
43.32,3.6686072407026273,1.4651053497187703,-0.3910813714313903,7.017694404364716e-05
43.33,3.670907814125101,1.4582309820038188,-0.3953023020321766,7.055328667075048e-05
43.34,3.673195874946492,1.4513319465085674,-0.39953423760022383,7.09276444160903e-05
43.35,3.67547094840232,1.4444082631421258,-0.4037770189302814,7.129995768033069e-05
43.36,3.6777325560652616,1.4374599544889621,-0.4080304833920973,7.16701677020691e-05
43.37,3.679980215875676,1.4304870458348375,-0.41229446492924543,7.203821661425117e-05
43.38,3.682213442173946,1.423489565192091,-0.41656879405825786,7.240404750098256e-05
43.39,3.684431745734653,1.4164675433242588,-0.4208532978680545,7.276760445468321e-05
43.4,3.6866346338026155,1.4094210137700172,-0.42514780001966046,7.312883263352096e-05
43.410000000000004,3.688821610130799,1.4023500128664288,-0.42945212074620326,7.34876783190805e-05
43.42,3.69099217502013,1.3952545797714828,-0.43376607685317853,7.384408897419573e-05
43.43,3.693145825361225,1.3881347564859137,-0.43808948171897494,7.41980133008917e-05
43.44,3.695282054678057,1.3809905878742834,-0.44242214529564716,7.454940129837182e-05
43.45,3.6974003531735704,1.3738221216853155,-0.446763874109925,7.48982043209783e-05
43.46,3.6995002077772705,1.3666294085714674,-0.4511144712644473,7.524437513607413e-05
43.47,3.701581102194791,1.3594125021077277,-0.4554737364392078,7.558786798177277e-05
43.480000000000004,3.703642516959463,1.3521714588096259,-0.4598414658932001,7.592863862443257e-05
43.49,3.7056839294858936,1.344906338150444,-0.46421745246624785,7.626664441587429e-05
43.5,3.7077048141255657,1.3376172025776156,-0.4686014855810069,7.660184435023618e-05
43.51,3.709704642224475,1.330304117528303,-0.47299335124512376,7.693419912037459e-05
43.52,3.7116828821828047,1.3229671514441412,-0.4773928320535365,7.726367117377542e-05
43.53,3.7136389995166557,1.3156063757851364,-0.4817997071909019,7.759022476787575e-05
43.54,3.715572456921833,1.3082218650427115,-0.4862137524341333,7.791382602472525e-05
43.550000000000004,3.717482714339697,1.3008136967518862,-0.4906347401550324,7.823444298491775e-05
43.56,3.7193692290250833,1.2933819515025837,-0.495062439322999,7.855204566070944e-05
43.57,3.721231455616293,1.2859267129500551,-0.4994966155078007,7.88666060882523e-05
43.58,3.723068846207161,1.2784480678244126,-0.5039370308823857,7.917809837886658e-05
43.59,3.7248808504211923,1.2709461059392626,-0.50838344422572,7.948649876927053e-05
43.6,3.7266669154877787,1.2634209201994342,-0.5128356109256321,7.979178567069006e-05
43.61,3.728426486320481,1.2558726066077919,-0.5172932829816452,8.009393971677944e-05
43.62,3.7301590055973817,1.2483012642711293,-0.5217562090077792,8.03929438102613e-05
43.63,3.731863913843497,1.2407069954051366,-0.5262241342353027,8.068878316822958e-05
43.64,3.7335406495152483,1.2330899053384359,-0.5306968005154168,8.098144536602581e-05
43.65,3.7351886490869757,1.2254501025156794,-0.5351739463218498,8.127092037960761e-05
43.660000000000004,3.7368073471394934,1.2177876984997082,-0.5396553067533439,8.15572006263519e-05
43.67,3.7383961764506672,1.2101028079727645,-0.5441406135360153,8.18402810042149e-05
43.68,3.739954568088008,1.2023955487367555,-0.5486295950255649,8.212015892916546e-05
43.69,3.7414819515032627,1.1946660417125676,-0.5531219762093232,8.239683437082925e-05
43.7,3.7429777546289853,1.1869144109384262,-0.5576174787081073,8.267030988627885e-05
43.71,3.7444414039770777,1.179140783567301,-0.5621158207778698,8.294059065189668e-05
43.72,3.745872324739272,1.171345289863355,-0.5666167173111223,8.320768449323833e-05
43.730000000000004,3.747269940889537,1.1635280631974387,-0.5711198798381103,8.347160191285276e-05
43.74,3.748633675288392,1.1556892400416257,-0.5756250165277232,8.373235611597218e-05
43.75,3.7499629497890905,1.1478289599627949,-0.580131832188118,8.398996303402347e-05
43.76,3.751257185345662,1.1399473656152581,-0.5846400282670374,8.424444134592496e-05
43.77,3.7525158021227774,1.1320446027324347,-0.5891493028518056,8.449581249706913e-05
43.78,3.7537382196074063,1.1241208201175779,-0.5936593506689801,8.474410071597873e-05
43.79,3.7549238567222427,1.1161761696335535,-0.5981698630836448,8.498933302857608e-05
43.800000000000004,3.756072131940862,1.1082108061916771,-0.6026805280983234,8.523153927001066e-05
43.81,3.757182463404575,1.1002248877396121,-0.607191030351498,8.547075209401843e-05
43.82,3.7582542690409464,1.0922185752483347,-0.6117010511157159,8.570700697975897e-05
43.83,3.7592869666839364,1.0841920326981709,-0.6162102682952671,8.594034223610726e-05
43.84,3.7602799741956305,1.0761454270639128,-0.6207183564234191,8.617079900336424e-05
43.85,3.7612327095895157,1.0680789282990193,-0.6252249866591921,8.639842125235667e-05
43.86,3.7621445911552596,1.0599927093189094,-0.6297298267836624,8.662325578089982e-05
43.87,3.7630150375849487,1.0518869459833573,-0.6342325411957789,8.684535220761445e-05
43.88,3.7638434681007458,1.0437618170779952,-0.638732790907682,8.706476296307642e-05
43.89,3.764629302583913,1.0356175042949358,-0.6432302335395123,8.728154327827558e-05
43.9,3.765371961705155,1.0274541922125229,-0.6477245233136987,8.749575117039905e-05
43.910000000000004,3.766070867056237,1.01927206827422,-0.6522153110487169,8.770744742592703e-05
43.92,3.7667254412828175,1.0110713227666492,-0.656702244152309,8.791669558103105e-05
43.93,3.767335108218452,1.0028521487967916,-0.6611849666141583,8.812356189929987e-05
43.94,3.7678992930197097,0.9946147422683602,-0.6656631189980107,8.832811534680352e-05
43.95,3.7684174223023477,0.9863593018573593,-0.6701363384332413,8.853042756449349e-05
43.96,3.768888924278487,0.9780860289868436,-0.6746042586058594,8.873057283797421e-05
43.97,3.7693132288947346,0.9697951278008904,-0.6790665097489516,8.892862806467497e-05
43.980000000000004,3.7696897679711863,0.961486805137799,-0.683522718632561,8.912467271844618e-05
43.99,3.7700179753412595,0.9531612705025337,-0.6879725085530051,8.931878881161324e-05
44.0,3.7702972869922857,0.9448187360384239,-0.6924154993216318,8.951106085453179e-05
44.01,3.7705271412068035,0.9364594164981392,-0.6968513072530198,8.970157581269787e-05
44.02,3.770706978704492,0.928083529213955,-0.7012795451526274,8.9890423061442e-05
44.03,3.770836242784672,0.9196912940673263,-0.7056998223038967,9.007769433828336e-05
44.04,3.7709143794693194,0.9112829334577872,-0.7101117444548238,9.026348369299572e-05
44.050000000000004,3.7709408376465126,0.9028586722711941,-0.7145149138040023,9.044788743544293e-05
44.06,3.770915069214258,0.8944187378473316,-0.7189089289861562,9.063100408126222e-05
44.07,3.770836529224617,0.8859633599469006,-0.7232933850571731,9.081293429546357e-05
44.08,3.77070467602807,0.8774927707179073,-0.7276678734786569,9.099378083402855e-05
44.09,3.770518971418043,0.8690072046614749,-0.7320319821020155,9.117364848357702e-05
44.1,3.7702788807755345,0.8605068985970971,-0.7363852951521053,9.135264399920439e-05
44.11,3.7699838732137607,0.8519920916273563,-0.7407273932104543,9.153087604056995e-05
44.12,3.7696334217227574,0.8434630251021272,-0.7450578531980876,9.170845510633196e-05
44.13,3.76922700331386,0.8349199425822876,-0.7493762483579818,9.188549346702778e-05
44.14,3.7687640991639935,0.826363089802961,-0.7536821482371772,9.206210509649829e-05
44.15,3.7682441947596934,0.8177927146363123,-0.7579751186685779,9.223840560196835e-05
44.160000000000004,3.7676667800407935,0.8092090670539211,-0.7622547217524732,9.241451215287575e-05
44.17,3.7670313495436982,0.8006123990887575,-0.7665205158378139,9.2590543408577e-05
44.18,3.7663374025441723,0.7920029647967829,-0.7707720555032832,9.276661944503289e-05
44.19,3.765584443199569,0.7833810202182041,-0.7750088915381995,9.294286168058633e-05
44.2,3.764771980690428,0.7747468233384034,-0.7792305709232941,9.311939280096294e-05
44.21,3.763899529361365,0.7661006340485722,-0.7834366368114072,9.329633668359764e-05
44.22,3.7629666088611824,0.7574427141060751,-0.7876266285081495,9.347381832142346e-05
44.230000000000004,3.7619727442821276,0.7487733270945701,-0.7918000814525771,9.365196374623465e-05
44.24,3.760917466298222,0.7400927383839141,-0.7959565271979311,9.383089995174881e-05
44.25,3.7598003113025924,0.7314012150898805,-0.8000954933924956,9.401075481650084e-05
44.26,3.758620821543731,0.7226990260337182,-0.8042165037606287,9.419165702668713e-05
44.27,3.757378545260607,0.7139864417015797,-0.8083190780840254,9.43737359990758e-05
44.28,3.7560730368165687,0.7052637342038504,-0.8124027321832716,9.4557121804125e-05
44.29,3.7547038568319526,0.6965311772344058,-0.8164669778997534,9.474194508942468e-05
44.300000000000004,3.7532705723153392,0.6877890460298299,-0.8205113230779831,9.492833700357583e-05
44.31,3.7517727567933803,0.6790376173286236,-0.8245352715484124,9.511642912065138e-05
44.32,3.7502099904391297,0.6702771693304358,-0.8285383231107999,9.530635336533006e-05
44.33,3.7485818601988123,0.66150798165535,-0.8325199735182037,9.549824193884506e-05
44.34,3.7468879599169584,0.6527303353032561,-0.8364797144616748,9.569222724585706e-05
44.35,3.745127890459844,0.6439445126133433,-0.8404170335557236,9.588844182234989e-05
44.36,3.743301259837167,0.6351507972237462,-0.84433141432464,9.608701826468358e-05
44.37,3.7414076833218965,0.6263494740313781,-0.8482223361897445,9.628808915988909e-05
44.38,3.7394467835682326,0.6175408291519869,-0.8520892744576531,9.649178701731819e-05
44.39,3.7374181907276163,0.6087251498804681,-0.8559317003096384,9.669824420174735e-05
44.4,3.735321542562727,0.5999027246514703,-0.8597490807921724,9.690759286802502e-05
44.410000000000004,3.733156484559409,0.5910738430003306,-0.8635408788087391,9.711996489735593e-05
44.42,3.73092267003647,0.5822387955243752,-0.8673065531130032,9.733549183529695e-05
44.43,3.7286197602532956,0.5733978738446235,-0.8710455583034274,9.755430483155702e-05
44.44,3.7262474245152255,0.5645513705679333,-0.8747573448194292,9.777653458166318e-05
44.45,3.7238053402766362,0.5556995792496252,-0.8784413589391701,9.800231127055912e-05
44.46,3.7212931932416806,0.5468427943566263,-0.8820970427790731,9.823176451819792e-05
44.47,3.718710677462636,0.5379813112311708,-0.8857238342951633,9.846502332718307e-05
44.480000000000004,3.716057495435808,0.5291154260550998,-0.8893211672863297,9.870221603250327e-05
44.49,3.7133333581949506,0.5202454358147994,-0.8928884713996054,9.894347025339263e-05
44.5,3.7105379854021514,0.5113716382668193,-0.896425172137567,9.918891284735463e-05
44.51,3.7076711054361438,0.502494331904213,-0.8999306908679524,9.943866986636789e-05
44.52,3.704732455478004,0.49361381592364256,-0.9034044448355976,9.969286651528641e-05
44.53,3.701721781594196,0.48473039019329067,-0.9068458471767955,9.995162711244355e-05
44.54,3.698638838816923,0.47584435522162344,-0.9102543069361778,0.00010021507505245819
44.550000000000004,3.695483391221756,0.4669560121270479,-0.9136292290862231,0.00010048333277122765
44.56,3.6922552120025056,0.45806566260850895,-0.9169700145494939,0.0001007565217130798
44.57,3.6889540835433032,0.44917360891707075,-0.9202760602237058,0.00010103476230007291
44.58,3.685579797487868,0.4402801538285282,-0.9235467590097328,0.00010131817390338569
44.59,3.6821321548059305,0.4313856006170946,-0.92678149984265,0.00010160687481675952
44.6,3.678610965856789,0.42249025303021187,-0.9299796677259186,0.00010190098223193718
44.61,3.6750160504499783,0.4135944152645309,-0.9331406437688141,0.00010220061221601514
44.62,3.671347237903028,0.4046983919431087,-0.9362638052272015,0.00010250587969065664
44.63,3.6676043670962963,0.3958024880938713,-0.9393485255477566,0.00010281689841305294
44.64,3.663787286524865,0.38690700912938975,-0.9423941744157357,0.00010313378095856086
44.65,3.6598958543474747,0.37801226082801814,-0.9454001178063933,0.00010345663870490513
44.660000000000004,3.6559299384325,0.36911854931644333,-0.948365718040145,0.00010378558181781514
44.67,3.65188941640095,0.3602261810536944,-0.9512903338415741,0.000104120719237994
44.68,3.6477741756664868,0.3513354628166626,-0.954173320402377,0.00010446215866928229
44.69,3.6435841134724645,0.3424467016871808,-0.9570140294483422,0.00010481000656787196
44.7,3.6393191369259785,0.33356020504071254,-0.9598118093104551,0.0001051643681324233
44.71,3.634979163028932,0.3246762805367012,-0.9625660050002187,0.00010552534729492579
44.72,3.6305641187061197,0.31579523611062865,-0.9652759582892804,0.00010589304671214037
44.730000000000004,3.626073940830333,0.306917379967834,-0.9679410077934486,0.00010626756775745114
44.74,3.621508576244496,0.29804302057914306,-0.970560489061186,0.00010664901051294047
44.75,3.6168679817808393,0.2891724666783571,-0.9731337346666581,0.00010703747376150549
44.76,3.612152124277124,0.28030602726165277,-0.9756600743074182,0.00010743305497882524
44.77,3.6073609805899296,0.27144401158894077,-0.9781388349068021,0.00010783585032497555
44.78,3.6024945376050184,0.2625867291872343,-0.9805693407211074,0.00010824595463547702
44.79,3.597552792244801,0.2537344898560749,-0.9829509134516251,0.00010866346141158156
44.800000000000004,3.5925357514729153,0.24488760367506526,-0.9852828723615914,0.00010908846280959238
44.81,3.58744343229594,0.23604638101355607,-0.98756453439812,0.00010952104962895964
44.82,3.5822758617622763,0.2272111325425346,-0.9897952143191755,0.00010996131129896763
44.83,3.577033076958211,0.21838216924876153,-0.9919742248256427,0.00011040933586378884
44.84,3.5717151250011945,0.2095598024512014,-0.9941008766985412,0.00011086520996565852
44.85,3.5663220630303605,0.20074434381979211,-0.9961744789414344,0.0001113290188259543
44.86,3.5608539581943215,0.19193610539659633,-0.9981943389280729,0.00011180084622394837
44.87,3.5553108876362685,0.183135399619378,-1.0001597625553116,0.00011228077447302933
44.88,3.549692938476409,0.17434253934764504,-1.0020700544013335,0.00011276888439414184
44.89,3.5440002077917816,0.16555783789119796,-1.0039245178892087,0.00011326525528622446
44.9,3.5382328025934826,0.15678160904122299,-1.0057224554558113,0.00011376996489343696
44.910000000000004,3.5323908398013417,0.14801416710396625,-1.007463168726114,0.00011428308936895565
44.92,3.5264744462160884,0.1392558269370242,-1.0091459586928715,0.0001148047032351273
44.93,3.5204837584890485,0.130506903988283,-1.0107701259017035,0.000115334879339767
44.94,3.5144189230894143,0.12176771433753796,-1.0123349706415765,0.00011587368880840713
44.95,3.50828009626913,0.1130385747408222,-1.013839793140684,0.00011642120099230147
44.96,3.502067444025439,0.10431980267747035,-1.0152838937677127,0.00011697748341201207
44.97,3.4957811420611327,0.09561171639994175,-1.0166665732384839,0.00011754260169639224
44.980000000000004,3.489421375742555,0.0869146349864243,-1.0179871328279462,0.00011811661951678792
44.99,3.4829883400554023,0.07822887839623745,-1.0192448745874936,0.00011869959851633764
45.0,3.476482239558369,0.06955476752805016,-1.0204391015675762,0.00011929159823420162
45.01,3.469903288334688,0.060892624280925955,-1.0215691180455648,0.0001198926760246085
45.02,3.4632517099416105,0.05224277161820457,-1.0226342297588213,0.00012050288697058999
45.03,3.4565277373578787,0.04360553363422586,-1.0236337441429264,0.00012112228379231225
45.04,3.4497316129292375,0.034981235623898085,-1.0245669705750027,0.00012175091674992436
45.050000000000004,3.4428635883120364,0.02637020415510903,-1.0254332206220704,0.00012238883354084287
45.06,3.4359239244149697,0.017772767143974424,-1.026231808294363,0.0001230360791914506
45.07,3.4289128913390043,0.009189253932913966,-1.0269620503035233,0.0001236926959431387
45.08,3.4218307683155476,0.0006199953715410669,-1.0276232663255975,0.0001243587231327033
45.09,3.4146778436429015,-0.007934676099652071,-1.0282147792687322,0.0001250341970671108
45.1,3.4074544146210544,-0.016474426362837004,-1.0287359155454767,0.0001257191508926541
45.11,3.400160787484856,-0.02499891953364701,-1.0291860053495867,0.00012641361445854207
45.12,3.392797277335629,-0.03350781786926313,-1.0295643829372136,0.00012711761417499295
45.13,3.3853642080712603,-0.04200078167382615,-1.0298703869123629,0.00012783117286595263
45.14,3.377861912314822,-0.05047746920121758,-1.0301033605164938,0.00012855430961652677
45.15,3.370290731341769,-0.058937536555258165,-1.0302626519221278,0.00012928703961528532
45.160000000000004,3.3626510150057554,-0.067380637587378,-1.0303476145303265,0.0001300293739916009
45.17,3.3549431216631196,-0.07580642379181818,-1.0303576072718903,0.00013078131964821643
45.18,3.3471674180960793,-0.08421454419842962,-1.030291994912127,0.00013154287908925737
45.19,3.33932427943468,-0.09260464526314095,-1.030150148359028,0.0001323140502439285
45.2,3.331414089077537,-0.10097637075617322,-1.0299314449746868,0.00013309482628617094
45.21,3.323437238611418,-0.1093293616480859,-1.0296352688897845,0.00013388519545055714
45.22,3.3153941277296965,-0.11766325599374472,-1.0292610113209635,0.00013468514084476578
45.230000000000004,3.3072851641497234,-0.1259776888143085,-1.0288080708909035,0.00013549464025896832
45.24,3.2991107635291463,-0.1342722919773391,-1.028275853950905,0.00013631366597249457
45.25,3.2908713493812183,-0.14254669407514467,-1.027663774905782,0.00013714218455817385
45.26,3.282567352989126,-0.1508005203014744,-1.02697125654086,0.00013798015668479402
45.27,3.274199213319372,-0.15903339232668834,-1.0261977303508651,0.00013882753691810026
45.28,3.265767376934239,-0.16724492817153455,-1.02534263687049,0.00013968427352080393
45.29,3.2572722979033726,-0.17543474207967136,-1.0244054260064115,0.0001405503082521186
45.300000000000004,3.2487144377145025,-0.183602444389081,-1.023385557370531,0.00014142557616731322
45.31,3.2400942651833327,-0.19174764140252692,-1.0222825006142064,0.00014231000541782898
45.32,3.2314122563626255,-0.19986993525721505,-1.0210957357632326,0.00014320351705254656
45.33,3.2226688944505,-0.2079689237938261,-1.019824753553329,0.00014410602482072885
45.34,3.21386466969797,-0.21604420042509306,-1.0184690557658809,0.00014501743497729311
45.35,3.205000079315736,-0.2240953540041061,-1.0170281555636869,0.00014593764609099533
45.36,3.196075627380255,-0.23212196869253254,-1.0155015778264453,0.00014686654885616063
45.37,3.1870918247391007,-0.24012362382894872,-1.0138888594857247,0.0001478040259086529
45.38,3.178049188915629,-0.24809989379748582,-1.0121895498591458,0.0001487499516466696
45.39,3.1689482440129644,-0.2560503478969998,-1.0104032109835066,0.0001497041920570974
45.4,3.159789520617316,-0.26397455021098215,-1.0085294179465767,0.0001506666045480764
45.410000000000004,3.150573555700637,-0.271872059478434,-1.0065677592172813,0.00015163703778849777
45.42,3.1413008925226324,-0.279742428965935,-1.0045178369739949,0.00015261533155510007
45.43,3.131972080532124,-0.28758520634114143,-1.0023792674306626,0.00015360131658786823
45.44,3.122587675267779,-0.29539993354795796,-1.0001516811604616,0.0001545948144544771
45.45,3.113148238258207,-0.30318614668363025,-0.9978347234167134,0.00015559563742442405
45.46,3.10365433692143,-0.3109433758780139,-0.9954280544507608,0.00015660358835360935
45.47,3.0941065444637204,-0.31867114517527917,-0.9929313498265135,0.00015761846058002436
45.480000000000004,3.0845054397778213,-0.32636897241831686,-0.9903443007313733,0.0001586400378312345
45.49,3.0748516073405394,-0.33403636913611656,-0.9876666142832412,0.00015966809414436178
45.5,3.065145637109713,-0.34167284043439117,-0.984898013833317,0.00016070239379922048
45.51,3.0553881244205563,-0.34927788488972833,-0.9820382392643915,0.00016174269126523894
45.52,3.045579669881375,-0.35685099444755186,-0.9790870472843409,0.00016278873116282722
45.53,3.0357208792686547,-0.3643916543241805,-0.9760442117145272,0.0001638402482398048
45.54,3.025812363421518,-0.37189934291327476,-0.9729095237728119,0.00016489696736344297
45.550000000000004,3.015854738135546,-0.3793735316969648,-0.9696827923508919,0.00016595860352870605
45.56,3.005848624055969,-0.3868136851619561,-0.9663638442856651,0.00016702486188325782
45.57,2.9957946465702125,-0.39421926072090946,-0.9629525246243394,0.00016809543776969126
45.58,2.985693435699809,-0.401589708639396,-0.9594486968829973,0.00016917001678546582
45.59,2.9755456259916633,-0.4089244719687262,-0.9558522432983331,0.00017024827486097682
45.6,2.9653518564086796,-0.4162229864849543,-0.9521630650722829,0.0001713298783561677
45.61,2.955112770219743,-0.4234846806343585,-0.9483810826092691,0.00017241448417604091
45.62,2.9448290148890592,-0.4307089754856968,-0.9445062357457876,0.0001735017399053395
45.63,2.934501241964856,-0.43789528468953726,-0.9405384839720677,0.00017459128396268785
45.64,2.924130106967446,-0.4450430144449591,-0.9364778066455417,0.00017568274577438555
45.65,2.9137162692766565,-0.4521515634739192,-0.9323242031958636,0.0001767757459680357
45.660000000000004,2.903260392018636,-0.4592203230035751,-0.928077693321225,0.00017786989658608965
45.67,2.89276314195204,-0.4662486767568517,-0.9237383171757181,0.00017896480131935225
45.68,2.8822251893536084,-0.4732360009515347,-0.9193061355475056,0.0001800600557604714
45.69,2.8716472079031496,-0.4801816643081683,-0.9147812300275621,0.00018115524767731457
45.7,2.86102987456794,-0.4870850280670297,-0.9101637031687579,0.00018224995730613115
45.71,2.850373869486558,-0.49394544601444496,-0.9054536786350658,0.00018334375766426204
45.72,2.8396798758521764,-0.5007622645187049,-0.9006513013406756,0.00018443621488220793
45.730000000000004,2.828948579795325,-0.5075348225758312,-0.8957567375788139,0.00018552688855470042
45.74,2.818180670266162,-0.5142624518654342,-0.8907701751400697,0.0001866153321103859
45.75,2.807376838916268,-0.5209444768168944,-0.8856918234200394,0.00018770109319973013
45.76,2.7965377799800057,-0.5275802146860896,-0.8805219135161118,0.00018878371410055366
45.77,2.785664190155472,-0.5341689756428791,-0.8752606983132237,0.00018986273214068993
45.78,2.7747567684850845,-0.5407100628695438,-0.8699084525584264,0.00019093768013709206
45.79,2.7638162162358424,-0.5472027726703702,-0.8644654729241121,0.00019200808685069742
45.800000000000004,2.752843236779306,-0.5536463945925518,-0.8589320780597623,0.0001930734774562599
45.81,2.7418385354713446,-0.5600402115585689,-0.8533086086320887,0.00019413337402634118
45.82,2.7308028195317062,-0.5663835000101918,-0.8475954273534468,0.00019518729602857864
45.83,2.7197367979234603,-0.5726755300642393,-0.8417929189984185,0.0001962347608352389
45.84,2.7086411812323807,-0.5789155656802073,-0.8359014904084636,0.0001972752842440767
45.85,2.697516681546327,-0.5851028648398651,-0.8299215704845601,0.00019830838100947135
45.86,2.6863640123346935,-0.5912366797389027,-0.8238536101677566,0.0001993335653826527
45.87,2.675183888327998,-0.5973162569906918,-0.8176980824075797,0.00020035035165990046
45.88,2.663977025397686,-0.6033408378422062,-0.8114554821182444,0.00020135825473753348
45.89,2.652744140436228,-0.6093096584021284,-0.8051263261226328,0.00020235679067234796
45.9,2.6414859512375943,-0.6152219498811511,-0.798711153084016,0.00020334547724632074
45.910000000000004,2.630203176378191,-0.6210769388444592,-0.7922105234255065,0.0002043238345341909
45.92,2.618896535098353,-0.6268738474763617,-0.7856250192372423,0.00020529138547253963
45.93,2.607566747184482,-0.6326118938570178,-0.7789552441713145,0.00020624765642906486
45.94,2.5962145328519286,-0.6382902922511862,-0.7722018233244636,0.0002071921777705854
45.95,2.5848406126287182,-0.6439082534088982,-0.7653654031085833,0.0002081244844283676
45.96,2.5734457072402255,-0.6494649848779398,-0.7584466511090786,0.00020904411645933
45.97,2.5620305374949015,-0.6549596913280008,-0.7514462559311453,0.0002099506196016986
45.980000000000004,2.5505958241711637,-0.6603915748863318,-0.7443649270340406,0.0002108435458236856
45.99,2.539142287905558,-0.665759835484723,-0.7372033945534346,0.00021172245386373234
46.0,2.5276706490823075,-0.6710636712175989,-0.7299624091119419,0.00021258690976085109
46.01,2.5161816277243654,-0.6763022787110007,-0.7226427416179407,0.00021343648737372434
46.02,2.5046759433860832,-0.6814748535022029,-0.7152451830528072,0.00021427076888713145
46.03,2.4931543150476196,-0.6865805904296927,-0.7077705442466943,0.00021508934530430301
46.04,2.481617461011204,-0.6916186840332129,-0.7002196556430043,0.00021589181692391717
46.050000000000004,2.4700660987993777,-0.696588328963553,-0.6925933670517094,0.0002166777938004072
46.06,2.4585009450553343,-0.7014887204017446,-0.6848925473916895,0.00021744689618634932
46.07,2.446922715445476,-0.7063190544873014,-0.6771180844222638,0.00021819875495567503
46.08,2.4353321245643116,-0.7110785287551191,-0.6692708844641068,0.00021893301200657698
46.09,2.423729885841814,-0.7157663425806307,-0.6613518721097443,0.00021964932064304915
46.1,2.4121167114533546,-0.7203816976327918,-0.6533619899238408,0.00022034734593396672
46.11,2.400493312232336,-0.724923798334452,-0.6453021981334922,0.0002210267650487571
46.12,2.3888603975856353,-0.7293918523296457,-0.6371734743087537,0.00022168726756879593
46.13,2.377218675411975,-0.7337850709573209,-0.6289768130336342,0.0002223285557736787
46.14,2.36556885202333,-0.7381026697310032,-0.6207132255678031,0.00022295034490163755
46.15,2.353911632069483,-0.7423438688238762,-0.6123837394992582,0.00022355236338348088
46.160000000000004,2.3422477184658295,-0.7465078935587419,-0.6039893983882137,0.00022413435304945734
46.17,2.330577812324534,-0.7505939749023123,-0.5955312614024733,0.00022469606930856874
46.18,2.3189026128891412,-0.7546013499632611,-0.5870104029445574,0.00022523728130001224
46.19,2.307222817472722,-0.7585292624934593,-0.5784279122708659,0.0002257577720163856
46.2,2.295539121399657,-0.7623769633917987,-0.5697848931031537,0.00022625733839851483
46.21,2.283852217951131,-0.7661437112099989,-0.561082463232612,0.00022673579140183918
46.22,2.272162798314412,-0.7698287726597808,-0.5523217541168428,0.00022719295603428643
46.230000000000004,2.2604715515360008,-0.7734314231207798,-0.5435039104700262,0.00022762867136583688
46.24,2.2487791644786945,-0.7769509471485658,-0.534630089846579,0.0002280427905099533
46.25,2.2370863217826407,-0.7803866389821242,-0.5257014622186065,0.0002284351805771415
46.26,2.2253937058304207,-0.7837378030501522,-0.5167192095474551,0.00022880572260113415
46.27,2.21370199671621,-0.7870037544755136,-0.5076845253496717,0.0002291543114381598
46.28,2.202011872219049,-0.7901838195771976,-0.4985986142576797,0.00022948085563988534
46.29,2.1903240077802555,-0.7932773363691171,-0.48946269157548244,0.000229785277300752
46.300000000000004,2.1786390764849917,-0.7962836550550887,-0.480277982829705,0.00023006751188049196
46.31,2.166957749048003,-0.7992021385193302,-0.4710457233162862,0.00023032750800267677
46.32,2.1552806938035283,-0.8020321628118164,-0.4617671576431322,0.00023056522723025806
46.33,2.1436085766993713,-0.8047731176278357,-0.4524435392690429,0.00023078064381916127
46.34,2.1319420612951254,-0.8074244067810921,-0.4430761300392208,0.00023097374445102295
46.35,2.1202818087645174,-0.8099854486697076,-0.43366619971767134,0.00023114452794624095
46.36,2.1086284779018443,-0.8124556767344795,-0.4242150255168014,0.00023129300495858306
46.37,2.096982725132455,-0.8148345399087615,-0.41472389162452106,0.0002314191976526957
46.38,2.085345204527226,-0.8171215030593426,-0.405194088729151,0.00023152313936584924
46.39,2.073716567820966,-0.8193160474177099,-0.395626913542435,0.0002316048742553204
46.4,2.062097464434681,-0.8214176710010941,-0.38602366832095386,0.00023166445693285765
46.410000000000004,2.0504885415016187,-0.8234258890227064,-0.3763856603862348,0.00023170195208773277
46.42,2.0388904438969986,-0.8253402342905936,-0.3667142016438447,0.00023171743409989597
46.43,2.027303814271331,-0.8271602575945499,-0.35701060810175383,0.00023171098664477179
46.44,2.0157292930872153,-0.8288855280805444,-0.3472761993882502,0.00023168270229121263
46.45,2.0041675186595,-0.8305156336121359,-0.3375122982696831,0.00023163268209422
46.46,1.9926191271986786,-0.8320501811183707,-0.3277202301683068,0.00023156103518398843
46.47,1.9810847528573847,-0.8334887969276749,-0.3179013226804937,0.00023146787835279188
46.480000000000004,1.9695650277798462,-0.8348311270872747,-0.30805690509557826,0.0002313533356413184
46.49,1.9580605821541441,-0.8360768376677012,-0.2981883079155909,0.00023121753792594758
46.5,1.9465720442671197,-0.8372256150519558,-0.28829686237613367,0.00023106062250848085
46.51,1.935100040561762,-0.8382771662089377,-0.27838389996864554,0.00023088273270980607
46.52,1.9236451956969036,-0.8392312189507601,-0.2684507519642997,0.0002306840174689312
46.53,1.912208132609044,-0.8400875221736035,-0.2584987489397694,0.000230464630948779
46.54,1.900789472576115,-0.8408458460817817,-0.24852922030509406,0.0002302247321500916
46.550000000000004,1.8893898352829943,-0.8415059823947235,-0.2385434938338717,0.00022996448453472713
46.56,1.878009838888574,-0.842067744536597,-0.22854289519599819,0.00022968405565958265
46.57,1.8666501000941766,-0.8425309678083324,-0.2185287474931691,0.00022938361682231373
46.58,1.8553112342131162,-0.8428955095418252,-0.20850237079735384,0.0002290633427199441
46.59,1.8439938552411903,-0.8431612492361331,-0.19846508169244675,0.00022872341112138608
46.6,1.8326985759278922,-0.8433280886755011,-0.18841819281929498,0.0002283640025548141
46.61,1.8214260078481235,-0.8433959520290863,-0.1783630124242972,0.00022798530001077186
46.62,1.810176761474189,-0.8433647859322748,-0.16830084391176245,0.00022758748866178623
46.63,1.798951446247853,-0.843234559549516,-0.15823298540021363,0.00022717075559917872
46.64,1.7877506706522335,-0.8430052646186271,-0.14816072928281487,0.00022673528958769293
46.65,1.7765750422833118,-0.8426769154765489,-0.13808536179209757,0.0002262812808384676
46.660000000000004,1.765425167920834,-0.842249549066561,-0.12800816256915512,0.00022580892080075246
46.67,1.7543016535983822,-0.8417232249269971,-0.11793040423747203,0.00022531840197274167
46.68,1.7432051046723913,-0.8410980251615227,-0.10785335198154845,0.00022480991773175135
46.69,1.732136125889894,-0.8403740543910706,-0.09777826313047713,0.0002242836621838938
46.7,1.7210953214547724,-0.8395514396875555,-0.0877063867466257,0.00022373983003333764
46.71,1.7100832950923037,-0.8386303304895123,-0.07763896321957307,0.00022317861647109066
46.72,1.6991006501117851,-0.8376108984998352,-0.06757722386544512,0.0002226002170832285
46.730000000000004,1.6881479894670302,-0.8364933375658151,-0.057522390531790896,0.00022200482777836033
46.74,1.6772259158145313,-0.8352778635417024,-0.04747567520813719,0.0002213926447340317
46.75,1.6663350315690904,-0.8339647141340422,-0.0374382796423559,0.00022076386436171806
46.76,1.6554759389567206,-0.8325541487300582,-0.027411394962975073,0.00022011868328997505
46.77,1.6446492400646322,-0.8310464482093807,-0.017396201307561615,0.0002194572983652078
46.78,1.6338555368881185,-0.8294419147394382,-0.007393867457300349,0.0002187799066694717
46.79,1.623095431374168,-0.8277408715548538,0.0025944495221087126,0.00021808670555466603
46.800000000000004,1.6123695254616313,-0.8259436627212079,0.012567604633116054,0.00021737789269240482
46.81,1.6016784211177826,-0.824050652883549,0.022524465292435108,0.00021665366613875554
46.82,1.5910227203711222,-0.8220622270000527,0.03246391167048812,0.00021591422441303925
46.83,1.5804030253402743,-0.8199787900612483,0.04238483702407464,0.00021515976658981325
46.84,1.569819938258843,-0.8178007667952476,0.05228614802215448,0.00021439049240310062
46.85,1.559274061496098,-0.8155286013594281,0.06216676506463947,0.00021360660236190192
46.86,1.5487659975733736,-0.8131627570190374,0.07202562259409097,0.00021280829787599436
46.87,1.5382963491760664,-0.810703715813199,0.08186166940022231,0.00021199578139099402
46.88,1.5278657191611367,-0.8081519782088127,0.09167386891710821,0.00021116925653161313
46.89,1.5174747105600208,-0.8055080627428556,0.1014611995130052,0.0002103289282520635
46.9,1.507123926576874,-0.8027725056535993,0.11122265477268989,0.00020947500299251008
46.910000000000004,1.4968139705820749,-0.7999458605012687,0.12095724377222437,0.0002086076888404836
46.92,1.486545446100929,-0.7970286977786777,0.13066399134606038,0.00020772719569615774
46.93,1.4763189567975266,-0.7940216045123816,0.14034193834639655,0.0002068337354404104
46.94,1.4661351064537076,-0.7909251838548963,0.14999014189470578,0.00020592752210456838
46.95,1.4559944989431133,-0.7877400546685364,0.15960767562535216,0.00020500877204075865
46.96,1.4458977382002993,-0.7844668511014296,0.16919362992122003,0.0002040777040918367
46.97,1.4358454281849047,-0.7811062221562691,0.1787471121412801,0.00020313453975982388
46.980000000000004,1.4258381728408784,-0.7776588312523659,0.18826724684002105,0.0002021795033718602
46.99,1.415876576050775,-0.7741253557815644,0.19775317597867742,0.00020121282224268652
47.0,1.4059612415851417,-0.770506486658586,0.20720405912818848,0.00020023472683270785
47.01,1.3960927730470285,-0.7668029278663634,0.2166190736638253,0.0001992454509007259
47.02,1.3862717738116639,-0.7630153959969248,0.22599741495142706,0.00019824523165045587
47.03,1.3764988469613466,-0.7591446197883881,0.235338296525191,0.0001972343098700184
47.04,1.3667745952156145,-0.7551913396586167,0.24464095025696417,0.00019621293006360824
47.050000000000004,1.3570996208567598,-0.7511563072360878,0.25390462651698836,0.0001951813405745929
47.06,1.3474745256507707,-0.7470402848885153,0.26312859432605445,0.0001941397936993786
47.07,1.3378999107637841,-0.7428440452497646,0.2723121414990256,0.0001930885457913873
47.08,1.3283763766741477,-0.7385683707455889,0.28145457477969305,0.00019202785735456034
47.09,1.318904523080193,-0.7342140531187086,0.29055521996693306,0.0001909579931258871
47.1,1.3094849488038312,-0.7297818929537447,0.2996134220321374,0.00018987922214646176
47.11,1.3001182516900893,-0.7252726992025113,0.3086285452278949,0.0001887918178206517
47.12,1.2908050285027144,-0.7206872887101574,0.31759997318790534,0.00018769605796304268
47.13,1.281545874815974,-0.7160264857426418,0.3265271090181136,0.0001865922248328361
47.14,1.2723413849027951,-0.7112911215160093,0.3354093753790548,0.00018548060515545265
47.15,1.2631921516193827,-0.7064820337279268,0.3442462145594077,0.00018436149013117964
47.160000000000004,1.2540987662864682,-0.7016000660919257,0.3530370885407585,0.0001832351754307047
47.17,1.245061818567343,-0.6966460678747803,0.3617814790535826,0.00018210196117746374
47.18,1.2360818963428344,-0.6916208934374438,0.37047888762445624,0.00018096215191678038
47.19,1.2271595855833894,-0.6865254017799445,0.3791288356145174,0.00017981605657183558
47.2,1.2182954702184314,-0.6813604560906331,0.387730864249199,0.0001786639883865341
47.21,1.2094901320031615,-0.6761269233001574,0.39628453463926455,0.0001775062648553981
47.22,1.2007441503829768,-0.6708256736405248,0.4047894277931806,0.00017634320764068517
47.230000000000004,1.1920581023556824,-0.6654575802095972,0.41324514462086803,0.00017517514247692443
47.24,1.1834325623316748,-0.6600235185413509,0.42165130592887795,0.0001740023990631533
47.25,1.1748681019922758,-0.6545243661822133,0.43000755240704563,0.00017282531094316313
47.26,1.1663652901463994,-0.6489610022737776,0.43831354460668037,0.00017164421537410073
47.27,1.1579246925857316,-0.6433343071421774,0.4465689629103556,0.00017045945318379748
47.28,1.1495468719386075,-0.6376451618943888,0.45477350749336987,0.00016927136861725038
47.29,1.1412323875227666,-0.6318944480217116,0.4629268982769539,0.00016808030917271068
47.300000000000004,1.1329817951971697,-0.626083047010665,0.47102887487330597,0.00016688662542783267
47.31,1.1247956472130591,-0.6202118399615174,0.4790791965225428,0.00016569067085640972
47.32,1.1166744920644418,-0.6142817072146546,0.48707764202165926,0.00016449280163620753
47.33,1.1086188743381757,-0.6082935279849743,0.49502400964559495,0.000163293376448443
47.34,1.100629334563837,-0.6022481800044801,0.5029181170605129,0.00016209275626947371
47.35,1.092706409063543,-0.5961465391732328,0.5107598012293993,0.00016089130415526003
47.36,1.0848506298019072,-0.5899894792187999,0.5185489183100989,0.00015968938501922562
47.37,1.0770625242362915,-0.5837778713643323,0.5262853435459067,0.00015848736540407656
47.38,1.06934261516753,-0.5775125840053809,0.5339689711488415,0.0001572856132481913
47.39,1.0616914205912862,-0.5711944823955488,0.5415997141757292,0.00015608449764722556
47.4,1.0541094535502027,-0.5648244283410678,0.5491775043972336,0.00015488438861150253
47.410000000000004,1.0465972219870072,-0.5584032799043648,0.5567022921599715,0.00015368565681981973
47.42,1.0391552285987231,-0.5519318911166776,0.5641740462418569,0.00015248867337029005
47.43,1.031783970692137,-0.5454111116997635,0.5715927537008215,0.00015129380952880002
47.44,1.02448394004067,-0.5388417867967304,0.5789584197170651,0.0001501014364757003
47.45,1.0172556227427911,-0.5322247567120101,0.5862710674289883,0.000148911925051319
47.46,1.0100994990821117,-0.5255608566604785,0.5935307377629705,0.0001477256455008566
47.47,1.0030160433892927,-0.5188509165257194,0.6007374892571531,0.00014654296721925686
47.480000000000004,0.9960057239058893,-0.5120957606274131,0.6078913978793945,0.0001453642584965789
47.49,0.9890690026502588,-0.5052962074978246,0.6149925568395657,0.0001441898862644212
47.5,0.9822063352856455,-0.49845306966735115,0.6220410763963579,0.00014302021584392346
47.51,0.975418170990556,-0.49156715345908397,0.6290370836587751,0.00014185561069583066
47.52,0.9687049523315306,-0.48463925879232433,0.6359807223824886,0.0001406964321731155
47.53,0.9620671151384126,-0.47767017899498954,0.6428721527612304,0.00013954303927661086
47.54,0.9555050883822108,-0.47066070062483234,0.6497115512134053,0.00013839578841411154
47.550000000000004,0.9490192940556463,-0.46361160329939116,0.6564991101641028,0.00013725503316334162
47.56,0.9426101470564678,-0.45652365953458,0.663235037822691,0.00013612112403919808
47.57,0.9362780550736155,-0.4493976345918193,0.6699195579561751,0.00013499440826564562
47.58,0.9300234184763075,-0.4422342863336026,0.6765529096585042,0.00013387522955260383
47.59,0.9238466302061181,-0.4350343650873877,0.6831353471160114,0.00013276392787816473
47.6,0.9177480756721105,-0.4277986135176933,0.6896671393691706,0.0001316608392764307
47.61,0.9117281326490824,-0.4205277665062798,0.696148570070854,0.00013056629563126302
47.62,0.9057871711789777,-0.4132225510402832,0.7025799372412758,0.00012948062447619142
47.63,0.8999255534755108,-0.40588368610817105,0.7089615530198033,0.0001284041488007112
47.64,0.8941436338320472,-0.3985118826033816,0.7152937434138201,0.00012733718686317878
47.65,0.888441758532776,-0.391107843235505,0.7215768480448203,0.00012628005201048966
47.660000000000004,0.8828202657672084,-0.3836722624488613,0.7278112198919168,0.00012523305250470117
47.67,0.8772794855480284,-0.3762058263483272,0.7339972250329413,0.00012419649135672611
47.68,0.8718197396323181,-0.36870921263226036,0.7401352423833121,0.00012317066616722208
47.69,0.8664413414461762,-0.36118309053236775,0.746225663432846,0.0001221558689747729
47.7,0.8611445960127426,-0.3536281207603628,0.7522688919806886,0.00012115238611141933
47.71,0.8559297998836369,-0.34604495546125397,0.7582653438685304,0.00012016049806560508
47.72,0.8507972410738167,-0.3384342381731056,0.7642154467122816,0.0001191804793525589
47.730000000000004,0.8457471989998542,-0.33079660379311254,0.7701196396323668,0.00011821259839212947
47.74,0.8407799444216281,-0.32313267854982697,0.775978372982807,0.00011725711739406705
47.75,0.8358957393874222,-0.3154430799813767,0.7817921080792444,0.00011631429225072127
47.76,0.8310948371824192,-0.30772841691951464,0.787561316926071,0.00011538437243712078
47.77,0.8263774822805726,-0.2999892894793372,0.7932864819428118,0.00011446760091837456
47.78,0.82174391029984,-0.2922262890545119,0.7989680956899141,0.00011356421406431757
47.79,0.8171943479607521,-0.2844399983178542,0.804606660594089,0.0001126744415713203
47.800000000000004,0.8127290130482941,-0.27663099122709295,0.8102026886733494,0.00011179850639115582
47.81,0.8083481143770682,-0.2687998330356683,0.8157567012618818,0.00011093662466680961
47.82,0.8040518517597058,-0.26094708030840363,0.8212692287348899,0.00011008900567511317
47.83,0.7998404159784949,-0.25307328094189685,0.8267408102335398,0.00010925585177605625
47.84,0.7957139887601833,-0.24517897418947668,0.8321719933901357,0.00010843735836863498
47.85,0.791672742753919,-0.23726469069057257,0.8375633340536486,0.00010763371385307842
47.86,0.7877168415122829,-0.22933095250434782,0.8429153960157194,0.00010684509959928635
47.870000000000005,0.7838464394753708,-0.22137827314744826,0.84822875073725,0.00010607168992130723
47.88,0.7800616819578745,-0.21340715763572077,0.8535039770756946,0.00010531365205767874
47.89,0.7763627051391155,-0.2054181025297584,0.8587416610131583,0.00010457114615743454
47.9,0.7727496360559782,-0.1974115959841317,0.8639423953854057,0.00010384432527159994
47.910000000000004,0.7692225925986894,-0.1893881178001677,0.8691067796118787,0.00010313333534996965
47.92,0.7657816835093902,-0.18134813948214165,0.874235419426816,0.00010243831524296869
47.93,0.7624270083834437,-0.17329212429674845,0.8793289266115683,0.00010175939670839773
47.94,0.7591586576734205,-0.16522052733572462,0.8843879187281906,0.00010109670442284854
47.95,0.755976712695704,-0.15713379558149332,0.8894130188543972,0.00010045035599758937
47.96,0.7528812456396542,-0.14903236797570926,0.8944048553199551,9.982046199870618e-05
47.97,0.7498723195792705,-0.14091667549058218,0.8993640614445899,9.920712597128821e-05
47.980000000000004,0.7469499884872901,-0.1327871412028615,0.9042912752774742,9.86104444674501e-05
47.99,0.7441142972516609,-0.12464418037036727,0.9091871393383629,9.803050707797613e-05
48.0,0.741365281694324,-0.11648820051095597,0.914052300360438,9.746739646738226e-05
48.01,0.7387029685922435,-0.10831960148381269,0.9188874090349205,9.692118841218511e-05
48.02,0.7361273757006173,-0.10013877557296436,0.9236931197575022,9.639195184216839e-05
48.03,0.7336385117782066,-0.09194610757291183,0.9284700903766495,9.587974888444647e-05
48.04,0.7312363766147177,-0.08374197487628168,0.9332189819438234,9.538463491012054e-05
48.050000000000004,0.728920961060171,-0.07552674756340183,0.93794045846566,9.490665858333174e-05
48.06,0.7266922470561927,-0.0673007884937078,0.9426351866581514,9.444586191251542e-05
48.07,0.7245502076691642,-0.059064453398889966,0.9473038357028615,9.400228030365839e-05
48.08,0.7224948071251638,-0.05081809097769471,0.9519470770052105,9.357594261537826e-05
48.09,0.7205260008466364,-0.04256204299229558,0.9565655839548579,9.316687121564191e-05
48.1,0.7186437354907266,-0.0342966443661534,0.9611600316882094,9.277508203993831e-05
48.11,0.7168479489892112,-0.02602222328328723,0.9657310968530728,9.240058465073755e-05
48.120000000000005,0.7151385705899678,-0.017739101288880718,0.9702794573754826,9.204338229806163e-05
48.13,0.7135155208999158,-0.00944759339115131,0.9748057922287113,9.170347198100663e-05
48.14,0.7119787119293682,-0.0011480081644124531,0.9793107812044837,9.138084451005828e-05
48.15,0.7105280471377323,0.007159352146738575,0.9837951046864056,9.107548457004245e-05
48.160000000000004,0.7091634214804969,0.015474191522171847,0.9882594434256193,9.078737078357219e-05
48.17,0.7078847214574482,0.02379622005997721,0.9927044783186926,9.051647577484323e-05
48.18,0.7066918251620521,0.032125153869277764,0.997130890187748,9.026276623364366e-05
48.19,0.7055846023319476,0.04046071496216186,1.0015393595628375,9.002620297944981e-05
48.2,0.7045629144004908,0.048802631144788736,1.005930566466562,8.980674102548551e-05
48.21,0.7036266145492944,0.057150635907720945,1.0103051902009408,8.960432964262973e-05
48.22,0.7027755477617081,0.06550446831553429,1.0146639091365246,8.9418912423058e-05
48.230000000000004,0.7020095508771833,0.07386387289575434,1.0190074005037548,8.925042734351477e-05
48.24,0.7013284526464707,0.08222859952716631,1.0233363401865607,8.909880682812075e-05
48.25,0.7007320737875984,0.09059840332754354,1.0276514025181918,8.896397781062878e-05
48.26,0.7002202270425795,0.09897304454083783,1.0319532600792791,8.884586179603207e-05
48.27,0.6997927172347996,0.10735228842387329,1.0362425834981166,8.87443749214567e-05
48.28,0.6994493413270366,0.11573590513258378,1.040520041253156,8.865942801626969e-05
48.29,0.6991898884800651,0.12412366960783261,1.0447862994777053,8.859092666132313e-05
48.300000000000004,0.6990141401118012,0.13251536146085147,1.0490420217668222,8.853877124729063e-05
48.31,0.6989218699569419,0.1409107648583345,1.0532878689863903,8.850285703204287e-05
48.32,0.6989128441270588,0.14930966840722226,1.0575244990843709,8.848307419700894e-05
48.33,0.6989868211711023,0.1577118650392086,1.0617525669042163,8.847930790249364e-05
48.34,0.6991435521362792,0.1661171518950033,1.065972724000436,8.849143834191335e-05
48.35,0.6993827806292631,0.1745253302083817,1.0701856184563028,8.851934079492696e-05
48.36,0.6997042428777033,0.1829362051900515,1.0743918947036892,8.856288567944527e-05
48.370000000000005,0.7001076677919955,0.19134958591136694,1.0785921933450227,8.862193860250388e-05
48.38,0.7005927770272814,0.19976528518791903,1.082787150977349,8.869636040999007e-05
48.39,0.7011592850456448,0.20818311946303014,1.0869774000184933,8.878600723522681e-05
48.4,0.7018068991784753,0.21660290869118087,1.0911635685353085,8.889073054642511e-05
48.410000000000004,0.7025353196889681,0.22502447622139643,1.0953462800740028,8.901037719300337e-05
48.42,0.7033442398347362,0.23344764868061924,1.0995261534925354,8.914478945080701e-05
48.43,0.7042333459305066,0.24187225585709457,1.1037038027950745,8.929380506624562e-05
48.44,0.7052023174108786,0.2502981305837954,1.1078798369685088,8.945725729936964e-05
48.45,0.7062508268931204,0.2587251086219125,1.1120548598210047,8.963497496594222e-05
48.46,0.7073785402399851,0.2671530285444362,1.1162294698226067,8.982678247852977e-05
48.47,0.7085851166225262,0.27558173161985494,1.120404259947873,9.003249988666374e-05
48.480000000000004,0.7098702085828945,0.2840110616959979,1.124579817520544,9.025194291613841e-05
48.49,0.7112334620971033,0.2924408650840466,1.128756724060242,9.04849230074765e-05
48.5,0.7126745166377452,0.30087099044274246,1.1329355551311981,9.073124735365124e-05
48.51,0.7141930052366502,0.30930128866281653,1.137116880193008,9.099071893712562e-05
48.52,0.7157885545474729,0.31773161275166856,1.141301262453417,9.126313656627379e-05
48.53,0.717460784908201,0.32616181771832176,1.1454892587231367,9.154829491127403e-05
48.54,0.719209310403577,0.33459176045868166,1.149681419272697,9.184598453954966e-05
48.550000000000004,0.7210337389274277,0.3430212996411264,1.1538782876913376,9.215599195084976e-05
48.56,0.7229336722448966,0.35145029559245705,1.1580804007479464,9.2478099612059e-05
48.57,0.7249087060545775,0.3598786101842374,1.1622882882540524,9.28120859918328e-05
48.58,0.7269584300505482,0.3683061067195517,1.166502472928882,9.315772559515556e-05
48.59,0.7290824279843041,0.3767326498202121,1.170723470266489,9.351478899793709e-05
48.6,0.7312802777265948,0.3851581053144449,1.1749517884049734,9.38830428817397e-05
48.61,0.7335515513291658,0.3935823401250888,1.179187927997798,9.42622500687571e-05
48.620000000000005,0.7358958150864138,0.40200522215833656,1.1834323820872226,9.465216955715902e-05
48.63,0.7383126295969573,0.4104266201930529,1.1876856359798709,9.505255655691125e-05
48.64,0.7408015498251355,0.41884640377070337,1.1919481671244474,9.546316252620041e-05
48.65,0.7433621251624415,0.42726444308592776,1.196220444991626,9.588373520858291e-05
48.660000000000004,0.7459938994889033,0.4356806088777948,1.2005029309561308,9.631401867098376e-05
48.67,0.748696411234423,0.4440947723217733,1.204796078181032,9.675375334266845e-05
48.68,0.7514691934400891,0.4525068049224575,1.2091003315042825,9.720267605532035e-05
48.69,0.7543117738194768,0.4609165784070846,1.2134161273275186,9.766052008435297e-05
48.7,0.7572236748199519,0.4693239646198837,1.2177438935071543,9.812701519159278e-05
48.71,0.7602044136839972,0.4777288354172952,1.222084049247798,9.860188766945897e-05
48.72,0.7632535025105784,0.4861310625641026,1.22643700499802,9.908486038676989e-05
48.730000000000004,0.766370448316572,0.4945305176305168,1.2308031623485027,9.957565283632655e-05
48.74,0.7695547530982728,0.502927071890257,1.235182913932609,0.0001000739811843864
48.75,0.7728059138930072,0.5113205962196699,1.2395766433293978,0.000100579558322172
48.76,0.7761234228408719,0.5197109609979332,1.2439847249691274,0.00010109209391954642
48.77,0.7795067672466247,0.528098036008387,1.2484075240412786,0.00010161129448097915
48.78,0.7829554296417518,0.5364816903410391,1.252845396405138,0.00010213686340394725
48.79,0.7864688878467373,0.5448617922962923,1.2572986885029784,0.00010266850103988147
48.800000000000004,0.790046615033562,0.5532382092899393,1.2617677372758767,0.00010320590475779386
48.81,0.7936880797884597,0.5616108077594745,1.2662528700822089,0.0001037487690107197
48.82,0.7973927461749593,0.5699794530717713,1.2707544046188655,0.0001042967854050754
48.83,0.801160073797241,0.5783440094321749,1.275272648845226,0.00010484964277305719
48.84,0.8049895178638377,0.5867043397950595,1.279807900909938,0.00010540702724820691
48.85,0.8088805292517105,0.5950603057759031,1.2843604490805436,0.0001059686223442407
48.86,0.812832554570731,0.6034117675649281,1.2889305716759971,0.00010653410903724755
48.870000000000005,0.8168450362285989,0.611758583842363,1.293518537002117,0.00010710316585136975
48.88,0.8209174124962296,0.6201006116953747,1.2981246032900193,0.00010767546894804755
48.89,0.8250491175736411,0.628437706536725,1.3027490186375756,0.0001082506922189315
48.9,0.8292395816563738,0.636769722025206,1.3073920209539418,0.00010882850738254265
48.910000000000004,0.8334882310024757,0.6450965099879044,1.312053837907202,0.00010940858408474755
48.92,0.8377944880000837,0.6534179203443511,1.3167346868751741,0.00010999059000314174
48.93,0.8421577712356354,0.6617338010326087,1.3214347748994215,0.000110574190955393
48.94,0.8465774955627424,0.67004399793735,1.3261542986425152,0.0001111590510116009
48.95,0.851053072171758,0.6783483548199822,1.3308934443485931,0.00011174483261073087
48.96,0.8555839086600708,0.6866467132508698,1.3356523878072584,0.00011233119668115557
48.97,0.860169409103157,0.6949389125437098,1.3404312943208614,0.00011291780276535094
48.980000000000004,0.8648089741264202,0.7032247896921128,1.3452303186752108,0.00011350430914875712
48.99,0.8695020009778539,0.7115041793084423,1.350049605113751,0.00011409037299282541
49.0,0.8742478836015523,0.7197769135649652,1.3548892873152527,0.00011467565047226215
49.01,0.8790460127121025,0.7280428221373646,1.3597494883750543,0.00011525979691646457
49.02,0.8838957758698865,0.736301732150668,1.3646303207898942,0.00011584246695513608
49.03,0.888796557557321,0.7445534681276398,1.3695318864463728,0.00011642331466804647
49.04,0.8937477392560615,0.7527978519396892,1.3744542766130805,0.000117001993738929
49.050000000000004,0.8987486995252004,0.7610347027603422,1.3793975719364286,0.00011757815761345319
49.06,0.9037988140804816,0.7692638370213263,1.3843618424402162,0.000118151459661218
49.07,0.9088974558745574,0.7774850683713141,1.3893471475289658,0.00011872155334170314
49.08,0.9140439951783119,0.7856982076373732,1.394353535995059,0.00011928809237411536
49.09,0.919237799663272,0.7939030627891652,1.3993810460297014,0.00011985073091102249
49.1,0.9244782344851267,0.8020994389059397,1.4044297052377428,0.0001204091237156842
49.11,0.9297646623683756,0.8102871381463624,1.4094995306563793,0.00012096292634298055
49.120000000000005,0.9350964436921239,0.8184659597212208,1.4145905287777583,0.00012151179532379826
49.13,0.940472936577039,0.8266356998690433,1.4197026955755092,0.00012205538835275989
49.14,0.9458934969734875,0.8347961518346713,1.424836016535217,0.00012259336447914285
49.15,0.9513574787508612,0.8429471058508181,1.4299904666888543,0.000123125384300828
49.160000000000004,0.9568642337881073,0.8510883491226486,1.4351660106531863,0.0001236511101611313
49.17,0.9624131120654709,0.8592196658154108,1.4403626026721585,0.0001241702063483274
49.18,0.9680034617574579,0.8673408370451482,1.4455801866632771,0.00012468233929767205
49.19,0.9736346293270248,0.8754516408725218,1.4508186962679839,0.00012518717779574207
49.2,0.979305959620999,0.8835518522997637,1.456078054906032,0.0001256843931868669
49.21,0.9850167959667314,0.8916412432707873,1.4613581758338587,0.00012617365958144796
49.22,0.9907664802699823,0.8997195826744727,1.4666589622069552,0.0001266546540659282
49.230000000000004,0.9965543531140366,0.9077866363511454,1.4719803071462227,0.0001271270569141697
49.24,1.0023797538600463,0.9158421671022627,1.4773220938083087,0.00012759055180000517
49.25,1.0082420207485907,0.9238859347033208,1.4826841954599086,0.0001280448260106902
49.26,1.0141404910024492,0.9319176959199906,1.488066475556016,0.00012848957066100383
49.27,1.0200745009305712,0.9399372045274909,1.493468787822105,0.00012892448090771972
49.28,1.0260433860332334,0.9479442113332005,1.4988909763402165,0.00012934925616416858
49.29,1.0320464811083672,0.9559384642025124,1.504332875638929,0.00012976360031461125
49.300000000000004,1.0380831203590373,0.9639197080879253,1.5097943107871774,0.0001301672219281008
49.31,1.0441526375020518,0.9718876850613694,1.5152750974918916,0.00013055983447157602
49.32,1.050254365877681,0.9798421343497572,1.520775042199416,0.00013094115652185383
49.33,1.0563876385604591,0.9877827923737478,1.5262939422006694,0.0001313109119762138
49.34,1.0625517884710411,0.9957093927897098,1.5318315857400042,0.00013166883026127234
49.35,1.0687461484890843,1.0036216665348665,1.5373877521277146,0.00013201464653981156
49.36,1.0749700515671223,1.0115193418755997,1.5429622118561455,0.00013234810191526774
49.370000000000005,1.0812228308453973,1.0194021444588899,1.5485547267193465,0.00013266894363353905
49.38,1.0875038197676103,1.0272697973668652,1.554165049936215,0.0001329769252817946
49.39,1.0938123521975536,1.0351220211744265,1.5597929262770651,0.00013327180698397315
49.4,1.1001477625365792,1.0429585340099163,1.5654380921935613,0.00013355335559262738
49.410000000000004,1.106509385841863,1.0507790516187923,1.5711002759519441,0.00013382134487681608
49.42,1.1128965579454142,1.0585832874302668,1.576779197769482,0.00013407555570571486
49.43,1.1193086155737821,1.0663709526268668,1.5824745699540712,0.0001343157762276168
49.44,1.125744896468412,1.0741417562168671,1.5881860970469062,0.00013454180204403883
49.45,1.1322047395065924,1.0818954051095473,1.5939134759681421,0.00013475343637859774
49.46,1.1386874848229407,1.0896316041932173,1.5996563961654633,0.00013495049024036013
49.47,1.14519247393137,1.0973500564159566,1.6054145397654693,0.00013513278258138573
49.480000000000004,1.1517190498474768,1.1050504628690063,1.6111875817277928,0.00013530014044814856
49.49,1.1582665572112887,1.1127325228727503,1.6169751900018514,0.00013545239912656078
49.5,1.164834342410308,1.1203959340652214,1.622777025686142,0.00013558940228033644
49.51,1.1714217537027891,1.1280403924930618,1.628592743189976,0.00013571100208241007
49.52,1.178028141341179,1.1356655927048673,1.6344219903975559,0.0001358170593391665
49.53,1.1846528576956568,1.1432712278468413,1.6402644088342895,0.0001359074436072265
49.54,1.1912952573776991,1.1508569897606786,1.6461196338352362,0.0001359820333025675
49.550000000000004,1.1979546973636042,1.1584225690836034,1.6519872947155767,0.00013604071580173655
49.56,1.2046305371178971,1.165967655350475,1.6578670149429962,0.0001360833875349605
49.57,1.2113221387165491,1.1734919370978794,1.6637584123118687,0.000136109954070952
49.58,1.21802886696993,1.1809951019701186,1.6696610991191285,0.0001361203301932111
49.59,1.2247500895454215,1.1884768368270078,1.675574682341713,0.00013611443996768485
49.6,1.2314851770896165,1.1959368278533893,1.6814987638154595,0.00013609221680159275
49.61,1.2382335033500211,1.2033747606702707,1.6874329404153359,0.00013605360349330532
49.620000000000005,1.2449944452961885,1.2107903204474908,1.6933768042368882,0.0001359985522731477
49.63,1.2517673832402005,1.2181831920178172,1.6993299427787798,0.00013592702483498144
49.64,1.2585517009564209,1.2255530599923752,1.7052919391263022,0.0001358389923585353
49.65,1.265346785800441,1.23289960887731,1.7112623721357343,0.0001357344355223612
49.660000000000004,1.2721520288271364,1.24022252319158,1.717240816619425,0.0001356133445073689
49.67,1.2789668249077577,1.2475214875857765,1.7232268435314766,0.00013547571899089923
49.68,1.2857905728459735,1.2547961869618693,1.7292200201539007,0.00013532156813130477
49.69,1.2926226754927879,1.262046306593771,1.7352199102831274,0.0001351509105430508
49.7,1.2994625398602528,1.2692715322486152,1.741226074416736,0.00013496377426230159
49.71,1.3063095772338977,1.276471550308642,1.7472380699402874,0.00013476019670307453
49.72,1.3131632032837963,1.2836460478935854,1.7532554513141312,0.00013454022460396249
49.730000000000004,1.3200228381741959,1.2907947129834543,1.759277770260063,0.0001343039139654939
49.74,1.3268879066716301,1.2979172345415992,1.7653045759477097,0.0001340513299782352
49.75,1.3337578382514421,1.3050133026379598,1.771335415180518,0.00013378254694169575
49.76,1.3406320672026406,1.3120826085723831,1.7773698325812253,0.0001334976481741668
49.77,1.3475100327310177,1.3191248449979083,1.7834073707766913,0.00013319672591362026
49.78,1.3543911790604555,1.3261397060439082,1.7894475705819712,0.00013287988120981166
49.79,1.3612749555323505,1.3331268874389852,1.7954899711835108,0.00013254722380773876
49.800000000000004,1.368160816703086,1.3400860866335127,1.801534110321347,0.00013219887202264705
49.81,1.3750482224394864,1.34701700292172,1.8075795244701989,0.00013183495260676105
49.82,1.3819366380121845,1.353919337563216,1.8136257490193357,0.0001314556006079417
49.83,1.388825534186841,1.3607927939038478,1.8196723184511077,0.0001310609592205061
49.84,1.3957143873131506,1.367637077495797,1.8257187665180339,0.00013065117962843118
49.85,1.4026026794115762,1.3744518962168095,1.8317646264183371,0.00013022642084118698
49.86,1.4094898982577524,1.3812369603884624,1.8378094309698203,0.00012978684952244632
49.870000000000005,1.4163755374645008,1.3879919828933718,1.8438527127819828,0.00012933263981196097
49.88,1.4232590965614058,1.3947166792912444,1.8498940044262768,0.00012886397314087583
49.89,1.4301400810718965,1.4014107679336831,1.8559328386044038,0.00012838103804074628
49.9,1.4370180025877863,1.408073970077651,1.8619687483145584,0.00012788402994659852
49.910000000000004,1.4438923788412248,1.4147060099975093,1.8680012670155264,0.0001273731509943211
49.92,1.4507627337740145,1.4213066150955393,1.8740299287885487,0.00012684860981268347
49.93,1.4576285976042542,1.4278755160108652,1.8800542684968635,0.00012631062131033654
49.94,1.4644895068902661,1.4344124467266943,1.8860738219428455,0.0001257594064581122
49.95,1.471345004591774,1.4409171446757978,1.8920881260226603,0.00012519519206694203
49.96,1.4781946401282948,1.447389350844151,1.898096718878359,0.00012461821056174854
49.97,1.4850379694347156,1.4538288098726628,1.9040991400473388,0.00012402869975166626
49.980000000000004,1.491874555014026,1.460235270156919,1.9100949306090993,0.0001234269025968989
49.99,1.4987039659871808,1.4666084839448734,1.916083633329229,0.00012281306697259134
50.0,1.5055257781400702,1.4729482074324198,1.9220647928005576,0.00012218744543006797
50.01,1.5123395739675776,1.4792542008567808,1.928037955581415,0.00012155029495576612
50.02,1.5191449427147088,1.4855262285876547,1.9340026703309412,0.00012090187672823255
50.03,1.5259414804147766,1.4917640592160626,1.9399584879413931,0.00012024245587352778
50.04,1.5327287899246316,1.4979674656408424,1.9459049616674013,0.00011957230121938574
50.050000000000004,1.5395064809569283,1.5041362251527377,1.9518416472521296,0.00011889168504847347
50.06,1.5462741701094238,1.5102701195160353,1.9577681030502954,0.00011820088285110071
50.07,1.5530314808913033,1.5163689350477048,1.9636838901480145,0.00011750017307770696
50.08,1.5597780437465343,1.5224324626940005,1.9695885724794333,0.00011678983689146274
50.09,1.5665134960742517,1.5284604981044865,1.9754817169401178,0.00011607015792133372
50.1,1.573237482246179,1.5344528417034502,1.9813628934971734,0.00011534142201589996
50.11,1.5799496536210933,1.5404092987586715,1.9872316752960695,0.00011460391699826912
50.120000000000005,1.5866496685563476,1.54632967944752,1.9930876387641479,0.00011385793242239121
50.13,1.5933371924164592,1.5522137989203544,1.9989303637108007,0.00011310375933107422
50.14,1.6000118975787858,1.5580614773611998,2.0047594334243013,0.00011234169001599981
50.15,1.606673463436303,1.5638725400456877,2.010574434765279,0.00011157201778001476
50.160000000000004,1.613321576397507,1.569646817396237,2.0163749582568307,0.00011079503670199868
50.17,1.6199559298834678,1.575384145034469,2.0221605981712645,0.00011001104140455471
50.18,1.626576224322052,1.5810843638308396,2.0279309526134788,0.00010922032682478825
50.19,1.6331821671393525,1.5867473199514883,2.033685623600973,0.000108423187988432
50.2,1.6397734727483482,1.5923728649022948,2.039424217140501,0.00010761991978754305
50.21,1.6463498625348303,1.5979608555701432,2.0451463433013775,0.00010681081676201294
50.22,1.6529110648406293,1.6035111542613987,2.05085161628544,0.00010599617288509635
50.230000000000004,1.6594568149441777,1.6090236287375952,2.056539654493695,0.00010517628135316525
50.24,1.6659868550384496,1.6144981522483468,2.0622100805896517,0.000104351434379895
50.25,1.672500934206316,1.619934603561489,2.0678625215593747,0.00010352192299505468
50.26,1.6789988083933598,1.6253328669904636,2.073496608768273,0.00010268803684808168
50.27,1.685480240378193,1.6306928324189636,2.079111978014653,0.00010185006401658219
50.28,1.691944999740323,1.6360143953228514,2.084708269580059,0.00010100829081994024
50.29,1.6983928628256155,1.6412974567893759,2.090285128276443,0.00010016300163814368
50.300000000000004,1.704823612709401,1.6465419235337053,2.0958422034901805,9.931447873594973e-05
50.31,1.7112370391572782,1.6517477079128033,2.1013791492229825,9.846300209253222e-05
50.32,1.7176329385836633,1.6569147279366745,2.1068956241297303,9.760884923668768e-05
50.33,1.7240111140081384,1.6620429072770062,2.112391291553278,9.675229508769692e-05
50.34,1.730371375009654,1.66713217527324,2.1178658195562616,9.589361180193042e-05
50.35,1.7367135376786396,1.6721824669361038,2.1233188809499572,9.503306862525299e-05
50.36,1.7430374245670774,1.6771937229486387,2.1287501533202358,9.417093175128956e-05
50.370000000000005,1.7493428646365998,1.6821658896647573,2.134159319050657,9.330746418560043e-05
50.38,1.755629693204662,1.6870989191053718,2.1395460653427536,9.244292561579551e-05
50.39,1.7618977518888541,1.6919927689521301,2.144910084233553,9.157757228762664e-05
50.4,1.7681468885494078,1.6968474025388023,2.1502510726103883,9.071165688705726e-05
50.410000000000004,1.774376957229959,1.701662788840358,2.1555687322230517,8.984542842832018e-05
50.42,1.7805878180966257,1.706438902459779,2.160862769693341,8.897913214795049e-05
50.43,1.7867793373754606,1.7111757236126537,2.166132896522054,8.81130094048033e-05
50.44,1.7929513872883416,1.7158732381095951,2.1713788290934906,8.724729758601699e-05
50.45,1.7991038459873583,1.7205314373365344,2.176600288677511,8.638223001887871e-05
50.46,1.805236597487758,1.7251503182329337,2.1817970014292136,8.551803588857205e-05
50.47,1.8113495315995098,1.7297298832679706,2.1869686983862886,8.465494016174656e-05
50.480000000000004,1.817442543857551,1.7342701404147403,2.1921151154641016,8.379316351587146e-05
50.49,1.8235155354507733,1.7387711031225295,2.1972359934485755,8.293292227428159e-05
50.5,1.8295684131498142,1.743232790287211,2.2023310779869174,8.207442834686269e-05
50.51,1.835601089233711,1.7476552262198095,2.2074001195762634,8.121788917630945e-05
50.52,1.8416134814154779,1.7520384406132947,2.212442873550292,8.036350768984702e-05
50.53,1.8476055127666704,1.7563824685076492,2.2174591000638704,7.951148225634162e-05
50.54,1.8535771116409918,1.7606873502532674,2.222448564075794,7.866200664871772e-05
50.550000000000004,1.8595282115970047,1.7649531314727378,2.2274110353296805,7.781527001154891e-05
50.56,1.865458751320005,1.7691798630210611,2.2323462883330745,7.697145683375311e-05
50.57,1.8713686745431184,1.7733676009443582,2.2372541023348314,7.613074692626706e-05
50.58,1.877257929967675,1.7775164064371216,2.242134261300833,7.52933154045796e-05
50.59,1.8831264711829214,1.7816263457980632,2.2469865538881018,7.445933267602076e-05
50.6,1.888974256585125,1.7856974903846117,2.2518107734173674,7.362896443167083e-05
50.61,1.8948012492961286,1.7897299165661138,2.2566067178441505,7.280237164279602e-05
50.620000000000005,1.9006074170814078,1.793723705675792,2.2613741897284214,7.197971056164375e-05
50.63,1.906392732267688,1.79767894396151,2.2661129962028914,7.116113272649403e-05
50.64,1.9121571716601717,1.8015957225354005,2.270822948939997,7.034678497083506e-05
50.65,1.9179007164594326,1.8054741373224068,2.275503864117633,6.953680943653076e-05
50.660000000000004,1.923623352178023,1.8093142890077891,2.280155562383695,6.873134359083896e-05
50.67,1.9293250685568497,1.813116282983648,2.284777868819485,6.793052024713756e-05
50.68,1.935005859481366,1.8168802292945148,2.289370612902037,6.713446758925045e-05
50.69,1.940665722897629,1.820606242582059,2.29393362846542,6.634330919922017e-05
50.7,1.9463046607282701,1.8242944420289648,2.298466753661071,6.555716408837876e-05
50.71,1.9519226787884254,1.8279449513020218,2.3029698309172093,6.477614673159265e-05
50.72,1.9575197867016705,1.831557898494481,2.3074427068973953,6.400036710456049e-05
50.730000000000004,1.963095997816007,1.835133416067723,2.311885232458273,6.322993072399065e-05
50.74,1.9686513291199408,1.838671640792287,2.316297262606555,6.246493869055731e-05
50.75,1.9741858011586981,1.842172713688302,2.320678656455305,6.170548773447697e-05
50.76,1.979699437950617,1.845636779965371,2.325029277179551,6.09516702635771e-05
50.77,1.9851922669037572,1.8490639889619513,2.3293489919713006,6.020357441374456e-05
50.78,1.9906643187327664,1.8524544940842718,2.333637671993985,5.946128410159165e-05
50.79,1.9961156273760408,1.8558084527448337,2.337895192336393,5.8724879079223364e-05
50.800000000000004,2.001546229913216,1.8591260263005356,2.342121431966135,5.799443499098266e-05
50.81,2.0069561664830253,1.8624073799904632,2.3463162736826786,5.727002343204114e-05
50.82,2.0123454802015597,1.8656526828733857,2.350479604070007,5.6551712008717814e-05
50.83,2.0177142170809605,1.8688621077649954,2.3546113134489377,5.5839564400394156e-05
50.84,2.0230624259485803,1.872035831174932,2.3587112958291447,5.513364042291883e-05
50.85,2.0283901583666415,1.8751740332436282,2.3627794488609246,5.443399609336996e-05
50.86,2.033697468552421,1.87827689767901,2.366815673786746,5.37406836960641e-05
50.870000000000005,2.0389844132989925,1.8813446116930934,2.370819875392621,5.305375184971402e-05
50.88,2.0442510518965524,1.8843773659385057,2.3747919619593367,5.237324557561619e-05
50.89,2.049497446054357,1.887375354444969,2.378731845213582,5.169920636675366e-05
50.9,2.0547236598232947,1.8903387745557771,2.3826394402790054,5.103167225770796e-05
50.910000000000004,2.0599297595191177,1.8932678268642986,2.3865146656272396,5.037067789530714e-05
50.92,2.0651158136463588,1.8961627151505343,2.3903574430289236,4.9716254609884076e-05
50.93,2.070281892822954,1.8990236463177619,2.3941676975047557,4.906843048705081e-05
50.94,2.0754280697055894,1.9018508303292945,2.3979453572766087,4.8427230439912055e-05
50.95,2.080554418915799,1.9046444801453812,2.401690353718737,4.7792676281616203e-05
50.96,2.085661016966824,1.9074048116602773,2.405402621309104,4.716478679816843e-05
50.97,2.0907479421912583,1.9101320436395086,2.4090820975808622,4.6543577821410787e-05
50.980000000000004,2.0958152746694956,1.9128263976573565,2.412728723074003,4.592906230207409e-05
50.99,2.10086309615899,1.9154880980345859,2.416342441287213,4.532125038287873e-05
51.0,2.105891490024353,1.91811737177644,2.4199231986299585,4.472014947155969e-05
51.01,2.110900541168292,1.9207144485109247,2.4234709443748153,4.412576431374127e-05
51.02,2.1158903359634116,1.9232795604274022,2.4269856306100777,4.353809706563341e-05
51.03,2.1208609621848833,1.9258129422155152,2.4304672121926614,4.295714736645996e-05
51.04,2.1258125089439996,1.9283148310044607,2.4339156467013243,4.238291241054831e-05
51.050000000000004,2.1307450666226218,1.9307854663026311,2.437330894390223,4.181538701903244e-05
51.06,2.135658726808528,1.9332250899376433,2.4407129181428275,4.12545637111119e-05
51.07,2.1405535822316737,1.9356339459967675,2.444061683426211,4.070043277481609e-05
51.08,2.145429726701374,1.9380122807677767,2.447377158245731,4.015298233721382e-05
51.09,2.1502872550444097,1.9403603426802278,2.4506593131001195,3.9612198434011376e-05
51.1,2.1551262630440644,1.9426783822471927,2.4539081209369984,3.9078065078523165e-05
51.11,2.1599468473801062,1.9449666520074478,2.457123557108835,3.855056432994376e-05
51.120000000000005,2.1647491055697063,1.9472254064681407,2.4603055993293483,3.802967636089061e-05
51.13,2.1695331359093086,1.94945490204794,2.4634542276303883,3.751537952418313e-05
51.14,2.1742990374174487,1.9516553970206834,2.466569424319288,3.700765041880618e-05
51.15,2.1790469097785263,1.953827151459534,2.4696511739367097,3.650646395504602e-05
51.160000000000004,2.183776853287534,1.9559704271816523,2.4726994632149943,3.6011793418756725e-05
51.17,2.188488968795741,1.9580854876933953,2.475714281037021,3.552361053472981e-05
51.18,2.193183357657338,1.96017259813605,2.478695618395591,3.504188552913427e-05
51.19,2.197860121677036,1.9622320252321097,2.4816434683533375,3.456658719101143e-05
51.2,2.2025193630586255,1.9642640372320985,2.484557826003182,3.409768293279609e-05
51.21,2.2071611843544905,1.9662689038619523,2.4874386884293282,3.363513884985259e-05
51.22,2.2117856884160783,1.968246896270961,2.490286054668816,3.3178919778996774e-05
51.230000000000004,2.216392978345322,1.9701982869802768,2.4930999256736293,3.2728989355988264e-05
51.24,2.220983157447013,1.9721233498319948,2.4958803042733737,3.228531007199154e-05
51.25,2.225556329182122,1.9740223599388078,2.49862719513852,3.1847843328978104e-05
51.26,2.2301125971220626,1.9758955936342402,2.501340604744224,3.141654949405479e-05
51.27,2.234652064903894,1.977743328423463,2.504020541334724,3.099138795273064e-05
51.28,2.239174836186462,1.9795658429346934,2.506667014888319,3.057231716109856e-05
51.29,2.2436810146074686,1.9813634168711807,2.5092800370829313,3.0159294696918e-05
51.300000000000004,2.248170703741465,1.9831363309637782,2.5118596212622584,2.975227730961745e-05
51.31,2.252644007058769,1.9848848669241048,2.5144057824025077,2.9351220969189795e-05
51.32,2.2571010278852923,1.9866093073982953,2.516918537079726,2.895608091398785e-05
51.33,2.261541869363276,1.988309935921339,2.5193979034377167,2.8566811697422625e-05
51.34,2.2659666344129277,1.9899870368720072,2.521843901156549,2.8183367233559833e-05
51.35,2.2703754256949527,1.99164089542837,2.5242565514216575,2.7805700841612743e-05
51.36,2.274768345573969,1.9932717975238978,2.526635876893533,2.7433765289339535e-05
51.370000000000005,2.2791454960828035,1.9948800298041496,2.528981901678003,2.706751283535337e-05
51.38,2.283506978887659,1.9964658795840446,2.5312946512970997,2.6706895270326208e-05
51.39,2.287852895254141,1.998029634805715,2.5335741526605178,2.6351863957129686e-05
51.4,2.2921833460141445,1.9995715839969372,2.535820434037654,2.6002369869882422e-05
51.410000000000004,2.2964984315335797,2.0010920162301407,2.538033525030232,2.5658363631931085e-05
51.42,2.3007982516809404,2.0025912210819876,2.540213456545509,2.5319795552774305e-05
51.43,2.3050829057966973,2.0040694885935237,2.542360260770055,2.4986615663918376e-05
51.44,2.3093524926635096,2.005527109230894,2.544473971144113,2.4658773753706293e-05
51.45,2.313607110477248,2.0069643738466207,2.5465546223365276,2.4336219401095465e-05
51.46,2.317846856818815,2.0083815736414397,2.5486022502202386,2.4018902008418505e-05
51.47,2.3220718286267554,2.0097790001266893,2.5506168918483425,2.370677083312972e-05
51.480000000000004,2.3262821221706482,2.0111569450872486,2.5525985854307116,2.3399775018554e-05
51.49,2.330477833025267,2.012515700545018,2.5545473703111683,2.309786362363629e-05
51.5,2.3346590560454996,2.0138555587229416,2.5564632869452097,2.2800985651719892e-05
51.51,2.338825885342018,2.0151768120095603,2.5583463768782795,2.2509090078364555e-05
51.52,2.342978414257687,2.0164797529240954,2.5601966827245777,2.2222125878205356e-05
51.53,2.3471167353447018,2.017764674082053,2.562014248146409,2.1940042050877784e-05
51.54,2.351240940342442,2.019031868161347,2.5637991178340616,2.1662787646024954e-05
51.550000000000004,2.355351120156034,2.020281627868932,2.565551337486207,2.1390311787388086e-05
51.56,2.359447364835611,2.021514245907944,2.567270953790824,2.1122563696002377e-05
51.57,2.3635297635562544,2.022730014945335,2.568958014406631,2.0859492712524536e-05
51.58,2.3675984045986165,2.0239292275800067,2.5706125679450316,2.0601048318679483e-05
51.59,2.371653375330201,2.0251121763114264,2.572234663952557,2.0347180157866354e-05
51.6,2.3756947621873006,2.026279153508724,2.5738243528938045,2.0097838054936544e-05
51.61,2.379722650657576,2.0274304513802655,2.5753816861348686,1.985297203513548e-05
51.620000000000005,2.383737125263264,2.028566361943688,2.5769067159272496,1.9612532342247406e-05
51.63,2.387738269545009,2.029687176996401,2.5783994953922424,1.9376469455961937e-05
51.64,2.3917261660463005,2.0307931880865384,2.5798600785057944,1.9144734108454335e-05
51.65,2.3957008962985116,2.0318846864843567,2.5812885200838243,1.8917277300209266e-05
51.660000000000004,2.3996625408065224,2.0329619631540767,2.5826848757680017,1.8694050315115448e-05
51.67,2.403611179034923,2.034025308726155,2.5840492020119736,1.847500473481366e-05
51.68,2.407546889394777,2.035075013469985,2.585381556068034,1.826009245234827e-05
51.69,2.411469749230944,2.036111367267016,2.586681995974233,1.804926568512043e-05
51.7,2.4153798348099427,2.037134659584283,2.58795058054191,1.7842476987157084e-05
51.71,2.4192772213083495,2.0381451794483496,2.5891873693436565,1.7639679260716883e-05
51.72,2.423161982801715,2.0391432154196387,2.59039242270169,1.7440825767244838e-05
51.730000000000004,2.4270341922539957,2.0401290555671654,2.591565801676638,1.7245870137694155e-05
51.74,2.4308939215074825,2.0411029874436495,2.592707568056724,1.705476638222745e-05
51.75,2.434741241273222,2.042065298061007,2.5938177843473516,1.6867468899317e-05
51.76,2.4385762211219157,2.043016273866214,2.594896513761071,1.6683932484241633e-05
51.77,2.4423989294752864,2.0439562007175325,2.595943820207933,1.650411233702196e-05
51.78,2.4462094335979048,2.044885363861097,2.5969597682862133,1.63279640697884e-05
51.79,2.450007799589462,2.0458040479078505,2.5979444232735087,1.6155443713601005e-05
51.800000000000004,2.453794092377481,2.0467125368108214,2.5988978511181884,1.5986507724743242e-05
51.81,2.4575683757104545,2.0476111138427435,2.5998201184312038,1.582111299048461e-05
51.82,2.461330712151398,2.0485000615740008,2.6007112924782443,1.565921683434785e-05
51.83,2.4650811630718135,2.0493796618508995,2.6015714411722324,1.550077702088708e-05
51.84,2.4688197886460457,2.050250195774257,2.602400633066154,1.5345751759975928e-05
51.85,2.4725466478460287,2.051111943678299,2.603198937346214,1.5194099710635453e-05
51.86,2.4762617984364064,2.051965185109865,2.6039664238253133,1.5045779984416225e-05
51.870000000000005,2.4799652969700228,2.0528101988079057,2.6047031629368393,1.4900752148341766e-05
51.88,2.48365719878377,2.0536472626832794,2.605409225728763,1.4758976227411817e-05
51.89,2.4873375579947816,2.054476653798827,2.6060846838580356,1.462041270670164e-05
51.9,2.491006427496968,2.0552986483497286,2.606729609585282,1.4485022533064508e-05
51.910000000000004,2.49466385895788,2.056113521644133,2.607344075769779,1.4352767116431552e-05
51.92,2.498309902815891,2.056921548084053,2.607928155864715,1.4223608330739716e-05
51.93,2.5019446082776917,2.057723001146521,2.6084819239127284,1.4097508514500782e-05
51.94,2.5055680233160893,2.0585181533650014,2.609005454541707,1.3974430471002872e-05
51.95,2.5091801946680943,2.05930727631105,2.609498822960859,1.3854337468173631e-05
51.96,2.5127811678332965,2.060090640576217,2.609962104957032,1.3737193238111638e-05
51.97,2.5163709870725146,2.060868515754188,2.610395376891288,1.3622961976291432e-05
51.980000000000004,2.519949695406713,2.061641170423154,2.610798715695721,1.351160834046738e-05
51.99,2.5235173346161797,2.062408872128414,2.6111721988705106,1.3403097449262386e-05
52.0,2.52707394523995,2.063171887365191,2.611515904481212,1.329739488047462e-05
52.01,2.5306195665754783,2.063930481561671,2.61182991115627,1.3194466669105558e-05
52.02,2.53415423667854,2.0646849190622456,2.612114298084755,1.3094279305103406e-05
52.03,2.5376779923633603,2.0654354631109646,2.612369145014314,1.299679973086202e-05
52.04,2.5411908692029646,2.066182375835188,2.612594532249332,1.2901995338459335e-05
52.050000000000004,2.5446929015297353,2.0669259182294315,2.6127905406492964,1.2809833966646613e-05
52.06,2.548184122436175,2.0676663501394055,2.612957251627364,1.272028389761361e-05
52.07,2.5516645637758644,2.0684039302462365,2.613094747149116,1.2633313853530144e-05
52.08,2.55513425616461,2.0691389160508726,2.6132031097315065,1.254889299286102e-05
52.09,2.5585932289817723,2.0698715638586647,2.6132824224419906,1.2466990906474769e-05
52.1,2.562041510371767,2.070602128764118,2.6133327688978336,1.2387577613559022e-05
52.11,2.565479127245736,2.071330864635815,2.6133542332655915,1.2310623557339499e-05
52.120000000000005,2.568906105283379,2.072058024101499,2.61334690026076,1.2236099600621607e-05
52.13,2.5723224689349387,2.07278385853332,2.613310855147588,1.2163977021143538e-05
52.14,2.575728241423332,2.0735086180332316,2.6132461837390477,1.209422750676656e-05
52.15,2.5791234447464246,2.0742325514185453,2.61315297239696,1.2026823150508862e-05
52.160000000000004,2.5825080996794405,2.0749559062076277,2.6130313080322702,1.1961736445423803e-05
52.17,2.585882225777499,2.075678928605745,2.612881278105466,1.1898940279328156e-05
52.18,2.5892458413782764,2.0764018634910464,2.612702970627138,1.1838407929385291e-05
52.19,2.5925989636047815,2.0771249544006842,2.6124964741586743,1.1780113056568665e-05
52.2,2.595941608368247,2.077848443517069,2.6122618778130904,1.1724029699994756e-05
52.21,2.599273790371125,2.078572571654255,2.611999271255982,1.1670132271124822e-05
52.22,2.60259552311018,2.0792975782444487,2.611708744706605,1.1618395547864717e-05
52.230000000000004,2.605906818879681,2.080023701324649,2.611390388939072,1.1568794668559407e-05
52.24,2.6092076887746822,2.080751177523402,2.611044295283667,1.1521305125876092e-05
52.25,2.6124981426943883,2.0814802420476757,2.6106705556282686,1.1475902760597e-05
52.26,2.6157781893455994,2.0822111286698526,2.610269262419884,1.1432563755327143e-05
52.27,2.6190478362462333,2.0829440697148316,2.6098405086662853,1.1391264628113388e-05
52.28,2.6223070897289165,2.0836792960472432,2.609384387937745,1.1351982225981123e-05
52.29,2.6255559549446414,2.0844170370587705,2.608900994368872,1.1314693718408788e-05
52.300000000000004,2.6287944358664874,2.085157520655576,2.608390422660536,1.127937659073169e-05
52.31,2.6320225352933977,2.085900973245834,2.607852768081885,1.1246008637479116e-05
52.32,2.635240254854011,2.08664761972736,2.60728812647245,1.1214567955661261e-05
52.33,2.6384475950105424,2.087397683475343,2.606696594244328,1.118503293799739e-05
52.34,2.641644555062711,2.088151386330174,2.6060782683844512,1.1157382266103967e-05
52.35,2.644831133151708,2.088908948585367,2.6054332464569288,1.113159490364026e-05
52.36,2.648007326264206,2.0896705889755793,2.6047616266054634,1.1107650089409012e-05
52.370000000000005,2.651173130236402,2.090436524664718,2.6040635075558383,1.1085527330436292e-05
52.38,2.654328539758093,2.0912069712341403,2.6033389886184732,1.1065206395019885e-05
52.39,2.657473548376781,2.091982142670944,2.6025881696910442,1.1046667305745741e-05
52.4,2.660608148501803,2.092762251356342,2.6018111512611655,1.1029890332498364e-05
52.410000000000004,2.6637323314084878,2.0935475080541255,2.6010080344091304,1.1014855985452206e-05
52.42,2.6668460872423267,2.0943381218992148,2.6001789208107113,1.1001545008046904e-05
52.43,2.669949405023169,2.09513430038629,2.599323912740009,1.0989938369964058e-05
52.44,2.6730422726494285,2.0959362493585085,2.598443113072358,1.0980017260102276e-05
52.45,2.676124676902305,2.096744172996305,2.597536625287279,1.0971763079550954e-05
52.46,2.6791966034500168,2.0975582738062717,2.596604553471477,1.096515743457314e-05
52.47,2.682258036852042,2.098378752610122,2.5956470023218836,1.0960182129596118e-05
52.480000000000004,2.6853089605633658,2.0992058085337333,2.5946640771487446,1.0956819160216094e-05
52.49,2.688349356938735,2.1000396389962703,2.593655883878742,1.0955050706226093e-05
52.5,2.6913792072369143,2.1008804396993903,2.5926225290581555,1.095485912466075e-05
52.51,2.694398491624945,2.101728404616526,2.5915641198560615,1.0956226942869528e-05
52.52,2.697407189182405,2.102583725982249,2.59048076406756,1.0959136851613418e-05
52.53,2.7004052779056678,2.1034465942817118,2.5893725701170363,1.0963571698203848e-05
52.54,2.7033927347121596,2.1043171982401705,2.5882396470614517,1.0969514479673707e-05
52.550000000000004,2.7063695354446136,2.105195724812587,2.5870821045936583,1.0976948335983612e-05
52.56,2.70933565487532,2.106082359173311,2.5859000530457408,1.0985856543278237e-05
52.57,2.712291066710373,2.106977284705841,2.584693603392382,1.0996222507187147e-05
52.58,2.7152357435939094,2.107880682992667,2.583462867254247,1.1008029756174645e-05
52.59,2.718169657112346,2.108792733805194,2.582207956901389,1.102126193494954e-05
52.6,2.7210927777986074,2.109713615093747,2.5809289852566737,1.103590279792102e-05
52.61,2.7240050751363474,2.110643502977657,2.5796260658992156,1.1051936202724183e-05
52.620000000000005,2.7269065175641662,2.111582571735431,2.578299313067833,1.1069346103805595e-05
52.63,2.7297970724798177,2.112530993795005,2.5769488416645125,1.1088116546073969e-05
52.64,2.7326767062444133,2.1134889397240832,2.5755747672578884,1.110823165862467e-05
52.65,2.7355453841866155,2.1144565782205595,2.574177206086726,1.1129675648533227e-05
52.660000000000004,2.738403070606829,2.1154340761030275,2.5727562750634174,1.115243279472673e-05
52.67,2.7412497287813835,2.1164215983013768,2.5713120917774823,1.1176487441934438e-05
52.68,2.744085320966711,2.117419307847481,2.5698447744990736,1.1201823994722067e-05
52.69,2.74690980840352,2.11842736586597,2.568354442182485,1.1228426911605344e-05
52.7,2.749723151320964,2.119445931565101,2.5668412144696644,1.1256280699261303e-05
52.71,2.752525308940808,2.1204751622277147,2.565305211693724,1.1285369906819993e-05
52.72,2.7553162394815907,2.1215152132022914,2.563746554882452,1.1315679120255892e-05
52.730000000000004,2.7580959001627874,2.1225662378941,2.562165365761822,1.1347192956879929e-05
52.74,2.7608642472089726,2.123628387756444,2.5605617667594975,1.1379896059920107e-05
52.75,2.763621235853981,2.124701812282009,2.5589358810083342,1.1413773093214221e-05
52.76,2.7663668203450738,2.1257866589943095,2.557287832349874,1.1448808736006157e-05
52.77,2.769100953947108,2.126883073439236,2.5556177453378326,1.1484987677843363e-05
52.78,2.7718235889467087,2.127991199176711,2.553925745241579,1.1522294613591794e-05
52.79,2.774534676656452,2.1291111777724487,2.552211958049606,1.1560714238563629e-05
52.800000000000004,2.777234167419053,2.1302431487898232,2.550476510472987,1.1600231243755348e-05
52.81,2.7799220106115654,2.131387249781848,2.548719529948824,1.1640830311210234e-05
52.82,2.7825981546495946,2.1325436162832667,2.5469411446436796,1.1682496109501646e-05
52.83,2.785262546991522,2.133712381802762,2.545141483456996,1.1725213289331343e-05
52.84,2.7879151341427484,2.1348936778152767,2.5433206760244986,1.1768966479262037e-05
52.85,2.790555861659952,2.136087633754458,2.5414788527215824,1.181374028157837e-05
52.86,2.793184674155372,2.137294377005222,2.539616144666679,1.1859519268274886e-05
52.870000000000005,2.795801515301109,2.1385140328964423,2.5377326837246073,1.1906287977175859e-05
52.88,2.7984063278334546,2.139746724693765,2.5358286025099015,1.1954030908194723e-05
52.89,2.8009990535572475,2.140992573592554,2.53390403439012,1.2002732519729283e-05
52.9,2.803579633350258,2.142251698710966,2.5319591134891293,1.2052377225196498e-05
52.910000000000004,2.806148007167607,2.143524217083161,2.529993974690368,1.2102949389707722e-05
52.92,2.8087041140462166,2.1448102436526497,2.528008753640082,1.2154433326890716e-05
52.93,2.8112478921093045,2.1461098912657803,2.5260035867505377,1.2206813295859629e-05
52.94,2.8137792785709124,2.147423270665367,2.523978611203205,1.2260073498324082e-05
52.95,2.8162982097404803,2.1487504904844634,2.5219339649519155,1.23141980758551e-05
52.96,2.8188046210274673,2.1500916572402855,2.51986978672599,1.2369171107309605e-05
52.97,2.8212984469460216,2.1514468753282836,2.517786216033336,1.2424976606395484e-05
52.980000000000004,2.8237796211196997,2.1528162470163683,2.5156833931635147,1.2481598519397375e-05
52.99,2.826248076286244,2.154199872439293,2.5135614591907744,1.2539020723066329e-05
53.0,2.8287037443024152,2.1555978495931964,2.5114205559770517,1.2597227022658988e-05
53.01,2.8311465561488873,2.1570102743303066,2.509260826174938,1.2656201150144534e-05
53.02,2.833576441935207,2.1584372403538112,2.5070824132306107,1.271592676256715e-05
53.03,2.835993330904817,2.159878839212895,2.5048854613867255,1.2776387440579847e-05
53.04,2.8383971514401556,2.1613351602979507,2.502670115685275,1.2837566687140107e-05
53.050000000000004,2.8407878310678223,2.1628062908359618,2.500436521970403,1.2899447926368163e-05
53.06,2.8431652964638268,2.164292315886066,2.4981848268911846,1.2962014502583524e-05
53.07,2.8455294734589143,2.165793318335297,2.4959151779043593,1.3025249679496731e-05
53.08,2.847880287043974,2.167309378894513,2.4936277232770268,1.3089136639579564e-05
53.09,2.850217661375536,2.1688405760945075,2.4913226120892955,1.3153658483609115e-05
53.1,2.852541519781356,2.170386986282315,2.4889999942368886,1.321879823037884e-05
53.11,2.8548517847660957,2.1719486836177087,2.486660020433703,1.3284538816583077e-05
53.120000000000005,2.8571483780170945,2.173525740069893,2.4843028422143214,1.335086309687354e-05
53.13,2.8594312204102477,2.1751182254143986,2.481928611936479,1.341775384409724e-05
53.14,2.861700232015981,2.1767262072301774,2.4795374827834755,1.348519374970634e-05
53.15,2.8639553321053373,2.1783497508969063,2.4771296087665404,1.3553165424341501e-05
53.160000000000004,2.866196439156168,2.1799889195924993,2.474705144727146,1.3621651398592351e-05
53.17,2.8684234708594403,2.181643774290831,2.4722642463392663,1.369063412393528e-05
53.18,2.8706363441256597,2.183314373759677,2.469807070111583,1.3760095973850554e-05
53.19,2.8728349750914117,2.1850007745588744,2.467333773389634,1.3830019245111548e-05
53.2,2.8750192791260263,2.1867030310387,2.464844514357908,1.3900386159254037e-05
53.21,2.877189170838368,2.1884211953384796,2.462339452041878,1.3971178864225664e-05
53.22,2.879344564083756,2.1901553173854205,2.4598187463099785,1.4042379436203473e-05
53.230000000000004,2.881485371971015,2.191905444893678,2.4572825578755193,1.4113969881596878e-05
53.24,2.883611506869663,2.1936716233636573,2.4547310482985396,1.4185932139227212e-05
53.25,2.885722880417236,2.19545389608155,2.452164379987598,1.4258248082672912e-05
53.26,2.8878194035267546,2.1972523041191154,2.449582716201499,1.4330899522798767e-05
53.27,2.889900986394336,2.1990668863337013,2.446986221050951,1.4403868210464105e-05
53.28,2.8919675385069517,2.2008976793685155,2.4443750595001617,1.4477135839395405e-05
53.29,2.8940189686503373,2.2027447176531454,2.4417493973683593,1.4550684049232027e-05
53.300000000000004,2.896055184917054,2.2046080334043294,2.43910940133125,1.4624494428751953e-05
53.31,2.8980760947147073,2.206487656626986,2.4364552389224,1.4698548519267283e-05
53.32,2.900081604774323,2.2083836151155016,2.4337870785345457,1.4772827818181005e-05
53.33,2.902071621158887,2.2102959344552766,2.4311050894208313,1.4847313782720993e-05
53.34,2.9040460492720443,2.2122246380245403,2.4284094416959694,1.4921987833840834e-05
53.35,2.9060047938669715,2.21416974699643,2.425700306337326,1.4996831360278298e-05
53.36,2.9079477590554124,2.2161312803413415,2.4229778551859282,1.5071825722783816e-05
53.370000000000005,2.909874848316886,2.2181092548295496,2.420242260947388,1.5146952258509959e-05
53.38,2.9117859645080713,2.2201036850341063,2.417493697192752,1.5222192285565799e-05
53.39,2.9136810098723647,2.222114583334017,2.4147323383592605,1.5297527107719193e-05
53.4,2.915559886049616,2.2241419599176946,2.4119583597510306,1.5372938019258636e-05
53.410000000000004,2.9174224940860456,2.2261858227866975,2.409171937539648,1.5448406310013055e-05
53.42,2.9192687344443433,2.2282461777597535,2.4063732487646754,1.552391327052163e-05
53.43,2.9210985070139497,2.2303230284770703,2.4035624713340704,1.5599440197345136e-05
53.44,2.9229117111215244,2.232416376404935,2.4007397840245157,1.5674968398531997e-05
53.45,2.9247082455416016,2.2345262208406074,2.3979053664816554,1.5750479199224745e-05
53.46,2.9264880085074334,2.2366525589175064,2.395059399220242,1.582595394740282e-05
53.47,2.928250897722024,2.238795385610692,2.392202063624185,1.5901374019770724e-05
53.480000000000004,2.929996810369356,2.2409546937426468,2.3893335419465087,1.597672082777083e-05
53.49,2.931725643125808,2.2431304739893565,2.386454017309207,1.6051975823734405e-05
53.5,2.9334372921717664,2.2453227148866923,2.383563673703005,1.6127120507157797e-05
53.51,2.935131653203434,2.2475314028370983,2.380662695987017,1.620213643110672e-05
53.52,2.936808621444832,2.2497565221165825,2.3777512698883023,1.6277005208731003e-05
53.53,2.9384680916599986,2.2519980548820158,2.3748295820013214,1.6351708519903632e-05
53.54,2.9401099581653853,2.2542559811787393,2.3718978197872835,1.6426228117980074e-05
53.550000000000004,2.941734114842452,2.256530278948482,2.368956171573389,1.650054583664942e-05
53.56,2.943340455150456,2.2588209240375865,2.3660048265519653,1.657464359690303e-05
53.57,2.9449288721394438,2.2611278902055534,2.363043974779491,1.6648503414103122e-05
53.58,2.946499258463437,2.2634511491338922,2.360073807175513,1.6722107405144572e-05
53.59,2.94805150639382,2.2657906704352913,2.357094515521446,1.6795437795713626e-05
53.6,2.949585507832922,2.2681464216631015,2.354106292459263,1.6868476927629847e-05
53.61,2.9511011543277976,2.2705183683211367,2.3511093314900666,1.69412072662757e-05
53.620000000000005,2.952598337084208,2.272906473873791,2.348103826972548,1.7013611408104336e-05
53.63,2.954076946980793,2.275310699756474,2.3450899741213207,1.7085672088218503e-05
53.64,2.9555368745834416,2.2777310053863613,2.3420679690051425,1.7157372188023658e-05
53.65,2.9569780101598586,2.280167348173469,2.339038008545009,1.7228694742943752e-05
53.660000000000004,2.9584002436943226,2.282619683532041,2.336000290512129,1.729962295019633e-05
53.67,2.959803464902637,2.2850879648922593,2.332955013525772,1.7370140176623962e-05
53.68,2.961187563247272,2.28757214371227,2.329902377050994,1.7440229966571118e-05
53.69,2.962552427952699,2.2900721694905304,2.326842581396231,1.7509876049814198e-05
53.7,2.9638979480209087,2.2925879897784744,2.323775827710767,1.7579062349518698e-05
53.71,2.9652240122471167,2.2951195501934936,2.3207023179820725,1.764777299023757e-05
53.72,2.9665305092356564,2.297666794432239,2.3176222550330086,1.7715992305945007e-05
53.730000000000004,2.9678173274160495,2.300229664284239,2.3145358425188984,1.7783704848075477e-05
53.74,2.9690843550592594,2.3028080996458318,2.311443284924467,1.7850895393593566e-05
53.75,2.9703314802941194,2.3054020385344165,2.3083447875606407,1.7917548953081554e-05
53.76,2.9715585911239395,2.3080114171030166,2.3052405565612126,1.7983650778812987e-05
53.77,2.972765575443281,2.3106361696551567,2.3021307988793684,1.8049186372842292e-05
53.78,2.973952321054903,2.3132762286600523,2.2990157222840706,1.811414149509122e-05
53.79,2.975118715686874,2.31593152476811,2.295895535356303,1.817850217142021e-05
53.800000000000004,2.9762646470098484,2.3186019868267365,2.2927704474851716,1.8242254701680942e-05
53.81,2.9773900026544986,2.3212875418964565,2.2896406688638606,1.8305385667748315e-05
53.82,2.9784946702291077,2.3239881152673334,2.2865064104854445,1.83678819415316e-05
53.83,2.9795785373373116,2.326703630475696,2.2833678841385505,1.8429730692947103e-05
53.84,2.980641491595992,2.3294340093211665,2.2802253024028762,1.8490919397849456e-05
53.85,2.981683420653311,2.3321791718839875,2.277078878644555,1.855143584592537e-05
53.86,2.9827042122068925,2.334939036542646,2.2739288270113707,1.8611268148530597e-05
53.870000000000005,2.9837037540221325,2.3377135199917913,2.2707753624278233,1.8670404746468982e-05
53.88,2.9846819339506467,2.340502537260445,2.2676187005900372,1.8728834417723428e-05
53.89,2.9856386399488453,2.3433060017305007,2.2644590579605177,1.8786546285103104e-05
53.9,2.9865737600966282,2.3461238251555088,2.26129665176275,1.8843529823820192e-05
53.910000000000004,2.9874871826162015,2.348955917679743,2.2581316999756442,1.889977486899527e-05
53.92,2.988378795891005,2.3518021878575484,2.2549644213278177,1.8955271623079393e-05
53.93,2.98924848848475,2.3546625426729646,2.2517950352917215,1.90100106631709e-05
53.94,2.990096149160558,2.357536887559621,2.2486237620776066,1.9063982948248014e-05
53.95,2.9909216669001992,2.3604251264209015,2.2454508226273258,1.9117179826302212e-05
53.96,2.991724930923423,2.3633271616503735,2.2422764386079757,1.9169593041356815e-05
53.97,2.9925058307073735,2.366242894152478,2.239100832405373,1.9221214740379895e-05
53.980000000000004,2.99326425600609,2.3691722233634773,2.2359242271173687,1.927203748007307e-05
53.99,2.9940000968700793,2.372115047272653,2.232746846546992,1.932205423354198e-05
54.0,2.9947132436659585,2.3750712624437527,2.2295689151954328,1.9371258396843217e-05
54.01,2.9954035870961637,2.3780407640366823,2.2263906582548505,1.9419643795388607e-05
54.02,2.996071018218713,2.381023445829433,2.2232123016010195,1.9467204690212766e-05
54.03,2.9967154284670228,2.384019200240244,2.2200340717858014,1.9513935784104612e-05
54.04,2.9973367096697694,2.387027918349993,2.216856196029447,1.9559832227585464e-05
54.050000000000004,2.997934754070787,2.390049489924812,2.2136789022127266,1.960488962473296e-05
54.06,2.9985094543490005,2.393083803438917,2.2105024188688898,1.9649104038848155e-05
54.07,2.999060703638383,2.3961307460976533,2.2073269751754485,1.9692471997963657e-05
54.08,2.9995883955479314,2.3991902038607473,2.204152800945788,1.9734990500183397e-05
54.09,3.000092424181656,2.402262061465758,2.2009801266206015,1.9776657018846855e-05
54.1,3.0005726841585747,2.4053462024517245,2.1978091832591495,1.9817469507518405e-05
54.11,3.001029070632706,2.4084425091830006,2.194640202530343,1.9857426404807486e-05
54.120000000000005,3.0014614793130536,2.4115508628732765,2.1914734167036465,1.9896526638991125e-05
54.13,3.001869806483578,2.4146711436097714,2.188309058639807,1.9934769632452213e-05
54.14,3.002253949023142,2.4178032303776003,2.1851473617814,1.9972155305933605e-05
54.15,3.002613804425432,2.4209470010843015,2.181988560143198,2.000868408258699e-05
54.160000000000004,3.0029492708188386,2.424102332584522,2.1788328883023578,2.00443568918274e-05
54.17,3.0032602469862963,2.4272691007048524,2.175680581388427,2.0079175172985406e-05
54.18,3.003546632385073,2.4304471802688026,2.1725318750731692,2.0113140878753052e-05
54.19,3.0038083271664995,2.4336364451219166,2.1693870055602065,2.0146256478414167e-05
54.2,3.0040452321956383,2.4368367681570113,2.1662462095744797,2.0178524960874815e-05
54.21,3.0042572490708754,2.44004802133954,2.163109724351524,2.020994983747598e-05
54.22,3.0044442801434363,2.443270075733066,2.159977787626562,2.024053514457255e-05
54.230000000000004,3.0046062285368156,2.4465028015248445,2.156850637623411,2.0270285445908268e-05
54.24,3.0047429981661096,2.4497460680514997,2.153728513043208,2.02992058347682e-05
54.25,3.0048544937572523,2.452999743824795,2.150611653052945,2.0327301935896533e-05
54.26,3.00494062086614,2.4562636965574822,2.1475002972738224,2.035457990718667e-05
54.27,3.005001285897644,2.4595377931892286,2.1443946857694143,2.0381046441149388e-05
54.28,3.0050363961244955,2.4628218999126053,2.141295059033647,2.040670876614124e-05
54.29,3.005045859706048,2.4661158821991362,2.1382016579785916,2.043157464736214e-05
54.300000000000004,3.0050295857068976,2.4694196048253962,2.1351147239220696,2.0455652387623263e-05
54.31,3.004987484115362,2.472732931899148,2.132034498575067,2.0478950827865813e-05
54.32,3.0049194658618084,2.4760557268855123,2.1289612240289664,2.0501479347450383e-05
54.33,3.0048254428368253,2.4793878526331636,2.125895142742586,2.0523247864206315e-05
54.34,3.0047053279092277,2.482729171400536,2.1228364975290326,2.0544266834234557e-05
54.35,3.0045590349438926,2.4860795448820387,2.119785531542365,2.0564547251472618e-05
54.36,3.0043864788194155,2.4894388342342673,2.116742488264069,2.0584100647018932e-05
54.370000000000005,3.004187575445583,2.4928069001022024,2.113707611489343,2.0602939088212453e-05
54.38,3.0039622417806564,2.4961836026453894,2.110681145313194,2.0621075177459972e-05
54.39,3.0037103958484526,2.499568801564084,2.1076633341163458,2.0638522050835088e-05
54.4,3.0034319567552257,2.502962356125364,2.104654422550956,2.0655293376417585e-05
54.410000000000004,3.0031268447063364,2.506364125189186,2.1016546555261453,2.0671403352394574e-05
54.42,3.002794981022705,2.509773967234391,2.098664278193335,2.068686670492295e-05
54.43,3.002436288157042,2.5131917403846358,2.0956835359313972,2.0701698685732273e-05
54.44,3.0020506897098502,2.5166173024342546,2.0927126743316147,2.0715915069491285e-05
54.45,3.001638110445192,2.5200505108740283,2.089751939182451,2.0729532150930998e-05
54.46,3.0011984763062176,2.523491222916862,2.0868015764541314,2.0742566741727725e-05
54.47,3.0007317144304473,2.526939295523356,2.0838618322830347,2.075503616713257e-05
54.480000000000004,3.0002377531648015,2.5303945854272634,2.0809329529558944,2.076695826235981e-05
54.49,2.9997165220803756,2.5338569491608203,2.0780151848938146,2.077835136874324e-05
54.5,2.9991679519869536,2.537326243079946,2.0751087746360923,2.078923432964076e-05
54.51,2.9985919749472534,2.5408023233892965,2.072213968823854,2.0799626486102428e-05
54.52,2.997988524290902,2.5442850461671656,2.0693310141835033,2.0809547672306496e-05
54.53,2.997357534628135,2.547774267390225,2.066460157509979,2.0819018210745884e-05
54.54,2.9966989418632144,2.5512698429580905,2.063601645649828,2.0828058907179906e-05
54.550000000000004,2.99601268320756,2.5547716287177034,2.0607557254840883,2.0836691045360476e-05
54.56,2.995298697192596,2.5582794804875255,2.057922643910985,2.0844936381523663e-05
54.57,2.9945569236822993,2.5617932540815285,2.0551026478284395,2.085281713863333e-05
54.58,2.993787303885453,2.565312805332973,2.0522959841163937,2.0860356000407925e-05
54.59,2.9929897803675996,2.5688379901179674,2.0495028996189464,2.086757610512292e-05
54.6,2.9921642970626885,2.572368664378798,2.0467236411263046,2.0874501039170965e-05
54.61,2.9913107992844172,2.575904684147015,2.0439584553565497,2.0881154830409438e-05
54.620000000000005,2.9904292337372604,2.5794459055662724,2.0412075889372194,2.0887561941283408e-05
54.63,2.9895195485271864,2.582992184914909,2.038471288386705,2.0893747261715933e-05
54.64,2.988581693172057,2.586543378628259,2.035749800095466,2.089973610179259e-05
54.65,2.987615618611708,2.5900993433206847,2.0330433703070607,2.0905554184227738e-05
54.660000000000004,2.98662127721771,2.5936599358073265,2.0303522450989964,2.0911227636610472e-05
54.67,2.9855986228028035,2.59722501312555,2.0276766703633955,2.0916782983437158e-05
54.68,2.9845476106300115,2.6007944325560914,2.0250168917874833,2.0922247137935903e-05
54.69,2.983468197421422,2.604368051643887,2.022373154833894,2.0927647393688003e-05
54.7,2.9823603413666464,2.6079457282185787,2.019745704720799,2.093301141603698e-05
54.71,2.9812240021309435,2.6115273204146865,2.017134786401854,2.0938367233295184e-05
54.72,2.980059140863016,2.6151126866914383,2.014540644545971,2.0943743227752623e-05
54.730000000000004,2.9788657202024753,2.6187016858522503,2.0119635235169135,2.0949168126484775e-05
54.74,2.9776437042869714,2.6222941770638464,2.009403667352713,2.095467099196457e-05
54.75,2.976393058758993,2.62589001987501,2.006861319744914,2.096028121248127e-05
54.76,2.9751137507723335,2.6294890742349586,2.004336724017642,2.0966028492368423e-05
54.77,2.9738057489982244,2.6330912005113323,2.0018301231065023,2.0971942842045346e-05
54.78,2.972469023631136,2.636696259507791,1.9993417595373018,2.097805456787062e-05
54.79,2.971103546394246,2.640304112481207,1.9968718754046046,2.098439426181292e-05
54.800000000000004,2.9697092905445763,2.6439146211584488,1.9944207123501156,2.0990992790939282e-05
54.81,2.968286230877799,2.647527647752746,1.9919885115408957,2.099788128672551e-05
54.82,2.9668343437327147,2.651143054979628,1.9895755136474103,2.1005091134198257e-05
54.83,2.9653536069953987,2.654760706072432,1.987181958821411,2.1012653960900733e-05
54.84,2.963844000103025,2.658380464797365,1.984808086673653,2.1020601625679775e-05
54.85,2.962305504047362,2.662002195468119,1.9824541362514487,2.1028966207315442e-05
54.86,2.960738101377946,2.6656257629600324,1.980120346016059,2.1037779992984676e-05
54.870000000000005,2.9591417762049352,2.669251032723784,1.977806953819924,2.1047075466559336e-05
54.88,2.957516514201643,2.67287787079862,1.9755141968837346,2.1056885296748368e-05
54.89,2.9558623026067568,2.676506143825101,1.9732423117733455,2.1067242325080812e-05
54.9,2.954179130226243,2.6801357190573682,1.9709915343765325,2.107817955373505e-05
54.910000000000004,2.952466987434942,2.6837664643749166,1.9687620998795943,2.108973013321703e-05
54.92,2.950725866177856,2.687398248293873,1.966554242743802,2.110192734989289e-05
54.93,2.9489557599711334,2.691030939977771,1.9643681966816964,2.1114804613369416e-05
54.94,2.947156663902753,2.6946644092478174,1.9622041946332347,2.1128395443735223e-05
54.95,2.9453285746329114,2.698298526592642,1.960062468741791,2.114273345866151e-05
54.96,2.9434714903941193,2.7019331631775296,1.9579432503300076,2.1157852360363172e-05
54.97,2.9415854109910073,2.705568190853127,1.955846769875505,2.1173785922423483e-05
54.980000000000004,2.9396703377998503,2.709203482163615,1.9537732569864463,2.1190567976492155e-05
54.99,2.9377262737678107,2.712838910354349,1.9517229403769614,2.1208232398847715e-05
55.0,2.9357532234119077,2.716474349378957,1.9496960478424332,2.122681309683031e-05
55.01,2.9337511928177173,2.720109673905894,1.947692806234647,2.12463439951587e-05
55.02,2.931720189637805,2.723744759324443,1.9457134414368034,2.1266859022120556e-05
55.03,2.9296602230899005,2.727379481750166,1.9437581783383993,2.1288392095640715e-05
55.04,2.92757130395482,2.7310137180297978,1.941827240809979,2.1310977109241182e-05
55.050000000000004,2.925453444574135,2.7346473457455756,1.9399208516777555,2.1334647917880317e-05
55.06,2.923306658847601,2.738280243219005,1.9380392326981064,2.135943832368202e-05
55.07,2.92113096223035,2.7419122895140595,1.936182604531945,2.1385382061562427e-05
55.08,2.9189263717298464,2.745543364439807,1.9343511867189707,2.1412512784748282e-05
55.09,2.916692905902623,2.749173348552463,1.932545197651799,2.1440864050186063e-05
55.1,2.9144305848507948,2.752802123156869,1.9307648545499763,2.1470469303865002e-05
55.11,2.91213943021836,2.7564295703073904,1.9290103734338775,2.1501361866038222e-05
55.120000000000005,2.909819465187295,2.760055572808235,1.927281969098495,2.1533574916341563e-05
55.13,2.90747071447345,2.7636800142131888,1.9255798550871155,2.1567141478833937e-05
55.14,2.905093204322251,2.7673027788247686,1.923904243664892,2.1602094406946305e-05
55.15,2.9026869625042138,2.7709237516927896,1.9222553457923115,2.1638466368345193e-05
55.160000000000004,2.9002520183102805,2.7745428186123453,1.9206333710985595,2.1676289829710474e-05
55.17,2.8977884025469836,2.7781598661212032,1.919038527854789,2.171559704144519e-05
55.18,2.8952961475314423,2.7817747814966123,1.9174710229472922,2.1756420022301228e-05
55.19,2.8927752870862022,2.7853874527515217,1.9159310618505787,2.1798790543937977e-05
55.2,2.8902258565339234,2.788997768630215,1.9144188486003655,2.1842740115411264e-05
55.21,2.8876478926919242,2.792605618603356,1.9129345857664788,2.188829996759723e-05
55.22,2.885041433866589,2.796210892862448,1.9114784744256732,2.1935501037551593e-05
55.230000000000004,2.8824065198476476,2.7998134823137075,1.9100507141343694,2.1984373952817745e-05
55.24,2.8797431919023304,2.8034132785713575,1.9086515029013147,2.203494901568008e-05
55.25,2.877051492769413,2.8070101739503333,1.907281037160169,2.208725618735834e-05
55.26,2.874331466653151,2.8106040614584105,1.90593951174202,2.2141325072160268e-05
55.27,2.871583159217118,2.8141948347877532,1.9046271198478308,2.219718490159517e-05
55.28,2.868806617577951,2.8177823883058877,1.9033440530208239,2.2254864518444104e-05
55.29,2.8660018902990143,2.8213666170460994,1.9020905011188023,2.231439236079318e-05
55.300000000000004,2.8631690273839836,2.824947416697263,1.9008666522864166,2.2375796446045997e-05
55.31,2.860308080270365,2.828524683593101,1.8996726929273755,2.243910435490197e-05
55.32,2.857419101822952,2.8320983147008842,1.8985088076766075,2.250434321530641e-05
55.33,2.8545021463272313,2.8356682076095647,1.897375179372377,2.2571539686400934e-05
55.34,2.8515572694827394,2.83923426051736,1.8962719890283564,2.264071994245452e-05
55.35,2.848584528396385,2.842796372218782,1.8951994158056609,2.271190965677061e-05
55.36,2.8455839815757416,2.8463544420911195,1.8941576369848474,2.2785133985616926e-05
55.370000000000005,2.8425556889223147,2.8499083700803824,1.8931468279378834,2.286041755214864e-05
55.38,2.8394997117247964,2.8534580566867054,1.8921671621000888,2.2937784430324513e-05
55.39,2.8364161126523135,2.8570034029492235,1.8912188109420554,2.3017258128856845e-05
55.4,2.833304955747673,2.860544310430424,1.8903019439415467,2.309886157517755e-05
55.410000000000004,2.8301663064206175,2.864080681199979,1.8894167285553853,2.3182617099407713e-05
55.42,2.8270002314410956,2.8676124178180658,1.888563330191329,2.3268546418382758e-05
55.43,2.823806798932553,2.8711394233181844,1.8877419121799417,2.3356670619704758e-05
55.44,2.8205860783652543,2.8746616011894766,1.8869526357464634,2.3447010145827613e-05
55.45,2.817338140549644,2.8781788553585557,1.8861956599826835,2.3539584778205815e-05
55.46,2.8140630576297445,2.881691090170853,1.8854711418188217,2.363441362149092e-05
55.47,2.8107609030766145,2.8851982103714935,1.8847792359954227,2.3731515087785684e-05
55.480000000000004,2.807431751681857,2.8887001210857015,1.8841200950352675,2.3830906880979875e-05
55.49,2.8040756795511963,2.8921967277987553,1.883493869215306,2.3932605981152838e-05
55.5,2.8006927640981254,2.8956879363354893,1.8829007065386199,2.4036628629053873e-05
55.51,2.7972830840376313,2.899173652839361,1.8823407527064138,2.4142990310688407e-05
55.52,2.7938467193800043,2.902653783751089,1.8818141510900466,2.4251705741991616e-05
55.53,2.79038375142474,2.906128235786872,1.8813210427031037,2.4362788853607997e-05
55.54,2.7868942627545366,2.9095969159162016,1.8808615661735177,2.4476252775792723e-05
55.550000000000004,2.783378337229395,2.9130597313392745,1.8804358577157403,2.4592109823426284e-05
55.56,2.7798360599808314,2.9165165894640217,1.8800440511029748,2.4710371481162877e-05
55.57,2.7762675174062013,2.91996739788276,1.8796862776394705,2.4831048388725803e-05
55.58,2.7726727971631457,2.9234120643484807,1.8793626661328873,2.4954150326335746e-05
55.59,2.7690519881641658,2.9268504967507876,1.8790733428667346,2.5079686200305462e-05
55.6,2.7654051805713253,2.9302826030914924,1.8788184315728913,2.520766402880753e-05
55.61,2.761732465791094,2.9337082914598867,1.8785980534042124,2.5338090927799907e-05
55.620000000000005,2.7580339364693307,2.9371274700076957,1.8784123269072275,2.5470973097150468e-05
55.63,2.7543096864864136,2.940540046923733,1.8782613679949378,2.5606315806953127e-05
55.64,2.750559810952524,2.9439459304082654,1.878145289919718,2.574412338404334e-05
55.65,2.7467844062030857,2.9473450286471055,1.8780642032463277,2.5884399198741935e-05
55.660000000000004,2.7429835697943625,2.9507372497854414,1.8780182158250411,2.6027145651801868e-05
55.67,2.7391574004992263,2.9541225019014195,1.8780074327648995,2.6172364161611472e-05
55.68,2.735305998303089,2.9575006929794982,1.8780319564070924,2.6320055151639622e-05
55.69,2.73142946440001,2.9608717308835812,1.878091886298477,2.647021803813006e-05
55.7,2.7275279011889784,2.96423552332995,1.8781873191652383,2.662285121807251e-05
55.71,2.7236014122703778,2.967591977860009,1.8783183488867008,2.677795205743886e-05
55.72,2.7196501024426323,2.9709410018128586,1.8784850664692956,2.6935516879731858e-05
55.730000000000004,2.715674077699039,2.9742825022977137,1.8786875600206918,2.709554095482622e-05
55.74,2.7116734452247897,2.977616386166181,1.8789259147240978,2.7258018488115212e-05
55.75,2.707648313394184,2.9809425599844146,1.8792002128127396,2.7422942609987077e-05
55.76,2.7035987917680395,2.984260930005162,1.8795105335445266,2.7590305365651546e-05
55.77,2.6995249910912924,2.987571402139725,1.8798569531769063,2.7760097705301415e-05
55.78,2.6954270232908026,2.990873881929841,1.8802395449419214,2.793230947463683e-05
55.79,2.691305001473355,2.994168274519513,1.880658379021473,2.8106929405775117e-05
55.800000000000004,2.687159039923865,2.997454484626803,1.881113522522799,2.8283945108533396e-05
55.81,2.6829892541037847,3.0007324165155986,1.8816050394541752,2.846334306211914e-05
55.82,2.678795760649715,3.004001973967382,1.8821329907008464,2.8645108607224757e-05
55.83,2.674578677372222,3.0072630602530133,1.882697434001198,2.882922593855264e-05
55.84,2.670338123254861,3.0105155781045463,1.8832984239231714,2.9015678097783988e-05
55.85,2.6660742184534016,3.0137594296871,1.8839360118409372,2.920444696697023e-05
55.86,2.6617870842952667,3.0169945165707963,1.8846102459118288,2.9395513262412344e-05
55.870000000000005,2.6574768432791704,3.0202207397027916,1.8853211710535498,2.9588856529016748e-05
55.88,2.653143619074968,3.023437999379417,1.88606882892166,2.978445513511383e-05
55.89,2.6487875365237086,3.0266461952184445,1.8868532578873507,2.9982286267798896e-05
55.9,2.644408721637892,3.0298452261315036,1.8876744930155163,3.0182325928783132e-05
55.910000000000004,2.6400073016019325,3.0330349902966636,1.888532566043134,3.0384548930765296e-05
55.92,2.6355834047728237,3.0362153851312033,1.8894275053579568,3.058892889433743e-05
55.93,2.6311371606810057,3.039386307264587,1.8903593359775308,3.0795438245457176e-05
55.94,2.626668700031431,3.0425476525116686,1.891328079528547,3.1004048213476224e-05
55.95,2.6221781547048306,3.0456993158461407,1.8923337542265333,3.1214728829740615e-05
55.96,2.6176656577591735,3.048841191374252,1.8933763748559007,3.142744892678175e-05
55.97,2.613131343431323,3.05197317230881,1.8944559527503486,3.164217613811305e-05
55.980000000000004,2.6085753471388817,3.0550951509434947,1.8955724957736417,3.1858876898637496e-05
55.99,2.6039978054822273,3.058207018627496,1.896726008300767,3.20775164456754e-05
56.0,2.5993988562467316,3.061308665740502,1.8979164911994812,3.229805882063249e-05
56.01,2.5947786384051645,3.0643999816680565,1.8991439418122564,3.252046687131663e-05
56.02,2.5901372921202754,3.067480854777304,1.900408353938637,3.274470225491037e-05
56.03,2.5854749587475507,3.070551172393145,1.9017097178180153,3.297072544161547e-05
56.04,2.580791780838143,3.0736108207748263,1.9030480201128372,3.319849571898e-05
56.050000000000004,2.5760879021419685,3.0766596850929746,1.9044232438922473,3.342797119691064e-05
56.06,2.5713634676109662,3.079697649407109,1.905835368616184,3.3659108813390526e-05
56.07,2.566618623402519,3.0827245966436414,1.9072843701199347,3.38918643409043e-05
56.08,2.5618535168830268,3.0857404085743925,1.9087702205991621,3.4126192393595655e-05
56.09,2.55706829663163,3.08874496579564,1.9102928885954118,3.436204643513818e-05
56.1,2.5522631124440784,3.09173814770772,1.9118523389821096,3.4599378787345266e-05
56.11,2.5474381153367394,3.0947198324952043,1.9134485329510635,3.483814063954331e-05
56.120000000000005,2.5425934575507383,3.0976898971076694,1.9150814279994766,3.507828205867857e-05
56.13,2.537729292556231,3.1006482172410825,1.9167509779174836,3.531975200019515e-05
56.14,2.532845775056795,3.103594667319821,1.9184571327762223,3.556249831968168e-05
56.15,2.527943060993943,3.1065291204793457,1.9201998389164496,3.5806467785284184e-05
56.160000000000004,2.5230213075517396,3.1094514485495495,1.9219790389377125,3.605160609091294e-05
56.17,2.518080673161531,3.112361522038799,1.9237946716880863,3.629785787021529e-05
56.18,2.513121317506766,3.115259210118687,1.9256466722544903,3.654516671135423e-05
56.19,2.508143401527914,3.118144380609522,1.9275349719535921,3.6793475172575303e-05
56.2,2.5031470874274637,3.1210168999665657,1.9294594983233102,3.704272479855927e-05
56.21,2.4981325386750033,3.123876633267038,1.9314201751149276,3.7292856137600424e-05
56.22,2.493099920012369,3.1267234441979164,1.9334169222858264,3.75438087595635e-05
56.230000000000004,2.48804939745886,3.129557195044537,1.9354496559928545,3.779552127463896e-05
56.24,2.4829811383165095,3.132377746680022,1.9375182885863356,3.804793135292856e-05
56.25,2.4778953111754047,3.135184958555547,1.9396227286047327,3.830097574481929e-05
56.26,2.4727920859190493,3.1379786886914744,1.9417628807699774,3.855459030214609e-05
56.27,2.4676716337297604,3.1407587936693524,1.9439386459834738,3.880871000017953e-05
56.28,2.4625341270940924,3.143525128624817,1.9461499213227909,3.906326896040341e-05
56.29,2.4573797398082795,3.146277547241398,1.9483966000390505,3.9318200474074555e-05
56.300000000000004,2.452208646983691,3.149015901745251,1.9506785715550257,3.957343702659503e-05
56.31,2.447021025052286,3.15174004290083,1.952995721463956,3.982891032265761e-05
56.32,2.4418170517720696,3.1544498200075184,1.9553479315290947,4.008455131217165e-05
56.33,2.4365969062325306,3.157145080897224,1.9577350796839947,4.034029021697358e-05
56.34,2.43136076886006,3.159825671932964,1.9601570400335462,4.059605655828784e-05
56.35,2.426108821423343,3.1624914380084475,1.9626136828557752,4.085177918496336e-05
56.36,2.4208412470387097,3.165142222548665,1.9651048746044146,4.1107386302446694e-05
56.370000000000005,2.415558230175444,3.167777867511507,1.9676304779122555,4.136280550249221e-05
56.38,2.410259956661035,3.1703982133904143,1.9701903515952928,4.1617963793618324e-05
56.39,2.40494661368637,3.1730030992180787,1.97278435065767,4.1872787632259925e-05
56.4,2.3996183898108523,3.175592362571201,1.9754123262974395,4.212720295462273e-05
56.410000000000004,2.394275474967446,3.178165839576318,1.97807412591314,4.238113520924736e-05
56.42,2.388918060467629,3.18072336491671,1.9807695931112097,4.263450939022716e-05
56.43,2.3835463390062515,3.183264771840393,1.9834985677142367,4.2887250071089193e-05
56.44,2.378160504666292,3.1857898921692103,1.986260885770061,4.313928143932933e-05
56.45,2.3727607529235,3.1882985563090296,1.9890563795617344,4.339052733155021e-05
56.46,2.3673472806509173,3.1907905932610485,1.9918848776183489,4.364091126921675e-05
56.47,2.361920286123273,3.1932658306342208,1.994746204726741,4.3890356494996854e-05
56.480000000000004,2.3564799690212404,3.195724094658807,1.9976401819440812,4.413878600966647e-05
56.49,2.351026530435547,3.198165210201054,2.0005666266113558,4.438612260955934e-05
56.5,2.345560172870935,3.2005890007790088,2.003525352367751,4.463228892453611e-05
56.51,2.3400811002499577,3.2029952885794715,2.0065161691659457,4.487720745645662e-05
56.52,2.334589517916606,3.2053838944760855,2.0095388832883176,4.5120800618117655e-05
56.53,2.329085632639761,3.2077546380485744,2.012593297364078,4.53629907726409e-05
56.54,2.3235696526164613,3.2101073376031204,2.015679210387333,4.560370027330271e-05
56.550000000000004,2.3180417874749732,3.2124418101938903,2.0187964177360826,4.584285150374257e-05
56.56,2.3125022482776663,3.2147578716457037,2.021944711192166,4.6080366918532496e-05
56.57,2.306951247523678,3.2170553365778467,2.025123878962151,4.6316169084117525e-05
56.58,2.3013889991513645,3.2193340184290262,2.0283337056991844,4.655018072004929e-05
56.59,2.2958157185405272,3.2215937294834656,2.0315739725258,4.678232474049084e-05
56.6,2.290231622514413,3.223834280898133,2.0348444570576927,4.7012524296001325e-05
56.61,2.284636929341474,3.2260554827311045,2.0381449334284625,4.724070281552335e-05
56.620000000000005,2.279031858736887,3.228257143971051,2.0414751723153355,4.746678404855966e-05
56.63,2.2734166318638214,3.2304390725678442,2.0448349409658615,4.769069210750721e-05
56.64,2.2677914713344487,3.2326010754642804,2.048224003225594,4.7912351510122196e-05
56.65,2.262156601210692,3.234742958628903,2.0516421195667576,4.8131687222074905e-05
56.660000000000004,2.256512247004702,3.236864527089926,2.0550890471179026,4.834862469953572e-05
56.67,2.2508586356790614,3.2389655849702423,2.0585645396945496,4.856308993181303e-05
56.68,2.245195995646704,3.2410459355235077,2.0620683478308277,4.8775009483971e-05
56.69,2.2395245567705477,3.2431053811712918,2.065600218812108,4.8984310539377704e-05
56.7,2.233844550362835,3.2451437235412772,2.06915989670863,4.919092094219155e-05
56.71,2.2281562091841725,3.247160763506502,2.0727471224101275,4.939476923970947e-05
56.72,2.222459767442271,3.2491563012256233,2.0763616336614463,4.9595784724566274e-05
56.730000000000004,2.2167554607903703,3.251130136184192,2.080003165099162,4.979389747674137e-05
56.74,2.2110435263253576,3.2530820672369223,2.0836714482891914,4.998903840531924e-05
56.75,2.2053242025855604,3.255011892650934,2.0873662117653966,5.018113929000383e-05
56.76,2.1995977295482207,3.2569194101499592,2.0910871810691845,5.037013282231082e-05
56.77,2.193864348626641,3.2588044169594834,2.0948340787900928,5.055595264642e-05
56.78,2.188124302666998,3.2606667098528126,2.0986066246073665,5.073853339965252e-05
56.79,2.1823778359448225,3.262506085198035,2.102404535332517,5.0917810752530975e-05
56.800000000000004,2.1766251941611396,3.264322339005867,2.1062275249528613,5.109372144839473e-05
56.81,2.1708666244382653,3.2661152669783506,2.110075304676039,5.126620334250687e-05
56.82,2.1651023753152594,3.2678846645583883,2.1139475829755,5.143519544064828e-05
56.83,2.159332696743029,3.2696303269800855,2.1178440656369557,5.1600637937148806e-05
56.84,2.1535578400790807,3.2713520493198778,2.1217644558057955,5.17624722523294e-05
56.85,2.1477780580819164,3.2730496265484184,2.125708454035454,5.192064106929073e-05
56.86,2.141993604905077,3.274722853583198,2.1296757583367243,5.207508837004786e-05
56.870000000000005,2.1362047360908223,3.2763715253418706,2.1336660642280125,5.2225759470980526e-05
56.88,2.1304117085634533,3.2779954367962567,2.1376790647865245,5.2372601057512775e-05
56.89,2.1246147806222706,3.2795943830269962,2.1417144507003725,5.251556121804267e-05
56.9,2.1188142119341697,3.281168159278821,2.145771910321598,5.2654589477077374e-05
56.910000000000004,2.113010263525869,3.2827165610164166,2.1498511297200964,5.278963682753431e-05
56.92,2.1072031977757733,3.284239383980845,2.153951792738438,5.2920655762171156e-05
56.93,2.1013932784054665,3.28573642424649,2.1580735810475704,5.3047600304125814e-05
56.94,2.0955807704708396,3.287207478278503,2.1622161742033903,5.317042603654001e-05
56.95,2.089765940352847,3.2886523429907086,2.1663792497041796,5.328909013122442e-05
56.96,2.083949055747895,3.290070815803938,2.170562483048884,5.3403551376361916e-05
56.97,2.0781303856578583,3.2914626947047596,2.1747655477962287,5.351377020318982e-05
56.980000000000004,2.072310200379732,3.2928277783045696,2.1789881156246524,5.361970871165192e-05
56.99,2.066488771494908,3.2941658658990067,2.1832298563930483,5.3721330695026345e-05
57.0,2.060666371858089,3.295476757527658,2.1874904382022975,5.3818601663449116e-05
57.01,2.054843275585829,3.296760254034017,2.191769527457576,5.391148886634693e-05
57.02,2.0490197580447087,3.2980161571256614,2.196066788931426,5.3999961313768066e-05
57.03,2.043196095839146,3.2992442694346096,2.200381885827567,5.4083989796555824e-05
57.04,2.0373725667988376,3.3004443945778195,2.204714479845437,5.416354690537216e-05
57.050000000000004,2.0315494499658406,3.301616337217794,2.2090642312454416,5.423860704857061e-05
57.06,2.0257270255812876,3.302759903123254,2.2134307989148976,5.4309146468864074e-05
57.07,2.019905575071744,3.3038748992298403,2.217813840434647,5.4375143258790403e-05
57.08,2.014085381035205,3.3049611337008065,2.2222130121463257,5.44365773749734e-05
57.09,2.0082667272267347,3.3060184159876624,2.22662796922027,5.4493430651162925e-05
57.1,2.002449898543753,3.3070465568907332,2.2310583657240346,5.4545686810041714e-05
57.11,1.9966351810109657,3.3080453686195908,2.235503854691507,5.459333147378269e-05
57.120000000000005,1.9908228617649466,3.30901466485332,2.2399640881925946,5.4636352173368765e-05
57.13,1.9850132290383722,3.309954260800581,2.244438717403466,5.467473835665373e-05
57.14,1.9792065721439094,3.310863973259429,2.2489273926773197,5.47084813951713e-05
57.15,1.9734031814577617,3.311743620676849,2.2534297636156624,5.473757458968275e-05
57.160000000000004,1.967603348402876,3.3125930232079686,2.2579454791400737,5.476201317446768e-05
57.17,1.961807365431812,3.3134120027749114,2.262474187564431,5.4781794320352755e-05
57.18,1.9560155260092786,3.314200383125248,2.2670155366675746,5.479691713649042e-05
57.19,1.9502281245943405,3.3149579898900075,2.271569173766386,5.480738267087963e-05
57.2,1.9444454566222966,3.3156846506412108,2.2761347457892582,5.481319390964278e-05
57.21,1.9386678184862363,3.3163801949488887,2.2807118993499302,5.4814355775064215e-05
57.22,1.9328955075182743,3.3170444544375424,2.2853002808216627,5.4810875122388914e-05
57.230000000000004,1.9271288219704708,3.3176772628420115,2.289899536411729,5.48027607354037e-05
57.24,1.9213680609954369,3.3182784560627128,2.2945093122361935,5.479002332080853e-05
57.25,1.9156135246266328,3.3188478722202075,2.2991292543949564,5.47726755013861e-05
57.26,1.90986551375836,3.3193853517090663,2.3037590090470323,5.475073180798528e-05
57.27,1.9041243301254516,3.3198907372509905,2.3083982224860407,5.472420867033191e-05
57.28,1.8983902762826665,3.3203638739471564,2.3130465412158774,5.469312440668496e-05
57.29,1.8926636555837901,3.3208046093297456,2.317703612026545,5.465749921236828e-05
57.300000000000004,1.8869447721604446,3.3212127934126277,2.322369082070109,5.461735514716624e-05
57.31,1.8812339309006159,3.3215882787411593,2.327042598936757,5.4572716121628684e-05
57.32,1.8755314374268974,3.3219309204410656,2.331723810730928,5.452360788229477e-05
57.33,1.8698375980744601,3.3222405762663745,2.3364123661474867,5.4470057995872846e-05
57.34,1.8641527198687473,3.3225171066463655,2.3411079145479183,5.4412095832380626e-05
57.35,1.8584771105029025,3.322760374731505,2.3458101060365055,5.4349752547272034e-05
57.36,1.8528110783149343,3.3229702464383375,2.3505185915364692,5.4283061062594104e-05
57.370000000000005,1.8471549322646192,3.3231465904932986,2.3552330228660368,5.42120560471777e-05
57.38,1.8415089819101529,3.3232892784754244,2.3599530528144146,5.413677389590801e-05
57.39,1.8358735373845476,3.3233981848579264,2.364678335217633,5.405725270808628e-05
57.4,1.8302489093717853,3.3234731870486036,2.369408525034233,5.397353226492028e-05
57.410000000000004,1.8246354090827284,3.3235141654290663,2.374143278420772,5.3885654006174605e-05
57.42,1.8190333482307934,3.3235210033927434,2.378882252807111,5.3793661006002346e-05
57.43,1.813443039007392,3.3234935873816505,2.3836251069714622,5.36975979480082e-05
57.44,1.8078647940571422,3.3234318069218935,2.3883715011151616,5.3597511099540405e-05
57.45,1.8022989264528595,3.323335554657883,2.393121096937142,5.349344828526603e-05
57.46,1.7967457496703247,3.323204726385238,2.3978735577080745,5.338545886008306e-05
57.47,1.79120557756284,3.3230392210823583,2.402628548344152,5.32735936813418e-05
57.480000000000004,1.7856787243355734,3.3228389409406476,2.407385735480481,5.315790508046436e-05
57.49,1.780165504519699,3.32260379139336,2.412144787544062,5.3038446833979956e-05
57.5,1.774666232946335,3.322333681143061,2.4169053748263183,5.2915274133978515e-05
57.51,1.7691812247202872,3.32202852218768,2.421667169555153,5.2788443558071224e-05
57.52,1.7637107951935989,3.3216882298451424,2.4264298459665037,5.26580130388449e-05
57.53,1.758255259938915,3.3213127227765606,2.431193080375365,5.252404183285885e-05
57.54,1.7528149347226636,3.3209019230079764,2.4359565512462513,5.2386590489233894e-05
57.550000000000004,1.7473901354780594,3.3204557559506376,2.440719939263074,5.224572081783587e-05
57.56,1.7419811782779344,3.3199741504198,2.445482927398402,5.210149585711621e-05
57.57,1.7365883793073995,3.3194570386520423,2.45024520098208,5.195397984162991e-05
57.58,1.731212054836343,3.3189043563210867,2.455006447769181,5.1803238169258883e-05
57.59,1.7258525211917697,3.318316042552113,2.4597663580072555,5.164933736817762e-05
57.6,1.7205100947299852,3.3176920399345664,2.464524624502863,5.149234506360406e-05
57.61,1.715185091808631,3.317032294533443,2.469280942687352,5.133232994435844e-05
57.620000000000005,1.7098778287585747,3.31633675589906,2.4740350106818636,5.116936172925122e-05
57.63,1.7045886218556587,3.3156053770752965,2.4787865293615345,5.1003511133352975e-05
57.64,1.699317787292315,3.3148381146063093,2.4835352024188735,5.083484983416665e-05
57.65,1.6940656411490482,3.3140349285417194,2.488280736426285,5.066345043772744e-05
57.660000000000004,1.6888324993657926,3.3131957824402702,2.4930228408977166,5.048938644466563e-05
57.67,1.6836186777131485,3.3123206433719563,2.497761228349406,5.031273221625973e-05
57.68,1.6784244917635023,3.3114094819186297,2.502495614359702,5.013356294052104e-05
57.69,1.6732502568620338,3.310462272173081,2.507225717627938,4.995195459830792e-05
57.7,1.6680962880976187,3.3094789917366056,2.511951260032334,4.97679839295245e-05
57.71,1.6629629002736281,3.308459621715052,2.5166719666869053,4.9581728399427734e-05
57.72,1.657850407878632,3.307404146713371,2.521387565997353,4.939326616504429e-05
57.730000000000004,1.6527591250570102,3.3063125548286614,2.5260977897159185,4.92026760417505e-05
57.74,1.6476893655794769,3.3051848376417294,2.5308023729951787,4.9010037470027345e-05
57.75,1.6426414428135236,3.3040209902071656,2.5355010544407603,4.881543048241321e-05
57.76,1.6376156696937851,3.302821011041954,2.5401935761629546,4.8618935670670834e-05
57.77,1.6326123586923331,3.301584902112624,2.544879683827211,4.842063415320953e-05
57.78,1.6276318217889048,3.300312668820957,2.549559126703495,4.822060754276458e-05
57.79,1.6226743704410684,3.299004319988265,2.5542316577144835,4.801893791435714e-05
57.800000000000004,1.6177403155543344,3.297659867838247,2.5588970334825873,4.781570777356392e-05
57.81,1.6128299674522135,3.296279327978452,2.5635550143757797,4.7611000025099526e-05
57.82,1.6079436358462313,3.294862719380355,2.5682053645522127,4.7404897941739365e-05
57.83,1.603081629805901,3.293410064358065,2.572847852003607,4.719748513359596e-05
57.84,1.5982442577286615,3.2919213885456884,2.577482248597399,4.69888455177714e-05
57.85,1.5934318273097865,3.2903967208733613,2.582108330117628,4.677906328838004e-05
57.86,1.5886446455122685,3.2888360935419745,2.5867258763045524,4.656822288697216e-05
57.870000000000005,1.583883018536685,3.2872395419966085,2.5913346708929743,4.6356408973377395e-05
57.88,1.5791472517910508,3.2856071048987054,2.595934501649267,4.614370639695483e-05
57.89,1.5744376498606634,3.283938824096993,2.6005251604070865,4.593020016827969e-05
57.9,1.5697545164779458,3.282234744597191,2.6051064431017537,4.5715975431283683e-05
57.910000000000004,1.565098154492293,3.280494914530519,2.609678149803304,4.5501117435826875e-05
57.92,1.5604688658399282,3.278719385121031,2.6142400847481815,4.528571151073584e-05
57.93,1.5558669515137733,3.2769082106518024,2.618792056369575,4.5069843037316664e-05
57.94,1.5512927115333415,3.275061448429998,2.623333877326384,4.4853597423333195e-05
57.95,1.5467464449146546,3.273179158750839,2.627865364530807,4.463706007745813e-05
57.96,1.5422284496401948,3.271261404860506,2.632386339174536,4.442031638421463e-05
57.97,1.537739022628892,3.2693082529179973,2.6368966267535576,4.420345167941234e-05
57.980000000000004,1.5332784597061586,3.2673197719559752,2.641396057091553,4.398655122605029e-05
57.99,1.5288470555739708,3.2652960338406274,2.6458844643618806,4.3769700190739435e-05
58.0,1.5244451037810087,3.26323711323057,2.650361687108147,4.355298362060216e-05
58.01,1.5200728966928567,3.261143087534825,2.654827568263351,4.333648642067359e-05
58.02,1.515730725462272,3.2590140368698983,2.6592819551676037,4.312029333179514e-05
58.03,1.5114188799995278,3.2568500440159935,2.663724699584411,4.290448890900675e-05
58.04,1.507137648942835,3.2546511943723826,2.6681556577155257,4.2689157500439324e-05
58.050000000000004,1.5028873196288508,3.2524175759119744,2.6725746902143555,4.247438322668245e-05
58.06,1.4986681780632793,3.250149279135105,2.676981662197932,4.226024996065842e-05
58.07,1.4944805088915694,3.2478463970225837,2.6813764432574345,4.204684130797863e-05
58.08,1.4903245953697168,3.245509024988023,2.6857589074672683,4.18342405877784e-05
58.09,1.4862007193351774,3.2431372608294904,2.6901289333926974,4.162253081404176e-05
58.1,1.4821091611778936,3.240731204680506,2.6944864040960312,4.14117946773931e-05
58.11,1.4780501998114461,3.2382909589604236,2.698831207141364,4.120211452736228e-05
58.120000000000005,1.474024112644332,3.235816628324222,2.703163234597871,4.099357235511614e-05
58.13,1.4700311755513769,3.233308319611743,2.70748238304166,4.078624977663842e-05
58.14,1.4660716628452868,3.2307661417964093,2.711788553556182,4.058022801637932e-05
58.15,1.462145847248347,3.228190205933445,2.716081651731204,4.03755878913393e-05
58.160000000000004,1.4582539998642716,3.225580625107642,2.720361587660345,4.0172409795581875e-05
58.17,1.4543963901502104,3.2229375143806984,2.72462827593718,3.997077368519415e-05
58.18,1.4505732858889206,3.2202609907381614,2.72888163564992,3.977075906366603e-05
58.19,1.4467849531611063,3.2175511730360076,2.7331215903746675,3.957244496767356e-05
58.2,1.4430316563179326,3.214808181946891,2.737348068167252,3.937590995327791e-05
58.21,1.4393136579537213,3.2120321399060936,2.7415610015536616,3.9181232082511313e-05
58.22,1.4356312188788318,3.209223171057207,2.745760327519062,3.8988488910355025e-05
58.230000000000004,1.431984598092733,3.206381401197576,2.7499459874954226,3.879775747210652e-05
58.24,1.4283740527572726,3.2035069577235404,2.7541179273477527,3.8609114271095545e-05
58.25,1.4247998381701485,3.200599969575499,2.758276097358951,3.8422635266765156e-05
58.26,1.4212622077385875,3.1976605671828318,2.7624204522132847,3.823839586310439e-05
58.27,1.417761412953236,3.19468888240871,2.7665509509785005,3.8056470897426226e-05
58.28,1.414297703362269,3.191685048494821,2.770667557086583,3.787693462945819e-05
58.29,1.41087132654572,3.1886492000060453,2.7747702383131627,3.7699860730752825e-05
58.300000000000004,1.40748252809004,3.1855814727751053,2.7788589667555903,3.7525322274414245e-05
58.31,1.4041315515628874,3.1824820038472255,2.7829337188096837,3.7353391725113684e-05
58.32,1.4008186384881534,3.179350931424826,2.7869944751451614,3.718414092939822e-05
58.33,1.3975440283212297,3.1761883948122818,2.791041220679772,3.7017641106255745e-05
58.34,1.394307958424521,3.1729945343607744,2.795073944552131,3.6853962837961644e-05
58.35,1.3911106640432058,3.169769491413266,2.799092640093279,3.669317606117521e-05
58.36,1.3879523782812508,3.1665134082496222,2.803097304796973,3.653535005826206e-05
58.370000000000005,1.3848333320776836,3.1632264280319093,2.8070879402887208,3.638055344886482e-05
58.38,1.3817537541831237,3.1599086947498978,2.8110645522935767,3.62288541816827e-05
58.39,1.3787138711365805,3.1565603531667947,2.8150271506027087,3.608031952646517e-05
58.4,1.3757139072425162,3.15318154876523,2.8189757490387515,3.5935016066196625e-05
58.410000000000004,1.3727540845481812,3.149772427693528,2.822910365419958,3.5793009689465384e-05
58.42,1.369834622821223,3.146333136712282,2.8268310215231685,3.5654365583019127e-05
58.43,1.3669557395275709,3.142863823141264,2.8307377430456047,3.5519148224466545e-05
58.44,1.3641176498096002,3.1393646348066864,2.834630559565511,3.538742137515041e-05
58.45,1.361320566464578,3.135835719988849,2.8385095045016544,3.5259248073148174e-05
58.46,1.358564699923393,3.1322772273701847,2.8423746150716966,3.5134690626405313e-05
58.47,1.3558502582295702,3.128689305983732,2.8462259322494594,3.501381060599742e-05
58.480000000000004,1.3531774470185745,3.12507210516206,2.8500635007210935,3.4896668839490254e-05
58.49,1.350546469497402,3.121425774486658,2.853887368840171,3.4783325404404596e-05
58.5,1.3479575264244636,3.1177504637378233,2.8576975885817157,3.467383962176849e-05
58.51,1.3454108160897584,3.1140463228450597,2.8614942154951883,3.456827004974569e-05
58.52,1.342906534295341,3.1103135018380077,2.8652773086564425,3.44666744773314e-05
58.53,1.3404448743360826,3.1065521507979317,2.86904693061867,3.436910991810575e-05
58.54,1.3380260269807247,3.102762419809779,2.872803147362352,3.427563260402707e-05
58.550000000000004,1.3356501804532281,3.0989444589148323,2.876546028244228,3.4186297979267266e-05
58.56,1.333317520414416,3.0950984180639702,2.8802756459453116,3.410116069407969e-05
58.57,1.3310282299439107,3.09122444707156,2.883992076417956,3.402027459866832e-05
58.58,1.3287824895223639,3.0873226955699957,2.887695398831999,3.394369273707109e-05
58.59,1.3265804770139813,3.0833933129648976,2.8913856955199964,3.387146734103969e-05
58.6,1.3244223676493374,3.0794364483909953,2.895063051921567,3.380364982390639e-05
58.61,1.322308334008483,3.0754522506687034,2.8987275565268638,3.374029077442633e-05
58.620000000000005,1.3202385460043404,3.071440868261412,2.9023793008191903,3.3681439950591086e-05
58.63,1.3182131708663898,3.067402449233501,2.9060183792167815,3.362714627339748e-05
58.64,1.316232373124638,3.063337141209097,2.9096448890137623,3.3577457820566404e-05
58.65,1.3142963145938737,3.0592450913315856,2.913258930320308,3.353242182020422e-05
58.660000000000004,1.312405154358205,3.0551264462238925,2.916860606002019,3.349208464440149e-05
58.67,1.3105590487558734,3.050981351949545,2.9204500216185343,3.345649180274649e-05
58.68,1.3087581513643474,3.04680995397453,2.924027285361393,3.3425687935744895e-05
58.69,1.307002612985688,3.0426123971299606,2.9275925079911698,3.3399716808179744e-05
58.7,1.3052925816321839,3.0383888255755536,2.931145802773901,3.337862130233016e-05
58.71,1.303628202512255,3.0341393827639465,2.9346872854168136,3.3362443411101886e-05
58.72,1.302009618016617,3.0298642114058474,2.938217074003384,3.335122423104206e-05
58.730000000000004,1.300436967704707,3.0255634534360394,2.941735288927738,3.334500395521092e-05
58.74,1.2989103882913624,3.0212372499802447,2.945242052828413,3.334382186594614e-05
58.75,1.2974300136337513,3.016885741322857,2.9487374905215,3.334771632746157e-05
58.76,1.2959959747185483,3.0125090668755563,2.9522217289331816,3.33567247783128e-05
58.77,1.2946083996493516,3.008107365146807,2.9556948970316905,3.3370883723711214e-05
58.78,1.293267413634336,3.0036807737122544,2.9591571257586966,3.339022872766143e-05
58.79,1.2919731389741373,2.9992294291860246,2.9626085479601483,3.3414794404948374e-05
58.800000000000004,1.2907256950499613,2.9947534671929312,2.9660492983165834,3.3444614412938137e-05
58.81,1.2895251983119127,2.990253022341604,2.969479513272928,3.347972144319848e-05
58.82,1.2883717622675392,2.985728228198538,2.9728993309677985,3.352014721294621e-05
58.83,1.2872654974705815,2.9811792172630716,2.976308891162331,3.356592245628098e-05
58.84,1.2862065115099266,2.9766061209433055,2.9797083351685476,3.36170769152417e-05
58.85,1.285194908998756,2.9720090695329535,2.983097805777284,3.367363933065156e-05
58.86,1.2842307915638829,2.967388192189146,2.9864774471856923,3.37356374327495e-05
58.870000000000005,1.2833142578352708,2.962743616911179,2.9898474049243395,3.38030979316149e-05
58.88,1.2824454034357284,2.9580754705202197,2.993207825783915,3.387604650737769e-05
58.89,1.281624320970773,2.9533838786399658,2.9965588577415696,3.3954507800207164e-05
58.9,1.2808511000186529,2.94866896567827,2.9999006498869005,3.4038505400058624e-05
58.910000000000004,1.2801258271205267,2.9439308548097256,3.0032333523475994,3.412806183621881e-05
58.92,1.2794485857707865,2.939169667959219,3.006557116214784,3.4223198566599084e-05
58.93,1.2788194564075213,2.934385525786452,3.0098720934680263,3.43239359667915e-05
58.94,1.2782385164031111,2.929578547671432,3.0131784369000987,3.443029331890781e-05
58.95,1.2777058400549455,2.9247488517009383,3.0164763000414534,3.454228880015705e-05
58.96,1.2772214985762556,2.919896554655958,3.0197658370844507,3.465993947118465e-05
58.97,1.2767855600870563,2.9150217720000997,3.023047202807358,3.478326126417839e-05
58.980000000000004,1.2763980896051867,2.9101246178689784,3.026320552498132,3.491226897071775e-05
58.99,1.2760591490374427,2.9052052050605797,3.029586041878003,3.5046976229378324e-05
59.0,1.2757687971707916,2.9002636450265964,3.0328438270248808,3.5187395513095576e-05
59.01,1.2755270896636648,2.895300047864741,3.0360940642965937,3.533353811628204e-05
59.02,1.2753340790373142,2.8903145223120315,3.0393369102539856,3.548541414168671e-05
59.03,1.2751898146672294,2.885307175739053,3.042572521583879,3.564303248702159e-05
59.04,1.2750943427746044,2.8802781141451876,3.0458010550219297,3.5806400831340195e-05
59.050000000000004,1.275047706417847,2.8752274421548174,3.0490226672753846,3.597552562117487e-05
59.06,1.2750499454841209,2.870155263014494,3.0522375149457632,3.615041205642911e-05
59.07,1.2751010966809144,2.865061678591078,3.055445754451476,3.633106407602865e-05
59.08,1.2752011935276253,2.8599467893708366,3.058647541950402,3.6517484343354746e-05
59.09,1.2753502663471552,2.8548106944595095,3.061843033262438,3.67096742314315e-05
59.1,1.2755483422575038,2.849653491583327,3.065032383792039,3.69076338078924e-05
59.11,1.2757954451633569,2.8444752770909862,3.06821574845077,3.711136181972378e-05
59.120000000000005,1.2760915957476566,2.8392761459565787,3.0713932815798786,3.7320855677795026e-05
59.13,1.2764368114631506,2.8340561917834632,3.074565136872912,3.753611144117422e-05
59.14,1.2768311065239073,2.828815506809086,3.077731467298398,3.775712380124234e-05
59.15,1.2772744918967924,2.8235541819107355,3.0808924250226006,3.798388606561456e-05
59.160000000000004,1.2777669752928988,2.8182723066122355,3.0840481613323703,3.8216390141866263e-05
59.17,1.2783085611589204,2.812969969091565,3.0871988265581116,3.845462652107949e-05
59.18,1.2788992506684644,2.8076472561894046,3.0903445699968795,3.869858426122374e-05
59.19,1.2795390417132928,2.802304253418599,3.093485539835624,3.894825097036885e-05
59.2,1.2802279288944882,2.796941044974536,3.0966218830746053,3.920361278975622e-05
59.21,1.2809659035135346,2.791557713746429,3.099753745450991,3.9464654376716646e-05
59.22,1.281752953563307,2.7861543413295045,3.102881271362659,3.9731358887466704e-05
59.230000000000004,1.2825890637189643,2.7807310080380785,3.1060046037922224,4.000370795980345e-05
59.24,1.2834742153287377,2.7752877929195257,3.1091238842312956,4.028168169566268e-05
59.25,1.284408386404608,2.7698247737691264,3.1122392526050175,4.056525864362477e-05
59.26,1.285391551612868,2.764342027145786,3.1153508471968583,4.0854415781325424e-05
59.27,1.2864236822645607,2.758839628388623,3.118458804573718,4.1149128497811846e-05
59.28,1.2875047463057918,2.753317651634409,3.121563259511346,4.14493705758699e-05
59.29,1.2886347083079077,2.747776169835866,3.1246643449200975,4.1755114174305565e-05
59.300000000000004,1.2898135294575352,2.7422152547807954,3.127762191771043,4.2066329810236454e-05
59.31,1.29104116754648,2.7366349771120486,3.1308569290224573,4.2382986341381565e-05
59.32,1.2923175769614756,2.731035406348314,3.1339486835467008,4.2705050948397274e-05
59.33,1.293642708673783,2.7254166109057203,3.1370375800575223,4.30324891172539e-05
59.34,1.295016510228633,2.719778658120246,3.1401237410377965,4.336526462167857e-05
59.35,1.296438925734512,2.7141216142709217,3.143207286667718,4.3703339505716846e-05
59.36,1.2979098958522834,2.7084455446038156,3.146288334753478,4.4046674066382536e-05
59.370000000000005,1.2994293577841471,2.7027505133567975,3.149367000656439,4.439522683645508e-05
59.38,1.3009972452624294,2.6970365837850627,3.1524433972228323,4.474895456746559e-05
59.39,1.3026134885382048,2.6913038181874085,3.155517634713999,4.510781221283844e-05
59.4,1.3042780143697474,2.685552277933255,3.1585898207371987,4.5471752911263065e-05
59.410000000000004,1.3059907460108098,2.679782023490392,3.1616600601770055,4.5840727970314016e-05
59.42,1.3077516031987282,2.673993114453447,3.1647284551273143,4.621468685033166e-05
59.43,1.3095605021423564,2.6681856095730554,3.167795104823983,4.6593577148606555e-05
59.44,1.311417355509824,2.6623595667857276,3.1708601055781327,4.697734458387919e-05
59.45,1.3133220724161232,2.656515043244395,3.173923550710125,4.7365932981209574e-05
59.46,1.3152745584105228,2.650652095349623,3.176985530484249,4.775928425723697e-05
59.47,1.3172747154638123,2.6447707787814787,3.1800461320441364,4.815733840584094e-05
59.480000000000004,1.3193224419553764,2.63887114853204,3.183105439348926,4.856003348426192e-05
59.49,1.3214176326601033,2.6329532589385294,3.186163533110212,4.896730559971828e-05
59.5,1.3235601787351294,2.6270171637170607,3.189220490729793,4.937908889651691e-05
59.51,1.3257499677064235,2.6210629159969847,3.192276386238249,4.979531554372808e-05
59.52,1.3279868834552138,2.615090568355815,3.195331290234376,5.0215915723447326e-05
59.53,1.330270806204263,2.6091001728547245,3.198385269825497,5.0640817619676034e-05
59.54,1.3326016125039963,2.603091781074589,3.2014383885686843,5.106994740785327e-05
59.550000000000004,1.3349791752184863,2.5970654441525727,3.20449070641291,5.150322924508728e-05
59.56,1.337403363511302,2.5910212128192285,3.207542279642161,5.194058526112358e-05
59.57,1.3398740428312286,2.5849591374361043,3.210593160819541,5.238193555006581e-05
59.58,1.3423910748978625,2.578879268033835,3.2136433987323847,5.2827198162913976e-05
59.59,1.3449543176870937,2.572781654350703,3.2166930383384167,5.32762891009407e-05
59.6,1.3475636254164791,2.566666345871653,3.2197421207129815,5.372912230996386e-05
59.61,1.3502188485305169,2.5605333918677373,3.2227906829973714,5.418560967552774e-05
59.620000000000005,1.352919833685833,2.554382841435978,3.2258387583482824,5.464566101904296e-05
59.63,1.3556664237362872,2.5482147435396296,3.2288863758884263,5.510918409494527e-05
59.64,1.3584584577180099,2.542029147048815,3.2319335606583293,5.557608458887747e-05
59.65,1.3612957708343811,2.535826100781527,3.2349803335693426,5.604626611696923e-05
59.660000000000004,1.3641781944409623,2.529605653544962,3.2380267113579015,5.651963022622166e-05
59.67,1.3671055560303935,2.523367854177183,3.241072706541054,5.699607639606057e-05
59.68,1.3700776792172693,2.517112751589077,3.2441183273732968,5.7475502041099354e-05
59.69,1.3730943837230056,2.5108403948065936,3.2471635778047427,5.795780251511733e-05
59.7,1.3761554853607116,2.5045508330132433,3.2502084574406536,5.844287111634596e-05
59.71,1.3792607960200813,2.4982441155928354,3.2532529615023678,5.8930599094071186e-05
59.72,1.3824101236523207,2.49192029217243,3.2562970807896523,5.942087565657398e-05
59.730000000000004,1.385603272255124,2.4855794126654893,3.2593408016445107,5.991358798047936e-05
59.74,1.388840041857717,2.4792215273152,3.2623841059164778,6.040862122155531e-05
59.75,1.3921202285059842,2.472846686737948,3.2654269709294312,6.0905858526969406e-05
59.76,1.3954436242476953,2.4664549419669237,3.2684693694499516,6.140518104905808e-05
59.77,1.3988100171178517,2.460046344495832,3.2715112696572604,6.190646796064852e-05
59.78,1.4022191911241684,2.453620946322687,3.2745526351147687,6.240959647194904e-05
59.79,1.405670926232713,2.447178799993668,3.2775934247432668,6.291444184907423e-05
59.800000000000004,1.4091649983537193,2.440719958647012,3.2806335927957844,6.342087743422062e-05
59.81,1.4127011793275979,2.4342444760569197,3.2836730888341528,6.392877466750505e-05
59.82,1.4162792369111612,2.427752406677451,3.2867118577073002,6.443800311053567e-05
59.83,1.419898934764087,2.421243805686388,3.2897498395313107,6.494843047172676e-05
59.84,1.4235600324356408,2.4147187290290364,3.2927869696712757,6.545992263338705e-05
59.85,1.4272622853516792,2.408177233461947,3.2958231787249685,6.597234368060349e-05
59.86,1.431005444801957,2.401619376596527,3.2988583925083734,6.64855559319576e-05
59.870000000000005,1.4347892579277606,2.3950452169425214,3.3018925320430976,6.699941997210462e-05
59.88,1.4386134677098938,2.3884548139513337,3.3049255135456947,6.751379468620472e-05
59.89,1.4424778129570355,2.381848228059168,3.3079572484189295,6.802853729627738e-05
59.9,1.446382028294498,2.3752255207299595,3.3109876432450123,6.854350339945451e-05
59.910000000000004,1.450325844153408,2.3685867544980748,3.314016599780833,6.905854700816419e-05
59.92,1.4543089867603378,2.3619319930107525,3.317044014955218,6.957352059228629e-05
59.93,1.4583311781274102,2.3552613010702603,3.320069780868243,7.008827512323597e-05
59.94,1.4623921360429035,2.348574744675742,3.323093784792622,7.060266012004142e-05
59.95,1.466491574062385,2.3418723910647308,3.326115909177206,7.11165236974017e-05
59.96,1.470629201500396,2.335154308754299,3.32913603165261,7.162971261572106e-05
59.97,1.4748047234227197,2.3284205675818255,3.3321540250389967,7.214207233314432e-05
59.980000000000004,1.479017840639254,2.3216712387453464,3.3351697573560437,7.265344705957653e-05
59.99,1.4832682496975222,2.3149063948434727,3.33818309183511,7.316367981269067e-05
60.0,1.4875556428768448,2.308126109914842,3.341193886933633,7.367261247592222e-05
60.01,1.4918797081832023,2.3013304594770814,3.3442019963517695,7.418008585844875e-05
60.02,1.4962401293448166,2.2945195205652595,3.3472072690513137,7.468593975712796e-05
60.03,1.5006365858084816,2.287693371769796,3.350209549276896,7.51900130203975e-05
60.04,1.5050687527366653,2.2808520932738063,3.353208676579497,7.569214361410588e-05
60.050000000000004,1.509536301005419,2.273995766889862,3.356204485842285,7.619216868926883e-05
60.06,1.5140388972031178,2.267124476096131,3.359196807308801,7.668992465172198e-05
60.07,1.5185762036300614,2.2602383060718823,3.3621854666134983,7.718524723363648e-05
60.08,1.5231478782989651,2.253337343732328,3.3651702848146616,7.767797156689457e-05
60.09,1.527753574936368,2.2464216777627763,3.368151078429714,7.816793225825791e-05
60.1,1.5323929429849883,2.2394913986520746,3.371127659472922,7.865496346632465e-05
60.11,1.5370656276070538,2.2325465987253175,3.374099835495517,7.913889898021183e-05
60.120000000000005,1.5417712696886336,2.2255873721757977,3.3770674096282343,7.961957229993434e-05
60.13,1.5465095058450038,2.2186138150961763,3.380030180626287,8.009681671844694e-05
60.14,1.5512799684270693,2.211626025508848,3.382987942916774,8.057046540526649e-05
60.15,1.5560822855288752,2.204624103395483,3.3859404866485345,8.104035149164411e-05
60.160000000000004,1.5609160809962304,2.1976081507257232,3.388887597744446,8.150630815724106e-05
60.17,1.5657809744364737,2.1905782714850046,3.3918290579561754,8.196816871823895e-05
60.18,1.5706765812294086,2.1835345717014962,3.394764644921381,8.242576671679468e-05
60.19,1.5756025125394315,2.1764771594721277,3.397694132223363,8.287893601181911e-05
60.2,1.580558375328882,2.1694061449876867,3.400617289453163,8.332751087099554e-05
60.21,1.5855437723726393,2.1623216405569687,3.4035338822741106,8.377132606394685e-05
60.22,1.5905583022739898,2.1552237606299594,3.4064436724888028,8.421021695649115e-05
60.230000000000004,1.5956015594817923,2.1481126218200317,3.40934641810852,8.464401960590666e-05
60.24,1.6006731343089622,2.14098834292514,3.412241873425062,8.507257085712581e-05
60.25,1.6057726129523013,2.133851044947994,3.415129789084993,8.54957084397626e-05
60.26,1.6108995775136936,2.1267008511151984,3.4180099121662897,8.591327106589856e-05
60.27,1.6160536060226902,2.119537886895336,3.4208819862573647,8.632509852851789e-05
60.28,1.6212342724605067,2.112362280015992,3.423745751538464,8.673103180051672e-05
60.29,1.6264411467854503,2.1051741604796894,3.4266009448654087,8.713091313419395e-05
60.300000000000004,1.6316737949598008,2.0979736605787362,3.4294472998556618,8.752458616109596e-05
60.31,1.6369317789781617,2.0907609149089614,3.432284546976704,8.791189599213299e-05
60.32,1.6422146568973013,2.0835360603823343,3.435112413636685,8.829268931786741e-05
60.33,1.6475219828675018,2.076299236238454,3.4379306242773313,8.86668145088635e-05
60.34,1.6528533071654326,2.0690505840548954,3.4407389004690745,8.903412171599833e-05
60.35,1.6582081762285625,2.061790247756408,3.4435369610083777,8.93944629705791e-05
60.36,1.663586132691129,2.054518373622955,3.4463245220172176,8.974769228422904e-05
60.370000000000005,1.668986715421674,2.047235110296583,3.4491012970446966,9.009366574838426e-05
60.38,1.6744094595621628,2.0399406087871217,3.451866997170742,9.043224163326566e-05
60.39,1.6798538965686969,2.0326350224767005,3.454621331111853,9.076328048628265e-05
60.4,1.6853195542538295,2.02531850712308,3.4573640053288606,9.108664522967781e-05
60.410000000000004,1.690805956830496,2.0179912208617936,3.4600947241366486,9.140220125732368e-05
60.42,1.6963126249575669,2.0106533242070963,3.462813189815797,9.170981653056693e-05
60.43,1.701839075787029,2.0033049800517158,3.465519102726097,9.200936167299577e-05
60.44,1.7073848230128044,1.9959463536654052,3.468212161421891,9.230071006399569e-05
60.45,1.7129493769212085,1.9885776126922978,3.4708920627691815,9.258373793097767e-05
60.46,1.7185322444430533,1.9811989271470625,3.473558502064463,9.285832444018611e-05
60.47,1.7241329292073966,1.9738104694098595,3.476211173155212,9.312435178594721e-05
60.480000000000004,1.7297509315969402,1.9664124142201016,3.4788497685619872,9.338170527823125e-05
60.49,1.7353857488050748,1.9590049386690207,3.481473979602072,9.363027342844422e-05
60.5,1.7410368748945722,1.951588222191044,3.4840834965146077,9.386994803331225e-05
60.51,1.7467038008579197,1.9441624465539855,3.4866780085871434,9.410062425672996e-05
60.52,1.7523860146792951,1.9367277958480564,3.4892572042835464,9.432220070951015e-05
60.53,1.758083001398175,1.929284456473702,3.491820771373203,9.453457952687804e-05
60.54,1.7637942431745695,1.921832617128272,3.494368397061441,9.473766644361274e-05
60.550000000000004,1.7695192193558764,1.9143724687915324,3.496899768121107,9.493137086675236e-05
60.56,1.7752574065453446,1.9069042047100264,3.499414571025218,9.511560594573625e-05
60.57,1.7810082786721346,1.8994280203802965,3.5019124920806277,9.529028863988831e-05
60.58,1.7867713070629656,1.8919441135309765,3.5043932175626207,9.545533978314394e-05
60.59,1.7925459605153333,1.8844526841037663,3.5068564338503636,9.561068414594694e-05
60.6,1.7983317053722858,1.8769539342332995,3.509301827563135,9.575625049418976e-05
60.61,1.8041280055987376,1.8694480682259191,3.511729085697254,9.589197164513877e-05
60.620000000000005,1.8099343228593077,1.861935292537374,3.514137895763628,9.601778452024961e-05
60.63,1.8157501165976575,1.8544158157494506,3.5165279459258385,9.613363019478086e-05
60.64,1.821574844117313,1.8468898485455554,3.518898925138679,9.623945394416924e-05
60.65,1.8274079606639446,1.839357603685264,3.5212505232870677,9.63352052870545e-05
60.660000000000004,1.8332489195090844,1.831819295977853,3.523582431325242,9.642083802489544e-05
60.67,1.8390971720352527,1.8242751422548342,3.5258943414161577,9.649631027814106e-05
60.68,1.8449521678224705,1.8167253613415046,3.528185947070999,9.656158451887986e-05
60.69,1.8508133547361296,1.8091701740275354,3.5304569432887174,9.661662759990167e-05
60.7,1.8566801790161889,1.8016098030366166,3.5327070266955083,9.666141078015448e-05
60.71,1.862552085367671,1.7940444729951777,3.53493589568414,9.669590974654206e-05
60.72,1.8684285170524233,1.7864744104002042,3.537143250553044,9.672010463201804e-05
60.730000000000004,1.874308915982115,1.7788998435861711,3.5393287936450766,9.67339800299564e-05
60.74,1.8801927228124313,1.7713210026911148,3.541492229485866,9.673752500476589e-05
60.75,1.8860793770384345,1.7637381196218638,3.5436332649216533,9.67307330987321e-05
60.76,1.8919683170910522,1.7561514280184527,3.5457516092565333,9.671360233507633e-05
60.77,1.8978589804346555,1.748561163217739,3.5478469743890155,9.668613521721092e-05
60.78,1.9037508036656907,1.7409675622162475,3.5499190749478053,9.66483387241973e-05
60.79,1.9096432226123226,1.733370863632266,3.5519676284267216,9.660022430241599e-05
60.800000000000004,1.9155356724350485,1.7257713076672123,3.553992355318662,9.65418078534326e-05
60.81,1.921427587728243,1.7181691360663007,3.5559929792485234,9.647310971809664e-05
60.82,1.9273184026225887,1.7105645920785286,3.557969227104991,9.639415465689187e-05
60.83,1.9332075508883506,1.702957920416009,3.559920829171114,9.630497182654574e-05
60.84,1.9390944660394478,1.695349367212672,3.5618475192535684,9.620559475295056e-05
60.85,1.9449785814382787,1.6877391799823607,3.5637490348105354,9.609606130041273e-05
60.86,1.9508593304012525,1.6801276075763458,3.565625117078099,9.597641363728579e-05
60.870000000000005,1.9567361463049784,1.672514900140283,3.5674755111950844,9.584669819803635e-05
60.88,1.9626084626930678,1.6649013090706382,3.5692999663262523,9.57069656417788e-05
60.89,1.9684757133834971,1.6572870869706047,3.571098235783767,9.555727080735135e-05
60.9,1.974337332576485,1.6496724876055389,3.572870077146858,9.539767266499472e-05
60.910000000000004,1.9801927549628306,1.642057765857935,3.5746152523795964,9.522823426469993e-05
60.92,1.9860414158326667,1.6344431776819677,3.576333527946708,9.504902268127891e-05
60.93,1.991882751184571,1.626828980057625,3.5780246749273443,9.486010895627136e-05
60.94,1.9977161978349898,1.6192154309444549,3.579688469126742,9.466156803674791e-05
60.95,2.003541193527918,1.6116027892349507,3.5813246911856913,9.44534787110778e-05
60.96,2.0093571770447833,1.6039913147076004,3.58293312668775,9.423592354178764e-05
60.97,2.015163588314485,1.5963812679796205,3.584513566264126,9.40089887955807e-05
60.980000000000004,2.0209598685235286,1.5887729104594013,3.5860658056961663,9.377276437061983e-05
60.99,2.0267454602262096,1.5811665042986829,3.5875896460153847,9.352734372117456e-05
61.0,2.032519807454787,1.5735623123444895,3.5890848936009667,9.327282377973346e-05
61.01,2.0382823558295975,1.5659605980908406,3.5905513602746892,9.300930487669717e-05
61.02,2.04403255266905,1.5583616256302628,3.591988863393197,9.273689065774756e-05
61.03,2.0497698470994568,1.5507656596051251,3.5933972259375797,9.24556879990253e-05
61.04,2.055493690164637,1.5431729651588182,3.594776276600193,9.21658069202055e-05
61.050000000000004,2.0612035349352436,1.5355838078867987,3.596125849868676,9.186736049560677e-05
61.06,2.0668988366177614,1.52799845378752,3.597445786107115,9.156046476345388e-05
61.07,2.072579052663118,1.5204171692132697,3.5987359316343004,9.124523863339298e-05
61.08,2.078243642874858,1.5128402208209342,3.599996138799044,9.09218037924067e-05
61.09,2.0838920695168244,1.505267875522708,3.601226266052504,9.05902846092272e-05
61.1,2.0895237974202976,1.4977004004367709,3.602426178017488,9.025080803739612e-05
61.11,2.0951382940905345,1.4901380628379461,3.6035957455546903,8.990350351708126e-05
61.120000000000005,2.10073502981266,1.482581130108363,3.604734845825833,8.954850287575722e-05
61.13,2.1063134777568555,1.475029869688138,3.605843362353683,8.918594022791577e-05
61.14,2.1118731140827953,1.4674845490260955,3.6069211850789125,8.881595187390032e-05
61.15,2.117413418043278,1.4599454355305381,3.6079682104137767,8.843867619798637e-05
61.160000000000004,2.122933872087004,1.452412796520092,3.6089843412925937,8.805425356584644e-05
61.17,2.128433961960446,1.4448868991746355,3.609969487218998,8.7662826221528e-05
61.18,2.1339131768087696,1.4373680104863304,3.6109235643099558,8.726453818404434e-05
61.19,2.139371009275746,1.4298563972107687,3.611846495336526,8.685953514370496e-05
61.2,2.144806955602619,1.4223523258182507,3.612738209761358,8.644796435832253e-05
61.21,2.1502205157258687,1.4148560624452076,3.6135986437729133,8.602997454939378e-05
61.22,2.1556111933738364,1.4073678728457824,3.61442774031641,8.560571579838398e-05
61.230000000000004,2.160978496162154,1.399888022343581,3.6152254491214832,8.517533944320982e-05
61.24,2.1663219356879395,1.3924167757836075,3.615991726726564,8.473899797505696e-05
61.25,2.1716410276227145,1.3849543974843945,3.6167265364999777,8.42968449356314e-05
61.26,2.1769352918039977,1.3775011511903412,3.617429848657767,8.384903481494348e-05
61.27,2.182204252325534,1.3700573000242682,3.6181016402782498,8.339572294973144e-05
61.28,2.1874474376261155,1.3626231064402028,3.6187418953133155,8.293706542264133e-05
61.29,2.1926643805769594,1.3551988321764021,3.6193506045964847,8.247321896225067e-05
61.300000000000004,2.1978546185675976,1.3477847382086265,3.6199277658477347,8.20043408440174e-05
61.31,2.203017693590241,1.3403810847036697,3.6204733836751193,8.153058879227862e-05
61.32,2.208153152322584,1.3329881309731568,3.6209874695731985,8.105212088335363e-05
61.33,2.2132605462090122,1.32560613542762,3.6214700419183012,8.05690954498643e-05
61.34,2.2183394315401728,1.3182353555308561,3.62192112596065,8.008167098635123e-05
61.35,2.223389369530883,1.3108760477545776,3.622340753813371,7.959000605624408e-05
61.36,2.228409926396336,1.3035284675333636,3.622728964438424,7.909425920027784e-05
61.370000000000005,2.2334006734265763,1.2961928692199176,3.623085803629481,7.859458884643124e-05
61.38,2.238361187059211,1.2888695060406392,3.6234113239917884,7.809115322145054e-05
61.39,2.2432910489503333,1.2815586300515165,3.623705584919055,7.758411026402073e-05
61.4,2.248189846043624,1.2742604920943452,3.6239686525673958,7.707361753963182e-05
61.410000000000004,2.253057170637606,1.2669753417532814,3.624200599826376,7.655983215723126e-05
61.42,2.257892620451029,1.2597034273117325,3.624401506287204,7.604291068768801e-05
61.43,2.2626957986863543,1.252444995709593,3.624571458208105,7.552300908411776e-05
61.44,2.2674663140913234,1.2452002925008296,3.6247105484769335,7.500028260413928e-05
61.45,2.2722037810185807,1.2379695618114226,3.624818876571066,7.447488573407973e-05
61.46,2.2769078194833368,1.2307530462976641,3.624896548514624,7.394697211516968e-05
61.47,2.2815780552190477,1.223550987104825,3.624943676833081,7.341669447177085e-05
61.480000000000004,2.2862141197310932,1.2163636238261868,3.624960380505304,7.288420454168281e-05
61.49,2.2908156503484407,1.2091911944624507,3.624946784913081,7.234965300851549e-05
61.5,2.2953822902732726,1.2020339353815224,3.6249030217881986,7.181318943618196e-05
61.51,2.2999136886285685,1.1948920812786796,3.624829229157113,7.127496220554076e-05
61.52,2.3044095005036267,1.1877658651371257,3.6247255512832846,7.07351184531706e-05
61.53,2.3088693869975123,1.180655518188933,3.624592138607225,7.019380401230684e-05
61.54,2.3132930152604225,1.173561269876382,3.6244291476843253,6.965116335597938e-05
61.550000000000004,2.3176800585329618,1.166483347813695,3.6242367411205167,6.910733954231722e-05
61.56,2.322030196183313,1.1594219777491737,3.6240150875058332,6.856247416203898e-05
61.57,2.3263431137423054,1.1523773835277418,3.6237643613459336,6.801670728813981e-05
61.58,2.330618502936367,1.1453497870538953,3.6234847429916477,6.74701774277564e-05
61.59,2.3348560617183614,1.1383394082550669,3.6231764185666107,6.692302147623604e-05
61.6,2.339055494296304,1.131346465045404,3.6228395798930486,6.637537467336986e-05
61.61,2.343216511159958,1.1243711732899688,3.62247442441578,6.582737056178321e-05
61.620000000000005,2.3473388291053046,1.117413746769361,3.6220811551244974,6.527914094750169e-05
61.63,2.3514221712568952,1.1104743971447657,3.6216599804744,6.473081586264782e-05
61.64,2.355466267088081,1.1035533339234342,3.6212111143052335,6.418252353026263e-05
61.65,2.3594708524391255,1.0966507644245973,3.6207347757588084,6.363439033124317e-05
61.660000000000004,2.363435669533207,1.0897668937458158,3.620231189195066,6.308654077333789e-05
61.67,2.3673604669903083,1.0829019247297749,3.6197005841067487,6.253909746222811e-05
61.68,2.3712449998390093,1.0760560579315206,3.619143195032751,6.199218107464757e-05
61.690000000000005,2.3750890295261846,1.0692294915861476,3.6185592614702076,6.144591033348526e-05
61.7,2.3788923239246147,1.0624224215769382,3.61794902778539,6.090040198490358e-05
61.71,2.3826546573385246,1.0556350414039584,3.6173127431234757,6.0355770777380385e-05
61.72,2.3863758105070545,1.0488675421531148,3.616650661317256,5.9812129442681714e-05
61.730000000000004,2.3900555706056807,1.0421201124656754,3.615963040794842,5.9269588678732915e-05
61.74,2.3936937312455955,1.0353929385082588,3.6152501444864416,5.8728257134317376e-05
61.75,2.39729009247106,1.0286862039432967,3.6145122397302645,5.818824139561588e-05
61.76,2.4008444607547488,1.0220000898999724,3.613749598177623,5.764964597452445e-05
61.77,2.4043566489910977,1.0153347749456403,3.6129624956972863,5.711257329870592e-05
61.78,2.4078264764876725,1.0086904350577302,3.612151212279159,5.657712370335682e-05
61.79,2.41125376895458,1.0020672435961415,3.611316031937336,5.604339542464615e-05
61.800000000000004,2.4146383584919344,0.9954653712761307,3.6104572426126,5.551148459476742e-05
61.81,2.4179800835754035,0.988884986141697,3.6095751360744237,5.4981485238595006e-05
61.82,2.421278789039852,0.9823262535394703,3.6086700078225293,5.445348927188437e-05
61.83,2.4245343260611056,0.9757893360931066,3.60774215698807,5.392758650096795e-05
61.84,2.4277465521358543,0.9692743936781938,3.606791886234489,5.340386462393389e-05
61.85,2.4309153310597242,0.9627815833976743,3.6058195016581127,5.288240923321219e-05
61.86,2.4340405329035333,0.9563110595577877,3.6048253126885337,5.2363303819546954e-05
61.870000000000005,2.4371220339877624,0.949862973644539,3.6038096319888386,5.1846629777320007e-05
61.88,2.4401597168552644,0.943437474300695,3.6027727753557377,5.133246641115135e-05
61.89,2.4431534702422346,0.937034707303317,3.6017150616196427,5.0820890943766515e-05
61.9,2.4461031890474727,0.9306548155418297,3.600636812544751,5.03119785250785e-05
61.910000000000004,2.449008774299963,0.9242979389966361,3.5995383527291853,4.980580224243192e-05
61.92,2.451870133124797,0.9179642147182779,3.5984200095052348,4.9302433131983326e-05
61.93,2.4546871787074727,0.9116537768071498,3.597282112839752,4.880194019116225e-05
61.940000000000005,2.4574598302565924,0.9053667563937697,3.5961249952347507,4.83043903921875e-05
61.95,2.4601880129649967,0.8991032816196114,3.5949489916282467,4.780984869657612e-05
61.96,2.462871657969356,0.8928634776185019,3.593754439295397,4.7318378070621525e-05
61.97,2.465510702308258,0.8866474664985896,3.5925416777499697,4.6830039501797386e-05
61.980000000000004,2.468105088878814,0.8804553673248868,3.591311048646196,4.6344892016041465e-05
61.99,2.4706547663918266,0.8742872961023908,3.5900628956810428,4.586299269588365e-05
62.0,2.473159689325535,0.8681433657597878,3.5887975644969443,4.5384396699376715e-05
62.01,2.475619817877988,0.8620236861337444,3.5875154025850384,4.4909157279801785e-05
62.02,2.4780351179180604,0.855928363953789,3.5862167591889365,4.443732580608759e-05
62.03,2.4804055609351585,0.8498575028277892,3.584901985209074,4.396895178393365e-05
62.04,2.482731123987641,0.8438112032280265,3.5835714331076685,4.350408287758075e-05
62.050000000000004,2.4850117896499895,0.837789562477875,3.5822254568143244,4.30427649321975e-05
62.06,2.4872475459587657,0.8317926747390839,3.5808644116323185,4.2585041996859386e-05
62.07,2.4894383863573855,0.8258206309996711,3.579488654145594,4.213095634806298e-05
62.08,2.491584309639745,0.8198735190624277,3.5780985421264986,4.16805485137573e-05
62.09,2.4936853198927347,0.8139514235340392,3.5766944344442924,4.123385729786082e-05
62.1,2.4957414264376756,0.8080544258148247,3.575276690974458,4.079091980521536e-05
62.11,2.497752643770708,0.8021826040890976,3.573845672508838,4.0351771466961596e-05
62.120000000000005,2.4997189915021747,0.7963360333161499,3.5724017406666224,3.9916446066295e-05
62.13,2.501640494295027,0.7905147852218635,3.5709452578062226,3.948497576457592e-05
62.14,2.503517181802294,0.7847189282909492,3.56947658693804,3.9057391127759774e-05
62.15,2.505349088603643,0.7789485277598178,3.567996091638165,3.863372115312313e-05
62.160000000000004,2.507136254141074,0.7732036456100818,3.566504135963022,3.821399329625202e-05
62.17,2.5088787226537774,0.7674843405626933,3.565001084364981,3.77982334982666e-05
62.18,2.5105765431121916,0.761790668072716,3.5634873016089585,3.7386466213262316e-05
62.190000000000005,2.512229769151296,0.756122680324735,3.561963152690023,3.697871443592509e-05
62.2,2.513838459003174,0.7504804262289041,3.5604290027520213,3.657499972931061e-05
62.21,2.515402675428877,0.7448639514176321,3.5588852170072487,3.617534225275593e-05
62.22,2.5169224856496335,0.7392732982429078,3.557332160657169,3.5779760789898986e-05
62.230000000000004,2.518397961277423,0.7337085057742652,3.5557701988142068,3.538827277678207e-05
62.24,2.5198291782449647,0.728169609797388,3.554199696424619,3.50008943300232e-05
62.25,2.5212162167351413,0.7226566428133535,3.5526210181924633,3.461764027502195e-05
62.26,2.522559161109903,0.7171696340385162,3.5510345285046716,3.423852417418968e-05
62.27,2.523858099838677,0.711708609405029,3.549440591357238,3.3863558355178476e-05
62.28,2.525113125426321,0.7062735915620029,3.5478395702825356,3.34927539390856e-05
62.29,2.52632433434065,0.7008645998773022,3.5462318282777647,3.312612086862036e-05
62.300000000000004,2.5274918269395723,0.6954816504399758,3.5446177277345456,3.276366793621235e-05
62.31,2.5286157073978672,0.6901247560633209,3.542997630369659,3.240540281204351e-05
62.32,2.5296960836336333,0.6847939262885788,3.541371897156942,3.205133207198602e-05
62.33,2.5307330672344435,0.6794891673892597,3.539740888260345,3.170146122542691e-05
62.34,2.531726773383235,0.6742104823760947,3.538104962968154,3.1355794742972015e-05
62.35,2.53267732078397,0.6689578710026118,3.5364644796283793,3.101433608400594e-05
62.36,2.53358483158709,0.6637313297713335,3.5348197955853196,3.06770877240922e-05
62.370000000000005,2.5344494313148034,0.6585308519405919,3.5331712671172966,3.0344051182208976e-05
62.38,2.5352712487862306,0.6533564275319592,3.531519249375568,3.0015227047798592e-05
62.39,2.536050416042438,0.648208043338289,3.529864096324414,2.9690615007619777e-05
62.4,2.5367870682713916,0.6430856829323642,3.5282061606824033,2.9370213872390872e-05
62.410000000000004,2.5374813437328543,0.6379893266761486,3.5265457938648335,2.905402160321503e-05
62.42,2.538133383683263,0.632918951730636,3.5248833459273468,2.8742035337769986e-05
62.43,2.5387433323006072,0.6278745320662936,3.5232191655107203,2.8434251416258454e-05
62.440000000000005,2.539311336609337,0.6228560384740947,3.521553599786826,2.8130665407104616e-05
62.45,2.5398375464053315,0.6178634385771334,3.5198869944057596,2.7831272132388457e-05
62.46,2.540322114180952,0.61289669684282,3.518219693444135,2.7536065693009126e-05
62.47,2.540765195050204,0.6079557745956466,3.5165520393545404,2.7245039493570517e-05
62.480000000000004,2.5411669466740374,0.6030406300305216,3.514884372916147,2.6958186266975583e-05
62.49,2.541527529185807,0.5981512182266631,3.513217033186477,2.6675498098727355e-05
62.5,2.54184710511692,0.5932874911620486,3.5115503574543103,2.639696645092972e-05
62.51,2.542125839322692,0.5884493977284112,3.509884681193737,2.6122582185976008e-05
62.52,2.5423638989084414,0.5836368837467777,3.508220338019342,2.5852335589922746e-05
62.53,2.5425614531558334,0.578849891983541,3.5065576596425188,2.558621639554511e-05
62.54,2.54271867344951,0.5740883621670596,3.5048969758289017,2.532421380506141e-05
62.550000000000004,2.5428357332040177,0.5693522310047775,3.503238614356915,2.506631651253174e-05
62.56,2.542912807791059,0.5646414322008559,3.5015829009774233,2.481251272591976e-05
62.57,2.542950074467089,0.5599558964743105,3.499930159374481,2.456279018881116e-05
62.58,2.5429477123012743,0.5552955515776449,3.4982807111271725,2.4317136201792033e-05
62.59,2.542905902103836,0.550660322315974,3.496634875672528,2.4075537643478968e-05
62.6,2.5428248263547983,0.5460501305666274,3.494992970269515,2.383798099120318e-05
62.61,2.5427046691331587,0.5414648952992264,3.4933553099640853,2.360445234133517e-05
62.620000000000005,2.542545616046496,0.5369045325962236,3.4917222075552807,2.3374937429261553e-05
62.63,2.542347854161041,0.5323689556738997,3.4900939735623733,2.3149421649003444e-05
62.64,2.542111571932217,0.5278580749038059,3.488470916193042,2.292789007247255e-05
62.65,2.541836959135679,0.5233717978346445,3.486853341312568,2.2710327468373064e-05
62.660000000000004,2.5415242067988553,0.5189100292145793,3.485241552414042,2.249671832074116e-05
62.67,2.5411735071330153,0.5144726710139649,3.4836358505895686,2.2287046847123354e-05
62.68,2.5407850534658762,0.5100596224484871,3.4820365345024618,2.2081297016393384e-05
62.690000000000005,2.5403590401747627,0.5056707800027054,3.4804439003604144,2.187945256620766e-05
62.7,2.5398956626203324,0.5013060374539864,3.4788582418896357,2.1681497020098073e-05
62.71,2.5393951170808835,0.49696528589682126,3.477279850309942,2.1487413704203517e-05
62.72,2.5388576006872565,0.49264841376751545,3.4757090143107887,2.1297185763644335e-05
62.730000000000004,2.5382833113583394,0.48835530686924233,3.4741460200282344,2.1110796178532052e-05
62.74,2.537672447737193,0.4840858483974509,3.4725911510228213,2.09282277796229e-05
62.75,2.537025209127804,0.4798399189656176,3.4710446882583628,2.0749463263615183e-05
62.76,2.5363417954324796,0.47561739663133296,3.4695069100816243,2.0574485208089605e-05
62.77,2.535622407089892,0.47141815692271255,3.467978092202885,2.0403276086094207e-05
62.78,2.534867245013782,0.46724207286512365,3.4664585076773697,2.0235818280379188e-05
62.79,2.5340765105323326,0.4630890150082165,3.464948426887536,2.0072094097281847e-05
62.800000000000004,2.5332504053282254,0.4589588514532511,3.4634481175262044,1.9912085780261246e-05
62.81,2.532389131379377,0.45485144788070997,3.4619578445805197,1.9755775523090336e-05
62.82,2.5314928909003767,0.45076666757818573,3.460477870316731,1.960314548270407e-05
62.83,2.5305618862846235,0.44670437146853537,3.459008454265776,1.9454177791705658e-05
62.84,2.5295963200471743,0.4426644181382901,3.4575498532096574,1.930885457054044e-05
62.85,2.5285963947683063,0.4386466638663117,3.456102321168598,1.916715793933097e-05
62.86,2.5275623130378055,0.43465096265268505,3.4546661093889637,1.9029070029380834e-05
62.870000000000005,2.52649427739998,0.4306771662478379,3.4532414663319373,1.8894572994357364e-05
62.88,2.525392490299407,0.42672512418187725,3.4518286376629335,1.8763649021141538e-05
62.89,2.5242571540274215,0.4227946837941333,3.45042786624174,1.863628034036022e-05
62.9,2.523088470669344,0.4188856902629014,3.449039392113374,1.851244923660402e-05
62.910000000000004,2.5218866420524573,0.4149979866353719,3.447663452499637,1.8392138058325933e-05
62.92,2.520651869694734,0.41113141385773944,3.446300281791357,1.8275329227434893e-05
62.93,2.5193843547543158,0.4072858108054809,3.444950111541308,1.816200524857857e-05
62.940000000000005,2.518084297979753,0.40346101431379416,3.4436131704577893,1.805214871812631e-05
62.95,2.5167518996610005,0.3996568592081875,3.442289684398848,1.7945742332856472e-05
62.96,2.515387359581178,0.39587317833521035,3.4409798763671438,1.7842768898341037e-05
62.97,2.5139908769690913,0.3921098025933174,3.4396839665054313,1.7743211337046563e-05
62.980000000000004,2.512562650452519,0.3883665609638559,3.4384021720926516,1.7647052696147256e-05
62.99,2.511102878012268,0.3846432805421682,3.4371347075406185,1.7554276155052864e-05
63.0,2.5096117569369927,0.38093978656879995,3.4358817843912894,1.746486503266358e-05
63.01,2.5080894837787824,0.3772559024608065,3.4346436113146033,1.737880279434355e-05
63.02,2.5065362543095184,0.3735914498431475,3.433420394106877,1.729607305862798e-05
63.03,2.5049522634779966,0.3699462485801628,3.432212335689743,1.721665960366826e-05
63.04,2.5033377053678176,0.36632011680711996,3.43101963610962,1.714054637340695e-05
63.050000000000004,2.501692773156045,0.36271287096182686,3.429842492537699,1.7067717483500253e-05
63.06,2.500017659072628,0.35912432581629955,3.4286810992704346,1.6998157226987908e-05
63.07,2.498312554360588,0.35555429450847914,3.4275356477305294,1.6931850079708185e-05
63.08,2.4965776492369693,0.3520025885739889,3.4264063264683973,1.686878070547317e-05
63.09,2.4948131328545515,0.3484690179779247,3.425293321164091,1.6808933961001513e-05
63.1,2.4930191932643195,0.3449533911466705,3.4241968146296857,1.6752294900608648e-05
63.11,2.4911960173786922,0.34145551499973303,3.4231169868121056,1.6698848780672935e-05
63.120000000000005,2.489343790935505,0.33797519498158674,3.4220540147963727,1.6648581063863333e-05
63.13,2.4874626984627457,0.3345122350935236,3.421008072809279,1.6601477423146328e-05
63.14,2.4855529232440388,0.33106643792550017,3.4199793322234577,1.65575237455739e-05
63.15,2.483614647284876,0.3276376046879749,3.4189679615618473,1.6516706135848947e-05
63.160000000000004,2.481648051279591,0.3242255352437307,3.417974126502534,1.647901091967893e-05
63.17,2.479653314579072,0.32083002813967443,3.4169979898839618,1.6444424646916874e-05
63.18,2.4776306151592133,0.31745088063860877,3.416039711710497,1.641293409450378e-05
63.190000000000005,2.4755801295900963,0.3140878887509696,3.4150994491583324,1.638452626919821e-05
63.2,2.4735020330059023,0.31074084726652357,3.4141773565817264,1.6359188410113358e-05
63.21,2.471396499075546,0.3074095497860196,3.4132735855195553,1.633690799105746e-05
63.22,2.4692636999740336,0.30409378875278953,3.4123882847021765,1.631767272267564e-05
63.230000000000004,2.4671038063545336,0.3007933554842922,3.411521600058583,1.6301470554413975e-05
63.24,2.4649169873211614,0.2975080402035957,3.410673674723841,1.628828967628893e-05
63.25,2.4627034104024697,0.2942376320707935,3.4098446490468,1.6278118520477425e-05
63.26,2.460463241525642,0.29098191921434846,3.40903466059806,1.627094576272758e-05
63.27,2.4581966449913835,0.2877406887623617,3.4082438441781884,1.6266760323589305e-05
63.28,2.455903783449506,0.2845137268737603,3.4074723318261713,1.6265551369479653e-05
63.29,2.4535848178751976,0.28130081876940094,3.40672025282809,1.6267308313570863e-05
63.300000000000004,2.4512399075459794,0.2781017487630842,3.405987733726011,1.627202081651079e-05
63.31,2.448869210019336,0.2749163002924766,3.4052748983270797,1.6279678786983477e-05
63.32,2.44647288111102,0.27174425594993606,3.4045818677127997,1.6290272382101047e-05
63.33,2.4440510748740256,0.2685853975132373,3.4039087602484983,1.6303792007636764e-05
63.34,2.4416039435782206,0.265439505976194,3.4032556915929564,1.632022831810696e-05
63.35,2.439131637690637,0.2623063615791742,3.4026227747081967,1.6339572216690312e-05
63.36,2.4366343058564124,0.2591857438395063,3.40201011986942,1.6361814854995184e-05
63.370000000000005,2.434112094880377,0.25607743158177243,3.401417834675075,1.638694763267882e-05
63.38,2.431565149709282,0.2529812029679864,3.4008460240570564,1.6414962196917963e-05
63.39,2.4289936134146575,0.2498968355276542,3.400294790291013,1.6445850441732013e-05
63.4,2.426397627176307,0.24682410618771447,3.399764233006765,1.647960450715685e-05
63.410000000000004,2.42377733026642,0.2437627913023561,3.3992544491988097,1.6516216778279852e-05
63.42,2.421132860034304,0.24071266668271205,3.3987655332369147,1.6555679884137406e-05
63.43,2.4184643518917284,0.23767350762642667,3.3982975768767782,1.6597986696464805e-05
63.440000000000005,2.415771939298877,0.23464508894709507,3.3978506692707575,1.6643130328310006e-05
63.45,2.413055753750897,0.23162718500357313,3.3974248969786442,1.6691104132511956e-05
63.46,2.4103159247650514,0.22861956972915645,3.3970203439784856,1.6741901700043382e-05
63.47,2.4075525798684505,0.22562201666062728,3.3966370916774364,1.679551685821928e-05
63.480000000000004,2.404765844586378,0.22263429896716813,3.3962752189226317,1.6851943668767045e-05
63.49,2.4019558424311898,0.21965618947914137,3.395934802012073,1.6911176425774297e-05
63.5,2.399122694891787,0.21668746071673367,3.395615914705518,1.6973209653496276e-05
63.51,2.3962665214236583,0.21372788491846506,3.395318628235359,1.7038038104034995e-05
63.52,2.3933874394394827,0.21077723406956175,3.3950430113174903,1.7105656754893192e-05
63.53,2.39048556430029,0.2078352799301926,3.394789130162145,1.7176060806391185e-05
63.54,2.387561009307173,0.20490179406356893,3.3945570484846956,1.724924567896376e-05
63.550000000000004,2.384613885693544,0.20197654786390748,3.394346827516414,1.7325207010327894e-05
63.56,2.3816443026179335,0.1990593125842569,3.3941585260151723,1.7403940652512834e-05
63.57,2.378652367157324,0.19614985936418758,3.3939922002760827,1.7485442668778027e-05
63.58,2.3756381843010126,0.19324795925734534,3.393847904142064,1.7569709330394644e-05
63.59,2.372601856945002,0.19035338325886939,3.3937256890143264,1.7656737113302262e-05
63.6,2.3695434858869064,0.1874659023326752,3.3936256038627675,1.774652269464398e-05
63.61,2.366463169821376,0.18458528743860284,3.393547695236266,1.7839062949166333e-05
63.620000000000005,2.36336100533603,0.18171130955943146,3.393492007272871,1.793435494550382e-05
63.63,2.3602370869078935,0.17884373972776138,3.3934585817098704,1.803239594232539e-05
63.64,2.3570915069003364,0.17598234905276405,3.3934474578937386,1.8133183384362407e-05
63.65,2.3539243555605056,0.17312690874680167,3.3934586727899485,1.8236714898312196e-05
63.660000000000004,2.350735721017248,0.17027719015191733,3.393492260992641,1.834298828860478e-05
63.67,2.3475256892795193,0.16743296476619718,3.3935482547341453,1.8452001533047956e-05
63.68,2.3442943442352755,0.16459400427000595,3.393626683894341,1.8563752778348552e-05
63.690000000000005,2.3410417676508373,0.16176008055209748,3.3937275760098538,1.867824033549944e-05
63.7,2.3377680391707307,0.1589309657356018,3.393850956283076,1.879546267503959e-05
63.71,2.3344732363179928,0.1561064322038906,3.393996847591005,1.89154184221894e-05
63.72,2.3311574344949415,0.15328625262632253,3.3941652704938936,1.903810635185161e-05
63.730000000000004,2.3278207069844052,0.15047019998387093,3.3943562432437004,1.916352538348078e-05
63.74,2.324463124951408,0.14765804759463502,3.394569781792336,1.9291674575826105e-05
63.75,2.3210847574453046,0.1448495691392374,3.394805899799695,1.9422553121546017e-05
63.76,2.317685671402363,0.14204453868610956,3.3950646086414724,1.9556160341682003e-05
63.77,2.3142659316487912,0.13924273071666754,3.3953459174167464,1.9692495680003598e-05
63.78,2.3108256009042027,0.13644392015038032,3.395649832955331,1.983155869722074e-05
63.79,2.3073647397855184,0.1336478823697328,3.395976359824886,1.9973349065063404e-05
63.800000000000004,2.303883406811299,0.1308543932450862,3.3963255003377775,2.0117866560220594e-05
63.81,2.3003816584065104,0.12806322915943782,3.396697254557685,2.026511105814829e-05
63.82,2.2968595489077077,0.1252741670330831,3.397091620305943,2.041508252673983e-05
63.83,2.293317130568648,0.1224869843481821,3.3975085931676183,2.0567781019857283e-05
63.84,2.289754453566317,0.11970145917323316,3.3979481664973075,2.0723206670725792e-05
63.85,2.2861715660073734,0.11691737018745645,3.3984103314246554,2.0881359685188754e-05
63.86,2.2825685139350056,0.11413449670508972,3.398895076859585,2.104224033482325e-05
63.870000000000005,2.278945341336197,0.11135261869959928,3.399402389497232,2.120584894991021e-05
63.88,2.2753020901493985,0.10857151682780862,3.3999322538225814,2.137218591227498e-05
63.89,2.271638800272605,0.10579097245394765,3.4004846521147947,2.154125164797713e-05
63.9,2.2679555095718307,0.10301076767362514,3.4010595644512276,2.1713046619851866e-05
63.910000000000004,2.264252253889987,0.10023068533772715,3.4016569687111273,2.1887571319922387e-05
63.92,2.260529067056152,0.09745050907624436,3.4022768405790087,2.2064826261657873e-05
63.93,2.256785980895236,0.09467002332203102,3.4029191535477,2.2244811972086348e-05
63.940000000000005,2.2530230252380363,0.09188901333449825,3.4035838789210557,2.2427528983774848e-05
63.95,2.249240227931682,0.08910726522324469,3.404270985816327,2.2612977826644707e-05
63.96,2.2454376148504647,0.08632456597162713,3.4049804411661904,2.2801159019653776e-05
63.97,2.2416152099070534,0.0835407034602741,3.405712209720424,2.2992073062332222e-05
63.980000000000004,2.2377730350640923,0.08075546649054516,3.4064662540472335,2.318572042616249e-05
63.99,2.233911110346178,0.07796864480793858,3.407242534534214,2.338210154582497e-05
64.0,2.230029453852215,0.07518002912545046,3.4080410093889504,2.358121681028181e-05
64.01,2.22612808176815,0.07238941114688784,3.40886163463925,2.378306655372303e-05
64.02,2.222207008380079,0.06959658359013861,3.409704364133001,2.3987651046366106e-05
64.03,2.218266246087727,0.06680134021040106,3.4105691495376567,2.4194970485101572e-05
64.04,2.2143058054183022,0.06400347582337558,3.4114559403393345,2.4405024983998002e-05
64.05,2.210325695040718,0.061202786328421424,3.412364683841536,2.461781456465555e-05
64.06,2.206325921780184,0.058399068731680936,3.413295325163474,2.4833339146419845e-05
64.07000000000001,2.202306490633164,0.05559212116917405,3.4142478072380116,2.5051598536441514e-05
64.08,2.1982674047827024,0.0527817429298655,3.415222070809201,2.5272592419592645e-05
64.09,2.1942086656141124,0.04996773447870732,3.4162180544294305,2.549632034824648e-05
64.1,2.190130272731029,0.047149897479659086,3.417235694456162,2.57227817319074e-05
64.11,2.1860322239718233,0.04432803481868836,3.4182749250482716,2.595197582669899e-05
64.12,2.1819145154263815,0.04150195062675365,3.4193356781619766,2.6183901724711945e-05
64.13,2.1777771414532396,0.038671450302772234,3.420417883546358,2.6418558343212973e-05
64.14,2.173620094697081,0.035836340536575084,3.4215214687384656,2.6655944413720003e-05
64.15,2.1694433661065893,0.032996429331851124,3.4226463590580134,2.6896058470931965e-05
64.16,2.1652469449526626,0.030151526029082838,3.423792477601654,2.7138898841525698e-05
64.17,2.1610308188469816,0.027301441328475406,3.424959745236838,2.7384463632830604e-05
64.18,2.156794973760934,0.024445987312881223,3.4261480805952504,2.763275072136774e-05
64.19,2.1525393940448954,0.021584977470721783,3.4273574000658287,2.7883757741255952e-05
64.2,2.148264062447862,0.018718226718908687,3.4285876177873544,2.8137482072498692e-05
64.21000000000001,2.1439689601374416,0.015845551425765537,3.429838645640624,2.839392082915446e-05
64.22,2.1396540667201913,0.012966769433952332,3.43111039324019,2.865307084737673e-05
64.23,2.135319360262314,0.010081700083393952,3.432402767925684,2.891492867334478e-05
64.24,2.1309648173107036,0.0071901642342141504,3.4337156747527056,2.9179490551087482e-05
64.25,2.1265904129143403,0.0042919842896764334,3.435049016483289,2.9446752410194247e-05
64.26,2.122196120646039,0.0013869842191330918,3.436402693575945,2.9716709853417578e-05
64.27,2.1177819126245483,-0.0015250104190164785,3.4377766041752698,2.998935814418853e-05
64.28,2.1133477595369943,-0.004444172454357102,3.4391706441011363,3.026469219402915e-05
64.29,2.10889363066168,-0.007370673081477857,3.4405847068374547,3.054270654987354e-05
64.3,2.1044194938912275,-0.010304681836980002,3.4420186835205095,3.082339538131221e-05
64.31,2.0999253157560718,-0.01324636657647207,3.443472462926874,3.110675246774699e-05
64.32000000000001,2.0954110614483,-0.016195893451551535,3.444945931460903,3.1392771185488746e-05
64.33,2.090876694845837,-0.019153426886772608,3.446438973141805,3.168144449476722e-05
64.34,2.086322178536979,-0.022119129556599768,3.447951469590293,3.197276492669299e-05
64.35,2.08174747384527,-0.025093162362346842,3.449483300014824,3.226672457017043e-05
64.36,2.0771525408547262,-0.02807568440910154,3.45103434119742,3.256331505874307e-05
64.37,2.0725373384354016,-0.03106685298263547,3.4526044674790803,3.286252755742129e-05
64.38,2.067901824269298,-0.034066823526299805,3.4541935507447827,3.31643527494612e-05
64.39,2.0632459548766207,-0.03707574961790696,3.4558014604080816,3.346878082313263e-05
64.4,2.058569685642369,-0.04009378294659865,3.4574280633953034,3.377580145846131e-05
64.41,2.053872970843276,-0.043121073289700995,3.4590732241293427,3.408540381396364e-05
64.42,2.049155763675083,-0.046157768489567395,3.4607368045130658,3.439757651339196e-05
64.43,2.044418016280155,-0.04920401443041001,3.4624186639123233,3.471230763248382e-05
64.44,2.0396596797754336,-0.05225995501512095,3.4641186591385793,3.502958468573285e-05
64.45,2.03488070428073,-0.0553257321420843,3.4658366444311577,3.534939461319215e-05
64.46000000000001,2.030081038947349,-0.05840148568198032,3.4675724714391167,3.567172376732102e-05
64.47,2.025260631987052,-0.061487353454583414,3.4693259892027513,3.599655789987533e-05
64.48,2.0204194307013514,-0.06458347120555528,3.471097044134733,3.6323882148880105e-05
64.49,2.0155573815111376,-0.06768997258323532,3.4728854800008953,3.665368102565773e-05
64.5,2.0106744299866364,-0.07080698911543006,3.4746911379006638,3.6985938401945226e-05
64.51,2.005770520877696,-0.07393465018620378,3.4765138562471463,3.7320637497126514e-05
64.52,2.000845598144401,-0.07707308301267271,3.4783534707468844,3.765776086556819e-05
64.53,1.9958996049880111,-0.08022241262180503,3.480209814379279,3.799729038407657e-05
64.54,1.9909324838822244,-0.08338276182722953,3.4820827173756914,3.8339207239500524e-05
64.55,1.9859441766047625,-0.08655425120605553,3.4839720071982354,3.8683491916484376e-05
64.56,1.9809346242692745,-0.08973699907570702,3.4858775085182634,3.903012418538913e-05
64.57000000000001,1.9759037673575581,-0.0929311214707742,3.487799043194559,3.937908309040086e-05
64.58,1.970851545752096,-0.09613673211988563,3.4897364302512437,3.973034693782759e-05
64.59,1.9657778987689047,-0.09935394242260437,3.4916894858554093,4.008389328461802e-05
64.6,1.9606827651906917,-0.10258286142635183,3.4936580232944845,4.04396989271072e-05
64.61,1.955566083300321,-0.105823595803363,3.495641852953347,4.079773988999909e-05
64.62,1.9504277909145817,-0.10907624982767704,3.497640782291192,4.115799141562522e-05
64.63,1.9452678254182572,-0.11234092535216726,3.499654615818169,4.15204279534757e-05
64.64,1.9400861237984912,-0.11561772178561483,3.5016831550717984,4.1885023150022246e-05
64.65,1.9348826226794495,-0.1189067360698305,3.5037261985931805,4.2251749838865627e-05
64.66,1.9296572583572695,-0.12220806265682918,3.505783541903008,4.262058003120886e-05
64.67,1.9244099668352979,-0.12552179348606177,3.5078549774773973,4.299148490668209e-05
64.68,1.9191406838596095,-0.1288480179617094,3.5099402947235503,4.3364434804539914e-05
64.69,1.9138493449548057,-0.13218682293004505,3.512039279955262,4.373939921524608e-05
64.7,1.9085358854600858,-0.13553829265686781,3.5141517163682883,4.411634677246759e-05
64.71000000000001,1.903200240565587,-0.13890250880501495,3.5162773840155848,4.449524524549538e-05
64.72,1.8978423453489903,-0.14227955041195756,3.5184160597824397,4.48760615321157e-05
64.73,1.8924621348123845,-0.14566949386748537,3.520567517361508,4.5258761651950656e-05
64.74,1.887059543919385,-0.1490724128914864,3.5227315272277706,4.5643310740284385e-05
64.75,1.8816345076325012,-0.15248837851182753,3.5249078566134266,4.6029673042399376e-05
64.76,1.876186960950748,-0.155917459042342,3.5270962694827452,4.641781190845266e-05
64.77,1.8707168389474922,-0.15935972006093013,3.5292965265068865,4.680768978889185e-05
64.78,1.8652240768085329,-0.1628152243877795,3.5315083850387134,4.719926823045462e-05
64.79,1.8597086098704043,-0.16628403206371117,3.5337315990876137,4.7592507872759873e-05
64.8,1.854170373658899,-0.16976620032865838,3.535965919294346,4.798736844551246e-05
64.81,1.848609303927801,-0.17326178360028457,3.5382110929059363,4.8383808766355144e-05
64.82000000000001,1.8430253366978242,-0.17677083345274752,3.5404668637506362,4.8781786739377224e-05
64.83,1.8374184082957468,-0.18029339859561638,3.5427329722129723,4.918125935430552e-05
64.84,1.8317884553937371,-0.18382952485294873,3.545009155208899,4.958218268639815e-05
64.85,1.82613541504886,-0.18737925514253478,3.54729514616108,4.998451189707659e-05
64.86,1.8204592247427567,-0.19094262945531587,3.5495906749743233,5.0388201235291315e-05
64.87,1.8147598224214916,-0.1945196848349844,3.5518954680111805,5.079320403966679e-05
64.88,1.8090371465355546,-0.19811045535777289,3.5542092480677465,5.1199472741443284e-05
64.89,1.8032911360800121,-0.20171497211243897,3.5565317343496727,5.160695886822909e-05
64.9,1.797521730634797,-0.20533326318045447,3.5588626424484224,5.201561304858605e-05
64.91,1.7917288704051284,-0.2089653536164055,3.561201684317787,5.2425385017476634e-05
64.92,1.7859124962620514,-0.21261126542861142,3.5635485682506935,5.2836223622595824e-05
64.93,1.780072549783087,-0.21627101755997014,3.5659029988563233,5.3248076831592896e-05
64.94,1.774208973292982,-0.2199446258690373,3.568264677037568,5.36608917402167e-05
64.95,1.7683217099045498,-0.223632103111347,3.570633299968849,5.407461458140725e-05
64.96000000000001,1.762410703559588,-0.22733345892098186,3.573008561074325,5.44891907353449e-05
64.97,1.756475899069866,-0.23104869979239928,3.5753901500065175,5.49045647404779e-05
64.98,1.750517242158169,-0.23477782906252265,3.5777777526253747,5.532068030555473e-05
64.99,1.744534679499387,-0.23852084689310388,3.5801710509778055,5.5737480322664284e-05
65.0,1.7385281587616388,-0.24227775025336554,3.5825697232777105,5.61549068813254e-05
65.01,1.7324976286474159,-0.2460485329029297,3.584973443886537,5.6572901283620916e-05
65.02,1.7264430389347378,-0.24983318537504084,3.5873818832943853,5.699140406039514e-05
65.03,1.720364340518304,-0.25363169496009047,3.589794708101696,5.7410354988554286e-05
65.04,1.714261485450629,-0.2574440456894502,3.592211581001547,5.782969310945043e-05
65.05,1.7081344269831509,-0.26127021831962055,3.59463216076259,5.82493567483891e-05
65.06,1.7019831196072959,-0.26511019031670313,3.597056102212654,5.8669283535266375e-05
65.07000000000001,1.6958075190954893,-0.2689639358412017,3.5994830562230478,5.908941042633683e-05
65.08,1.6896075825420964,-0.27283142573316027,3.6019126696935886,5.950967372714242e-05
65.09,1.6833832684042807,-0.2767126274976439,3.604344585538392,5.9930009116603154e-05
65.1,1.677134536542765,-0.28060750529056916,3.6067784426724505,6.0350351672275146e-05
65.11,1.6708613482624812,-0.2845160199048899,3.6092138759990275,6.0770635896789614e-05
65.12,1.6645636663530934,-0.28843812875714514,3.611650516397908,6.11907957454878e-05
65.13,1.6582414551293798,-0.29237378587437424,3.6140879907145287,6.161076465523617e-05
65.14,1.6518946804714603,-0.2963229418814053,3.616525921750022,6.203047557444324e-05
65.15,1.6455233098648503,-0.30028554398852203,3.6189639282522044,6.244986099428021e-05
65.16,1.6391273124403303,-0.30426153597951444,3.6214016249075436,6.286885298110046e-05
65.17,1.6327066590136114,-0.3082508582001177,3.6238386223341332,6.328738321006698e-05
65.18,1.626261322124784,-0.3122534475468446,3.626274527075709,6.37053829999702e-05
65.19,1.6197912760775317,-0.3162692374562147,3.6287089415967375,6.412278334925342e-05
65.2,1.613296496978096,-0.3202981578943854,3.631141464278611,6.453951497322972e-05
65.21000000000001,1.606776962773974,-0.3243401353471877,3.6335716894169776,6.495550834248012e-05
65.22,1.600232653292334,-0.32839509281057006,3.6359992072202423,6.537069372244397e-05
65.23,1.5936635502781318,-0.3324629497814539,3.6384236038092705,6.578500121417115e-05
65.24,1.5870696374319104,-0.3365436222490026,3.640844461218323,6.61983607962305e-05
65.25,1.5804509004472693,-0.3406370226863064,3.6432613573972583,6.661070236777245e-05
65.26,1.5738073270479822,-0.34474306004248556,3.6456738662150325,6.70219557927181e-05
65.27,1.5671389070247497,-0.348861639735212,3.648081557464529,6.743205094505594e-05
65.28,1.560445632271569,-0.3529926636436517,3.650483996868749,6.784091775523821e-05
65.29,1.553727496821703,-0.3571360301018275,3.6528807460883934,6.824848625765818e-05
65.3,1.5469844968832318,-0.36129163389240226,3.655271362730874,6.865468663916471e-05
65.31,1.540216630874171,-0.36545936624088327,3.6576554003607744,6.90594492886016e-05
65.32000000000001,1.5334238994571372,-0.36963911481024514,3.660032408511798,6.946270484735929e-05
65.33,1.526606305573546,-0.3738307636959714,3.6624019327002353,6.986438426088053e-05
65.34,1.5197638544773235,-0.378034193421512,3.6647635144399757,7.02644188311058e-05
65.35,1.5128965537681158,-0.38224928093415494,3.6671166912590945,7.066274026983314e-05
65.36,1.5060044134239776,-0.38647589960130857,3.6694609967180494,7.105928075292938e-05
65.37,1.499087445833525,-0.3907139192071917,3.671795960429508,7.145397297538075e-05
65.38,1.492145665827534,-0.3949632059499269,3.6741211080798406,7.184675020713622e-05
65.39,1.485179090709968,-0.39922362243903325,3.6764359614523046,7.22375463496858e-05
65.4,1.4781877402884187,-0.40349502769331264,3.6787400384519446,7.262629599335184e-05
65.41,1.4711716369039427,-0.4077772771391243,3.6810328531322427,7.301293447523802e-05
65.42,1.464130805460277,-0.4120702226090419,3.683313915723536,7.339739793777629e-05
65.43,1.4570652734524185,-0.41637371234088516,3.685582732663234,7.377962338783564e-05
65.44,1.4499750709945496,-0.42068759097711966,3.6878388066278576,7.41595487563394e-05
65.45,1.4428602308472949,-0.4250116995646165,3.690081636566924,7.453711295832301e-05
65.46000000000001,1.4357207884442935,-0.42934587555476306,3.6923107177387027,7.49122559533862e-05
65.47,1.4285567819180696,-0.4336899528039158,3.694525541747863,7.528491880647649e-05
65.48,1.421368252125188,-0.43804376157418545,3.696725596585036,7.565504374895096e-05
65.49,1.414155242670678,-0.442407128534544,3.6989103666683123,7.60225742398361e-05
65.5,1.4069177999317113,-0.44677987676224257,3.701079332886695,7.63874550272273e-05
65.51,1.3996559730805194,-0.4511618257445288,3.7032319726455265,7.674963220978693e-05
65.52,1.3923698141065353,-0.45555279138065113,3.705367759913909,7.710905329822777e-05
65.53,1.3850593778377471,-0.45995258598413796,3.7074861652741338,7.746566727673878e-05
65.54,1.377724721961248,-0.46436101828533727,3.7095866559731365,7.781942466428572e-05
65.55,1.3703659070429708,-0.4687778934342039,3.7116686959759946,7.817027757569723e-05
65.56,1.362982996546592,-0.47320301300331946,3.7137317460214767,7.851817978247392e-05
65.57000000000001,1.3555760568515958,-0.47763617499112954,3.715775263679663,7.886308677323606e-05
65.58,1.348145157270482,-0.4820771738253834,3.717798703411641,7.920495581373289e-05
65.59,1.3406903700651096,-0.48652580036675924,3.7198015166312945,7.9543746006348e-05
65.6,1.3332117704621622,-0.4909818419126589,3.7217831517691873,7.987941834900558e-05
65.61,1.3257094366677245,-0.4954450822011546,3.7237430543385552,8.021193579340226e-05
65.62,1.31818344988096,-0.49991530141506985,3.725680667003411,8.054126330249388e-05
65.63,1.3106338943068796,-0.5043922761861773,3.727595429648766,8.086736790713919e-05
65.64,1.303060857168191,-0.5088757795994937,3.729486779452975,8.119021876181968e-05
65.65,1.29546442871622,-0.5133655811976536,3.7313541509622032,8.150978719937254e-05
65.66,1.287844702240895,-0.5178614469853426,3.7331969761670196,8.182604678463416e-05
65.67,1.280201774079786,-0.5223631394337698,3.7350146845811136,8.213897336691262e-05
65.68,1.2725357436261915,-0.526870417485159,3.736806703322136,8.24485451312199e-05
65.69,1.2648467133362649,-0.5313830365572394,3.7385724571946573,8.275474264816417e-05
65.7,1.2571347887351745,-0.5359007485477142,3.740311368775238,8.305754892243375e-05
65.71000000000001,1.2494000784222907,-0.5404233018386845,3.7420228584996114,8.33569494397792e-05
65.72,1.2416426940753957,-0.5449504413010101,3.7437063447519594,8.365293221242451e-05
65.73,1.2338627504539088,-0.5494819082985835,3.7453612439562822,8.394548782281946e-05
65.74,1.2260603654011253,-0.5540174406924956,3.746986970669843,8.423460946564762e-05
65.75,1.2182356598454638,-0.558556772845072,3.748582937678678,8.452029298803143e-05
65.76,1.2103887578007184,-0.5630996356237571,3.7501485560951577,8.480253692783549e-05
65.77,1.2025197863653152,-0.5676457564048241,3.7516832354575795,8.508134255001301e-05
65.78,1.1946288757205674,-0.5721948590768892,3.7531863838317787,8.535671388090984e-05
65.79,1.186716159127932,-0.5767466640442075,3.7546574079147335,8.562865774044861e-05
65.8,1.178781772925264,-0.5813008882297288,3.756095713140145,8.589718377214356e-05
65.81,1.1708258565220697,-0.585857245077891,3.757500703785969,8.616230447085998e-05
65.82000000000001,1.1628485523937582,-0.5904154445571298,3.7588717830838734,8.642403520826733e-05
65.83,1.1548500060748939,-0.5949751931620827,3.760208353330597,8.668239425591614e-05
65.84,1.14683036615145,-0.5995361939154668,3.7615098160011797,8.693740280587523e-05
65.85,1.1387897842520673,-0.6040981463696081,3.7627755718640317,8.718908498888971e-05
65.86,1.130728415038318,-0.6086607466076029,3.764005021097818,8.743746788998724e-05
65.87,1.122646416193982,-0.6132236872440897,3.765197563410116,8.768258156149508e-05
65.88,1.1145439484133381,-0.6177866574256132,3.7663525981578143,8.792445903341617e-05
65.89,1.1064211753884745,-0.6223493428305602,3.767469524469219,8.816313632112e-05
65.9,1.0982782637956245,-0.6269114256686484,3.768547741367824,8.839865243032929e-05
65.91,1.0901153832805341,-0.6314725846799516,3.7695866478977087,8.863104935932751e-05
65.92,1.0819327064428683,-0.636032495133441,3.77058564325052,8.886037209838491e-05
65.93,1.0737304088196629,-0.640590828825029,3.7715441268939935,8.908666862638739e-05
65.94,1.0655086688678295,-0.6451472540750978,3.772461498701974,8.930998990461586e-05
65.95,1.0572676679457238,-0.6497014357254971,3.7733371590858806,8.953038986766268e-05
65.96000000000001,1.049007590293786,-0.6542530351359993,3.774170509127578,8.974792541149965e-05
65.97,1.0407286230142618,-0.6588017101801964,3.774960950713593,8.99626563786634e-05
65.98,1.0324309560500162,-0.6633471152408278,3.775707886670634,9.017464554055127e-05
65.99,1.0241147821624512,-0.6678889012045274,3.776410720902358,9.038395857685237e-05
66.0,1.0157802969085379,-0.6724267154559805,3.7770688585273273,9.059066405209913e-05
66.01,1.0074276986169766,-0.6769602018714823,3.7776817060181043,9.079483338935928e-05
66.02,0.9990571883634967,-0.6814890008118882,3.7782486713414243,9.099654084107758e-05
66.03,0.9906689699453118,-0.6860127491149535,3.778769164099391,9.119586345709796e-05
66.04,0.9822632498547419,-0.6905310800870539,3.7792425956716302,9.139288104989314e-05
66.05,0.9738402372520183,-0.6950436234942873,3.779668379358346,9.158767615702034e-05
66.06,0.9654001439372873,-0.6995500055529518,3.78004593052421,9.17803340008497e-05
66.07000000000001,0.9569431843218279,-0.704049848919402,3.780374666743027,9.197094244561057e-05
66.08,0.9484695753984986,-0.7085427726792842,3.7806540079431086,9.215959195179998e-05
66.09,0.939979536711433,-0.7130283923361533,3.7808833765532865,9.234637552799717e-05
66.1,0.9314732903249991,-0.7175063197994772,3.7810621976495042,9.253138868015916e-05
66.11,0.9229510607920423,-0.7219761633720343,3.7811898991019137,9.271472935844587e-05
66.12,0.9144130751214288,-0.7264375277367133,3.781265911722411,9.289649790165231e-05
66.13,0.9058595627449105,-0.7308900139427259,3.7812896694125406,9.307679697931378e-05
66.14,0.8972907554833299,-0.7353332193912431,3.781260609311694,9.325573153156594e-05
66.15,0.8887068875121845,-0.7397667378204718,3.7811781719455375,9.343340870684509e-05
66.16,0.8801081953265735,-0.744190159290186,3.78104180137459,9.360993779750937e-05
66.17,0.8714949177055454,-0.7486030701657322,3.7808509453428822,9.378543017347956e-05
66.18,0.8628672956758711,-0.7530050531015294,3.7806050554266224,9.395999921398864e-05
66.19,0.8542255724752611,-0.7573956870240852,3.780303587182792,9.413376023755194e-05
66.2,0.8455699935150535,-0.7617745471145552,3.7799460002976017,9.430683043025042e-05
66.21000000000001,0.8369008063423921,-0.7661412047908701,3.7795317587347252,9.447932877244075e-05
66.22,0.8282182606019217,-0.7704952276894629,3.779060330883243,9.465137596400725e-05
66.23,0.8195226079970224,-0.7748361796466245,3.778531189705214,9.482309434826748e-05
66.24,0.8108141022506081,-0.7791636206795253,3.777943812882802,9.49946078346511e-05
66.25,0.8020929990655156,-0.7834771069669356,3.777297682964882,9.516604182027544e-05
66.26,0.7933595560845075,-0.7877761908296873,3.7765922875130435,9.53375231105393e-05
66.27,0.7846140328499177,-0.7920604207109142,3.775827119246924,9.55091798388651e-05
66.28,0.7758566907629639,-0.7963293411561175,3.7750016761887863,9.56811413857168e-05
66.29,0.7670877930427553,-0.8005824927931011,3.7741154618072725,9.585353829702557e-05
66.3,0.7583076046850227,-0.8048194123118249,3.7731679851602493,9.602650220215324e-05
66.31,0.7495163924205989,-0.8090396324442273,3.7721587610366787,9.620016573153073e-05
66.32000000000001,0.7407144246736783,-0.8132426819440706,3.7710873100974287,9.637466243410483e-05
66.33,0.7319019715198846,-0.8174280855668642,3.7699531590149573,9.655012669472653e-05
66.34,0.7230793046441749,-0.8215953640499238,3.7687558406117883,9.67266936516199e-05
66.35,0.7142466972986127,-0.8257440340926279,3.76749489399771,9.690449911406501e-05
66.36,0.7054044242600371,-0.8298736083369332,3.766169864705621,9.708367948042739e-05
66.37,0.6965527617876625,-0.833983595348216,3.7647803048259467,9.72643716566735e-05
66.38,0.6876919875806367,-0.8380734995965051,3.7633257731395635,9.744671297550448e-05
66.39,0.6788223807355928,-0.8421428214381788,3.761805835249149,9.763084111622536e-05
66.4,0.6699442217042251,-0.846191057098195,3.7602200637088954,9.781689402550541e-05
66.41,0.6610577922509224,-0.8502176986529332,3.7585680381525135,9.800500983913628e-05
66.42,0.6521633754104933,-0.854222234013721,3.7568493454194574,9.819532680490645e-05
66.43,0.6432612554460162,-0.8582041469111271,3.755063579679306,9.838798320674081e-05
66.44,0.6343517178068493,-0.8621629168801009,3.7532103425542354,9.858311729019768e-05
66.45,0.6254350490868358,-0.8660980192460418,3.7512892432395097,9.87808671894413e-05
66.46000000000001,0.6165115369827396,-0.8700089251118835,3.749299898621939,9.898137085580794e-05
66.47,0.6075814702529483,-0.873895101346282,3.74724193339623,9.918476598806142e-05
66.48,0.5986451386764792,-0.8777560105729938,3.7451149801791788,9.939118996444412e-05
66.49,0.5897028330123271,-0.8815911111615381,3.742918679621637,9.960077977660499e-05
66.5,0.5807548449591913,-0.8853998572192342,3.7406526805182025,9.981367196550955e-05
66.51,0.5718014671156195,-0.8891816985847092,3.738316639914569,0.00010003000255940649
66.52,0.562842992940609,-0.8929360808229719,3.7359102232124903,0.00010024990701391362
66.53,0.5538797167147039,-0.896662445222151,3.7334331042722972,0.00010047352015431416
66.54,0.5449119335016294,-0.9003602287919955,3.7308849655129213,0.00010070097612010928
66.55,0.5359399391105031,-0.9040288642642401,3.7282654980093746,0.0001009324083118797
66.56,0.5269640300586665,-0.9076677800949344,3.725574401587638,0.00010116794934051179
66.57000000000001,0.5179845035351764,-0.9112764004688407,3.7228113849169144,0.00010140773097881993
66.58,0.509001657365001,-0.9148541453060036,3.7199761655991974,0.00010165188411559486
66.59,0.5000157899739627,-0.9184004302705963,3.717068470256123,0.00010190053871209355
66.6,0.49102720035447245,-0.9219146667821486,3.7140880346130585,0.00010215382376099104
66.61,0.48203618803209947,-0.9253962620292638,3.7110346035803894,0.00010241186724779187
66.62,0.4730430530330214,-0.9288446189859304,3.7079079313319787,0.0001026747961146868
66.63,0.46404809585240137,-0.9322591364305359,3.7047077813807543,0.0001029427362268534
66.64,0.455051617423737,-0.9356392089676914,3.701433926651401,0.00010321581234116754
66.65,0.4460539190892295,-0.9389842270529724,3.6980861495501243,0.00010349414807727456
66.66,0.43705530257121905,-0.9422935770206856,3.694664242031463,0.00010377786589099535
66.67,0.4280560699447356,-0.9455666411147686,3.691168005662123,0.00010406708705000439
66.68,0.4190565236112123,-0.9488027975229288,3.687597251681815,0.00010436193161170385
66.69,0.41005696627341154,-0.95200142041413,3.6839518010610703,0.00010466251840323048
66.7,0.4010577009116126,-0.9551618799795316,3.6802314845560216,0.00010496896500349548
66.71000000000001,0.392059030761111,-0.9582835424769871,3.676436142760135,0.00010528138772716717
66.72,0.3830612592910799,-0.9613657702792057,3.6725656261528785,0.00010559990161049094
66.73,0.3740646901848445,-0.9644079219256815,3.668619795145315,0.00010592462039883152
66.74,0.36506962732162,-0.9674093521784919,3.6645985201226154,0.00010625565653579419
66.75,0.35607637475976583,-0.9703694120820675,3.6605016814834865,0.00010659312115380499
66.76,0.3470852367216067,-0.9732874490270315,3.6563291696765066,0.00010693712406600435
66.77,0.3380965175798737,-0.9761628068182082,3.6520808852333713,0.00010728777375927985
66.78,0.32911052184581685,-0.9789948257468958,3.6477567387990524,0.00010764517738829697
66.79,0.3201275541590424,-0.981782842667497,3.643356651158868,0.0001080094407703358
66.8,0.31114791927912705,-0.9845261910786011,3.6388805532624775,0.0001083806683807647
66.81,0.3021719220790616,-0.9872242012086043,3.634328386244803,0.00010875896334895111
66.82000000000001,0.2931998675405776,-0.9898762001059583,3.629700101443893,0.00010914442745441592
66.83,0.2842320607514088,-0.9924815117341286,3.6249956604157396,0.00010953716112303041
66.84,0.27526880690454014,-0.9950394570713456,3.6202150349460633,0.0001099372634230352
66.85,0.2663104112994971,-0.9975493542152262,3.6153582070590837,0.00011034483206067783
66.86,0.25735717934572666,-1.0000105184923413,3.6104251690232965,0.00011075996337521947
66.87,0.24840941656812224,-1.0024222625728003,3.6054159233542777,0.00011118275233310924
66.88,0.23946742861474365,-1.004783896589921,3.600330482814539,0.00011161329252108516
66.89,0.23053152126678278,-1.007094728265049,3.595168870410458,0.00011205167613794847
66.9,0.22160200045082504,-1.0093540630375892,3.589931119386316,0.0001124979939847914
66.91,0.21267917225345634,-1.0115612042003008,3.584617273215466,0.00011295233545342858
66.92,0.2037633429382637,-1.0137154530399144,3.57922738558867,0.00011341478851277775
66.93,0.19485481896527743,-1.0158161089831133,3.5737615203996316,0.0001138854396929611
66.94,0.18595390701290143,-1.0178624697479264,3.5682197517277654,0.0001143643740668651
66.95,0.1770609140023771,-1.0198538315005683,3.5626021638182346,0.00011485167522891906
66.96000000000001,0.1681761471248249,-1.021789489017762,3.556908851059299,0.00011534742527085967
66.97,0.1592999138709064,-1.023668735854572,3.551139917957011,0.00011585170475422428
66.98,0.15043252206314814,-1.025490864517772,3.545295479107301,0.00011636459267933721
66.99,0.1415742798909668,-1.027255166644764,3.5393756591654966,0.00011688616645056009
67.0,0.13272549594843333,-1.028960933188063,3.533380592813319,0.00011741650183757498
67.01,0.12388647927481207,-1.0306074546053534,3.5273104247234004,0.00011795567293248303
67.02,0.11505753939790848,-1.03219402105512,3.5211653095213693,0.00011850375210249774
67.03,0.10623898638025703,-1.033719922597846,3.514945411745553,0.0001190608099380131
67.04,0.09743113086817824,-1.0351844494027713,3.508650905804345,0.00011962691519586745
67.05,0.08863428414373159,-1.0365868919601928,3.502281975931284,0.00012020213473761305
67.06,0.07984875817958799,-1.0379265412992826,3.495838816137899,0.00012078653346259737
67.07000000000001,0.07107486569684296,-1.0392026892113984,3.4893216301643672,0.00012138017423569855
67.08,0.062312920225788285,-1.040414628478848,3.482730631428041,0.00012198311780957803
67.09,0.053563236169656976,-1.041561653109067,3.4760660429698897,0.0001225954227412858
67.1,0.04482612887135292,-1.042643058574161,3.4693280973989147,0.00012321714530310655
67.11,0.036101914683172996,-1.0436581420557576,3.4625170368345866,0.00012384833938755736
67.12,0.02739091103952576,-1.0446062026951053,3.4556331128473583,0.00012448905640640782
67.13,0.01869343653264692,-1.0454865418483514,3.4486765863973092,0.00012513934518367295
67.14,0.01000981099130771,-1.0462984633469241,3.441647727770971,0.00012579925184254834
67.15,0.0013403555625080468,-1.0470412737629333,3.4345468165163884,0.00012646881968621262
67.16,-0.007314607203858077,-1.047714282679504,3.427374141376468,0.00012714808907248918
67.17,-0.015954753267382125,-1.0483168029659446,3.4201300002206705,0.00012783709728241176
67.18,-0.02457975700658743,-1.0488481510576448,3.412814699975095,0.0001285358783826966
67.19,-0.03318929112546935,-1.0493076472405958,3.4054285565510054,0.00012924446308216654
67.2,-0.0417830265571613,-1.049694615940412,3.397971894771859,0.00012996287858222473
67.21000000000001,-0.05036063236476383,-1.0500083860157314,3.390445048298876,0.0001306911484214867
67.22,-0.05892177563937986,-1.0502482910558633,3.3828483595552097,0.0001314292923146669
67.23,-0.06746612139540424,-1.0504136696825406,3.375182179648759,0.00013217732598589128
67.24,-0.07599333246312219,-1.050503865855636,3.3674468682936785,0.00013293526099662884
67.25,-0.08450306937867677,-1.050518229182686,3.359642793730625,0.0001337031045684236
67.26,-0.09299499027147176,-1.0504561152320626,3.351770332645793,0.00013448085940066283
67.27,-0.10146875074908282,-1.0503168858496281,3.3438298700887823,0.00013526852348366388
67.28,-0.10992400377975582,-1.0500999094786967,3.3358217993893375,0.00013606608990733907
67.29,-0.11836039957257828,-1.049804561483123,3.327746522073007,0.00013687354666576005
67.3,-0.12677758545541618,-1.0494302244733333,3.319604447775758,0.0001376908764579792
67.31,-0.13517520575071545,-1.0489762886350997,3.31139599415759,0.00013851805648546482
67.32000000000001,-0.14355290164927437,-1.0484421520608627,3.3031215868151826,0.0001393550582465431
67.33,-0.1519103110821,-1.0478272210833914,3.2947816591936125,0.0001402018473282751
67.34,-0.16024706859046953,-1.047130910611571,3.2863766524971787,0.00014105838319623175
67.35,-0.1685628051943233,-1.0463526444680946,3.277907015599364,0.00014192461898262558
67.36,-0.17685714825912577,-1.0454918557288388,3.2693732049519664,0.0001428005012733168
67.37,-0.1851297213613358,-1.0445479870636873,3.2607756844934292,0.00014368596989420011
67.38,-0.19338014415263657,-1.0435204910785678,3.2521149255563984,0.00014458095769756806
67.39,-0.20160803222308266,-1.0424088306584594,3.243391406774528,0.00014548539034897368
67.4,-0.2098129969633288,-1.0412124793111224,3.234605613988568,0.00014639918611521804
67.41,-0.21799464542611316,-1.0399309215112973,3.225758040151743,0.00014732225565411124
67.42,-0.22615258018717493,-1.0385636530451137,3.2168491852344534,0.0001482545018065829
67.43,-0.2342863992057938,-1.037110181354448,3.2078795561283107,0.00014919581939185452
67.44,-0.24239569568514654,-1.0355700258809617,3.1988496665495267,0.00015014609500632974
67.45,-0.2504800579326829,-1.0339427184095467,3.18976003694167,0.000151105206826899
67.46000000000001,-0.25853906922073094,-1.032227803410905,3.1806111943778004,0.00015207302441937382
67.47,-0.26657230764754897,-1.030424838382979,3.171403672461998,0.00015304940855274872
67.48,-0.27457934599904854,-1.0285333941909522,3.1621380112302893,0.00015403421102003526
67.49,-0.2825597516114196,-1.026553055405531,3.1528147570509852,0.00015502727446642378
67.5,-0.290513086234897,-1.0244834206392202,3.1434344625244295,0.00015602843222549178
67.51,-0.29843890589891275,-1.0223241028802963,3.133997686382168,0.0001570375081642205
67.52,-0.3063367607788863,-1.0200747298241877,3.124504993385538,0.00015805431653757916
67.53,-0.314206195064911,-1.0177349442019599,3.114956954223683,0.00015907866185340858
67.54,-0.32204674683260104,-1.015304404105611,3.105354145410986,0.00016011033874837482
67.55,-0.3298579479163691,-1.0127827833098733,3.095697149183931,0.00016114913187573166
67.56,-0.33763932378541056,-1.0101697715902218,3.0859865533973787,0.0001621948158056281
67.57000000000001,-0.345390393422676,-1.007465075036785,3.076222951420263,0.00016324715493867223
67.58,-0.35311066920711764,-1.004668416363856,3.066406942030698,0.00016430590343348016
67.59,-0.3607996567995011,-1.0017795352146999,3.0565391293104938,0.00016537080514892583
67.6,-0.368456855032078,-0.998798188461355,3.046620122539072,0.00016644159360171523
67.61,-0.376081755802418,-0.9957241504991253,3.0366505360867815,0.00016751799193997162
67.62,-0.383673843971704,-0.9925572135354613,3.0266309893075998,0.000168599712933494
67.63,-0.3912325972677955,-0.9892971878729305,3.0165621064312194,0.00016968645898122252
67.64,-0.3987574861933691,-0.9859439021859787,3.006444516454511,0.00017077792213654236
67.65,-0.40624797393944667,-0.9824972037911847,2.9962788530323534,0.00017187378415094233
67.66,-0.41370351630462393,-0.9789569589107155,2.9860657543678313,0.00017297371653652194
67.67,-0.42112356162031206,-0.9753230529286911,2.975805863101785,0.00017407738064782925
67.68,-0.428507550682307,-0.9715953906401695,2.9654998262017167,0.00017518442778343088
67.69,-0.4358549166890004,-0.9677738964924701,2.955148294850042,0.00017629449930761033
67.7,-0.4431650851865452,-0.9638585148185538,2.9447519243316864,0.00017740722679250533
67.71000000000001,-0.45043747402128853,-0.9598492100621849,2.9343113739210227,0.00017852223218097602
67.72,-0.457671493299782,-0.9557459669946052,2.9238273067681497,0.0001796391279704257
67.73,-0.46486654535667754,-0.9515487909224531,2.9133003897845113,0.00018075751741774648
67.74,-0.47202202473081295,-0.9472577078866702,2.9027312935278586,0.00018187699476547245
67.75,-0.47913731814978894,-0.9428727648521404,2.8921206920865616,0.0001829971454892634
67.76,-0.48621180452333335,-0.9383940298878164,2.8814692629632708,0.00018411754656664695
67.77,-0.4932448549457436,-0.9338215923370912,2.870777686957944,0.0001852377667669669
67.78,-0.500235832707693,-0.9291555629781845,2.860046648050245,0.0001863573669624383
67.79,-0.5071840933176792,-0.9243960741743175,2.8492768332813263,0.0001874759004600403
67.8,-0.5140889845333853,-0.9195432800134593,2.838468932635018,0.00018859291335403017
67.81,-0.5209498464032167,-0.9145973564374374,2.8276236389184364,0.00018970794489873367
67.82000000000001,-0.5277660113182683,-0.9095585013602109,2.816741647642038,0.0001908205279012015
67.83,-0.5345368040749643,-0.9044269347751176,2.805823656899142,0.0001919301891332414
67.84,-0.5412615419486059,-0.8992028988509133,2.794870367244951,0.00019303644976229254
67.85,-0.5479395347780486,-0.8938866580164315,2.783882481575106,0.00019413882580053787
67.86,-0.5545700850617189,-0.8884784990337036,2.772860705003808,0.00019523682857155064
67.87,-0.5611524880651692,-0.8829787310593877,2.761805744741544,0.00019632996519375627
67.88,-0.5676860319403533,-0.8773876856943679,2.7507183099724686,0.00019741773907985046
67.89,-0.5741699978567942,-0.8717057170213925,2.7395991117314833,0.00019849965045127947
67.9,-0.5806036601447971,-0.8659332016306371,2.7284488627810672,0.00019957519686689427
67.91,-0.5869862864508476,-0.8600705386330834,2.7172682774879147,0.000200643873764706
67.92,-0.5933171379053181,-0.8541181496616209,2.7060580716994416,0.0002017051750156874
67.93,-0.5995954693025873,-0.8480764788597901,2.694818962620222,0.00020275859348847797
67.94,-0.6058205292936604,-0.8419459928580947,2.683551668688427,0.00020380362162379602
67.95,-0.6119915605913602,-0.8357271807378276,2.6722569094523365,0.00020483975201736297
67.96000000000001,-0.6181078001881395,-0.8294205539823637,2.660935405447001,0.00020586647800998565
67.97,-0.6241684795865449,-0.8230266464158872,2.6495878780711357,0.00020688329428348158
67.98,-0.6301728250423428,-0.8165460141295344,2.63821504946433,0.00020788969746107796
67.99,-0.6361200578202991,-0.8099792353949437,2.626817642384667,0.00020888518671086039
68.0,-0.6420093944625793,-0.8033269105652185,2.615396380086839,0.00020986926435081745
68.01,-0.6478400470697182,-0.7965896619633241,2.603951986200861,0.00021084143645400496
68.02,-0.653611223594084,-0.7897681337579459,2.5924851846114834,0.000211801213452318
68.03,-0.6593221281457393,-0.7828629918268576,2.580996699338406,0.00021274811073737176
68.04,-0.6649719613105809,-0.775874923607855,2.5694872544174014,0.00021368164925693705
68.05,-0.6705599204806141,-0.7688046379373249,2.5579575737824602,0.0002146013561053884
68.06,-0.6760852001961974,-0.7616528648765336,2.546408381149072,0.00021550676510662792
68.07000000000001,-0.6815469925000684,-0.7544203555257302,2.534840399898758,0.00021639741738795976
68.08,-0.6869444873029376,-0.7471078818261722,2.5232543529649756,0.00021727286194335357
68.09,-0.6922768727604158,-0.7397162363501947,2.5116509627205152,0.00021813265618459644
68.1,-0.697543335661016,-0.7322462320794555,2.5000309508665155,0.00021897636647887325
68.11,-0.702743061824945,-0.7246987021715007,2.4883950383232185,0.0002198035686712293
68.12,-0.7078752365133811,-0.7170744997148071,2.476743945122597,0.00022061384859056282
68.13,-0.712939044847909,-0.7093744974724694,2.4650783903029763,0.00022140680253773587
68.14,-0.7179336722397571,-0.7015995876147114,2.4533990918057818,0.00022218203775443334
68.15,-0.7228583048284664,-0.6937506814404104,2.4417067663745406,0.00022293917287148412
68.16,-0.7277121299295917,-0.6858287090878359,2.4300021294562675,0.00022367783833542049
68.17,-0.7324943364910175,-0.677834619234813,2.4182858951053596,0.00022439767681209895
68.18,-0.7372041155574482,-0.6697693787885317,2.4065587758901326,0.00022509834356624101
68.19,-0.7418406607426122,-0.6616339725652313,2.394821482802121,0.00022577950681592005
68.2,-0.7464031687086978,-0.6534294029599992,2.3830747251682673,0.00022644084806098128
68.21000000000001,-0.7508908396525219,-0.6451566896069331,2.371319210566128,0.00022708206238453613
68.22,-0.7553028777979102,-0.636816869029921,2.359555644742206,0.00022770285872675928
68.23,-0.7596384918937524,-0.6284109942843042,2.347784731533542,0.00022830296013026842
68.24,-0.7638968957171767,-0.6199401345896944,2.336007172792662,0.00022888210395651887
68.25,-0.7680773085812722,-0.6114053749542216,2.324223668316004,0.00022944004207264422
68.26,-0.7721789558467731,-0.6028078157905002,2.312434915775925,0.00022997654100836716
68.27,-0.7762010694371013,-0.5941485725236008,2.3006416106563914,0.00023049138208271975
68.28,-0.7801428883561554,-0.585428775191325,2.288844446192445,0.00023098436150031343
68.29,-0.7840036592082152,-0.5766495680370849,2.2770441133135404,0.00023145529041706137
68.3,-0.7877826367193262,-0.5678121090956902,2.2652413005908394,0.00023190399497539338
68.31,-0.7914790842595129,-0.5589175697723542,2.2534366941885366,0.00023233031630907317
68.32000000000001,-0.795092274365164,-0.5499671344152297,2.2416309778192938,0.00023273411051785633
68.33,-0.798621489260925,-0.5409619998817918,2.229824832703843,0.000233115248612274
68.34,-0.8020660213804227,-0.5319033750993837,2.2180189375348234,0.0002334736164290177
68.35000000000001,-0.8054251738851491,-0.5227924806202463,2.2062139684448945,0.00023380911451746677
68.36,-0.8086982611808194,-0.5136305481713533,2.1944105989791742,0.0002341216579979561
68.37,-0.8118846094305225,-0.5044188201993718,2.182609500072034,0.00023441117639260795
68.38,-0.8149835570639788,-0.4951585494110729,2.1708113400282714,0.00023467761342946445
68.39,-0.8179944552822201,-0.4858509983095141,2.1590167845086894,0.0002349209268209253
68.4,-0.8209166685570086,-0.4764974387263149,2.1472264965200734,0.00023514108801750693
68.41,-0.8237495751243146,-0.467099151350347,2.135441136409578,0.0002353380819379458
68.42,-0.8264925674711765,-0.45765742525315944,2.1236613618635074,0.0002355119066769639
68.43,-0.829145052815274,-0.4481735574114551,2.111887827910465,0.00023566257319184981
68.44,-0.8317064535765482,-0.43864885222693545,2.100121186928849,0.00023579010496922522
68.45,-0.8341762078402174,-0.4290846210438261,2.0883620886586476,0.0002358945376733903
68.46000000000001,-0.83655376981054,-0.41948218166439344,2.0766111802174883,0.00023597591877768547
68.47,-0.8388386102546915,-0.4098428578627591,2.0648691061208773,0.00023603430718042252
68.48,-0.8410302169361347,-0.40016797889731565,2.0531365083065616,0.00023606977280685398
68.49,-0.8431280950368725,-0.39045887902204307,2.0414140261629337,0.0002360823961988226
68.5,-0.8451317675679925,-0.3807168969970208,2.0297022965613882,0.00023607226809370605
68.51,-0.8470407757679238,-0.3709433755984264,2.0180019538925325,0.00023603948899428935
68.52,-0.8488546794878482,-0.3611396611283062,2.0063136301061397,0.00023598416873121217
68.53,-0.8505730575637221,-0.35130710292440054,1.9946379547547302,0.0002359064260196716
68.54,-0.852195508174389,-0.3414470528702976,1.982975555040649,0.0002358063880120683
68.55,-0.8537216491852802,-0.33156086490618797,1.9713270558665057,0.00023568418984823848
68.56,-0.8551511184772235,-0.32164989454048487,1.9596930798888301,0.00023553997420493395
68.57000000000001,-0.8564835742599045,-0.31171549836256934,1.9480742475747892,0.00023537389084618142
68.58,-0.8577186953695445,-0.301759033556915,1.9364711772618048,0.00023518609617614753
68.59,-0.8588561815503866,-0.2917818574188406,1.9248844852198999,0.00023497675279606338
68.60000000000001,-0.8598957537196059,-0.2817853268721321,1.9133147857165977,0.00023474602906676487
68.61,-0.8608371542152852,-0.271770797988772,1.9017626910841878,0.00023449409867832798
68.62,-0.8616801470271226,-0.26173962551100627,1.8902288117891681,0.00023422114022823756
68.63,-0.862424518009569,-0.25169316237597283,1.8787137565036653,0.00023392733680948589
68.64,-0.8630700750771152,-0.24163275924311245,1.8672181321786303,0.00023361287560990087
68.65,-0.8636166483814811,-0.23155976402457334,1.8557425441185988,0.00023327794752395957
68.66,-0.8640640904704859,-0.2214755214188181,1.8442875960578062,0.00023292274677827435
68.67,-0.8644122764284071,-0.2113813724476341,1.8328538902374343,0.00023254747057182808
68.68,-0.8646611039976658,-0.2012786539967436,1.8214420274837737,0.00023215231873199266
68.69,-0.8648104936817053,-0.1911686983602039,1.8100526072870722,0.0002317374933872772
68.7,-0.8648603888289574,-0.18105283278878276,1.7986862278808433,0.00023130319865759561
68.71000000000001,-0.8648107556978245,-0.1709323790424888,1.7873434863214073,0.00023084964036286797
68.72,-0.8646615835026292,-0.16080865294743155,1.776024978567429,0.0002303770257505934
68.73,-0.8644128844405194,-0.1506829639571802,1.764731299559224,0.00022988556324293627
68.74,-0.8640646936993397,-0.14055661471878647,1.7534630432975995,0.00022937546220383145
68.75,-0.8636170694465131,-0.13043090064363075,1.7422208029219965,0.00022884693272647038
68.76,-0.8630700927990052,-0.12030710948324701,1.7310051707877023,0.0002283001854414307
68.77,-0.8624238677744697,-0.11018652091027739,1.7198167385419036,0.00022773543134563766
68.78,-0.8616785212237046,-0.10007040610470289,1.7086560971983522,0.00022715288165226082
68.79,-0.8608342027445745,-0.08996002734549241,1.697523837210415,0.0002265527476615062
68.8,-0.859891084577581,-0.07985663760780894,1.6864205485422903,0.00022593524065221243
68.81,-0.8588493614832935,-0.06976148016590712,1.6753468207381654,0.00022530057179405948
68.82000000000001,-0.857709250601872,-0.05967578820185347,1.664303242989108,0.00022464895208010354
68.83,-0.8564709912949464,-0.04960078442019653,1.653290404197474,0.00022398059227927302
68.84,-0.8551348449701354,-0.039537680668711224,1.6423088930386327,0.00022329570290835726
68.85000000000001,-0.853701094888514,-0.02948767756533825,1.6313592980198068,0.00022259449422297204
68.86,-0.8521700459553636,-0.0194519641314364,1.6204422075358378,0.00022187717622690367
68.87,-0.8505420244945566,-0.009431717431462719,1.6095582099216859,0.00022114395869912912
68.88,-0.8488173780069519,0.0005718977808074725,1.5987078935014911,0.00022039505123777877
68.89,-0.8469964749131971,0.010557729409411304,1.5878918466340202,0.0002196306633202366
68.9,-0.845079704281352,0.02052463835657309,1.5771106577543381,0.00021885100437851464
68.91,-0.8430674755397674,0.03047149885621894,1.5663649154115482,0.00021805628388898605
68.92,-0.8409602181756676,0.040397198800529444,1.5556552083024549,0.00021724671147549558
68.93,-0.8387583814199072,0.05030064005943114,1.544982125301012,0.00021642249702486438
68.94,-0.8364624339183807,0.060180738792929754,1.5343462554834293,0.00021558385081373065
68.95,-0.8340728633905827,0.0700364257561905,1.5237481881488166,0.00021473098364566926
68.96000000000001,-0.8315901762758281,0.07986664659727304,1.51318851283526,0.0002138641069974735
68.97,-0.8290148973676524,0.08967036214743097,1.5026678193312295,0.00021298343317348946
68.98,-0.8263475694369249,0.09944654870388789,1.4921866976822304,0.00021208917546688104
68.99,-0.8235887528442155,0.10919419830500432,1.4817457381926207,0.00021118154832665872
69.0,-0.820739025141966,0.11891231899775241,1.4713455314225266,0.00021026076752934424
69.01,-0.8177989806670218,0.12859993509741705,1.4609866681798005,0.0002093270503541356
69.02,-0.8147692301240904,0.13825608743944495,1.450669739506973,0.0002083806157604239
69.03,-0.8116504001606918,0.1478798336233655,1.4403953366631645,0.00020742168456652532
69.04,-0.8084431329341771,0.15747024824870934,1.430164051100933,0.00020645047962854608
69.05,-0.8051480856713896,0.16702642314285407,1.4199764744380403,0.00020546722601827997
69.06,-0.8017659302215454,0.17654746758072787,1.4098331984241366,0.0002044721511990854
69.07000000000001,-0.7982973526029132,0.186032508496306,1.3997348149023667,0.00020346548519869945
69.08,-0.7947430525438711,0.1954806906858369,1.3896819157659188,0.0002024474607779969
69.09,-0.7911037430189163,0.2048911770027381,1.3796750929095394,0.00020141831359474991
69.10000000000001,-0.7873801497802038,0.21426314854410525,1.3697149381760543,0.00020037828236144583
69.11,-0.7835730108851836,0.22359580482878072,1.3598020432979427,0.0001993276089963016
69.12,-0.7796830762209052,0.2328883639669316,1.3499369998340212,0.0001982665387666544
69.13,-0.7757111070255485,0.24214006282109046,1.3401203991013029,0.00019719532042394004
69.14,-0.7716578754077401,0.2513501571586158,1.3303528321021103,0.00019611420632953972
69.15,-0.7675241638642005,0.2605179217955332,1.3206348894465232,0.00019502345257081782
69.16,-0.7633107647962651,0.26964265073172167,1.3109671612702574,0.00019392331906673466
69.17,-0.7590184800258105,0.2787236572774144,1.3013502371480745,0.00019281406966249065
69.18,-0.7546481203111087,0.28776027417098615,1.2917847060028322,0.00019169597221267178
69.19,-0.7502005048631233,0.29675185368800605,1.282271156010293,0.0001905692986524737
69.2,-0.7456764608627481,0.3056977677415365,1.2728101744998148,0.00018943432505661914
69.21000000000001,-0.7410768229794796,0.31459740797366553,1.263402347851055,0.0001882913316856294
69.22,-0.7364024328920027,0.32345018583826374,1.254048261386826,0.00018714060301919564
69.23,-0.7316541388111535,0.3322555326749625,1.2447484992622462,0.00018598242777644207
69.24,-0.7268327950057146,0.34101289977435445,1.2355036443503344,0.00018481709892292426
69.25,-0.7219392613314801,0.3497217584344232,1.2263142781242056,0.00018364491366426778
69.26,-0.7169744027640169,0.35838160000821384,1.217180980536024,0.00018246617342642518
69.27,-0.7119390889355317,0.36699193594276164,1.2081043298928817,0.00018128118382255997
69.28,-0.7068341936762411,0.37555229780930177,1.199084902729766,0.0001800902546066193
69.29,-0.7016605945606241,0.3840622373247884,1.1901232736797933,0.00017889369961372815
69.3,-0.6964191724589235,0.3925213263647564,1.1812200153418786,0.00017769183668757638
69.31,-0.6911108110942441,0.40092915696756665,1.1723756981460236,0.0001764849875950191
69.32000000000001,-0.6857363966055844,0.40928534133007893,1.1635908902163985,0.00017527347792814225
69.33,-0.6802968171171154,0.4175895117948044,1.1548661572324037,0.00017405763699410477
69.34,-0.6747929623140122,0.42584132082859466,1.1462020622878926,0.00017283779769312107
69.35000000000001,-0.6692257230251202,0.43404044099292965,1.1375991657487392,0.00017161429638493838
69.36,-0.6635959908127269,0.44218656490587394,1.1290580251089395,0.00017038747274424548
69.37,-0.6579046575696915,0.450279405195775,1.1205791948454271,0.0001691576696054732
69.38,-0.6521526151241677,0.45831869444678447,1.1121632262717924,0.00016792523279743747
69.39,-0.6463407548521407,0.46630418513628813,1.1038106673910888,0.00016669051096836088
69.4,-0.6404699672979827,0.47423564956433645,1.0955220627479094,0.00016545385540180161
69.41,-0.6345411418032125,0.4821128797751732,1.087297953279918,0.00016421561982402113
69.42,-0.6285551661436344,0.48993568747096505,1.0791388761690155,0.00016297616020337515
69.43,-0.6225129261750095,0.49770390391784075,1.0710453646923204,0.000161735834542324
69.44,-0.6164153054874026,0.5054173798443539,1.0630179480731419,0.00016049500266263978
69.45,-0.6102631850683282,0.5130759853324877,1.0550571513321194,0.00015925402598443138
69.46000000000001,-0.6040574429748073,0.5206796097013274,1.0471634951387003,0.00015801326729960962
69.47,-0.5977989540144304,0.5282281613835286,1.039337495663125,0.00015677309054038945
69.48,-0.5914885894355069,0.5357215677947151,1.0315796644290853,0.0001555338605434798
69.49,-0.5851272166263696,0.5431597751959474,1.0238905081672174,0.00015429594281055937
69.5,-0.5787156988238868,0.5505427485494019,1.0162705286695877,0.00015305970326567263
69.51,-0.5722548948312214,0.5578704713674115,1.0087202226453258,0.00015182550801016794
69.52,-0.5657456587448643,0.5651429455550178,1.001240081577554,0.0001505937230757563
69.53,-0.5591888396909569,0.5723601912461904,0.9938305915817597,0.00014936471417631675
69.54,-0.5525852815709036,0.5795222466338742,0.9864922332657506,0.00014813884645903047
69.55,-0.5459358228162644,0.586629167794026,0.9792254815913297,0.0001469164842554124
69.56,-0.5392412961529076,0.5936810285038078,0.9720308057378196,0.00014569799083280602
69.57000000000001,-0.5325025283743882,0.6006779200541059,0.9649086689675653,0.00014448372814688504
69.58,-0.5257203401245103,0.6076199510565474,0.9578595284935338,0.00014327405659568914
69.59,-0.5188955456890214,0.6145072472451892,0.950883835349128,0.0001420693347757047
69.60000000000001,-0.5120289527963734,0.6213399512730565,0.9439820342603251,0.00014086991924048547
69.61,-0.5051213624274807,0.6281182225037102,0.9371545635202448,0.00013967616426226713
69.62,-0.49817356863439416,0.6348422367980229,0.9304018548662476,0.00013848842159703672
69.63,-0.491186358367801,0.6415121862963477,0.9237243333596566,0.0001373070402534826
69.64,-0.4841605113132559,0.6481282791962623,0.9171224172681937,0.0001361323662662118
69.65,-0.4770967997360373,0.6546907395260738,0.9105965179512113,0.00013496474247363182
69.66,-0.46999598833451894,0.6611998069142695,0.9041470397478003,0.0001338045083008415
69.67,-0.46285883410193884,0.6676557363551006,0.8977743798678446,0.00013265199954786054
69.68,-0.4556860861964423,0.6740587979704841,0.8914789282860904,0.00013150754818350667
69.69,-0.4484784858192697,0.680409276768411,0.885261067639293,0.00013037148214520232
69.7,-0.4412367661009551,0.6867074723980457,0.8791211731264951,0.00012924412514496436
69.71000000000001,-0.4339616519953964,0.692953698901703,0.87305961241249,0.00012812579648181256
69.72,-0.42665386018165397,0.6991482844638879,0.8670767455345146,0.00012701681086080009
69.73,-0.41931409897333066,0.7052915711575825,0.8611729248122132,0.00012591747821885684
69.74,-0.4119430682353824,0.7113839146879629,0.8553484947609065,0.00012482810355759935
69.75,-0.4045414593082059,0.7174256841337278,0.8496037920081988,0.00012374898678324238
69.76,-0.39710995493884693,0.7234172616862181,0.8439391452139474,0.0001226804225537433
69.77,-0.3896492292191704,0.7293590423865078,0.8383548749936145,0.00012162270013324711
69.78,-0.38215994753083143,0.7352514338606393,0.83285129384502,0.00012057610325391756
69.79,-0.3746427664968857,0.7410948560531795,0.8274287060785046,0.00011954090998520471
69.8,-0.36709833393987473,0.7468897409592677,0.822087407750512,0.00011851739261056695
69.81,-0.3595272888462218,0.7526365323553228,0.8168276866005916,0.00011750581751167067
69.82000000000001,-0.35193026133677374,0.7583356855285774,0.811649821991821,0.00011650644506004596
69.83,-0.3443078726433224,0.7639876670056015,0.8065540848546434,0.00011551952951617921
69.84,-0.3366607350909411,0.7695929542799751,0.8015407376341084,0.00011454531893599533
69.85000000000001,-0.32898945208596975,0.7751520355392673,0.7966100342405048,0.0001135840550846693
69.86,-0.32129461810948506,0.780665409391475,0.7917622200033677,0.00011263597335769063
69.87,-0.3135768187160905,0.7861335845910705,0.7869975316288388,0.00011170130270908571
69.88,-0.30583663053786414,0.7915570797648047,0.7823161971603566,0.00011078026558670164
69.89,-0.29807462129330176,0.7969364231374075,0.7777184359426491,0.00010987307787442968
69.9,-0.2902913498010953,0.8022721522573254,0.7732044585889978,0.00010897994884123269
69.91,-0.2824873659985877,0.8075648137226282,0.7687744669517407,0.0001081010810968446
69.92,-0.27466321096474744,0.8128149629072183,0.7644286540959773,0.00010723667055399074
69.93,-0.2668194169475072,0.8180231636874666,0.7601672042764371,0.00010638690639695714
69.94,-0.25895650739531517,0.8231899881693978,0.7559902929174693,0.00010555197105635336
69.95,-0.251074996992747,0.8283160164165438,0.7518980865961106,0.00010473204018988354
69.96000000000001,-0.24317539170003183,0.8334018361785778,0.7478907430281839,0.0001039272826689425
69.97,-0.2352581887963461,0.8384480426208384,0.7439684110573811,0.0001031378605708494
69.98,-0.22732387692673284,0.84345523805485,0.740131230647277,0.00010236392917652097
69.99,-0.2193729361525064,0.8484240316699383,0.7363793328762246,0.00010160563697338256
70.0,-0.21140583800500568,0.853355039266038,0.732712839935076,0.00010086312566331574
70.01,-0.20342304554256208,0.8582488829877847,0.7291318651276737,0.00010013653017543297
70.02,-0.19542501341055077,0.8631061910599783,0.7256365128740555,9.942597868346758e-05
70.03,-0.18741218790439784,0.8679275975245011,0.722226878716314,9.87315926275686e-05
70.04,-0.17938500703541865,0.8727137419787685,0.7189030493270502,9.805348674028546e-05
70.05,-0.17134390059936566,0.8774652693157888,0.7156651025203623,9.739176907652685e-05
70.06,-0.16328929024756808,0.8821828294659004,0.7125131072653055,9.674654104728057e-05
70.07000000000001,-0.15522158956054796,0.8868670771402535,0.709447123701761,9.611789745688236e-05
70.08,-0.1471412041240015,0.8915186715760981,0.7064672031586506,9.550592654360956e-05
70.09,-0.13904853160703717,0.8961382762839362,0.7035733881744328,9.491071002339759e-05
70.10000000000001,-0.13094396184256568,0.9007265587965911,0.7007657125198142,9.433232313646525e-05
70.11,-0.12282787690974034,0.9052841904202455,0.6980442012226126,9.377083469663583e-05
70.12,-0.11470065121834927,0.9098118459874921,0.6954088705947046,9.322630714315491e-05
70.13,-0.10656265159506459,0.914310203612441,0.692859728260993,9.269879659479146e-05
70.14,-0.09841423737145684,0.9187799444479207,0.6903967731903263,9.218835290603075e-05
70.15,-0.09025576047368591,0.9232217524448088,0.688019995728306,9.169501972516135e-05
70.16,-0.0820875655137834,0.9276363141135229,0.6857293776319126,9.121883455405689e-05
70.17,-0.07390998988244404,0.9320243182877003,0.6835248921058875,9.075982880946912e-05
70.18,-0.0657233638432472,0.9363864558900901,0.681406503840802,9.031802788564648e-05
70.19,-0.05752801062823246,0.9407234197006803,0.6793741690527489,8.989345121809949e-05
70.2,-0.04932424653475632,0.9450359041270778,0.677427835524591,8.94861123483353e-05
70.21000000000001,-0.041112381023559935,0.9493246049771561,0.6755674426487009,8.909601898939183e-05
70.22,-0.032892716817980776,0.9535902192339837,0.6737929214711295,8.872317309200936e-05
70.23,-0.024665550004243832,0.9578334448330432,0.672104194737135,8.836757091127404e-05
70.24,-0.01643117013277092,0.9620549804417472,0.6705011769380141,8.802920307358683e-05
70.25,-0.008189860320449063,0.9662555252412568,0.6689837743591681,8.770805464380326e-05
70.26,5.8102646198232924e-05,0.9704357787106039,0.6675518851293442,8.740410519240106e-05
70.27,0.008312448206990604,0.9745964404131181,0.6662053992709898,8.711732886254447e-05
70.28,0.016572911923272607,0.9787382097851554,0.6649441987516601,8.6847694436906e-05
70.29,0.024839235372346603,0.9828617859271247,0.6637681575364178,8.65951654041243e-05
70.3,0.03311116604120338,0.9869678673968065,0.6626771416411675,8.635970002478017e-05
70.31,0.04138845721959489,0.9910571520049553,0.6616710091868667,8.614125139677483e-05
70.32000000000001,0.049670867892491505,0.9951303366131764,0.6607496104545565,8.593976752000273e-05
70.33,0.057958162631963954,0.9991881169340673,0.659912787941156,8.57551913602196e-05
70.34,0.06625011148852838,1.0032311873336093,0.6591603764159673,8.558746091201199e-05
70.35000000000001,0.07454648988199093,1.0072602406357982,0.658492202977835,8.54365092607722e-05
70.36,0.0828470784918266,1.011275967929497,0.6579080871129112,8.530226464360547e-05
70.37,0.09115166314712536,1.0152790583774967,0.6574078407529723,8.518465050908916e-05
70.38,0.09946003471613712,1.0192701990277686,0.6569912683342397,8.50835855758083e-05
70.39,0.10777198899544525,1.0232500746268893,0.6566581668566541,8.499898388961342e-05
70.4,0.11608732659879745,1.0272193674356223,0.6564083259435582,8.493075487953188e-05
70.41,0.124405852845621,1.0311787570466355,0.6562415279017406,8.487880341229036e-05
70.42,0.13272737764924858,1.0351289202043397,0.6561575477817969,8.484302984539658e-05
70.43,0.14105171540487924,1.0390705306268229,0.6561561534387649,8.482333007874043e-05
70.44,0.1493786848772986,1.0430042588298674,0.6562371055929922,8.481959560468631e-05
70.45,0.15770810908838107,1.0469307719530252,0.6564001578911968,8.483171355662372e-05
70.46000000000001,0.16603981520439576,1.050850733587736,0.6566450569676797,8.485956675595741e-05
70.47,0.17437363442313775,1.0547648036074655,0.6569715425056556,8.490303375751536e-05
70.48,0.1827094018609047,1.058673637999847,0.6573793472986627,8.496198889337673e-05
70.49,0.19104695643933903,1.0625778887008066,0.6578681973120195,8.50363023151074e-05
70.5,0.19938614077215458,1.066478203430655,0.6584378117442956,8.512584003439931e-05
70.51,0.20772680105176708,1.0703752255321246,0.659087903088764,8.523046396213836e-05
70.52,0.21606878693584644,1.07426959381034,0.6598181771948065,8.535003194589907e-05
70.53,0.2244119514338092,1.0781619423747,0.6606283333292451,8.548439780588957e-05
70.54,0.23275615079326922,1.08205290048266,0.6615180642375702,8.563341136937792e-05
70.55,0.24110124438646408,1.0859430923853963,0.6624870562050436,8.5796918503619e-05
70.56,0.24944709459667527,1.0898331371753402,0.6635349891176511,8.597476114732392e-05
70.57000000000001,0.25779356670465964,1.0937236486355681,0.6646615365228846,8.616677734071675e-05
70.58,0.2661405287751098,1.097615235091037,0.6658663656903325,8.637280125421881e-05
70.59,0.27448785154316185,1.1015084992616528,0.6671491376720601,8.659266321581103e-05
70.60000000000001,0.282835408300968,1.1054040381171626,0.6685095073627639,8.682618973713845e-05
70.61,0.2911830747843527,1.109302442733863,0.6699471235596852,8.707320353841449e-05
70.62,0.29953072905957134,1.1132042981531165,0.6714616290222668,8.733352357219368e-05
70.63,0.30787825141019,1.1171101832416723,0.6730526605315441,8.760696504607909e-05
70.64,0.31622552422410594,1.121020670553783,0.6747198489492586,8.789333944444845e-05
70.65,0.3245724318807296,1.124936326195119,0.6764628192766854,8.819245454928306e-05
70.66,0.3329188606383475,1.128857709688477,0.6782811907131676,8.850411446017419e-05
70.67,0.3412646985216887,1.1327853738412823,0.6801745767143528,8.882811961360355e-05
70.68,0.3496098352097151,1.136719864614887,0.682142585050127,8.916426680159528e-05
70.69,0.35795416192365953,1.1406617209956689,0.6841848178622446,8.951234918983702e-05
70.7,0.36629757131533436,1.1446114748679326,0.6863008717216526,8.987215633537194e-05
70.71000000000001,0.3746399573557346,1.1485696508886236,0.6884903376855115,9.024347420396572e-05
70.72,0.3829812152239607,1.152536766363859,0.6907528013539146,9.062608518726961e-05
70.73,0.3913212411964873,1.1565133311272886,0.6930878429263093,9.101976811988503e-05
70.74,0.39965993253680326,1.160499847420295,0.6954950372576268,9.142429829644298e-05
70.75,0.4079971873854522,1.1644968097740467,0.6979739539141274,9.183944748883974e-05
70.76,0.4163329046505013,1.1685047048934205,0.700524157228969,9.226498396373166e-05
70.77,0.424666983898468,1.1725240115428064,0.7031452063575103,9.27006725004249e-05
70.78,0.43299932524573537,1.1765552004338165,0.7058366553323591,9.31462744092966e-05
70.79,0.44132982925048764,1.1805987341149156,0.708598053118179,9.360154755086428e-05
70.8,0.4496583968051987,1.1846550668629954,0.7114289436662701,9.406624635565112e-05
70.81,0.4579849290297071,1.188724644576915,0.7143288659689372,9.454012184498572e-05
70.82000000000001,0.4663093271649126,1.1928079046730347,0.7172973541136651,9.502292165285657e-05
70.83,0.4746314924671295,1.1969052759827636,0.7203339373371178,9.551439004898194e-05
70.84,0.48295132610313496,1.201017178652157,0.7234381400789823,9.601426796322567e-05
70.85000000000001,0.4912687290459486,1.2051440240435847,0.7266094820356778,9.652229301150187e-05
70.86,0.4995836019713842,1.2092862146395065,0.7298474782139525,9.703819952331545e-05
70.87,0.5078958451554124,1.2134441439483847,0.7331516389843922,9.756171857107262e-05
70.88,0.5162053583723765,1.2176181964127684,0.7365214701348641,9.809257800131879e-05
70.89,0.5245120407941027,1.2218087473195824,0.7399564729239231,9.8630502468035e-05
70.9,0.5328157908899502,1.2260161627126602,0.743456144134206,9.917521346813943e-05
70.91,0.5411165063278421,1.2302407993075555,0.7470199761258434,9.972642937933539e-05
70.92,0.5494140838763262,1.2344830044086728,0.7506474568899154,0.00010028386550045557
70.93,0.5577084193077093,1.2387431158287572,0.7543380701019848,0.00010084723409442296
70.94,0.5659994073023145,1.2430214618107818,0.7580912951757345,0.00010141624443397822
70.95,0.574286941353907,1.247318360952278,0.7619066073167432,0.0001019906028503179
70.96000000000001,0.5825709136763414,1.251634122132149,0.7657834775764322,0.000102570012784752
70.97,0.5908512151114761,1.2559690444400116,0.7697213729062136,0.0001031541748435284
70.98,0.5991277350384094,1.2603234171081101,0.7737197562118769,0.00010374278685594718
70.99,0.6074003612840866,1.264697519445848,0.777778086408247,0.00010433554393588895
71.0,0.6156689800353312,1.2690916207769836,0.7818958184741472,0.00010493213854686542
71.01,0.6239334757523534,1.2735059803795337,0.7860724035077064,0.00010553226057072027
71.02,0.6321937310837886,1.277940847428437,0.7903072887820418,0.0001061355973800885
71.03,0.640449626783322,1.2823964609410192,0.7945999178013582,0.0001067418339147003
71.04,0.6487010416279504,1.2868730497253105,0.7989497303574958,0.00010735065276165475
71.05,0.6569478523379415,1.2913708323312623,0.8033561625869672,0.00010796173423973798
71.06,0.6651899334985407,1.2958900170049112,0.8078186470285184,0.0001085747564878763
71.07000000000001,0.6734271574834854,1.300430801645538,0.812336612681252,0.00010918939555781013
71.08,0.6816593943803807,1.304993373765868,0.816909485063349,0.00010980532551105403
71.09,0.6898865119179937,1.3095779104553646,0.8215366862714272,0.0001104222185202084
71.10000000000001,0.6981083753955214,1.3141845783466566,0.8262176350405716,0.00011103974497468665
71.11,0.7063248476138908,1.318813533585152,0.8309517468050762,0.00011165757359090218
71.12,0.7145357888091451,1.3234649218018821,0.835738433759931,0.00011227537152695314
71.13,0.7227410565879735,1.32813887808962,0.8405771049230919,0.0001128928045018489
71.14,0.7309405058654398,1.3328355269823227,0.8454671661985692,0.00011350953691928932
71.15,0.7391339888049664,1.3375549824379367,0.8504080204403692,0.00011412523199600583
71.16,0.747321354760627,1.3422973478246119,0.8553990675173243,0.00011473955189468748
71.17,0.7555024502218044,1.3470627159103663,0.8604397043788452,0.00011535215786147352
71.18,0.7636771187602664,1.3518511688562427,0.8655293251216284,0.00011596271036798962
71.19,0.7718452009797138,1.3566627782129947,0.8706673210573517,0.00011657086925791325
71.2,0.7800065344678517,1.3614976049213436,0.875853080781389,0.00011717629389802289
71.21000000000001,0.788160953751038,1.3663556993158406,0.8810859902425751,0.00011777864333368005
71.22,0.796308290251557,1.3712371011323694,0.8863654328140488,0.00011837757644869768
71.23,0.8044483722475705,1.3761418395193254,0.8916907893652053,0.00011897275212951011
71.24,0.812581024835792,1.3810699330524998,0.8970614383347817,0.00011956382943355601
71.25,0.8207060698969333,1.3860213897536993,0.9024767558051036,0.00012015046776180774
71.26,0.8288233260639681,1.3909962071131314,0.9079361155775163,0.00012073232703531113
71.27,0.8369326086932571,1.3959943721155772,0.9134388892490237,0.00012130906787563385
71.28,0.8450337298385767,1.4010158612703778,0.9189844462901564,0.00012188035178909444
71.29,0.8531264982280933,1.406060640645254,0.924572154124088,0.00012244584135461803
71.3,0.8612107192443211,1.4111286659039783,0.9302013782070191,0.0001230052004150856
71.31,0.8692861949071018,1.4162198823479155,0.9358714821098439,0.00012355809427199856
71.32000000000001,0.8773527238596402,1.4213342249614447,0.941581827601115,0.00012410418988328495
71.33,0.8854101013576305,1.4264716184612738,0.9473317747313176,0.00012464315606406745
71.34,0.8934581192615023,1.4316319773496555,0.9531206819184659,0.00012517466369018645
71.35000000000001,0.9014965660318167,1.4368152059715074,0.9589479060350282,0.00012569838590427727
71.36,0.9095252267278384,1.442021198575441,0.9648128024961885,0.00012621399832417966
71.37,0.9175438830093072,1.4472498393786974,0.9707147253494486,0.0001267211792534452
71.38,0.9255523131414308,1.4525010026359866,0.9766530273655731,0.00012721960989370664
71.39,0.9335502920031177,1.457774552712221,0.9826270601308775,0.00012770897455866007
71.4,0.9415375910984657,1.4630703441591373,0.9886361741408562,0.00012818896088940204
71.41,0.9495139785715203,1.4683882217957882,0.9946797188951477,0.000128659260070847
71.42,0.9574792192243126,1.4737280207928913,1.0007570429938275,0.00012911956704894957
71.43,0.9654330745381839,1.4790895667610118,1.0068674942350215,0.00012956958074845234
71.44,0.9733753026984038,1.4844726758425566,1.0130104197138274,0.0001300090042908689
71.45,0.9813056586220795,1.4898771548075544,1.0191851659225293,0.00013043754521238605
71.46000000000001,0.9892238939893588,1.4953028011531881,1.0253910788520892,0.0001308549156813965
71.47,0.9971297572779191,1.5007494032070472,1.0316275040948975,0.0001312608327153445
71.48,1.0050229938007358,1.5062167402340632,1.0378937869487568,0.00013165501839656313
71.49,1.0129033457471188,1.511704582547086,1.0441892725220803,0.00013203720008678866
71.5,1.0207705522270023,1.5172126916210573,1.0505133058402731,0.00013240711064001751
71.51,1.0286243493184704,1.5227408202107309,1.05686523195327,0.00013276448861338798
71.52,1.036464470118497,1.5282887124718922,1.0632443960441968,0.00013310907847574756
71.53,1.0442906447968774,1.5338561040860186,1.0696501435391201,0.00013344063081356541
71.54,1.0521026006533194,1.5394427223883216,1.0760818202178508,0.00013375890253387542
71.55,1.059900062177668,1.5450482864991124,1.0825387723257602,0.0001340636570638994
71.56,1.0676827511132256,1.5506725074584207,1.0890203466865667,0.00013435466454702656
71.57000000000001,1.0754503865231313,1.5563150883638015,1.0955258908160503,0.00013463170203480363
71.58,1.0832026848597562,1.5619757245112555,1.1020547530366471,0.0001348945536746132
71.59,1.0909393600370727,1.5676541035391882,1.108606282592875,0.00013514301089272146
71.60000000000001,1.0986601235059468,1.5733499055753288,1.1151798297675397,0.00013537687257235813
71.61,1.1063646843323047,1.5790628033865275,1.121774745998667,0.00013559594522650852
71.62,1.1140527492781171,1.584792462531344,1.1283903839971055,0.0001358000431651157
71.63,1.1217240228851442,1.590538541515343,1.1350260978647435,0.00013598898865638
71.64,1.1293782075613803,1.5963006919489997,1.1416812432132768,0.0001361626120818456
71.65,1.1370150036701339,1.602078558708129,1.148355177283468,0.0001363207520850055
71.66,1.1446341096216759,1.6078717800967335,1.1550472590648335,0.0001364632557131098
71.67,1.1522352219673853,1.6136799880121782,1.161756849415691,0.00013658997855192493
71.68,1.1598180354963203,1.6195028081125842,1.1684833111834991,0.00013670078485317647
71.69,1.1673822433341376,1.6253398599863411,1.1752260093254248,0.00013679554765440814
71.7,1.174927537044281,1.6311907573236293,1.18198431102906,0.0001368741488910388
71.71000000000001,1.18245360673136,1.6370551080898434,1.1887575858332233,0.000136936479500355
71.72,1.1899601411466305,1.6429325147008067,1.1955452057487659,0.0001369824395172526
71.73,1.1974468277954953,1.6488225741996627,1.202346545379312,0.00013701193816151265
71.74,1.2049133530469318,1.65472487843533,1.2091609820418547,0.000137024893916402
71.75,1.2123594022447581,1.6606390142424017,1.2159878958871304,0.0001370212345984633
71.76,1.219784659820643,1.6665645636223758,1.2228266700196944,0.00013700089741830581
71.77,1.2271888094087648,1.672501103926092,1.2296766906176178,0.0001369638290322528
71.78,1.2345715339620211,1.678448208037258,1.2365373470517265,0.00013690998558472587
71.79,1.2419325158696919,1.6844054445569416,1.2434080320043004,0.00013683933274125998
71.8,1.2492714370764528,1.690372377988907,1.2502881415871543,0.00013675184571204448
71.81,1.2565879792026395,1.6963485689256712,1.2571770754590166,0.00013664750926590445
71.82000000000001,1.263881823665656,1.7023335742351564,1.2640742369421256,0.00013652631773467962
71.83,1.271152651802424,1.7083269472478144,1.2709790331379625,0.00013638827500795305
71.84,1.278400144992769,1.7143282379440974,1.2778908750420368,0.0001362333945180875
71.85000000000001,1.2856239847836306,1.7203369931421506,1.284809177657646,0.00013606169921558204
71.86,1.2928238530139964,1.7263527566856014,1.2917333601085244,0.00013587322153475325
71.87,1.2999994319404455,1.7323750696313205,1.298662845750304,0.00013566800334976152
71.88,1.307150404363196,1.7384034704370306,1.3055970622807043,0.00013544609592103485
71.89,1.3142764537525455,1.7444374951486374,1.3125354418483723,0.00013520755983214877
71.9,1.3213772643755959,1.7504766775871616,1.3194774211602938,0.00013495246491724918
71.91,1.3284525214231533,1.7565205495351472,1.3264224415876966,0.0001346808901791204
71.92,1.335501911136693,1.7625686409224266,1.3333699492703721,0.00013439292369799415
71.93,1.3425251209352815,1.7686204800111196,1.3403193952193333,0.0001340886625312501
71.94,1.349521839542345,1.77467559357975,1.3472702354177406,0.00013376821260414993
71.95,1.3564917571121782,1.7807335071063588,1.3542219309200176,0.00013343168859177053
71.96000000000001,1.3634345653560855,1.7867937449505003,1.3611739479490879,0.00013307921379232854
71.97,1.370349957668048,1.7928558305340054,1.36812575799166,0.00013271091999205822
71.98,1.377237629249809,1.7989192865204005,1.3750768378914935,0.0001323269473218901
71.99,1.3840972772352775,1.8049836349928678,1.3820266699405799,0.00013192744410615135
72.0,1.390928600814143,1.8110483976306455,1.388974741968171,0.00013151256670348687
72.01,1.397731301354601,1.8171130958837525,1.3959205474275937,0.0001310824793403058
72.02,1.4045050825250907,1.823177251145942,1.4028635854807896,0.00013063735393698802
72.03,1.411249650414943,1.8292403849257766,1.4098033610805212,0.00013017736992712136
72.04,1.4179647136538462,1.835302019015729,1.4167393850501875,0.000129702714070076
72.05,1.4246499835300321,1.8413616756592115,1.4236711741611945,0.00012921358025719696
72.06,1.4313051741070897,1.8474188777154403,1.4305982512078306,0.00012871016931192676
72.07000000000001,1.4379300023393173,1.853473148822045,1.437520145079595,0.00012819268878417294
72.08,1.4445241881855249,1.8595240135553348,1.4444363908309348,0.000127661352739248
72.09,1.451087454721199,1.8655709975881383,1.451346529748345,0.00012711638154169842
72.10000000000001,1.4576195282489486,1.8716136278451339,1.4582501094147908,0.00012655800163437195
72.11,1.464120138407151,1.8776514326555946,1.4651466837714122,0.0001259864453130645
72.12,1.4705890182767174,1.8836839419034719,1.4720358131764764,0.00012540195049707927
72.13,1.4770259044859062,1.8897106871747449,1.4789170644615428,0.0001248047604960746
72.14,1.4834305373131083,1.895731201901972,1.4857900109848128,0.0001241951237735284
72.15,1.4898026607875354,1.9017450215059752,1.4926542326816332,0.00012357329370718442
72.16,1.4961420227877464,1.907751683534599,1.4995093161121318,0.00012293952834685
72.17,1.5024483751379447,1.9137507277984853,1.5063548545059606,0.00012229409016987672
72.18,1.5087214737019878,1.9197416965038125,1.5131904478041296,0.00012163724583471146
72.19,1.5149610784750516,1.925724134381944,1.5200157026979138,0.00012096926593285642
72.2,1.5211669536728931,1.931697588815944,1.5268302326648207,0.00012029042473959091
72.21000000000001,1.5273388678186621,1.9376616099639152,1.5336336580016077,0.00011960099996382346
72.22,1.5334765938272121,1.9436157508791188,1.5404256058543426,0.00011890127249740781
72.23,1.5395799090868656,1.9495595676268413,1.5472057102455017,0.00011819152616427393
72.24,1.5456485955385926,1.9554926193979771,1.553973612098104,0.00011747204746972604
72.25,1.5516824397525641,1.961414468619295,1.560728959256884,0.00011674312535022628
72.26,1.5576812330020442,1.9673246810603668,1.5674714065065047,0.00011600505092398752
72.27,1.563644771334588,1.9732228259371354,1.5742006155868187,0.00011525811724272983
72.28,1.5695728556405197,1.979108476012102,1.5809162552051876,0.00011450261904489649
72.29,1.575465291718662,1.984981207691122,1.5876180010458711,0.00011373885251062403
72.3,1.5813218903392956,1.9908406011167947,1.594305535776499,0.0001129671150187941
72.31,1.5871424673043304,1.9966862402584422,1.6009785490516462,0.00011218770490644814
72.32000000000001,1.592926843504671,2.00251771299867,1.6076367375135294,0.00011140092123082578
72.33,1.5986748449747643,2.0083346112165104,1.6142798047898468,0.00011060706353433535
72.34,1.6043863029443188,2.0141365308671504,1.6209074614887875,0.00010980643161271578
72.35000000000001,1.6100610538871907,2.0199230720582504,1.6275194251912368,0.0001089993252865872
72.36,1.61569893956743,2.0256938391228574,1.6341154204402062,0.00010818604417670385
72.37,1.6212998070824878,2.031448440688932,1.6406951787275212,0.00010736688748312014
72.38,1.6268635089035874,2.0371864897454977,1.6472584384778008,0.000106542153768444
72.39,1.6323899029132618,2.042907603705429,1.6538049450297625,0.0001057121407454364
72.4,1.637878852440067,2.0486114044649044,1.6603344506148925,0.0001048771450691617
72.41,1.6433302262904814,2.0542975184595447,1.666846714333522,0.00010403746213382599
72.42,1.6487438987780048,2.0599655767172558,1.6733415021283486,0.00010319338587449285
72.43,1.65411974974947,2.0656152149078135,1.679818586755449,0.0001023452085738654
72.44,1.6594576646085888,2.071246073389216,1.6862777477528244,0.00010149322067427125
72.45,1.6647575343367502,2.0768577972508373,1.692718771406532,0.0001006377105949628
72.46000000000001,1.6700192555110958,2.082450036353417,1.6991414507144427,9.977896455488179e-05
72.47,1.6752427303198947,2.0880224453659237,1.7055455853476817,9.89172664010062e-05
72.48,1.6804278665752492,2.093574683799333,1.7119309816097992,9.805289744236131e-05
72.49,1.6855745777231574,2.099106416037358,1.7182974523937236,9.718613628981269e-05
72.5,1.6906827828509654,2.1046173113641804,1.724644817136554,9.63172587016905e-05
72.51,1.6957524066922427,2.1101070439892244,1.7309729017722435,9.544653743532005e-05
72.52,1.7007833796291167,2.115575293069019,1.737281538682228,9.457424210454075e-05
72.53,1.7057756376921018,2.121021742726202,1.7435705666440617,9.370063904321922e-05
72.54,1.7107291225574628,2.1264460820657103,1.7498398307781122,9.28259911748174e-05
72.55,1.7156437815421526,2.1318480051882123,1.7560891824923752,9.195055788802748e-05
72.56,1.7205195675963665,2.1372272112008326,1.7623184794254672,9.107459491849109e-05
72.57000000000001,1.7253564392937557,2.142583404225224,1.7685275853878564,9.019835423661055e-05
72.58,1.7301543608193444,2.1479162934030422,1.7747163703013906,8.932208394142306e-05
72.59,1.7349133019551968,2.1532255928988775,1.7808847101371825,8.844602816056047e-05
72.60000000000001,1.7396332380638813,2.158511021900704,1.7870324868519138,8.757042695622659e-05
72.61,1.7443141500697776,2.163772304617902,1.7931595883226181,8.669551623719326e-05
72.62,1.7489560244382794,2.1690091702769103,1.7992659082800047,8.582152767675433e-05
72.63,1.7535588531529378,2.1742213531145755,1.8053513462403832,8.494868863657792e-05
72.64,1.7581226336906006,2.179408592369248,1.8114158074362516,8.407722209642947e-05
72.65,1.762647368994596,2.184570632269692,1.817459202745608,8.320734658966454e-05
72.66,1.7671330674460126,2.1897072220218714,1.8234814486200468,8.233927614444838e-05
72.67,1.7715797428331301,2.1948181157936673,1.8294824670117016,8.147322023060102e-05
72.68,1.7759874143190517,2.1999030726975928,1.8354621852990953,8.060938371198142e-05
72.69,1.7803561064075928,2.2049618567715665,1.8414205362119558,7.974796680433886e-05
72.7,1.7846858489074793,2.209994236957804,1.8473574577550602,7.888916503851989e-05
72.71000000000001,1.788976676894909,2.2149999870798944,1.8532728931311648,7.80331692289329e-05
72.72,1.7932286306745315,2.2199788858181173,1.8591667906630824,7.718016544713955e-05
72.73,1.797441755738899,2.224930716683066,1.865039103714963,7.63303350004979e-05
72.74,1.801616102726444,2.2298552679876384,1.870889790612837,7.548385441573262e-05
72.75,1.8057517273780361,2.234752332817457,1.8767188145644804,7.46408954272895e-05
72.76,1.8098486904921764,2.239621708999776,1.8825261435786553,7.380162497036006e-05
72.77,1.8139070578788763,2.2444631990709394,1.8883117503837836,7.296620517846247e-05
72.78,1.8179269003122815,2.249276610242451,1.8940756123461095,7.213479338544794e-05
72.79,1.8219082934820918,2.254061754365711,1.8998177113874044,7.13075421317892e-05
72.8,1.825851317943828,2.2588184478954862,1.905538033902269,7.048459917502496e-05
72.81,1.8297560590680033,2.2635465118521663,1.9112365706750833,6.966610750422151e-05
72.82000000000001,1.8336226069882469,2.268245771782866,1.9169133167966599,6.885220535831374e-05
72.83,1.837451056548435,2.2729160577214307,1.9225682715806471,6.804302624820012e-05
72.84,1.8412415072488793,2.2775572041474055,1.9282014384797364,6.723869898244027e-05
72.85000000000001,1.8449940631916235,2.2821690499440166,1.933812825001719,6.643934769642073e-05
72.86,1.8487088330249004,2.2867514383552283,1.9394024426254437,6.564509188484369e-05
72.87,1.8523859298867946,2.291304216941923,1.944970306716719,6.485604643740583e-05
72.88,1.8560254713481652,2.2958272375372624,1.9505164364442087,6.407232167753814e-05
72.89,1.8596275793548727,2.300320356201282,1.956040854695364,6.329402340403967e-05
72.9,1.8631923801693595,2.304783433174768,1.9615435879924359,6.252125293548596e-05
72.91,1.8667200043116303,2.30921633283247,1.9670246664086108,6.175410715728786e-05
72.92,1.8702105864996783,2.3136189236356994,1.9724841234843127,6.099267857123874e-05
72.93,1.8736642655894018,2.3179910780843604,1.9779219961437078,6.023705534742002e-05
72.94,1.8770811845140567,2.3223326726684643,1.9833383246114564,5.948732137835466e-05
72.95,1.880461490223287,2.326643587819172,1.9887331523297462,5.87435563352472e-05
72.96000000000001,1.8838053336217764,2.3309237078594096,1.9941065258756454,5.800583572620203e-05
72.97,1.8871128695075627,2.335172920954108,1.9994584948788117,5.7274230956279316e-05
72.98,1.890384256510055,2.3393911190601004,2.0047891119395915,5.6548809389274924e-05
72.99,1.8936196570277948,2.34357819787573,2.0100984325475437,5.582963441108502e-05
73.0,1.8968192371659973,2.3477340567902036,2.0153865150004178,5.511676549455089e-05
73.01,1.8999831666739142,2.351858598832735,2.020653420323623,5.441025826565481e-05
73.02,1.9031116188820512,2.3559517306215145,2.0258992121902106,5.371016457094926e-05
73.03,1.9062047706392788,2.360013362312547,2.0311239568414083,5.301653254612968e-05
73.04,1.90926280224987,2.364043407548393,2.036327723007725,5.232940668559344e-05
73.05,1.9122858974104988,2.368041783406848,2.041510581830658,5.1648827912926276e-05
73.06,1.915274243147233,2.3720084103496015,2.0466726067850303,5.097483365218523e-05
73.07000000000001,1.918228029752553,2.375943212170899,2.051813873601975,5.030745789987495e-05
73.08,1.921147450722427,2.379846115946253,2.0569344601925974,4.9646731297535995e-05
73.09,1.9240327026934743,2.383717051981225,2.0620344465723357,4.8992681204819123e-05
73.10000000000001,1.926883985380241,2.3875559537603115,2.0671139147860367,4.8345331772987025e-05
73.11,1.9297015015126247,2.3913627578959677,2.0721729488337752,4.770470401873864e-05
73.12,1.9324854567734646,2.395137404077795,2.077211634597429,4.7070815898251855e-05
73.13,1.9352360597363325,2.398879835021917,2.082230059768031,4.64436823813863e-05
73.14,1.9379535218035429,2.4025899964205784,2.087228313773916,4.5823315525955866e-05
73.15,1.9406380571444104,2.406267836891984,2.0922064877096758,4.52097245519913e-05
73.16,1.9432898826337766,2.409913307930407,2.0971646742659433,4.4602915915917956e-05
73.17,1.945909217790827,2.4135263638565925,2.102102967660011,4.400289338458101e-05
73.18,1.948496284718222,2.417106961768472,2.107021463567308,4.340965810904268e-05
73.19,1.951051308041559,2.4206550614922167,2.111920259053738,4.28232086980992e-05
73.2,1.9535745148491905,2.4241706255336486,2.116799452508898,4.224354129143493e-05
73.21000000000001,1.9560661346324095,2.427653619030027,2.1216591435801813,4.1670649632367796e-05
73.22,1.9585263992260262,2.431104009702234,2.126499433107782,4.110452514013105e-05
73.23,1.9609555427493497,2.4345217678073703,2.131320423060602,4.054515698162125e-05
73.24,1.963353801547591,2.437906866091785,2.136122216473076,3.999253214258647e-05
73.25,1.9657214141337043,2.441259279744552,2.140904917382916,3.944663549817859e-05
73.26,1.9680586211306779,2.4445789863514102,2.1456686307697854,3.890744988284423e-05
73.27,1.9703656652142907,2.4478659658491773,2.150413462494909,3.837495615949693e-05
73.28,1.9726427910563467,2.451120200480658,2.155139519241619,3.784913328794421e-05
73.29,1.9748902452683978,2.454341674750055,2.1598469084568492,3.732995839252395e-05
73.3,1.9771082763459686,2.4575303753788953,2.1645357382935715,3.681740682890486e-05
73.31,1.979297134613292,2.460686291262483,2.1692061175541877,3.63114522500382e-05
73.32000000000001,1.9814570721685647,2.4638094134268913,2.17385815563487,3.5812066671214246e-05
73.33,1.9835883428297354,2.4668997349864994,2.1784919624708587,3.5319220534200824e-05
73.34,1.9856912020808286,2.4699572511020893,2.1831076484827125,3.483288277044165e-05
73.35000000000001,1.9877659070188165,2.4729819589395037,2.1877053245235176,3.435302086327518e-05
73.36,1.9898127163010424,2.4759738576288792,2.1922851018270486,3.3879600909167666e-05
73.37,1.9918318900932057,2.478932948224457,2.1968470919568874,3.3412587677946194e-05
73.38,1.9938236900179107,2.4818592336649816,2.2013914067564944,3.295194467198247e-05
73.39,1.995788379103786,2.4847527187346885,2.2059181583002303,3.2497634184347375e-05
73.4,1.99772622173518,2.4876134100248923,2.2104274588453294,3.20496173559008e-05
73.41,1.9996374836024349,2.4904413158961725,2.2149194207848177,3.160785423130296e-05
73.42,2.001522431652743,2.4932364464411667,2.2193941566013744,3.117230381395605e-05
73.43,2.003381334041589,2.4959988134479727,2.2238517788221337,3.0742924119850756e-05
73.44,2.005214460084782,2.498728430364162,2.2282923999744217,3.0319672230306768e-05
73.45,2.0070220802110725,2.5014253122614067,2.2327161325424236,2.990250434360773e-05
73.46000000000001,2.008804465915367,2.504089475800723,2.237123088924777,2.949137582554417e-05
73.47,2.0105618897125312,2.506720939198332,2.2415133813930854,2.9086241258816387e-05
73.48,2.012294625091785,2.509319722192139,2.2458871220513466,2.868705449134185e-05
73.49,2.0140029464716944,2.511885846008831,2.2502444227962886,2.8293768683451724e-05
73.5,2.0156871291557534,2.514419333331593,2.2545853952786095,2.7906336353946808e-05
73.51,2.017347449288558,2.5169202082684436,2.2589101508651104,2.7524709425068488e-05
73.52,2.0189841838125706,2.519388496321186,2.263218800601719,2.7148839266343608e-05
73.53,2.020597610425476,2.521824224354978,2.2675114551773907,2.677867673733221e-05
73.54,2.0221880075381216,2.5242274205685167,2.271788224888888,2.6414172229266484e-05
73.55,2.023755654233046,2.5265981144648317,2.276049219606419,2.6055275705593813e-05
73.56,2.025300830223587,2.5289363368226963,2.2802945487401383,2.5701936741448773e-05
73.57000000000001,2.0268238158135725,2.5312421196686405,2.2845243212074955,2.535410456202275e-05
73.58,2.0283248918575874,2.533515496249573,2.288738645401422,2.5011728079864795e-05
73.59,2.0298043397218115,2.535756501006002,2.292937629159351,2.4674755931128838e-05
73.60000000000001,2.0312624412454308,2.5379651695458585,2.29712137973306,2.4343136510765498e-05
73.61,2.0326994787026123,2.540141538618911,2.3012900037593247,2.4016818006660074e-05
73.62,2.03411573476504,2.542285646091772,2.3054436072313806,2.369574843274751e-05
73.63,2.035511492465009,2.544397530923493,2.309582295471175,2.3379875661108498e-05
73.64,2.036887035159073,2.546477233141738,2.3137061731024056,2.3069147453040885e-05
73.65,2.0382426464922374,2.548524793819535,2.317815344024334,2.2763511489159284e-05
73.66,2.0395786103626947,2.550540255052605,2.321909911386365,2.2462915398493974e-05
73.67,2.0408952108871006,2.5525236599372496,2.3259899775633786,2.216730678662078e-05
73.68,2.042192732366378,2.554475052548808,2.33005564413181,2.1876633262844485e-05
73.69,2.0434714592520504,2.556394477920666,2.3341070118464606,2.159084246642788e-05
73.7,2.044731676113093,2.5582819820238187,2.3381441806180367,2.130988209190379e-05
73.71000000000001,2.045973667603302,2.5601376117469745,2.3421672494913994,2.103369991347346e-05
73.72,2.04719771842917,2.561961414877202,2.3461763166245206,2.0762243808496892e-05
73.73,2.0484041133182647,2.5637534400811086,2.3501714792681287,2.0495461780102556e-05
73.74,2.0495931369881046,2.565513736886543,2.354152833746039,2.0233301978942866e-05
73.75,2.0507650741155246,2.567242355664823,2.3581204754361544,1.9975712724079856e-05
73.76,2.051920209306524,2.568939347613473,2.3620744987521287,1.972264252303941e-05
73.77,2.053058827066594,2.5706047647394703,2.3660149971256774,1.947404009105092e-05
73.78,2.0541812117715135,2.5722386598429927,2.3699420629895314,1.9229854369470128e-05
73.79,2.0552876476386093,2.5738410865016603,2.3738557877610162,1.8990034543415264e-05
73.8,2.056378418698475,2.575412099055262,2.377756261826252,1.875453005863316e-05
73.81,2.0574538087671375,2.576951752590965,2.3816435745249587,1.852329063760592e-05
73.82000000000001,2.058514101418669,2.578460102928998,2.3855178141358597,1.8296266294907345e-05
73.83,2.0595595799582362,2.579937206608798,2.3893790678626696,1.8073407351836217e-05
73.84,2.060590527395576,2.5813831208756195,2.393227421820658,1.7854664450344492e-05
73.85000000000001,2.0616072264188987,2.5827979036675925,2.3970629610237775,1.763998856626189e-05
73.86,2.0626099593692024,2.5841816136032314,2.400885769372346,1.7429331021837798e-05
73.87,2.063599008215,2.5855343099693755,2.4046959296412704,1.7222643497624407e-05
73.88,2.0645746545274464,2.586856052709566,2.4084935234688043,1.7019878043714594e-05
73.89,2.0655371794558604,2.588146902412843,2.4122786313458278,1.6820987090334924e-05
73.9,2.0664868637036355,2.5894069203029617,2.4160513326056376,1.6625923457818874e-05
73.91,2.0674239875045317,2.5906361682280155,2.4198117054142383,1.6434640365991582e-05
73.92,2.0683488305993416,2.5918347086504654,2.423559826761125,1.6247091442951442e-05
73.93,2.0692616722129227,2.5930026046375607,2.427295772450545,1.6063230733273276e-05
73.94,2.0701627910315903,2.5941399198521493,2.4310196170932294,1.5883012705670195e-05
73.95,2.0710524651808657,2.5952467185438692,2.4347314340985866,1.570639226009638e-05
73.96000000000001,2.0719309722035684,2.596323065540714,2.4384312956673413,1.5533324734314673e-05
73.97,2.07279858903825,2.597369026240963,2.4421192727846157,1.536376590996015e-05
73.98,2.07365559199796,2.598384666605474,2.44579543521344,1.5197672018093092e-05
73.99,2.074502256749339,2.5993700531503263,2.4494598514886805,1.5034999744258987e-05
74.0,2.0753388582920302,2.6003252529398098,2.4531125889113796,1.4875706233080526e-05
74.01,2.0761656709384066,2.601250333579754,2.4567537135434936,1.4719749092381353e-05
74.02,2.0769829682936014,2.6021453632111866,2.460383290203022,1.4567086396856835e-05
74.03,2.0777910232358403,2.6030104105043192,2.4640013824595153,1.4417676691316545e-05
74.04,2.0785901078970683,2.603845544652849,2.4676080526299575,1.4271478993499278e-05
74.05,2.0793804936438622,2.6046508353685716,2.4712033617750064,1.4128452796466228e-05
74.06,2.0801624510586234,2.6054263528763015,2.474787369695587,1.3988558070613132e-05
74.07000000000001,2.0809362499210486,2.6061721679090857,2.478360134929831,1.3851755265279323e-05
74.08,2.0817021591898652,2.6068883517037125,2.4819217147503454,1.3718005309985504e-05
74.09,2.0824604469848316,2.6075749759965023,2.4854721651618097,1.3587269615310689e-05
74.10000000000001,2.0832113805689936,2.608232113019378,2.489011540898887,1.3459510073413383e-05
74.11,2.0839552263311907,2.6088598354962063,2.492539895424445,1.3334689058212352e-05
74.12,2.0846922497688074,2.6094582166394042,2.4960572809280714,1.3212769425232444e-05
74.13,2.0854227154707634,2.6100273301468064,2.4995637483248827,1.3093714511138328e-05
74.14,2.0861468871007376,2.6105672501987827,2.5030593472546125,1.2977488132950931e-05
74.15,2.086865027380618,2.611078051455604,2.506544126080974,1.286405458696885e-05
74.16,2.0875773980741763,2.611559809055048,2.5100181318912855,1.2753378647403118e-05
74.17,2.0882842599709552,2.612012598610241,2.5134814104963557,1.2645425564728771e-05
74.18,2.0889858728703734,2.6124364962077253,2.5169340064306134,1.2540161063764199e-05
74.19,2.089682495566029,2.612831578405753,2.5203759629524813,1.2437551341497555e-05
74.2,2.09037438583021,2.6131979222327937,2.5238073220449806,1.233756306466112e-05
74.21000000000001,2.0910618003985983,2.6135356051862546,2.527228124416562,1.2240163367062226e-05
74.22,2.091744994955164,2.613844705231407,2.5306384095021537,1.214531984667908e-05
74.23,2.092424224117246,2.614125300800512,2.5340382154644194,1.2053000562535043e-05
74.24,2.0930997414208163,2.6143774707921423,2.537427579195219,1.1963174031357586e-05
74.25,2.0937717993059173,2.614601294570689,2.5408065363172647,1.1875809224036642e-05
74.26,2.0944406491022733,2.6147968519660583,2.544175121185968,1.1790875561870011e-05
74.27,2.0951065410150695,2.6149642232735415,2.5475333668914635,1.170834291262585e-05
74.28,2.0957697241108932,2.615103489253863,2.550881305260812,1.1628181586423737e-05
74.29,2.096430446303835,2.6152147311333933,2.5542189668603688,1.1550362331436028e-05
74.3,2.0970889543417432,2.615298030604527,2.557546380998314,1.1474856329423015e-05
74.31,2.097745493792632,2.6153534698262195,2.5608635757273386,1.1401635191100342e-05
74.32000000000001,2.0984003090312306,2.615381131424676,2.5641705778474764,1.1330670951364629e-05
74.33,2.0990536432256826,2.6153810984941934,2.5674674129090818,1.1261936064364466e-05
74.34,2.099705738324377,2.61535345459814,2.5707541052159413,1.1195403398428345e-05
74.35000000000001,2.1003568350429194,2.6152982837700813,2.5740306778285156,1.1131046230861594e-05
74.36,2.1010071728512334,2.6152156705150382,2.5772971525673056,1.1068838242621057e-05
74.37,2.10165698996079,2.6151056998108753,2.580553550016339,1.100875351286215e-05
74.38,2.102306523311962,2.6149684571098177,2.583799889526766,1.0950766513370258e-05
74.39,2.1029560085615002,2.6148040283400893,2.5870361892205676,1.0894852102888259e-05
74.4,2.1036056800701264,2.614612499907667,2.5902624659943605,1.0840985521339354e-05
74.41,2.1042557708902456,2.6143939586981535,2.5934787355233033,1.078914238394904e-05
74.42,2.104906512753766,2.614148492078756,2.5966850122650915,1.073929867528069e-05
74.43,2.105558136060031,2.613876187900373,2.5998813094640414,1.0691430743181215e-05
74.44,2.1062108698638586,2.6135771344997814,2.603067639155254,1.0645515292646738e-05
74.45,2.106864941863681,2.613251420701925,2.6062440121688577,1.0601529379613966e-05
74.46000000000001,2.1075205783897912,2.6128991358222944,2.609410438134323,1.055945040467342e-05
74.47,2.1081780043926828,2.6125203696694013,2.6125669254848436,1.0519256106732706e-05
74.48,2.108837443431491,2.6121152125473355,2.6157134814617846,1.0480924556605728e-05
74.49,2.1094991176625246,2.6116837552584125,2.6188501121191874,1.0444434150546475e-05
74.5,2.110163247827893,2.611226089105895,2.621976822328331,1.040976360374066e-05
74.51,2.1108300532442197,2.610742305896797,2.6250936157823443,1.0376891943740384e-05
74.52,2.111499751791448,2.610232497944758,2.628200495000867,1.0345798503863794e-05
74.53,2.1121725599017287,2.609696758072992,2.6312974613347526,1.0316462916556188e-05
74.54,2.1128486925483947,2.609135179617299,2.6343845149708134,1.028886510671209e-05
74.55,2.113528363235018,2.608547856429146,2.6374616549366,1.0262985284974891e-05
74.56,2.114211783984547,2.6079348828788076,2.6405288791052177,1.0238803941007044e-05
74.57000000000001,2.1148991653285236,2.6072963538585654,2.643586184200168,1.0216301836739207e-05
74.58,2.1155907162963774,2.606632364785963,2.646633565800222,1.019545999960767e-05
74.59,2.1162866444048,2.6059430116071156,2.649671018344314,1.0176259715770858e-05
74.60000000000001,2.1169871556471898,2.6052283908000677,2.6526985351364605,1.0158682523319561e-05
74.61,2.117692454483176,2.6044885993782008,2.655716108350691,1.014271020548554e-05
74.62,2.1184027438282125,2.6037237348936846,2.6587237290360024,1.0128324783839571e-05
74.63,2.1191182250432465,2.602933895440972,2.6617213871213194,1.0115508511496378e-05
74.64,2.1198390979244572,2.602119179660335,2.664709071420471,1.0104243866329947e-05
74.65,2.120565560693066,2.6012796867414343,2.6676867696371733,1.0094513544187962e-05
74.66,2.1212978099852156,2.6004155164269287,2.6706544683700186,1.0086300452118061e-05
74.67,2.1220360408419214,2.5995267690161175,2.6736121531174692,1.007958770161746e-05
74.68,2.122780446699088,2.5986135453686097,2.676559808282854,1.0074358601901705e-05
74.69,2.1235312193775973,2.597675946908026,2.6794974171793666,1.0070596653182258e-05
74.7,2.124288549073463,2.5967140756257256,2.682424962035059,1.0068285539983498e-05
74.71000000000001,2.1250526243480548,2.595728034084557,2.685342423997837,1.0067409124483281e-05
74.72,2.1258236321183874,2.594717925422633,2.68824978314045,1.006795143987984e-05
74.73,2.126601757647481,2.593683853357123,2.6911470184654736,1.0069896683803153e-05
74.74,2.127387184534787,2.5926259221880685,2.6940341079102876,1.0073229211755023e-05
74.75,2.128180094706681,2.5915442368022097,2.696911028352047,1.0077933530595893e-05
74.76,2.1289806684070265,2.5904389026768313,2.6997777556126423,1.0083994292071484e-05
74.77,2.1297890841878027,2.58931002588362,2.702634264463652,1.0091396286384708e-05
74.78,2.130605518899805,2.5881577130925306,2.705480528631283,1.010012443582583e-05
74.79,2.131430147683412,2.5869820715756666,2.708316520801302,1.0110163788442398e-05
74.8,2.1322631439594217,2.585783209211164,2.7111422126239546,1.0121499511770661e-05
74.81,2.1331046794199584,2.584561234487084,2.7139575747188713,1.0134116886627574e-05
74.82000000000001,2.1339549240194504,2.5833162565053085,2.716762576679963,1.0148001300959024e-05
74.83,2.134814045965677,2.5820483849854408,2.7195571870803037,1.0163138243749187e-05
74.84,2.135682211710891,2.580757730268706,2.7223413734769983,1.017951329899801e-05
74.85000000000001,2.1365595859430098,2.5794444033218533,2.725115102416041,1.0197112139775289e-05
74.86,2.137446331576884,2.5781085157410537,2.7278783394371597,1.0215920522333158e-05
74.87,2.138342609745638,2.576750179755799,2.7306310490786467,1.0235924280293643e-05
74.88,2.139248579792089,2.5753695082327925,2.7333731948821787,1.0257109318923482e-05
74.89,2.140164399260239,2.573966614679839,2.7361047393976254,1.027946160947843e-05
74.9,2.141090223886851,2.5725416132497223,2.7388256441878456,1.0302967183629824e-05
74.91,2.142026207593098,2.571094618744079,2.7415358698334735,1.0327612127976077e-05
74.92,2.142972502476296,2.5696257466172616,2.7442353759376945,1.03533825786435e-05
74.93,2.143929258801722,2.5681351129801886,2.7469241211310123,1.038026471596871e-05
74.94,2.144896624994508,2.5666228346041873,2.749602063076006,1.0408244759277183e-05
74.95,2.1458747476316273,2.5650890289248185,2.752269158472083,1.0437308961757883e-05
74.96000000000001,2.1468637714339653,2.563533814045691,2.7549253630602215,1.0467443605423736e-05
74.97,2.1478638392584757,2.5619573087422576,2.7575706316277104,1.0498634996179194e-05
74.98,2.1488750920904303,2.560359632465597,2.7602049180128843,1.0530869458984975e-05
74.99,2.1498976690357594,2.558740905346176,2.762828175109856,1.0564133333126604e-05
75.0,2.150931707313486,2.557101248197595,2.7654403548732467,1.0598412967582312e-05
75.01,2.151977342248254,2.5554407825203116,2.7680414083229175,1.0633694716505868e-05
75.02,2.153034707262956,2.5537596305053434,2.770631285548702,1.0669964934816284e-05
75.03,2.154103933871459,2.552057915037951,2.7732099357151414,1.070720997389072e-05
75.04,2.1551851516714313,2.5503357597012966,2.7757773070662255,1.0745416177382073e-05
75.05,2.156278488337274,2.548593288780076,2.77833334693014,1.0784569877149851e-05
75.06,2.1573840696131583,2.5468306272641317,2.780878001724023,1.0824657389297051e-05
75.07000000000001,2.1585020193061673,2.5450479008520333,2.7834112169587297,1.0865665010341467e-05
75.08,2.1596324592795524,2.543245235954635,2.7859329372436124,1.0907579013503819e-05
75.09,2.1607755094460983,2.5414227596986048,2.7884431062913135,1.0950385645113078e-05
75.10000000000001,2.1619312877616057,2.5395805999299212,2.790941666922575,1.0994071121143609e-05
75.11,2.163099910218487,2.537718885217345,2.793428561071067,1.1038621623878882e-05
75.12,2.164281490839485,2.5358377448558564,2.795903729788238,1.108402329870027e-05
75.13,2.165476141671511,2.533937308870062,2.798367113248186,1.1130262251010425e-05
75.14,2.166683972779608,2.532017708017567,2.8008186507525603,1.1177324543289468e-05
75.15,2.1679050922410408,2.530079073792317,2.8032582807354838,1.122519619227911e-05
75.16,2.1691396061395145,2.5281215384279014,2.8056859407685133,1.1273863166312269e-05
75.17,2.170387618559526,2.5261452349008238,2.8081015675656285,1.1323311382774987e-05
75.18,2.171649231580849,2.5241502969337333,2.810505096988258,1.1373526705702645e-05
75.19,2.1729245452731556,2.522136858998621,2.8128964640503424,1.1424494943525676e-05
75.2,2.1742136576907787,2.520105056319975,2.8152756029234407,1.1476201846956612e-05
75.21000000000001,2.1755166648676174,2.5180550248778983,2.817642446941877,1.152863310700816e-05
75.22,2.1768336608121857,2.5159869014111864,2.8199969286079356,1.1581774353172919e-05
75.23,2.1781647375028106,2.51390082342036,2.8223389795971046,1.163561115174191e-05
75.24,2.179509984882979,2.5117969291706594,2.8246685307633714,1.169012900426301e-05
75.25,2.180869490856842,2.509675357694995,2.826985512144572,1.174531334616328e-05
75.26,2.182243341284869,2.5075362487968507,2.8292898529677997,1.1801149545509313e-05
75.27,2.183631619979669,2.5053797430531453,2.8315814816548706,1.185762290192407e-05
75.28,2.185034408701967,2.503205981817046,2.833860325827857,1.1914718645652621e-05
75.29,2.1864517871567477,2.5010151072207347,2.8361263123146836,1.1972421936779813e-05
75.3,2.1878838329895687,2.4988072621781288,2.8383793671547926,1.2030717864607666e-05
75.31,2.1893306217830406,2.4965825903875483,2.8406194156048836,1.2089591447182953e-05
75.32000000000001,2.190792227053484,2.4943412363343365,2.8428463821447263,1.214902763097781e-05
75.33,2.19226872024776,2.4920833452934286,2.8450601904830513,1.220901129073323e-05
75.34,2.1937601707402825,2.4898090633318675,2.847260763563523,1.2269527229453125e-05
75.35000000000001,2.1952666458302104,2.487518537311267,2.849448023570795,1.2330560178557844e-05
75.36,2.196788210738827,2.4852119148902214,2.8516218919366527,1.2392094798197603e-05
75.37,2.198324928607106,2.4828893445266584,2.8537822893462477,1.2454115677720008e-05
75.38,2.1998768604934673,2.480550975480137,2.8559291357444216,1.251660733629758e-05
75.39,2.20144406537173,2.478196957814089,2.8580623503421285,1.2579554223715416e-05
75.4,2.2030266001292595,2.4758274423979993,2.860181851622955,1.264294072131736e-05
75.41,2.204624519565314,2.47344258090953,2.8622875573497417,1.2706751143109389e-05
75.42,2.206237876389594,2.471042525836582,2.86437938457131,1.2770969737025447e-05
75.43,2.207866721221,2.468627430479295,2.866457249629296,1.2835580686343565e-05
75.44,2.2095111025865926,2.4661974489519873,2.8685210681650943,1.2900568111272495e-05
75.45,2.2111710669207683,2.4637527361850284,2.870570755126917,1.296591607069311e-05
75.46000000000001,2.2128466585646485,2.461293447926649,2.872606224776965,1.3031608564047196e-05
75.47,2.2145379197656823,2.458819740744685,2.8746273906987216,1.3097629533400825e-05
75.48,2.2162448906774728,2.456331772028252,2.876634165804368,1.3163962865656243e-05
75.49,2.217967609359823,2.4538296999893556,2.878626462342319,1.3230592394913807e-05
75.5,2.2197061117790065,2.4513136836644285,2.8806041919048884,1.329750190500061e-05
75.51,2.221460431808268,2.448783882915799,2.882567265436086,1.3364675132153016e-05
75.52,2.223230601228551,2.446240458433086,2.8845155932395423,1.3432095767847031e-05
75.53,2.225016649729463,2.4436835717345256,2.8864490849865723,1.3499747461783322e-05
75.54,2.2268186049104703,2.4411133851682156,2.8883676497243718,1.3567613825027847e-05
75.55,2.228636492282337,2.4385300619132932,2.8902711958843583,1.3635678433299737e-05
75.56,2.2304703352688,2.43593376598103,2.89215963129065,1.3703924830411245e-05
75.57000000000001,2.2323201552084897,2.4333246622158526,2.894032863168691,1.3772336531854846e-05
75.58,2.2341859713570966,2.4307029162962817,2.895890798154023,1.3840897028530956e-05
75.59,2.2360678008897836,2.428068694735794,2.8977333423012044,1.3909589790633175e-05
75.60000000000001,2.2379656589038515,2.4254221648835985,2.899560401092882,1.3978398271666795e-05
75.61,2.2398795584216553,2.422763494925335,2.9013718794490146,1.4047305912605072e-05
75.62,2.241809510393776,2.420092853883684,2.90316768173625,1.4116296146199348e-05
75.63,2.243755523702451,2.417410411618894,2.9049477117774614,1.4185352401413401e-05
75.64,2.24571760516526,2.4147163388292205,2.9067118728614405,1.4254458107997872e-05
75.65,2.247695759539079,2.4120108070512805,2.908460067752751,1.4323596701201145e-05
75.66,2.2496899895242892,2.4092939886603117,2.9101921987017434,1.4392751626604583e-05
75.67,2.2517002957692593,2.406566056870348,2.911908167454736,1.4461906345089508e-05
75.68,2.2537266768750905,2.4038271857342988,2.913607875264355,1.4531044337927546e-05
75.69,2.255769129400632,2.401077550143936,2.915291222900047,1.4600149111997451e-05
75.7,2.2578276478677677,2.398317325829789,2.9169581106587543,1.4669204205122248e-05
75.71000000000001,2.2599022247669756,2.39554668936094,2.9186084383757604,1.4738193191522577e-05
75.72,2.261992850563161,2.392765818144724,2.920242105435706,1.480709968738039e-05
75.73,2.2640995137017663,2.3899748904263345,2.9218590107837734,1.487590735651911e-05
75.74,2.266222200615158,2.3871740852883203,2.923459052937044,1.494459991619741e-05
75.75,2.2683608957292907,2.3843635826499896,2.9250421299960263,1.5013161142995454e-05
75.76,2.2705155814706557,2.3815435632667086,2.9266081396563597,1.5081574878810154e-05
75.77,2.2726862382735056,2.3787142087290953,2.9281569792206863,1.5149825036951279e-05
75.78,2.274872844587365,2.3758757014621104,2.9296885456107016,1.5217895608330736e-05
75.79,2.2770753768848238,2.373028224724038,2.9312027353793755,1.5285770667742117e-05
75.8,2.279293809669614,2.3701719626053643,2.9326994447233505,1.535343438022237e-05
75.81,2.281528115484974,2.3673071000275407,2.93417856949551,1.542087100750556e-05
75.82000000000001,2.2837782649222964,2.364433822741642,2.9356400052177243,1.5488064914558387e-05
75.83,2.2860442266300667,2.3615523173269084,2.9370836470937687,1.5555000576184733e-05
75.84,2.2883259673230847,2.3586627711891763,2.9385093900224146,1.5621662583704776e-05
75.85000000000001,2.290623451791978,2.355765372559195,2.939917128610696,1.568803565170315e-05
75.86,2.2929366429130025,2.352860310490825,2.9413067571873457,1.5754104624836594e-05
75.87,2.29526550165813,2.3499477748591224,2.9426781698164044,1.581985448471029e-05
75.88,2.2976099871054276,2.347027956358302,2.944031260311002,1.5885270356802315e-05
75.89,2.2999700564497254,2.3441010464995813,2.9453659222473068,1.595033751743443e-05
75.9,2.302345665013571,2.341167237608903,2.9466820489786447,1.6015041400803763e-05
75.91,2.3047367662584772,2.3382267228245364,2.9479795336497863,1.6079367606043096e-05
75.92,2.3071433117964526,2.3352796960945508,2.9492582692113998,1.614330190432363e-05
75.93,2.309565251401827,2.3323263521741686,2.9505181484346688,1.6206830245992846e-05
75.94,2.3120025330233602,2.329366886622988,2.951759063926074,1.6269938767729764e-05
75.95,2.314455102796639,2.3264014958020804,2.9529809081423344,1.6332613799734853e-05
75.96000000000001,2.316922905056762,2.323430376870956,2.9541835734055115,1.6394841872938355e-05
75.97,2.31940588235131,2.3204537277844004,2.955366951918267,1.6456609726213224e-05
75.98,2.3219039754536,2.3174717472891797,2.956530935779279,1.65179043136025e-05
75.99,2.324417123376225,2.314484634920612,2.9576754169988098,1.6578712811547007e-05
76.0,2.3269452633848746,2.311492590999003,2.9588002875144253,1.6639022626121182e-05
76.01,2.3294883310124384,2.3084958166259484,2.959905439206861,1.669882140024873e-05
76.02,2.3320462600733887,2.305494513680499,2.9609907639160356,1.675809702091354e-05
76.03,2.3346189826784416,2.302488884815185,2.9620561534572047,1.6816837626365556e-05
76.04,2.3372064292494965,2.299479133451904,2.9631014996372564,1.6875031613283423e-05
76.05,2.339808528534848,2.2964654637776674,2.9641266942711417,1.6932667643925273e-05
76.06,2.342425207624672,2.2934480807402036,2.96513162919844,1.6989734653248367e-05
76.07000000000001,2.3450563919667844,2.2904271900434203,2.9661161963000526,1.704622185598402e-05
76.08,2.347702005382666,2.287402998142722,2.9670802875150244,1.7102118753681578e-05
76.09,2.350361970083755,2.284375712240179,2.9680237948574875,1.715741514169594e-05
76.10000000000001,2.3530362066880057,2.281345540279556,2.9689466104337243,1.7212101116125734e-05
76.11,2.3557246342367044,2.278312690941187,2.9698486264593464,1.7266167080702925e-05
76.12,2.3584271702115482,2.2752773736367042,2.9707297352765845,1.73196037536099e-05
76.13,2.3611437305519773,2.2722397985036165,2.971589829371684,1.7372402174235093e-05
76.14,2.3638742296727617,2.2692001763997367,2.972428801392408,1.742455370985216e-05
76.15,2.3666185804818363,2.2661587188974575,2.973246544165633,1.7476050062232178e-05
76.16,2.369376694398385,2.2631156382778714,2.9740429507150448,1.7526883274164965e-05
76.17,2.372148481371165,2.26007114752474,2.9748179142789204,1.7577045735891438e-05
76.18,2.3749338498970736,2.257025460318305,2.975571328327996,1.7626530191455514e-05
76.19,2.37773270703995,2.253978791028944,2.976303086583415,1.7675329744953598e-05
76.2,2.38054495844961,2.2509313547106697,2.9770130830347536,1.772343786668124e-05
76.21000000000001,2.3833705083811068,2.2478833670944667,2.9777012119581134,1.7770848399168766e-05
76.22,2.38620925971422,2.244835044581475,2.978367367934282,1.7817555563120626e-05
76.23,2.389061113973162,2.241786604236008,2.9790114458669534,1.7863553963229975e-05
76.24,2.391925971346501,2.2387382637784117,2.9796333410010014,1.790883859387148e-05
76.25,2.394803730707297,2.2356902415777595,2.9802329489408055,1.795340484467486e-05
76.26,2.3976942896334412,2.232642756644388,2.98081016566862,1.799724850596794e-05
76.27,2.4005975444282024,2.2295960286222627,2.9813648875629815,1.8040365774083585e-05
76.28,2.403513390140965,2.2265502777811848,2.981897011417148,1.808275325653519e-05
76.29,2.4064417205881656,2.2235057250088266,2.982406434457569,1.812440797704476e-05
76.3,2.409382428374411,2.220462591802605,2.982893054362374,1.8165327380425208e-05
76.31,2.4123354049137826,2.2174211002613844,2.9833567692798773,1.8205509337319025e-05
76.32000000000001,2.4153005404513155,2.214381473077012,2.9837974778470957,1.824495214877163e-05
76.33,2.418277724084649,2.211343933525687,2.984215079208267,1.8283654550660446e-05
76.34,2.421266843785843,2.208308705459153,2.984609473033367,1.8321615717956505e-05
76.35000000000001,2.4242677864233553,2.205276013295728,2.98498055953662,1.835883526881006e-05
76.36,2.427280437784169,2.202246082011158,2.985328239494994,1.8395313268481708e-05
76.37,2.4303046825960735,2.1992191371292997,2.9856524142666765,1.8431050233102983e-05
76.38,2.433340404550083,2.196195404712631,2.985952985809523,1.8466047133248875e-05
76.39,2.436387486322994,2.1931751113525877,2.9862298566994743,1.8500305397333516e-05
76.4,2.4394458096000697,2.190158484159728,2.986482930148932,1.8533826914835407e-05
76.41,2.4425152550978484,2.187145750753719,2.986712110025094,1.856661403932115e-05
76.42,2.445595702587068,2.1841371392531506,2.986917300868233,1.8598669591291888e-05
76.43,2.4486870309157025,2.181132878265174,2.987098407909921,1.8629996860837072e-05
76.44,2.4517891180320968,2.178133196874963,2.9872553370911885,1.8660599610086464e-05
76.45,2.4549018410082026,2.1751383246349967,2.9873879950806135,1.8690482075482197e-05
76.46000000000001,2.4580250760629005,2.1721484915541684,2.987496289292335,1.8719648969831265e-05
76.47,2.461158698585405,2.169163928086715,2.987580127903981,1.8748105484168205e-05
76.48,2.464302583158743,2.166184865120968,2.9876394198745095,1.8775857289418666e-05
76.49,2.4674566035833037,2.1632115339679245,2.9876740749619537,1.8802910537846473e-05
76.5,2.470620632900444,2.160244166349643,2.987684003741064,1.882927186429766e-05
76.51,2.4737945434161492,2.1572829943874554,2.9876691176208436,1.8854948387237845e-05
76.52,2.4769782067247403,2.154328250590002,2.987629328861968,1.8879947709569126e-05
76.53,2.480171493732614,2.151380167841085,2.987564550594086,1.8904277919242233e-05
76.54,2.4833742746820167,2.1484389793873415,2.9874746968329933,1.8927947589655106e-05
76.55,2.486586419174841,2.1455049188257362,2.9873596824976714,1.895096577982647e-05
76.56,2.489807796196432,2.1425782200908725,2.9872194234271907,1.8973342034357294e-05
76.57000000000001,2.4930382741394044,2.1396591174421227,2.9870538363974672,1.8995086383174706e-05
76.58,2.4962777208274534,2.136747845450576,2.9868628391378684,1.9016209341052562e-05
76.59,2.4995260035391595,2.1338446389858055,2.9866463503476623,1.903672190691813e-05
76.60000000000001,2.5027829890317737,2.130949733202452,2.986404289712304,1.905663556292891e-05
76.61,2.506048543564974,2.1280633635266266,2.9861365779195554,1.9075962273328226e-05
76.62,2.509322532924592,2.125185765642132,2.9858431366754283,1.909471448308389e-05
76.63,2.5126048224462907,2.1223171754764993,2.98552388871995,1.911290511630279e-05
76.64,2.5158952770391956,2.1194578291868424,2.9851787578427427,1.9130547574417034e-05
76.65,2.519193761209464,2.116607963145533,2.984807668898414,1.914765573414644e-05
76.66,2.522500139083786,2.113767813925689,2.9844105478217484,1.9164243945241843e-05
76.67,2.525814274432807,2.110937618286483,2.9839873216427018,1.9180327027999295e-05
76.68,2.5291360306944695,2.108117613158269,2.9835379185011863,1.9195920270553973e-05
76.69,2.5324652709972533,2.1053080356275222,2.9830622676616456,1.9211039425951303e-05
76.7,2.535801858183321,2.1025091229216013,2.9825602995274147,1.9225700708987164e-05
76.71000000000001,2.539145654831546,2.0997211123933264,2.9820319456548567,1.9239920792829862e-05
76.72,2.5424965232804233,2.0969442415053754,2.9814771387672763,1.925371680542518e-05
76.73,2.5458543256508515,2.0941787478144964,2.980895812768602,1.9267106325668024e-05
76.74,2.549218923868776,2.0914248689555417,2.9802879027568348,1.9280107379356348e-05
76.75,2.552590179687686,2.088682842625317,2.979653345037256,1.9292738434930507e-05
76.76,2.555967954710958,2.0859529065662508,2.978992077135395,1.9305018398986726e-05
76.77,2.5593521104140353,2.083235298549883,2.978304037809748,1.931696661157396e-05
76.78,2.5627425081664326,2.0805302563601717,2.9775891670642474,1.9328602841269537e-05
76.79,2.566139009253563,2.07783801777662,2.976847406160476,1.9339947280040808e-05
76.8,2.5695414748983723,2.0751588205572222,2.9760786976296236,1.9351020537893863e-05
76.81,2.5729497662827763,2.0724929024212315,2.9752829852841813,1.936184363730078e-05
76.82000000000001,2.57636374456889,2.069840501031747,2.974460214229373,1.937243800741909e-05
76.83,2.5797832709200406,2.0672018539781223,2.973610330874318,1.93828254781038e-05
76.84,2.5832082065215585,2.064577198758196,2.9727332829429227,1.9393028273696066e-05
76.85000000000001,2.58663841260133,2.061966772760344,2.9718290194845,1.9403069006616387e-05
76.86,2.5900737504501152,2.059370813245354,2.970897490884112,1.9412970670745208e-05
76.87,2.593514081441607,2.0567895573281234,2.969938648872635,1.9422756634594115e-05
76.88,2.5969592670522412,2.0542232419591824,2.9689524465365444,1.943245063428542e-05
76.89,2.6004091688807303,2.0516721039060384,2.967938838327414,1.944207676631627e-05
76.9,2.603863648667328,2.049136379734349,2.966897780071134,1.9451659480132434e-05
76.91,2.6073225683128074,2.046616305788919,2.965829228976843,1.9461223570500965e-05
76.92,2.6107857898971476,2.044112118174522,2.9647331436455704,1.9470794169682844e-05
76.93,2.6142531756979186,2.041624052736554,2.9636094840785887,1.948039673942072e-05
76.94,2.6177245882083606,2.0391523450415097,2.96245821168548,1.9490057062724613e-05
76.95,2.6211998901551445,2.0366972303572926,2.9612792892919075,1.9499801235472176e-05
76.96000000000001,2.624678944515809,2.0342589436333505,2.960072681147095,1.950965565782662e-05
76.97,2.6281616145358653,2.0318377194806443,2.958838352931016,1.9519647025452012e-05
76.98,2.6316477637455615,2.0294337921514485,2.9575762717612895,1.9529802320563955e-05
76.99,2.6351372559763004,2.027047395518982,2.9562864061997804,1.9540148802791804e-05
77.0,2.6386299553767,2.0246787630568748,2.9549687262589086,1.9550713999855273e-05
77.01,2.642125726428293,2.022328127818468,2.953623203407665,1.9561525698074957e-05
77.02,2.645624433960857,2.0199957224159504,2.9522498105773325,1.957261193269816e-05
77.03,2.6491259431673617,2.0176817789993295,2.950848522166919,1.958400097806028e-05
77.04,2.652630119618541,2.015386529235245,2.9494193140482947,1.9595721337575054e-05
77.05,2.656136829277065,2.0131102042856157,2.9479621635710402,1.9607801733552614e-05
77.06,2.6596459385113165,2.010853034786132,2.9464770495670063,1.9620271096855246e-05
77.07000000000001,2.6631573141087648,2.0086152508245876,2.944963952354584,1.963315855639295e-05
77.08,2.6666708232889236,2.006397081919052,2.943422853742689,1.964649342845648e-05
77.09,2.6701863337158924,2.004198756995893,2.941853737034459,1.9660305205890015e-05
77.10000000000001,2.673703713510474,2.002020504367638,2.9402565870306705,1.9674623547116107e-05
77.11,2.6772228312618593,1.9998625517106887,2.938631390032872,1.9689478265000517e-05
77.12,2.680743556038877,1.9977251260428812,2.9369781338462397,1.9704899315565342e-05
77.13,2.684265757400797,1.9956084537008953,2.9352968077821546,1.972091678656382e-05
77.14,2.687789305407691,1.9935127603175182,2.9335874026605078,1.9737560885905162e-05
77.15,2.691314070630333,1.9914382707987592,2.931849910811733,1.975486192993339e-05
77.16,2.694839924159643,1.9893852093008213,2.93008432607857,1.9772850331568416e-05
77.17,2.698366737615666,1.9873537992069272,2.9282906438175633,1.9791556588311394e-05
77.18,2.70189438315608,1.9853442631040061,2.9264688609003002,1.9811011270117385e-05
77.19,2.7054227334842302,1.9833568227592384,2.9246189757143854,1.9831245007131445e-05
77.2,2.7089516618566836,1.981391699096464,2.9227409881641657,1.985228847729153e-05
77.21000000000001,2.7124810420902974,1.9794491121724536,2.9208348996711995,1.987417239381791e-05
77.22,2.716010748568803,1.9775292811530456,2.9189007131744797,1.9896927492566155e-05
77.23,2.719540656248894,1.9756324242891519,2.916938433130414,1.9920584519261785e-05
77.24,2.7230706406658194,1.9737587588926315,2.914948065512563,1.9945174216624186e-05
77.25,2.726600577938476,1.9719085013120383,2.9129296178111463,1.9970727311362683e-05
77.26,2.730130344773999,1.9700818669082403,2.910883099032317,1.9997274501066665e-05
77.27,2.7336598184718417,1.9682790700299164,2.9088085196972076,2.0024846440985462e-05
77.28,2.737188876927349,1.9665003239889316,2.906705891840758,2.0053473730702618e-05
77.29,2.740717398634817,1.9647458410355914,2.9045752290103244,2.008318690069731e-05
77.3,2.744245262690033,1.9630158323337805,2.9024165462640803,2.011401639881377e-05
77.31,2.7477723487923056,1.9613105079359858,2.9002298601692065,2.0145992576634123e-05
77.32000000000001,2.7512985372459653,1.9596300767582067,2.898015188799883,2.0179145675741087e-05
77.33,2.7548237089613488,1.9579747465547568,2.8957725517350843,2.0213505813900067e-05
77.34,2.7583477454552567,1.9563447238929565,2.8935019700561866,2.024910297115871e-05
77.35000000000001,2.7618705288508876,1.954740214127722,2.8912034663443857,2.028596697584352e-05
77.36,2.7653919418772417,1.953161421376051,2.8888770646779403,2.032412749048028e-05
77.37,2.7689118678680003,1.9516085484914105,2.88652279062924,2.0363613997643684e-05
77.38,2.7724301907598736,1.9500817970380249,2.8841406712617066,2.0404455785721807e-05
77.39,2.775946795090422,1.9485813672650731,2.881730735126533,2.0446681934604617e-05
77.4,2.7794615659953448,1.9471074580807926,2.8792930122592693,2.0490321301309304e-05
77.41,2.7829743892052394,1.9456602670264949,2.8768275341762557,2.0535402505541073e-05
77.42,2.7864851510418345,1.9442399902504974,2.874334333870917,2.0581953915188564e-05
77.43,2.78999373841369,1.9428468224819713,2.8718134458099156,2.063000363175862e-05
77.44,2.7935000388113713,1.94148095700471,2.8692649059291786,2.06795794757549e-05
77.45,2.7970039403020928,1.9401425856308228,2.8666887516297965,2.0730708972013516e-05
77.46000000000001,2.80050533152384,1.938831898674354,2.8640850217738083,2.0783419334988446e-05
77.47,2.8040041016789643,1.9375490849248336,2.8614537566798712,2.083773745398218e-05
77.48,2.807500140527252,1.9362943316207604,2.85879499811883,2.0893689878349635e-05
77.49,2.810993338378479,1.9350678244230226,2.856108789309184,2.095130280266664e-05
77.5,2.8144835860844397,1.933869747388259,2.8533951749124675,2.101060205186266e-05
77.51,2.817970775030467,1.9327002829421627,2.8506542010285387,2.107161306632892e-05
77.52,2.821454797126432,1.931559611852734,2.8478859151907967,2.113436088699509e-05
77.53,2.8249355447972397,1.9304479132034833,2.8450903663613234,2.1198870140410018e-05
77.54,2.8284129109728138,1.929365364366588,2.8422676049259596,2.1265165023790193e-05
77.55,2.8318867890775805,1.9283121409760091,2.8394176826893265,2.1333269290062025e-05
77.56,2.8353570730194533,1.9272884169005697,2.8365406528697905,2.1403206232913883e-05
77.57000000000001,2.8388236571783225,1.926294364216999,2.8336365700943875,2.1474998671835415e-05
77.58,2.8422864363940548,1.9253301531829465,2.8307054903937052,2.1548668937170614e-05
77.59,2.845745305954006,1.924395952209971,2.827747471196735,2.1624238855180804e-05
77.60000000000001,2.849200161580057,1.9234919278365068,2.8247625713256994,2.1701729733127123e-05
77.61,2.8526508994151696,1.9226182447008127,2.8217508509908584,2.1781162344376996e-05
77.62,2.8560974160094776,1.9217750655139074,2.8187123717853053,2.1862556913534266e-05
77.63,2.859539608305913,1.920962551032496,2.815647196679757,2.1945933101607145e-05
77.64,2.8629773736253736,1.9201808600318901,2.812555390017344,2.2031309991220552e-05
77.65,2.8664106096514423,1.9194301492789305,2.809437017508406,2.2118706071868433e-05
77.66,2.8698392144146614,1.9187105735049104,2.8062921462253043,2.2208139225220397e-05
77.67,2.87326308627637,1.9180222853785105,2.803120844597252,2.2299626710491043e-05
77.68,2.8766821239121145,1.917365435478745,2.799923182405169,2.2393185149872204e-05
77.69,2.8800962262946324,1.9167401722679274,2.7966992307765692,2.248883051403646e-05
77.7,2.883505292676428,1.9161466420646576,2.793449062180488,2.2586578107729233e-05
77.71000000000001,2.886909222571941,1.9155849890168382,2.7901727504224505,2.2686442555435108e-05
77.72,2.8903079157393163,1.9150553550747227,2.78687037063949,2.278843778713605e-05
77.73,2.8937012721617874,1.9145578799640013,2.7835419992952257,2.289257702418828e-05
77.74,2.8970891920286816,1.9140927011589304,2.7801877141749953,2.299887276529388e-05
77.75,2.900471575716055,1.913659953855509,2.77680759438106,2.3107336772589925e-05
77.76,2.9038483237669666,1.91325977094471,2.7734017203278785,2.321798005786317e-05
77.77,2.9072193368714054,1.9128922829857675,2.769970173737459,2.3330812868893875e-05
77.78,2.9105845158458754,1.9125576181795323,2.766513037634796,2.3445844675945057e-05
77.79,2.9139437616126513,1.9122559023418932,2.763030396343392,2.35630841583988e-05
77.8,2.9172969751787194,1.9119872588772757,2.7595223354808747,2.3682539191543994e-05
77.81,2.9206440576144073,1.911751808752221,2.7559889419547106,2.3804216833537532e-05
77.82000000000001,2.923984910031721,1.9115496704690518,2.7524303039580214,2.3928123312534187e-05
77.83,2.9273194335623955,1.9113809600396314,2.7488465109655076,2.4054264013997053e-05
77.84,2.9306475293356753,1.9112457909592202,2.7452376537294847,2.418264346821354e-05
77.85000000000001,2.9339690984558326,1.9111442741804376,2.7416038242760323,2.4313265338001905e-05
77.86,2.9372840419794404,1.9110765180873348,2.737945115901266,2.444613240662462e-05
77.87,2.9405922608924087,1.9110426284695838,2.7342616231677344,2.4581246565937105e-05
77.88,2.9438936560868,1.9110427084967903,2.730553441900938,2.471860880475569e-05
77.89,2.9471881283374355,1.9110768586929363,2.726820669185988,2.4858219197468473e-05
77.9,2.9504755782783065,1.9111451769109586,2.7230634033643932,2.5000076892902762e-05
77.91,2.9537559063788037,1.9112477583074698,2.7192817440309884,2.5144180103438326e-05
77.92,2.95702901291978,1.91138469531763,2.7154757920310053,2.5290526094405883e-05
77.93,2.960294797969459,1.911556077630172,2.711645649457286,2.5439111173761723e-05
77.94,2.963553161359206,1.911761992162594,2.7077914196476445,2.558993068205307e-05
77.95,2.966804002659173,1.9120025230365165,2.703913207182379,2.574297898268385e-05
77.96000000000001,2.9700472211538367,1.9122777515532219,2.7000111178819366,2.5898249452497065e-05
77.97,2.97328271581744,1.9125877561693743,2.696085258804733,2.6055734472678986e-05
77.98,2.976510385289359,1.912932612472933,2.6921357382451285,2.6215425419999584e-05
77.99,2.9797301278494004,1.9133123931592628,2.6881626657315643,2.637731265840156e-05
78.0,2.98294184139306,1.9137271680074532,2.6841661520248574,2.6541385530933792e-05
78.01,2.9861454234067417,1.9141770038568482,2.6801463091166604,2.6707632352066147e-05
78.02,2.9893407709429676,1.9146619645837997,2.6761032502280826,2.6876040400377764e-05
78.03,2.9925277805955863,1.9151821110786489,2.672037089808478,2.704659591164052e-05
78.04,2.995706348475002,1.9157375012229445,2.6679479435343967,2.7219284072298963e-05
78.05,2.998876370183434,1.9163281898669062,2.663835928308704,2.7394089013357336e-05
78.06,3.002037740790232,1.9169542288071402,2.659701162259867,2.757099380470818e-05
78.07000000000001,3.00519035480726,1.9176156667646156,2.655543764741408,2.7749980449885374e-05
78.08,3.0083341061643636,1.9183125493629105,2.651363856331526,2.7931029881264605e-05
78.09,3.011468888184944,1.9190449191067342,2.647161558832883,2.811412195572313e-05
78.10000000000001,3.014594593561651,1.9198128153607361,2.642936995272563,2.829923545076687e-05
78.11,3.017711114332217,1.9206162743286075,2.638690289902194,2.8486348061149013e-05
78.12,3.020818341855445,1.921455329032487,2.634421568198235,2.8675436395971394e-05
78.13,3.0239161667873753,1.9223300092926763,2.6301309568624327,2.8866475976288187e-05
78.14,3.027004479057642,1.9232403417076764,2.6258185838224404,2.9059441233227256e-05
78.15,3.030083167846041,1.9241863496345528,2.621484578232599,2.9254305506638767e-05
78.16,3.0331521215593296,1.9251680531696371,2.6171290704748804,2.945104104428464e-05
78.17,3.036211227808272,1.9261854691295772,2.6127521921599923,2.9649619001554455e-05
78.18,3.039260373384951,1.9272386110327409,2.60835407612864,2.9850009441760908e-05
78.19,3.0422994442403666,1.928327489080986,2.6039348564529443,3.0052181336997477e-05
78.2,3.0453283254623345,1.929452110141804,2.599494668438013,3.0256102569565583e-05
78.21000000000001,3.0483469012537108,1.9306124777308467,2.595033648623665,3.046173993400038e-05
78.22,3.051355054910956,1.9318085919948456,2.590551934786304,3.066905913968271e-05
78.23,3.0543526688030553,1.9330404496949338,2.5860496659409358,3.0878024814075814e-05
78.24,3.0573396243508237,1.9343080441903797,2.58152698234333,3.108860050656339e-05
78.25,3.060315802006602,1.9356113654227407,2.576984025492323,3.130074869291813e-05
78.26,3.0632810812343716,1.9369503999004498,2.572420938132254,3.1514430780408154e-05
78.27,3.066235340490303,1.9383251306838412,2.567837864255538,3.1729607113538974e-05
78.28,3.069178457203758,1.939735537370626,2.563234949105367,3.194623698045645e-05
78.29,3.0721103077587624,1.9411815960818306,2.5586123391785334,3.2164278620003675e-05
78.3,3.0750307674759707,1.9426632794482017,2.553970182228378,3.23836892294396e-05
78.31,3.0779397105951376,1.9441805565970942,2.5493086272678545,3.26044249728419e-05
78.32000000000001,3.0808370102581186,1.9457333931398475,2.544627824572706,3.282644099018152e-05
78.33,3.083722538492416,1.9473217511596623,2.539927925684749,3.304969140708391e-05
78.34,3.0865961661952865,1.9489455891999878,2.5352090834152614,3.327412934528731e-05
78.35000000000001,3.0894577631184346,1.950604862253428,2.530471451848469,3.349970693379735e-05
78.36,3.0923071978533025,1.9522995217511794,2.525715186345123,3.372637532073606e-05
78.37,3.095144337816979,1.9540295155530085,2.52094044354617,3.395408468591214e-05
78.38,3.097969049238745,1.9557947879377804,2.5161473813764994,3.418278425409298e-05
78.39,3.1007811971472687,1.9575952795945473,2.5113361590487715,3.44124223089795e-05
78.4,3.103580645358474,1.9594309276142083,2.506506937067316,3.464294620792543e-05
78.41,3.106367256464096,1.9613016654817512,2.501659877232096,3.487430239735183e-05
78.42,3.1091408918209367,1.9632074230690841,2.496795142642732,3.510643642888979e-05
78.43,3.111901411540847,1.9651481266284696,2.4919128977025795,3.5339292976251e-05
78.44,3.114648674481443,1.9671236987865703,2.487013308122855,3.557281585280705e-05
78.45,3.1173825382375724,1.9691340585391162,2.4820965409268014,3.580694802989501e-05
78.46000000000001,3.120102859133556,1.9711791212462038,2.4771627644538925,3.604163165585734e-05
78.47,3.1228094922162093,1.973258798628238,2.47221214836406,3.6276808075781795e-05
78.48,3.125502291248664,1.9753729987625248,2.467244863641948,3.6512417851965775e-05
78.49,3.128181108705006,1.9775216260805277,2.4622610826011804,3.674840078510159e-05
78.5,3.1308457957657416,1.9797045813657947,2.4572609788886357,3.698469593615882e-05
78.51,3.1334962023141055,1.9819217617525682,2.4522447274887265,3.722124164898222e-05
78.52,3.1361321769332267,1.9841730607250865,2.447212504727671,3.7457975573586735e-05
78.53,3.1387535669041653,1.986458368117587,2.442164488277755,3.769483469014568e-05
78.54,3.1413602182048317,1.98877757011502,2.4371008571615724,3.793175533367484e-05
78.55,3.1439519755098018,1.991130549254485,2.43202179175624,3.816867321939098e-05
78.56,3.1465286821910405,1.9935171844273947,2.42692747379758,3.8405523468733775e-05
78.57000000000001,3.149090180319543,1.9959373508823814,2.4218180863842615,3.864224063607471e-05
78.58,3.15163631066791,1.9983909202289514,2.4166938139818934,3.887875873605744e-05
78.59,3.15416691271386,2.0008777604418966,2.411554842427063,3.9115011271586346e-05
78.60000000000001,3.1566818246446977,2.0033977358664754,2.4064013589313125,3.935093126245999e-05
78.61,3.1591808833627386,2.005950707224368,2.4012335520850447,3.958645127460754e-05
78.62,3.1616639244917093,2.0085365316204156,2.3960516118613535,3.982150344994097e-05
78.63,3.1641307823841216,2.011155062550158,2.3908557296197683,4.005601953679221e-05
78.64,3.1665812901296357,2.0138061499081665,2.3856460981099086,4.0289930920933066e-05
78.65,3.1690152795644186,2.016489639997191,2.3804229114750384,4.052316865716411e-05
78.66,3.171432581281501,2.019205375538126,2.375186365255515,4.0755663501428975e-05
78.67,3.173833024642143,2.0219531956807963,2.369936656392125,4.098734594348167e-05
78.68,3.1762164377882125,2.0247329360155875,2.3646739832292982,4.12181462400521e-05
78.69,3.1785826476555807,2.0275444285859052,2.3593985455181943,4.144799444850054e-05
78.7,3.1809314799885406,2.0303875019014934,2.354110544419655,4.1676820460956884e-05
78.71000000000001,3.183262759355249,2.0332619809526005,2.348810182507013,4.190455403889546e-05
78.72,3.1855763091641998,2.036167687225012,2.343497663768752,4.2131124848163465e-05
78.73,3.1878719516817267,2.0391044387159503,2.338173193611011,4.235646249439562e-05
78.74,3.190149508050538,2.04207204995085,2.332836978859924,4.258049655883073e-05
78.75,3.1924087983092853,2.0450703320010137,2.327489227763791,4.2803156634492584e-05
78.76,3.194649641413165,2.048099092502156,2.3221301499950693,4.302437236269399e-05
78.77,3.1968718552555537,2.0511581356738358,2.316759956652186,4.324407346988226e-05
78.78,3.1990752566906737,2.0542472623397923,2.3113788602611542,4.3462189804752913e-05
78.79,3.2012596615572884,2.057366269949176,2.3059870747769953,4.3678651375629376e-05
78.8,3.2034248847034243,2.0605149525986923,2.300584815584959,4.389338838809658e-05
78.81,3.2055707400121163,2.063693101055653,2.29517229950153,4.410633128282409e-05
78.82000000000001,3.207697040428169,2.066900502781942,2.289749744775221,4.431741077358361e-05
78.83,3.2098035979859354,2.0701369419589013,2.2843173710871443,4.452655788541289e-05
78.84,3.211890223838099,2.0734021995131373,2.2788753995513513,4.4733703992914846e-05
78.85000000000001,3.2139567282854595,2.076696053143252,2.273424052714942,4.493878085864198e-05
78.86,3.2160029208077083,2.080018277347499,2.2679635545579324,4.5141720671544624e-05
78.87,3.2180286100951916,2.0833686434523715,2.2624941304928767,4.53424560854784e-05
78.88,3.220033604081647,2.0867469196421173,2.2570160073642374,4.55409202576825e-05
78.89,3.2220177099779064,2.0901528709891886,2.2515294134475012,4.5737046887248505e-05
78.9,3.223980734306554,2.093586259485621,2.2460345784480316,4.593077025354404e-05
78.91,3.225922482937525,2.0970468440753502,2.2405317334996537,4.6122025254528635e-05
78.92,3.2278427611246383,2.1005343806874563,2.23502111116297,4.6310747444954734e-05
78.93,3.2297413735430442,2.104048622270347,2.229502945423398,4.649687307441845e-05
78.94,3.231618124327576,2.107589318826866,2.2239774716889253,4.668033912522429e-05
78.95,3.23347281711199,2.1111562174503393,2.2184449267875834,4.686108335003493e-05
78.96000000000001,3.2353052550690795,2.1147490623615446,2.212905548964627,4.703904430926883e-05
78.97,3.2371152409516433,2.1183675949466103,2.207359577879422,4.7214161408215866e-05
78.98,3.238902577134295,2.12201155379584,2.201807254602034,4.738637493383635e-05
78.99,3.240667065656092,2.1256806747434553,2.196248821609519,4.755562609122333e-05
79.0,3.2424085082639675,2.129374690908259,2.190684522781901,4.772185703968018e-05
79.01,3.2441267064569463,2.1330933327352093,2.1851146033978495,4.788501092838083e-05
79.02,3.2458214615311203,2.1368363280379077,2.17953931013004,4.804503193159615e-05
79.03,3.2474925746253662,2.1406034020419855,2.1739588910401997,4.8201865283448294e-05
79.04,3.2491398467677843,2.144394277429394,2.1683735955738364,4.835545731215027e-05
79.05,3.2507630789228315,2.148208674383584,2.1627836745546465,4.850575547371406e-05
79.06,3.2523620720391273,2.152046310635576,2.157189380178599,4.865270838509025e-05
79.07000000000001,3.253936627097913,2.155906901510903,2.151590966007695,4.879626585671039e-05
79.08,3.25548654516213,2.159790159977434,2.145988686963397,4.8936378924406366e-05
79.09,3.2570116274261003,2.1636957966940535,2.1403827993197315,4.907299988066739e-05
79.10000000000001,3.25851167526578,2.1676235200602023,2.134773560696058,4.9206082305216376e-05
79.11,3.2599864902895583,2.1715730362662624,2.129161230049504,4.933558109486084e-05
79.12,3.261435874389574,2.1755440493447784,2.123546067667068,4.946145249262858e-05
79.13,3.2628596297935255,2.179536261222509,2.117928335157382,4.9583654116105915e-05
79.14,3.264257559116939,2.183549371773291,2.1123082954421415,4.970214498500598e-05
79.15,3.2656294654158753,2.1875830788717128,2.106686212747194,4.9816885547917065e-05
79.16,3.2669751522400334,2.1916370784475796,2.1010623525932894,4.992783770818028e-05
79.17,3.2682944236862324,2.195711064541162,2.0954369817864924,5.003496484893776e-05
79.18,3.269587084452231,2.199804729359212,2.0898103684082514,5.0138231857272016e-05
79.19,3.2708529398908626,2.2039177633317384,2.0841827818051306,5.02376051474397e-05
79.2,3.2720917960644447,2.2080498551695236,2.0785544925782,5.033305268316808e-05
79.21000000000001,3.2733034597994393,2.212200691922368,2.072925772572085,5.042454399900753e-05
79.22,3.2744877387413247,2.216369959038051,2.0672968948636763,5.051205022070945e-05
79.23,3.2756444414096504,2.2205573404219905,2.0616681337505005,5.059554408461808e-05
79.24,3.2767733772532392,2.224762518497584,2.05603976473875,5.067499995605841e-05
79.25,3.2778743567055044,2.2289851742672213,2.050412064530976,5.07503938467043e-05
79.26,3.2789471912398453,2.2332249873739447,2.0447853110134426,5.0821703430912606e-05
79.27,3.279991693425093,2.237481636163745,2.0391597832431456,5.088890806100976e-05
79.28,3.2810076769809613,2.2417547977484746,2.0335357614344924,5.0951988781518435e-05
79.29,3.2819949568334827,2.2460441480693585,2.0279135269456523,5.101092834231914e-05
79.3,3.282953349170379,2.2503493619610864,2.022293362264569,5.106571121072043e-05
79.31,3.2838826714963414,2.254670113216465,2.0166755509946452,5.111632358245371e-05
79.32000000000001,3.284782742688185,2.2590060746516154,2.0110603778400957,5.116275339157709e-05
79.33,3.285653383049836,2.2633569181716897,2.0054481285909715,5.1204990319254654e-05
79.34,3.2864944143671204,2.2677223148370933,1.9998390901078607,5.1243025801460303e-05
79.35000000000001,3.2873056599623216,2.2721019349301876,1.9942335503062611,5.127685303555386e-05
79.36,3.288086944748464,2.276495448022453,1.9886317981406345,5.1306466985747685e-05
79.37,3.2888380952832947,2.2809025230420934,1.9830341235881381,5.1331864387475605e-05
79.38,3.2895589398229226,2.2853228283420575,1.9774408176320404,5.135304375063822e-05
79.39,3.290249308375084,2.289756031768457,1.9718521722448206,5.137000536174453e-05
79.4,3.2909090327519968,2.2942018007293568,1.9662684803709558,5.138275128494121e-05
79.41,3.291537946622769,2.2986598022639164,1.9606900359093984,5.139128536195183e-05
79.42,3.2921358855653273,2.30312970311186,1.9551171336957456,5.1395613210916566e-05
79.43,3.2927026871178313,2.307611169783249,1.9495500694841048,5.139574222413455e-05
79.44,3.2932381908295385,2.312103868628534,1.9439891399286566,5.13916815647342e-05
79.45,3.2937422383110864,2.316607465908866,1.9384346425649197,5.138344216226666e-05
79.46000000000001,3.2942146732841593,2.3211216278666353,1.9328868757907196,5.137103670724583e-05
79.47,3.294655341630505,2.325646020796221,1.9273461388468647,5.135447964462729e-05
79.48,3.295064091440269,2.330180311114919,1.9218127317975324,5.13337871662534e-05
79.49,3.295440773059615,2.33472416543403,1.91628695551037,5.1308977202284515e-05
79.5,3.2957852391375964,2.3392772506300767,1.9107691116363108,5.128006941160573e-05
79.51,3.296097344672252,2.343839233916128,1.9052595025891117,5.124708517124724e-05
79.52,3.296376947055893,2.3484097829132007,1.899758431524614,5.121004756483946e-05
79.53,3.2966239061195455,2.35298856572172,1.8942662023197312,5.116898137009465e-05
79.54,3.2968380841765317,2.3575752509930012,1.8887831195511664,5.11239130453507e-05
79.55,3.2970193460651456,2.362169508000737,1.8833094884738657,5.107487071520578e-05
79.56,3.2971675591904037,2.3667710067124585,1.8778456149992073,5.102188415524766e-05
79.57000000000001,3.297282593564842,2.371379417860942,1.8723918056729323,5.096498477590475e-05
79.58,3.2973643218483293,2.3759944130155404,1.8669483676528205,5.090420560543855e-05
79.59,3.2974126193868685,2.3806156646534054,1.8615156086861142,5.083958127211081e-05
79.60000000000001,3.2974273642503693,2.3852428462305797,1.8560938370866953,5.0771147985543035e-05
79.61,3.297408437269356,2.3898756322529278,1.850683361712016,5.069894351727949e-05
79.62,3.2973557220705922,2.3945136983468793,1.8452844919397913,5.0623007180601504e-05
79.63,3.2972691051115977,2.3991567213299607,1.839897537644454,5.054337980960121e-05
79.64,3.2971484757140352,2.403804379281082,1.834522809173377,5.046010373755433e-05
79.65,3.296993726095945,2.40845635161056,1.8291606173228665,5.037322277461176e-05
79.66,3.296804751402806,2.4131123191298403,1.82381127331393,5.028278218481844e-05
79.67,3.296581449737401,2.4177719641209015,1.818475088767824,5.01888286625284e-05
79.68,3.2963237221884736,2.422434970405307,1.8131523756813834,5.0091410308212366e-05
79.69,3.296031472858152,2.4271010234128814,1.8078434464021373,4.9990576603680886e-05
79.7,3.295704608888124,2.43176981024998,1.802548613603217,4.9886378386780665e-05
79.71000000000001,3.295343040484548,2.4364410197673334,1.7972681902580565,4.9778867825569534e-05
79.72,3.2949466809416843,2.4411143426274284,1.792002489614893,4.966809839200364e-05
79.73,3.294515446664231,2.4457894713714103,1.7867518251710686,4.955412483516658e-05
79.74,3.294049257188353,2.4504661004854715,1.7815165106471402,4.9437003154066887e-05
79.75,3.2935480352013893,2.4551439264667043,1.7762968599607984,4.931679057003818e-05
79.76,3.2930117065602293,2.4598226478883904,1.7710931872006015,4.919354549876867e-05
79.77,3.2924402003083455,2.464501965464703,1.7659058065995283,4.9067327521986504e-05
79.78,3.291833448691475,2.4691815821147935,1.7607350325083542,4.8938197358814944e-05
79.79,3.291191387171942,2.4738612030262357,1.755581179368853,4.880621683686458e-05
79.8,3.2905139544416095,2.478540535717809,1.7504445616868303,4.867144886305569e-05
79.81,3.2898010924334584,2.4832192901015877,1.7453254940049927,4.853395739419665e-05
79.82000000000001,3.2890527463317887,2.487897178544316,1.7402242908756553,4.839380740738136e-05
79.83,3.288268864581034,2.492573915928044,1.7351412668332933,4.8251064870197494e-05
79.84,3.287449398893191,2.497249219709998,1.7300767363669411,4.810579671078079e-05
79.85000000000001,3.2865943042538595,2.501922809981665,1.7250310138924443,4.7958070787756195e-05
79.86,3.28570353892689,2.5065944095270636,1.720004413724566,4.780795586006995e-05
79.87,3.284777064457644,2.511263743880181,1.7149972500489565,4.7655521556762226e-05
79.88,3.2838148456748617,2.5159305413815525,1.710009836893985,4.7500838346688175e-05
79.89,3.282816850691143,2.52059453323396,1.705042488102442,4.734397750820687e-05
79.9,3.2817830509020416,2.5252554535572296,1.7000955173031165,4.7185011098885025e-05
79.91,3.280713420983783,2.529913039442102,1.6951692378822483,4.7024011925216324e-05
79.92,3.2796079388895985,2.534567031003161,1.6902639629548655,4.686105351239303e-05
79.93,3.2784665858446957,2.539217171430791,1.685380005336007,4.669621007414094e-05
79.94,3.277289346339861,2.5438632070421514,1.6805176775118382,4.6529556482651546e-05
79.95,3.276076208123708,2.54850488733114,1.675677291610661,4.636116823862527e-05
79.96000000000001,3.274827162193579,2.553141965017332,1.6708591593738253,4.619112144143668e-05
79.97,3.273542202785109,2.55777419609387,1.6660635921265456,4.601949275946202e-05
79.98,3.2722213273604615,2.5624013398742904,1.661290900748627,4.5846359400570077e-05
79.99,3.27086453659525,2.567023159038267,1.6565413956451063,4.5671799082801546e-05
80.0,3.269471834364158,2.5716394196762487,1.6518153867168113,4.549589000525532e-05
80.01,3.2680432277252667,2.5762498913329845,1.647113183330845,4.531871081918505e-05
80.02,3.2665787269031092,2.580854347049907,1.6424350942909982,4.5140340599350906e-05
80.03,3.2650783452704633,2.585452563406368,1.637781427808095,4.4960858815608584e-05
80.04,3.2635420993288995,2.5900443205597026,1.6331524914702782,4.478034530475827e-05
80.05,3.2619700086881016,2.5946294022841125,1.628548592213236,4.459888024268938e-05
80.06,3.260362096043976,2.599207596008349,1.6239700362903786,4.441654411680682e-05
80.07000000000001,3.258718387155568,2.6037786928521847,1.6194171292429678,4.4233417698762434e-05
80.08,3.2570389108208047,2.6083424876616577,1.6148901758702037,4.4049582017493524e-05
80.09,3.255323698851084,2.6128987790430767,1.6103894801992757,4.386511833259046e-05
80.10000000000001,3.2535727860447285,2.6174473693957734,1.6059153454553825,4.368010810800653e-05
80.11,3.2517862101593287,2.621988064943591,1.6014680740317233,4.349463298609466e-05
80.12,3.249964011882991,2.6265206757650947,1.5970479674594704,4.3308774761998805e-05
80.13,3.2481062348045207,2.631045015822498,1.5926553263777241,4.312261535841186e-05
80.14,3.246212925382555,2.635560902989287,1.5882904505034565,4.2936236800688335e-05
80.15,3.2442841329136756,2.640068159076542,1.5839536386014506,4.274972119232208e-05
80.16,3.2423199094995203,2.6445666098579386,1.5796451884542386,4.2563150690807806e-05
80.17,3.2403203100129208,2.649056085093423,1.5753653968320451,4.237660748387633e-05
80.18,3.2382853920630903,2.653536418551554,1.5711145594627407,4.219017376611611e-05
80.19,3.236215215959887,2.658007448030506,1.5668929710018107,4.200393171597663e-05
80.2,3.2341098446771794,2.662469015377717,1.5627009250023458,4.181796347314951e-05
80.21000000000001,3.2319693438153396,2.666920966508187,1.558538713885059,4.1632351116356744e-05
80.22,3.229793781562889,2.671363151421412,1.554406628908334,4.144717664151843e-05
80.23,3.2275832286573287,2.6757954242169513,1.5503049601383105,4.126252194030592e-05
80.24,3.225337758345177,2.6802176431086258,1.5462339964190137,4.107846877909576e-05
80.25,3.2230574463412434,2.684629670437337,1.5421940253425306,4.089509877830393e-05
80.26,3.220742370787168,2.689031372682509,1.5381853332192412,4.0712493392112044e-05
80.27,3.218392612209254,2.6934226204721465,1.5342082050481076,4.0530733888572736e-05
80.28,3.216008253475622,2.697803288591509,1.5302629244870285,4.034990133010734e-05
80.29,3.2135893797527113,2.7021732559903957,1.5263497738232639,4.017007655437454e-05
80.3,3.2111360784611676,2.706532405789044,1.5224690339439348,3.999134015551887e-05
80.31,3.20864843923113,2.710880625282636,1.5186209843066045,3.981377246579668e-05
80.32000000000001,3.206126553856963,2.7152178059444174,1.5148059029099452,3.963745353755807e-05
80.33,3.2035705162514527,2.7195438434274255,1.5110240662644978,3.946246312560554e-05
80.34,3.2009804223994975,2.7238586375648275,1.5072757493635276,3.928888066990133e-05
80.35000000000001,3.198356370311328,2.728162092368872,1.5035612256539834,3.91167852786271e-05
80.36,3.195698459975281,2.7324541160284537,1.499880767007564,3.894625571159436e-05
80.37,3.1930067933101607,2.736734620905296,1.4962346436918978,3.8777370363990756e-05
80.38,3.19028147411721,2.7410035235287484,1.4926231243418409,3.861020725046322e-05
80.39,3.1875226080317325,2.7452607445892125,1.489046475930898,3.844484398952733e-05
80.4,3.1847303024743834,2.7495062089301885,1.4855049637427729,3.8281357788283275e-05
80.41,3.1819046666021684,2.753739845538955,1.4819988513430526,3.811982542745554e-05
80.42,3.179045811259173,2.7579615875358825,1.4785284005510293,3.79603232467446e-05
80.43,3.176153848927054,2.7621713721623915,1.4750938714116661,3.780292713044812e-05
80.44,3.173228893675326,2.76636914076755,1.4716955221677124,3.7647712493384455e-05
80.45,3.170271061111464,2.77055483879333,1.4683336092319708,3.749475426709612e-05
80.46000000000001,3.1672804683308597,2.7747284157585184,1.4650083871597237,3.734412688631611e-05
80.47,3.1642572338666555,2.778889825241298,1.4617201086213216,3.719590427569928e-05
80.48,3.1612014776394837,2.783039024860499,1.4584690243749383,3.7050159836800106e-05
80.49,3.1581133209071437,2.7871759762555355,1.455255383239498,3.690696643530384e-05
80.5,3.1549928862142416,2.79130064506503,1.4520794320677788,3.6766396388469974e-05
80.51,3.151840297341822,2.7954130009041367,1.4489414157196947,3.6628521452820196e-05
80.52,3.148655679257017,2.799513017340576,1.445841577035764,3.649341281203795e-05
80.53,3.145439158062746,2.8036006718693836,1.4427801568107639,3.6361141065052786e-05
80.54,3.142190860947485,2.8076759458863902,1.4397573937675776,3.6231776214336804e-05
80.55,3.1389109161351394,2.811738824660438,1.436773524531238,3.6105387654387215e-05
80.56,3.1355994528350406,2.8157892973043452,1.43382878360317,3.59820441603767e-05
80.57000000000001,3.1322566011921,2.819827356744636,1.430923403335635,3.5861813876967815e-05
80.58,3.1288824922371385,2.8238529996900357,1.428057613906383,3.574476430728358e-05
80.59,3.125477257837423,2.827866226598753,1.4252316432935124,3.5630962302030686e-05
80.60000000000001,3.1220410306474298,2.8318670416445575,1.4224457172505431,3.552047404875298e-05
80.61,3.1185739440598654,2.8358554526816664,1.4197000592817044,3.541336506120597e-05
80.62,3.1150761321569638,2.839831471208449,1.4169948906174406,3.530970016885064e-05
80.63,3.1115477296620884,2.8437951123299676,1.4143304301901367,3.520954350646246e-05
80.64,3.107988871891658,2.847746394719367,1.411706894610068,3.511295850381903e-05
80.65,3.104399694707426,2.8516853405781197,1.4091244981415727,3.502000787548389e-05
80.66,3.1007803344691274,2.855611975595153,1.4065834526794534,3.4930753610676134e-05
80.67,3.0971309279875245,2.859526328904859,1.4040839677256054,3.484525696318713e-05
80.68,3.093451612477868,2.863428433044014,1.4016262503658774,3.4763578441364e-05
80.69,3.089742525513795,2.8673183239076074,1.3992105052471628,3.468577779814879e-05
80.7,3.0860038049816887,2.8711960407036146,1.396836934554724,3.4611914021149015e-05
80.71000000000001,3.0822355890355166,2.8750616259067088,1.394505737989752,3.454204532272937e-05
80.72,3.07843801605217,2.8789151252109413,1.3922171127471605,3.447622913013742e-05
80.73,3.0746112245873225,2.882756587481399,1.3899712534936157,3.441452207564109e-05
80.74,3.070755353331827,2.886586064704858,1.3877683523458029,3.435697998665305e-05
80.75,3.0668705410686745,2.8904036119394445,1.3856085988489297,3.430365787585527e-05
80.76,3.0629569266305254,2.894209287263328,1.3834921799554658,3.425460993132088e-05
80.77,3.059014648857838,2.8980031517224525,1.3814192800041196,3.4209889506595114e-05
80.78,3.0550438465576075,2.9017852692773305,1.3793900806990511,3.41695491107451e-05
80.79,3.051044658462735,2.90555570674891,1.377404761089321,3.413364039837817e-05
80.8,3.047017223192042,2.909314533763538,1.3754634975485747,3.410221415960272e-05
80.81,3.042961679210947,2.91306182269703,1.3735664637549607,3.407532030994176e-05
80.82000000000001,3.038878164792818,2.91679764861787,1.3717138306712822,3.40530078801697e-05
80.83,3.034766817981019,2.9205220892295505,1.3699057665253802,3.4035325006072567e-05
80.84,3.0306277765516656,2.9242352248120764,1.368142436790748,3.402231891815061e-05
80.85000000000001,3.0264611779770965,2.9279371381626462,1.366424004167373,3.401403593122054e-05
80.86,3.0222671593900863,2.9316279145355297,1.364750628562806,3.401052143390629e-05
80.87,3.018045857548805,2.935307641581158,1.363122467073455,3.401181987805729e-05
80.88,3.013797408802538,2.938976409284446,1.361539673966101,3.401797476804548e-05
80.89,3.0095219490581795,2.942634309902364,1.360002400659634,3.402902864993469e-05
80.9,3.005219613747517,2.9462814379007747,1.3585107957070055,3.404502310054819e-05
80.91,3.0008905377953075,2.9499178898905543,1.357065004777395,3.406599871640687e-05
80.92,2.996534855588164,2.9535437645630207,1.355665170638588,3.409199510252208e-05
80.93,2.992152700944263,2.9571591626246767,1.354311433139563,3.4123050861053425e-05
80.94,2.98774420708388,2.9607641867312955,1.353003929193279,3.415920357983042e-05
80.95,2.9833095066007647,2.964358941421363,1.3517427927596677,3.4200489820714606e-05
80.96000000000001,2.9788487314343635,2.9679435330488935,1.3505281548288206,3.424694510781448e-05
80.97,2.974362012842901,2.971518069715642,1.3493601434043687,3.429860391553536e-05
80.98,2.969849481377327,2.9750826612027246,1.3482388834870518,3.4355499656464504e-05
80.99,2.9653112668561357,2.9786374189016738,1.3471644970584713,3.4417664669103555e-05
81.0,2.9607474983410684,2.982182455744939,1.3461371030650238,3.448513020541231e-05
81.01,2.9561583041137034,2.9857178861358555,1.3451568174020085,3.455792641817683e-05
81.02,2.9515438116529418,2.9892438258781002,1.3442237528979069,3.463608234821779e-05
81.03,2.9469041476133944,2.992760392104651,1.3433380192988265,3.471962591139895e-05
81.04,2.9422394378046772,2.9962677032062697,1.3424997232531055,3.4808583885457226e-05
81.05,2.937549807171619,2.9997658787595256,1.3417089682960734,3.4902981896657e-05
81.06,2.932835379775387,3.003255039454382,1.3409658548349606,3.500284440624384e-05
81.07000000000001,2.928096278775536,3.0067353070213607,1.340270480133953,3.5108194696708256e-05
81.08,2.9233326264129853,3.0102068041583028,1.3396229382993856,3.521905485787222e-05
81.09,2.9185445439939253,3.013669654456751,1.3390233202650708,3.533544577277799e-05
81.10000000000001,2.9137321518746595,3.0171239823279654,1.338471713777751,3.545738710337612e-05
81.11,2.9088955694473846,3.0205699129285914,1.3379682033826776,3.5584897276038636e-05
81.12,2.9040349151269105,3.024007572086009,1.3375128704093018,3.571799346687257e-05
81.13,2.8991503063383237,3.0274370862233675,1.3371057929570784,3.5856691586829956e-05
81.14,2.894241859505597,3.0308585822843375,1.3367470458813726,3.600100626666297e-05
81.15,2.889309690041142,3.0342721876575927,1.336436700779464,3.615095084166307e-05
81.16,2.884353912336314,3.0376780301010418,1.3361748259766437,3.630653733622145e-05
81.17,2.879374639752863,3.0410762376658327,1.335961486512397,3.6467776448216e-05
81.18,2.8743719846153346,3.044466938620143,1.335796744126664,3.663467753321097e-05
81.19,2.8693460582044206,3.0478502613727825,1.3356806572461766,3.6807248588489415e-05
81.2,2.8642969707512593,3.051226334396624,1.3356132809708587,3.6985496236907786e-05
81.21000000000001,2.8592248314326834,3.0545952861518795,1.3355946670602916,3.716942571058539e-05
81.22,2.8541297483674177,3.057957245009248,1.335624863920231,3.735904083443755e-05
81.23,2.849011828613222,3.0613123391729493,1.3357039165891742,3.755434400955682e-05
81.24,2.843871178164979,3.064660696603665,1.3358318667249691,3.775533619643276e-05
81.25,2.8387079019537267,3.0680024449414094,1.3360087525914608,3.7962016898041546e-05
81.26,2.8335221038466316,3.071337711428346,1.3362346090451676,3.817438414280594e-05
81.27,2.8283138866478983,3.0746666228315758,1.3365094675219815,3.839243446741888e-05
81.28,2.8230833521006167,3.0779893053659086,1.3368333560238892,3.8616162899554425e-05
81.29,2.8178306008895397,3.0813058846166497,1.337206299105703,3.8845562940472014e-05
81.3,2.8125557326447916,3.0846164854624116,1.3376283178618016,3.9080626547531046e-05
81.31,2.8072588459464973,3.0879212319979796,1.3380994299128715,3.932134411661449e-05
81.32000000000001,2.8019400383303354,3.0912202474572474,1.338619649392644,3.9567704464473845e-05
81.33,2.7965994062940043,3.0945136541362457,1.3391889869346256,3.9819694811016054e-05
81.34,2.7912370453046007,3.0978015733162847,1.3398074496588106,4.0077300761541183e-05
81.35000000000001,2.7858530498069016,3.1010841251872314,1.3404750411583775,4.034050628895003e-05
81.36,2.7804475132325477,3.104361428770946,1.3411917614863598,4.060929371591925e-05
81.37,2.7750205280101192,3.1076336018448933,1.3419576071422894,4.08836436970823e-05
81.38,2.769572185576099,3.1109007608659596,1.3427725710588054,4.1163535201216e-05
81.39,2.7641025763867177,3.1141630208944884,1.343636642588227,4.144894549344024e-05
81.4,2.758611789930672,3.117420495518563,1.3445498074890834,4.173985011748028e-05
81.41,2.753099914742709,3.1206732967785573,1.3455120479126002,4.203622287798786e-05
81.42,2.747567038418069,3.1239215350919753,1.3465233423891363,4.233803582292891e-05
81.43,2.7420132476277814,3.127165319178607,1.3475836658145688,4.264525922608348e-05
81.44,2.7364386281348017,3.1304047559860173,1.3486929894366224,4.2957861569664464e-05
81.45,2.7308432648109813,3.1336399506154,1.3498512808411418,4.3275809527070596e-05
81.46000000000001,2.7252272416548657,3.1368710062478096,1.3510585039383036,4.35990679458098e-05
81.47,2.7195906418103055,3.1400980240708067,1.3523146189487654,4.3927599830608145e-05
81.48,2.713933547585875,3.143321103205531,1.35361958238975,4.426136632672161e-05
81.49,2.708256040475086,3.1465403406342323,1.354973347061066,4.460032670349239e-05
81.5,2.7025582011773897,3.149755831128283,1.3563758620310584,4.494443833815171e-05
81.51,2.696840109619951,3.1529676671766946,1.3578270726224926,4.529365669990594e-05
81.52,2.6911018449801896,3.1561759389151676,1.3593269203983704,4.5647935334353364e-05
81.53,2.685343485709073,3.1593807340556954,1.3608753431476772,4.6007225848217476e-05
81.54,2.6795651095551514,3.1625821378167527,1.36247227487106,4.637147789445298e-05
81.55,2.6737667935893206,3.1657802328540896,1.3641176457664383,4.674063915774917e-05
81.56,2.6679486142303044,3.1689750991921612,1.3658113822145486,4.71146553404504e-05
81.57000000000001,2.6621106472708402,3.172166814156219,1.3675534067644224,4.749347014894619e-05
81.58,2.6562529679045555,3.1753554523050886,1.3693436381188027,4.7877025280533535e-05
81.59,2.650375650753523,3.1785410853646625,1.3711819911194976,4.826526041078711e-05
81.60000000000001,2.6444787698964816,3.181723782162134,1.3730683767326763,4.865811318149665e-05
81.61,2.6385623988977054,3.184903608561003,1.3750027020341096,4.905551918919276e-05
81.62,2.6326266108365095,3.1880806273968783,1.376984870194359,4.945741197425693e-05
81.63,2.6266714783373786,3.1912548984141034,1.3790147804639177,4.986372301070002e-05
81.64,2.6206970736006996,3.19442647820324,1.3810923281583096,5.0274381696625966e-05
81.65,2.6147034684340875,3.1975954201394323,1.3832174046431494,5.0689315345413175e-05
81.66,2.6086907342842838,3.200761774321683,1.3853898973191703,5.110844917764543e-05
81.67,2.602658942269616,3.203925587513072,1.3876096896072259,5.1531706313829295e-05
81.68,2.5966081632129994,3.207086903081942,1.3898766609332718,5.1959007767953e-05
81.69,2.5905384676754633,3.210245760944089,1.3921906867133342,5.239027244190062e-05
81.7,2.584449925990187,3.213402197505979,1.3945516383384737,5.282541712075836e-05
81.71000000000001,2.578342608297029,3.2165562456090275,1.3969593831597507,5.3264356469074924e-05
81.72,2.5722165845775247,3.2197079344749677,1.3994137844732037,5.3707003028092445e-05
81.73,2.5660719246903456,3.2228572896523424,1.4019147015048472,5.415326721398318e-05
81.74,2.5599086984071904,3.2260043329641457,1.4044619893956989,5.4603057317149276e-05
81.75,2.5537269754490977,3.22914908245665,1.4070554991868487,5.505627950261251e-05
81.76,2.547526825523155,3.2322915523494467,1.4096950778045774,5.551283781152783e-05
81.77,2.5413083183595906,3.235431752986732,1.4123805680455386,5.597263416385825e-05
81.78,2.5350715237492216,3.2385696907898702,1.4151118085620138,5.643556836226667e-05
81.79,2.5288165115812458,3.241705368211268,1.4178886338472543,5.690153809725057e-05
81.8,2.5225433518813496,3.244838783689588,1.4207108742209225,5.737043895355204e-05
81.81,2.5162521148501167,3.247969931606333,1.4235783558146458,5.7842164417884926e-05
81.82000000000001,2.509942870901714,3.2510988022438396,1.426490900557697,5.831660588801857e-05
81.83,2.503615690702835,3.254225381744706,1.4294483261628157,5.8793652683265044e-05
81.84,2.497270645211876,3.2573496520726883,1.4324504461121874,5.9273192056384264e-05
81.85000000000001,2.490907805718328,3.260471590975099,1.4354970696435922,5.975510920695456e-05
81.86,2.4845272438823587,3.263591171946738,1.4385880017367436,6.023928729625316e-05
81.87,2.4781290317745617,3.2667083641953907,1.4417230430998305,6.072560746365941e-05
81.88,2.4717132419158547,3.2698231326089218,1.444901990156282,6.121394884463287e-05
81.89,2.465279947317499,3.2729354377239996,1.4481246350317718,6.17041885902995e-05
81.9,2.458829221521217,3.2760452356964818,1.4513907655414788,6.219620188865232e-05
81.91,2.452361138639393,3.279152478273494,1.454700165177627,6.268986198743905e-05
81.92,2.4458757733953185,3.282257112767236,1.4580526130973186,6.318504021873343e-05
81.93,2.439373201163473,3.2853590820305407,1.4614478841106837,6.368160602522026e-05
81.94,2.432853498009807,3.288458324434225,1.4648857486693658,6.417942698824501e-05
81.95,2.426316740732009,3.291554773846258,1.4683659728553629,6.467836885762745e-05
81.96000000000001,2.419763006899726,3.2946483596127765,1.4718883183702467,6.517829558329487e-05
81.97,2.413192374894716,3.297739006540988,1.4754525425247804,6.56790693487128e-05
81.98,2.4066049239509137,3.300826634883978,1.4790583982289576,6.618055060617618e-05
81.99,2.40000073419437,3.30391116032746,1.4827056339824844,6.668259811395787e-05
82.0,2.393379886683058,3.306992493978496,1.4863939938657282,6.718506897534447e-05
82.01,2.386742463446505,3.3100705423562164,1.4901232175311556,6.768781867956811e-05
82.02,2.380088547525237,3.3131452073845664,1.4938930401952828,6.81907011446364e-05
82.03,2.373418223010001,3.316216386387107,1.497703192631164,6.86935687620969e-05
82.04,2.3667315750807507,3.319283972083902,1.5015534011614395,6.919627244373944e-05
82.05,2.360028690045356,3.322347852590512,1.5054433876519722,6.969866167022102e-05
82.06,2.3533096553780273,3.3254079114191275,1.5093728695060908,7.020058454163956e-05
82.07000000000001,2.3465745597574132,3.328464027481859,1.5133415596594733,7.070188783005795e-05
82.08,2.3398234931043618,3.3315160750962187,1.5173491665756875,7.120241703396682e-05
82.09,2.3330565466193054,3.3345639239928095,1.521395394242422,7.17020164347023e-05
82.10000000000001,2.3262738128192555,3.337607439325249,1.525479942168428,7.220052915478009e-05
82.11,2.319475385574376,3.340646481682349,1.5296025053811992,7.269779721817595e-05
82.12,2.3126613601441117,3.343680907102575,1.5337627744254194,7.319366161252311e-05
82.13,2.3058318332128462,3.3467105670908,1.5379604353621992,7.368796235319755e-05
82.14,2.2989869029250674,3.3497353086373813,1.542195169769131,7.418053854930372e-05
82.15,2.292126668920011,3.35275497423957,1.5464666547411894,7.467122847152778e-05
82.16,2.285251232365762,3.3557694019252757,1.550774562892501,7.515986962182463e-05
82.17,2.2783606959927867,3.358778425279204,1.5551185623590131,7.564629880492827e-05
82.18,2.2714551641268743,3.361781873471376,1.5594983168020864,7.613035220165695e-05
82.19,2.26453474272146,3.3647795712880515,1.5639134854130379,7.661186544395945e-05
82.2,2.257599539389311,3.3677713391650625,1.5683637229186616,7.709067369169765e-05
82.21000000000001,2.2506496634335456,3.370756993223572,1.5728486795877537,7.756661171109681e-05
82.22,2.243685225877973,3.3737363453082674,1.5773680012386666,7.803951395482925e-05
82.23,2.236706339496718,3.3767092030279966,1.5819213292479204,7.850921464372088e-05
82.24,2.229713118843119,3.379675369798856,1.5865083005598957,7.897554784997374e-05
82.25,2.222705680277871,3.382634644889734,1.5911285476976353,7.943834758189382e-05
82.26,2.215684141996394,3.385586823470316,1.5957816987747797,7.989744787004045e-05
82.27,2.208648624055412,3.3885316966615533,1.6004673775086595,8.0352682854772e-05
82.28,2.2015992483987064,3.3914690515886,1.605185203234574,8.080388687511155e-05
82.29,2.1945361388820412,3.394398671436209,1.609934790921276,8.125089455883578e-05
82.3,2.1874594212972296,3.397320335506598,1.6147157511876908,8.169354091376971e-05
82.31,2.180369223395325,3.4002338192797703,1.6195276903208895,8.213166142018173e-05
82.32000000000001,2.173265674908921,3.4031388944762906,1.6243702102953423,8.256509212421767e-05
82.33,2.1661489075735365,3.4060353291225085,1.6292429087934752,8.299366973229304e-05
82.34,2.1590190551480757,3.40892288761822,1.634145379227549,8.341723170636075e-05
82.35000000000001,2.151876253434339,3.4118013308067536,1.6390772107628868,8.383561635996536e-05
82.36,2.1447206402955743,3.4146704160474757,1.6440379883424654,8.424866295501427e-05
82.37,2.137552355674049,3.4175298972906902,1.6490272927128982,8.465621179916855e-05
82.38,2.13037154160763,3.420379525154925,1.6540447004518224,8.505810434373493e-05
82.39,2.1231783422453567,3.4232190470065818,1.6590897839967145,8.54541832820137e-05
82.4,2.115972903861994,3.4260482070419327,1.6641621116751495,8.58442926479646e-05
82.41,2.108755374871552,3.428866746371435,1.6692612477365238,8.622827791510849e-05
82.42,2.10152590583976,3.4316744031063475,1.6743867523852562,8.660598609557081e-05
82.43,2.0942846494954845,3.4344709124476167,1.6795381818154842,8.69772658391358e-05
82.44,2.0870317607410773,3.4372560067770053,1.6847150882472706,8.73419675322298e-05
82.45,2.079767396661651,3.4400294157504336,1.6899170199643352,8.769994339672435e-05
82.46000000000001,2.072491716533264,3.442790866393502,1.695143521353323,8.805104758844428e-05
82.47,2.065204881830014,3.4455400831991563,1.700394132944623,8.839513629526004e-05
82.48,2.0579070562300266,3.4482767882274636,1.705668391454748,8.87320678346724e-05
82.49,2.0505984056203395,3.451000701207458,1.710965829830285,8.906170275076857e-05
82.5,2.043279098100669,3.453711539641014,1.7162859772934285,8.938390391043426e-05
82.51,2.0359493039860586,3.456409018908707,1.7216283593891,8.969853659871062e-05
82.52,2.0286091958084036,3.459092852377616,1.7269924980336648,9.000546861316528e-05
82.53,2.0212589483168513,3.46176275151102,1.7323779115652505,9.030457035718654e-05
82.54,2.01389873847707,3.4644184259799378,1.737784114795671,9.059571493208015e-05
82.55,2.0065287454693883,3.4670595837764666,1.7432106190639618,9.087877822783385e-05
82.56,1.999149150685805,3.4696859313288573,1.7486569322915277,9.115363901246488e-05
82.57000000000001,1.9917601377258647,3.47229717361828,1.7541225590389034,9.142017901979943e-05
82.58,1.9843618923914075,3.4748930142972165,1.7596070005641273,9.167828303560456e-05
82.59,1.9769546026801883,3.477473155809426,1.7651097548827301,9.192783898195406e-05
82.60000000000001,1.969538458778372,3.4800372995114186,1.7706303168293303,9.216873799967948e-05
82.61,1.9621136530519079,3.4825851457953783,1.7761681781208363,9.240087452885029e-05
82.62,1.9546803800367865,3.485116394213467,1.7817228274212509,9.262414638715175e-05
82.63,1.9472388364281845,3.4876307436034475,1.787293750408068,9.283845484603419e-05
82.64,1.9397892210685062,3.4901278922155567,1.792880429840256,9.304370470454985e-05
82.65,1.932331734934325,3.4926075378405543,1.7984823456278205,9.323980436078602e-05
82.66,1.9248665811222352,3.495069377938884,1.8040989749029304,9.3426665880773e-05
82.67,1.917393964833622,3.4975131097708703,1.8097297920926023,9.36042050647717e-05
82.68,1.9099140933583592,3.4999384305278736,1.8153742689929255,9.377234151085483e-05
82.69,1.902427176057445,3.5023450374643352,1.8210318748448142,9.393099867569405e-05
82.7,1.8949334243445861,3.5047326280306295,1.8267020764112711,9.408010393245628e-05
82.71000000000001,1.8874330516667437,3.5071009000066447,1.8323843380561469,9.421958862572638e-05
82.72,1.8799262734836508,3.5094495516360174,1.8380781218243736,9.434938812338016e-05
82.73,1.8724133072463176,3.511778281760935,1.843782887523655,9.446944186532621e-05
82.74,1.8648943723745361,3.5140867899574273,1.849498092807592,9.45796934090529e-05
82.75,1.8573696902333996,3.51637477667106,1.8552231932602188,9.468009047189824e-05
82.76,1.8498394841088521,3.518641943352952,1.8609576424819292,9.477058496998895e-05
82.77,1.8423039791822842,3.5208879925960272,1.8667008921767645,9.485113305379676e-05
82.78,1.8347634025041897,3.523112628271417,1.872452392241039,9.49216951402329e-05
82.79,1.8272179829669033,3.5253155556649247,1.8782115908532733,9.498223594125321e-05
82.8,1.819667951276434,3.5274964816134684,1.883977934565409,9.50327244889304e-05
82.81,1.8121135399234132,3.5296551146414124,1.8897508683952717,9.507313415693147e-05
82.82000000000001,1.8045549831531775,3.531791165096699,1.8955298359202521,9.510344267838223e-05
82.83,1.7969925169350036,3.5339043452866927,1.9013142793721733,9.512363216009916e-05
82.84,1.7894263789305147,3.535994369613648,1.9071036397333088,9.513368909314161e-05
82.85000000000001,1.7818568084612805,3.5380609547097146,1.9128973568335166,9.513360435967679e-05
82.86,1.7742840464756289,3.540103819571383,1.9186948694484551,9.512337323614906e-05
82.87,1.7667083355146913,3.5421226856932924,1.92449561539884,9.510299539274074e-05
82.88,1.7591299196777022,3.5441172772013037,1.9302990316507063,9.5072474889122e-05
82.89,1.7515490445865747,3.5460873209847525,1.9361045544166364,9.503182016649123e-05
82.9,1.7439659573497732,3.548032546827793,1.9419116192579111,9.498104403592346e-05
82.91,1.7363809065255063,3.549952687539744,1.9477196611875454,9.492016366303115e-05
82.92,1.7287941420842596,3.551847479084353,1.9535281147741634,9.484920054896315e-05
82.93,1.7212059153706942,3.553716660707885,1.9593364142466727,9.476818050776863e-05
82.94,1.71361647906493,3.5555599750659566,1.9651439935996904,9.467713364014459e-05
82.95,1.706026087143239,3.557377168349027,1.9709502866996778,9.457609430362374e-05
82.96000000000001,1.698434994838169,3.5591679904064586,1.9767547273917383,9.446510107922741e-05
82.97,1.6908434585981234,3.56093219486907,1.98255674960703,9.434419673463599e-05
82.98,1.683251736046416,3.562669539270093,1.9883557874707476,9.42134281839251e-05
82.99,1.675660085939829,3.564379785164456,1.9941512754106245,9.407284644393196e-05
83.0,1.6680687681266897,3.566062698246311,1.9999426482659068,9.392250658730744e-05
83.01,1.6604780435044968,3.5677180484647284,2.005729341396749,9.376246769231977e-05
83.02,1.6528881739771129,3.5693456101374794,2.0115107907939853,9.359279278948034e-05
83.03,1.6452994224115485,3.570945162062833,2.017286433189218,9.341354880507598e-05
83.04,1.6377120525943596,3.5725164876292905,2.0230557061651853,9.322480650166673e-05
83.05,1.6301263291876813,3.5740593749231877,2.02881804826634,9.302664041565407e-05
83.06,1.622542517684919,3.5755736168340926,2.0345728991096066,9.281912879200807e-05
83.07000000000001,1.6149608843661205,3.577059011157931,2.040319699495248,9.26023535162197e-05
83.08,1.6073816962530478,3.57851536069777,2.046057891517802,9.237640004359065e-05
83.09,1.599805221063976,3.579942473362202,2.051786918677026,9.214135732595699e-05
83.10000000000001,1.5922317271682325,3.5813401622612524,2.0575062259888033,9.189731773596279e-05
83.11,1.5846614835405057,3.5827082457997697,2.063215260095958,9.164437698894934e-05
83.12,1.5770947597149376,3.584046547768219,2.0689134693789204,9.138263406259861e-05
83.13,1.569531825739024,3.5853548974308405,2.0746003040661942,9.111219111444333e-05
83.14,1.561972952127342,3.586633129611105,2.080275216344575,9.083315339732613e-05
83.15,1.554418409815123,3.587881084774426,2.0859376604690594,9.054562917294028e-05
83.16,1.5468684701116935,3.5890986091080714,2.0915870928723996,9.024972962356894e-05
83.17,1.539323404653799,3.5902855545982315,2.097222972274246,8.994556876214293e-05
83.18,1.5317834853588321,3.5914417791042004,2.1028447597898277,8.963326334071005e-05
83.19,1.524248984377984,3.592567146429626,2.1084519190381172,8.931293275746036e-05
83.2,1.5167201740493332,3.593661526390793,2.114043916249429,8.898469896242831e-05
83.21000000000001,1.5091973268508927,3.5947247948819,2.1196202203723966,8.864868636196475e-05
83.22,1.5016807153536318,3.5957568339372985,2.1251803031802834,8.830502172212878e-05
83.23,1.4941706121744875,3.5967575317906624,2.1307236393765674,8.795383407111249e-05
83.24,1.4866672899293831,3.5977267829310606,2.1362497066997577,8.75952546008051e-05
83.25,1.4791710211862699,3.5986644881559067,2.141757986027387,8.722941656763179e-05
83.26,1.4716820784182059,3.5995705546207604,2.1472479614791338,8.685645519278557e-05
83.27,1.4642007339564878,3.6004448958859676,2.1527191205190217,8.647650756197002e-05
83.28,1.4567272599438499,3.601287431960113,2.158170954056654,8.608971252476457e-05
83.29,1.4492619282877441,3.6020980893402785,2.163602956547426,8.569621059373005e-05
83.3,1.4418050106137146,3.6028768010490904,2.1690146260916796,8.529614384338415e-05
83.31,1.4343567782188793,3.6036235066685487,2.17440546453274,8.488965580915007e-05
83.32000000000001,1.4269175020255336,3.604338152370635,2.1797749775538047,8.447689138638313e-05
83.33,1.4194874525348848,3.605020690944688,2.1851226747736257,8.405799672959481e-05
83.34,1.412066899780932,3.605671081821553,2.1904480698409485,8.363311915198936e-05
83.35000000000001,1.4046561132845017,3.6062892910945075,2.1957506805276643,8.32024070254047e-05
83.36,1.3972553620074493,3.606875291536958,2.201030028820629,8.276600968076265e-05
83.37,1.3898649143070398,3.6074290626169296,2.206285641012111,8.232407730914224e-05
83.38,1.382485037890515,3.607950590508345,2.21151704778883,8.187676086356433e-05
83.39,1.3751159997698577,3.6084398680991154,2.216723784319536,8.142421196157946e-05
83.4,1.367758066216764,3.6088968949960525,2.221905390341105,8.096658278875523e-05
83.41,1.3604115027178318,3.6093216775266197,2.2270614102431003,8.050402600316329e-05
83.42,1.353076573929972,3.609714228737546,2.2321913931507744,8.00366946409365e-05
83.43,1.3457535436360553,3.61007456839032,2.2372948930064642,7.956474202297772e-05
83.44,1.3384426747007998,3.6104027229535944,2.2423714686493557,7.90883216629213e-05
83.45,1.3311442290269067,3.610698725592522,2.2474206838935773,7.860758717640663e-05
83.46000000000001,1.323858467511453,3.610962616155057,2.2524421076045953,7.812269219173566e-05
83.47,1.316585650002549,3.6111944411552535,2.2574353137738745,7.763379026198136e-05
83.48,1.3093260352562646,3.6113942537535904,2.262399881591778,7.714103477863405e-05
83.49,1.3020798808938345,3.611562113734363,2.267335395518677,7.664457888683078e-05
83.5,1.2948474433591468,3.611698087480177,2.272241445354241,7.614457540222369e-05
83.51,1.2876289778765209,3.6118022479435856,2.277117626304886,7.564117672954424e-05
83.52,1.2804247384087817,3.611874674615911,2.2819635390493453,7.51345347829291e-05
83.53,1.2732349776156362,3.6119154534932933,2.2867787898023577,7.462480090804412e-05
83.54,1.2660599468123557,3.611924677040013,2.291562990376427,7.411212580604127e-05
83.55,1.258899895928772,3.611902444149134,2.2963157582416502,7.359665945941045e-05
83.56,1.2517550734685914,3.611848860100514,2.3010367165835848,7.307855105974942e-05
83.57000000000001,1.24462572646903,3.611764036516235,2.305725494359136,7.255794893748397e-05
83.58,1.2375121004607792,3.611648091313504,2.3103817263504514,7.203500049358289e-05
83.59,1.2304144394283025,3.611501148655077,2.3150050532167996,7.150985213327652e-05
83.60000000000001,1.22333298577047,3.6113233388972614,2.3195951215444235,7.098264920181132e-05
83.61,1.2162679802615348,3.6111147985355485,2.3241515838943494,7.045353592226419e-05
83.62,1.2092196620124565,3.6108756701479403,2.3286740988481416,6.992265533542176e-05
83.63,1.202188268432575,3.6106061023360216,2.3331623310515903,6.939014924175917e-05
83.64,1.195174035191641,3.6103062496638385,2.3376159512563235,6.885615814549563e-05
83.65,1.1881771961822043,3.609976272594643,2.34203463635933,6.832082120076643e-05
83.66,1.1811979834823692,3.6096163374255656,2.346418069440392,6.778427615990255e-05
83.67,1.1742366273189146,3.6092266162202753,2.350765939797412,6.724665932381457e-05
83.68,1.1672933560307903,3.608807286739689,2.3550779429796385,6.670810549448427e-05
83.69,1.160368396032988,3.608358532370794,2.3593537808187777,6.616874792956334e-05
83.7,1.1534619717807948,3.6078805420536493,2.363593161457994,6.562871829907276e-05
83.71000000000001,1.1465743057344313,3.607373510206622,2.367795799378793,6.50881466441859e-05
83.72,1.1397056183240801,3.60683763664993,2.371961415425792,6.454716133809099e-05
83.73,1.132856127915308,3.606273126527557,2.3760897368293725,6.400588904890991e-05
83.74,1.1260260507748872,3.605680190227592,2.38018049722622,6.346445470468051e-05
83.75,1.119215601037018,3.605059043301074,2.384233436677755,6.292298146035163e-05
83.76,1.1124249906699608,3.604409906379399,2.388248301686456,6.238159066679565e-05
83.77,1.105654429443077,3.603733005090351,2.3922248452100834,6.184040184180942e-05
83.78,1.0989041248942886,3.6030285699728304,2.3961628266738058,6.129953264307057e-05
83.79,1.0921742822979568,3.6022968363903396,2.400062011980243,6.075909884304026e-05
83.8,1.0854651046331862,3.6015380444432905,2.403922173517428,6.021921430577747e-05
83.81,1.0787767925525595,3.6007524388802024,2.407743090164702,5.9679990965624055e-05
83.82000000000001,1.072109544351306,3.5999402690078486,2.4115245472965485,5.914153880774778e-05
83.83,1.0654635559369097,3.5991017886004233,2.415266336784385,5.8603965850522134e-05
83.84,1.0588390207991611,3.5982372558077858,2.41896825699632,5.806737812966979e-05
83.85000000000001,1.0522361299806595,3.5973469330628487,2.422630112794887,5.753187968416599e-05
83.86,1.045655072047767,3.5964310869881735,2.4262517155327803,5.699757254388055e-05
83.87,1.0390960330620231,3.595489988301832,2.4298328830465956,5.646455671888453e-05
83.88,1.0325591965520222,3.594523911722601,2.433373439648602,5.593293019041049e-05
83.89,1.026044743485761,3.593533135874546,2.4368732161165587,5.540278890343205e-05
83.9,1.0195528522434585,3.5925179431910577,2.4403320496815954,5.487422676080983e-05
83.91,1.0130836985908567,3.5914786198183974,2.443749784014176,5.43473356189683e-05
83.92,1.0066374556530047,3.590415455518817,2.447126269208167,5.382220528507374e-05
83.93,1.0002142938885328,3.589328743573302,2.4504613617630273,5.329892351567856e-05
83.94,0.9938143810644211,3.588218780684004,2.4537549245641523,5.277757601676598e-05
83.95,0.9874378822312689,3.587085866876413,2.4570068268613796,5.225824644518255e-05
83.96000000000001,0.9810849596990684,3.585930305401327,2.4602169442456923,5.1741016411409034e-05
83.97,0.9747557730134897,3.584752402636676,2.463385158624139,5.12259654836199e-05
83.98,0.9684504789326819,3.5835524679892465,2.466511358192995,5.071317119301125e-05
83.99,0.9621692314045946,3.5823308137963696,2.4695954374091937,5.020270904033901e-05
84.0,0.9559121815448269,3.5810877552276157,2.472637296960051,4.9694652503633186e-05
84.01,0.9496794776150072,3.579823610186548,2.4756368437313108,4.918907304704931e-05
84.02,0.9434712650017101,3.57853869921259,2.47859399077354,4.8686040130823355e-05
84.03,0.9372876861959161,3.5772333453830454,2.4815086572669034,4.818562122227179e-05
84.04,0.9311288807730177,3.575907874215328,2.4843807684843386,4.7687881807811645e-05
84.05,0.9249949853733783,3.574562613569441,2.4872102557531726,4.7192885405971425e-05
84.06,0.9188861336834483,3.57319789355075,2.4899970564152,4.670069358132166e-05
84.07000000000001,0.9128024564174436,3.571814046413102,2.4927411137852573,4.621136595931949e-05
84.08,0.9067440812995916,3.570411406462322,2.4954423771083256,4.5724960242014414e-05
84.09,0.9007111330469484,3.568990309960136,2.4981008015151875,4.5241532224567284e-05
84.10000000000001,0.8947037333527937,3.56755109502856,2.500716347976675,4.476113581257332e-05
84.11,0.8887220008706067,3.56609410155479,2.50328898325654,4.4283823040126553e-05
84.12,0.8827660511986274,3.5646196710966374,2.5058186798629754,4.380964408859849e-05
84.13,0.8768359968650087,3.5631281467885407,2.5083054159988247,4.333864730610279e-05
84.14,0.8709319473135628,3.5616198732481927,2.510749175510512,4.287087922759441e-05
84.15,0.8650540088901062,3.560095196483816,2.513149947835721,4.2406384595583205e-05
84.16,0.859202284829407,3.5585544638021216,2.5155077279498634,4.1945206381430635e-05
84.17,0.8533768752427385,3.556998023716981,2.517822516311368,4.148738580717429e-05
84.18,0.8475778771060439,3.555426225858843,2.5200943188058202,4.103296236787162e-05
84.19,0.8418053842487128,3.5538394208849264,2.5223231466889935,4.058197385442317e-05
84.2,0.8360594873429759,3.5522379603902157,2.524509016528802,4.01344563768375e-05
84.21000000000001,0.8303402738939188,3.550622196819287,2.526651950146211,3.969044438791306e-05
84.22,0.8246478282301198,3.5489924833789916,2.528751974555137,3.924997070730917e-05
84.23,0.8189822314949118,3.547349173952023,2.5308091219013784,3.881306654597485e-05
84.24,0.8133435616382733,3.5456926230113868,2.532823429400603,3.837976153089986e-05
84.25,0.80773189340935,3.5440231855358024,2.534794939275434,3.795008373017298e-05
84.26,0.802147298349609,3.542341216926056,2.536723698691666,3.7524059678311557e-05
84.27,0.7965898447866264,3.5406470729223227,2.5386097596936468,3.710171440183784e-05
84.28,0.7910595978285129,3.5389411095224808,2.5404531791388583,3.6683071445076425e-05
84.29,0.7855566193589751,3.5372236829014367,2.5422540186317346,3.626815289615094e-05
84.3,0.7800809680330173,3.5354951493314757,2.544012344456748,3.585697941314857e-05
84.31,0.7746326992732812,3.5337558651036565,2.545728227510798,3.5449570250433454e-05
84.32000000000001,0.7692118652670276,3.532006186450266,2.5474017432349427,3.504594328508784e-05
84.33,0.7638185149637581,3.5302464694683455,2.549032971545497,3.464611504345545e-05
84.34,0.7584526940734778,3.5284770700443073,2.5506219967645434,3.4250100727765666e-05
84.35000000000001,0.7531144450655992,3.5266983437796466,2.55216890754988,3.385791424282132e-05
84.36,0.7478038071684864,3.5249106459177666,2.553673796824445,3.3469568222717035e-05
84.37,0.7425208163696397,3.523114331271927,2.5551367617052456,3.3085074057586174e-05
84.38,0.737265505416519,3.521309754154321,2.556557903431832,3.270444192035468e-05
84.39,0.7320379038180053,3.5194972683062935,2.557937327294345,3.232768079346431e-05
84.4,0.7268380378464986,3.5176772268297096,2.559275142561166,3.195479849556686e-05
84.41,0.7216659305406512,3.5158499821194766,2.560571462406213,3.158580170817448e-05
84.42,0.7165216017087331,3.514015885797228,2.561826403835903,3.1220696002232196e-05
84.43,0.7114050679326291,3.5121752886461763,2.56304008761582,3.085948586460895e-05
84.44,0.7063163425724633,3.5103285405471354,2.5642126381971164,3.050217472449457e-05
84.45,0.7012554357718493,3.5084759904157217,2.565344183642681,3.0148764979674695e-05
84.46000000000001,0.696222354463763,3.5066179861407343,2.566434855553104,2.9799258022684423e-05
84.47,0.6912171023770343,3.504754874523715,2.5674847889924672,2.9453654266819098e-05
84.48,0.6862396800434541,3.502887001219694,2.5684941224139934,2.9111953171988874e-05
84.49,0.6812900848054937,3.5010147106791205,2.569462997585581,2.877415327041044e-05
84.5,0.6763683108246302,3.4991383460909766,2.5703915595152536,2.8440252192116185e-05
84.51,0.6714743490902769,3.497258249327079,2.571279956376556,2.8110246690276513e-05
84.52,0.6666081874293108,3.4953747608875623,2.5721283394339207,2.7784132666320133e-05
84.53,0.661769810516194,3.493488219847549,2.572936862968037,2.7461905194846325e-05
84.54,0.6569591998836839,3.4915989638049965,2.5737056842012462,2.7143558548311712e-05
84.55,0.6521763339341262,3.489707328829725,2.574434963222993,2.6829086221492975e-05
84.56,0.6474211879513249,3.48781364941362,2.575124862915357,2.651848095570925e-05
84.57000000000001,0.642693734112984,3.4859182584220068,2.575775548878692,2.621173476279219e-05
84.58,0.6379939415037149,3.4840214870461943,2.576387189357398,2.5908838948811778e-05
84.59,0.6333217761286019,3.482123664757178,2.5769599551658513,2.5609784137533647e-05
84.60000000000001,0.6286772009273203,3.480225119260504,2.577494019614515,2.5314560293605303e-05
84.61,0.6240601757888006,3.478326176452287,2.5779895584362578,2.5023156745472075e-05
84.62,0.61947065756643,3.4764271603763706,2.5784467497128998,2.473556220801036e-05
84.63,0.6149086000937861,3.474528393182631,2.578865773802012,2.445176480487188e-05
84.64,0.6103739542008935,3.472630195086414,2.579246813263992,2.417175209053762e-05
84.65,0.6058666677309964,3.470732884329095,2.579590052789431,2.3895511072070624e-05
84.66,0.6013866855578403,3.468836777139766,2.5798956791268055,2.3623028230570195e-05
84.67,0.5969339496034524,3.466942187698022,2.5801638810105016,2.335428954232128e-05
84.68,0.5925083988564147,3.465049428097861,2.580394849089202,2.308928049963234e-05
84.69,0.5881099693906202,3.463158808312672,2.58058877585465,2.282798613135844e-05
84.7,0.5837385943845037,3.461270636161309,2.580745855570809,2.257039102310902e-05
84.71000000000001,0.5793942041407389,3.459385217275245,2.5808662842034438,2.231647933713909e-05
84.72,0.5750767261063928,3.45750285506679,2.580950259350129,2.2066234831917487e-05
84.73,0.5707860848935271,3.455623850698367,2.5809979801707152,2.1819640881371697e-05
84.74,0.56652220230024,3.4537485030528345,2.5810096473182598,2.157668049380775e-05
84.75,0.562284997332136,3.4518771087048497,2.580985462870445,2.1337336330502944e-05
84.76,0.5580743862242169,3.450009961893255,2.5809256302614973,2.1101590723969696e-05
84.77,0.5538902824631826,3.448147354494484,2.5808303542146196,2.0869425695894814e-05
84.78,0.5497325968101328,3.4462895759969716,2.580699840674959,2.0640822974747255e-05
84.79,0.5456012373236593,3.444436913476559,2.5805342967431177,2.0415764013052886e-05
84.8,0.5414961093833203,3.4425896515728835,2.5803339306092217,2.0194230004343025e-05
84.81,0.5374171157134847,3.440748072466741,2.5800989514875643,1.9976201899775673e-05
84.82000000000001,0.5333641564075381,3.4389124558584077,2.579829569551833,1.9761660424421066e-05
84.83,0.5293371289524391,3.437083078946913,2.5795259958709336,1.9550586093221235e-05
84.84,0.5253359282536167,3.435260216410251,2.5791884423454237,1.9342959226625002e-05
84.85000000000001,0.5213604466601981,3.433444140386517,2.578817121644564,1.9138759965893704e-05
84.86,0.5174105739905556,3.4316351204559563,2.5784122471440027,1.8937968288078934e-05
84.87,0.5134861975581644,3.429833423623921,2.577974032864098,1.8740564020678462e-05
84.88,0.5095872021977593,3.4280393143047103,2.577502693408891,1.8546526855971673e-05
84.89,0.5057134702917798,3.426253054306292,2.576998443905741,1.8355836365028506e-05
84.9,0.5018648817970939,3.424474902815891,2.576461499945623,1.81684720114071e-05
84.91,0.4980413142719897,3.4227051163864277,2.575892077524104,1.7984413164529136e-05
84.92,0.4942426429034251,3.4209439489238003,2.575290392983006,1.780363911274127e-05
84.93,0.49046874053452344,3.4191916516749936,2.5746566629527523,1.762612907606958e-05
84.94,0.48671947769230633,3.417448473217005,2.573991104295418,1.745186221866e-05
84.95,0.48299472261565246,3.415714659446573,2.573293934048481,1.7280817660912584e-05
84.96000000000001,0.4792943412834719,3.413990453570697,2.572565369369283,1.7112974491312685e-05
84.97,0.4756181974430859,3.412276096097938,2.571805627480207,1.6948311777964646e-05
84.98,0.4719661526388012,3.410571824830478,2.5710149256145707,1.678680857982455e-05
84.99,0.46833806624066904,3.4088778748569415,2.5701934809632503,1.662844395763774e-05
85.0,0.46473379547341864,3.4071944785459496,2.5693415106220265,1.647319698458885e-05
85.01,0.46115319544555455,3.4055218655404067,2.5684592315396673,1.6321046756660377e-05
85.02,0.4575961191786078,3.403860262752501,2.567546860466744,1.6171972402711952e-05
85.03,0.45406241763653094,3.4022098943594052,2.566604613905188,1.6025953094273978e-05
85.04,0.4505519397552269,3.400570981799672,2.5656327080585832,1.588296805506553e-05
85.05,0.44706453247220146,3.398943743770301,2.5646313587832097,1.5742996570243136e-05
85.06,0.44360004075633,3.3973283962244754,2.563600781539824,1.5606017995375466e-05
85.07000000000001,0.4401583076377281,3.3957251523699465,2.5625411913461917,1.5472011765152363e-05
85.08,0.4367391742377167,3.394134222668062,2.561452802730364,1.5340957401836066e-05
85.09,0.4333424797988722,3.3925558148334165,2.5603358296847034,1.5212834523453138e-05
85.10000000000001,0.42996806171515217,3.390990133834121,2.5591904856206575,1.5087622851729751e-05
85.11,0.42661575556208686,3.389437381892671,2.5580169833242827,1.4965302219780585e-05
85.12,0.4232853951270275,3.387897758487406,2.5568155349125137,1.4845852579552213e-05
85.13,0.4199768124394424,3.3863714603545465,2.555586351790182,1.4729254009021042e-05
85.14,0.41668983780125174,3.3848586814907953,2.5543296446077814,1.461548671915668e-05
85.15,0.41342429981719186,3.3833596131564914,2.5530456232199796,1.4504531060654015e-05
85.16,0.4101800254252008,3.3818744438793042,2.551734496644872,1.4396367530433205e-05
85.17,0.4069568399268161,3.3804033594584566,2.550396473023979,1.4290976777912027e-05
85.18,0.4037545670175762,3.378946542969465,2.5490317595829852,1.4188339611060947e-05
85.19,0.40057302881741813,3.3775041747693813,2.5476405625932137,1.4088437002243316e-05
85.2,0.39741204590106144,3.376076432502529,2.546223087333839,1.3991250093836974e-05
85.21000000000001,0.39427143732837244,3.3746634911067193,2.5447795380548324,1.3896760203651006e-05
85.22,0.391151020674699,3.373265522819933,2.543310117940635,1.3804948830136312e-05
85.23,0.38805061206116936,3.371882697187464,2.5418150290745616,1.3715797657398384e-05
85.24,0.384970026184947,3.3705151810695027,2.5402944724039234,1.362928856001155e-05
85.25,0.38190907634943366,3.369163138649155,2.5387486477058743,1.3545403607638882e-05
85.26,0.378867574494414,3.367826731440884,2.5371777535539715,1.3464125069468864e-05
85.27,0.37584533122613434,3.3665061182993568,2.5355819872854477,1.3385435418463327e-05
85.28,0.37284215584730857,3.3652014554286973,2.5339615449691926,1.3309317335425599e-05
85.29,0.36985785638704455,3.3639128963921205,2.5323166213744357,1.3235753712896384e-05
85.3,0.36689223963068407,3.362640592121944,2.53064740994013,1.3164727658871297e-05
85.31,0.3639451111495505,3.3613846909299667,2.528954102745028,1.3096222500351004e-05
85.32000000000001,0.3610162753305974,3.360145338518197,2.52723689047845,1.3030221786730185e-05
85.33,0.3581055354059517,3.3589226779899284,2.525495962411731,1.2966709293018768e-05
85.34,0.35521269348234674,3.3577168498611423,2.5237315063703547,1.2905669022912766e-05
85.35000000000001,0.35233755057043775,3.3565279920722335,2.5219437087067536,1.2847085211707793e-05
85.36,0.3494799066139953,3.355356240000046,2.5201327542737824,1.2790942329057012e-05
85.37,0.3466395605189712,3.3542017264702073,2.518298826398853,1.2737225081590088e-05
85.38,0.3438163101824311,3.35306458176975,2.5164421068587277,1.2685918415386801e-05
85.39,0.34100995252134925,3.351944933660014,2.514562775854961,1.2637007518308785e-05
85.4,0.3382202835012603,3.3508429073898123,2.512661011989991,1.2590477822193653e-05
85.41,0.33544709816476337,3.3497586257088585,2.5107369922438685,1.2546315004918746e-05
85.42,0.332690190659874,3.3486922088814373,2.5087908919516204,1.2504504992332274e-05
85.43,0.32994935426821953,3.347643774700312,2.5068228847812413,1.2465033960059327e-05
85.44,0.3272243814330738,3.3466134385008606,2.504833142712305,1.2427888335182834e-05
85.45,0.32451506378722705,3.345601313175425,2.502821836015195,1.239305479780391e-05
85.46000000000001,0.3218211921806872,3.344607509187868,2.500789133230938,1.236052028248218e-05
85.47,0.3191425567082091,3.3436321345883284,2.4987352011516486,1.2330271979564923e-05
85.48,0.31647894673664767,3.342675295028158,2.4966602048015614,1.2302297336400262e-05
85.49,0.31383015093213235,3.3417370937750417,2.49456430741866,1.227658405844016e-05
85.5,0.3111959572870592,3.340817631728278,2.4924476704368854,1.2253120110241685e-05
85.51,0.3085761531468977,3.339917007434224,2.4903104534689238,1.2231893716359235e-05
85.52,0.30597052523680973,3.3390353171018834,2.488152814289562,1.221289336213598e-05
85.53,0.30337885968807776,3.338172654618635,2.4859749088196095,1.2196107794392464e-05
85.54,0.30080094206434005,3.337329111566093,2.4837768911103772,1.2181526022026783e-05
85.55,0.2982365573876303,3.3365047772360827,2.481558913328705,1.2169137316512097e-05
85.56,0.2956854901642197,3.3356997386467344,2.4793211257425347,1.215893121230099e-05
85.57000000000001,0.2931475244102596,3.334914080558672,2.4770636767070227,1.2150897507147226e-05
85.58,0.2906224436772224,3.334147885491302,2.474786712651178,1.2145026262329344e-05
85.59,0.28811003107713984,3.33340123373918,2.472490378065031,1.2141307802794715e-05
85.60000000000001,0.2856100693076361,3.3326742033884607,2.4701748154873138,1.2139732717217737e-05
85.61,0.28312234067675546,3.3319668703334075,2.467840165493657,1.2140291857970863e-05
85.62,0.28064662712758254,3.331279308292966,2.465486566685286,1.2142976341018266e-05
85.63,0.2781827102626543,3.3306115888273844,2.4631141556782215,1.214777754573109e-05
85.64,0.2757303713681629,3.3299637813548766,2.4607230670929634,1.2154687114623356e-05
85.65,0.2732893914379487,3.3293359531683193,2.4583134335446672,1.2163696953008576e-05
85.66,0.27085955119728267,3.3287281694519724,2.455885385633795,1.2174799228588437e-05
85.67,0.2684406311264377,3.3281404932982173,2.453439051937238,1.2187986370961035e-05
85.68,0.2660324114840488,3.327572985724305,2.4509745589999077,1.2203251071061809e-05
85.69,0.26363467233026167,3.3270257056891017,2.448492031326783,1.2220586280531947e-05
85.7,0.2612471935496691,3.3264987101098322,2.4459915913754124,1.2239985211014525e-05
85.71000000000001,0.2588697548740367,3.3259920538788035,2.443473359548863,1.2261441333386745e-05
85.72,0.25650213590481663,3.325505789880109,2.4409374541891085,1.2284948376918318e-05
85.73,0.25414411613545057,3.3250399690063013,2.4383839915708525,1.2310500328370296e-05
85.74,0.2517954749734618,3.3245946401750266,2.4358130858957803,1.2338091431023074e-05
85.75,0.24945599176233754,3.3241698503456165,2.4332248492872317,1.2367716183640911e-05
85.76,0.24712544580320198,3.323765644535623,2.4306193917852905,1.2399369339371467e-05
85.77,0.24480361637628045,3.3233820658372966,2.4279968213422847,1.2433045904580004e-05
85.78,0.24249028276215637,3.323019155433996,2.42535724381869,1.2468741137624538e-05
85.79,0.2401852242628214,3.3226769526165234,2.4227007629794333,1.2506450547565424e-05
85.8,0.23788822022252035,3.32235549479938,2.420027480490586,1.2546169892814137e-05
85.81,0.23559905004839177,3.3220548175369293,2.4173374959164486,1.2587895179719373e-05
85.82000000000001,0.23331749323090603,3.3217749545394692,2.414630906717012,1.2631622661091678e-05
85.83,0.2310433293641018,3.3215159376891994,2.4119078082457985,1.2677348834666875e-05
85.84,0.228776338165623,3.321277797056081,2.409168293748072,1.272507044151016e-05
85.85000000000001,0.22651629949655763,3.3210605609135797,2.4064124543594114,1.2774784464359697e-05
85.86,0.22426299338108022,3.3208642557542882,2.403640379104647,1.2826488125903364e-05
85.87,0.22201620002589995,3.3206889063054184,2.4008521548971493,1.2880178887004499e-05
85.88,0.21977569983951623,3.320534535544159,2.3980478665384664,1.293585444485919e-05
85.89,0.2175412734512838,3.3204011647128935,2.3952275967183088,1.2993512731096003e-05
85.9,0.21531270173028952,3.3202888133342663,2.3923914260148695,1.3053151909817955e-05
85.91,0.21308976580404304,3.3201974992260994,2.3895394328954818,1.3114770375573426e-05
85.92,0.2108722470769836,3.320127238516147,2.3866716937176045,1.3178366751275513e-05
85.93,0.20865992724880528,3.3200780456566834,2.3837882827301335,1.3243939886057666e-05
85.94,0.2064525883326034,3.32004993343892,2.380889272075032,1.3311488853064195e-05
85.95,0.20425001267284423,3.3200429130072435,2.3779747317892777,1.3381012947180452e-05
85.96000000000001,0.2020519829631608,3.320056993873272,2.375044729807119,1.34525116826999e-05
85.97,0.19985828226397745,3.3200921839297184,2.3720993319626418,1.3525984790924917e-05
85.98,0.19766869401996584,3.320148489464063,2.3691386019926344,1.3601432217711084e-05
85.99,0.19548300207733502,3.3202259151720215,2.366162601539753,1.3678854120940631e-05
86.0,0.19330099070095874,3.320324464170808,2.363171390155982,1.3758250867930409e-05
86.01,0.19112244459134264,3.3204441380121863,2.3601650253063813,1.3839623032775425e-05
86.02,0.18894714890143435,3.320584936695305,2.357143562373124,1.3922971393630576e-05
86.03,0.18677488925327954,3.3207468586793087,2.3541070546598117,1.4008296929916797e-05
86.04,0.18460545175452692,3.320929900895721,2.3510555533960744,1.4095600819464841e-05
86.05,0.18243862301478544,3.321134058760597,2.3479891077424377,1.418488443558861e-05
86.06,0.18027419016183677,3.321359326186436,2.344907764795469,1.4276149344083212e-05
86.07000000000001,0.178111940857706,3.3216056955938495,2.341811569593186,1.4369397300165608e-05
86.08,0.17595166331459453,3.3218731579229877,2.3387005651207327,1.4464630245329452e-05
86.09,0.1737931463106775,3.3221617026447037,2.3355747923163164,1.4561850304135137e-05
86.10000000000001,0.1716361792057699,3.3224713177714684,2.3324342900774004,1.4661059780920285e-05
86.11,0.16948055195686426,3.3228019898680174,2.3292790952671565,1.4762261156442516e-05
86.12,0.1673260551335434,3.323153704061734,2.3261092427211634,1.4865457084445137e-05
86.13,0.16517247993327183,3.3235264440527574,2.3229247652543594,1.4970650388137305e-05
86.14,0.1630196181965691,3.3239201921238193,2.319725693668239,1.5077844056605708e-05
86.15,0.16086726242206856,3.324334929149794,2.316512056758293,1.5187041241144904e-05
86.16,0.15871520578146522,3.3247706346069665,2.313283881321691,1.5298245251504362e-05
86.17,0.15656324213435607,3.3252272865820114,2.3100411921652,1.5411459552055825e-05
86.18,0.1544111660429765,3.3257048617806744,2.3067840121133423,1.5526687757877962e-05
86.19,0.1522587727868364,3.326203335536161,2.303512362016783,1.5643933630753914e-05
86.2,0.15010585837725943,3.326722681817218,2.3002262607609545,1.5763201075092088e-05
86.21000000000001,0.14795221957182933,3.3272628732359104,2.2969257252749027,1.5884494133751615e-05
86.22,0.1457976538887465,3.3278238810550897,2.293610770540368,1.6007816983780626e-05
86.23,0.14364195962109874,3.328405675195545,2.2902814096010875,1.6133173932067353e-05
86.24,0.14148493585104988,3.3290082242428354,2.286937653572321,1.6260569410906565e-05
86.25,0.1393263824639496,3.3296314954538047,2.2835795116505992,1.6390007973465066e-05
86.26,0.13716610016236852,3.3302754547627655,2.2802069911236917,1.652149428915823e-05
86.27,0.13500389048006176,3.330940066787356,2.2768200973807926,1.6655033138929578e-05
86.28,0.13283955579586507,3.3316252948340623,2.2734188339229253,1.6790629410441335e-05
86.29,0.1306728993475268,3.3323311009034056,2.2700032023735583,1.6928288093163327e-05
86.3,0.12850372524547973,3.333057445694788,2.26657320248944,1.706801427335816e-05
86.31,0.1263318384865561,3.333804288610994,2.2631288321716423,1.720981312897897e-05
86.32000000000001,0.12415704496764958,3.3345715877623467,2.259670087476818,1.7353689924455644e-05
86.33,0.12197915149932795,3.3353592999705115,2.2561969626286684,1.7499650005387195e-05
86.34,0.11979796581939993,3.3361673807719474,2.2527094500296188,1.764769879312282e-05
86.35000000000001,0.11761329660643992,3.3369957844210014,2.249207540272705,1.7797841779239605e-05
86.36,0.11542495349327407,3.337844463892643,2.245691222153667,1.7950084519924123e-05
86.37,0.1132327470804315,3.338713370884835,2.242160482683247,1.810443263023417e-05
86.38,0.11103648894956403,3.33960245582054,2.238615307099698,1.8260891778254728e-05
86.39,0.10883599167683806,3.3405116678493556,2.235055678881495,1.84194676791513e-05
86.4,0.10663106884630219,3.3414409548487805,2.231481579760253,1.8580166089104663e-05
86.41,0.10442153506323386,3.3423902634251044,2.2278929897338493,1.8742992799136952e-05
86.42,0.10220720596746885,3.3433595389139223,2.2242898870797494,1.8907953628828035e-05
86.43,0.0999878982467167,3.344348725380269,2.2206722483685386,1.9075054419910343e-05
86.44,0.09776342964986572,3.345357765618368,2.217040048477657,1.9244301029750952e-05
86.45,0.09553361900028098,3.3463866011510035,2.2133932606053377,1.9415699324724566e-05
86.46000000000001,0.09329828620909852,3.347435172228495,2.2097318562847494,1.9589255173459123e-05
86.47,0.0910572522885192,3.3485034178272914,2.206055805398343,1.9764974439968256e-05
86.48,0.08881033936510542,3.34959127564817,2.2023650761924003,1.9942862976670646e-05
86.49,0.08655737069308408,3.3506986821140403,2.1986596352917895,2.0122926617280594e-05
86.5,0.08429817066765889,3.351825572367356,2.1949394477149218,2.030517116957474e-05
86.51,0.08203256483833518,3.3529718802671242,2.1912044768889154,2.0489602408054944e-05
86.52,0.07976037992226051,3.35413753838552,2.1874546846649614,2.067622606647737e-05
86.53,0.07748144381758397,3.355322478004095,2.183690031333897,2.0865047830255382e-05
86.54,0.07519558561683734,3.356526629109587,2.179910475641984,2.1056073328751077e-05
86.55,0.0729026356203411,3.3577499203893217,2.176115974806892,2.124930812743964e-05
86.56,0.07060242534963813,3.3589922792262077,2.172306484533889,2.144475771994377e-05
86.57000000000001,0.06829478756095812,3.360253631693326,2.168481959032241,2.1642427519954585e-05
86.58,0.06597955625871545,3.361533902548109,2.164642351031817,2.184232285302487e-05
86.59,0.06365656670904335,3.3628330152261086,2.160787611799904,2.2044448948233035e-05
86.60000000000001,0.06132565545336707,3.3641508918343535,2.156917691158231,2.224881092973233e-05
86.61,0.058986660322018714,3.3654874531442913,2.153032537500204,2.2455413808172008e-05
86.62,0.056639420447896306,3.366842618584321,2.149132097808351,2.2664262471993503e-05
86.63,0.05428377628016973,3.3682163062319064,2.1452163176719807,2.2875361678608853e-05
86.64,0.05191956959803592,3.369608432805277,2.141285141305052,2.3088716045457085e-05
86.65,0.049546643524525764,3.3710189136547117,2.1373385115642582,2.3304330040922816e-05
86.66,0.047164842540365036,3.372447662753406,2.133376369967329,2.352220797515844e-05
86.67,0.04477401249789165,3.373894592687922,2.129398656711542,2.3742353990769332e-05
86.68,0.04237400063503143,3.37535961464822,2.1254053106924604,2.3964772053383657e-05
86.69,0.039964655589334465,3.3768426384172754,2.1213962695228785,2.418946594211217e-05
86.7,0.03754582741207421,3.378343572360275,2.117371469551995,2.4416439239868498e-05
86.71000000000001,0.03511736758241118,3.3798623234133953,2.1133308458848035,2.4645695323604262e-05
86.72,0.032679129021623204,3.381398797072167,2.1092743324017027,2.487723735440848e-05
86.73,0.030230966107404025,3.382952897379417,2.105201861778334,2.5111068267499845e-05
86.74,0.027772734688231937,3.3845245269127986,2.101113365505639,2.534719076211864e-05
86.75,0.025304292097810162,3.3861135867719026,2.0970087739101433,2.5585607291293797e-05
86.76,0.022825497169580437,3.387719976564952,2.092888016174469,2.5826320051517887e-05
86.77,0.020336210251311333,3.3893435943950867,2.088751020358073,2.6069330972313897e-05
86.78,0.017836293219762652,3.3909843368462274,2.0845977134182117,2.6314641705696995e-05
86.79,0.015325609495427148,3.392642098968534,2.0804280212311435,2.6562253615542905e-05
86.8,0.012804024057350798,3.3943167742634492,2.076241868613555,2.6812167766867195e-05
86.81,0.010271403458032673,3.3960082546683306,2.0720391793442223,2.706438491500123e-05
86.82000000000001,0.007727615838405396,3.397716430540679,2.0678198761859092,2.7318905494683623e-05
86.83,0.005172530942897074,3.399441190641958,2.0635838809074962,2.757572960907243e-05
86.84,0.0026060201345754663,3.401182422121009,2.0593311143063486,2.7834857018670703e-05
86.85000000000001,2.7956410375080693e-05,3.4029400104970633,2.0550614962309206,2.809628713017371e-05
86.86,-0.0025617855835922436,3.4047138396423566,2.0507749456036004,2.8360018985255692e-05
86.87,-0.005163329536642823,3.4065037917643446,2.046471380443791,2.8626051249279783e-05
86.88,-0.0077767974580423265,3.4083097473875226,2.0421507178912357,2.8894382199934995e-05
86.89,-0.010402309661442427,3.4101315853348555,2.0378128742295845,2.91650097158356e-05
86.9,-0.01303998474923284,3.4119691827088174,2.0334577649102026,2.9437931265062315e-05
86.91,-0.01568993959680869,3.4138224148720466,2.0290853045762236,2.9713143893648622e-05
86.92,-0.018352289336753345,3.415691155427617,2.0246954070868473,2.9990644214030878e-05
86.93,-0.021027147342936953,3.4175752761989324,2.020287985541884,3.0270428393460943e-05
86.94,-0.023714625214531007,3.4194746472092463,2.015862952306545,3.0552492142398484e-05
86.95,-0.026414832759939423,3.42138913666081,2.011420219036481,3.083683070287427e-05
86.96000000000001,-0.029127877980646755,3.4233186109136553,2.006959696703069,3.1123438836838247e-05
86.97,-0.031853867054984226,3.425262934464017,2.0024812956189466,3.141231081450706e-05
86.98,-0.034592904321814444,3.4272219699223947,1.9979849254637971,3.1703440402706515e-05
86.99,-0.03734509226413578,3.429195577991269,1.9934704953103854,3.199682085321951e-05
87.0,-0.04011053149260751,3.431183617442465,1.9889379136508434,3.229244489115523e-05
87.01,-0.04288932072899697,3.433185945094179,1.984387088423206,3.259030470334356e-05
87.02,-0.04568155678955007,3.4352024157876673,1.9798179270381997,3.2890391926762066e-05
87.03,-0.048487334568286675,3.43723288236361,1.975230336406281,3.319269763700344e-05
87.04,-0.051306747020222504,3.439277195638147,1.9706242229649285,3.349721233679117e-05
87.05,-0.05413988514451929,3.441335204378601,1.9659994927061843,3.380392594457028e-05
87.06,-0.056986837967565145,3.44340675527889,1.9613560512044492,3.4112827783161815e-05
87.07000000000001,-0.059847692525987116,3.445491692934638,1.9566938036445274,3.442390656849817e-05
87.08,-0.06272253384959818,3.4475898598179917,1.9520126548499233,3.4737150398450736e-05
87.09,-0.06561144494428094,3.4497010962521464,1.9473125093113894,3.50525467417703e-05
87.10000000000001,-0.0685145067748105,3.4518252403855976,1.9425932712157232,3.5370082427141286e-05
87.11,-0.07143179824761912,3.4539621281661197,1.9378548444748145,3.568974363235168e-05
87.12,-0.07436339619350542,3.4561115933144806,1.9330971327549413,3.6011515873618906e-05
87.13,-0.07730937535029088,3.458273467297906,1.9283200395063134,3.63353839950576e-05
87.14,-0.08026980834542684,3.460447579303297,1.9235234679928634,3.6661332158315996e-05
87.15,-0.083244765678555,3.4626337562102165,1.9187073213222827,3.698934383239118e-05
87.16,-0.08623431570402479,3.464831822563646,1.9138715024763024,3.7319401783627886e-05
87.17,-0.089238524613371,3.467041600546531,1.9090159143412173,3.765148806593981e-05
87.18,-0.09225745641775536,3.469262909952125,1.9041404597386498,3.798558401123284e-05
87.19,-0.09529117293037552,3.4714955681561324,1.8992450414565556,3.8321670220067346e-05
87.2,-0.09833973374884565,3.4737393900886784,1.894329562280465,3.865972655257324e-05
87.21000000000001,-0.10140319623755228,3.4759941882061023,1.8893939250249612,3.8999732119626205e-05
87.22,-0.10448161550998981,3.4782597724625957,1.8844380325653902,3.9341665274302046e-05
87.23,-0.10757504441107965,3.4805359502816926,1.8794617878698034,3.9685503603621434e-05
87.24,-0.11068353349947765,3.482822526527627,1.874465094031127,4.003122392061574e-05
87.25,-0.11380713102987423,3.4851193034765697,1.8694478542995567,4.03788022567105e-05
87.26,-0.11694588293529178,3.487426080787758,1.8644099721151763,4.072821385445239e-05
87.27,-0.1200998328093842,3.4897426554745303,1.8593513511407935,4.107943316060437e-05
87.28,-0.12326902188874361,3.4920688218752853,1.8542718952949928,4.1432433819609744e-05
87.29,-0.12645348903521889,3.494404371624372,1.8491715087854004,4.1787188667449636e-05
87.3,-0.12965327071825164,3.496749093622931,1.844050096142157,4.214366972591945e-05
87.31,-0.13286840099723454,3.499102774009703,1.8389075622515967,4.250184819733255e-05
87.32000000000001,-0.13609891150389755,3.501465196131816,1.8337438123901233,4.286169445966778e-05
87.33,-0.13934483142472753,3.5038361405155696,1.8285587522582856,4.322317806218071e-05
87.34,-0.14260618748342677,3.506215384837233,1.8233522880150426,4.358626772151271e-05
87.35000000000001,-0.1458830039234163,3.508602703893874,1.8181243263122142,4.395093131828867e-05
87.36,-0.14917530249038957,3.5109978695742345,1.8128747743291151,4.431713589423661e-05
87.37,-0.1524831024149227,3.51340065082967,1.8076035398073635,4.468484764985244e-05
87.38,-0.15580642039514692,3.5158108136451727,1.8023105310858611,4.505403194262069e-05
87.39,-0.15914527057948977,3.5182281210104973,1.7969956571359378,4.542465328582205e-05
87.4,-0.16249966454949072,3.5206523328914057,1.791658827596654,4.579667534791915e-05
87.41,-0.165869611302698,3.5230832062010498,1.7862999528102583,4.6170060952568764e-05
87.42,-0.16925511723565242,3.5255204947715164,1.7809189438577888,4.654477207927315e-05
87.43,-0.17265618612696507,3.5279639493255472,1.7755157125948149,4.692076986467634e-05
87.44,-0.17607281912049497,3.5304133174484615,1.770090171687312,4.729801460453953e-05
87.45,-0.17950501470863356,3.5328683435602968,1.7646422346476613,4.767646575639937e-05
87.46000000000001,-0.18295276871570218,3.5353287688881903,1.7591718158707674,4.8056081942947316e-05
87.47,-0.1864160742814695,3.537794331439026,1.7536788306702866,4.84368209561351e-05
87.48,-0.1898949218447953,3.5402647659723634,1.7481631953149577,4.881863976202229e-05
87.49,-0.19338929912740754,3.5427398039736757,1.7426248270650264,4.920149450639332e-05
87.5,-0.196899191117819,3.5452191736279146,1.7370636442087568,4.958534052116305e-05
87.51,-0.20042458005539074,3.5477025997934324,1.7314795660990188,4.997013233158079e-05
87.52,-0.20396544541454856,3.5501898039762763,1.7258725131899446,5.035582366424941e-05
87.53,-0.2075217638891596,3.5526805043048855,1.7202424070736448,5.0742367455991426e-05
87.54,-0.21109350937707555,3.5551744155052116,1.7145891705169733,5.112971586356131e-05
87.55,-0.21468065296484906,3.5576712488762885,1.7089127274983333,5.151782027423374e-05
87.56,-0.21828316291263045,3.5601707122662747,1.7032130032445125,5.1906631317270536e-05
87.57000000000001,-0.22190100463925072,3.562672510048996,1.6974899242675403,5.229609887629864e-05
87.58,-0.22553414070749805,3.565176343101013,1.691743418401553,5.268617210260604e-05
87.59,-0.22918253080959375,3.567681908779238,1.6859734148396588,5.307679942935802e-05
87.60000000000001,-0.23284613175287455,3.570188900899129,1.6801798441707922,5.346792858676879e-05
87.61,-0.2365248974456873,3.572697009713487,1.6743626384165444,5.385950661823403e-05
87.62,-0.24021877888350263,3.575205921891884,1.6685217310679599,5.425147989742611e-05
87.63,-0.24392772413525338,3.5777153205007455,1.6626570571222883,5.464379414638271e-05
87.64,-0.24765167832990434,3.5802248849841214,1.6567685531196783,5.5036394454585985e-05
87.65,-0.25139058364325895,3.5827342911451656,1.6508561571798024,5.5429225299041224e-05
87.66,-0.2551443792850088,3.585243211128357,1.6449198090384003,5.5822230565382875e-05
87.67,-0.25891300148603186,3.5877513134024897,1.6389594500837283,5.621535356999164e-05
87.68,-0.26269638348594443,3.590258262744456,1.6329750233929028,5.6608537083146726e-05
87.69,-0.2664944555209132,3.5927637202238585,1.6269664737681233,5.700172335321849e-05
87.7,-0.2703071448117314,3.5952673431884734,1.6209337477727643,5.7394854131898415e-05
87.71000000000001,-0.27413437555216474,3.5977687852505964,1.614876793767321,5.778787070048142e-05
87.72,-0.2779760688975721,3.6002676962743014,1.6087955619451957,5.8180713897190334e-05
87.73,-0.2818321429538048,3.6027637223636386,1.6026900043683134,5.857332414556227e-05
87.74,-0.28570251276639,3.6052565058518042,1.5965600750025493,5.896564148388561e-05
87.75,-0.2895870903100009,3.6077456852913077,1.5904057297529566,5.935760559568442e-05
87.76,-0.2934857844782189,3.6102308954451705,1.5842269264987814,5.974915584126539e-05
87.77,-0.2973985010735906,3.6127117672791815,1.5780236251282471,6.014023129029986e-05
87.78,-0.30132514279798356,3.6151879279552412,1.5717957875730981,6.05307707554593e-05
87.79,-0.305265609243243,3.6176590008258245,1.5655433778428847,6.092071282708376e-05
87.8,-0.3092197968821533,3.6201246054295892,1.5592663620589773,6.130999590888035e-05
87.81,-0.31318759905970595,3.6225843574881638,1.5529647084882936,6.169855825465374e-05
87.82000000000001,-0.3171689059846764,3.6250378689041405,1.546638387576724,6.208633800603168e-05
87.83,-0.32116360472151156,3.6274847477603047,1.5402873719822416,6.247327323119603e-05
87.84,-0.32517157918252954,3.6299245983201303,1.5339116366076806,6.285930196460363e-05
87.85000000000001,-0.3291927101204324,3.632357021029569,1.527511158633168,6.324436224767118e-05
87.86,-0.3332268751211331,3.6347816125201655,1.5210859175481948,6.362839217042028e-05
87.87,-0.3372739485968968,3.6371979656135234,1.514635895183309,6.401132991404272e-05
87.88,-0.3413338017797962,3.6396056693271537,1.508161075741419,6.43931137943909e-05
87.89,-0.3454063027154812,3.642004308881734,1.5016614458286877,6.47736823063586e-05
87.9,-0.3494913162572609,3.6443934657098054,1.4951369944850057,6.5152974169121e-05
87.91,-0.35358870406049825,3.6467727174659363,1.4885877132140266,6.553092837222563e-05
87.92,-0.35769832457731443,3.6491416380383814,1.4820135960127494,6.590748422248752e-05
87.93,-0.36182003305160093,3.651499797562259,1.4754146394006324,6.628258139167387e-05
87.94,-0.36595368151433755,3.653846762434281,1.4687908424482248,6.665615996493966e-05
87.95,-0.3700991187792127,3.656182095329055,1.462142206805299,6.702816048997852e-05
87.96000000000001,-0.3742561904385425,3.6585053552169886,1.4554687367284702,6.739852402686306e-05
87.97,-0.3784247388594852,3.6608160973838197,1.448770439108287,6.77671921985274e-05
87.98,-0.3826046031805457,3.6631138734518007,1.4420473234957785,6.813410724185699e-05
87.99,-0.38679561930836637,3.6653982314025577,1.4352994021284442,6.849921205934912e-05
88.0,-0.390997619914798,3.667668715601651,1.4285266899556701,6.886245027129339e-05
88.01,-0.3952104344342449,3.66992486682486,1.4217292046635575,6.9223766268435e-05
88.02,-0.3994338890612788,3.672166222286213,1.4149069666991498,6.95831052650734e-05
88.03,-0.4036678067485133,3.674392315667791,1.4080599992940441,6.994041335254072e-05
88.04,-0.40791200720473303,3.6766026771513194,1.4011883284873714,7.029563755301555e-05
88.05,-0.4121663068932682,3.678796833451569,1.3942919831481337,7.064872587362795e-05
88.06,-0.41643051903060757,3.6809743078515926,1.3873709949968829,7.099962736079465e-05
88.07000000000001,-0.42070445358523983,3.6831346202398123,1.3804253986267279,7.134829215472331e-05
88.08,-0.42498791727671514,3.6852772871489723,1.3734552315236583,7.169467154403806e-05
88.09,-0.42928071357491604,3.687401821796983,1.3664605340861706,7.203871802047935e-05
88.10000000000001,-0.4335826426995283,3.6895077341296663,1.3594413496441824,7.238038533359154e-05
88.11,-0.4378935016197002,3.691594530865421,1.352397724477226,7.271962854535135e-05
88.12,-0.4422130840538795,3.693661715541822,1.3453297078319064,7.305640408468722e-05
88.13,-0.4465411804698161,3.695708788564166,1.3382373519386124,7.339066980181129e-05
88.14,-0.4508775780847184,3.697735247255984,1.331120712027469,7.372238502229727e-05
88.15,-0.4552220608655504,3.699740585911517,1.3239798463435217,7.40515106008413e-05
88.16,-0.4595744095294569,3.701724295850183,1.3168148161611386,7.437800897465134e-05
88.17,-0.4639344015443029,3.703685865473034,1.309625685797623,7.470184421637884e-05
88.18,-0.4683018111293134,3.705624780321212,1.3024125226260241,7.502298208653184e-05
88.19,-0.4726764092557997,3.7075405231364176,1.2951753970871378,7.53413900853076e-05
88.2,-0.4770579636479562,3.7094325739233907,1.2879143827006854,7.565703750376089e-05
88.21000000000001,-0.4814462387837146,3.711300410014412,1.280629556075665,7.596989547424408e-05
88.22,-0.485840995895638,3.7131435061358253,1.2733209969198642,7.6279937020044e-05
88.23,-0.4902419929718405,3.7149613344765897,1.265988788048527,7.658713710415537e-05
88.24,-0.4946489847569159,3.7167533647588527,1.2586330153921668,7.689147267710592e-05
88.25,-0.4990617227528583,3.7185190643105535,1.2512537680035194,7.71929227237675e-05
88.26,-0.5034799552199597,3.72025789814005,1.2438511380636272,7.749146830907794e-05
88.27,-0.5079034271776655,3.721969329012766,1.236425220887051,7.778709262260406e-05
88.28,-0.5123318804053726,3.7236528175298558,1.2289761149262002,7.807978102188819e-05
88.29,-0.516765053443152,3.7253078222088822,1.2215039217747794,7.83695210744718e-05
88.3,-0.5212026815923785,3.7269337995664946,1.2140087461703448,7.865630259856234e-05
88.31,-0.5256444969162494,3.728530204203105,1.206490695995966,7.894011770226234e-05
88.32000000000001,-0.5300902282401759,3.730096488889549,1.19894988228099,7.922096082128239e-05
88.33,-0.5345396011520281,3.731632104655717,1.191386419200904,7.9498828755078e-05
88.34,-0.5389923380022161,3.7331365008811495,1.1838004240762943,7.977372070134788e-05
88.35000000000001,-0.5434481579035896,3.7346091253875753,1.1761920173708982,8.004563828882397e-05
88.36,-0.5479067767311382,3.736049424533378,1.1685613226887492,8.031458560828295e-05
88.37,-0.5523679071214747,3.737456843309977,1.1609084667704126,8.058056924173062e-05
88.38,-0.5568312584720836,3.7388308254400946,1.1532335794883113,8.084359828969314e-05
88.39,-0.5612965369403178,3.740170813477901,1.1455367938411425,8.11036843965548e-05
88.4,-0.5657634454421253,3.741476248911003,1.1378182459473851,8.136084177388255e-05
88.41,-0.5702316836504904,3.7427465722642577,1.1300780750378998,8.161508722169613e-05
88.42,-0.5747009479935713,3.743981223205387,1.1223164234476222,8.186644014761724e-05
88.43,-0.5791709316525185,3.7451796406523603,1.114533436606353,8.211492258385864e-05
88.44,-0.5836413245589575,3.7463412628825252,1.1067292630286472,8.236055920201178e-05
88.45,-0.5881118133921203,3.7474655276434445,1.098904054302804,8.260337732556289e-05
88.46000000000001,-0.5925820815756113,3.7485518722654194,1.0910579650789665,8.284340694013179e-05
88.47,-0.5970518092737915,3.7495997337756557,1.0831911530563294,8.308068070137574e-05
88.48,-0.6015206733877679,3.7506085490140446,1.0753037789694648,8.331523394052218e-05
88.49,-0.6059883475509746,3.751577754750519,1.0673960065737693,8.354710466751609e-05
88.5,-0.6104545021243328,3.7525067878039455,1.0594680026300394,8.377633357172973e-05
88.51,-0.6149188041909768,3.753395085162517,1.0515199368881831,8.400296402023637e-05
88.52,-0.6193809175505358,3.7542420841055986,1.0435519820700734,8.422704205361011e-05
88.53,-0.6238405027129605,3.7550472223269926,1.0355643138515533,8.444861637924486e-05
88.54,-0.6282972168918842,3.755809938059569,1.0275571108436,8.466773836217405e-05
88.55,-0.6327507139975108,3.7565296702012225,1.019530554572658,8.488446201338634e-05
88.56,-0.637200644629021,3.7572058584421097,1.0114848294601517,8.509884397563754e-05
88.57000000000001,-0.6416466560664909,3.75783794339311,1.003420122801185,8.531094350674027e-05
88.58,-0.6460883922623155,3.758425366715472,0.995336624742443,8.552082246036584e-05
88.59,-0.6505254938321356,3.758967571251585,0.9872345282593036,8.572854526433592e-05
88.60000000000001,-0.6549575980452614,3.759464001156828,0.9791140291321736,8.593417889643428e-05
88.61,-0.6593843388145928,3.7599141020324414,0.9709753259220602,8.613779285775634e-05
88.62,-0.6638053466860349,3.7603173210593654,0.9628186199453919,8.63394591436076e-05
88.63,-0.6682202488274095,3.760673107132991,0.9546441152481029,8.653925221198958e-05
88.64,-0.6726286690168641,3.7609809109987635,0.946452018578994,8.673724894969256e-05
88.65,-0.6770302276307817,3.7612401853885835,0.9382425393623858,8.693352863603755e-05
88.66,-0.6814245416311964,3.7614503851579433,0.9300158896700795,8.712817290430738e-05
88.67,-0.6858112245527214,3.7616109674237377,0.9217722841926405,8.732126570090428e-05
88.68,-0.6901898864889969,3.76172139170269,0.9135119402100215,8.751289324228928e-05
88.69,-0.694560134078668,3.7617811200503275,0.9052350775615428,8.770314396975808e-05
88.7,-0.6989215704909026,3.761789617200446,0.8969419186152452,8.789210850209735e-05
88.71000000000001,-0.7032737954104644,3.761746350704996,0.8886326882366362,8.807987958619626e-05
88.72,-0.7076164050223532,3.7616507910743278,0.8803076137568453,8.826655204568122e-05
88.73,-0.7119489919960315,3.7615024119177245,0.8719669249402086,8.8452222727627e-05
88.74,-0.7162711454692537,3.7613006900841666,0.8636108539513028,8.863699044743283e-05
88.75,-0.7205824510315201,3.761045105803247,0.8552396353214469,8.882095593193911e-05
88.76,-0.7248824907071756,3.7607351428261775,0.8468535059146933,8.900422176085824e-05
88.77,-0.7291708429381798,3.7603702885668175,0.8384527048933289,8.918689230661469e-05
88.78,-0.7334470825665725,3.759950034242651,0.8300374736829068,8.936907367267381e-05
88.79,-0.7377107808166643,3.759473875015645,0.8216080559368325,8.955087363045886e-05
88.8,-0.741961505276981,3.758941310132923,0.8131646975005244,8.973240155495018e-05
88.81,-0.746198819881996,3.7583518430671736,0.8047076463751736,8.991376835905605e-05
88.82000000000001,-0.7504222848936829,3.757704981656734,0.7962371526811246,9.00950864268649e-05
88.83,-0.7546314568829267,3.7570002382452703,0.787753468620903,9.02764695458805e-05
88.84,-0.7588258887108307,3.7562371298209873,0.7792568484419116,9.045803283834029e-05
88.85000000000001,-0.763005129509961,3.755415178155295,0.770747548398822,9.063989269173558e-05
88.86,-0.7671687246655711,3.754533909940859,0.762225826715686,9.08221666886287e-05
88.87,-0.7713162157968508,3.7535928569289694,0.7536919435477922,9.100497353588563e-05
88.88,-0.7754471407382489,3.7525915560661494,0.7451461609432953,9.118843299344505e-05
88.89,-0.7795610335209164,3.751529549629939,0.7365887428046424,9.137266580271302e-05
88.9,-0.7836574243543238,3.7504063853637812,0.7280199548498263,9.155779361472464e-05
88.91,-0.7877358396081061,3.7492216166109373,0.7194400645734915,9.174393891816965e-05
88.92,-0.7917958017941898,3.7479748024473656,0.7108493412079219,9.193122496740149e-05
88.93,-0.7958368295492627,3.746665507813493,0.7022480556839372,9.21197757105506e-05
88.94,-0.7998584376176439,3.745293303644808,0.6936364805917302,9.230971571784057e-05
88.95,-0.803860136834619,3.7438577670012085,0.6850148901416713,9.250117011023532e-05
88.96000000000001,-0.807841434110303,3.742358481195037,0.676383560125112,9.26942644885281e-05
88.97,-0.8118018324140985,3.740795035917734,0.6677427678752181,9.288912486297537e-05
88.98,-0.8157408307598177,3.7391670273650455,0.6590927922278621,9.308587758358578e-05
88.99,-0.8196579241915385,3.737474058360716,0.6504339134826084,9.328464927117892e-05
89.0,-0.8235526037702672,3.7357157384786057,0.6417664133638217,9.348556674931153e-05
89.01,-0.8274243565614834,3.733891684163165,0.6330905749819321,9.368875697717714e-05
89.02,-0.8312726656236427,3.7320015188482047,0.6244066827948898,9.389434698357195e-05
89.03,-0.8350970099977145,3.730044873073901,0.6157150225698419,9.410246380202696e-05
89.04,-0.8388968646978379,3.7280213846019725,0.6070158813450681,9.43132344071989e-05
89.05,-0.8426717007031739,3.725930698528972,0.5983095473922065,9.452678565260425e-05
89.06,-0.8464209849510406,3.723772467397633,0.5895963101788072,9.474324420977745e-05
89.07000000000001,-0.8501441803314144,3.7215463513062157,0.5808764603312483,9.496273650893747e-05
89.08,-0.8538407456828847,3.719252018015795,0.5721502895980508,9.518538868123113e-05
89.09,-0.8575101357901506,3.716889143055438,0.5634180908136294,9.541132650262286e-05
89.10000000000001,-0.8611518013831476,3.7144574098252154,0.5546801578625151,9.564067533948645e-05
89.11,-0.8647651891378972,3.7119565096970035,0.5459367856440902,9.587356009596747e-05
89.12,-0.8683497416791698,3.709386142113014,0.5371882700378704,9.611010516316011e-05
89.13,-0.8719048975850548,3.7067460146820164,0.5284349078693764,9.63504343701287e-05
89.14,-0.8754300913935327,3.7040358432731995,0.5196769968766318,9.659467093683463e-05
89.15,-0.8789247536111421,3.701255352107628,0.5109148356773289,9.684293742897191e-05
89.16,-0.8823883107238413,3.6984042738472565,0.5021487237367018,9.70953557147556e-05
89.17,-0.8858201852101577,3.6954823496814493,0.49337896133614895,9.73520469236679e-05
89.18,-0.8892197955567248,3.6924893294109795,0.48460584954264485,9.76131314071561e-05
89.19,-0.8925865562763033,3.68942497152946,0.4758296901789854,9.787872870130421e-05
89.2,-0.8959198779283858,3.686289043302175,0.46705078579490694,9.814895749145298e-05
89.21000000000001,-0.8992191671424826,3.683081320842281,0.4582694396391239,9.842393557875327e-05
89.22,-0.9024838266441885,3.679801589184336,0.4494859556323276,9.870377984862506e-05
89.23,-0.9057132552841282,3.6764496423551436,0.4407006383411901,9.898860624109587e-05
89.24,-0.9089068480698805,3.673025283441866,0.4319137929534183,9.927852972296447e-05
89.25,-0.912063996200979,3.6695283246573944,0.42312572525390235,9.957366426173827e-05
89.26,-0.9151840871070865,3.665958587402947,0.41433674160200396,9.987412280128978e-05
89.27,-0.9182665044894434,3.6623159023278746,0.4055471489100304,0.00010018001723916435
89.28,-0.921310628365684,3.6586001093866534,0.39675725462293987,0.00010049145840544793
89.29,-0.9243158351181207,3.6548110578930513,0.38796736669932486,0.00010080855604311764
89.3,-0.9272814975455866,3.6509486065714474,0.37917779359372017,0.0001011314187897821
89.31,-0.9302069849189363,3.6470126236052973,0.37038884424028234,0.00010146015416069007
89.32000000000001,-0.9330916630402929,3.6430029866827303,0.36160082803788807,0.00010179486853292239
89.33,-0.935934894306137,3.638919583039269,0.3528140548366984,0.00010213566713062023
89.34,-0.938736037774325,3.634762309497669,0.344028834926237,0.00010248265401113382
89.35000000000001,-0.9414944492351273,3.6305310725048705,0.3352454790250294,0.00010283593205194825
89.36,-0.9442094812863708,3.626225788166061,0.32646429827185186,0.00010319560293824934
89.37,-0.9468804834127739,3.62184638227585,0.31768560421863684,0.00010356176715097787
89.38,-0.9495068020695518,3.617392790346556,0.30890970882508306,0.00010393452395519555
89.39,-0.9520877807703775,3.6128649576336103,0.3001369244550181,0.00010431397138861611
89.4,-0.9546227601797719,3.608262839158088,0.29136756387456075,0.00010470020625012765
89.41,-0.9571110782100013,3.6035863997263675,0.28260194025213037,0.00010509332408812113
89.42,-0.9595520701225528,3.5988356139469317,0.27384036716035054,0.00010549341918843955
89.43,-0.9619450686342583,3.5940104662443284,0.26508315857989323,0.00010590058456176678
89.44,-0.9642894040281321,3.5891109508702956,0.2563306289053101,0.00010631491193026493
89.45,-0.9665844042689868,3.5841370719120733,0.24758309295289654,0.00010673649171324356
89.46000000000001,-0.9688293951238859,3.579088843297921,0.23884086597063317,0.00010716541301168678
89.47,-0.9710237002874899,3.5739662887998547,0.2301042636502499,0.00010760176359142226
89.48,-0.9731666415123477,3.5687694420336338,0.22137360214145563,0.00010804562986471364
89.49,-0.9752575387441831,3.5634983464560137,0.2126491980683765,0.0001084970968700941
89.5,-0.9772957102622185,3.558153055359295,0.20393136854824473,0.00010895624825020805
89.51,-0.979280472824579,3.5527336318631932,0.19522043121237836,0.00010942316622747692
89.52,-0.9812111418188099,3.5472401489040597,0.18651670422949188,0.00010989793157735949
89.53,-0.9830870314175418,3.5416726892214814,0.1778205063313756,0.00011038062359900307
89.54,-0.9849074547393282,3.5360313453422947,0.16913215684098085,0.00011087132008309569
89.55,-0.9866717240146776,3.5303162195620437,0.16045197570294611,0.00011137009727669778
89.56,-0.9883791507573,3.524527423923919,0.15178028351659803,0.00011187702984486817
89.57000000000001,-0.9900290459405753,3.518665080195212,0.1431174015714588,0.00011239219082888352
89.58,-0.9916207201792553,3.512729319841323,0.13446365188529028,0.00011291565160085731
89.59,-0.9931534839163978,3.5067202839973595,0.12581935724470236,0.00011344748181459294
89.60000000000001,-0.9946266476155303,3.500638123437367,0.11718484124835173,0.00011398774935247493
89.61,-0.9960395219580337,3.49448299854123,0.10856042835275408,0.00011453652026824021
89.62,-0.9973914180457313,3.488255079259285,0.09994644392073106,0.00011509385872547189
89.63,-0.9986816476086626,3.481954545074691,0.09134321427251008,0.00011565982693164759
89.64,-0.9999095232180147,3.4755815849635963,0.08275106673949266,0.00011623448506764114
89.65,-1.0010743585041795,3.469136397353145,0.0741703297207041,0.00011681789121250502
89.66,-1.0021754683798973,3.462619190077375,0.06560133274193393,0.00011741010126344455
89.67,-1.003212169268444,3.4560301803310423,0.05704440651757365,0.00011801116885088133
89.68,-1.0041837793368076,3.449369594621425,0.04849988301515491,0.00011862114524849513
89.69,-1.0050896187338019,3.4426376687181475,0.03996809552258747,0.00011924007927820561
89.7,-1.0059290098330482,3.435834647601075,0.031449378718092884,0.00011986801721001019
89.71000000000001,-1.0067012774807593,3.4289607854063195,0.0229440687428259,0.0001205050026566337
89.72,-1.0074057492482476,3.422016345370412,0.014452503276171497,0.00012115107646297626
89.73,-1.008041755689074,3.415001599772677,0.005975021613701437,0.00012180627659036383
89.74,-1.0086086306007502,3.407916829875864,-0.002488035252230226,0.00012247063799560056
89.75,-1.0091057112908957,3.4007623258650774,-0.010936324549277652,0.00012314419250483922
89.76,-1.009532338847748,3.393538386785053,-0.019369501639309394,0.00012382696868235943
89.77,-1.0098878584149173,3.3862453204758247,-0.02778721993006469,0.0001245189916943034
89.78,-1.010171619470269,3.3788834435068313,-0.0361891307842993,0.0001252202831674503
89.79,-1.01038297610881,3.371453081109501,-0.044574883426465345,0.00012593086104319037
89.8,-1.0105212873294531,3.363954567108364,-0.052944124846975,0.00012665073942680355
89.81,-1.0105859173255203,3.3563882438507315,-0.061296499704103134,0.0001273799284321904
89.82000000000001,-1.0105762357788433,3.3487544621349925,-0.06963165022358972,0.00012811843402228955
89.83,-1.0104916181573136,3.3410535811375577,-0.07794921609600837,0.00012886625784535764
89.84,-1.0103314460157247,3.3332859683385037,-0.08624883437197325,0.00012962339706733454
89.85000000000001,-1.010095107299745,3.3254519994459506,-0.09453013935526264,0.0001303898442005892
89.86,-1.0097819966528545,3.3175520583192144,-0.10279276249394319,0.0001311655869292845
89.87,-1.0093915157260673,3.309586536890773,-0.11103633226958567,0.00013195060793169696
89.88,-1.008923073490262,3.3015558350870813,-0.11926047408466867,0.00013274488469980825
89.89,-1.0083760865509301,3.2934603607482718,-0.12746481014827346,0.00013354838935651056
89.9,-1.0077499794651519,3.285300529546777,-0.13564895936017982,0.00013436108847082018
89.91,-1.0070441850605971,3.277076764904905,-0.14381253719347886,0.00013518294287149976
89.92,-1.0062581447563488,3.2687894979113987,-0.1519551555758258,0.00013601390745949892
89.93,-1.005391308885336,3.260439167237015,-0.16007642276946232,0.00013685393101964922
89.94,-1.0044431370181615,3.252026219049148,-0.1681759432501447,0.00013770295603211967
89.95,-1.0034130982881015,3.2435511069255236,-0.1762533175851212,0.00013856091848409046
89.96000000000001,-1.0023006717170497,3.235014291766998,-0.1843081423103082,0.00013942774768215015
89.97,-1.0011053465421733,3.226416241709479,-0.1923400098068227,0.0001403033660659649
89.98,-0.9998266225430456,3.2177574320349946,-0.20034850817703406,0.00014118768902376028
89.99,-0.9984640103690093,3.209038345081934,-0.20833322112030636,0.0001420806247101579
90.0,-0.9970170318665283,3.2002594701544806,-0.21629372780860823,0.00014298207386699655
90.01,-0.9954852204062727,3.1914213034312495,-0.22422960276217466,0.00014389192964768663
90.02,-0.9938681212096847,3.18252434787316,-0.23214041572541172,0.000144810077445713
90.03,-0.9921652916747646,3.173569113130547,-0.2400257315432417,0.0001457363947279619
90.04,-0.9903763017008156,3.164556115449531,-0.24788511003809294,0.0001466707508734184
90.05,-0.9885007340118787,3.1554858775776644,-0.2557181058877451,0.00014761300701794314
90.06,-0.9865381844785903,3.1463589286688562,-0.26352426850424665,0.00014856301590574964
90.07000000000001,-0.9844882624381898,3.1371758041875966,-0.2713031419141284,0.0001495206217482461
90.08,-0.9823505910123995,3.1279370458124816,-0.2790542646401415,0.0001504856600908921
90.09,-0.9801248074229031,3.1186432013390544,-0.28677716958475585,0.00015145795768870272
90.10000000000001,-0.9778105633041397,3.1092948245819656,-0.29447138391565936,0.00015243733239114193
90.11,-0.9754075250131338,3.0998924752764574,-0.30213642895350457,0.0001534235930369568
90.12,-0.9729153739360769,3.0904367189791837,-0.3097718200621539,0.0001544165393596505
90.13,-0.9703338067913774,3.0809281269683635,-0.3173770665416803,0.00015541596190426945
90.14,-0.9676625359288932,3.071367276143275,-0.32495167152438403,0.00015642164195606986
90.15,-0.9649012896250609,3.061754748923092,-0.33249513187409174,0.00015743335148172264
90.16,-0.9620498123736363,3.052091133145068,-0.3400069380890066,0.00015845085308365575
90.17,-0.959107865171759,3.042377021962065,-0.3474865742083836,0.00015947389996812892
90.18,-0.9560752258010581,3.0326130137394323,-0.3549335177233057,0.0001605022359275844
90.19,-0.9529516891035104,3.0227997119512366,-0.36234723949184156,0.00016153559533784603
90.2,-0.9497370672517721,3.0129377250758442,-0.3697272036588656,0.00016257370317067826
90.21000000000001,-0.9464311900136982,3.0030276664908553,-0.3770728675808259,0.00016361627502218054
90.22,-0.9430339050107713,2.9930701543673948,-0.38438368175574494,0.00016466301715750242
90.23,-0.9395450779701614,2.9830658115637605,-0.39165908975874053,0.0001657136265723064
90.24,-0.9359645929701413,2.97301526551843,-0.3988985281833549,0.0001667677910713657
90.25,-0.9322923526785856,2.9629191481424315,-0.40610142658897974,0.000167825189364644
90.26,-0.9285282785842832,2.9527780957110807,-0.41326720745466455,0.00016888549118120963
90.27,-0.9246723112207997,2.94259274875509,-0.4203952861395958,0.00016994835740122028
90.28,-0.9207244103826268,2.9323637519510544,-0.42748507085053133,0.00017101344020623903
90.29,-0.9166845553333628,2.922091754011323,-0.4345359626164736,0.00017208038324804156
90.3,-0.912552745005673,2.9117774075732643,-0.44154735527086264,0.00017314882183604903
90.31,-0.9083289981927815,2.901421369087933,-0.4485186354415656,0.00017421838314352197
90.32000000000001,-0.9040133537312555,2.891024298708155,-0.45544918254893685,0.0001752886864324641
90.33,-0.8996058706748455,2.880586860176039,-0.4623383688122167,0.00017635934329727744
90.34,-0.8951066284591539,2.870109720709935,-0.46918555926453387,0.0001774299579270802
90.35000000000001,-0.8905157270569083,2.8595935508908545,-0.47599011177676837,0.00017850012738650526
90.36,-0.8858332871236272,2.8490390245483743,-0.48275137709052657,0.00017956944191486533
90.37,-0.8810594501334676,2.8384468186460454,-0.48946869886047323,0.00018063748524337623
90.38,-0.8761943785050578,2.8278176131663337,-0.49614141370625586,0.0001817038349301319
90.39,-0.8712382557171202,2.8171520909951187,-0.5027688512742499,0.0001827680627124701
90.4,-0.8661912864137052,2.806450937805783,-0.5093503343093423,0.0001838297348763
90.41,-0.8610536964988574,2.7957148419429254,-0.5158851787369636,0.00018488841264188385
90.42,-0.855825733220552,2.784944494305733,-0.522372693755564,0.00018594365256553873
90.43,-0.850507665243743,2.7741405882310546,-0.5288121819397222,0.00018699500695660144
90.44,-0.8450997827123791,2.7633038193762185,-0.5352029393540594,0.00018804202430902756
90.45,-0.839602397300248,2.7524348856016383,-0.5415442556781217,0.00018908424974687922
90.46000000000001,-0.8340158422505256,2.741534486853261,-0.5478354143423785,0.00019012122548286932
90.47,-0.8283404724039116,2.730603325044907,-0.5540756926754706,0.00019115249128918527
90.48,-0.8225766642152488,2.7196421039405605,-0.5602643620628286,0.00019217758497963773
90.49,-0.8167248157585287,2.708651529036671,-0.5664006881167649,0.0001931960429021896
90.5,-0.8107853467202034,2.6976323074445285,-0.572483930858128,0.0001942074004408487
90.51,-0.8047586983807287,2.6865851477727816,-0.57851334490959,0.00019521119252591864
90.52,-0.7986453335842795,2.675510760010167,-0.5844881797006235,0.00019620695415145144
90.53,-0.7924457366965878,2.6644098554085276,-0.590407679684202,0.00019719422089879788
90.54,-0.7861604135508656,2.6532831463661943,-0.5962710845652458,0.00019817252946504344
90.55,-0.7797898913817876,2.6421313463118157,-0.6020776295408101,0.00019914141819515636
90.56,-0.7733347187475185,2.6309551695887152,-0.6078265455519989,0.00020010042761657134
90.57000000000001,-0.7667954654397853,2.619755331339871,-0.6135170595475639,0.0002010491009749202
90.58,-0.760172722382002,2.6085325473936023,-0.6191483947591311,0.00020198698476965842
90.59,-0.7534671015154703,2.597287534150059,-0.624719770987975,0.00020291362928823118
90.60000000000001,-0.7466792356736901,2.5860210084686117,-0.6302304049032417,0.00020382858913746413
90.61,-0.7398097784448256,2.57473368755624,-0.6356795103514992,0.00020473142377079847
90.62,-0.7328594040223846,2.563426288857023,-0.6410662986774743,0.00020562169801008936
90.63,-0.7258288070441805,2.5520995299428315,-0.6463899790558126,0.00020649898256058698
90.64,-0.7187187024196602,2.5407541284053337,-0.6516497588336762,0.00020736285451771562
90.65,-0.7115298251456883,2.529390801749418,-0.6568448438839742,0.00020821289786436802
90.66,-0.7042629301108945,2.518010267288147,-0.6619744389689985,0.00020904870395740952
90.67,-0.6969187918886984,2.506613242039345,-0.6670377481142137,0.00020986987200204293
90.68,-0.6894982045191411,2.495200442623944,-0.6720339749919323,0.00021067600951278075
90.69,-0.6820019812796583,2.4837725851661863,-0.6769623233145821,0.00021146673275980262
90.7,-0.674430954444947,2.472330385195812,-0.6818219972372516,0.00021224166719947238
90.71000000000001,-0.666785975036084,2.460874557552331,-0.6866122017691804,0.0002130004478878701
90.72,-0.6590679125590642,2.4494058162915007,-0.6913321431938375,0.00021374271987618267
90.73,-0.6512776547329406,2.4379248745941227,-0.6959810294972135,0.0002144681385869208
90.74,-0.6434161072077544,2.4264324446772654,-0.7005580708039287,0.0002151763701699595
90.75,-0.6354841932724526,2.414929237708027,-0.705062479820744,0.00021586709183740109
90.76,-0.627482853553002,2.4034159637199477,-0.7094934722870383,0.00021653999217642654
90.77,-0.6194130457009154,2.3918933315321773,-0.7138502674318001,0.00021719477143928605
90.78,-0.611275744072414,2.3803620486715045,-0.7181320884366621,0.00021783114180970892
90.79,-0.6030719393984593,2.368822821297348,-0.7223381629044898,0.00021844882764505006
90.8,-0.594802638445893,2.3572763541298127,-0.7264677233330203,0.00021904756569356466
90.81,-0.586468863669934,2.345723350380902,-0.730520007593029,0.00021962710528635804
90.82000000000001,-0.5780716528582839,2.334164511688983,-0.7344942594104895,0.00022018720850355676
90.83,-0.5696120587671021,2.3226005380565886,-0.7383897288521758,0.00022072765031436038
90.84,-0.5610911487491174,2.311032127791642,-0.742205672814144,0.00022124821869074691
90.85000000000001,-0.5525100043741447,2.299459977452184,-0.7459413555125173,0.0002217487146946782
90.86,-0.5438697210422859,2.28788478179467,-0.7495960489759875,0.0002222289525387601
90.87,-0.5351714075900935,2.276307233725914,-0.7531690335394357,0.00022268875962039002
90.88,-0.5264161858899827,2.2647280242587287,-0.756659598338065,0.00022312797652947395
90.89,-0.5176051904431805,2.253147842471331,-0.760067041801431,0.00022354645702997713
90.9,-0.5087395679665028,2.241567375470552,-0.763390672146748,0.00022394406801566532
90.91,-0.4998204769732539,2.229987308358892,-0.7666298078708426,0.00022432068944032739
90.92,-0.49084908734854593,2.21840832420547,-0.7697837782401223,0.00022467621422308002
90.93,-0.48182657991933486,2.2068311040208726,-0.772851923777925,0.00022501054812931544
90.94,-0.4727541460194741,2.1952563267359406,-0.7758335967486072,0.00022532360962789527
90.95,-0.46363298705008615,2.183684669184498,-0.7787281616377354,0.00022561532972546365
90.96000000000001,-0.4544643140355537,2.172116806090023,-0.7815349956277399,0.0002258856517786216
90.97,-0.44524934717543097,2.1605534100562642,-0.7842534890683929,0.00022613453128491072
90.98,-0.4359893153925771,2.1489951515617807,-0.7868830459414768,0.00022636193565361002
90.99,-0.4266854558778123,2.13744269895839,-0.7894230843190123,0.00022656784395736008
91.0,-0.41733901363139486,2.12589671847349,-0.7918730368144187,0.00022675224666575394
91.01,-0.4079512410016189,2.114357874216218,-0.7942323510259899,0.00022691514536210086
91.02,-0.39852339722082797,2.1028268281873936,-0.7965004899720729,0.0002270565524445848
91.03,-0.38905674793913897,2.0913042402931916,-0.7986769325173475,0.0002271764908130663
91.04,-0.37955256475616855,2.0797907683624794,-0.8007611737896149,0.00022727499354288159
91.05,-0.37001212475105116,2.0682870681677414,-0.802752725586515,0.00022735210354702694
91.06,-0.36043671001103444,2.0567937934495064,-0.8046511167716045,0.00022740787322812094
91.07000000000001,-0.3508276071589357,2.0453115959441845,-0.8064558936592415,0.00022744236412152545
91.08,-0.3411861068797385,2.033841125415215,-0.8081666203877387,0.00022745564653109176
91.09,-0.3315135034466052,2.0223830296874112,-0.8097828792802602,0.0002274477991590245
91.10000000000001,-0.32181109424657767,2.010937954684387,-0.8113042711929588,0.00022741890873129435
91.11,-0.31208017930623366,1.9995065444689324,-0.8127304158498636,0.00022736906962003822
91.12,-0.3023220608175626,1.9880894412862136,-0.8140609521640508,0.00022729838346444533
91.13,-0.2925380426643197,1.9766872856096434,-0.8152955385446492,0.0002272069587915718
91.14,-0.2827294299491137,1.9653007161892804,-0.8164338531892517,0.00022709491063848503
91.15,-0.2728975285214771,1.9539303701025958,-0.8174755943613291,0.00022696236017715583
91.16,-0.2630436445071649,1.9425768828074454,-0.8184204806522613,0.00022680943434345746
91.17,-0.2531690838389224,1.9312408881970757,-0.8192682512276269,0.00022663626547163039
91.18,-0.2432751517889567,1.9199230186569871,-0.8200186660574161,0.00022644299093548141
91.19,-0.23336315250334347,1.908623905123473,-0.8206715061298548,0.00022622975279754966
91.2,-0.22343438853859413,1.897344177143647,-0.8212265736485546,0.00022599669746747045
91.21000000000001,-0.21349016040060426,1.8860844629367643,-0.8216836922127291,0.0002257439753706488
91.22,-0.20353176608619927,1.874845389456642,-0.8220427069802424,0.00022547174062829706
91.23,-0.19356050062748797,1.8636275824549762,-0.822303484813282,0.0002251801507498609
91.24,-0.18357765563923023,1.8524316665453542,-0.8224659144064765,0.00022486936633878902
91.25,-0.17358451886941975,1.8412582652677492,-0.8225299063973057,0.00022453955081246752
91.26,-0.1635823737532786,1.8301080011532935,-0.8224953934586748,0.00022419087013711734
91.27,-0.15357249897085504,1.8189814957891155,-0.8223623303735583,0.00022382349257839268
91.28,-0.14355616800841173,1.807879369883026,-0.8221306940916395,0.00022343758846825893
91.29,-0.13353464872378715,1.7968022433278437,-0.8218004837679049,0.00022303332998871285
91.3,-0.12350920291590801,1.7857507352651416,-0.8213717207831777,0.00022261089097281957
91.31,-0.11348108589862665,1.774725464148202,-0.8208444487466013,0.0002221704467233982
91.32000000000001,-0.10345154607905287,1.7637270478039664,-0.8202187334801149,0.00022171217384966952
91.33,-0.0934218245405457,1.7527561034937675,-0.8194946629849835,0.0002212362501220695
91.34,-0.08339315463052654,1.741813247972633,-0.8186723473904808,0.00022074285434531065
91.35000000000001,-0.073366761553271,1.7308990975469527,-0.8177519188848392,0.00022023216624974295
91.36,-0.06334386196783337,1.7200142681303054,-0.8167335316286175,0.00021970436640095874
91.37,-0.05332566359125364,1.7091593752972403,-0.815617361650653,0.00021915963612748645
91.38,-0.04331336480719363,1.6983350343348174,-0.8144036067267985,0.00021859815746634926
91.39,-0.033308154280145205,1.687541860291714,-0.813092486241661,0.00021802011312621787
91.4,-0.02331121057535028,1.6767804680247052,-0.8116842410335902,0.0002174256864677582
91.41,-0.013323701784569056,1.666051472242337,-0.8101791332231815,0.00021681506150071883
91.42,-0.003346785157829794,1.6553554875456153,-0.8085774460255862,0.0002161884228972563
91.43,0.006618393258709693,1.6446931284655377,-0.8068794835469395,0.00021554595602090885
91.44,0.01657069897866155,1.6340650094973028,-0.8050855705652392,0.0002148878469705699
91.45,0.026509009424944052,1.6234717451310414,-0.8031960522960297,0.00021421428263874775
91.46000000000001,0.03643221427283295,1.6129139498789173,-0.8012112941432619,0.0002135254507833518
91.47,0.04633921578640921,1.6023922382984568,-0.7991316814357204,0.0002128215401121989
91.48,0.05622892914828723,1.5919072250119708,-0.7969576191494274,0.00021210274037939024
91.49,0.0661002827825101,1.5814595247219447,-0.7946895316164458,0.00021136924249264588
91.5,0.07595221867050138,1.5710497522222782,-0.7923278622205236,0.0002106212386306622
91.51,0.08578369265996529,1.5606785224052668,-0.7898730730800338,0.00020985892236954082
91.52,0.09559367476662989,1.5503464502642268,-0.7873256447186785,0.00020908248881730253
91.53,0.10538114946873066,1.5400541508916712,-0.7846860757244368,0.00020829213475544677
91.54,0.11514511599413418,1.5298022394729607,-0.7819548823972517,0.00020748805878655668
91.55,0.12488458860000454,1.519591331275355,-0.7791325983859552,0.00020667046148690514
91.56,0.1345985968449177,1.5094220416324073,-0.7762197743149464,0.0002058395455630078
91.57000000000001,0.14428618585333192,1.499294985923648,-0.7732169774011431,0.0002049955160110884
91.58,0.15394641657232466,1.48921077954952,-0.7701247910617327,0.0002041385802783984
91.59,0.16357836602051012,1.479170037901534,-0.7669438145132579,0.00020326894842537783
91.60000000000001,0.17318112752905349,1.469173376327622,-0.7636746623625763,0.0002023868332876283
91.61,0.18275381097470167,1.4592214100926795,-0.7603179641902368,0.00020149245063668132
91.62,0.19229554300475318,1.4493147543342961,-0.7568743641268185,0.0002005860193385899
91.63,0.2018054672538929,1.4394540240136842,-0.7533445204227819,0.00019966776150939287
91.64,0.21128274455282084,1.4296398338618226,-0.7497291050123798,0.0001987379026665091
91.65,0.22072655312860764,1.419872798320848,-0.7460288030721788,0.0001977966718751759
91.66,0.2301360887967124,1.4101535314807276,-0.7422443125747394,0.00019684430188906447
91.67,0.23951056514460298,1.400482647011267,-0.7383763438380005,0.00019588102928424594
91.68,0.24884921370692178,1.390860758089504,-0.7344256190709129,0.0001949070945857547
91.69,0.2581512841321447,1.3812884773225589,-0.7303928719158606,0.00019392274238598682
91.7,0.2674160443406842,1.3717664166660135,-0.7262788469884067,0.00019292822145424265
91.71000000000001,0.27664278067439196,1.3622951873379043,-0.722084299414892,0.00019192378483680894
91.72,0.2858307980374213,1.3528753997284177,-0.7178099943684106,0.00019090968994695334
91.73,0.29497942002841276,1.3435076633053906,-0.7134567066036782,0.00018988619864429817
91.74,0.3040879890639723,1.3341925865157207,-0.7090252199913027,0.0001888535773031243
91.75,0.31315586649341454,1.3249307766828007,-0.7045163270519555,0.0001878120968691296
91.76,0.3221824327047502,1.3157228399000993,-0.6999308284909345,0.00018676203290427773
91.77,0.3311670872218997,1.3065693809210153,-0.6952695327335993,0.00018570366561944631
91.78,0.3401092487931216,1.2974710030451375,-0.6905332554621492,0.00018463727989456594
91.79,0.3490083554706492,1.2884283080010537,-0.6857228191542012,0.0001835631652860537
91.8,0.35786386468153314,1.27944189582585,-0.6808390526236165,0.00018248161602139423
91.81,0.36667525328969447,1.270512364741454,-0.6758827905640092,0.00018139293098075332
91.82000000000001,0.3754420176491966,1.261640311027974,-0.6708548730953596,0.00018029741366557692
91.83,0.3841636736487519,1.2528263288941948,-0.6657561453141413,0.00017919537215416745
91.84,0.3928397567474826,1.2440710103453945,-0.6605874568473568,0.0001780871190442978
91.85000000000001,0.4014698220019622,1.2353749450486458,-0.6553496614108635,0.00017697297138296626
91.86,0.41005344408456906,1.2267387201957733,-0.6500436163723571,0.0001758532505834331
91.87,0.4185902172931903,1.218162920364139,-0.6446701823193647,0.00017472828232972332
91.88,0.4270797555523183,1.2096481273754298,-0.6392302226325867,0.00017359839646884534
91.89,0.43552169240559013,1.2011949201526235,-0.6337246030649089,0.0001724639268910086
91.9,0.443915680999824,1.1928038745753113,-0.6281541913263937,0.00017132521139813349
91.91,0.452261394060614,1.184475563333555,-0.6225198566755435,0.00017018259156102294
91.92,0.4605585238595504,1.1762105557804594,-0.6168224695171116,0.00016903641256558942
91.93,0.46880678217313654,1.1680094177836375,-0.6110629010067244,0.00016788702304855035
91.94,0.4770059002334826,1.1598727115757503,-0.605242022662561,0.0001667347749230288
91.95,0.4851556286708584,1.1518009956042996,-0.5993607059843199,0.00016558002319455958
91.96000000000001,0.49325573744819595,1.1437948243808505,-0.5934198220796902,0.00016442312576799088
91.97,0.5013060157876374,1.1358547483298636,-0.5874202412985264,0.0001632644432457931
91.98,0.509306272089228,1.1279813136373102,-0.5813628328749119,0.00016210433871834107
91.99,0.5172563338418608,1.1201750620992448,-0.5752484645772821,0.00016094317754669992
92.0,0.5251560475265855,1.1124365309705069,-0.5690780023667613,0.00015978132713850542
92.01,0.5330052785123971,1.1047662528137214,-0.5628523100638543,0.00015861915671751235
92.02,0.5408039109446254,1.0971647553487638,-0.5565722490236176,0.0001574570370874025
92.03,0.5485518476260542,1.089632561302853,-0.5502386778194228,0.00015629534039046016
92.04,0.5562490098908996,1.0821701882614334,-0.5438524519354094,0.00015513443986169386
92.05,0.5638953374717841,1.074778148520002,-0.5374144234677096,0.00015397470957903098
92.06,0.5714907883598469,1.0674569489370342,-0.5309254408345163,0.00015281652421017511
92.07000000000001,0.5790353386581347,1.0602070907881556,-0.5243863484950516,0.00015166025875671578
92.08,0.586528982428422,1.0530290696217082,-0.5177979866774788,0.0001505062882961057
92.09,0.593971731531613,1.0459233751158485,-0.5111611911157906,0.0001493549877220731
92.10000000000001,0.6013636154618809,1.0388904909373153,-0.5044767927956927,0.00014820673148405097
92.11,0.6087046811747051,1.0319308946019983,-0.49774561770949016,0.00014706189332620108
92.12,0.6159949929089674,1.0250450573374335,-0.4909684866199742,0.0001459208460265655
92.13,0.6232346320032741,1.0182334439473502,-0.4841462148332934,0.00014478396113689983
92.14,0.6304236967066714,1.011496512678383,-0.477279611980785,0.00014365160872371711
92.15,0.6375623019839254,1.0048347150890626,-0.4703694818097313,0.0001425241571110382
92.16,0.6446505793155394,0.9982484959211915,-0.4634166219829954,0.00014140197262534242
92.17,0.6516886764926838,0.9917382929737064,-0.4564218238874822,0.00014028541934318954
92.18,0.6586767574072148,0.9853045369791238,-0.449385872451362,0.0001391748588419696
92.19,0.6656150018369604,0.9789476514826582,-0.44230954596998384,0.00013807064995420605
92.2,0.6725036052264541,0.9726680527240998,-0.43519361594039974,0.00013697314852582042
92.21000000000001,0.6793427784632947,0.9664661495225315,-0.42803884690441224,0.00013588270717874532
92.22,0.6861327476503156,0.9603423431639592,-0.42084599630005043,0.00013479967507825134
92.23,0.6928737538737443,0.9542970272919261,-0.4136158143213734,0.00013372439770533136
92.24,0.699566052967534,0.9483305878011745,-0.4063490437864933,0.0001326572166344546
92.25,0.70620991527405,0.9424434027344128,-0.39904642001370455,0.0001315984693169908
92.26,0.7128056254012918,0.9366358421822437,-0.3917086707056,0.00013054848887057276
92.27,0.7193534819768336,0.930908268186299,-0.38433651584105,0.00012950760387463945
92.28,0.7258537973986622,0.9252610346456271,-0.3769306675749153,0.00012847613817239506
92.29,0.7323068975830934,0.919694487226369,-0.3694918301453609,0.00012745441067937816
92.3,0.7387131217099454,0.9142089632747573,-0.36202069978863377,0.00012644273519881442
92.31,0.7450728219651451,0.9088047917334658,-0.3545179646611635,0.00012544142024391753
92.32000000000001,0.7513863632809451,0.9034822930613334,-0.3469843047688426,0.00012445076886726582
92.33,0.7576541230739237,0.8982417791564812,-0.33942039190333995,0.00012347107849736128
92.34,0.7638764909809403,0.8930835532828363,-0.3318268895852977,0.00012250264078247276
92.35000000000001,0.7700538685932172,0.8880079100000724,-0.324204453014262,0.00012154574144181718
92.36,0.7761866691887125,0.8830151350969727,-0.3165537290251932,0.00012060066012413808
92.37,0.7822753174629524,0.8781055055282152,-0.30887535605140265,0.00011966767027371257
92.38,0.7883202492584835,0.8732792893545781,-0.30116996409375973,0.00011874703900378164
92.39,0.7943219112931038,0.8685367456865579,-0.2934381746960136,0.00011783902697741468
92.4,0.8002807608870308,0.863878124631389,-0.2856806009260724,0.00011694388829577255
92.41,0.8061972656891592,0.8593036672434503,-0.2778978473630839,0.00011606187039372548
92.42,0.8120719034025575,0.8548136054780405,-0.2700905100901594,0.00011519321394278357
92.43,0.8179051615093529,0.8504081621485,-0.26225917669258453,0.00011433815276124643
92.44,0.823697536995144,0.8460875508866549,-0.2544044262613617,0.00011349691373149764
92.45,0.8294495360730852,0.8418519761065542,-0.24652682940192727,0.00011266971672435069
92.46000000000001,0.8351616739077757,0.8377016329714692,-0.23862694824788933,0.0001118567745303181
92.47,0.8408344743390873,0.8336367073641213,-0.23070533647963323,0.00011105829279769208
92.48,0.8464684696060588,0.8296573758601005,-0.2227625393476419,0.00011027446997729683
92.49,0.852064200070982,0.8257638057044355,-0.21479909370038064,0.00010950549727377114
92.5,0.8576222139438,0.8219561547912742,-0.20681552801659756,0.0001087515586032252
92.51,0.863143067006934,0.8182345716466285,-0.19881236244189224,0.00010801283055711063
92.52,0.8686273223406525,0.8145991954141393,-0.1907901088294076,0.00010728948237213565
92.53,0.8740755500490909,0.811050155843811,-0.18274927078450195,0.00010658167590604782
92.54,0.8794883269870258,0.8075875732836671,-0.17469034371326003,0.00010588956561910273
92.55,0.8848662364875061,0.804211558674273,-0.16661381487470506,0.00010521329856102814
92.56,0.890209868090435,0.8009222135460738,-0.1585201634365751,0.00010455301436329923
92.57000000000001,0.8955198172721984,0.7977196300194916,-0.15040986053453057,0.00010390884523652343
92.58,0.9007966851764256,0.7946038908077245,-0.14228336933466174,0.0001032809159727374
92.59,0.9060410783459683,0.7915750692221912,-0.134141145099168,0.00010266934395241697
92.60000000000001,0.9112536084561774,0.7886332291805614,-0.12598363525508316,0.00010207423915599222
92.61,0.9164348920495554,0.7857784252173128,-0.11781127946592412,0.00010149570417967002
92.62,0.9215855502718551,0.7830107024967525,-0.10962450970614294,0.00010093383425535836
92.63,0.9267062086096954,0.7803300968284441,-0.10142375033826505,0.00010038871727448104
92.64,0.9317974966297581,0.7777366346849751,-0.09320941819259941,9.986043381548791e-05
92.65,0.9368600477196267,0.775230333222005,-0.0849819226494094,9.934905717485221e-05
92.66,0.9418944988303264,0.7728112003005293,-0.07674166572343573,9.885465340135319e-05
92.67,0.9469014902206171,0.7704792345112972,-0.06848904215066608,9.837728133344772e-05
92.68,0.9518816652030923,0.7682344252013183,-0.060224439477248745,9.791699263952929e-05
92.69,0.956835669892129,0.7660767525023969,-0.05194823815045053,9.747383186088391e-05
92.7,0.9617641529537342,0.7640061873616275,-0.043660811611562,9.70478364571523e-05
92.71000000000001,0.9666677653573277,0.762022691573791,-0.03536252639065622,9.663903685410559e-05
92.72,0.9715471601294986,0.7601262178155861,-0.027053742203109604,9.624745649355562e-05
92.73,0.9764029921097712,0.7583167096816346,-0.018734812047796624,9.587311188521811e-05
92.74,0.98123591770841,0.7565941017221964,-0.01040608230687263,9.55160126603563e-05
92.75,0.986046594666295,0.7549583194825342,-0.0020678928470618738,9.5176161627032e-05
92.76,0.9908356818168909,0.7534092795438636,0.006279422877629585,9.48535548268014e-05
92.77,0.9956038388503365,0.7519468895658297,0.014635537721853773,9.454818159269359e-05
92.78,1.000351726079673,0.7505710483304494,0.02300013074358867,9.426002460831851e-05
92.79,1.0050800042092312,0.7492816457874591,0.0313728870976067,9.398905996796035e-05
92.8,1.0097893341051942,0.7480785631010094,0.039753497927814144,9.373525723750323e-05
92.81,1.0144803765683503,0.7469616726976489,0.048141660258529284,9.34985795160652e-05
92.82000000000001,1.0191537921090479,0.7459308383155404,0.05653707688476502,9.32789834981999e-05
92.83,1.023810240724363,0.7449859150548526,0.06493945626157925,9.30764195365453e-05
92.84,1.02845038167749,0.7441267494292729,0.07334851239255441,9.289083170480419e-05
92.85000000000001,1.03307487327936,0.7433531794185881,0.08176396471746523,9.272215786094315e-05
92.86,1.037684372672497,0.7426650345222784,0.09018553799919207,9.257032971050738e-05
92.87,1.0422795356171113,0.7420621358140747,0.09861296220993514,9.243527286994714e-05
92.88,1.0468610162794385,0.7415442959974287,0.10704597241678299,9.231690692987074e-05
92.89,1.0514294670223217,0.741111319461846,0.11548430866668727,9.221514551813985e-05
92.9,1.0559855381980416,0.7407630023400354,0.12392771587089363,9.212989636272882e-05
92.91,1.0605298779433943,0.7404991325658269,0.1323759436888774,9.20610613542715e-05
92.92,1.0650631319770132,0.7403194899328144,0.14082874641183118,9.20085366082388e-05
92.93,1.0695859433989392,0.7402238461536796,0.14928588284574984,9.1972212526689e-05
92.94,1.0740989524924331,0.7402119649201542,0.15774711619415727,9.195197385953678e-05
92.95,1.078602796528031,0.7402836019635795,0.1662122139405181,9.194769976530109e-05
92.96000000000001,1.0830981095698384,0.7404385051160262,0.17468094773037626,9.195926387129345e-05
92.97,1.0875855222840638,0.7406764143719347,0.18315309325326098,9.1986534333216e-05
92.98,1.0920656617497841,0.7409970619502405,0.19162843012440067,9.202937389414748e-05
92.99,1.0965391512719447,0.7414001723569511,0.20010674176628301,9.20876399429051e-05
93.0,1.1010066101965883,0.74188546244814,0.2085878152901,9.216118457176255e-05
93.01,1.1054686537283118,0.7424526414933279,0.21707144137711484,9.224985463352647e-05
93.02,1.1099258927499487,0.7431014112392202,0.2255574141599878,9.235349179797682e-05
93.03,1.1143789336444754,0.7438314659737743,0.234045531104097,9.247193260767639e-05
93.04,1.1188283781191415,0.7446424925905678,0.24253559288888987,9.260500853316572e-05
93.05,1.123274823031822,0.7455341706534464,0.2510274032893003,9.275254602756987e-05
93.06,1.1277188602195927,0.7465061724614248,0.2595207690572668,9.291436658063726e-05
93.07000000000001,1.1321610763295296,0.7475581631138213,0.2680154998033855,9.309028677224803e-05
93.08,1.1366020526517324,0.7486898005756055,0.27651140787873335,9.328011832544113e-05
93.09,1.1410423649545782,0.7499007357429419,0.2850083082568943,9.348366815898392e-05
93.10000000000001,1.1454825833222033,0.7511906125089113,0.29350601841622426,9.370073843955665e-05
93.11,1.1499232719942236,0.7525590678293964,0.3020043582223872,9.393112663360157e-05
93.12,1.1543649892076941,0.7540057317891187,0.3105031498111982,9.417462555888755e-05
93.13,1.1588082870413168,0.7555302276678133,0.3190022174718061,9.443102343587382e-05
93.14,1.1632537112619032,0.7571321720065343,0.32750138753025126,9.470010393893629e-05
93.15,1.167701801173102,0.75881117467408,0.3360004882334322,9.498164624752867e-05
93.16,1.1721530894663985,0.7605668389335334,0.3444993496335167,9.52754250973658e-05
93.17,1.176608102074401,0.7623987615089112,0.3529978034728319,9.558121083171602e-05
93.18,1.1810673580264242,0.7643065326519185,0.36149568306926905,9.58987694528876e-05
93.19,1.1855313693063838,0.7662897362088079,0.369992823202239,9.62278626739978e-05
93.2,1.190000640713018,0.7683479496873411,0.3784890599992142,9.656824797113495e-05
93.21000000000001,1.194475669722451,0.7704807443238556,0.3869842308228949,9.691967863600709e-05
93.22,1.1989569463531193,0.772687685150438,0.3954781741590359,9.728190382917348e-05
93.23,1.2034449530330753,0.7749683310622089,0.403970729504972,9.765466863397726e-05
93.24,1.2079401644696925,0.7773222348847242,0.41246173725888063,9.803771411128846e-05
93.25,1.2124430475217935,0.7797489434414999,0.4209510386098211,9.843077735515748e-05
93.26,1.2169540610742213,0.7822479976216693,0.42943847542858854,9.883359154950447e-05
93.27,1.2214736559148824,0.784818932447781,0.4379238901594246,9.924588602596145e-05
93.28,1.2260022746142847,0.7874612771437505,0.44640712571262436,9.966738632297263e-05
93.29,1.2305403514075974,0.7901745552029757,0.4548880253580816,0.0001000978142462844
93.3,1.235088312079264,0.7929582844566317,0.4633664326198143,0.00010053688793093852
93.31,1.2396465738501934,0.7958119771421575,0.47184219117151366,0.0001009843219048892
93.32000000000001,1.244215545267565,0.7987351399719526,0.4803151447331591,0.00010143982715437387
93.33,1.2487956260972763,0.8017272742022995,0.4887851369687449,0.00010190311119113998
93.34,1.253387207219068,0.8047878757025294,0.4972520113851615,0.00010237387812166442
93.35000000000001,1.2579906705243586,0.8079164350244518,0.5057156112322786,0.00010285182871848226
93.36,1.2626063888168282,0.8111124374720661,0.5141757794042748,0.00010333666049373666
93.37,1.267234725715782,0.8143753631715787,0.5226323583422615,0.00010382806777508089
93.38,1.271876035562337,0.8177046871417447,0.5310851899382474,0.00010432574178402785
93.39,1.2765306633284637,0.8210998793645587,0.5395341154404922,0.00010482937071687622
93.4,1.2811989445289262,0.8245604048563173,0.547978975360298,0.00010533863982832357
93.41,1.2858812051361603,0.8280857237390777,0.556419609380286,0.00010585323151787097
93.42,1.2905777614981269,0.831675291312537,0.5648558562642098,0.00010637282541912097
93.43,1.2952889202591837,0.8353285581263576,0.573287553768354,0.0001068970984920685
93.44,1.3000149782840178,0.8390449700529644,0.5817145385545688,0.00010742572511849298
93.45,1.3047562225846778,0.8428239683608401,0.59013664610499,0.00010795837720053665
93.46000000000001,1.3095129302507516,0.8466649897883453,0.5985537106384977,0.00010849472426255245
93.47,1.3142853683827287,0.8505674666180907,0.6069655650289629,0.00010903443355631414
93.48,1.3190737940285933,0.8545308267518877,0.6153720407253339,0.00010957717016966332
93.49,1.3238784541236883,0.8585544937863061,0.6237729676736145,0.00011012259713865321
93.5,1.3286995854338943,0.8626378870888648,0.632168174240785,0.00011067037556326707
93.51,1.3335374145021657,0.8667804218748848,0.6405574871407188,0.00011122016472676673
93.52,1.3383921575984672,0.8709815092850304,0.6489407313621445,0.00011177162221871715
93.53,1.3432640206731525,0.8752405564635671,0.6573177300987063,0.00011232440406174331
93.54,1.3481531993138276,0.8795569666373634,0.6656883046811745,0.00011287816484203313
93.55,1.3530598787057382,0.8839301391956615,0.674052274511855,0.00011343255784363151
93.56,1.3579842335957244,0.8883594697706471,0.6824094570012518,0.00011398723518654791
93.57000000000001,1.362926428259781,0.8928443503188401,0.6907596675070296,0.00011454184796867481
93.58,1.367886616474264,0.8973841692033362,0.6991027192753289,0.00011509604641152679
93.59,1.3728649414907785,0.9019783112769209,0.7074384233844819,0.0001156494800097925
93.60000000000001,1.3778615360147908,0.9066261579660823,0.7157665886911777,0.00011620179768468489
93.61,1.3828765221879942,0.9113270873559466,0.7240870217791251,0.00011675264794104971
93.62,1.387910011574468,0.9160804742761574,0.7323995269102602,0.00011730167902821696
93.63,1.3929621051506618,0.9208856903877227,0.7407039059785452,0.0001178485391045357
93.64,1.3980328932992356,0.9257421042708499,0.7489999584664025,0.00011839287640553542
93.65,1.4031224558067894,0.9306490815137886,0.7572874814038305,0.00011893433941564656
93.66,1.4082308618655064,0.9356059848027001,0.7655662693302409,0.00011947257704340619
93.67,1.4133581700787414,0.9406121740125724,0.7738361142590624,0.00012000723880005947
93.68,1.418504428470576,0.945667006299195,0.7820968056451493,0.0001205379749814476
93.69,1.423669674499364,0.9507698361922111,0.7903481303550335,0.00012106443685309393
93.7,1.4288539350752916,0.9559200156892589,0.7985898726400591,0.00012158627683833685
93.71000000000001,1.434057226581964,0.9611168943512151,0.806821814112433,0.0001221031487093992
93.72,1.4392795549020416,0.9663598193985513,0.8150437337242277,0.00012261470778124995
93.73,1.4445209154469356,0.9716481358088126,0.8232554077493661,0.0001231206111080889
93.74,1.449781293190576,0.9769811864152241,0.831456609768621,0.00012362051768230852
93.75,1.4550606627072606,0.9823583120064342,0.839647110657655,0.00012411408863574603
93.76,1.4603589882135912,0.9877788514273945,0.8478266785781287,0.00012460098744303396
93.77,1.465676223614499,0.9932421416813821,0.8559950789719004,0.00012508088012688076
93.78,1.4710123125533627,0.9987475180331614,0.8641520745583396,0.0001255534354650484
93.79,1.4763671884662146,1.0042943141132856,0.8722974253347724,0.00012601832519881374
93.8,1.481740774640029,1.0098818620235328,0.8804308885800766,0.0001264752242427097
93.81,1.4871329842750869,1.015509492443471,0.8885522188614415,0.00012692381089528913
93.82000000000001,1.4925437205514027,1.0211765347381447,0.8966611680443031,0.00012736376705068162
93.83,1.4979728766992009,1.0268823170668708,0.9047574853054638,0.00012779477841069
93.84,1.5034203360734217,1.0326261664931349,0.9128409171494053,0.000128216534697164
93.85000000000001,1.5088859722322383,1.0384074090955697,0.9209112074277945,0.00012862872986439168
93.86,1.5143696490195566,1.0442253700800024,0.928968097362188,0.00012903106231121843
93.87,1.5198712206514733,1.0500793738925471,0.937011325569929,0.00012942323509264333
93.88,1.5253905318066596,1.0559687443337278,0.945040628093235,0.00012980495613058182
93.89,1.5309274177206358,1.0618928046736007,0.9530557384314652,0.00013017593842350362
93.9,1.5364817042838976,1.0678508777678568,0.9610563875765603,0.00013053590025466659
93.91,1.5420532081438552,1.0738422861748709,0.9690423040516373,0.00013088456539864238
93.92,1.547641736810537,1.0798663522736713,0.9770132139527242,0.00013122166332581677
93.93,1.5532470887660121,1.085922398382794,0.9849688409936141,0.0001315469294045614
93.94,1.5588690535774763,1.092009746879987,0.9929089065538145,0.00013186010510079273
93.95,1.5645074120139502,1.0981277203227295,1.0008331297295658,0.0001321609381745739
93.96000000000001,1.5701619361665264,1.1042756415695232,1.0087412273879004,0.00013244918287347106
93.97,1.5758323895721076,1.1104528339019155,1.0166329142237063,0.00013272460012234328
93.98,1.581518527340565,1.1166586211472112,1.0245079028197626,0.00013298695770926213
93.99,1.5872200962852525,1.1228923278018237,1.0323659037097064,0.00013323603046724858
94.0,1.5929368350568018,1.1291532791552217,1.0402066254438864,0.0001334716004515235
94.01,1.5986684742801238,1.1354408014144153,1.0480297746580618,0.00013369345711196872
94.02,1.6044147366945356,1.1417542218289345,1.0558350561448937,0.0001339013974604923
94.03,1.6101753372969343,1.1480928688162413,1.0636221729281798,0.0001340952262330185
94.04,1.6159499834879298,1.1544560720875212,1.0713908263397764,0.00013427475604579586
94.05,1.6217383752208496,1.160843162773795,1.0791407160991495,0.00013443980754574363
94.06,1.6275402051535246,1.1672534735522895,1.0868715403954943,0.0001345902095545764
94.07000000000001,1.6333551588027615,1.173686338773008,1.09458299597236,0.0001347257992064292
94.08,1.639182914701407,1.180141094585435,1.1022747782147124,0.00013484642207870385
94.09,1.6450231445579018,1.1866170790653074,1.1099465812383638,0.00013495193231590405
94.10000000000001,1.6508755134182256,1.1931136323413922,1.1175980979816993,0.0001350421927462264
94.11,1.656739679830126,1.1996300967221947,1.1252290202996253,0.00013511707499066
94.12,1.662615296009527,1.206165816822533,1.1328390390596603,0.0001351764595643776
94.13,1.6685020080090092,1.212720139689907,1.1404278442400888,0.00013522023597020225
94.14,1.6743994558882458,1.219292414930586,1.147995125030097,0.0001352483027839833
94.15,1.680307273886289,1.225881994835349,1.1555405699318053,0.00013526056773166783
94.16,1.686225090595586,1.2324882345047972,1.1630638668641085,0.00013525694775790405
94.17,1.6921525291376125,1.239110491974167,1.1705647032682376,0.00013523736908603584
94.18,1.6980892073400025,1.245748128337568,1.1780427662149502,0.00013520176726932823
94.19,1.7040347379150589,1.2524005078715685,1.1854977425132573,0.00013515008723332127
94.2,1.7099887286395214,1.2590669981580531,1.1929293188205923,0.00013508228330917738
94.21000000000001,1.7159507825354714,1.2657469702062742,1.2003371817543247,0.00013499831925793424
94.22,1.7219204980522516,1.2724397985740212,1.2077210180045217,0.00013489816828559173
94.23,1.7278974692492761,1.2791448614878285,1.2150805144478585,0.00013478181304896344
94.24,1.7338812859796084,1.2858615409621457,1.2224153582625759,0.0001346492456522489
94.25,1.739871534074181,1.2925892229173925,1.2297252370443852,0.0001345004676343025
94.26,1.745867795526534,1.2993272972968204,1.2370098389232174,0.00013433548994655776
94.27,1.7518696486779453,1.3060751581821035,1.2442688526807115,0.00013415433292165307
94.28,1.757876668402829,1.3128322039075848,1.2515019678683423,0.00013395702623274572
94.29,1.7638884262942776,1.3195978371730976,1.2587088749260773,0.00013374360884356527
94.3,1.769904490849621,1.32637146515529,1.2658892653014635,0.00013351412894926725
94.31,1.7759244276558817,1.3331524996173765,1.273042831569035,0.00013326864390813013
94.32000000000001,1.7819477995749977,1.339940357017243,1.2801692675499372,0.00013300722016422727
94.33,1.787974166928697,1.3467344586138335,1.2872682684316639,0.00013272993316113793
94.34,1.7940030876828956,1.3535342305717444,1.2943395308877992,0.00013243686724682423
94.35000000000001,1.8000341176315016,1.3603391040639596,1.3013827531976616,0.00013212811556983714
94.36,1.806066810579505,1.3671485153726544,1.3083976353657465,0.0001318037799669679
94.37,1.8121007185252356,1.3739619059880015,1.31538387924086,0.00013146397084253902
94.38,1.8181353918416707,1.3807787227049155,1.3223411886348466,0.0001311088070394948
94.39,1.8241703794566801,1.387598417717667,1.3292692694408017,0.0001307384157024837
94.4,1.830205229032092,1.394420448712307,1.336167829750675,0.00013035293213318894
94.41,1.8362394871414722,1.4012442789568413,1.34303657997216,0.0001299524996380539
94.42,1.842272699446503,1.4080693773890927,1.3498752329447723,0.00012953726936869794
94.43,1.8483044108718591,1.4148952187021981,1.3566835040550211,0.00012910740015525517
94.44,1.8543341657784722,1.4217212834276842,1.3634611113505752,0.00012866305833287276
94.45,1.860361508135084,1.4285470580160677,1.3702077756533333,0.00012820441756166237
94.46000000000001,1.8663859816879866,1.4353720349149328,1.3769232206713022,0.00012773165864037565
94.47,1.872407130128854,1.4421957126444365,1.3836071731091972,0.0001272449693140978
94.48,1.878424497260569,1.4490175958701954,1.3902593627776723,0.00012674454407624058
94.49,1.8844376271609546,1.4558371954735139,1.3968795227010957,0.00012623058396517062
94.5,1.8904460643443222,1.4626540286189094,1.4034673892237886,0.00012570329635575375
94.51,1.8964493539207472,1.4694676188189,1.4100227021146414,0.00012516289474615098
94.52,1.9024470417529942,1.4762774959960172,1.4165452046700329,0.00012460959854020131
94.53,1.9084386746110087,1.4830831965420121,1.4230346438149706,0.000124043632825698
94.54,1.9144238003239,1.4898842633742246,1.4294907702023831,0.00012346522814890272
94.55,1.9204019679293423,1.4966802459890878,1.4359133383104894,0.0001228746202856548
94.56,1.9263727278203246,1.5034707005127448,1.4423021065381776,0.00012227205000938968
94.57000000000001,1.9323356318891833,1.5102551897487548,1.4486568372983273,0.00012165776285640828
94.58,1.938290233668853,1.5170332832228692,1.4549772971090116,0.00012103200888876736
94.59,1.9442360884712777,1.5238045572248633,1.4612632566825192,0.00012039504245510649
94.60000000000001,1.9501727535229263,1.5305685948474077,1.467514491012139,0.00011974712194976928
94.61,1.9560997880973585,1.5373249860219718,1.4737307794566523,0.00011908850957056654
94.62,1.9620167536447948,1.5440733275517489,1.4799119058224832,0.00011841947107549524
94.63,1.9679232139186413,1.5508132231416,1.4860576584434553,0.00011774027553878354
94.64,1.973818735098933,1.5575442834250133,1.4921678302581134,0.00011705119510657693
94.65,1.9797028859126506,1.5642661259880783,1.4982422188845659,0.00011635250475258433
94.66,1.9855752377508828,1.570978375390482,1.5042806266928084,0.00011564448203405489
94.67,1.9914353647827976,1.5776806631835287,1.5102828608744954,0.00011492740684834423
94.68,1.9972828440663972,1.5843726279251944,1.5162487335101231,0.00011420156119043147
94.69,2.0031172556560337,1.591053915192227,1.522178061633599,0.00011346722891168634
94.7,2.008938182706661,1.5977241775893063,1.528070667294165,0.00011272469548015033
94.71000000000001,2.0147452115748092,1.6043830747552785,1.5339263776156589,0.00011197424774268587
94.72,2.020537931916266,1.6110302733664872,1.5397450248530846,0.00011121617368923408
94.73,2.0263159367804535,1.6176654471372194,1.545526446446483,0.00011045076221946954
94.74,2.032078822701497,1.6242882768172924,1.5512704850720818,0.00010967830291211454
94.75,2.037826189785975,1.6308984501868062,1.5569769886907163,0.00010889908579719975
94.76,2.0435576417973578,1.6374956620480918,1.5626458105935146,0.00010811340113148798
94.77,2.0492727862371303,1.6440796142148837,1.5682768094448374,0.00010732153917729286
94.78,2.054971234422607,1.6506500154987507,1.5738698493224732,0.00010652378998497419
94.79,2.0606526015614492,1.657206581692821,1.5794247997550892,0.00010572044317926554
94.8,2.0663165068228904,1.6637490355528357,1.584941535756938,0.00010491178774967591
94.81,2.0719625734056915,1.6702771067755722,1.59041993785983,0.00010409811184517725
94.82000000000001,2.0775904286028375,1.6767905319746768,1.5958598921423768,0.00010327970257330379
94.83,2.083199703862995,1.683289054653949,1.6012612902565175,0.00010245684580390106
94.84,2.0887900348487567,1.6897724251781232,1.6066240294513432,0.00010162982597767035
94.85000000000001,2.094361061491695,1.696240400741191,1.6119480125942327,0.00010079892591961505
94.86,2.099912428044251,1.7026927453323137,1.6172331481893205,9.996442665760347e-05
94.87,2.1054437831284925,1.7091292296993728,1.6224793503933166,9.912660724612147e-05
94.88,2.1109547797817676,1.7155496313102092,1.627686539028701,9.828574459534754e-05
94.89,2.116445075499294,1.7219537343116027,1.6328546395943184,9.744211330566862e-05
94.9,2.121914332273714,1.728341329486043,1.637983583273401,9.659598550771278e-05
94.91,2.127362216631659,1.734712214206349,1.6430733069390475,9.574763070799423e-05
94.92,2.1327883996673593,1.7410661923881872,1.6481237531571888,9.4897315640237e-05
94.93,2.1381925570733444,1.7474030744405502,1.6531348701870776,9.40453041224435e-05
94.94,2.1435743691682743,1.7537226772142476,1.6581066119793304,9.319185691975653e-05
94.95,2.148933520921951,1.7600248239484682,1.663038938171564,9.233723161315336e-05
94.96000000000001,2.154269701977553,1.7663093442154734,1.6679318140816604,9.148168247400202e-05
94.97,2.1595826066711457,1.7725760738634782,1.6727852106987031,9.062546034450636e-05
94.98,2.1648719340485094,1.7788248549577814,1.6775991046716232,8.976881252403419e-05
94.99,2.1701373878793477,1.7850555357202031,1.6823734782955981,8.891198266134311e-05
95.0,2.175378676668916,1.7912679704668912,1.6871083194962477,8.805521065270343e-05
95.01,2.1805955136671327,1.7974620195445565,1.6918036218116714,8.719873254586872e-05
95.02,2.185787616875222,1.8036375492651981,1.6964593843723725,8.634278044989097e-05
95.03,2.190954709049944,1.80979443183938,1.701075611879116,8.548758245075138e-05
95.04,2.1960965177054703,1.8159325453081194,1.705652314578768,8.463336253273731e-05
95.05,2.2012127751129587,1.8220517734734485,1.7101895082381662,8.378034050554484e-05
95.06,2.206303218297886,1.8281520058277108,1.7146872141160683,8.292873193702172e-05
95.07000000000001,2.2113675890351976,1.8342331374816523,1.7191454589332307,8.207874809150439e-05
95.08,2.216405633842327,1.8402950690913702,1.7235642748406674,8.123059587367021e-05
95.09,2.2214171039701514,1.846337706784177,1.7279436993861392,8.03844777778173e-05
95.10000000000001,2.2264017553919353,1.8523609620834425,1.7322837754789258,7.95405918425137e-05
95.11,2.2313593487903267,1.8583647518324726,1.7365845513529317,7.86991316104936e-05
95.12,2.2362896495424605,1.8643489981174852,1.7408460805281796,7.786028609373089e-05
95.13,2.2411924277032327,1.870313628189741,1.7450684217707422,7.702423974357029e-05
95.14,2.2460674579868005,1.8762585743868885,1.7492516390511654,7.619117242583232e-05
95.15,2.250914519746374,1.8821837740535816,1.753395801501436,7.536125940076118e-05
95.16,2.255733396952348,1.888089169461426,1.7575009833705453,7.453467130771578e-05
95.17,2.2605238781688493,1.893974707728311,1.761567263978704,7.371157415449391e-05
95.18,2.2652857565287383,1.8998403407371849,1.765594727670256,7.289212931114708e-05
95.19,2.2700188297071424,1.9056860250543264,1.7695834637653498,7.207649350817793e-05
95.2,2.2747228998935647,1.911511721847166,1.773533566510414,7.12648188390085e-05
95.21000000000001,2.2793977737626365,1.9173173968017154,1.7774451350274916,7.045725276657475e-05
95.22,2.284043262443564,1.923103020039652,1.7813182732624853,6.965393813389834e-05
95.23,2.288659181488328,1.928868566035113,1.7851530899323613,6.885501317855738e-05
95.24,2.293245350838695,1.9346140135312515,1.788949698471368,6.806061155088396e-05
95.25,2.297801594792093,1.9403393454566003,1.7927082169763136,6.72708623357647e-05
95.26,2.3023277419664057,1.9460445488412963,1.796428768150958,6.648589007791098e-05
95.27,2.3068236252637444,1.9517296147332108,1.8001114792495645,6.570581481046913e-05
95.28,2.3112890818332463,1.9573945381140343,1.803756482019661,6.493075208683173e-05
95.29,2.3157239530329545,1.9630393178153596,1.8073639126440597,6.416081301551118e-05
95.3,2.3201280843908316,1.9686639564348096,1.8109339116821808,6.339610429795759e-05
95.31,2.324501325564957,1.9742684602522544,1.8144666240107286,6.263672826916721e-05
95.32000000000001,2.3288435303029607,1.9798528391461556,1.817962198763765,6.188278294095286e-05
95.33,2.33315455640074,1.9854171065100856,1.8214207892722254,6.113436204776108e-05
95.34,2.3374342656605114,1.9909612791694573,1.8248425530029218,6.0391555094879796e-05
95.35000000000001,2.341682523848241,1.9964853772985052,1.8282276514970766,5.965444740892583e-05
95.36,2.3458992006505053,2.0019894243375567,1.8315762503084299,5.8923120190476134e-05
95.37,2.3500841696308252,2.0074734469106286,1.8348885189409623,5.8197650568712514e-05
95.38,2.354237308185517,2.0129374747433872,1.838164630786273,5.747811165796375e-05
95.39,2.358358497499108,2.0183815405815033,1.8414047630606554,5.676457261601799e-05
95.4,2.362447622499357,2.0238056801094393,1.8446090967419084,5.6057098704076415e-05
95.41,2.366504571811921,2.029209931869697,1.847777816505921,5.5355751348241186e-05
95.42,2.3705292377147136,2.0345943371825594,1.8509111106630685,5.466058820242245e-05
95.43,2.3745215160919875,2.03995894006636,1.854009171094457,5.397166321253198e-05
95.44,2.3784813063881876,2.0453037871582973,1.8570721931880514,5.3289026681865346e-05
95.45,2.382408511561606,2.050628927635838,1.8601003757747203,5.2612725337573265e-05
95.46000000000001,2.386303038037881,2.055934413138722,1.8630939210642339,5.1942802398102455e-05
95.47,2.3901647956633747,2.061220297691603,1.8660530345812456,5.127929764147597e-05
95.48,2.3939936976584573,2.0664866376273436,1.8689779251012888,5.062224747437593e-05
95.49,2.397789660570744,2.0717334915109955,1.871868804586822,4.997168500187919e-05
95.5,2.4015526042283053,2.076960920064478,1.8747258881233482,4.9327640097754156e-05
95.51,2.4052824516928912,2.0821689860919843,1.8775493938556425,4.86901394752602e-05
95.52,2.4089791292131935,2.0873577544061304,1.8803395429241097,4.805920675830336e-05
95.53,2.412642566178178,2.092527291754867,1.8830965594013043,4.743486255293224e-05
95.54,2.4162726950705196,2.0976776667491768,1.885820670228635,4.6817124519028175e-05
95.55,2.4198694514201575,2.102808949791566,1.8885121051532814,4.620600744213297e-05
95.56,2.4234327737580097,2.1079212130053735,1.8911710966653446,4.5601523305353565e-05
95.57000000000001,2.426962603569861,2.113014530164911,1.893797879935257,4.5003681361230847e-05
95.58,2.4304588852504567,2.118088976626444,1.8963926927514723,4.4412488203531246e-05
95.59,2.4339215660578226,2.1231446292600347,1.898955775458456,4.3827947838889386e-05
95.60000000000001,2.437350596067834,2.1281815663822528,1.9014873708950004,4.3250061758212294e-05
95.61,2.4407459281290556,2.1331998676897665,1.9039877243328793,4.267882900779934e-05
95.62,2.4441075178178733,2.1381996141938284,1.906457083415864,4.211424626012878e-05
95.63,2.447435323393939,2.14318088815566,1.9088956980991172,4.155630788422356e-05
95.64,2.450729305755946,2.14814377302275,1.911303820588981,4.100500601556386e-05
95.65,2.453989428397749,2.1530883533660665,1.913681705283178,4.046033062548948e-05
95.66,2.4572156573648583,2.1580147148182003,1.9160296087114372,3.992226959003774e-05
95.67,2.4604079612113092,2.1629229440124362,1.9183477894765608,3.9390808758168394e-05
95.68,2.463566310956933,2.1678131285227638,1.920636508195946,3.886593201934014e-05
95.69,2.4666906800450388,2.172685356804829,1.9228960274435742,3.83476213703965e-05
95.7,2.469781044300526,2.177539718137836,1.9251266116924792,3.7835856981711634e-05
95.71000000000001,2.4728373818884313,2.1823763025673957,1.9273285272577059,3.733061726255871e-05
95.72,2.475859673272931,2.187195200849327,1.9295020422397715,3.683187892568737e-05
95.73,2.478847901176806,2.191996504394418,1.9316474264686372,3.6339617051050994e-05
95.74000000000001,2.481802050541383,2.196780305214136,1.9337649514481998,3.5853805148674874e-05
95.75,2.484722108486959,2.2015466958673025,1.9358548903013144,3.537441522062567e-05
95.76,2.487608064273719,2.2062957694077183,1.9379175177153514,3.490141782205565e-05
95.77,2.49045990926316,2.211027619332752,1.939953109888299,3.443478212130798e-05
95.78,2.4932776368800216,2.2157423395328784,1.9419619444754164,3.397447595906347e-05
95.79,2.496061242574741,2.2204400242421785,1.9439443005364425,3.352046590648543e-05
95.8,2.4988107237864265,2.2251207679897833,1.9459004584833675,3.307271732236846e-05
95.81,2.501526079906368,2.229784665552275,1.9478307000287702,3.263119440928753e-05
95.82000000000001,2.504207312242081,2.2344318119070308,1.9497353081347273,3.219586026868131e-05
95.83,2.5068544239818964,2.2390623021865093,1.9516145669622948,3.176667695491586e-05
95.84,2.509467420160092,2.243676231633479,1.9534687618215703,3.134360552829106e-05
95.85000000000001,2.5120463076225783,2.2482736955571787,1.9552981791223316,3.092660610697306e-05
95.86,2.5145910949931376,2.2528547892904096,1.9571031063252606,3.051563791786223e-05
95.87,2.5171017926402186,2.257419608147549,1.958883831893749,3.011065934638055e-05
95.88,2.51957841264429,2.261968247383485,1.9606406452462888,2.971162798518508e-05
95.89,2.5220209687657564,2.2665008021534634,1.9623738367094505,2.9318500681786954e-05
95.9,2.5244294764134363,2.2710173674738403,1.9640836974714442,2.8931233585087167e-05
95.91,2.5268039526136015,2.275518038183734,1.9657705195362676,2.854978219082867e-05
95.92,2.529144415979584,2.2800029089075684,1.9674345956784394,2.8174101385953396e-05
95.93,2.5314508866819443,2.284472074018504,1.9690762193983156,2.7804145491873364e-05
95.94,2.533723386419203,2.2889256276027403,1.970695684877989,2.743986830667381e-05
95.95,2.5359619383891383,2.293363663424696,1.9722932869377698,2.7081223146220876e-05
95.96000000000001,2.5381665672606433,2.2977862748930398,1.973869320993244,2.672816288419949e-05
95.97,2.5403372991461453,2.3021935550275825,1.9754240830129102,2.6380639991084316e-05
95.98,2.5424741615745834,2.306585596427006,1.976957869476387,2.603860657204672e-05
95.99000000000001,2.544577183464944,2.310962491237432,1.9784709773331945,2.570201440380518e-05
96.0,2.5466463951003497,2.315324331121811,1.9799637039621012,2.537081497042488e-05
96.01,2.548681828102702,2.3196712072301304,1.9814363471310346,2.5044959498092293e-05
96.02,2.5506835154078717,2.3240032101704307,1.982889204957553,2.4724398988839657e-05
96.03,2.552651491241436,2.3283204299806117,1.9843225758698724,2.4409084253264416e-05
96.04,2.554585791094957,2.332622956101033,1.9857367585684447,2.4098965942233723e-05
96.05,2.556486451702801,2.3369108773478855,1.987132051988084,2.3793994577594853e-05
96.06,2.5583535110194906,2.341184281887332,1.9885087552606342,2.3494120581891876e-05
96.07000000000001,2.560187008197589,2.345443257210402,1.989867167678174,2.3199294307111074e-05
96.08,2.5619869835661087,2.349687890108634,1.9912075886567548,2.290946606247049e-05
96.09,2.5637534786094442,2.3539182666504526,1.9925303177006648,2.2624586141252704e-05
96.10000000000001,2.5654865359468206,2.3581344721582664,1.9938356543672147,2.2344604846701975e-05
96.11,2.567186199312254,2.3623365911862844,1.995123898232039,2.206947251700075e-05
96.12,2.568852513535018,2.366524707499032,1.9963953488549075,2.179913954933472e-05
96.13,2.5704855245206164,2.370698904050558,1.997650305746041,2.153355642307061e-05
96.14,2.5720852792322453,2.3748592629643266,1.9988890683329243,2.1272673722048215e-05
96.15,2.573651825672752,2.3790058655137742,2.0001119359276114,2.101644215599434e-05
96.16,2.5751852128670745,2.3831387921035274,2.001319207694516,2.0764812581115174e-05
96.17,2.576685490845165,2.387258122251269,2.002511182618683,2.0517736019826816e-05
96.18,2.5781527106253814,2.39136393457024,2.00368815947453,2.02751636796678e-05
96.19,2.5795869241983524,2.3954563067523647,2.0048504367950564,2.003704697141625e-05
96.2,2.5809881845112983,2.3995353155519936,2.005998312841513,1.9803337526407993e-05
96.21000000000001,2.5823565454528103,2.403601036770248,2.0071320855735233,1.9573987213078348e-05
96.22,2.583692061838078,2.407653545239954,2.008252052619651,1.934894815274621e-05
96.23,2.5849947893945595,2.4116929148111614,2.0093585112484087,1.9128172734650114e-05
96.24000000000001,2.586264784748089,2.4157192183372285,2.0104517583396975,1.891161363025151e-05
96.25,2.587502105409411,2.4197325276614663,2.011532090356674,1.869922380683447e-05
96.26,2.5887068097611428,2.423732913604332,2.012599803318035,1.8490956540389774e-05
96.27,2.5898789570451486,2.427720445951155,2.0136551927707154,1.8286765427825374e-05
96.28,2.5910186073503296,2.431695193440392,2.0146985537629907,1.8086604398506133e-05
96.29,2.5921258216008134,2.4356572237523935,2.0157301808179797,1.78904277251307e-05
96.3,2.5932006615445427,2.439606603498674,2.0167503679075356,1.7698190033980037e-05
96.31,2.594243189742254,2.4435433982116765,2.0177594084265253,1.7509846314533293e-05
96.32000000000001,2.595253469556842,2.4474676723350153,2.0187575951674837,1.7325351928478947e-05
96.33,2.596231565143098,2.451379489214193,2.01974522029564,1.7144662618129928e-05
96.34,2.5971775414378238,2.4552789110877753,2.0207225753243083,1.696773451424981e-05
96.35000000000001,2.598091464150305,2.4591659990790156,2.0216899510906368,1.679452414332226e-05
96.36,2.5989733997531457,2.4630408131879187,2.022647637731704,1.662498843426847e-05
96.37,2.599823415473452,2.4669034122837337,2.023595924660962,1.6459084724618166e-05
96.38,2.6006415792843605,2.4707538540978633,2.0245351005450143,1.6296770766162925e-05
96.39,2.6014279598969057,2.4745921952171823,2.0254654532807277,1.6138004730098614e-05
96.4,2.602182626752217,2.4784184910777527,2.026387269972664,1.5982745211667406e-05
96.41,2.602905650014042,2.482232795958926,2.027300836910831,1.583095123431789e-05
96.42,2.6035971005615886,2.486035162977824,2.028206439548745,1.5682582253396115e-05
96.43,2.604257049982677,2.4898256440841844,2.0291043624817946,1.5537598159379803e-05
96.44,2.6048855705672005,2.493604290055568,2.0299948894259066,1.5395959280667793e-05
96.45,2.605482735300882,2.49737115049291,2.0308783031965003,1.5257626385930895e-05
96.46000000000001,2.6060486178593263,2.50112627381641,2.0317548856877288,1.5122560686055276e-05
96.47,2.6065832926023598,2.5048697072617543,2.032624917851999,1.4990723835674825e-05
96.48,2.6070868345686473,2.5086014968766515,2.0334886796797655,1.4862077934296946e-05
96.49000000000001,2.6075593194705866,2.512321687517683,2.0343464501795894,1.4736585527062587e-05
96.5,2.60800082368947,2.5160303228474517,2.035198507358461,1.4614209605127955e-05
96.51,2.608411424270909,2.519727445332024,2.036045128202377,1.4494913605683817e-05
96.52,2.608791198920515,2.523413096238654,2.0368865886571665,1.437866141162802e-05
96.53,2.609140225999831,2.52708731563378,2.037723163609562,1.426541735090146e-05
96.54,2.609458584522507,2.5307501423812893,2.0385551268685065,1.4155146195496416e-05
96.55,2.609746354150716,2.534401614141038,2.0393827511466966,1.40478131601513e-05
96.56,2.6100036151918027,2.5380417673676194,2.0402063080423507,1.3943383900735718e-05
96.57000000000001,2.6102304485951584,2.541670637309372,2.0410260680212002,1.3841824512343774e-05
96.58,2.6104269359493215,2.5452882580076195,2.041842300398696,1.3743101527102116e-05
96.59,2.6105931594792904,2.5488946622961355,2.04265527332243,1.3647181911704833e-05
96.60000000000001,2.610729202044052,2.5524898818008235,2.0434652537547584,1.3554033064677033e-05
96.61,2.610835147134311,2.556073946939603,2.044272507455632,1.346362281338517e-05
96.62,2.6109110788704277,2.5596468869225,2.04507729896562,1.3375919410809997e-05
96.63,2.6109570820005414,2.563208729751927,2.0458798915891263,1.3290891532068246e-05
96.64,2.6109732418988925,2.566759502223149,2.0466805473777945,1.320850827071378e-05
96.65,2.610959644564326,2.5702992299249314,2.0474795271140955,1.3128739134819361e-05
96.66,2.610916376618976,2.5738279372403534,2.0482770902950933,1.3051554042842941e-05
96.67,2.6108435253071263,2.5773456473477894,2.049073495116385,1.297692331930074e-05
96.68,2.610741178494241,2.580852382222048,2.049868998456213,1.2904817690238565e-05
96.69,2.610609424666163,2.5843481626356595,2.0506638558597388,1.2835208278517098e-05
96.7,2.6104483529284703,2.58783300816031,2.0514583215234845,1.2768066598926215e-05
96.71000000000001,2.610258053005994,2.591306937168412,2.0522526482799273,1.2703364553123915e-05
96.72,2.6100386152424835,2.5947699668348077,2.0530470875822515,1.2641074424409482e-05
96.73,2.6097901306004245,2.5982221131385947,2.053841889489251,1.2581168872349739e-05
96.74000000000001,2.6095126906609964,2.601663390865077,2.0546373026503764,1.2523620927255176e-05
96.75,2.609206387624173,2.605093813607824,2.0554335742909293,1.2468403984514457e-05
96.76,2.6088713143089555,2.6085133937708416,2.0562309501973948,1.2415491798794641e-05
96.77,2.6085075641537374,2.611922142570844,2.0570296747029113,1.2364858478114807e-05
96.78,2.6081152312167974,2.6153200700396226,2.057829990672875,1.231647847780529e-05
96.79,2.6076944101769146,2.6187071850265085,2.0586321394906766,1.2270326594345561e-05
96.8,2.607245196334104,2.6220834952009193,2.059436361043561,1.222637795910365e-05
96.81,2.606767685610466,2.625449007054991,2.06024289370862,1.2184608031974584e-05
96.82000000000001,2.606261974551149,2.628803725906285,2.0610519743389024,1.21449925949181e-05
96.83,2.60572816032542,2.632147655900568,2.0618638382496437,1.2107507745411816e-05
96.84,2.6051663407278403,2.63548080001466,2.0626787192046185,1.207212988982882e-05
96.85000000000001,2.60457661417954,2.638803160059348,2.0634968494026023,1.2038835736733123e-05
96.86,2.6039590797295933,2.6421147366823536,2.064318459463951,1.2007602290107277e-05
96.87,2.6033138370564872,2.6454155293713653,2.065143778417288,1.1978406842514635e-05
96.88,2.60264098646968,2.648705536457112,2.065973033686303,1.1951226968203075e-05
96.89,2.601940628911249,2.6519847551164935,2.0668064510766557,1.1926040516157819e-05
96.9,2.6012128659576246,2.6552531813757474,2.067644254762986,1.1902825603104318e-05
96.91,2.6004577998214002,2.6585108101136634,2.0684866672760265,1.1881560606468836e-05
96.92,2.599675533353229,2.6617576350648307,2.069333909489819,1.1862224157300373e-05
96.93,2.5988661700437903,2.6649936488229202,2.0701862006090295,1.1844795133167857e-05
96.94,2.5980298140258307,2.6682188428440012,2.0710437581563634,1.1829252651018809e-05
96.95,2.5971665700762765,2.671433207449881,2.071906797960078,1.1815576060020782e-05
96.96000000000001,2.596276543618412,2.6746367318314754,2.072775534141591,1.1803744934394381e-05
96.97,2.595359840724123,2.6778294040521984,2.0736501791031876,1.1793739066217612e-05
96.98,2.5944165681162015,2.6810112110513744,2.0745309435158177,1.1785538458231841e-05
96.99000000000001,2.5934468331707126,2.6841821386476683,2.0754180363069916,1.1779123316648138e-05
97.0,2.592450743919414,2.6873421715425314,2.0763116646487654,1.1774474043943865e-05
97.01,2.591428409052235,2.690491293323661,2.0772120339458198,1.177157123167489e-05
97.02,2.590379937919802,2.6936294864684736,2.0781193478236317,1.1770395653294435e-05
97.03,2.5893054405360196,2.696756732347586,2.079033808116736,1.1770928256985035e-05
97.04,2.5882050275806954,2.6998730112283074,2.0799556148570804,1.1773150158512546e-05
97.05,2.58707881040221,2.7029783022781384,2.080884966262467,1.1777042634101704e-05
97.06,2.5859269010202333,2.706072583568275,2.081822058725091,1.1782587113342274e-05
97.07000000000001,2.5847494121284766,2.709155832077118,2.082767086800163,1.1789765172123577e-05
97.08,2.5835464570974898,2.7122280236937875,2.0837202431946293,1.179855852560104e-05
97.09,2.582318149977489,2.715289133221637,2.0846817187559754,1.1808949021209883e-05
97.10000000000001,2.581064605501224,2.718339134381773,2.085651702461127,1.1820918631722805e-05
97.11,2.5797859390868743,2.721377999816573,2.0866303814054397,1.1834449448348727e-05
97.12,2.578482266840981,2.724405701093207,2.0876179407917808,1.1849523673884892e-05
97.13,2.5771537055614027,2.7274222087071567,2.088614563919704,1.1866123615929577e-05
97.14,2.5758003727403005,2.7304274920857377,2.089620432174716,1.1884231680147496e-05
97.15,2.574422386567151,2.733421519591619,2.090635725017638,1.1903830363604336e-05
97.16,2.573019865931778,2.736404258526345,2.0916606199740633,1.1924902248165409e-05
97.17,2.571592930427409,2.7393756751338563,2.092695292623905,1.1947429993958101e-05
97.18,2.570141700353754,2.7423357346040103,2.0937399165910464,1.1971396332917234e-05
97.19,2.5686662967200973,2.7452844010761033,2.094794663533085,1.1996784062407576e-05
97.2,2.5671668412484103,2.748221637642395,2.0958597031311768,1.202357603892504e-05
97.21000000000001,2.565643456376479,2.7511474063516324,2.096935203079978,1.2051755171874856e-05
97.22,2.5640962652610444,2.7540616682125774,2.0980213290776915,1.2081304417455136e-05
97.23,2.562525391780955,2.756964383197539,2.099118244816214,1.2112206772616722e-05
97.24000000000001,2.560930960540331,2.759855510245907,2.1002261119713848,1.2144445269120306e-05
97.25,2.5593130968717377,2.7627350072676933,2.1013450901933455,1.2178002967704405e-05
97.26,2.5576719268393635,2.7656028311470804,2.102475337097002,1.2212862952337563e-05
97.27,2.5560075772422093,2.7684589377459745,2.1036170082525976,1.224900832458194e-05
97.28,2.5543201756172786,2.7713032819075707,2.104770257176396,1.2286422198073195e-05
97.29,2.552609850242773,2.774135817459929,2.1059352353214775,1.2325087693098708e-05
97.3,2.550876730141289,2.7769564972195595,2.1071120920686495,1.236498793129665e-05
97.31,2.549120945083015,2.779765272995026,2.108300974717473,1.2406106030477949e-05
97.32000000000001,2.547342625588928,2.7825620955905626,2.1095020284774066,1.2448425099551944e-05
97.33,2.5455419029339916,2.7853469148097076,2.110715396459075,1.2491928233594365e-05
97.34,2.5437189091503423,2.78811967945896,2.1119412196656544,1.2536598509034843e-05
97.35000000000001,2.5418737770304802,2.7908803373514557,2.1131796369843894,1.2582418978968392e-05
97.36,2.540006640130448,2.793628835310667,2.114430785178232,1.2629372668606451e-05
97.37,2.5381176327730053,2.7963651191741303,2.1156947988776125,1.2677442570860555e-05
97.38,2.536206890050792,2.799089133797203,2.1169718105723447,1.272661164206139e-05
97.39,2.534274547829486,2.801800823056847,2.118261950603662,1.2776862797826847e-05
97.4,2.532320742750944,2.8045001298554526,2.1195653471563936,1.2828178909069673e-05
97.41,2.5303456122363355,2.8071869961246922,2.1208821262512805,1.288054279814247e-05
97.42,2.5283492944892583,2.8098613628294173,2.1222124117374332,1.2933937235142122e-05
97.43,2.5263319284988435,2.8125231699715942,2.123556325284935,1.2988344934365276e-05
97.44,2.524293654042841,2.815172356594287,2.124913986377594,1.3043748550913844e-05
97.45,2.5222346116906897,2.8178088607856853,2.1262855123058464,1.3100130677455932e-05
97.46000000000001,2.5201549428065677,2.8204326196831837,2.127671018159812,1.3157473841149638e-05
97.47,2.518054789552423,2.8230435694775142,2.1290706168225104,1.3215760500723466e-05
97.48,2.515934294890983,2.825641645416935,2.1304844189632313,1.3274973043726477e-05
97.49000000000001,2.513793602588742,2.8282267818114795,2.1319125330310738,1.3335093783934208e-05
97.5,2.511632857218926,2.830798912037266,2.133355065248647,1.3396104958930106e-05
97.51,2.509452204164429,2.833357968540876,2.134812119605942,1.3457988727855696e-05
97.52,2.507251789620727,2.8359038828438003,2.1362837978543765,1.3520727169328603e-05
97.53,2.5050317605987638,2.8384365855469587,2.137770199501011,1.358430227953979e-05
97.54,2.502792264927805,2.8409560063352925,2.13927142180295,1.3648695970517991e-05
97.55,2.500533451258267,2.8434620739824417,2.1407875597619177,1.371389006857838e-05
97.56,2.4982554690645116,2.8459547163554992,2.142318706119026,1.3779866312950619e-05
97.57000000000001,2.4959584686476073,2.8484338604198567,2.1438649513497237,1.3846606354584253e-05
97.58,2.49364260113806,2.8508994322441366,2.145426383658944,1.3914091755133857e-05
97.59,2.491308018498507,2.8533513570052187,2.147003088976441,1.3982303986133348e-05
97.60000000000001,2.4889548735263713,2.855789558993363,2.148595150952332,1.4051224428352421e-05
97.61,2.4865833198564866,2.8582139616174342,2.1502026509528314,1.4120834371339136e-05
97.62,2.484193511963673,2.86062448741023,2.1518256680562002,1.419111501315075e-05
97.63,2.481785605165281,2.8630210580339153,2.1534642790488974,1.4262047460273048e-05
97.64,2.479359755623687,2.86540359428557,2.155118558421945,1.4333612727728046e-05
97.65,2.476916120348751,2.8677720161028493,2.15678857836751,1.4405791739372916e-05
97.66,2.4744548572002283,2.870126242569766,2.158474408775704,1.4478565328389954e-05
97.67,2.4719761248901326,2.8724661919225905,2.160176117231604,1.4551914237968547e-05
97.68,2.4694800829850565,2.8747917815558792,2.1618937690125017,1.4625819122181855e-05
97.69,2.466966891908439,2.877102928028631,2.163627427085381,1.4700260547051228e-05
97.7,2.4644367129427867,2.8793995470705784,2.165377152104625,1.4775218991809045e-05
97.71000000000001,2.4618897082318423,2.881681553588612,2.167143002409965,1.4850674850352319e-05
97.72,2.4593260407826993,2.883948861673348,2.1689250340246646,1.49266084328958e-05
97.73,2.4567458744678636,2.8862013846058363,2.170723300653949,1.5002999967809375e-05
97.74000000000001,2.4541493740272595,2.888439034864418,2.1725378536836786,1.507982960365416e-05
97.75,2.4515367050701777,2.890661724131731,2.174368742179275,1.515707741142016e-05
97.76,2.4489080340771654,2.8928693633018714,2.1762160128848986,1.5234723386943523e-05
97.77,2.446263528401856,2.89506186248771,2.178079710222884,1.5312747453522994e-05
97.78,2.4436033562727384,2.8972391310283703,2.1799598762934327,1.5391129464734146e-05
97.79,2.44092768679486,2.899401077496871,2.1818565508745738,1.5469849207425067e-05
97.8,2.4382366899514696,2.9015476097079325,2.1837697714223854,1.554888640491206e-05
97.81,2.4355305366055906,2.903678634725958,2.185699573071491,1.5628220720362353e-05
97.82000000000001,2.432809398501528,2.9057940588731834,2.187645988635827,1.5707831760359363e-05
97.83,2.4300734482663064,2.907893787738004,2.1896090486096838,1.578769907867199e-05
97.84,2.4273228594110363,2.9099777261834854,2.191588781169033,1.586780218019168e-05
97.85000000000001,2.424557806332209,2.912045778356048,2.193585212173129,1.5948120525064162e-05
97.86,2.421778464312918,2.9140978476943444,2.195598365166404,1.6028633533007992e-05
97.87,2.4189850095240035,2.9161338369383194,2.197628261380646,1.6109320587810026e-05
97.88,2.41617761902512,2.9181536481384622,2.1996749197374705,1.619016104200162e-05
97.89,2.4133564707657267,2.920157182665252,2.201738356851089,1.6271134221708906e-05
97.9,2.4105217435859974,2.9221443412187966,2.2038185870313707,1.6352219431687497e-05
97.91,2.407673617217646,2.9241150238386715,2.2059156222872085,1.643339596052564e-05
97.92,2.404812272284672,2.926069129913958,2.208029472330186,1.651464308602137e-05
97.93,2.4019378903040183,2.928006558193482,2.210160144578551,1.659594008072291e-05
97.94,2.3990506536861442,2.9299272067962607,2.212307644161498,1.6677266217638974e-05
97.95,2.396150745735508,2.931830973222151,2.2144719739237604,1.6758600776118887e-05
97.96000000000001,2.3932383506509605,2.933717754362711,2.216653134430518,1.6839923047880317e-05
97.97,2.3903136535260474,2.935587446512267,2.218851123972619,1.6921212343199762e-05
97.98,2.3873768403492175,2.937439945379195,2.221065938572123,1.7002447997267546e-05
97.99000000000001,2.3844280980039354,2.9392751460974145,2.2232975719881605,1.7083609376674767e-05
98.0,2.3814676142686992,2.9410929432380963,2.2255460157231197,1.7164675886057724e-05
98.01,2.3784955778169583,2.942893230821587,2.227811259029156,1.724562697489151e-05
98.02,2.3755121782169315,2.944675902329549,2.230093288915028,1.7326442144412005e-05
98.03,2.372517605931324,2.9464408507173205,2.2323920901532652,1.7407100954684385e-05
98.04,2.36951205231694,2.9481879684264922,2.2347076452876644,1.7487583031795796e-05
98.05,2.366495709624191,2.949917147397704,2.2370399346411194,1.7567868075179118e-05
98.06,2.363468770996498,2.951628279083663,2.2393889363237856,1.764793586506356e-05
98.07000000000001,2.360431430469583,2.953321254462382,2.2417546262415793,1.7727766270036774e-05
98.08,2.3573838829706535,2.954995964050636,2.244136978105016,1.7807339254734525e-05
98.09,2.3543263243174724,2.956652297917643,2.2465359634383857,1.788663488763088e-05
98.10000000000001,2.351258951217316,2.958290145698965,2.248951551589271,1.7965633348932014e-05
98.11,2.348181961265818,2.9599093966106294,2.2513837097384037,1.8044314938579778e-05
98.12,2.3450955529456934,2.9615099394634696,2.253832402909864,1.8122660084345775e-05
98.13,2.3419999256253474,2.963091662677689,2.2562975939816248,1.8200649350017786e-05
98.14,2.338895279557363,2.964654454297641,2.258779243696438,1.827826344367067e-05
98.15,2.3357818158768664,2.9661982020068307,2.2612773106730666,1.835548322601863e-05
98.16,2.332659736599769,2.9677227931431314,2.2637917514178616,1.8432289718843716e-05
98.17,2.3295292446208866,2.9692281147142197,2.2663225203366855,1.850866411348806e-05
98.18,2.3263905437119288,2.9707140534132264,2.2688695697471792,1.858458777941781e-05
98.19,2.3232438385193626,2.9721804956345985,2.2714328498913794,1.8660042272844995e-05
98.2,2.320089334562146,2.973627327490177,2.2740123089486786,1.8735009345396204e-05
98.21000000000001,2.3169272382293276,2.975054434825483,2.276607893049133,1.8809470952831463e-05
98.22,2.3137577567775183,2.9764617032362106,2.2792195462871176,1.8883409263805404e-05
98.23,2.3105810983282224,2.9778490180849335,2.281847210735323,1.895680666866081e-05
98.24000000000001,2.307397471865038,2.979216264518006,2.284490826459102,1.9029645788256912e-05
98.25,2.304207087230716,2.980563327482673,2.2871503315311594,1.9101909482814976e-05
98.26,2.301010155124081,2.9818900917443765,2.289825662046584,1.9173580860779585e-05
98.27,2.297806887096813,2.983196441904257,2.2925167521382264,1.9244643287699497e-05
98.28,2.294597495550084,2.9844822624168517,2.2952235339924147,1.9315080395106043e-05
98.29,2.291382193731054,2.985747437607979,2.297945937865017,1.938487608938525e-05
98.3,2.2881611957292187,2.9869918516928133,2.3006838920978367,1.9454014560656873e-05
98.31,2.284934716472613,2.9882153887941403,2.303437323135351,1.9522480291632865e-05
98.32000000000001,2.281702971723864,2.9894179329607944,2.306206155541783,1.959025806644016e-05
98.33,2.2784661780760977,2.99059936818627,2.3089903120185085,1.965733297943803e-05
98.34,2.275224552948691,2.991759578427506,2.311789713421797,1.972369044399756e-05
98.35000000000001,2.2719783145828725,2.9928984476238383,2.3146042787808803,1.9789316201228002e-05
98.36,2.2687276820371722,2.994015859716114,2.317433925316353,1.9854196328669776e-05
98.37,2.2654728751827125,2.995111698665967,2.3202785684588965,1.9918317248936588e-05
98.38,2.2622141146983425,2.9961858484752453,2.3231381218683245,1.9981665738282522e-05
98.39,2.258951622065619,2.9972381932055905,2.326012497452953,2.0044228935124957e-05
98.4,2.255685619563623,2.998268616998159,2.3289016053892864,2.010599434848465e-05
98.41,2.2524163302636175,2.9992770040934866,2.3318053541420163,2.0166949866339375e-05
98.42,2.249143978023547,3.000263238851482,2.3347236504843334,2.022708376391272e-05
98.43,2.2458687874823684,3.0012272057715537,2.3376563995185475,2.0286384711860765e-05
98.44,2.2425909840542206,3.002168789512858,2.340603504697011,2.0344841784359198e-05
98.45,2.23931079392243,3.003087874914665,2.3435648678433436,2.04024444670955e-05
98.46000000000001,2.2360284440333467,3.0039843470168353,2.3465403891739536,2.0459182665147285e-05
98.47,2.2327441620900137,3.0048580910804032,2.349529967319852,2.051504671074535e-05
98.48,2.229458176545669,3.0057089926082603,2.3525334993487563,2.0570027370916265e-05
98.49000000000001,2.226170716597075,3.0065369373659294,2.3555508807874754,2.0624115854998634e-05
98.5,2.22288201217768,3.0073418114024286,2.3585820056445783,2.0677303822028976e-05
98.51,2.219592293950602,3.0081235010712137,2.361626766433335,2.072958338798056e-05
98.52,2.216301793301447,3.008881893051194,2.364685054194928,2.0780947132864055e-05
98.53,2.2130107423309453,3.009616874367817,2.36775675852193,2.0831388107680336e-05
98.54,2.209719373847418,3.0103283324142116,2.370841767582041,2.0880899841207582e-05
98.55,2.2064279213590656,3.0110161549723835,2.3739399681420785,2.0929476346635766e-05
98.56,2.2031366190660773,3.011680230234459,2.3770512455922193,2.0977112128039166e-05
98.57000000000001,2.199845701852565,3.0123204468239666,2.3801754839704836,2.1023802186655882e-05
98.58,2.1965554052783176,3.0129366938171476,2.3833125659874557,2.1069542027018762e-05
98.59,2.193265965570374,3.013528860764296,2.3864623730512387,2.111432766288671e-05
98.60000000000001,2.1899776196144174,3.0140968377111097,2.389624785292632,2.1158155622986526e-05
98.61,2.186690604945985,3.014640515220055,2.3927996815905295,2.1201022956581625e-05
98.62,2.1834051597414983,3.0151597843917295,2.3959869395975315,2.1242927238827228e-05
98.63,2.1801215228091086,3.0156545368862218,2.39918643576576,2.1283866575928463e-05
98.64,2.1768399335793593,3.0161246649444537,2.402398045372876,2.1323839610099e-05
98.65,2.173560632095662,3.0165700614095057,2.4056216425482866,2.136284552431148e-05
98.66,2.1702838590045888,3.0169906197479066,2.4088571002995405,2.1400884046824215e-05
98.67,2.1670098555459774,3.0173862340708917,2.4121042905389,2.1437955455500523e-05
98.68,2.1637388635428505,3.017756799155612,2.4153630841100826,2.1474060581906087e-05
98.69,2.160471125391146,3.01810221046629,2.418633350815169,2.15092008151748e-05
98.7,2.1572068840492626,3.0184223641753176,2.4219149594416645,2.1543378105657827e-05
98.71000000000001,2.153946383027411,3.01871715718428,2.425207777789708,2.157659496833158e-05
98.72,2.150689866376782,3.0189864871449035,2.428511672699423,2.160885448597177e-05
98.73,2.1474375786785225,3.0192302524799213,2.4318265100783996,2.164016031209629e-05
98.74000000000001,2.144189765032519,3.0194483524038396,2.435152154929298,2.1670516673666542e-05
98.75,2.1409466710459943,3.019640686943608,2.438488471377572,2.169992837354078e-05
98.76,2.1377085428219114,3.0198071569591756,2.4418353226992973,2.1728400792678728e-05
98.77,2.134475626947184,3.0199476641639316,2.4451925713490947,2.1755939892111972e-05
98.78,2.1312481704806987,3.02006211114502,2.44856007898815,2.178255221465115e-05
98.79,2.1280264209411417,3.0201504013835194,2.4519377065123087,2.180824488634903e-05
98.8,2.124810626294634,3.020212439274483,2.455325314080248,2.183302561770291e-05
98.81,2.1216010349421746,3.020248130146826,2.4587227611417064,2.1856902704603364e-05
98.82000000000001,2.118397895706888,3.020257380283058,2.462129906465773,2.187988502902996e-05
98.83,2.11520145782108,3.02024009693885,2.465546608169216,2.1901982059478822e-05
98.84,2.112011970913099,3.0201961883624264,2.46897272374485,2.1923203851143678e-05
98.85000000000001,2.108829684994003,3.020125563813777,2.47240811008993,2.194356104582183e-05
98.86,2.1056548504440324,3.0200281335836814,2.4758526235345566,2.1963064871563013e-05
98.87,2.1024877179988892,3.0199038090125354,2.479306119870096,2.1981727142062252e-05
98.88,2.09932853873582,3.0197525025089766,2.482768454377589,2.1999560255778145e-05
98.89,2.096177564059505,3.0195741275682972,2.4862394818561535,2.2016577194793775e-05
98.9,2.093035045687753,3.0193685987906393,2.4897190566513605,2.203279152341286e-05
98.91,2.0899012356370013,3.019135831898964,2.49320703268358,2.2048217386487334e-05
98.92,2.0867763862076183,3.01887574375679,2.496703263476282,2.206286950749301e-05
98.93,2.083660749969014,3.018588252385691,2.500207602184289,2.2076763186323637e-05
98.94,2.080554579744555,3.0182732769825487,2.503719901621962,2.2089914296827292e-05
98.95,2.077458128596283,3.0179307379365508,2.5072400142913134,2.2102339284093516e-05
98.96000000000001,2.07437164980944,3.0175605568459325,2.5107677924100416,2.21140551614525e-05
98.97,2.0712953968768,3.0171626565344485,2.5143030879394663,2.212507950723382e-05
98.98,2.0682296234828,3.0167369610675774,2.5178457526123648,2.2135430461251866e-05
98.99000000000001,2.065174583487486,3.016283395768443,2.5213956379606906,2.214512672102963e-05
99.0,2.0621305309102564,3.0158018872334558,2.52495259534317,2.2154187537776624e-05
99.01,2.059097719913414,3.0152923633476623,2.5285164759727636,2.216263271209143e-05
99.02,2.0560764047855273,3.014754753299798,2.53208713094398,2.2170482589419794e-05
99.03,2.053066839924592,3.014188987597042,2.535664411260037,2.2177758055252638e-05
99.04,2.0500692798210043,3.0135949980794607,2.539248167859854,2.2184480530067577e-05
99.05,2.0470839790403397,3.012972717934147,2.542838251644871,2.2190671964023625e-05
99.06,2.044111192205937,3.012322081709034,2.5464345135056727,2.2196354831404858e-05
99.07000000000001,2.041151173981292,3.011643025326397,2.5500368043484256,2.2201552124814208e-05
99.08,2.03820417905226,3.0109354860960216,2.553644975121098,2.220628734910934e-05
99.09,2.035270462109064,3.0101994027280483,2.5572588768394637,2.2210584515116904e-05
99.10000000000001,2.032350277828114,3.0094347153454777,2.5608783606128798,2.2214468133087953e-05
99.11,2.0294438808536346,3.008641365496341,2.5645032776698184,2.2217963205916435e-05
99.12,2.026551525779103,3.0078192961655277,2.5681334793831554,2.2221095222115498e-05
99.13,2.0236734671284977,3.006968451786267,2.571768817295191,2.222389014856845e-05
99.14,2.020809959337357,3.0060887782512626,2.5754091431424078,2.222637442303989e-05
99.15,2.0179612567336505,3.0051802229234728,2.5790543088799387,2.222857494644672e-05
99.16,2.015127613518462,3.0042427346465397,2.582704166705751,2.2230519074924735e-05
99.17,2.0123092837464847,3.0032762637548585,2.5863585690845246,2.2232234611644124e-05
99.18,2.0095065213063315,3.002280762083288,2.590017368771218,2.2233749798412556e-05
99.19,2.006719579900659,3.0012561829764994,2.5936804188343157,2.223509330706111e-05
99.2,2.0039487130261056,3.0002024812979626,2.5973475726787396,2.2236294230606176e-05
99.21000000000001,2.0011941739530466,2.9991196134385647,2.6010186840684213,2.2237382074195948e-05
99.22,1.9984562157051657,2.9980075373248636,2.6046936071485205,2.223838674585152e-05
99.23,1.9957350910388438,2.9968662124269736,2.608372196467284,2.223933854699169e-05
99.24000000000001,1.9930310524223658,2.9956955997660812,2.6120543069975306,2.2240268162750622e-05
99.25,1.9903443520149475,2.9944956619215914,2.615739794157758,2.2241206652093467e-05
99.26,1.987675241645583,2.993266363037904,2.619428513832855,2.2242185437734722e-05
99.27,1.9850239727917114,2.992007668830819,2.6231203223944197,2.2243236295849743e-05
99.28,1.9823907965577088,2.9907195465935716,2.6268150767206615,2.224439134559809e-05
99.29,1.9797759636532009,2.989401965202499,2.630512634215891,2.2245683038455407e-05
99.3,1.9771797243712015,2.9880548951223322,2.634212852829578,2.2247144147345297e-05
99.31,1.974602328566076,2.9866783084111264,2.637915591074975,2.2248807755595167e-05
99.32000000000001,1.9720440256313327,2.985272178724815,2.6416207080472964,2.2250707245703908e-05
99.33,1.96950506447724,2.9838364813214033,2.6453280634414393,2.2252876287929727e-05
99.34,1.9669856935082743,2.982371193064793,2.6490375175692473,2.225534882870334e-05
99.35000000000001,1.964486160600398,2.980876292428245,2.652748931376301,2.2258159078854194e-05
99.36,1.9620067130781693,2.9793517594974785,2.6564621664582266,2.2261341501679053e-05
99.37,1.9595475976916847,2.9777975759734123,2.660177085076524,2.226493080083512e-05
99.38,1.9571090605933565,2.976213725174548,2.663893550173892,2.2268961908061217e-05
99.39,1.9546913473145258,2.974600192038997,2.6676114253890555,2.2273469970745627e-05
99.4,1.9522947027419126,2.972956963126159,2.6713305750710803,2.2278490339327334e-05
99.41,1.9499193710939067,2.9712840266180502,2.6750508642931714,2.2284058554538353e-05
99.42,1.9475655958966955,2.9695813723202837,2.678772158865943,2.2290210334495265e-05
99.43,1.9452336199602376,2.967848991662713,2.6824943253501603,2.2296981561636625e-05
99.44,1.942923685354077,2.9660868776997327,2.6862172310689383,2.2304408269501826e-05
99.45,1.9406360333830048,2.964295025110249,2.689940744119396,2.231252662938433e-05
99.46000000000001,1.9383709045625663,2.962473430197317,2.69366473338376,2.232137293682047e-05
99.47,1.9361285385944182,2.9606220908874556,2.697389068539907,2.233098359794192e-05
99.48,1.9339091743415353,2.958741006729639,2.7011136200713417,2.2341395115699384e-05
99.49000000000001,1.93171304980327,2.956830178893974,2.7048382592766065,2.2352644075938754e-05
99.5,1.9295404020902662,2.9548896101700657,2.708562858278112,2.2364767133346773e-05
99.51,1.9273914673992294,2.9529193049650773,2.712287290030386,2.2377800997269766e-05
99.52,1.9252664809875544,2.95091926930149,2.716011428327738,2.2391782417406448e-05
99.53,1.923165677147814,2.948889510814567,2.7197351478113307,2.2406748169364476e-05
99.54,1.9210892891821092,2.946830038749531,2.723458323975651,2.2422735040106224e-05
99.55,1.919037549376284,2.944740863958457,2.7271808331743874,2.243977981326569e-05
99.56,1.9170106889740066,2.942621998896889,2.730902552625693,2.2457919254354385e-05
99.57000000000001,1.91500893815072,2.9404734576201843,2.7346233604168466,2.2477190095854695e-05
99.58,1.9130325259874614,2.9382952557795976,2.7383431355082952,2.2497629022190493e-05
99.59,1.9110816804445574,2.936087410618105,2.742061757737083,2.2519272654594783e-05
99.60000000000001,1.9091566283351928,2.933849940965978,2.7457791078196565,2.254215753587412e-05
99.61,1.907257595298858,2.931582867236114,2.7494950673540504,2.2566320115067938e-05
99.62,1.905384805774676,2.929286211419132,2.7532095188214445,2.259179673199354e-05
99.63,1.9035384829746143,2.9269599970782343,2.756922345587092,2.261862360171463e-05
99.64,1.9017188488565782,2.924604249343853,2.7606334319006205,2.2646836798898636e-05
99.65,1.8999261240973961,2.9222189949080764,2.764342662895694,2.267647224207454e-05
99.66,1.8981605280656928,2.919804262018872,2.768049924589046,2.2707565677825285e-05
99.67,1.8964222787946559,2.917360080474108,2.771755103878875,2.2740152664870128e-05
99.68,1.8947115929546992,2.9148864816153868,2.7754580885426,2.277426855806709e-05
99.69,1.8930286858260241,2.91238349832169,2.779158767233982,2.2809948492338952e-05
99.7,1.8913737712710825,2.9098511650028542,2.782857029479605,2.284722736651391e-05
99.71000000000001,1.8897470617069434,2.907289517592876,2.7865527656747173,2.2886139827102104e-05
99.72,1.8881487680775682,2.9046985935430567,2.7902458670784367,2.292672025198272e-05
99.73,1.8865790998259941,2.902078431815,2.7939362258083134,2.296900273402503e-05
99.74000000000001,1.885038264866433,2.8994290728734655,2.7976237348342567,2.301302106465637e-05
99.75,1.8835264695562848,2.8967505586790865,2.8013082879718256,2.305880871735864e-05
99.76,1.8820439186680706,2.894042932680965,2.804989779874882,2.3106398831094326e-05
99.77,1.88059081536129,2.8913062398091487,2.8086681060276084,2.31558241936876e-05
99.78,1.879167361154202,2.888540526466998,2.8123431627358957,2.3207117225150922e-05
99.79,1.8777737558955359,2.8857458405234557,2.816014847118097,2.3260309960963998e-05
99.8,1.876410197736136,2.8829222313052227,2.8196830570951565,2.331543403530133e-05
99.81,1.8750768831005402,2.880069749588853,2.82334769138011,2.3372520664212885e-05
99.82000000000001,1.8737740066584991,2.8771884475927734,2.8270086494669644,2.3431600628783752e-05
99.83,1.8725017612964383,2.8742783789692377,2.830665831618957,2.349270425824473e-05
99.84,1.871260338088866,2.871339598796226,2.834319138856201,2.355586141305312e-05
99.85000000000001,1.8700499262697319,2.8683721635692927,2.8379684729427166,2.3621101467962118e-05
99.86,1.8688707132037399,2.865376131193378,2.841613736372858,2.368845329504896e-05
99.87,1.8677228843576172,2.8623515609745867,2.8452548323571345,2.375794524673958e-05
99.88,1.8666066232713467,2.8592985136119453,2.848891664807437,2.3829605138818712e-05
99.89,1.8655221115293628,2.856217051189145,2.8525241383216686,2.3903460233426068e-05
99.9,1.864469528731718,2.8531072371662796,2.8561521581677907,2.3979537222059998e-05
99.91,1.8634490524652223,2.849969136371588,2.8597756302672876,2.4057862208573415e-05
99.92,1.8624608582745596,2.846802814993205,2.863394461178055,2.4138460692187176e-05
99.93,1.8615051196333867,2.843608340570936,2.8670085580767206,2.422135755051302e-05
99.94,1.8605820079154163,2.8403857819880565,2.8706178287404063,2.4306577022588264e-05
99.95,1.859691692365492,2.8371352094631503,2.874222181527929,2.4394142691946187e-05
99.96000000000001,1.8588343400706566,2.8338566945419927,2.877821525360464,2.4484077469714174e-05
99.97,1.858010115931219,2.8305503100894835,2.88141576970166,2.457640357774281e-05
99.98,1.8572191826318252,2.8272161302816436,2.8850048245372304,2.467114253178579e-05
99.99000000000001,1.8564617006125366,2.8238542305976795,2.888588600354021,2.4768315124722382e-05
100.0,1.855737828039921,2.8204646878121222,2.8921670081185606,2.481799392582517e-05
