t,x,y,z,speed_proxy
0.0,1.0,1.0,1.0,0.09048434515172395
0.01,1.014505192210648,1.3000864767654523,0.9850986237832287,0.09279932413992549
0.02,1.0564059751284134,1.6060856268561838,0.9740023953437733,0.10104622320653525
0.03,1.1240538079061675,1.9260808014736313,0.9673475939965538,0.11587278095775562
0.04,1.2167020596216982,2.267699978088283,0.9660815765178878,0.13790204018323002
0.05,1.3343892782420301,2.6383657735011354,0.9715032257522664,0.1683891239424733
0.06,1.4778554660830534,3.0455076414605813,0.9853334040376106,0.2092338122748213
0.07,1.648484964838449,3.496742863189055,1.009816678477209,0.26305743274707316
0.08,1.848270650190151,4.000030008264675,1.0478583881792227,0.33333757699674843
0.09,2.079794838651208,4.5637953399272675,1.1032035759814212,0.4246000995526834
0.1,2.3462226146605154,5.197028848287337,1.180666581733839,0.5426715317993404
0.11,2.6513031570796737,5.909341809687108,1.286422207351868,0.694996636696604
0.12,2.9993740035654604,6.710971469155898,1.428371145025656,0.8910248826960024
0.13,3.3953619127407455,7.612709973263363,1.6165933723904944,1.1426649213441127
0.14,3.8447718852779023,8.625723266065185,1.8639026171436008,1.4647955320027326
0.15,4.3536527432471726,9.761210465798095,2.1865113013559245,1.8758014948628865
0.16,4.928523147386065,11.02983456196637,2.6048061589429605,2.398068471343856
0.17,5.576235743163841,12.440830977910357,3.144216164430871,3.0583157037024478
0.18,6.303749034788589,14.000672941962018,3.836120860135376,3.887562151337565
0.19,7.117766635073808,15.711146047040618,4.718690827058714,4.920406101598328
0.2,8.024192430497186,17.566668891686806,5.837463363332264,6.193155764328573
0.21,9.027339955123864,19.55071194724119,7.245326236191632,7.740208391704951
0.22,10.12882924409139,21.631246875212796,9.001407620982775,9.588014350810656
0.23,11.32611268416218,23.755355455868248,11.16816631817722,11.746130152044504
0.24,12.610605906309955,25.843507428310325,13.805797929842349,14.195493389179177
0.25,13.965478562435415,27.78463799257461,16.963043672937786,16.875397117095428
0.26,15.36330211578761,29.43400953112961,20.66382583124078,19.67276066135065
0.27,16.7639666663888,30.616744691091448,24.89012880088047,22.419630674493394
0.28,18.113543171882817,31.140379119962706,29.563432544890965,24.905778438976785
0.29,19.344996130257215,30.818963356233102,34.52965722679522,26.910290148398747
0.3,20.381680524598217,29.50823742049096,39.55507039939999,28.247603066808086
0.31,21.144178023650547,27.146042157572015,44.341028519848194,28.81217264676453
0.32,21.56011937403149,23.78609774474328,48.56157305006516,28.60028705148784
0.33,21.575361516854944,19.610397605676177,51.91924006272703,27.696318618609606
0.34,21.16378263989088,14.909768132314936,54.20417566580347,26.231970689196935
0.35000000000000003,20.33275346729839,10.033976881651384,55.33625251638204,24.344250405861263
0.36,19.122436725490623,5.326446932515709,55.37458724413187,22.154551140930486
0.37,17.599089212483186,1.0655285791677702,54.49232162386395,19.77078387919469
0.38,15.844483830744592,-2.5701273695363716,52.92871835378317,17.297434952834326
0.39,13.94447795499406,-5.506728502612386,50.93718544940289,14.838599614684362
0.4,11.979373141647319,-7.75749296538123,48.74463470323212,12.490768294019889
0.41000000000000003,10.017518452633869,-9.393822469543062,46.5289473960358,10.331649647181624
0.42,8.112338469607755,-10.516421605739486,44.41324298793076,8.412375847857952
0.43,6.302116940979356,-11.232761315679548,42.471411331033124,6.75622453468673
0.44,4.611550402698024,-11.642738030555336,40.738900548728964,5.362808434448371
0.45,3.0541574266912175,-11.83151010824703,39.224336860877315,4.214934913328255
0.46,1.6348782025481112,-11.867390781750846,37.91955782256955,3.2856245003518936
0.47000000000000003,0.3524688172888786,-11.802711639008411,36.807200681965845,2.543849140388085
0.48,-0.7984922544048028,-11.676084814374486,35.865900887337354,1.958533528840333
0.49,-1.8260293046629723,-11.515068538361422,35.07355092072115,1.5009562353093089
0.5,-2.7395944957391936,-11.338698739241288,34.409151881423824,1.1459280446668356
0.51,-3.5492289325726434,-11.15965273706205,33.85372518348405,0.8721499848406806
0.52,-4.2649888634233335,-10.985985863641691,33.39064042356658,0.6620824966126695
0.53,-4.896572035857042,-10.822468906092393,33.0056074955331,0.50156281372865
0.54,-5.453090053539445,-10.671588849584593,32.68649460449836,0.3793236123946414
0.55,-5.9429441531916645,-10.534282048583398,32.42307150797326,0.2865028525130159
0.56,-6.373772213975528,-10.410462729733078,32.20673537421914,0.21619196281132144
0.5700000000000001,-6.752443355147271,-10.299398939270096,32.030249896757894,0.1630427724728178
0.58,-7.085083138661061,-10.199976822474332,31.887512033656858,0.12293808659565567
0.59,-7.3771174080502595,-10.110884221600706,31.773351326823363,0.09272260443815673
0.6,-7.633326478458973,-10.03073653285368,31.68336164181551,0.06998714044748215
0.61,-7.857904049263724,-9.958161531060814,31.6137626454739,0.05289792695889047
0.62,-8.054517098861998,-9.891855189238749,31.56128731398288,0.04006295608224882
0.63,-8.226364346408404,-9.830617074913967,31.523091561531697,0.030428138604662258
0.64,-8.376231784379884,-9.773371405515377,31.49668229455428,0.023197110927147165
0.65,-8.506544415432066,-9.719178050677945,31.47986059453108,0.01776958879592064
0.66,-8.619413752213053,-9.667236491623504,31.470677184332725,0.013694143227659052
0.67,-8.716680921048509,-9.616884844725387,31.46739777246325,0.010632117728557653
0.68,-8.799955393612956,-9.567595422815549,31.468476265963595,0.008330109064300352
0.6900000000000001,-8.87064948602517,-9.518967867073759,31.47253418597847,0.006599005736334154
0.7000000000000001,-8.930008834229028,-9.470720578891601,31.478344910448495,0.0052980353412299536
0.71,-8.979139093430303,-9.422680974784617,31.484821611392253,0.004322632344500738
0.72,-9.01902912842288,-9.374774949213913,31.491007956898503,0.0035952188894001523
0.73,-9.050570968153819,-9.327015839053383,31.49607081743575,0.0030582085252143154
0.74,-9.074576796743777,-9.279493124145867,31.499294358811945,0.002668709306468306
0.75,-9.091793247590886,-9.232361059867797,31.500075025374112,0.0023945294531690967
0.76,-9.102913259135965,-9.185827411891138,31.49791702094972,0.0022111845154784144
0.77,-9.108585741516404,-9.140142444730564,31.492427984649357,0.0020996768623930927
0.78,-9.109423293286643,-9.095588300290942,31.483314636126114,0.0020448719756177105
0.79,-9.106008196876056,-9.052468887942595,31.470378231674673,0.002034335951777472
0.8,-9.098896910519445,-9.011100392159028,31.453509729609877,0.00205752830493165
0.81,-9.088623262956997,-8.97180248677162,31.432684611332764,0.0021052663361736147
0.8200000000000001,-9.075700545157844,-8.934890326350434,31.407957343852868,0.0021693940780168923
0.8300000000000001,-9.06062268059706,-8.900667365461008,31.37945550072873,0.0022426016910815604
0.84,-9.043864642188137,-8.869419036202306,31.347373581896637,0.002318351336215835
0.85,-9.025882269889703,-8.841407294275214,31.311966589255793,0.0023908737831916157
0.86,-9.00711162838616,-8.816866024674876,31.27354342485606,0.0024552069068799606
0.87,-8.98796802927049,-8.795997280703899,31.232460182889756,0.002507253128238362
0.88,-8.968844827067178,-8.778968315011365,31.189113406307992,0.002543838004294645
0.89,-8.95011208348883,-8.765909349261726,31.143933374703277,0.00256275668580012
0.9,-8.93211517979939,-8.756912020135099,31.097377483076603,0.0025627989099396616
0.91,-8.915173443331133,-8.752028433780398,31.049923762167698,0.0025437466121915092
0.92,-8.899578841321121,-8.751270758536448,31.002064581039317,0.0025063411470779146
0.93,-8.885594783508232,-8.754611286503629,30.9543005623509,0.0024522195233682665
0.9400000000000001,-8.87345506453232,-8.761982898066167,30.907134730905348,0.0023838210140128915
0.9500000000000001,-8.863362968218174,-8.773279869316585,30.861066907157532,0.00230426703334384
0.96,-8.855490548371279,-8.78835897004069,30.816588349864084,0.0022172183315143233
0.97,-8.849978094768666,-8.80704080897186,30.774176646239574,0.0021267143921027166
0.98,-8.846933788555228,-8.829111392895719,30.734290844061622,0.002037000487949318
0.99,-8.846433548167022,-8.85432387636884,30.697366818230922,0.0019523482040043336
1.0,-8.848521065072411,-8.882400488820815,30.663812864346244,0.0018768754180689283
1.01,-8.853208027890505,-8.913034635184722,30.634005513825038,0.0018143717738617695
1.02,-8.860474533629548,-8.945893174534776,30.608285568844583,0.001768135606069798
1.03,-8.870269685681189,-8.980618888134325,30.586954360694037,0.0017408280906774354
1.04,-8.882512379592557,-9.016833153492238,30.570270241757534,0.001734350089982423
1.05,-8.897092279291645,-9.054138844221276,30.558445328986334,0.0017497467238398185
1.06,-8.913870988136232,-9.092123476471752,30.551642525010593,0.001787144103238852
1.07,-8.932683420669315,-9.130362621319943,30.549972851591686,0.0018457218831326619
1.08,-8.953339382081493,-9.168423598632065,30.553493138485496,0.0019237243049967062
1.09,-8.975625362904351,-9.20586946158514,30.56220411850218,0.002018511190867354
1.1,-8.99930655621199,-9.242263272276976,30.576048986107327,0.002126648918933429
1.11,-9.024129103441618,-9.277172657868187,30.594912481797344,0.0022440397751801035
1.12,-9.049822572745683,-9.310174623749113,30.61862056718574,0.002366086279254728
1.1300000000000001,-9.076102670487053,-9.340860585711562,30.646940755770345,0.0024878851954144828
1.1400000000000001,-9.102674182065975,-9.368841567549783,30.679583161282466,0.002604444057723672
1.1500000000000001,-9.12923413276013,-9.39375349455759,30.716202319002957,0.0027109112831686802
1.16,-9.155475152767961,-9.415262497778338,30.756399825244905,0.002802809455360453
1.17,-9.181089023336657,-9.433070129437885,30.799727826283235,0.0028762602813398293
1.18,-9.205770372963409,-9.446918377638292,30.84569337048275,0.002928189196214465
1.19,-9.229220484478097,-9.456594359012279,30.893763616577033,0.0029564977365192672
1.2,-9.251151165700172,-9.461934562491624,30.943371867548944,0.002960192708868026
1.21,-9.271288628707726,-9.462828516377797,30.993924374154485,0.002939462880031605
1.22,-9.289377315984675,-9.4592217551015,31.04480782582123,0.002895696378990542
1.23,-9.305183606248818,-9.451117971769829,31.095397420617257,0.0028314351311796884
1.24,-9.31849932901521,-9.438580257891216,31.14506538151997,0.002750266269695143
1.25,-9.329145015273587,-9.42173135228302,31.193189764650242,0.002656654354340087
1.26,-9.336972812338916,-9.400752846508375,31.239163387765174,0.0025557220969179596
1.27,-9.341868994153687,-9.375883323330875,31.282402695273184,0.002452990836615479
1.28,-9.34375600414236,-9.347415436395094,31.322356370268672,0.0023540949344789336
1.29,-9.34259397607114,-9.315691972183723,31.358513505190142,0.002264486298753441
1.3,-9.338381689039633,-9.281100967669145,31.390411150922095,0.002189146216201742
1.31,-9.331156925379185,-9.244069987330226,31.417641079315267,0.0021323214399546985
1.32,-9.320996214390147,-9.205059689779787,31.439855615607076,0.002097300066486078
1.33,-9.308013959954824,-9.16455683576746,31.45677242411541,0.0020862402237065494
1.34,-9.292360965487687,-9.123066904696715,31.468178161563284,0.0021000611871106103
1.35,-9.274222384776449,-9.081106495300203,31.473930945942932,0.002138402517077914
1.36,-9.25381514138623,-9.039195687446217,31.47396162329229,0.0021996524924836587
1.37,-9.231384871856827,-8.9978505363245,31.4682738484688,0.002281042843865929
1.3800000000000001,-9.207202458419967,-8.957575858016865,31.45694302740209,0.0023788028851174717
1.3900000000000001,-9.181560225016081,-8.918858447593344,31.440114196028578,0.0024883628785929627
1.4000000000000001,-9.154767875751254,-8.88216084856723,31.417998934083062,0.0026045940450075836
1.41,-9.127148257503173,-8.847915767160641,31.39087142940821,0.002722071160994587
1.42,-9.09903302820322,-8.816521197829802,31.359063820069053,0.0028353431989932352
1.43,-9.07075830956799,-8.788336299314148,31.32296094730884,0.002939197899009996
1.44,-9.042660398020315,-8.763678034437017,31.282994652563783,0.003028907394591571
1.45,-9.01507160061099,-8.742818563148443,31.239637746948713,0.0031004438730473744
1.46,-8.988316254373228,-8.725983357779263,31.19339777262301,0.003150656534020454
1.47,-8.962706978190372,-8.713349992823726,31.144810663170684,0.003177403618740948
1.48,-8.938541196414715,-8.705047549167096,31.094434395568943,0.003179635827789442
1.49,-8.916097963600894,-8.701156564648253,31.042842710462565,0.0031574298706483666
1.5,-8.895635110226657,-8.70170945908562,30.99061896123847,0.0031119730769353965
1.51,-8.877386720523042,-8.706691362094286,30.93835013663868,0.0030455018701942946
1.52,-8.861560945810707,-8.716041275728083,30.88662108706857,0.002961198424219973
1.53,-8.848338150248827,-8.729653510631735,30.836008971917693,0.002863050988130119
1.54,-8.83786938078065,-8.747379343358984,30.78707793453607,0.0027556842061887965
1.55,-8.830275149364354,-8.769028853149573,30.740374003284845,0.002644166316347428
1.56,-8.825644513300508,-8.794372908109368,30.69642021146443,0.002533800440913705
1.57,-8.824034438539153,-8.823145282776578,30.655711925962844,0.002429907337103919
1.58,-8.825469431149973,-8.855044900895251,30.618712374111652,0.0023376070006145525
1.59,-8.829941423505785,-8.88973820831586,30.58584836035686,0.0022616064451506787
1.6,-8.837409903966693,-8.926861690815178,30.55750616874722,0.00220600083227743
1.61,-8.847802281739023,-8.96602455984147,30.53402765365391,0.0021740948986323522
1.62,-8.861014481881064,-9.006811635367157,30.515706529249382,0.0021682513041193395
1.6300000000000001,-8.876911768887481,-9.048786458845012,30.502784877724768,0.002189772073501742
1.6400000000000001,-8.895329800652547,-9.091494670447103,30.495449906597344,0.002238818682953965
1.6500000000000001,-8.916075917636643,-9.134467683111012,30.49383099628437,0.002314375506380581
1.6600000000000001,-8.938930674496513,-9.17722668128849,30.497997089876435,0.0024142602399968884
1.67,-8.963649623056885,-9.219286964633396,30.507954487163126,0.0025351835344573147
1.68,-8.989965356090394,-9.260162646222337,30.523645113834082,0.002672858366859847
1.69,-9.01758982075464,-9.29937170143254,30.5449453437574,0.002822157691604868
1.7,-9.046216908568798,-9.336441347600239,30.571665456672193,0.002977316663544549
1.71,-9.075525325404982,-9.37091371649122,30.603549814887444,0.0031321733106796827
1.72,-9.105181740087435,-9.402351762034293,30.640277840072194,0.0032804390671760564
1.73,-9.134844203869964,-9.430345325461156,30.68146586446393,0.0034159882171504786
1.74,-9.164165825409818,-9.454517259876695,30.726669919466882,0.003533153230775513
1.75,-9.192798677068486,-9.474529497396126,30.775389508504208,0.003627011398304926
1.76,-9.220397898726286,-9.490088925462713,30.827072390209327,0.003693647285207374
1.77,-9.246625955161003,-9.500952925970784,30.88112037294946,0.003730375521244163
1.78,-9.271156992850015,-9.506934422496547,30.93689609292599,0.003735909431446932
1.79,-9.293681232309869,-9.507906278300872,30.993730716655556,0.0037104630833356446
1.8,-9.313909323327024,-9.503804891626874,31.05093247575473,0.00365577744157905
1.81,-9.33157658321093,-9.494632845693623,31.107795909125574,0.003575065369236335
1.82,-9.346447033048038,-9.480460488842388,31.163611656536684,0.0034728749732710227
1.83,-9.358317144329563,-9.461426345256616,31.21767661995724,0.00335487594901853
1.84,-9.367019208650504,-9.437736287831743,31.269304286530726,0.0032275787514324137
1.85,-9.37242424669007,-9.409661440949503,31.317834991303798,0.003098001190573562
1.86,-9.374444379485645,-9.37753482054379,31.362645889992102,0.0029733009988818218
1.87,-9.373034595030411,-9.341746760041916,31.403160413000098,0.0028603956802586003
1.8800000000000001,-9.368193856201064,-9.302739211433725,31.438856981950934,0.002765592248329805
1.8900000000000001,-9.359965511521004,-9.260999048709145,31.469276788914563,0.0026942491407480756
1.9000000000000001,-9.3484369876897,-9.217050534156062,31.49403046558231,0.0026504906514378005
1.9100000000000001,-9.333738761436775,-9.171447134719099,31.51280350354466,0.002636990797472508
1.92,-9.316042627280536,-9.124762894368741,31.525360325876555,0.002654838913561901
1.93,-9.295559296341379,-9.077583578297235,31.531546952403303,0.0027034938346869645
1.94,-9.272535378656455,-9.030497805381794,31.53129224413232,0.0027808277419680617
1.95,-9.247249816710829,-8.984088376954254,31.524607754212354,0.0028832550810837005
1.96,-9.220009850509012,-8.93892399325441,31.511586251398498,0.003005936856975362
1.97,-9.191146603982903,-8.895551525259194,31.492399015624304,0.0031430464284211606
1.98,-9.16101038857278,-8.854488980470787,31.46729203257539,0.003288079929472638
1.99,-9.12996582232478,-8.81621926854184,31.436581234248443,0.0034341927655302243
2.0,-9.09838686190776,-8.781184838230367,31.400646944980334,0.0035745432776598733
2.0100000000000002,-9.066651840823935,-8.74978322297567,31.359927697430628,0.0037026255335806304
2.02,-9.035138600175669,-8.722363500065061,31.314913581004376,0.0038125750913993446
2.0300000000000002,-9.004219789170989,-8.69922363935003,31.266139277060077,0.00389943423673326
2.04,-8.974258401689319,-8.680608692873204,31.214176922058556,0.003959366332542027
2.05,-8.94560360330593,-8.666709757328485,31.15962892281839,0.003989812264996244
2.06,-8.918586890801702,-8.657663627381815,31.103120828551397,0.003989585268947625
2.07,-8.893518613939527,-8.65355304957993,31.04529434362333,0.003958903472020457
2.08,-8.87068487768075,-8.654407483630784,30.98680054418571,0.0038993621643070527
2.09,-8.850344832472407,-8.660204279778961,30.928293341969937,0.003813849999054492
2.1,-8.83272835109186,-8.67087018717787,30.870423220460484,0.003706415032825593
2.11,-8.818034083024193,-8.686283117820999,30.81383125301567,0.0035820877427420635
2.12,-8.806427871606129,-8.706274102923546,30.759143399739646,0.003446668969558136
2.13,-8.798041515244115,-8.730629392818768,30.70696507031219,0.003306491205599174
2.14,-8.792971851866938,-8.75909266664997,30.657875933685375,0.0031681618610076524
2.15,-8.791280145298332,-8.791367333647232,30.61242495256102,0.0030382971812676148
2.16,-8.792991753267039,-8.827118922888557,30.57112562076855,0.0029232554211636166
2.17,-8.798096059098869,-8.865977572537222,30.53445138488263,0.002828877752261958
2.18,-8.80654665251023,-8.907540642068367,30.502831237399796,0.0027602452152748996
2.19,-8.818261749071823,-8.951375481459975,30.47664547722056,0.0027214598219435513
2.2,-8.833124842544061,-8.997022399297517,30.456221643693315,0.002715457635236212
2.21,-8.850985589100933,-9.043997876854403,30.441830642651198,0.002743861262339752
2.22,-8.871660927150971,-9.091798077143649,30.433683096239356,0.002806878617179868
2.23,-8.894936440728914,-9.139902696431271,30.431925962352313,0.0029032539750795854
2.24,-8.920567977973205,-9.187779200569503,30.43663948357878,0.003030276179925271
2.25,-8.948283538740505,-9.234887479644359,30.447834539014153,0.0031838473138612496
2.2600000000000002,-8.977785446678805,-9.280684941840923,30.465450484414863,0.0033586131640138597
2.27,-9.008752820856573,-9.324632051247006,30.48935357614509,0.0035481544170628087
2.2800000000000002,-9.040844360140124,-9.366198294837087,30.51933608138365,0.0037452347217301505
2.29,-9.073701449792964,-9.404868541584747,30.555116180294295,0.0039420986742368935
2.3000000000000003,-9.106951594175555,-9.440149732229205,30.596338764536718,0.004130809550652691
2.31,-9.140212171969571,-9.471577812571454,30.642577229925426,0.004303613434745439
2.32,-9.173094501149595,-9.498724797410507,30.693336348707724,0.0044533135178097165
2.33,-9.205208190194321,-9.52120582765069,30.74805628853642,0.004573636055168441
2.34,-9.236165740095789,-9.538686061160444,30.80611782075865,0.004659568036598643
2.35,-9.265587349027063,-9.550887220160993,30.866848730483266,0.004707646326409293
2.36,-9.293105858606753,-9.557593605773947,30.929531405773766,0.004716179059462835
2.37,-9.31837176818051,-9.558657385242752,30.993411544402232,0.0046853825593820946
2.38,-9.341058232113653,-9.554002960403723,31.057707875449008,0.004617420973783408
2.39,-9.360865945470344,-9.543630237996062,31.121622751545836,0.004516341059673247
2.4,-9.37752781634223,-9.527616643671578,31.1843534278944,0.004387900816339048
2.41,-9.390813319117877,-9.506117751841291,31.245103808633388,0.0042392975350283475
2.42,-9.400532422675285,-9.479366441918318,31.303096411932803,0.004078807790704395
2.43,-9.406538991193472,-9.447670536618073,31.357584284420252,0.003915358357686417
2.44,-9.408733563174653,-9.41140892773779,31.407862584868816,0.0037580524034451284
2.45,-9.407065426275286,-9.371026246792079,31.45327955764184,0.0036156790824324885
2.46,-9.401533921347745,-9.327026189277372,31.493246628678037,0.0034962364199108108
2.47,-9.392188928142838,-9.279963649331046,31.527247380555647,0.003406496926814992
2.48,-9.379130506650402,-9.23043586341995,31.554845197394492,0.0033516427120301455
2.49,-9.362507691123518,-9.179072795054617,31.575689413342225,0.003334992164995052
2.5,-9.342516457390635,-9.126527015523433,31.589519847870047,0.003357833972036315
2.5100000000000002,-9.319396907013138,-9.073463347094233,31.596169664391375,0.0034193768587464065
2.52,-9.293429733126306,-9.020548534618818,31.595566542928808,0.0035168156616964823
2.5300000000000002,-9.264932051440939,-8.968441199359939,31.58773220982489,0.0036455067866542363
2.54,-9.234252695075757,-8.91778230623275,31.57278041518662,0.0037992394137531344
2.5500000000000003,-9.201767083043281,-8.869186344227385,31.550913489654963,0.003970583453583096
2.56,-9.167871778973698,-8.82323338173213,31.522417644536468,0.004151291573572335
2.57,-9.132978858937225,-8.780462116259173,31.48765720229893,0.004332730752327964
2.58,-9.097510205168158,-8.741363994216908,31.44706795755104,0.004506318752909675
2.59,-9.061891836478166,-8.706378433297692,31.401149872156296,0.00466394244975845
2.6,-9.026548376730586,-8.67588913991574,31.35045930287626,0.004798337794425937
2.61,-8.991897750624274,-8.650221478710291,31.295600947127898,0.00490341498566336
2.62,-8.95834618197847,-8.629640821738954,31.237219673596282,0.004974516718119155
2.63,-8.926283554521039,-8.61435178245251,31.175992381244942,0.005008601837643384
2.64,-8.896079179642001,-8.604498224217366,31.11262000441345,0.005004350999915967
2.65,-8.86807800040147,-8.600163924958043,31.047819754803044,0.004962194758772025
2.66,-8.842597246900944,-8.60137377799277,30.982317664675598,0.004884267734154331
2.67,-8.81992354544925,-8.608095413616528,30.916841470753617,0.004774295046657559
2.68,-8.80031047316297,-8.620241135543726,30.852113856081118,0.004637419053001099
2.69,-8.78397654099104,-8.63767007994359,30.78884604820215,0.00447997563311716
2.7,-8.771103581776377,-8.660190521434426,30.727731756907016,0.004309229966357726
2.71,-8.761835515884105,-8.687562269015192,30.669441423742757,0.00413308201633244
2.72,-8.756277465058389,-8.719499114530903,30.614616748560152,0.003959751950682067
2.73,-8.754495185359325,-8.755671316002484,30.56386545550662,0.0037974555725142608
2.74,-8.756514792053746,-8.795708117207113,30.517756261894785,0.003654079630170044
2.75,-8.762322752915688,-8.839200322572173,30.476814018021006,0.003536866666097595
2.7600000000000002,-8.771866131223653,-8.88570296213229,30.441514993955604,0.003452118892591652
2.77,-8.785053065487974,-8.934738094457257,30.412282300207465,0.0034049304335953424
2.7800000000000002,-8.801753479251376,-8.98579780561499,30.389481442563977,0.0033989571041002278
2.79,-8.821800020819259,-9.038347468966414,30.373416026857647,0.0034362326379105135
2.8000000000000003,-8.844989239129562,-9.091829333525325,30.364323646388684,0.0035170398236037004
2.81,-8.871083007803401,-9.14566650743328,30.36237200264167,0.0036398442570231802
2.82,-8.89981021437128,-9.19926739753736,30.367655328094003,0.003801297254821808
2.83,-8.930868735403294,-9.252030655939684,30.38019119754902,0.003996312798153902
2.84,-8.963927720463367,-9.303350669646143,30.39991783066705,0.004218221117021725
2.85,-8.998630208166919,-9.352623610160737,30.426692002252516,0.004458998655882851
2.86,-9.034596095902113,-9.399254036321713,30.46028768735622,0.004709570710089093
2.87,-9.071425480790824,-9.442662016355909,30.500395574308428,0.004960179091375453
2.88,-9.108702383108058,-9.48229070480095,30.546623579370614,0.005200802948029774
2.89,-9.145998854636105,-9.517614277660034,30.59849849083413,0.005421616589575064
2.9,-9.182879463405099,-9.54814609625167,30.655468857328728,0.005613464175293374
2.91,-9.21890613319965,-9.573446938308981,30.71690921432863,0.005768327800664297
2.92,-9.253643301468259,-9.593133105804583,30.782125714216598,0.005879763256994082
2.93,-9.286663343381639,-9.606884194702712,30.850363189095926,0.005943276929492097
2.94,-9.317552193411144,-9.614450294369991,30.920813632653164,0.005956618253978007
2.95,-9.345915079725629,-9.615658375592503,30.992626039151194,0.005919965072896887
2.96,-9.371382271812282,-9.61041762765081,31.064917486002223,0.0058359841573635135
2.97,-9.39361472894112,-9.598723517847603,31.136785293752947,0.005709755939559477
2.98,-9.41230952733341,-9.580660371807602,31.20732004650739,0.005548560766710971
2.99,-9.427204938010503,-9.556402309582214,31.27561920982707,0.0053615331839739905
3.0,-9.438085026002094,-9.526212420082572,31.34080104499491,0.005159200158762252
3.0100000000000002,-9.4447836453884,-9.49044011279484,31.402018490983867,0.004952927957474374
3.02,-9.447187713784885,-9.44951664849573,31.458472670825973,0.004754309750057845
3.0300000000000002,-9.44523966429346,-9.403948916553858,31.50942567891742,0.004574531205118086
3.04,-9.43893899225953,-9.354311591733262,31.55421232081763,0.004423753781608978
3.0500000000000003,-9.428342837689417,-9.301237864426408,31.592250507006714,0.0043105548086731435
3.06,-9.413565570908958,-9.245408991310399,31.623050045538868,0.0042414597596417405
3.0700000000000003,-9.394777377761924,-9.1875429553722,31.646219633306647,0.004220595667182313
3.08,-9.372201869983979,-9.128382552638362,31.661471908667277,0.004249485972940276
3.09,-9.346112774913065,-9.068683236246752,31.668626495888088,0.004326997050448404
3.1,-9.316829785019973,-9.00920104622856,31.667611040399272,0.004449436099672826
3.11,-9.284713670610813,-8.950680936105234,31.658460299407412,0.004610790014985869
3.12,-9.250160777436484,-8.893845776707963,31.64131341157828,0.004803086015229943
3.13,-9.213597044100702,-8.83938627587763,31.61640951939606,0.005016847956669627
3.14,-9.175471681673683,-8.787952002873693,31.58408195638142,0.005241617751242319
3.15,-9.136250659718993,-8.740143651710044,31.544751237415696,0.00546650934460991
3.16,-9.096410139278154,-8.696506621597187,31.498917103679887,0.005680763177649795
3.17,-9.05642998477032,-8.657525938356605,31.447149874712164,0.005874271651798232
3.18,-9.016787474022188,-8.623622490831284,31.3900813500544,0.006038050377187087
3.19,-8.977951309678035,-8.595150513134909,31.32839548366526,0.0061646353503832085
3.2,-8.94037601707181,-8.572396208607834,31.26281902783051,0.0062483921166643485
3.21,-8.904496794311292,-8.55557738546492,31.19411231195224,0.006285728895410575
3.22,-8.870724860821417,-8.544843957585444,31.123060287573505,0.006275211151894382
3.23,-8.839443331815662,-8.540279156416979,31.050463936350898,0.0062175798682739345
3.24,-8.811003628871397,-8.541901300810075,30.97713210421412,0.006115679612794908
3.25,-8.785722421579056,-8.549665979714273,30.903873794107582,0.005974305363300806
3.2600000000000002,-8.76387908254942,-8.563468516792563,30.831490922600143,0.005799978948035613
3.27,-8.745713628165706,-8.583146604802826,30.760771523037448,0.005600667041770554
3.2800000000000002,-8.731425110470507,-8.608483019701579,30.69248336024745,0.005385453068129677
3.29,-8.721170421458758,-8.639208348564601,30.62736790928037,0.005164175302542156
3.3000000000000003,-8.715063469668435,-8.675003690420086,30.566134643247267,0.004947043135815817
3.31,-8.713174690091046,-8.715503313916486,30.509455572838785,0.004744243015426098
3.3200000000000003,-8.715530851764006,-8.76029727950277,30.45795998227218,0.004565545162989928
3.33,-8.7221151326065,-8.8089340557158,30.41222931287566,0.004419921858386111
3.34,-8.732867437735026,-8.86092317859096,30.37279215587566,0.0043151879187944275
3.35,-8.747684945238237,-8.915738019567065,30.34011932977475,0.004257673968008177
3.36,-8.76642287178463,-8.972818740036882,30.314619034535326,0.004251943122576576
3.37,-8.788895459056052,-9.031575519435886,30.29663209411509,0.004300561709117118
3.38,-8.814877190418148,-9.09139214803212,30.286427320174106,0.0044039344308418075
3.39,-8.844104255029574,-9.151630074979348,30.284197052346638,0.0045602138593068935
3.4,-8.876276283333796,-9.211632996368566,30.29005295359395,0.004765293071967081
3.41,-8.91105838315841,-9.270732056674081,30.30402216194944,0.005012888531510171
3.42,-8.948083509072092,-9.328251719963694,30.326043921417188,0.00529471778550679
3.43,-8.986955198851657,-9.383516344511719,30.35596683373211,0.005600773184899084
3.44,-9.02725070956771,-9.435857466219925,30.393546887855134,0.005919688583248604
3.45,-9.068524581646377,-9.484621762995348,30.438446434099312,0.0062391909866129636
3.46,-9.110312652132576,-9.529179634770657,30.49023427328256,0.00654662358685062
3.47,-9.15213652820494,-9.568934293376994,30.54838702696989,0.006829520854148537
3.48,-9.193508518851047,-9.603331214585781,30.612291941572913,0.007076210820344769
3.49,-9.233937006744128,-9.631867763309454,30.68125125599486,0.007276414871506081
3.5,-9.272932224192665,-9.65410276451499,30.75448822926573,0.007421811851329162
3.5100000000000002,-9.310012377178781,-9.669665759422879,30.831154881395836,0.007506531613461121
3.52,-9.344710040768407,-9.678265661699129,30.910341448357066,0.007527543832902099
3.5300000000000002,-9.376578728547532,-9.679698514166612,30.991087492295904,0.0074849112282630356
3.54,-9.40519951933352,-9.673854045317764,31.072394543165146,0.007381882474239524
3.5500000000000003,-9.430187607430852,-9.66072073830346,31.15324008100518,0.00722480884144308
3.56,-9.451198629360224,-9.640389154021571,31.23259260274471,0.007022879532490261
3.5700000000000003,-9.467934611428326,-9.613053294377863,31.309427457603853,0.006787683039926318
3.58,-9.480149379696234,-9.579009850584006,31.382743085009025,0.006532614640306962
3.59,-9.487653277562385,-9.53865525219625,31.451577252139984,0.00627216221256008
3.6,-9.49031704667772,-9.492480512118883,31.515022867981262,0.006021112748763914
3.61,-9.488074744231014,-9.441063946750374,31.57224294926337,0.005793729141629693
3.62,-9.480925593323892,-9.385061933994898,31.62248433197763,0.005602950262673968
3.63,-9.468934692308318,-9.325197949934445,31.665089759897572,0.005459666528878219
3.64,-9.452232542304458,-9.262250192691333,31.699508037008584,0.00537211807001797
3.65,-9.431013388059151,-9.197038155159422,31.725302000906673,0.005345453682507563
3.66,-9.405532404042727,-9.130408543586997,31.742154154977452,0.005381476824796226
3.67,-9.376101793334136,-9.063220954470802,31.74986988367671,0.005478591117542117
3.68,-9.34308589958935,-8.996333717317604,31.7483782623476,0.0056319434689488974
3.69,-9.306895460595332,-8.930590286447027,31.737730555680134,0.005833749368488105
3.7,-9.267981154257978,-8.866806523378493,31.718096572617306,0.006073773250022755
3.71,-9.226826603426804,-8.8057591557857,31.689759106570985,0.006339928013536911
3.72,-9.183941014235272,-8.748175633591819,31.653106735661567,0.006618952352875265
3.73,-9.139851623603047,-8.69472553197519,31.608625286990836,0.006897122619549497
3.74,-9.095096125604249,-8.646013579315131,31.55688828156722,0.007160957351394378
3.75,-9.050215234325215,-8.602574319542642,31.498546673400266,0.007397876803769268
3.7600000000000002,-9.005745523677415,-8.56486835646312,31.43431817934532,0.007596786130490457
3.77,-8.962212663650394,-8.533280075074018,31.364976468039536,0.00774855846412816
3.7800000000000002,-8.920125149033526,-8.50811669349751,31.291340439633885,0.007846402236756119
3.79,-8.879968592049709,-8.489608469775211,31.214263786011145,0.007886104947257005
3.8000000000000003,-8.842200625890252,-8.477909870491473,31.13462497668972,0.007866152653071173
3.81,-8.8072464429306,-8.473101502369117,31.053317771252043,0.007787730356915977
3.8200000000000003,-8.775494970360073,-8.475192612447188,30.971242317093687,0.007654612973309904
3.83,-8.747295667776854,-8.484123975672064,30.889296853275127,0.007472959667348072
3.84,-8.722955916459897,-8.499771008981794,30.80837000849442,0.007251026170280489
3.85,-8.702738958796747,-8.521946976456785,30.729333654452326,0.006998810404243546
3.86,-8.68686233879203,-8.550406179127261,30.65303625552216,0.006727646661449376
3.87,-8.675496790613419,-8.584847053990641,30.580296641718228,0.0064497629699614735
3.88,-8.668765521525048,-8.624915138310996,30.511898124296017,0.006177815413902235
3.89,-8.666743837987013,-8.670205886164949,30.44858287157339,0.0059244122964214685
3.9,-8.669459068766086,-8.720267353480084,30.39104646630053,0.005701640318229055
3.91,-8.67689074616234,-8.774602794672623,30.339932574650472,0.00552060450526035
3.92,-8.688971015436534,-8.83267323775759,30.295827670162566,0.005390993497365883
3.93,-8.705585252737055,-8.89390012489985,30.25925577326028,0.005320681976791992
3.94,-8.726572882780673,-8.957668121277814,30.230673187790536,0.005315382376134362
3.95,-8.75172839874491,-9.023328206347806,30.21046323987927,0.005378358408390492
3.96,-8.780802597787941,-9.090201167634428,30.198931050697578,0.005510213208364537
3.97,-8.813504055831224,-9.157581617537884,30.19629840282267,0.0057087647347773
3.98,-8.849500874227838,-9.22474264786142,30.20269878896164,0.005969020312085225
3.99,-8.888422738205325,-9.290941224381992,30.218172760917355,0.006283260554898609
4.0,-8.929863332034785,-9.355424404470224,30.242663724648548,0.006641240215570599
4.01,-8.973383158277064,-9.41743643432943,30.27601435273388,0.0070305095911533675
4.0200000000000005,-9.018512807768797,-9.476226748930946,30.31796380691604,0.007436854979563842
4.03,-9.064756722874455,-9.531058857571804,30.368145978940916,0.007844850372486768
4.04,-9.111597488675844,-9.581220051991279,30.426088965796207,0.00823850535085346
4.05,-9.158500675055572,-9.626031823473415,30.49121599389472,0.008601986408762549
4.0600000000000005,-9.204920237078811,-9.664860822197788,30.562847994108157,0.00892038123682691
4.07,-9.250304461913508,-9.697130138699567,30.640208004545805,0.009180468548257846
4.08,-9.294102428212119,-9.722330636589135,30.722427539826015,0.009371450623015486
4.09,-9.335770919122263,-9.740032020984922,30.808555014262698,0.00948560268656699
4.1,-9.3747817038744,-9.749893291970636,30.89756624272517,0.00951879326174919
4.11,-9.410629076431057,-9.751672210307994,30.98837696877285,0.009470833280997602
4.12,-9.442837514398377,-9.745233396792996,31.07985728791074,0.009345619275519022
4.13,-9.470969298857288,-9.730554699544994,31.170847748348113,0.009151047240167456
4.14,-9.494631917573866,-9.70773149667171,31.26017682719492,0.008898688245691126
4.15,-9.513485061731664,-9.676978655380012,31.34667940187388,0.008603233536177774
4.16,-9.527247021232482,-9.638629941428617,31.429215770107593,0.00828173433754399
4.17,-9.535700286750815,-9.593134761998803,31.506690722317796,0.007952678292185114
4.18,-9.538696178674574,-9.54105222624606,31.578072142031534,0.007634958633294648
4.19,-9.536158343862128,-9.483042615381208,31.642408606069317,0.007346802365015994
4.2,-9.528084990251998,-9.419856461638105,31.698845478415926,0.0071047286139229015
4.21,-9.51454976564859,-9.352321536092486,31.746639039402737,0.006922607279963532
4.22,-9.495701228812779,-9.281328132420354,31.785168262888163,0.006810881094663521
4.23,-9.471760906214623,-9.207813101580415,31.81394394443844,0.0067760018085681216
4.24,-9.443019974077433,-9.132743136697247,31.832614987535354,0.006820114692715879
4.25,-9.409834650170847,-9.057097825501371,31.840971766024385,0.0069410065086956615
4.26,-9.372620420792401,-8.981852978927277,31.838946592403328,0.007132312467285061
4.2700000000000005,-9.331845263375937,-8.907964710259963,31.82661142637356,0.007383959335390561
4.28,-9.28802205246951,-8.83635468274764,31.804173050342026,0.007682806404127646
4.29,-9.241700355263834,-8.767896869509746,31.771966013523596,0.00801343471386607
4.3,-9.193457831858405,-8.703406083483486,31.730443700762784,0.008359028426216402
4.3100000000000005,-9.143891455073375,-8.643628443118013,31.680167914684237,0.00870229065353063
4.32,-9.09360875546864,-8.589233847488286,31.621797370469995,0.00902633899991405
4.33,-9.043219280417313,-8.540810447832357,31.55607549309809,0.009315532720743034
4.34,-8.993326433062554,-8.498861025652912,31.48381788007622,0.009556192695016733
4.3500000000000005,-8.944519829456128,-8.463801123738502,31.405899752172214,0.009737186148758065
4.36,-8.897368281915453,-8.435958727769338,31.323243664386315,0.009850359135359355
4.37,-8.852413485387453,-8.41557526337371,31.236807693470997,0.009890810199745399
4.38,-8.810164452972428,-8.402807656306589,31.147574260455155,0.009857007696176957
4.39,-8.771092718115511,-8.397731200665653,31.056539690150714,0.0097507604366235
4.4,-8.735628295418694,-8.400342989937544,30.964704557159862,0.009577056529446359
4.41,-8.704156370366755,-8.41056568598191,30.873064821423387,0.00934378847380181
4.42,-8.677014671004693,-8.428251429450196,30.782603717150185,0.009061384033719169
4.43,-8.654491461987579,-8.453185729258971,30.69428432774014,0.008742362479054527
4.44,-8.63682409344334,-8.485091206416891,30.609042756257825,0.008400834861559998
4.45,-8.624198033546799,-8.523631106818046,30.52778178595743,0.008051965514096772
4.46,-8.616746314251685,-8.56841253694097,30.451364917869498,0.007711410305676321
4.47,-8.6145493238121,-8.618989414415323,30.380610671959662,0.007394745675191281
4.48,-8.617634887023899,-8.674865161098468,30.316287044221827,0.007116901338355781
4.49,-8.62597858396933,-8.735495198832675,30.25910602364126,0.006891608957300718
4.5,-8.639504269880213,-8.800289336788788,30.209718089666147,0.006730879025994025
4.51,-8.65808477196995,-8.868614163705812,30.168706632121463,0.006644518709777685
4.5200000000000005,-8.681542753152819,-8.939795577911552,30.136582260888133,0.006639704250519609
4.53,-8.709651746907516,-9.013121602253168,30.113777001662584,0.0067206226008825155
4.54,-8.742137381591611,-9.087845639431832,30.100638406173648,0.006888197909542236
4.55,-8.778678825713767,-9.16319032512109,30.097423639731907,0.0071399190244447325
4.5600000000000005,-8.818910497454658,-9.23835213100839,30.104293645122517,0.0074697839679386145
4.57,-8.86242409152019,-9.312506856881232,30.12130751860215,0.007868376021006615
4.58,-8.908770983631943,-9.384816129490236,30.148417269823106,0.008323083322756313
4.59,-8.957465077034618,-9.45443499571815,30.18546317127407,0.008818469508007062
4.6000000000000005,-9.007986155778102,-9.520520658386994,30.23216993237747,0.009336796749932158
4.61,-9.059783805715288,-9.58224235505916,30.288143956522227,0.009858694688951383
4.62,-9.112281955740606,-9.638792324171323,30.352871953647153,0.010363959360045628
4.63,-9.164884078512614,-9.6893977401689,30.425721184071314,0.010832455858035194
4.64,-9.21697907168324,-9.73333343210928,30.505941598761066,0.01124508782523281
4.65,-9.267947817670139,-9.769935131380922,30.59267011515074,0.011584786849715815
4.66,-9.317170392727439,-9.798612927400804,30.684937224631547,0.011837466629799943
4.67,-9.364033865299861,-9.818864549695434,30.781676067420772,0.011992881462227326
4.68,-9.407940590545369,-9.830288045344368,30.881734033396995,0.012045327353069867
4.69,-9.44831687398625,-9.832593387165362,30.983886855661098,0.011994127712676496
4.7,-9.484621844303568,-9.82561253472564,31.08685506053276,0.011843854672651203
4.71,-9.516356345351026,-9.80930748096809,31.18932252831699,0.011604251514978868
4.72,-9.543071632658501,-9.783775854373213,31.289956809610082,0.011289840863439937
4.73,-9.564377642099476,-9.749253710864764,31.387430739173414,0.010919225837761974
4.74,-9.579950589862348,-9.70611523980927,31.480444800864532,0.010514115416973833
4.75,-9.58953966484006,-9.6548692209724,31.567749629884442,0.010098128500646524
4.76,-9.592972587909161,-9.59615219857283,31.648167998817254,0.009695451148770358
4.7700000000000005,-9.590159837473912,-9.530718477191735,31.72061562610235,0.009329435942236645
4.78,-9.581097376479583,-9.459427183546891,31.78412017198343,0.00902123954160124
4.79,-9.565867761425398,-9.38322676876157,31.837837847340516,0.008788593297641844
4.8,-9.544639566566623,-9.303137438770289,31.88106715215601,0.00864479208708649
4.8100000000000005,-9.517665113721938,-9.220232088063405,31.913259377203183,0.008597969298330033
4.82,-9.48527655673459,-9.135616368137267,31.93402563732098,0.00865070284563445
4.83,-9.447880426363415,-9.050408543312477,31.943140348423018,0.008799970667176164
4.84,-9.405950793009541,-8.965719772312681,31.940541203709238,0.009037447106591517
4.8500000000000005,-9.360021248396523,-8.882635406244228,31.926325838271765,0.009350106590992632
4.86,-9.310675940886744,-8.802197816958955,31.90074548742917,0.009721080415891842
4.87,-9.25853992105278,-8.725391170748702,31.864196036505245,0.010130697889974007
4.88,-9.204269063776012,-8.653128448689266,31.817206924435105,0.01055763543229134
4.89,-9.148539830694112,-8.586240894971343,31.76042839896186,0.010980096467536195
4.9,-9.09203912320175,-8.525469956189593,31.694617627995516,0.011376950403215841
4.91,-9.035454452991225,-8.471461664842193,31.620624152625712,0.011728769303972392
4.92,-8.979464626322683,-8.42476332485221,31.539375126492253,0.012018714479533217
4.93,-8.924731102122395,-8.385822279708776,31.451860728850058,0.01223324035947174
4.94,-8.871890144980208,-8.354986487036673,31.359120070235157,0.012362598148191122
4.95,-8.821545854415602,-8.332506587579386,31.262227835550355,0.012401135528420154
4.96,-8.774264113432626,-8.318539140847312,31.16228183453461,0.012347400180728517
4.97,-8.730567464082277,-8.313150702065252,31.060391558059823,0.012204063589115036
4.98,-8.690930886803786,-8.316322432834333,30.957667773674483,0.011977687372412647
4.99,-8.655778434625777,-8.32795496798886,30.855213137476497,0.011678357402660766
5.0,-8.625480653387989,-8.34787330027281,30.754113753030477,0.011319211663733742
5.01,-8.600352705159109,-8.375831489629034,30.655431572151613,0.0109158867272013
5.0200000000000005,-8.580653103849807,-8.41151705235488,30.56019750685156,0.010485905494035642
5.03,-8.56658296929719,-8.454554934819635,30.469405106041865,0.010048026070462705
5.04,-8.558285708308981,-8.504511025008004,30.384004643917894,0.00962156884436087
5.05,-8.555847037678026,-8.560895201433164,30.304897468388546,0.009225736430844806
5.0600000000000005,-8.559295274329635,-8.623163961917896,30.232930466566216,0.008878939464286507
5.07,-8.568601830846168,-8.6907227136355,30.168890519361167,0.008598140401817141
5.08,-8.583681869932846,-8.762927840098895,30.11349883793309,0.008398227616000578
5.09,-8.604395088274403,-8.839088690056386,30.067405100569324,0.008291433018100414
5.1000000000000005,-8.630546618036465,-8.918469657080982,30.031181339018843,0.008286808085135197
5.11,-8.66188805236119,-9.000292536552463,30.00531555800437,0.00838977518323968
5.12,-8.698118618975426,-9.083739358141061,29.99020511013458,0.00860177312231416
5.13,-8.73888654285,-9.167955896085331,29.986149890213934,0.00892001751089743
5.14,-8.783790654082893,-9.252056055660953,29.993345457270195,0.009337397228855269
5.15,-8.83238231016399,-9.33512732132095,30.011876238467842,0.009842527706919159
5.16,-8.884167711824267,-9.416237429103594,30.041709015052366,0.010419979229327374
5.17,-8.938610698066869,-9.494442392215968,30.08268693474023,0.011050693767856244
5.18,-8.995136108010554,-9.56879596363791,30.134524335231795,0.011712596658572756
5.19,-9.053133794169502,-9.638360563026845,30.196802697033654,0.012381399697230962
5.2,-9.11196336315165,-9.702219627652761,30.26896806742476,0.01303158017643316
5.21,-9.170959705029064,-9.759491269897628,30.350330307869072,0.013637506563386463
5.22,-9.229439351584272,-9.809343039346908,30.44006451117018,0.01417466682144051
5.23,-9.286707676328465,-9.851007499104197,30.537214909208096,0.014620941055781617
5.24,-9.34206691605662,-9.88379823819226,30.64070154491284,0.014957847739392963
5.25,-9.394824955624047,-9.907125860268327,30.749329912014463,0.0151716839341688
5.26,-9.444304775950451,-9.920513419610193,30.861803673338716,0.015254476324775095
5.2700000000000005,-9.489854421816533,-9.923610724973061,30.976740455063677,0.01520466293737089
5.28,-9.530857303092429,-9.916206906796706,31.092690584492658,0.015027436026002369
5.29,-9.566742603252058,-9.898240648796842,31.208158498643602,0.014734694943177798
5.3,-9.59699553520496,-9.869807525062456,31.32162640825211,0.014344583125585567
5.3100000000000005,-9.621167159434828,-9.831163960025568,31.431579665971437,0.013880613905458777
5.32,-9.638883465745316,-9.782727439937693,31.53653316866589,0.013370423091415442
5.33,-9.649853419653708,-9.725072746600183,31.635058031588635,0.012844218876442888
5.34,-9.653875688973562,-9.658924149852732,31.72580771558804,0.012333028064373135
5.3500000000000005,-9.650843795776034,-9.585143674878823,31.807542773811903,0.011866858481681355
5.36,-9.640749483030124,-9.504715741974081,31.879153415181435,0.011472908056479136
5.37,-9.6236841420016,-9.418728647379417,31.93967915810912,0.01117394980543341
5.38,-9.599838213116296,-9.328353501745012,31.988324965674938,0.010987008668496522
5.39,-9.569498545800593,-9.234821356941842,32.024473405332834,0.010922422039447903
5.4,-9.53304377757404,-9.139399324100017,32.047692551855334,0.01098334354933191
5.41,-9.490937864947453,-9.043366511228024,32.05773953937208,0.011165712727936606
5.42,-9.443721964198192,-8.94799058676594,32.05455985403091,0.011458675615230621
5.43,-9.392004915099083,-8.854505709061163,32.03828263057052,0.01184540713999817
5.44,-9.336452622240337,-8.76409245759444,32.00921236321671,0.012304258425547561
5.45,-9.277776654816169,-8.677860269044166,31.96781755570268,0.012810133404871606
5.46,-9.216722395904046,-8.596832730784088,31.914716911959662,0.013335990283745373
5.47,-9.154057066732742,-8.52193592746911,31.850663706581816,0.013854364292512961
5.48,-9.09055793162142,-8.453989883691133,31.77652897414775,0.014338817555100618
5.49,-9.027000957402825,-8.393703006518997,31.693284123131647,0.01476523774197829
5.5,-8.964150160014759,-8.341669313209888,31.601983519631975,0.015112927016829753
5.51,-8.902747823648857,-8.298368136207863,31.50374750576604,0.015365444141881762
5.5200000000000005,-8.843505727511754,-8.264165931988853,31.399746224918903,0.015511183242306988
5.53,-8.787097464815874,-8.239319782391629,31.291184528315537,0.015543690892148798
5.54,-8.734151890639325,-8.223982164965099,31.17928814092638,0.015461737710857706
5.55,-8.685247691853816,-8.218206579381452,31.06529117460707,0.015269170996161915
5.5600000000000005,-8.640909034947756,-8.22195364609203,30.95042499632177,0.014974581055493126
5.57,-8.601602217251695,-8.235097336764259,30.835908391653348,0.01459081625482666
5.58,-8.567733224277625,-8.257431049313418,30.722938909686253,0.014134381093112316
5.59,-8.539646080644621,-8.288673299574139,30.612685234883784,0.013624748699095794
5.6000000000000005,-8.517621874059223,-8.328472863446047,30.506280404151813,0.013083614934935806
5.61,-8.501878330466944,-8.376413264959137,30.404815671790725,0.012534116616023458
5.62,-8.492569823036458,-8.432016565071557,30.30933482015122,0.012000031931749498
5.63,-8.489787707230702,-8.494746461685798,30.22082871815214,0.011504977528618364
5.64,-8.493560887978825,-8.564010762411218,30.140229942121604,0.011071614270137746
5.65,-8.503856542022776,-8.639163337455427,30.068407292620545,0.010720872618377317
5.66,-8.520580938048104,-8.71950570037687,30.006160066180655,0.01047120892784585
5.67,-8.543580318449859,-8.80428839905695,29.954211971661902,0.010337905592721523
5.68,-8.572641828813031,-8.892712427904257,29.913204616835813,0.010332430698891176
5.69,-8.607494503723366,-8.983930894602386,29.883690531584456,0.010461876237498464
5.7,-8.647810339707707,-9.077051190061098,29.866125739551467,0.01072849756342919
5.71,-8.693205507266201,-9.171137917777067,29.860861939874248,0.011129380063334684
5.72,-8.743241773404886,-9.265216837447992,29.868138414217356,0.011656261292832438
5.73,-8.797428223059372,-9.358280066092902,29.88807383080008,0.012295537467823829
5.74,-8.855223381510642,-9.449292756675108,29.920658175051127,0.013028481469381964
5.75,-8.916037849464647,-9.537201437897632,29.965745093909693,0.013831694830332298
5.76,-8.979237566989,-9.620944148270162,30.023044994930203,0.01467780804745195
5.7700000000000005,-9.044147821059147,-9.699462432035949,30.092119288859095,0.01553643178421962
5.78,-9.11005810320432,-9.771715184155738,30.172376201244237,0.01637534622174031
5.79,-9.176227907937239,-9.83669423737417,30.263068600471776,0.017161897550036186
5.8,-9.241893538812656,-9.893441478845556,30.363294291794066,0.01786455044977808
5.8100000000000005,-9.306275956946472,-9.941067170773163,30.471999205031505,0.018454525005071394
5.82,-9.368589666958801,-9.97876903450362,30.58798385403157,0.018907427891373334
5.83,-9.428052588466272,-10.005851547503529,30.709913366259546,0.01920477330213793
5.84,-9.483896808968899,-10.021744805838972,30.836331270543493,0.019335281394563416
5.8500000000000005,-9.535380058458761,-10.026022230107117,30.965677091847382,0.019295843278720363
5.86,-9.581797690170875,-10.018416349149485,31.096307638605715,0.01909205334331506
5.87,-9.622494898991029,-9.998831891308155,31.226521688127036,0.01873823259510834
5.88,-9.656878862875027,-9.967355453544751,31.354587589097125,0.018256899967962082
5.89,-9.684430457050542,-9.924261107589185,31.478773119709185,0.017677690052040933
5.9,-9.704715169359682,-9.870011438840983,31.597376779118886,0.017035761826909863
5.91,-9.71739284084948,-9.805253693172421,31.708759562517816,0.016369789088271858
5.92,-9.722225870664925,-9.730810919908015,31.811376188514515,0.01571966412307983
5.93,-9.719085559220561,-9.647668233020802,31.903804721251987,0.015124076759141304
5.94,-9.707956317831133,-9.556954551027221,31.98477356420998,0.01461814706784122
5.95,-9.688937544240598,-9.459920401741917,32.05318489836464,0.014231289219554499
5.96,-9.662243048124603,-9.357912573795273,32.108133789366036,0.013985465847946264
5.97,-9.628198003778127,-9.252346547510946,32.14892238661189,0.01389395856561417
5.98,-9.587233503155094,-9.144677731979069,32.17506886732627,0.013960734793124612
5.99,-9.539878875203481,-9.03637256645588,32.18631102402407,0.014180439079857275
6.0,-9.486752021260786,-8.92888051164296,32.182604636096734,0.014538984547866904
6.01,-9.42854808609506,-8.823607864544696,32.1641169885954,0.01501467272368814
6.0200000000000005,-9.366026836109977,-8.721894188908378,32.13121608906658,0.015579732587851159
6.03,-9.299999147847041,-8.624991974786116,32.08445627580598,0.016202145333492894
6.04,-9.231313020371484,-8.534049940676105,32.02456100203741,0.01684761137062909
6.05,-9.160839515134548,-8.450100185594279,31.952403618963647,0.01748151997261223
6.0600000000000005,-9.08945899855115,-8.374049200795211,31.868986969431027,0.01807079751198475
6.07,-9.018048018983569,-8.306672573879926,31.775422549713795,0.01858553428576013
6.08,-8.94746709495373,-8.248613070738378,31.672909908732468,0.019000318804404406
6.09,-8.878549629417842,-8.200381668718343,31.562716842206644,0.019295238490568495
6.1000000000000005,-8.812092099985986,-8.162361039698181,31.446160814266364,0.019456533879471133
6.11,-8.748845610868367,-8.134810943446244,31.324591910548296,0.019476917300114326
6.12,-8.689508832319772,-8.117874986456874,31.199377502926755,0.01935558522879656
6.13,-8.634722299964883,-8.111588224394483,31.071888693031273,0.01909796552191407
6.140000000000001,-8.58506400138733,-8.115885131485848,30.94348850383468,0.01871524679546799
6.15,-8.541046141779937,-8.13060752158075,30.815521708214348,0.018223738133429083
6.16,-8.503112954641582,-8.155512077366684,30.689306121221033,0.017644104236616047
6.17,-8.471639407272752,-8.190277221280246,30.566125138291493,0.017000515376184158
6.18,-8.446930643549225,-8.234509139825963,30.447221273393122,0.016319744380094203
6.19,-8.429222007232628,-8.287746849109459,30.333790437170357,0.015630235506425623
6.2,-8.418679496829727,-8.349466261195651,30.226976693479948,0.014961163381135484
6.21,-8.415400516594577,-8.41908327704195,30.12786724124766,0.014341494892747244
6.22,-8.419414806547229,-8.49595599153536,30.03748738561376,0.013799063489544731
6.23,-8.430685456293642,-8.5793861493655,29.95679528649939,0.013359663934780773
6.24,-8.449109932004054,-8.668620037151715,29.886676303081273,0.01304617625796095
6.25,-8.474521072274605,-8.76284903755059,29.827936788672513,0.012877730233986221
6.26,-8.5066880359852,-8.861210105043966,29.781297231975387,0.012868925908996333
6.2700000000000005,-8.545317212968355,-8.962786450549608,29.747384687631534,0.013029131011753882
6.28,-8.590053135644359,-9.066608742358882,29.726724491573155,0.013361881948068585
6.29,-8.640479456074601,-9.17165714322209,29.719731314929827,0.013864420752230183
6.3,-8.696120077406968,-9.276864506270682,29.726699673968344,0.014527405028760512
6.3100000000000005,-8.756440550620113,-9.381121044089005,29.74779408208605,0.015334830636482149
6.32,-8.820849865894266,-9.483280763538724,29.783039101949964,0.016264206679272766
6.33,-8.888702781804083,-9.582169921695614,29.832309629368496,0.01728701834042837
6.34,-8.959302843696662,-9.676597703419988,29.8953218123479,0.018369504434867567
6.3500000000000005,-9.031906243871124,-9.76536924705257,29.971625074959572,0.019473762733870345
6.36,-9.10572666930228,-9.847301050760901,30.060595771086426,0.02055917704938015
6.37,-9.179941266539537,-9.921238678679932,30.161433031972038,0.021584136247039438
6.38,-9.253697827186567,-9.986076555397498,30.27315738741308,0.022507988009572166
6.390000000000001,-9.32612326053973,-10.040779493763432,30.39461272705201,0.023293141310069966
6.4,-9.396333372602607,-10.084405450928246,30.524472119826147,0.02390720396028766
6.41,-9.463443913589483,-10.116128859675632,30.661247921922772,0.02432501865913384
6.42,-9.526582790826208,-10.135263747219271,30.80330647457341,0.024530446356895372
6.43,-9.584903273233484,-10.141285743790776,30.948887523793008,0.024517742971990896
6.44,-9.637597940852245,-10.133852011099707,31.096128289597136,0.02429238730325094
6.45,-9.683913062492087,-10.112818097845386,31.243091881303734,0.02387124577796485
6.46,-9.723163021507334,-10.078250765401267,31.387799511285408,0.023282003000622678
6.47,-9.754744359149685,-10.030435927335407,31.528265718459878,0.022561843268495814
6.48,-9.778148971946164,-9.969881012281085,31.662535593620788,0.021755432458967487
6.49,-9.792975988445402,-9.89731128557379,31.788722820711104,0.020912315328940514
6.5,-9.79894186458736,-9.813659939521184,31.90504722912952,0.02008390262847061
6.51,-9.795888277326963,-9.720052067905476,32.009870506294675,0.019320267889963112
6.5200000000000005,-9.783787462416297,-9.617782955604104,32.101728755527496,0.018666998922340097
6.53,-9.762744731708123,-9.508291414881521,32.17936070336825,0.018162349873285636
6.54,-9.732998013210798,-9.393129161847071,32.24173055656276,0.017834915304478068
6.55,-9.69491437689877,-9.273927428422734,32.288044768600905,0.017702000540952105
6.5600000000000005,-9.648983633279249,-9.152362130726097,32.31776227924295,0.017768798190338424
6.57,-9.595809211768561,-9.030118954866973,32.330598114277564,0.018028407015489724
6.58,-9.53609663415996,-8.908859674569293,32.326520551755515,0.01846265514343128
6.59,-9.47063998800948,-8.79019088846361,32.30574235138005,0.01904362342008787
6.6000000000000005,-9.400306870403217,-8.675636171922815,32.26870678563924,0.019735713503329668
6.61,-9.326022311123301,-8.566612397550774,32.216069390313166,0.020498073474516074
6.62,-9.248752194751026,-8.4644107112324,32.148676460545346,0.021287182895122565
6.63,-9.169486684940226,-8.370182378670684,32.06754135592662,0.02205940809701998
6.640000000000001,-9.089224114038055,-8.284929460326897,31.973819649338257,0.02277336355823937
6.65,-9.008955741923195,-8.209500046783456,31.868784069805326,0.02339195150040787
6.66,-8.929651714759723,-8.144587603221925,31.75380006263172,0.02388399380588776
6.67,-8.852248473047883,-8.090733837348811,31.630302635304194,0.0242254127171153
6.68,-8.777637774438213,-8.048334421288027,31.49977498949131,0.0243999551799418
6.69,-8.706657415226731,-8.017646862167584,31.363729270803642,0.02439948704773672
6.7,-8.640083659359503,-7.998799822743779,31.223689609286346,0.02422390600369228
6.71,-8.578625318210142,-7.991803234844557,31.081177482497335,0.023880735625771445
6.72,-8.522919370354256,-7.99655861620044,30.93769931420938,0.023384468213305736
6.73,-8.473527969049622,-8.012869086925692,30.794736127367266,0.022755722252104277
6.74,-8.430936656271497,-8.04044867780864,30.653734999883767,0.02202027355112742
6.75,-8.395553585389935,-8.078930622158191,30.51610202453682,0.02120800907737211
6.76,-8.367709548852822,-8.127874421149667,30.383196446996706,0.020351841163531708
6.7700000000000005,-8.347658611185159,-8.186771565797198,30.25632564575095,0.01948660861217476
6.78,-8.335579159715142,-8.255049884586004,30.136740621254418,0.01864798147271341
6.79,-8.331575204159952,-8.332076563304874,30.025631676153544,0.017871378764631317
6.8,-8.335677780101909,-8.417159952485115,29.924123991570166,0.017190903666420624
6.8100000000000005,-8.347846339157318,-8.509550338426452,29.833272834465216,0.016638298896061617
6.82,-8.36797003915854,-8.608439906729545,29.754058166980055,0.016241926144572445
6.83,-8.395868879981139,-8.712962173259482,29.687378469937403,0.016025777258238654
6.84,-8.431294663949044,-8.822191197046818,29.63404363946027,0.016008530996041822
6.8500000000000005,-8.473931793345832,-8.935140922922336,29.594766868399397,0.016202677057861464
6.86,-8.523397950808228,-9.05076502827571,29.570155483605475,0.016613737970441106
6.87,-8.57924474062939,-9.167957667189656,29.56070077668079,0.017239628451931617
6.88,-8.64095839953605,-9.285555514614858,29.56676694007375,0.018070200003497287
6.890000000000001,-8.707960713479522,-9.402341510847906,29.588579302094054,0.019087024490796807
6.9,-8.77961030137749,-9.51705068943543,29.62621214268701,0.020263473051385452
6.91,-8.855204446343324,-9.62837843648286,29.679576464617803,0.021565144426511255
6.92,-8.933981668323693,-9.734991472878159,29.748408188799704,0.02295068848461487
6.93,-9.015125237648352,-9.835541770199159,29.832257333132436,0.02437305526555672
6.94,-9.097767825101188,-9.928683503990271,29.930478815189435,0.025781176813221077
6.95,-9.180997469101566,-10.013093014080873,30.04222558283146,0.02712205861479869
6.96,-9.263865012989623,-10.087491582186649,30.16644481471971,0.028343220855113503
6.97,-9.345393124196296,-10.15067065638501,30.301877935689014,0.029395389319793495
6.98,-9.424586951853511,-10.201518957512821,30.447065151337053,0.030235295254615786
6.99,-9.500446410662352,-10.239050704742507,30.600355114761157,0.030828407496469076
7.0,-9.571979998207453,-10.262434010328525,30.759920191591867,0.031151394112659984
7.01,-9.638219963288687,-10.271018333039219,30.92377758675165,0.031194100057885504
7.0200000000000005,-9.69823854848633,-10.26435976366354,31.089816342201587,0.030960836636302818
7.03,-9.751164936597116,-10.242242861400028,31.255829919647404,0.030470810759673488
7.04,-9.7962024443006,-10.204697781651458,31.419553762064687,0.029757577414402027
7.05,-9.832645434537584,-10.152011543849866,31.57870690465275,0.028867474423728577
7.0600000000000005,-9.85989536867715,-10.084732485757426,31.731036405016642,0.027857088119123442
7.07,-9.877475396939127,-10.003667233233859,31.874363111175516,0.02678989252468408
7.08,-9.885042895534365,-9.90986986769548,32.00662711022316,0.025732291799800217
7.09,-9.882399404177926,-9.804623374763645,32.12593112137793,0.02474936436096413
7.1000000000000005,-9.869497497855352,-9.689413877318938,32.23058012842554,0.023900647276119163
7.11,-9.846444238789674,-9.565898560632789,32.31911569194341,0.023236304541432024
7.12,-9.813500992318968,-9.435868552270884,32.39034363389446,0.022793990773409094
7.13,-9.771079545175933,-9.301208294402803,32.4433541280783,0.02259665599890914
7.140000000000001,-9.71973462601841,-9.163853117577325,32.47753363237422,0.022651445773963
7.15,-9.660153084781456,-9.025746779540745,32.492568529528526,0.02294974553424859
7.16,-9.593140128640664,-8.888800668428383,32.48844076709599,0.02346831221842777
7.17,-9.519603128644711,-8.754856196260635,32.46541617062857,0.024171342600705827
7.18,-9.44053359525535,-8.625651645639655,32.424026419499526,0.02501325669417614
7.19,-9.35698796889447,-8.502794406519056,32.36504590237955,0.025941932410717048
7.2,-9.270067882053816,-8.38773918120859,32.289464799659775,0.02690211626007806
7.21,-9.180900524503215,-8.281772374718827,32.19845977322419,0.02783875185174382
7.22,-9.090619687140208,-8.186002551305833,32.09336358878972,0.028700007587226472
7.23,-9.000347979460173,-8.101356548201423,31.97563486804205,0.02943983942643707
7.24,-8.91118061800503,-8.028580608573082,31.846828986512687,0.030019985608661443
7.25,-8.824171076298002,-7.96824573496533,31.708570919470816,0.030411350003379814
7.26,-8.740318778125753,-7.920756372261309,31.562530612000327,0.030594783243859627
7.2700000000000005,-8.660558912074169,-7.88636150043455,31.410401228139285,0.030561311921877544
7.28,-8.585754351135552,-7.865167242927168,31.25388043089464,0.030311894018973683
7.29,-8.516689580674827,-7.857150164990262,31.09465466926625,0.029856793455038378
7.3,-8.454066473279157,-7.862170535607534,30.934386305141015,0.029214669646903384
7.3100000000000005,-8.398501700877361,-7.8799849450617225,30.77470330346876,0.02841147171453172
7.32,-8.350525542735447,-7.910257797580227,30.617191132106747,0.02747921429247153
7.33,-8.310581831390156,-7.952571326547859,30.463386469773585,0.026454695633579925
7.34,-8.279028775575265,-8.006433902396957,30.314772297239863,0.025378201356503656
7.3500000000000005,-8.256140407711596,-8.071286516480217,30.172773943386318,0.024292220832532522
7.36,-8.242108421460753,-8.146507425870535,30.038755669472827,0.023240189331717134
7.37,-8.237044190149248,-8.231415033506234,29.914017397890888,0.022265258628394728
7.38,-8.24098078771166,-8.325269155920502,29.799791222692036,0.021409092323343752
7.390000000000001,-8.253874868598015,-8.427270898184817,29.697237376146877,0.020710679829999704
7.4,-8.27560830054702,-8.53656141421134,29.607439367330063,0.0202051646753165
7.41,-8.30598948322089,-8.652219881736197,29.53139805498577,0.019922688154429383
7.42,-8.344754325637995,-8.773261066368855,29.47002446820938,0.019887257958796332
7.43,-8.391566895501358,-8.89863288870388,29.42413124586147,0.020115662522159076
7.44,-8.446019793366045,-9.027214442550564,29.394422630530876,0.020616464680676003
7.45,-8.507634343577529,-9.157814939836177,29.38148302678207,0.021389121805274382
7.46,-8.575860731414647,-9.289174076681041,29.38576421762878,0.02242329258145898
7.47,-8.650078251074639,-9.41996432252699,29.407571428373892,0.023698401571834213
7.48,-8.729595860979554,-9.54879562610432,29.447048532914614,0.025183539840338637
7.49,-8.813653269989958,-9.674223003805865,29.504162812785417,0.026837781306723228
7.5,-8.901422798777768,-9.794757422680899,29.578689800375102,0.02861098816096205
7.51,-8.992012272815298,-9.908880306867461,29.670198859699504,0.03044516281990485
7.5200000000000005,-9.08446920492068,-10.015061878736025,29.77804027346217,0.03227637728450285
7.53,-9.177786513693231,-10.111783391806409,29.901334704359083,0.03403727298523433
7.54,-9.270909997208893,-10.197563121622412,30.038965970274127,0.03566007622254424
7.55,-9.362747737133333,-10.270985756664443,30.189578104521736,0.037080018719671676
7.5600000000000005,-9.452181545763976,-10.330734581737634,30.351577650756333,0.03823899408317655
7.57,-9.538080487320054,-10.375625583553665,30.523142055921255,0.039089225414091724
7.58,-9.619316406381765,-10.404642349715019,30.702234864934567,0.03959667465338725
7.59,-9.694781283787218,-10.41697039952088,30.88662818384465,0.03974389880671183
7.6000000000000005,-9.763406118488707,-10.41202940229754,31.07393256676487,0.039532059697190466
7.61,-9.824180909705191,-10.389501631316412,31.26163410696371,0.038981827982505636
7.62,-9.876175195686168,-10.349354991562262,31.447138093783217,0.03813299089843447
7.63,-9.918558503139291,-10.291859064861818,31.62781816268909,0.037042673812716226
7.640000000000001,-9.950619984805341,-10.217592844544507,31.801069450457273,0.03578221008593944
7.65,-9.971786481034002,-10.127443180698796,31.964363909576328,0.034432828845397556
7.66,-9.9816382419572,-10.02259340993703,32.11530567307907,0.033080459436586614
7.67,-9.979921594516528,-9.904502171147476,32.25168422548735,0.03181005671909244
7.68,-9.966557933953043,-9.774872970825397,32.37152314951893,0.03069991703064914
7.69,-9.941648558913384,-9.63561561103774,32.47312238990503,0.029816469363384036
7.7,-9.90547504528069,-9.488801080983674,32.55509229727356,0.02920998600201284
7.71,-9.858495054663654,-9.336611894841596,32.61637816270298,0.02891156568491555
7.72,-9.80133368492646,-9.181290099492147,32.65627448970558,0.02893161211617124
7.73,-9.734770676698364,-9.025085255543297,32.67442882824003,0.02925987898974612
7.74,-9.65972397630236,-8.870204610467404,32.67083556454978,0.029866999889490244
7.75,-9.577230308771245,-8.718767447062776,32.64582057350404,0.030707287005859545
7.76,-9.488423524629077,-8.572765231872134,32.60001805724525,0.031722482103868084
7.7700000000000005,-9.39451154510797,-8.43402874494833,32.53434118823924,0.03284608595711894
7.78,-9.296752741131908,-8.304202887814666,32.449948333661794,0.03400788084585308
7.79,-9.196432544690929,-8.184729383574867,32.34820666324191,0.035138290435938316
7.8,-9.09484101369952,-8.076837139662308,32.230654848496044,0.03617228311739497
7.8100000000000005,-8.993251962205898,-7.981539668816151,32.098966371180424,0.03705260654402968
7.82,-8.892904137423328,-7.899638676182009,31.95491470140797,0.037732229974746075
7.83,-8.794984784269435,-7.8317327278781255,31.80034131111532,0.038175955752958596
7.84,-8.700615796953468,-7.778229817247053,31.637127184184127,0.038361233273743654
7.8500000000000005,-8.610842524172094,-7.739362630044394,31.46716819370126,0.038278262818420984
7.86,-8.526625176227228,-7.715205364619807,31.292354456805615,0.037929510728927585
7.87,-8.44883268329308,-7.705691070757871,31.11455355919316,0.037328772385276154
7.88,-8.378238776493118,-7.710628613934479,30.93559736960451,0.03649991817547305
7.890000000000001,-8.315520007939893,-7.729718534320305,30.757272039538385,0.03547544408600175
7.9,-8.261255391521225,-7.762567238424339,30.58131070139552,0.03429492703230896
7.91,-8.215927331013383,-7.8086991253901985,30.409388333300083,0.03300345969337132
7.92,-8.17992350344456,-7.8675664024096115,30.243118243883877,0.03165011388386298
7.930000000000001,-8.153539380607876,-7.938556480256573,30.08404963814262,0.030286458046376367
7.94,-8.136981097320259,-8.020996958868961,29.933665749490416,0.0289651350878911
7.95,-8.130368408745344,-8.114158314493391,29.793382057860306,0.027738492579068137
7.96,-8.133737518504303,-8.217254485843817,29.664544155004855,0.02665724873638688
7.97,-8.147043602474747,-8.329441629520653,29.548424863374194,0.025769174628616914
7.98,-8.170162898652286,-8.449815377440899,29.446220262828316,0.025117775409378464
7.99,-8.20289428015868,-8.577406983979783,29.359044329982513,0.024740960609602083
8.0,-8.244960275703036,-8.711178800184303,29.287921949266266,0.024669705034389616
8.01,-8.296007549064646,-8.850019558269883,29.23378011470086,0.024926716887532886
8.02,-8.355606896132548,-8.992739992100747,29.197437209424397,0.025525147529232267
8.03,-8.42325286438811,-9.138069357696084,29.179590328802714,0.026467396669802582
8.040000000000001,-8.498363145023498,-9.284653449834922,29.18080070511991,0.02774408641573661
8.05,-8.580277931486563,-9.431054732942556,29.201477399354903,0.029333295627010085
8.06,-8.668259479117342,-9.57575521160098,29.241859549411387,0.03120016029719975
8.07,-8.761492137234413,-9.717162651947929,29.30199760382341,0.03329695350748095
8.08,-8.8590831555742,-9.853620722709294,29.38173412276168,0.035563757034395224
8.09,-8.960064588895829,-9.983423546082705,29.48068488885876,0.03792982300192773
8.1,-9.063396633881414,-10.104835027038714,29.598221230668837,0.04031569555754466
8.11,-9.167972727898249,-10.216113159221903,29.73345460995656,0.042636117875895066
8.120000000000001,-9.27262671635957,-10.315539283700128,29.88522464583062,0.04480368892072645
8.13,-9.376142351185267,-10.401452004706625,30.052091826831546,0.04673315965873044
8.14,-9.47726531477276,-10.4722851511966,30.23233617790235,0.048346174933423046
8.15,-9.574717870701857,-10.52660882811922,30.42396308457497,0.049576183066779994
8.16,-9.667216124638152,-10.56317224762917,30.624717316338767,0.05037316122748575
8.17,-9.753489739364383,-10.580946695775834,30.832106025250642,0.05070775316911494
8.18,-9.832303792010123,-10.579166707724694,31.043431123138106,0.05057439964627367
8.19,-9.902482297620468,-10.557367330247263,31.255830971047644,0.049993071048349665
8.2,-9.962932762072349,-10.51541527884376,31.46633077044172,0.04900929229058105
8.21,-10.012670981905787,-10.453531877197614,31.6719004624884,0.04769228062080034
8.22,-10.050845192789936,-10.372305916307836,31.869518366187283,0.046131188292305954
8.23,-10.076758595615031,-10.272694991454124,32.05623827183439,0.04442963628013109
8.24,-10.08988927110914,-10.156014450113993,32.22925730864479,0.04269891809898827
8.25,-10.089906538273283,-10.023913776475617,32.385981673699575,0.04105041695708239
8.26,-10.076682921560428,-9.878340994303146,32.52408728015038,0.03958788918266899
8.27,-10.05030106330588,-9.721496423491207,32.6415725727887,0.038400302870434645
8.28,-10.011055141898604,-9.555777806120146,32.73680116227286,0.037555874451466534
8.290000000000001,-9.959446617357672,-9.383719359225609,32.80853251503061,0.03709782170173712
8.3,-9.896174404895612,-9.207927661364417,32.8559396525521,0.03704216640796886
8.31,-9.822119852073438,-9.031017406605793,32.87861359512085,0.03737769995902766
8.32,-9.738327144859067,-8.855549955810925,32.87655505853701,0.038068001728191365
8.33,-9.645979973471798,-8.683977299147104,32.85015460894729,0.03905520351993077
8.34,-9.546375436123702,-8.518593555647985,32.8001630433618,0.040265047681129054
8.35,-9.440896239402472,-8.36149553060634,32.72765415301541,0.041612706037586884
8.36,-9.33098226629844,-8.21455319229501,32.633982226192174,0.04300881472665925
8.370000000000001,-9.218102531121755,-8.079390277550216,32.520736660629424,0.04436522902451054
8.38,-9.103728434243214,-7.957374644488118,32.38969590553096,0.04560009747358744
8.39,-8.989309081748338,-7.849617500127801,32.242782674916405,0.046641976965685825
8.4,-8.876249260561828,-7.756980265223432,32.08202200972064,0.047432840483317994
8.41,-8.765890473344637,-7.680087606624038,31.909503358785283,0.047929950136700206
8.42,-8.659495253146895,-7.619345063663933,31.72734743760129,0.04810666773906618
8.43,-8.558234806734855,-7.574959703685186,31.53767823980488,0.04795234658014347
8.44,-8.463179886092908,-7.546962340497199,31.342600242204103,0.04747148950950428
8.45,-8.375294665141782,-7.535230013293843,31.14418057229803,0.04668237223626902
8.46,-8.295433305624549,-7.5395076275734905,30.944435702168864,0.04561532193166
8.47,-8.224338832342394,-7.559427881959316,30.745322091853485,0.04431081618223236
8.48,-8.162643901527073,-7.594528827653546,30.54873012167989,0.04281753265732426
8.49,-8.11087303388564,-7.644268617472452,30.356480616689815,0.041190441424746545
8.5,-8.069445891803243,-7.708037190570459,30.17032326625781,0.03948899440804488
8.51,-8.038681204179827,-7.785164802817591,29.99193626779507,0.03777543341666863
8.52,-8.018800978407395,-7.8749274505021924,29.822926565706812,0.036113211603128775
8.53,-8.009934683497706,-7.976549348300218,29.664830108098258,0.03456550414058033
8.540000000000001,-8.012123138369015,-8.089202714699356,29.519111598715423,0.03319377260480639
8.55,-8.025321892477105,-8.212005193649805,29.387163276968284,0.03205634370258656
8.56,-8.049403940667315,-8.344015304784966,29.270302313269312,0.031206966048079196
8.57,-8.08416166926008,-8.48422637052186,29.169766460701716,0.030693317969527914
8.58,-8.129307985384074,-8.63155942044069,29.086707659023112,0.030555454121732377
8.59,-8.184476636221572,-8.784855624246022,29.022183346167235,0.030824198255748423
8.6,-8.249221779128039,-8.942868855681049,28.977145299504652,0.03151951304041334
8.61,-8.323016917583033,-9.104259040757348,28.95242590840729,0.032648904315730726
8.620000000000001,-8.405253371559484,-9.267586992517687,28.948721875439766,0.03420594519260079
8.63,-8.495238503815498,-9.43131147723371,28.966575459667045,0.036169033067010775
8.64,-8.592193975019475,-9.593789287366246,29.006353515027683,0.038500517283712246
8.65,-8.695254349116901,-9.75327910670353,29.068224740711223,0.04114635351822156
8.66,-8.80346641381459,-9.907949933035757,29.152135747796173,0.044036448925194836
8.67,-8.915789616580165,-10.055894762534711,29.257786752600605,0.047085855280774525
8.68,-9.031098040425288,-10.195150126409697,29.38460792379932,0.0501969413433837
8.69,-9.1481843515711,-10.323721894140185,29.531737624287505,0.05326262689154566
8.700000000000001,-9.265766138051138,-10.43961751108382,29.698003982092082,0.056170687560110386
8.71,-9.382495019510955,-10.54088451870324,29.881911374906974,0.058809042749271956
8.72,-9.496968839548163,-10.625654817137931,30.08163349421764,0.061071823497850786
8.73,-9.607747149758357,-10.692193685407254,30.295014640304075,0.06286589289582446
8.74,-9.713370058104104,-10.738952097630287,30.51958076321682,0.06411737265691575
8.75,-9.812380345063778,-10.764620398599607,30.7525614873295,0.0647776339706771
8.76,-9.903348554587266,-10.768180972895005,30.990923928657313,0.06482815852855141
8.77,-9.984900552568547,-10.74895720920945,31.23141853971032,0.06428368503298633
8.78,-10.05574682678437,-10.706655878037656,31.470636519138402,0.0631931404879215
8.790000000000001,-10.114712595996457,-10.64140005346267,31.705077545304448,0.06163801761476134
8.8,-10.160767621423686,-10.553749952470191,31.931225795043442,0.0597280907782962
8.81,-10.19305449076603,-10.44470955122404,32.145631465916004,0.05759464013889811
8.82,-10.210914091230537,-10.31571755346916,32.34499441292947,0.055381642733178846
8.83,-10.213907016987456,-10.168622188603145,32.52624611524514,0.05323564799302151
8.84,-10.201829774832873,-10.0056403350902,32.686626065166266,0.05129524201077163
8.85,-10.174724857738964,-9.829302506702412,32.82374885458462,0.0496810860716307
8.86,-10.132884038433719,-9.642386202219408,32.93565872300694,0.04848747267527245
8.870000000000001,-10.07684457452876,-9.447840904786396,33.020869089779914,0.0477761787540521
8.88,-10.007378386564586,-9.248708543731437,33.07838555150299,0.04757313398685057
8.89,-9.925474640339191,-9.048043447262527,33.10771188987467,0.047868101470251015
8.9,-9.83231650437632,-8.848835703788986,33.10883970002276,0.04861723688531947
8.91,-9.729253135037673,-8.653941435424054,33.08222321271496,0.04974809853317109
8.92,-9.617768144698523,-8.466022825747546,33.02874166073415,0.05116646273983776
8.93,-9.499445920278957,-8.287499915185158,32.94965207238193,0.052764180136578354
8.94,-9.375937177383538,-8.120515272759167,32.84653563827113,0.05442729316655187
8.950000000000001,-9.248925065467542,-7.966911762214809,32.72124079826039,0.05604371219038258
8.96,-9.120092995350186,-7.828222820597419,32.575825967792795,0.057509892907419015
8.97,-8.991095160659091,-7.705674014762154,32.41250442022566,0.05873614145129364
8.98,-8.86353049049677,-7.600194168552967,32.23359332651598,0.05965036532269655
8.99,-8.738920522780186,-7.512434069420885,32.04146838851724,0.060200262900437215
9.0,-8.618691445173603,-7.442790656947276,31.838524942535198,0.060354083935594896
9.01,-8.504160328561813,-7.391434641368357,31.627145898946743,0.06010018912881749
9.02,-8.396525387484981,-7.358339663510182,31.409676450601445,0.05944568745071958
9.03,-8.296859949293081,-7.343311351453549,31.188405142319674,0.05841444017204613
9.040000000000001,-8.206109701307176,-7.346014918438633,30.965550648823907,0.057044699262571136
9.05,-8.125092711964257,-7.3660002506194235,30.7432534523472,0.05538660507669477
9.06,-8.054501684262256,-7.402723728607957,30.52357153130401,0.05349971400632654
9.07,-7.994907892731626,-7.455566296826992,30.308479152010328,0.05145066954202959
9.08,-7.946766272808257,-7.523847529828778,30.099867880075024,0.04931107638350282
9.09,-7.910421167961289,-7.606835641055114,29.899548981481928,0.04715559115067652
9.1,-7.886112289753556,-7.7037535376722595,29.709256452587134,0.04506020719050979
9.11,-7.873980504448369,-7.813781149009961,29.530649993218084,0.04310068574655838
9.120000000000001,-7.874073123018799,-7.936054351691345,29.365317310795106,0.041351071107246645
9.13,-7.88634843664115,-8.069660888688235,29.214775211849833,0.039882222433145195
9.14,-7.9106793050819615,-8.2136337393867,29.080468999067598,0.03876029872062354
9.15,-7.946855669775294,-8.366942449961941,28.963769747870238,0.03804514475788924
9.16,-7.994585926482994,-8.528482983665086,28.86596908929151,0.03778854409924676
9.17,-8.053497154400933,-8.697066703419193,28.788271179690554,0.0380323293242414
9.18,-8.123134259910465,-8.871409157157851,28.731781598057808,0.038806369533101716
9.19,-8.20295815449058,-9.05011940040809,28.69749298443709,0.04012648941736455
9.200000000000001,-8.292343148126609,-9.231690659252877,28.686267324843058,0.04199241222440271
9.21,-8.390573802089389,-9.414493205996035,28.698814905406167,0.04438585873397956
9.22,-8.496841547893077,-9.596770382799944,28.735670106988085,0.04726897325844422
9.23,-8.61024144149248,-9.776638755567756,28.797164395278998,0.05058328175868347
9.24,-8.729769481313541,-9.952093398851352,28.88339708194979,0.05424941125551177
9.25,-8.854320972362666,-10.121019287592148,28.994204687592102,0.05816780749697541
9.26,-8.982690462058404,-10.281209686450609,29.129130019757977,0.06222067233511034
9.27,-9.113573801013994,-10.43039226557661,29.287392376061028,0.06627529669786283
9.28,-9.245572887217733,-10.566263418034639,29.467860572622374,0.07018888416022995
9.290000000000001,-9.377203627763354,-10.686530898462408,29.669030754414695,0.07381484187602066
9.3,-9.50690759138431,-10.78896444249626,29.88901113193103,0.07701036304406013
9.31,-9.633067721417325,-10.87145347088799,30.12551586913628,0.07964494789616391
9.32,-9.754028328430952,-10.932070354217835,30.375870280901776,0.08160932584766076
9.33,-9.868119383938136,-10.969137053089007,30.637029248340795,0.08282407474815161
9.34,-9.973684895312909,-10.981292310362454,30.90561030265918,0.08324711414057809
9.35,-10.06911486681043,-10.967556025619697,31.17794215517459,0.08287920914727685
9.36,-10.152880058116965,-10.92738706450676,31.450128580300962,0.0817666861664465
9.370000000000001,-10.2235684616351,-10.860730622218487,31.718126535640828,0.08000074524945709
9.38,-10.27992215882066,-10.768051433197604,31.977836304559318,0.07771305298708041
9.39,-10.320873012686723,-10.650349634445115,32.2252003727459,0.07506768822515938
9.4,-10.345575535480362,-10.509156947113398,32.45630681787128,0.07224994383534318
9.41,-10.35343526017343,-10.34651199588334,32.66749231792826,0.06945289831277146
9.42,-10.34413105589006,-10.164914949229585,32.8554395697506,0.06686299335470473
9.43,-10.317630063146337,-9.967263110162163,33.01726402056287,0.06464602852787252
9.44,-10.274194273797656,-9.756770468277992,33.150585369806784,0.06293497429249913
9.450000000000001,-10.214378218563693,-9.536875390071717,33.25358025816754,0.06182080409562584
9.46,-10.139017716493449,-9.311141446229938,33.325013834933266,0.06134718334084814
9.47,-10.049210143215726,-9.08315676358175,33.36424935152832,0.061509385427329095
9.48,-9.946287143945257,-8.856437211274729,33.37123641413825,0.06225730785267756
9.49,-9.831781112431734,-8.634338209857107,33.34647988852111,0.0635020116555929
9.5,-9.707387046600548,-8.41997906528321,33.290992555128945,0.06512486897466453
9.51,-9.574921556142389,-8.216182592945762,33.20623537245367,0.06698821540656195
9.52,-9.436280831293118,-8.025431544295177,33.09404958031104,0.06894637595834212
9.53,-9.293399293452085,-7.849842113623425,32.9565848714468,0.07085604806804573
9.540000000000001,-9.14821045617508,-7.691153699180823,32.79622753022535,0.07258524466580644
9.55,-9.002611256094497,-7.550733203587495,32.61553186100698,0.07402027683795509
9.56,-8.858430797673698,-7.429591529303909,32.417157499545105,0.07507054180963682
9.57,-8.717404123326734,-7.328409565719272,32.203814410925034,0.07567113835473996
9.58,-8.581151297855117,-7.247570855309149,31.978216607581494,0.07578353192162454
9.59,-8.451161804386679,-7.187198226364523,31.743044931760497,0.07539462333425218
9.6,-8.328784002540441,-7.147191936638503,31.500918677270587,0.07451463795452316
9.61,-8.215219206324488,-7.12726723084021,31.254375393101476,0.07317425589363426
9.620000000000001,-8.11151980139831,-7.126989624272979,31.005857916301093,0.07142136272865943
9.63,-8.018590736232172,-7.1458066426256135,30.7577075102316,0.06931773039004718
9.64,-7.937193683519976,-7.183075142184613,30.512161915845102,0.06693585454815315
9.65,-7.867953169157971,-7.238083684653806,30.271357133349763,0.06435609028049112
9.66,-7.811363997640892,-7.310069735325808,30.037331815086485,0.061664150875875304
9.67,-7.767799356473469,-7.398231689616741,29.812033245646706,0.05894897067565979
9.68,-7.7375190505985385,-7.501735914060989,29.597323994215078,0.05630088425625532
9.69,-7.720677394578948,-7.619719120930715,29.39498843330375,0.053810041219732235
9.700000000000001,-7.717330370423357,-7.751286490195681,29.206738418415668,0.05156495719962412
9.71,-7.727441739028399,-7.895506019038203,29.03421750975958,0.04965109557108081
9.72,-7.75088787106589,-8.051399627997958,28.879003188461027,0.048149378852054045
9.73,-7.787461137781668,-8.217931593679038,28.74260657718153,0.04713454225625157
9.74,-7.836871773553048,-8.393994919169101,28.626469222417953,0.04667326314914869
9.75,-7.898748190858425,-8.578396301618083,28.531956538623486,0.04682202860692311
9.76,-7.972635795711378,-8.769840416571999,28.46034755978164,0.047624738602097226
9.77,-8.057994419004801,-8.966914313159686,28.412820700449995,0.049110084378106184
9.78,-8.154194547981255,-9.168072802963955,28.390435304667122,0.051288789927398146
9.790000000000001,-8.260512613289555,-9.371625825203878,28.39410886697118,0.05415085806816504
9.8,-8.376125661328958,-9.57572887504344,28.424589954389162,0.05766301915967508
9.81,-8.50010581847413,-9.778377679833444,28.48242704983004,0.061766636082951604
9.82,-8.631415031792573,-9.977408385097307,28.56793378182161,0.06637636778325416
9.83,-8.768900647021164,-10.170504549118693,28.681151305178844,0.0713799272822742
9.84,-8.911292454165709,-10.355212219464242,28.821808948611327,0.07663927854645465
9.85,-9.057201887598579,-10.52896425168209,28.989284637529472,0.08199358875368812
9.86,-9.205124102639337,-10.689114804595567,29.182567012987775,0.08726417756289946
9.870000000000001,-9.353443654514258,-10.8329845860431,29.400221569529133,0.09226157490649084
9.88,-9.50044446766856,-10.95791691310722,29.6403634831409,0.09679461119272925
9.89,-9.64432469322059,-11.061343990059575,29.90064004309829,0.10068122505039179
9.9,-9.783216901131576,-11.140862011800673,30.178225679190234,0.10376040184653564
9.91,-9.915213836115198,-11.194312809685947,30.469832429427495,0.10590438197997382
9.92,-10.038399682582233,-11.219868834950873,30.771738272036178,0.1070300438618867
9.93,-10.150886441513059,-11.216117411725152,31.079835017817448,0.10710822208567644
9.94,-10.250854637343235,-11.182139495080687,31.389696423898556,0.10616971501511896
9.950000000000001,-10.336597171244113,-11.117577755783069,31.696665886962347,0.10430690425522066
9.96,-10.406564752452375,-11.022688790170822,31.9959615884737,0.10167026372212154
9.97,-10.459411011263255,-10.898374700758643,32.282795425764306,0.09845955747134821
9.98,-10.494035167335364,-10.746190243132629,32.552500634625325,0.0949101552470609
9.99,-10.50962003263486,-10.56832315690768,32.80066186951476,0.09127554291674944
10.0,-10.505663197397801,-10.36754709263159,33.02324082322463,0.08780766365262135
10.01,-10.481999492237321,-10.147148547719038,33.21669036485304,0.08473709051506145
10.02,-10.438813233007679,-9.910831221815537,33.378050712695064,0.08225512495116757
10.03,-10.376639309817223,-9.662602967808992,33.50502231374998,0.08049970876964427
10.040000000000001,-10.29635283179107,-9.406651840265006,33.59601176514046,0.07954655634390587
10.05,-10.199147725782977,-9.147218472827982,33.65014910419822,0.07940623894972669
10.06,-10.086505345672183,-8.888472073571464,33.667276888152465,0.08002719991757179
10.07,-9.960154717814163,-8.634396726359387,33.64791344742525,0.08130397360424206
10.08,-9.822026477702865,-8.388693526319036,33.593194322586136,0.0830893322829075
10.09,-9.674202810571728,-8.154702523101061,33.504797035940044,0.08520876421199801
10.1,-9.518865782839743,-7.935346696476343,33.3848549316643,0.0874756162999088
10.11,-9.358246350801348,-7.73309844683287,33.235865848453265,0.08970539220528062
10.120000000000001,-9.194576083821525,-7.549967522851598,33.06060093790616,0.0917280227181685
10.13,-9.030043279525973,-7.38750805682237,32.86201812917378,0.0933973433922965
10.14,-8.86675472177981,-7.246841504331007,32.64318370652471,0.09459744794820894
10.15,-8.706703882058585,-7.128691803305391,32.40720435106927,0.09524597183858091
10.16,-8.551745929426827,-7.033428945493864,32.15717092086447,0.09529465694956284
10.17,-8.403579523685774,-6.9611173274955105,31.896114294213955,0.09472773737183943
10.18,-8.26373504043663,-6.9115656383468105,31.626972833654026,0.0935587694189236
10.19,-8.133568626175775,-6.884375563767611,31.352570464701127,0.09182652290077992
10.200000000000001,-8.014261307907057,-6.878987168701468,31.075603999119057,0.08959047912853954
10.21,-7.906822280299902,-6.8947193991793725,30.798638143731253,0.08692637010118139
10.22,-7.81209545481903,-6.930804678089615,30.52410658845358,0.08392206615330712
10.23,-7.730768367724305,-6.9864170300837545,30.254317623296302,0.08067399432841714
10.24,-7.663382594877835,-7.060693546024719,29.99146285706428,0.07728415926357309
10.25,-7.610344898963021,-7.152749285932328,29.73762776865416,0.07385774920768563
10.26,-7.571938428523182,-7.261685928248012,29.494802989993616,0.07050124417426472
10.27,-7.54833338959892,-7.386594614440736,29.26489537951815,0.06732090017650734
10.28,-7.539596713217882,-7.5265535261174845,29.04973808488876,0.06442146017300718
10.290000000000001,-7.545700341156123,-7.680620782230712,28.85109890732117,0.061904935210825324
10.3,-7.566527845697461,-7.847823271512615,28.670686365936824,0.059869304869523715
10.31,-7.601879185611012,-8.0271420534182,28.510152921088135,0.05840700175690512
10.32,-7.651473480585808,-8.217494981364155,28.37109485558235,0.05760306873007911
10.33,-7.714949761231543,-8.417717234617365,28.25504833923905,0.05753290898318972
10.34,-7.7918657234945154,-8.626540497299914,28.163481224149656,0.05825958830512592
10.35,-7.881694587369312,-8.842571599661154,28.09778014576043,0.05983069638942004
10.36,-7.98382023264677,-9.064271540237174,28.05923255018756,0.062274830914954636
10.370000000000001,-8.097530861477598,-9.289935936670725,28.04900334378594,0.06559783457631105
10.38,-8.222011520583582,-9.517678102709153,28.06810598039183,0.06977899050446472
10.39,-8.356335905965617,-9.745416109366907,28.117367978254862,0.07476746277379089
10.4,-8.499457969597811,-9.970865343995035,28.19739110467243,0.0804793503452949
10.41,-8.650203948785194,-10.191538210413535,28.30850679102797,0.08679579580791479
10.42,-8.807265540354159,-10.404752688334016,28.450727748368525,0.09356264186362591
10.43,-8.969195036846674,-10.607651457268064,28.623697239779258,0.1005921424775619
10.44,-9.13440332082964,-10.797233151246775,28.82663801522434,0.10766719373508137
10.450000000000001,-9.301161663994604,-10.970397007621003,29.05830349732682,0.11454843399061244
10.46,-9.46760828529052,-11.124001672201407,29.316934375943237,0.12098436062261272
10.47,-9.631760570961218,-11.254938201876962,29.60022426088393,0.12672431799309325
10.48,-9.79153373341615,-11.360216362518099,29.905298375613146,0.13153383956388393
10.49,-9.944766472331526,-11.437062181193618,30.228709360246487,0.1352114078608759
10.5,-10.089253892739652,-11.483023440635955,30.566454000061768,0.13760528215220325
10.51,-10.222787532257703,-11.496078503840588,30.91401403154792,0.13862870732096755
10.52,-10.343201865787028,-11.474742669010606,31.266423060156775,0.13827164041337356
10.53,-10.448426117414808,-11.418165348465068,31.618360062104795,0.1366071901787629
10.540000000000001,-10.536539656401038,-11.326210915841703,31.964268012661353,0.1337913105916373
10.55,-10.605828739730375,-11.199516229623201,32.29849403396946,0.13005492726940712
10.56,-10.654841947937967,-11.039518720316698,32.61544530182291,0.12568855151395875
10.57,-10.682441404166838,-10.84845054231945,32.90975305345443,0.12102043441804564
10.58,-10.68784682013926,-10.629296553414584,33.17643566703901,0.11639027007521696
10.59,-10.67066960995199,-10.385716599561222,33.411051171724644,0.11212119307670942
10.6,-10.630934759957563,-10.121935462996056,33.60982984517484,0.10849317622208424
10.61,-10.569088816194713,-9.842606537520698,33.76977879505231,0.10572082910140704
10.620000000000001,-10.485993195145328,-9.55265748733829,33.88875249686596,0.10393802753672766
10.63,-10.382902959700605,-9.257127545917832,33.96548594203514,0.10319086406891176
10.64,-10.261432136769761,-8.961006549750728,33.999590014831,0.10343927200001596
10.65,-10.123507491972155,-8.669085248014024,33.991511606253596,0.10456654593286922
10.66,-9.971313339272994,-8.385824993257666,33.94246345235149,0.10639505303105887
10.67,-9.80723039228272,-8.115252825917985,33.85433049759971,0.10870583916731923
10.68,-9.633771832960973,-7.860885512449793,33.729560587938984,0.11125964128116211
10.69,-9.453519688215204,-7.625683594970307,33.5710474747021,0.11381699858878655
10.700000000000001,-9.26906429876816,-7.4120342370456545,33.38201355309877,0.11615562336602517
10.71,-9.082949191103317,-7.221759811970847,33.16589864073888,0.11808382404799195
10.72,-8.897623085992663,-7.056147893462405,32.92625963693921,0.11944944230928428
10.73,-8.715400160455513,-6.9159976018023,32.66668430787188,0.12014436556324523
10.74,-8.538429081136618,-6.80167708457672,32.390720902062334,0.12010513667426326
10.75,-8.3686707906383,-6.713187172704744,32.10182395287033,0.11931047274620915
10.76,-8.207884583946614,-6.650226826315277,31.803315551699583,0.11777662799933328
10.77,-8.057621674559565,-6.612256744943031,31.49836060838634,0.11555151933658524
10.78,-7.919225221182834,-6.598558349692032,31.189954142611448,0.11270841699965747
10.790000000000001,-7.7938356579906305,-6.608286161961552,30.880918433011097,0.10933982876365272
10.8,-7.682400130071012,-6.640512341460132,30.573907834409532,0.10555201150838463
10.81,-7.585684863086818,-6.694262768808339,30.27141919946805,0.10146035693136846
10.82,-7.504289373969334,-6.768544550168218,29.975806053924227,0.09718573680812462
10.83,-7.438661540386952,-6.862365184714828,29.689294927872034,0.09285176657384332
10.84,-7.3891126759411,-6.974743883229616,29.41400250323082,0.08858285591939981
10.85,-7.355831893664058,-7.104715676943241,29.15195247447941,0.08450285854001345
10.86,-7.338899173680011,-7.251329032049083,28.905091220389455,0.08073410449140032
10.870000000000001,-7.3382966760513355,-7.413637709292982,28.675301541366107,0.07739659131927039
10.88,-7.353917953684448,-7.590687600542237,28.46441382873595,0.07460711823849159
10.89,-7.385574821710972,-7.781499253806673,28.274214102065205,0.07247816645021327
10.9,-7.433001729725201,-7.985046780802812,28.106448384716284,0.07111635520277515
10.91,-7.495857563706799,-8.200233840186035,27.962822895062363,0.0706203362186576
10.92,-7.573724878399883,-8.425867415853675,27.844999521618607,0.07107802905713467
10.93,-7.666106631989777,-8.660630171541623,27.75458603700973,0.07256314859493172
10.94,-7.772420567065515,-8.903052265885114,27.693120502047467,0.07513103561817158
10.950000000000001,-7.891991459036117,-9.151483658613772,27.66204933287541,0.0788138751823427
10.96,-8.024041539008882,-9.404068127081187,27.662698568551995,0.08361547681427982
10.97,-8.167679495541584,-9.658720436319177,27.696238002459307,0.08950589586602709
10.98,-8.321888570349666,-9.91310835226201,27.76363804811004,0.09641629334327785
10.99,-8.485514386917066,-10.164641435803457,27.865619517030037,0.1042345548157334
11.0,-8.657253285537244,-10.410468774796454,28.002596908934336,0.11280230437559836
11.01,-8.835642078000387,-10.647487961874877,28.174616361188384,0.12191403741511149
11.02,-9.019050270588384,-10.87236765839735,28.381290073114254,0.1313191304534044
11.03,-9.205675921667774,-11.0815859418868,28.62172979210265,0.1407274372966311
11.040000000000001,-9.393546382104136,-11.271486256530657,28.89448278182143,0.14981901824004112
11.05,-9.580525191300163,-11.438352119425947,29.197474520763134,0.1582582490695342
11.06,-9.764326344825719,-11.578500741585403,29.527963106290066,0.16571211091586288
11.07,-9.942536987350854,-11.688394394785917,29.882510843680695,0.17187188747217635
11.08,-10.112649296536759,-11.764766730628054,30.256978642836426,0.1764768434703297
11.09,-10.272101897526808,-11.804759431931904,30.64654848803603,0.17933781598456128
11.1,-10.418330584879754,-11.806062708642642,31.04577827271402,0.18035813914491722
11.11,-10.548827448494489,-11.76705146146488,31.448691639215767,0.17954908046083987
11.120000000000001,-10.661206743029625,-11.686907689985135,31.848903154145574,0.1770371183225234
11.13,-10.753275069208193,-11.56571919023784,32.23977631245698,0.17306101217212833
11.14,-10.82310273135759,-11.404545002438606,32.614608743999355,0.16795770242035946
11.15,-10.869092590042591,-11.205439572099289,32.96683594433263,0.162137513405327
11.16,-10.890042431122621,-10.971430172936682,33.29024227978795,0.15605070278031255
11.17,-10.885196895270452,-10.706445630545316,33.579166336169266,0.15014881782203246
11.18,-10.854285394973948,-10.415198432696366,33.828687222937404,0.14484528795902119
11.19,-10.79754318548553,-10.103026434520311,34.034779387854094,0.14047997456424044
11.200000000000001,-10.715713799416115,-9.775704026849064,34.19442581271366,0.13729191742712862
11.21,-10.610032303930316,-9.439235334282682,34.3056829025087,0.13540333261497758
11.22,-10.482190164572255,-9.099643379875983,34.367694517457366,0.1348162542178011
11.23,-10.334283757388736,-8.762769032699344,34.380656889821445,0.13542139829639635
11.24,-10.168749627237755,-8.434092010889273,34.34574006503967,0.13701720453393318
11.25,-9.988290340718692,-8.118583524170768,34.264974547355095,0.13933585759286943
11.26,-9.795795166898598,-7.8205967315011105,34.1411137151894,0.1420725596295946
11.27,-9.594259827637694,-7.543797547157216,33.97748320155825,0.14491442708159968
11.28,-9.386709228016688,-7.291134909587354,33.77782790199093,0.14756600303269973
11.290000000000001,-9.176126478049683,-7.0648467898640135,33.54616581704729,0.14976931749524725
11.3,-8.965390742122707,-6.866496179318522,33.28665588306002,0.15131747655917532
11.31,-8.757225599866858,-6.697030130935093,33.0034846344836,0.152061729680126
11.32,-8.554158760122586,-6.556854581995549,32.70077427649771,0.15191272281603863
11.33,-8.358493208696565,-6.445918012880366,32.38251275455517,0.15083713231924445
11.34,-8.172289238249192,-6.363797809011724,32.05250482638747,0.14885109003807467
11.35,-7.997356329136503,-6.309784291965449,31.714342024573845,0.14601179690006566
11.36,-7.835253527325578,-6.282958594863794,31.37138872863436,0.14240854591869195
11.370000000000001,-7.687296788085244,-6.282261736976478,31.02678128278827,0.13815410606647452
11.38,-7.554571700438066,-6.306553307282353,30.683437112699874,0.1333771172614071
11.39,-7.437950050749624,-6.354659042318171,30.344071019349254,0.1282158598856555
11.4,-7.338108796830103,-6.4254072601186145,30.01121617521025,0.12281351866192934
11.41,-7.255550181061503,-6.517654594919928,29.687247746301228,0.1173148737439818
11.42,-7.190621890674511,-6.630301788376014,29.374407459991343,0.11186422302660035
11.43,-7.1435363583269575,-6.762300462819903,29.074827796477365,0.10660426264717957
11.44,-7.114388474230283,-6.912651864021859,28.790554780294876,0.10167561709696743
11.450000000000001,-7.103171144217459,-7.080398547475023,28.523568577582562,0.09721670486864026
11.46,-7.109788272052107,-7.264609922933851,28.27580126415207,0.09336363969179955
11.47,-7.134064867673014,-7.464362492199193,28.049151223589156,0.09024989289357953
11.48,-7.175754087024389,-7.678715536370815,27.845493672132875,0.08800547377115397
11.49,-7.234541096464388,-7.906682948668977,27.666686798680328,0.08675541945106982
11.5,-7.310043729555866,-8.147201882027032,27.514572966152226,0.08661742360202812
11.51,-7.401809971274704,-8.399098898909655,27.39097435812609,0.08769847695380675
11.52,-7.509312369821575,-8.661054383775815,27.297682387130454,0.0900904460706752
11.53,-7.631939545060915,-8.931566113353124,27.23644012536684,0.09386458562104837
11.540000000000001,-7.768985040885841,-9.20891308040685,27.20891699459324,0.09906506917620773
11.55,-7.919633861908063,-9.491120932720117,27.2166749822645,0.10570173921217571
11.56,-8.082947147375984,-9.775930714320724,27.261125761746722,0.11374242094350363
11.57,-8.25784557030218,-10.060772966106766,27.34347831399361,0.12310531500159369
11.58,-8.443092208417227,-10.342749632547275,27.464677005797103,0.13365217225797515
11.59,-8.637275813598144,-10.618626591114456,27.625330602559885,0.14518314276490069
11.6,-8.838795601438886,-10.884839916958784,27.82563340116557,0.1574343514624612
11.61,-9.04584888085621,-11.137519146256095,28.06528056651006,0.1700793462363444
11.620000000000001,-9.256423026941087,-11.37253072262512,28.343380826540436,0.1827355399877083
11.63,-9.468293443727038,-11.585544408788651,28.658370876146243,0.1949765748582385
11.64,-9.679029235734543,-11.772124629857423,29.007937070228657,0.20635112769954767
11.65,-9.886008271836111,-11.927847414641054,29.388951114970432,0.2164080272255457
11.66,-10.08644314450571,-12.048441788543727,29.797427313143356,0.224726680884005
11.67,-10.277419168100923,-12.129952184191838,30.228509270160423,0.23095078603466485
11.68,-10.45594499877766,-12.168915802612549,30.67649359947357,0.23482226462723504
11.69,-10.619015692678847,-12.16254611217044,31.13489688523697,0.23621151324429163
11.700000000000001,-10.763687072513596,-12.108911150861692,31.59656985218208,0.2351396351371597
11.71,-10.887159203568574,-12.007093411986071,32.05385937420034,0.23178853590450188
11.72,-10.986865681809507,-11.857317276109423,32.49881481568029,0.22649575597291866
11.73,-11.060564432360318,-11.661030575979881,32.92343062720651,0.21973266966293722
11.74,-11.106424946638796,-11.42092916492007,33.319912664452175,0.2120670019624103
11.75,-11.123106487712557,-11.140917285005827,33.68095202209519,0.20411311702995075
11.76,-11.10982187449306,-10.82600179393816,33.999987919300864,0.196475717292881
11.77,-11.066382071503911,-10.482124324951533,34.271440841261324,0.18969396074185724
11.78,-10.99321794594005,-10.11594143578285,34.49089896479667,0.1841931988500447
11.790000000000001,-10.891377113583312,-9.734567897112347,34.65524475903667,0.18025045446300134
11.8,-10.762495617070083,-9.345301723938169,34.762714084576224,0.1779775933792806
11.81,-10.608746056229664,-8.95535086583977,34.81288636874373,0.17732334626227264
11.82,-10.432765501966774,-8.571580501796213,34.80661062943121,0.17809249461595492
11.83,-10.237567879442548,-8.200296868072131,34.745877414148715,0.17997820811635099
11.84,-10.026446366925377,-7.847079033833729,34.63365047250245,0.18260210831930257
11.85,-9.80287166293067,-7.516664764823933,34.473673850549865,0.18555628782263844
11.86,-9.57039174399323,-7.212891347778828,34.270270078082085,0.1884421382761569
11.870000000000001,-9.332538053403425,-6.938687644183123,34.028143495950474,0.1909021552291224
11.88,-9.092742057259771,-6.696110151780968,33.752200012219426,0.19264252874049226
11.89,-8.85426492679142,-6.4864136824212935,33.44739122963117,0.19344594740558457
11.9,-8.620141897875436,-6.310146395394479,33.11858746678786,0.19317537828262277
11.91,-8.393141738537185,-6.167259165859667,32.770481107869756,0.19177049322125217
11.92,-8.175740806754291,-6.057220329515753,32.40751922231729,0.18923886479008134
11.93,-7.970110450532673,-5.979128410087261,32.033862612811376,0.18564410994288955
11.94,-7.778116002714115,-5.93181721384051,31.653367371850482,0.1810929228268923
11.950000000000001,-7.601325340734787,-5.913949432341878,31.269584564612295,0.17572252933709903
11.96,-7.441024885578993,-5.92409647000625,30.885773673197583,0.16968962281898314
11.97,-7.298240964513311,-5.96080351520809,30.504925786407835,0.16316138432884936
11.98,-7.1737646169042115,-6.022639869208395,30.129793061953507,0.15630880349433987
11.99,-7.068178142533481,-6.108235244368862,29.76292161043798,0.1493022212336446
12.0,-6.981881944260376,-6.216303177036369,29.406685567818116,0.1423088162465197
12.01,-6.9151204757758205,-6.345652919348109,29.063320679020485,0.13549164240030367
12.02,-6.8680063519808074,-6.49519122987906,28.73495617805926,0.1290097759561354
12.030000000000001,-6.840541902236796,-6.663915424704803,28.423644106151425,0.1230191301758879
12.040000000000001,-6.832637638962486,-6.8508989212429245,28.131385458799645,0.11767352195278975
12.05,-6.8441272737439345,-7.055270343126544,27.86015270359995,0.11312561599000255
12.06,-6.874779041513044,-7.276187084355169,27.61190827501994,0.10952741635177267
12.07,-6.924303194008479,-7.512804078132181,27.388618644863346,0.10703001702679293
12.08,-6.992355601861436,-7.76423839862252,27.192263502377976,0.10578236070030833
12.09,-7.0785374665418,-8.029530257577626,27.02483947084006,0.1059287900898549
12.1,-7.182391196090901,-8.307600955416213,26.88835765320772,0.10760521390612561
12.11,-7.303392549581696,-8.597208419406167,26.78483415456854,0.11093375722595031
12.120000000000001,-7.4409392124190985,-8.896901120066683,26.716272592556066,0.11601583315889118
12.13,-7.594336035867747,-9.204971408676306,26.68463750144725,0.12292366951557264
12.14,-7.762777267351233,-9.5194096681026,26.69181748916219,0.13169046083479535
12.15,-7.945326220282767,-9.837861114300809,26.739577052756133,0.14229950048835974
12.16,-8.140892989362467,-10.157587615545829,26.829496137174548,0.15467288259491263
12.17,-8.348211013052637,-10.475437485770861,26.962896878740104,0.1686606434866696
12.18,-8.565813519372753,-10.787826813628831,27.14075755515331,0.1840315189458032
12.19,-8.792011159035633,-11.09073644300544,27.3636146091124,0.20046679062108277
12.200000000000001,-9.024872418904872,-11.379729129841385,27.631454750281737,0.21755892695625217
12.21,-9.262208697341704,-11.649991543374199,27.943600570586856,0.23481681451043518
12.22,-9.501566179187659,-11.896405514539163,28.298594788388304,0.25167923435009776
12.23,-9.740226828757967,-12.113652108775554,28.694090066535594,0.2675377745493035
12.24,-9.975220871316202,-12.296350577708715,29.126753153236557,0.28176951621746027
12.25,-10.203352998085862,-12.43923193494064,29.5921936201127,0.29377857425220083
12.26,-10.421244149078019,-12.537343806241248,30.084928396344452,0.303043991978556
12.27,-10.625390055749769,-12.586279458412465,30.598393260200798,0.3091697738163769
12.280000000000001,-10.812236740790665,-12.582419817297612,31.125011105420313,0.3119313048991244
12.290000000000001,-10.978271893792115,-12.523173326578517,31.65632390258777,0.31131145006375954
12.3,-11.120129539687087,-12.407195308414336,32.183190766975656,0.3075196522221855
12.31,-11.23470381998277,-12.234566768935698,32.69604864068168,0.3009886552257364
12.32,-11.319266196452705,-12.006912992199391,33.185225337317796,0.2923461110046424
12.33,-11.371579179532839,-11.727445212443746,33.6412879262109,0.2823620112792086
12.34,-11.389998998589624,-11.400914198490813,34.055403697105284,0.27187698176594594
12.35,-11.373559649371037,-11.03347230094492,34.4196873114296,0.26172012542959944
12.36,-11.322031574860528,-10.63244949764683,34.72750706310399,0.2526274126041601
12.370000000000001,-11.235949844614973,-10.206057962336688,34.97372585189149,0.245171943009472
12.38,-11.116608952623372,-9.763047286887643,35.15485834043698,0.23971556282204687
12.39,-10.96602400000291,-9.31233748714565,35.26913404731429,0.23638767276589012
12.4,-10.786860739103341,-8.862658534544355,35.316465584697895,0.23509243367124144
12.41,-10.582339388062248,-8.422223211324168,35.298330437908135,0.23554100684025536
12.42,-10.356118985418114,-7.998455052643363,35.21758226525827,0.2373019182644927
12.43,-10.112170147198425,-7.597785984231312,35.07821270444045,0.23986073110715023
12.44,-9.85464434395414,-7.225530223395745,34.88508667622028,0.24268010980875973
12.450000000000001,-9.587747288167243,-6.885833307556529,34.643673304228905,0.24525278777271492
12.46,-9.315622869839517,-6.5816887280559255,34.359791396960375,0.24714234920492
12.47,-9.042252516914795,-6.315010174851038,34.03938380198333,0.2480094556663074
12.48,-8.771373120543492,-6.086745023556266,33.68832973578187,0.24762362581324548
12.49,-8.506414963653633,-5.897014252053996,33.31229919322509,0.24586254102269256
12.5,-8.250459586973943,-5.745265055663966,32.91664930570532,0.24270194853634067
12.51,-8.006216321717915,-5.630424527820518,32.50635934951208,0.2381996023712265
12.52,-7.776015356011214,-5.551045382965912,32.08599907851691,0.23247647608307803
12.530000000000001,-7.561814677607102,-5.505437396689564,31.659724067885115,0.22569790623698444
12.540000000000001,-7.365218009036464,-5.491780719712304,31.23129160554392,0.21805658078761228
12.55,-7.187500864311252,-5.5082193041797,30.804091113098377,0.20975853177106327
12.56,-7.02964204334511,-5.552934285450708,30.381183883115728,0.2010126322877686
12.57,-6.892358178944828,-5.6241982912178,29.96534788719942,0.19202358749181395
12.58,-6.776139307810436,-5.720412353466154,29.559124390270163,0.18298806088179448
12.59,-6.681283809088364,-5.84012745399726,29.16486400192862,0.1740933757909575
12.6,-6.607931411056915,-5.982052824641153,28.78477054965406,0.1655181480086048
12.61,-6.5560932886054895,-6.1450530278009605,28.420941747888502,0.15743420452725124
12.620000000000001,-6.525678550323348,-6.328135629590611,28.075406061447563,0.15000919295678405
12.63,-6.516516640148378,-6.5304310013825795,27.750155434520256,0.1434093592147901
12.64,-6.52837535553455,-6.751165488264457,27.447173697770555,0.1378020478025984
12.65,-6.560974316265418,-6.989628896197098,27.16846049759663,0.13335754654519835
12.66,-6.61399381183064,-7.245136996926528,26.91605053432126,0.13024994975660945
12.67,-6.687079018474792,-7.516989548770548,26.692027768636468,0.12865674947277975
12.68,-6.77983961819206,-7.804424196958302,26.498534074425287,0.12875688727176804
12.69,-6.891844880152214,-8.106566562636141,26.33777159621331,0.1307270166858488
12.700000000000001,-7.022614289780834,-8.422376868343289,26.211997826270682,0.13473574903799748
12.71,-7.1716038418545605,-8.750593593635312,26.123512167385528,0.14093569739793915
12.72,-7.338188161789059,-9.0896749217706,26.074632514821197,0.14945321042515147
12.73,-7.521638694404796,-9.437739140030201,26.067660204390396,0.1603758179023371
12.74,-7.721098312540322,-9.792505701554798,26.104831571907948,0.173737610348898
12.75,-7.935552859143328,-10.151239346713043,26.188254402791223,0.18950306059872432
12.76,-8.163800354617475,-10.510700504024388,26.319827781272863,0.2075501719754011
12.77,-8.4044188819007,-10.867106109797621,26.501144348484747,0.22765429733406936
12.780000000000001,-8.655734505401625,-11.216105936436474,26.73337482400449,0.2494744844134824
12.790000000000001,-8.91579097880628,-11.552780396684254,27.01713590700371,0.2725447027284541
12.8,-9.182323431692724,-11.871666443442956,27.35234439940768,0.2962726947676633
12.81,-9.452738661749063,-12.166818413206334,27.738062587824068,0.31994933068487996
12.82,-9.724105046388203,-12.431910227955553,28.172342513205805,0.3427710656623443
12.83,-9.993155354237595,-12.660384023176839,28.652079573324652,0.3638772392949443
12.84,-10.256305796525808,-12.845647784208111,29.17288864071763,0.3824024032515199
12.85,-10.509694414718151,-12.981320816159014,29.72901809845701,0.39754161789843045
12.86,-10.749241261782267,-13.06152087969876,30.313318342772696,0.408623902850886
12.870000000000001,-10.970731731654796,-13.081180879154848,30.917280767909297,0.41518617004294284
12.88,-11.169922804181079,-13.03637667753431,31.53116048736872,0.4170376385783853
12.89,-11.342669953302874,-12.924641829171991,32.14419072361969,0.41430368070730983
12.9,-11.485070158969771,-12.74524088593809,32.74488896542737,0.4074389673322275
12.91,-11.593614109661289,-12.499371617520909,33.32144521896074,0.39720304473285306
12.92,-11.66533860432827,-12.19026894536266,33.86217210398867,0.3845969036887314
12.93,-11.697968719478347,-11.823190064468536,34.355986778046955,0.37076584768850324
12.94,-11.690038830904847,-11.405270796393598,34.792887525412546,0.35688060282329354
12.950000000000001,-11.640982298187723,-10.945256497281123,35.16438495387818,0.3440134769303625
12.96,-11.551181589603312,-10.45312491428718,35.46385011263136,0.33302807539779605
12.97,-11.4219736909656,-9.939630933395534,35.68674953615152,0.32449897792975946
12.98,-11.255609446428265,-9.41581200755902,35.83074921788119,0.3186722638699523
12.99,-11.055169518536562,-8.89249666167499,35.895683907562116,0.3154701798201929
13.0,-10.82444337440282,-8.379856328958677,35.88340251398526,0.31453543900654535
13.01,-10.567780609371004,-7.887033497173965,35.79751246527785,0.3153044335968557
13.02,-10.289925666811534,-7.42186827881081,35.64305391209071,0.31709524440498743
13.030000000000001,-9.995847468803154,-6.990733122690695,35.4261378578512,0.31919609253511766
13.040000000000001,-9.690574716127275,-6.598473520010324,35.153580849262696,0.3209423097163836
13.05,-9.379045897244557,-6.248442867215783,34.832563737108586,0.3217739828660402
13.06,-9.065980715638258,-5.942613096057791,34.47033464889998,0.3212709764810155
13.07,-8.7557770770426,-5.681739509410713,34.07396820064625,0.31916606149582805
13.08,-8.45243530361809,-5.46555811405271,33.650185383511996,0.3153397668502895
13.09,-8.159509106600273,-5.292995885979127,33.20523235467981,0.30980211740664504
13.1,-7.880081196205251,-5.162377966442997,32.74481195588692,0.3026667545829417
13.11,-7.616760285884043,-5.071619944952582,32.27405920822555,0.29412237173362105
13.120000000000001,-7.371695630316259,-5.018397486006528,31.797551049597896,0.2844053114867454
13.13,-7.146605046555239,-5.000289163145366,31.319340811814637,0.2737759056061008
13.14,-6.9428125052337215,-5.014891248508909,30.843008963704115,0.2624999389948675
13.15,-6.76129173971476,-5.059905306647221,30.371723100400857,0.2508356362237374
13.16,-6.602712811457508,-5.1332008096152215,29.90830174166124,0.23902586093966827
13.17,-6.467489112907138,-5.232855741750809,29.45527800808103,0.22729478117860247
13.18,-6.355822827868776,-5.35717843644925,29.014960550740458,0.21584804445262462
13.19,-6.267747365279973,-5.5047138205559705,28.58949016047995,0.20487546669951717
13.200000000000001,-6.2031657131431714,-5.674236953895011,28.180891267864737,0.19455530890640285
13.21,-6.161884015052261,-5.864736337296652,27.7911180829723,0.18505934247321526
13.22,-6.1436399510338635,-6.075388993567191,27.42209544908012,0.17655804903030098
13.23,-6.148125711963065,-6.305528852428365,27.075754634212743,0.16922543475529966
13.24,-6.175005500751256,-6.554609526334952,26.754064295400962,0.16324304664393333
13.25,-6.223927583824882,-6.822162171363876,26.45905675310429,0.15880285109321585
13.26,-6.294530963872128,-7.107748800891691,26.1928495317129,0.15610867287797775
13.27,-6.386446760374591,-7.41091117084778,25.95766187441862,0.15537589967913842
13.280000000000001,-6.499294378995972,-7.73111519473233,25.755825640405465,0.1568291424206245
13.290000000000001,-6.632672535457857,-8.0676907868484,25.58978965017055,0.16069751713814343
13.3,-6.786145185377479,-8.419767089110476,25.462116172052394,0.1672071960445026
13.31,-6.959222410576854,-8.786203230117469,25.37546785448637,0.17657088411677496
13.32,-7.151336337430829,-9.1655151183107,25.332583026205366,0.18897393759790504
13.33,-7.36181222785572,-9.555799309293779,25.33623694407837,0.20455698111415205
13.34,-7.589835003541032,-9.954655734423898,25.389186314772935,0.22339513201224195
13.35,-7.834411654495122,-10.359112049519085,25.49409432078527,0.24547433400743615
13.36,-8.094330258723732,-10.765553558048541,25.653433534566645,0.27066585881756455
13.370000000000001,-8.36811671289633,-11.169664052216381,25.8693646191445,0.29870075601559887
13.38,-8.653990750121043,-11.56638442265078,26.143589718585318,0.32914688484202
13.39,-8.949823395779287,-11.949897375344154,26.477181068361183,0.36139206132999535
13.4,-9.253098664767093,-12.313647847140487,26.870387714144165,0.39463764452985783
13.41,-9.56088298970676,-12.650409425301667,27.322426369237174,0.4279073342437284
13.42,-9.869806517245369,-12.952406868359343,27.831266309221647,0.4600757611115485
13.43,-10.176060913524381,-13.21150326079342,28.393422575704214,0.4899202975653639
13.44,-10.475418544194255,-13.41945699597939,29.00377619888843,0.5161971473147179
13.450000000000001,-10.763277681086073,-13.568248376366634,29.655443962079232,0.5377391113582507
13.46,-11.0347375775951,-13.65046811731342,30.339722502498176,0.5535677394179473
13.47,-11.284705720101313,-13.65975082901229,31.0461312234577,0.5630075565446581
13.48,-11.508037249895715,-13.591226555290564,31.762574597309108,0.5657858514201906
13.49,-11.699703526530255,-13.441954160050221,32.475636325697266,0.5620995493790493
13.5,-11.854983295046441,-13.211293698457832,33.17100551985,0.5526322972862546
13.51,-11.969666322485345,-12.901172927695033,33.83401953255663,0.5385107716491015
13.52,-12.04025622149468,-12.516207449524545,34.450291311167,0.5211989873682152
13.530000000000001,-12.064157082456266,-12.06364532544238,35.006373984596586,0.502341295169333
13.540000000000001,-12.039828034723893,-11.553124639838538,35.49040500640456,0.4835759854445668
13.55,-11.96689129969025,-10.996254118953075,35.89266926360381,0.4663488202012387
13.56,-11.846182714897356,-10.406048996934436,36.206026582637676,0.45175699988156837
13.57,-11.679738758378607,-9.796272801593405,36.42616364551639,0.4404483414721249
13.58,-11.47072010782077,-9.180747059849814,36.5516511760225,0.4325891734103897
13.59,-11.223277842175737,-8.572692991389344,36.58381063623232,0.427900673959612
13.6,-10.942373624983615,-7.984161963291468,36.526416346787684,0.42575073287206155
13.61,-10.633568864127806,-7.425596680639605,36.385275232431766,0.4252799163359191
13.620000000000001,-10.30279950740303,-6.905546029315301,36.167735039165706,0.425537257878456
13.63,-9.956152770410444,-6.43053687112393,35.882172416922685,0.4256041194321456
13.64,-9.599660006503626,-6.005089165816077,35.53750590862614,0.4246906471032397
13.65,-9.23911665187976,-5.631848706879008,35.14276792043211,0.4221971737115243
13.66,-8.879936335714048,-5.311805320546147,34.70675682349934,0.4177402566113935
13.67,-8.527042416953751,-5.044563214532358,34.237777831602806,0.41114851958778853
13.68,-8.184796844198384,-4.828633099303101,33.743470900055236,0.4024365493281167
13.69,-7.856963606688202,-4.6617212234996686,33.230716465425104,0.3917659283853082
13.700000000000001,-7.546702255859074,-4.54099709753876,32.705605523254206,0.3794016344398047
13.71,-7.256585994643476,-4.463328253150738,32.173458932923765,0.3656702058430677
13.72,-6.98863853272014,-4.42547612690021,31.638881280710095,0.350923905173934
13.73,-6.744384124195629,-4.424251671097724,31.105836394129966,0.3355130713252495
13.74,-6.5249057676694395,-4.456632497485138,30.577734029622196,0.3197672042963451
13.75,-6.330907303664899,-4.519845359310149,30.05751984706838,0.30398417435914477
13.76,-6.16277596836825,-4.611418792418273,29.54776320052288,0.2884262697051827
13.77,-6.020642767179429,-4.729211014493092,29.050739325479885,0.2733215091771223
13.780000000000001,-5.904438760058647,-4.871417957765014,28.568504114514337,0.25886863971188995
13.790000000000001,-5.81394597230135,-5.03656577991194,28.102960848192595,0.24524440496166816
13.8,-5.748842147739941,-5.223491509545894,27.65591903452562,0.23261192311515605
13.81,-5.708738948097079,-5.4313147414816845,27.2291459754316,0.22112928209094665
13.82,-5.693213481918446,-5.659402570935788,26.82441189296841,0.2109577052784655
13.83,-5.701833232947492,-5.90732928506627,26.443529474517767,0.20226883585811298
13.84,-5.734174566245272,-6.174831735794131,26.088388585581576,0.1952508215157531
13.85,-5.7898350359966955,-6.461760808804742,25.760986688893205,0.19011295281358104
13.86,-5.868439716073344,-6.768028983317941,25.46345522407321,0.18708862248148606
13.870000000000001,-5.969641736196276,-7.093553647672561,25.198081857465525,0.18643633816648858
13.88,-6.093117145140429,-7.438195601287503,24.967328113653917,0.1884384491422702
13.89,-6.238554149496894,-7.80169204340648,24.77384145035028,0.19339715225680498
13.9,-6.405636703813209,-8.183583339553783,24.620460337525216,0.20162724176049743
13.91,-6.594022368060503,-8.583132992742605,24.510210353296348,0.21344498472200063
13.92,-6.803314315545454,-8.999240562385674,24.446288724289573,0.22915246899600245
13.93,-7.033027385146835,-9.43034781252185,24.432034141419198,0.24901682386630877
13.94,-7.282548145510059,-9.874339181627958,24.470878117997827,0.27324390418711364
13.950000000000001,-7.551089097913008,-10.328438798923617,24.566273698399005,0.3019464148508478
13.96,-7.8376374135469105,-10.789107767559436,24.72159708039722,0.3351070933853292
13.97,-8.140899005057125,-11.251947309449166,24.940017832751433,0.3725385130295721
13.98,-8.459239293530072,-11.71161558838061,25.22433406475729,0.4138423324584231
13.99,-8.790622764300078,-12.161768489005755,25.57677036532524,0.45837235261930953
14.0,-9.13255430486354,-12.595037109470102,25.99873881814287,0.5052073935862337
14.01,-9.48202635530052,-13.003056859942838,26.490567129175197,0.5531414808086548
14.02,-9.835477005604458,-13.376564316964751,27.05120298568651,0.6006996736957243
14.030000000000001,-10.18876522313494,-13.705577674679816,27.677910117673598,0.6461874820659796
14.040000000000001,-10.53717020540812,-13.979673969666404,28.365978756847245,0.6877795531913262
14.05,-10.875422189409669,-14.188370480243833,29.108480469081496,0.7236486741357164
14.06,-11.197771630227107,-14.321608308059323,29.89610337997367,0.7521290472829489
14.07,-11.49810221270296,-14.370323172628627,30.717106900375345,0.7718989271365966
14.08,-11.770090471728254,-14.32707276568348,31.557433266513982,0.7821586742967302
14.09,-12.007410815140824,-14.186673560998097,32.40100483814285,0.7827736012312565
14.1,-12.203979655369873,-13.946785747296083,33.23022027175101,0.7743495595580713
14.11,-12.354226653555521,-13.608376615478376,34.02663999255468,0.7582153884112096
14.120000000000001,-12.453375559194049,-13.175993846058022,34.77182433304119,0.7363006943094093
14.13,-12.497712799612309,-12.657793064564842,35.448260692973754,0.7109178890119521
14.14,-12.484819871296743,-12.065288818428279,36.04029473193988,0.6844791966054764
14.15,-12.413746509858125,-11.412831875661498,36.534970445728,0.659196160404336
14.16,-12.285105875592516,-10.716852774361474,36.92268874631139,0.636815401823267
14.17,-12.101080235630276,-9.99494458400106,37.1976144198207,0.6184373508933493
14.18,-11.86533483951487,-9.26487990972601,37.35779388441709,0.6044460189929727
14.19,-11.582847392728237,-8.543663644760029,37.40498469711529,0.5945531114153804
14.200000000000001,-11.259669124212781,-7.846712912946145,37.344234525527185,0.5879361518613835
14.21,-10.902639566047762,-7.187231978737756,37.18327530313253,0.5834341274175058
14.22,-10.519080020076803,-6.575818404817683,36.93181309335615,0.5797587058206013
14.23,-10.116490171016862,-6.02030419898835,36.6007948237823,0.5756838652895422
14.24,-9.70226894038229,-5.525808053883429,36.201721740046594,0.5701885089658741
14.25,-9.283475401160441,-5.094955837908897,35.74606045585732,0.5625408669673995
14.26,-8.86663947696495,-4.728217458090646,35.24478072345186,0.5523262868957086
14.27,-8.457626218654683,-4.424308087443528,34.708028726991024,0.5394289562494647
14.280000000000001,-8.06155241050494,-4.180608154808914,34.14492860094813,0.523982469405369
14.290000000000001,-7.682750507342643,-3.9935665993278127,33.563494201493434,0.5063045392274507
14.3,-7.32477254452971,-3.8590631272309626,32.97062779568432,0.48682883149752176
14.31,-6.990425571967577,-3.7727156831582684,32.3721813195539,0.46604325205037345
14.32,-6.681830088627255,-3.730127953205089,31.77305786975159,0.44444016941527476
14.33,-6.400493595700719,-3.727078029119112,31.177334824989526,0.42248073678320247
14.34,-6.147392458124257,-3.7596534482981747,30.588394368425302,0.40057302654037585
14.35,-5.923056528345252,-3.8243400287206977,30.009051444850094,0.3790621582663445
14.36,-5.727652267204791,-3.9180726977248055,29.441672891080707,0.35822986186003913
14.370000000000001,-5.561061279648105,-4.038256319350816,28.888284427150207,0.33830076982221546
14.38,-5.422952203483966,-4.182763739442467,28.350664365499075,0.31945296680460367
14.39,-5.3128447216038746,-4.3499171823186265,27.8304243636138,0.3018307601150798
14.4,-5.230165111756568,-4.538457949493242,27.329078438295706,0.2855581365207057
14.41,-5.174293218421417,-4.747508216261506,26.84810191310331,0.2707518483322052
14.42,-5.144601051501285,-4.97652766568387,26.388982108828287,0.25753347358363576
14.43,-5.140483411842392,-5.2252667719511585,25.953262511993273,0.24604009784375047
14.44,-5.161381038542725,-5.49371775192981,25.54258194454498,0.2364334644225388
14.450000000000001,-5.206796789651123,-5.7820635368284945,25.158709961034003,0.22890754201242738
14.46,-5.276305325015673,-6.090624561615328,24.803579348487666,0.22369447575382187
14.47,-5.369556673390332,-6.419802714027784,24.479316212810147,0.22106883230351448
14.48,-5.486273948453837,-6.770021417367504,24.1882677048634,0.22134993415554177
14.49,-5.62624534120678,-7.141660537935608,23.93302696113129,0.22490191489223313
14.5,-5.789310369365053,-7.534984614190422,23.716454293993472,0.2321309272839095
14.51,-5.975340218012007,-7.950062817239944,23.54169304880125,0.24347871505386967
14.52,-6.18421187134093,-8.386679101790534,23.412177834594694,0.2594115378893236
14.530000000000001,-6.4157756268473785,-8.844231240086275,23.331632024844357,0.28040325007500205
14.540000000000001,-6.6698155188409505,-9.321617913570236,23.304050520456943,0.30691122432471696
14.55,-6.946002181004928,-9.817113850949463,23.333662799353153,0.3393438536078021
14.56,-7.243837777750549,-10.328234245113777,23.42487031096063,0.3780186490406797
14.57,-7.562592868015565,-10.851591459673608,23.58215142666403,0.4231105980232163
14.58,-7.901235475822383,-11.382749443232209,23.809926612817858,0.4745915823804984
14.59,-8.258353275521731,-11.916084361228664,24.112376517929754,0.532163395817362
14.6,-8.632070699644036,-12.444663703343569,24.493206616230182,0.5951892966535581
14.61,-9.019963973892558,-12.960160357272237,24.955354361782696,0.6626320053585738
14.620000000000001,-9.418978578139226,-13.452822468013661,25.500638955107274,0.7330093005075955
14.63,-9.825355374712826,-13.911523644896604,26.129360234202295,0.804381254822585
14.64,-10.234573509785028,-14.323920213785481,26.839862104576873,0.8743846847824096
14.65,-10.64131995258565,-14.676741389566043,27.6280871439592,0.9403292446340811
14.66,-11.039496844979665,-14.956232919966453,28.487161726563585,0.9993643878641012
14.67,-11.42227823311207,-15.148763491018974,29.40706349323245,1.0487161771327533
14.68,-11.7822267175944,-15.24158515988888,30.374432545505044,1.0859778108157367
14.69,-12.11147759001115,-15.223714721498816,31.372590853195266,1.1094197805213064
14.700000000000001,-12.40199279807627,-15.086874547417885,32.38182731334674,1.1182690423706245
14.71,-12.645879636512914,-14.826403633265265,33.379985812176656,1.1128974779575573
14.72,-12.83575996491032,-14.442028888125066,34.34335988572432,1.0948642925651355
14.73,-12.965166194272086,-13.938380387691748,35.24785303968934,1.066778272607364
14.74,-13.028931982987306,-13.325148349556462,36.07031545099756,1.031982107446416
14.75,-13.023540499775434,-12.616816110223002,36.789925907864244,0.9941039273519314
14.76,-12.947392953373422,-11.831958769005835,37.38946365062958,0.9565577751593255
14.77,-12.80096575734409,-10.99216173073411,37.85631689238938,0.9220918309675362
14.780000000000001,-12.586835864140808,-10.12067333373941,38.18310593045044,0.8924734637948167
14.790000000000001,-12.309568809062013,-9.240947076398223,38.367853918260984,0.8683657457858915
14.8,-11.975480192431952,-8.375241886211128,38.413705773885575,0.8494022095649866
14.81,-11.592295706254575,-7.543431104308712,38.32826024768172,0.8344210361707854
14.82,-11.16874485001238,-6.762128117448828,38.12262811929181,0.8217900421839158
14.83,-10.71412774208612,-6.044180375085647,37.81035248913006,0.8097461362242543
14.84,-10.237892834131458,-5.398527184623435,37.406324018071416,0.7966853140612732
14.85,-9.749256985110653,-4.830371265611404,36.92579998965022,0.7813638488170249
14.86,-9.256890089177928,-4.341585868796451,36.38360017237324,0.7629985297049011
14.870000000000001,-8.768676282360746,-3.9312693392036646,35.793514102542204,0.7412760281456834
14.88,-8.291554374305882,-3.5963642084947183,35.167921042342485,0.7162949175651179
14.89,-7.831432682602223,-3.3322729797975272,34.51759973770797,0.6884683585746028
14.9,-7.393168376049612,-3.133422221096222,33.85169129463921,0.6584131299239582
14.91,-6.9805987218876,-2.9937459733422607,33.177773794948635,0.6268445061195811
14.92,-6.5966108998091775,-2.907075973531617,32.50200926255268,0.5944891309341835
14.93,-6.24323775574633,-2.8674385124577184,31.829329597114388,0.5620213544545842
14.94,-5.92176847390696,-2.869265787305844,31.16363580651049,0.5300234279655538
14.950000000000001,-5.63286517911472,-2.9075339703283842,30.50799262880674,0.4989667132436376
14.96,-5.376678594544207,-2.9778417929693157,29.864807439332974,0.469209450731436
14.97,-5.152957844797504,-3.076443152328112,29.235987738238126,0.4410062389704531
14.98,-4.961151185887094,-3.2002458581882784,28.62307543913704,0.4145247710578984
14.99,-4.8004958133874425,-3.3467867339312973,28.02735878420308,0.3898661806164796
15.0,-4.670095949534971,-3.5141912529070427,27.44996425046275,0.36708629475895554
15.01,-4.568989170108152,-3.7011239654726813,26.891931560865114,0.3462159968259322
15.02,-4.4962014464931315,-3.9067342678952706,26.354275120052343,0.3272796695401897
15.030000000000001,-4.450791694384115,-4.130600623002941,25.838035059528355,0.31031128007653197
15.040000000000001,-4.4318867819738,-4.372675158298634,25.344320749358292,0.29536808014889343
15.05,-4.4387079951364505,-4.633229610564188,24.87434921566054,0.28254214485821083
15.06,-4.47058991588336,-4.912802817308796,24.429480457924523,0.27197009040924036
15.07,-4.526992567360529,-5.212149334075743,24.01125122025476,0.26384132002052924
15.08,-4.607507531928892,-5.532188245563418,23.621408346189213,0.25840507239114396
15.09,-4.7118585715267995,-5.873950806925879,23.26194243170256,0.2559764046413251
15.1,-4.839897080857423,-6.23852517646883,22.93512206761939,0.2569410417668393
15.11,-4.9915924906189,-6.626996168343407,22.643528504608195,0.2617587717137685
15.120000000000001,-5.16701751520229,-7.0403776606754125,22.390090048504153,0.2709647599560963
15.13,-5.366327912052356,-7.479535051055332,22.178114863626565,0.2851678003389734
15.14,-5.589736194522291,-7.945094984461272,22.01132008724587,0.30504411466762976
15.15,-5.837478525825809,-8.437339536951322,21.893854200486313,0.3313248777501322
15.16,-6.109773832860517,-8.95608219737183,21.830308427280354,0.3647752129214895
15.17,-6.406774036889883,-9.500523457449672,21.825711526910858,0.40616204245942594
15.18,-6.728504235052245,-10.069084744515747,21.885500721058722,0.4562079994955103
15.19,-7.074791726982796,-10.659220996629756,22.01545971900498,0.5155287825627447
15.200000000000001,-7.445183024194066,-11.267214605812189,22.2216130221055,0.5845520956858584
15.21,-7.83884848194005,-11.887956972453168,22.510064166685055,0.6634179590065467
15.22,-8.25447504350425,-12.514728722647078,22.886764727962667,0.7518630124142578
15.23,-8.69014888070824,-13.138995832988753,23.357201375255176,0.8490957204951555
15.24,-9.143231537444132,-13.750246352998799,23.925990863868794,0.9536751619118917
15.25,-9.610235582937404,-14.335900599406632,24.596378557160488,1.0634129556667267
15.26,-10.086708726458124,-14.881335535950948,25.369645904619805,1.175324743234775
15.27,-10.56713866896502,-15.370069729225314,26.244447022916688,1.2856624842284
15.280000000000001,-11.044894307456353,-15.784156173600245,27.216114216158132,1.3900586718316028
15.290000000000001,-11.512221655832795,-16.104823181633922,28.275995742350492,1.483804983025339
15.3,-11.960314135782433,-16.313385177480185,29.410913325749043,1.5622680463907146
15.31,-12.379475668055585,-16.39241338365219,30.602846519592003,1.6214136214830355
15.32,-12.759390203196116,-16.327111388007992,31.828958717292256,1.6583717853439492
15.33,-13.089502238353713,-16.106786917375995,33.06206731744832,1.671939734906977
15.34,-13.35949948433699,-15.726258466696637,34.271621927247345,1.6629001598571738
15.35,-13.559872334186663,-15.186997891549447,35.425188296226985,1.634046395401643
15.36,-13.682507644632464,-14.497803342884069,36.49034888628664,1.5898577955483013
15.370000000000001,-13.721260198269004,-13.67483294309115,37.436839933110036,1.53585246550877
15.38,-13.672438052676364,-12.740910539944206,38.238672696206024,1.477735799759825
15.39,-13.535140962420913,-11.72412907155618,38.87595675764691,1.420529040984502
15.4,-13.311405267881112,-10.6558997968725,39.33617062035739,1.3678743297914728
15.41,-13.006132327313138,-9.56869572570954,39.61470859335337,1.3216633108973963
15.42,-12.626806286316835,-8.4937880117948,39.714654578879895,1.2820426979529778
15.43,-12.183034767498732,-7.459261999248438,39.645862285075395,1.2477475476781283
15.44,-11.68596720427486,-6.488530959548488,39.42352545489647,1.216637563360134
15.450000000000001,-11.147656241804901,-5.599462066044999,39.066478327384914,1.1862845590379194
15.46,-10.580426940715684,-4.804119577879767,38.595469140926184,1.1544795819633646
15.47,-9.996308244269223,-4.1090400752713405,38.03160712484697,1.1195786096661406
15.48,-9.406564897964937,-3.515899038928201,37.39511494891578,1.080663113192109
15.49,-8.82134983035656,-3.0224099002206466,36.70444472294825,1.0375377641416765
15.5,-8.249480379846055,-2.6233090288237557,35.975752575045725,0.9906135277947332
15.51,-7.698328892821861,-2.311311294549597,35.22268331906087,0.9407307673299776
15.52,-7.173809972576923,-2.0779590138408515,34.456394287674534,0.8889695615842457
15.530000000000001,-6.680442789187432,-1.9143232553539604,33.68574264906072,0.8364803166299701
15.540000000000001,-6.221466479498901,-1.8115454473362302,32.91756780320849,0.7843527200623452
15.55,-5.798988648159878,-1.7612272340234183,32.157014064331726,0.7335286315130601
15.56,-5.414150261080449,-1.7556881378114606,31.407854250741195,0.6847559780484791
15.57,-5.067293958877655,-1.7881155593161477,30.672789077399806,0.6385760371393253
15.58,-4.7581264353739785,-1.8526320619545418,29.95370887828544,0.5953348247239565
15.59,-4.485868695118838,-1.9443026008496629,29.251912738791894,0.5552096479990911
15.6,-4.249390582259094,-2.0591007874069,28.56828580602126,0.5182433250773205
15.610000000000001,-4.047327944664445,-2.1938493828436814,27.903438892513588,0.48438043821354043
15.620000000000001,-3.8781822180878702,-2.346146544038319,27.25781610517985,0.4535018356304532
15.63,-3.7404031743604005,-2.5142861734913504,26.631776676712928,0.42545518977785024
15.64,-3.6324561717343697,-2.697178135873322,26.025656906541677,0.4000806604590709
15.65,-3.5528755641562113,-2.894272073830401,25.43981746902547,0.37723159312701915
15.66,-3.5003060455878763,-3.105487011167317,24.874680547521347,0.3567907484031999
15.67,-3.473533686269077,-3.331147780590045,24.3307604475566,0.3386828716649911
15.68,-3.471508306245713,-3.5719284656306627,23.808690610220406,0.32288453708293574
15.69,-3.4933586612673113,-3.8288024220221875,23.309249323506005,0.3094321969395312
15.700000000000001,-3.538401710738519,-4.1029979752407835,22.833385921338028,0.29842928035991223
15.71,-3.606147012218903,-4.395958523167004,22.382248856265843,0.2900530480808685
15.72,-3.696297051253628,-4.7093054615308985,21.957216710605504,0.284561740825623
15.73,-3.808744073681458,-5.044802059527647,21.559932944154053,0.28230236570783457
15.74,-3.943563741154478,-5.404316115602135,21.192344932054166,0.2837192451036723
15.75,-4.101005678101421,-5.789778897405412,20.856747587351023,0.28936319412641726
15.76,-4.281480716866209,-6.203137500747058,20.555831547539235,0.299900877471129
15.77,-4.48554437363135,-6.646297343971262,20.292735484451555,0.3161234996624242
15.780000000000001,-4.713875797678732,-7.1210510523982276,20.071101515011886,0.3389534773057989
15.790000000000001,-4.967251128890179,-7.628989505482119,19.895131879253707,0.3694471017990221
15.8,-5.246509875013727,-8.171390365921987,19.769643933710594,0.4087904089730568
15.81,-5.552512589139459,-8.74907907100009,19.7001189969693,0.4582845327292664
15.82,-5.886087806859347,-9.36225717991032,19.692738593490144,0.5193157789278993
15.83,-6.247965924227334,-10.010293344935972,19.754399100572122,0.5933046305548328
15.84,-6.638697515272777,-10.691473306342225,19.89269268385727,0.6816271129463471
15.85,-7.058553583005867,-11.40270760220765,20.115838771012275,0.7855017925662015
15.860000000000001,-7.507405527773671,-12.139199642171079,20.432546382398932,0.9058367367795557
15.870000000000001,-7.984583359907799,-12.894083002488337,20.851783887747757,1.0430338180148107
15.88,-8.48871207949219,-13.658045837590498,21.382430037523868,1.196753744495131
15.89,-9.017528423803393,-14.418972574101684,22.032779767223683,1.3656550258734441
15.9,-9.567683568518902,-15.161648495222199,22.809882200408545,1.5471341383739599
15.91,-10.134542021369867,-15.867590479426505,23.71869890547432,1.737111663062007
15.92,-10.711992854488592,-16.51508463374568,24.76109042333869,1.929927260972958
15.93,-11.292296253969011,-17.07952449908615,25.93467050113664,2.1184192150330623
15.94,-11.86599530121482,-17.5341453355142,27.231610712507184,2.294263051196886
15.950000000000001,-12.421928481238837,-17.851232431929418,28.637530116856208,2.448618098860548
15.96,-12.947380510635725,-18.003836174498147,30.130656924636693,2.5730730707724137
15.97,-13.42840511415592,-17.96794891290041,31.681487135861452,2.6607934553689616
15.98,-13.85034091377989,-17.72499176451454,33.25316907462914,2.7076725291153534
15.99,-14.198519317103575,-17.26433934022799,34.8027925999459,2.7132102093674884
16.0,-14.459132231072031,-16.58550712298945,36.28364572380301,2.6808355274458475
16.01,-14.620191910653112,-15.699579508862941,37.6483261182477,2.61748319097898
16.02,-14.672482939963201,-14.629502760549528,38.852392728287406,2.5324280590345807
16.03,-14.610386757570058,-13.409021713615381,39.858068429410245,2.435616012580819
16.04,-14.432460692232057,-12.080281358865335,40.63742035163463,2.335910683917149
16.05,-14.141679923483307,-10.69038580548913,41.17449367924235,2.239715891576684
16.06,-13.745298726300698,-9.287428049329177,41.46605922973354,2.1503060844211976
16.07,-13.254346377584163,-7.916604858424833,41.52090784423843,2.0679550543515677
16.080000000000002,-12.682828889352715,-6.616982235616024,41.35790554739266,1.9907030515819457
16.09,-12.046747042290233,-5.419300783696198,41.00323187408992,1.9154444427784694
16.1,-11.363056295274603,-4.344969534515181,40.487310143619666,1.8389960615892227
16.11,-10.648684819329247,-3.40616566358563,39.84189933977269,1.7588972458898855
16.12,-9.919698357978008,-2.606792838847022,39.09768838823492,1.6738333595937636
16.13,-9.190664329472142,-1.9439764277997313,38.28256860888724,1.5837025116405288
16.14,-8.474231782532772,-1.4097811892760064,37.42060772928497,1.4894239251476709
16.15,-7.780915008365995,-0.9928989274531084,36.53163910129253,1.392610668005374
16.16,-7.119049763518494,-0.6801381614933533,35.631321441579715,1.29521407676577
16.17,-6.4948820875249496,-0.457629876943902,34.731510584451826,1.199212943310041
16.18,-5.912748630289872,-0.3117282662524916,33.84080098699113,1.10638428274644
16.19,-5.375311554292457,-0.2296282806710155,32.9651260781225,1.0181637924566238
16.2,-4.883817913948162,-0.1997446453840676,32.108341342597576,0.9355859492389609
16.21,-4.438360997827133,-0.21190468071741572,31.27274511459808,0.8592850501625879
16.22,-4.0381282049215095,-0.25740530563926917,30.459516195726113,0.7895366983553606
16.23,-3.681625974648713,-0.32897758417239115,29.669064088523,0.7263214572606923
16.240000000000002,-3.3668768978038233,-0.4206933653511369,28.901297815237967,0.669396424282585
16.25,-3.0915874634061207,-0.5278399308672078,28.155824510846024,0.618364841837089
16.26,-2.8532871366022348,-0.6467810841396414,27.432090795124648,0.5727377589893206
16.27,-2.6494408491395967,-0.7748171250617922,26.72947964616648,0.531984834532055
16.28,-2.477537740002557,-0.9100516231294168,26.04737409038565,0.49557357476336955
16.29,-2.335159299236675,-1.051269623178355,25.385197152518213,0.4629977210043596
16.3,-2.2200300916389537,-1.1978296356556106,24.742435582041995,0.43379630065303454
16.31,-2.1300540793253315,-1.3495702317037994,24.118653115253576,0.4075651989700445
16.32,-2.0633393015289174,-1.5067310752764662,23.51349754748735,0.38396314721983654
16.330000000000002,-2.0182133596638585,-1.6698876176872837,22.926704704229987,0.36271387803814675
16.34,-1.9932318305473726,-1.839898333010749,22.35810149719162,0.3436059621480889
16.35,-1.9871814123477989,-2.017863197446194,21.807609595345323,0.3264915751943973
16.36,-1.999079308791116,-2.205092049138543,21.275250788424916,0.31128518998010035
16.37,-2.028170083626777,-2.403081462086709,20.76115482932123,0.2979629706370618
16.38,-2.0739209713129796,-2.6134987961512306,20.265570375079324,0.28656347137365357
16.39,-2.136016410459592,-2.838172120448805,19.78887957287925,0.2771901148277078
16.4,-2.214352370922436,-3.0790847302769055,19.331616832734266,0.27001583938905954
16.41,-2.3090308693139603,-3.338372971555014,18.89449237309596,0.26529025306429466
16.42,-2.420354905707271,-3.6183260359928764,18.478421203274564,0.26334960271810304
16.43,-2.5488239001058317,-3.9213862788220917,18.084558303676996,0.2646298484228671
16.44,-2.6951295534944206,-4.250148421528381,17.714340867340482,0.2696831064896047
16.45,-2.8601518965783046,-4.607355714906593,17.369538557565907,0.2791976701237686
16.46,-3.044955110051947,-4.995890730499968,17.05231279460941,0.29402170520110754
16.47,-3.2507824924585274,-5.4187578960008285,16.765286078148396,0.3151905121937568
16.48,-3.479049703014667,-5.879054165802854,16.511622236452933,0.34395689227371273
16.490000000000002,-3.7313351034511104,-6.3799232960113965,16.295118202825563,0.38182358763507596
16.5,-4.009365650355915,-6.924488054701975,16.120307362627365,0.430575894977736
16.51,-4.314996333346719,-7.515753340036378,15.992573561957643,0.49231126908894624
16.52,-4.6501806027643084,-8.156471630240608,15.91827334883598,0.5694609194616543
16.53,-5.0169285780583435,-8.848960537629353,15.90486170433848,0.6647959413243277
16.54,-5.417249082342608,-9.594860667872172,15.961013135406436,0.7814073439978027
16.55,-5.853070741088211,-10.394820832090362,16.096725221464236,0.9226454972501875
16.56,-6.326136584318644,-11.248097486724093,16.3233852073779,1.0920003139536916
16.57,-6.837865934193541,-12.152056965321618,16.65377176845817,1.2928996735052847
16.580000000000002,-7.389177066122403,-13.10157390735869,17.10195362840404,1.5284016187250415
16.59,-7.980264548095108,-14.088329037479383,17.683034778790233,1.8007581703208284
16.6,-8.610326791610571,-15.100026274706748,18.41268402198787,2.1108388009881836
16.61,-9.277242859131977,-16.11957535839918,19.306377271427714,2.4574242529500747
16.62,-9.977203773991494,-17.12432350687674,20.378279362505964,2.83642092301132
16.63,-10.704313287101865,-18.085467937336418,21.639705378175375,3.2401043374252394
16.64,-11.450186825823808,-18.967836282681162,23.097139219902367,3.6565722315371247
16.65,-12.203594999105551,-19.730273348315887,24.74985946345997,4.069655833911541
16.66,-12.950217952875102,-20.326900570439875,26.587336093326886,4.459567737551531
16.67,-13.672595272339755,-20.70949005505849,28.586712834215767,4.8045077887147585
16.68,-14.350366556729401,-20.831084959042105,30.710855602711277,5.083259451481875
16.69,-14.960891522124635,-20.65077763837212,32.90757888523431,5.278481099374397
16.7,-15.480306541421445,-20.139231693711626,35.110685041194465,5.3800032064075
16.71,-15.885011680216687,-19.28416161832153,37.24328821737121,5.387154531661045
16.72,-16.153492312268785,-18.094683209733862,39.223501660159755,5.30917520848203
16.73,-16.268279161644422,-16.60337440884389,40.9719859537276,5.163262797015445
16.740000000000002,-16.21776932470635,-14.8651644716921,42.42023880518295,4.970635027469954
16.75,-15.997601745850274,-12.952807552274669,43.518087969000575,4.751811982018067
16.76,-15.611326615747549,-10.94953520158642,44.23884337680225,4.522668206358752
16.77,-15.070227706225074,-8.94023095196479,44.58104574930507,4.292451230162459
16.78,-14.392319513204413,-7.002838379173887,44.56657924081173,4.064089558502851
16.79,-13.600698542263414,-5.201562157254416,44.23579524063574,3.8362046994412977
16.8,-12.721533558490682,-3.5828342820921932,43.64090917688995,3.6057502021637036
16.81,-11.782008103082141,-2.1742488522530223,42.83910628154464,3.3702681308839906
16.82,-10.808484152031138,-0.9860014181613355,41.8865507275446,3.1291958442540597
16.830000000000002,-9.825064929583892,-0.013984475003543939,40.83400912352417,2.8841609337637113
16.84,-8.852631571446276,0.7563794894570853,39.7242849735631,2.6385406592692755
16.85,-7.908340236176875,1.3463255332775308,38.591268441204605,2.3966715545441133
16.86,-7.00550785771633,1.7804472955781618,37.46019457501023,2.1630356989087898
16.87,-6.153787699612842,2.084141243637498,36.348654749634456,1.9416205919009601
16.88,-5.359533721503511,2.281823272913858,35.267964286041256,1.7355249011726717
16.89,-4.6262660768755985,2.3958255338043895,34.22459491054705,1.5467972900654172
16.9,-3.9551701913837265,2.44582845635395,33.22149060301087,1.3764535930349096
16.91,-3.345582683718681,2.448676716104376,32.25917608211347,1.2246074760242314
16.92,-2.7954354352368807,2.4184471133486216,31.33663106937523,1.0906574245807361
16.93,-2.3016430426487005,2.3666652719877375,30.45194232657449,0.9734875835957246
16.94,-1.860428675076772,2.3025971627354163,29.602765018672144,0.8716551060450854
16.95,-1.4675896356152554,2.2335661255519774,28.78663155809483,0.783549221672722
16.96,-1.1187075398394468,2.1652649146903085,28.001145058169648,0.7075163540082756
16.97,-0.8093097708380553,2.102045637912686,27.244089695780183,0.6419515388447088
16.98,-0.5349894063968977,2.047179337180854,26.51348411143029,0.5853597895063462
16.990000000000002,-0.2914906234668969,2.003082520240567,25.807597861490198,0.536392631264049
17.0,-0.07476600158540242,1.9715112199577836,25.12494557082156,0.4938654093515983
17.01,0.11898861383626455,1.953724921214817,24.46426906310619,0.4567606410536144
17.02,0.29331683442460876,1.9506235185401504,23.824514375417984,0.4242219753465795
17.03,0.4514979630712519,1.9628607315551,23.204808078785092,0.3955424743471076
17.04,0.596553377816907,1.990937353250215,22.6044355702292,0.3701500842459568
17.05,0.7312603351567514,2.0352774873699353,22.02282281422966,0.3475924021173728
17.06,0.8581710087144635,2.0962906336339238,21.459522250372437,0.32752220857124614
17.07,0.9796350434136212,2.1744221525897514,20.914203131595364,0.3096847360141816
17.080000000000002,1.0978242938731777,2.270194311811097,20.386646321997766,0.29390727245674286
17.09,1.2147587363514907,2.3842397944729083,19.87674349575365,0.280091446184089
17.1,1.3323328037922288,2.517329244521663,19.38450068959395,0.26820837808559334
17.11,1.4523416004587828,2.6703941292372977,18.910046236152436,0.25829680635386126
17.12,1.5765066124653013,2.844545916113881,18.453643221231772,0.2504642642870406
17.13,1.7065006483188876,3.0410922801360645,18.01570675001798,0.24489140981834664
17.14,1.8439718232450903,3.261550770595638,17.596826466240042,0.24183965090247164
17.150000000000002,1.9905664450779832,3.5076600616971243,17.197794938188185,0.24166227100503102
17.16,2.1479506688378853,3.7813885732640067,16.81964270137544,0.2448193206157964
17.17,2.317830761069952,4.084939858042827,16.46368092342443,0.25189658901363243
17.18,2.501971750921136,4.420753687206371,16.131552823111996,0.26362898623347253
17.19,2.70221413794718,4.791501197556584,15.825295116863167,0.2809286216839193
17.2,2.920488169455055,5.2000717593167955,15.547410856946826,0.3049177250976234
17.21,3.158824982777125,5.649548344199412,15.300955025975318,0.33696626312236727
17.22,3.4193636173798057,6.143167078522544,15.089634100394512,0.3787335845475139
17.23,3.7043525225890144,6.684255315535354,14.91792039964808,0.4322125747499912
17.240000000000002,4.01614370146474,7.2761409242216954,14.791181264587548,0.4997734790695371
17.25,4.3571770222574635,7.922023562535761,14.715821771180876,0.5842025973703292
17.26,4.729951481467446,8.62479652501151,14.699437528304408,0.6887282698276755
17.27,5.136979311868512,9.386805462483952,14.750970796945996,0.8170227925951011
17.28,5.5807178100964085,10.209528152920578,14.880858287745754,0.9731640342268971
17.29,6.063472663535048,11.093158087638123,15.101152071223712,1.1615347068913329
17.3,6.587265499283774,12.036074819661538,15.425585605928344,1.3866310728979867
17.31,7.153657570400853,13.034187198965308,15.869544646288272,1.652747730219775
17.32,7.763521290900128,14.080143832076256,16.449887859198345,1.9635036631811424
17.330000000000002,8.416752279960956,15.162421089307662,17.1845453745786,2.321181303749185
17.34,9.111917463513658,16.2643260200514,18.091807816568387,2.725871109613127
17.35,9.845840635140199,17.362992835179117,19.18920866371617,3.174456436276708
17.36,10.613136878114926,18.428508938507896,20.491907462373156,3.6595431839402135
17.37,11.405722466636895,19.423377676399294,22.01051256680734,4.168535078172178
17.38,12.212347725858272,20.30260029403644,23.748354386289144,4.6831627708788695
17.39,13.018225762311335,21.014717584396884,25.698346823138387,5.179853572685975
17.400000000000002,13.804856278242479,21.504156676770368,27.839759164655423,5.631312349052763
17.41,14.550163506762871,21.71513346945851,30.135444267559585,6.009495871697689
17.42,15.22906951029837,21.59712229930628,32.53027699848296,6.2897597205679885
17.43,15.814595611625084,21.111508081256982,34.951655094048,6.455398139284618
17.44,16.279515427595207,20.238535549325853,37.312786588097026,6.501295842231902
17.45,16.598473078476683,18.983209664079556,39.51904661802862,6.435293484793469
17.46,16.750347485223703,17.378597256518784,41.476948457431476,6.276397918712104
17.47,16.72052530959685,15.48523692362927,43.104417119775086,6.050091931250785
17.48,16.502688153229123,13.386143827216364,44.34039885775806,5.7822324139465895
17.490000000000002,16.099761271750676,11.178017726622667,45.15171886940582,5.4936724666333
17.5,15.523816375632933,8.960328984508982,45.535665726549254,5.197369124402236
17.51,14.794933229544515,6.824533285379825,45.517879350257985,4.898540166714112
17.52,13.939236981867067,4.84551560479857,45.14633339824189,4.597121278625568
17.53,12.986473402989672,3.076583546766395,44.48306974116701,4.291052918052938
17.54,11.967524966157216,1.5482792984190303,43.59559288506448,3.979026620824437
17.55,10.912211585197827,0.2703698940400432,42.549495504215955,3.661961869522442
17.56,9.84759809707376,-0.7641309498424165,41.40321600333013,3.3431915995647414
17.57,8.796894029227886,-1.574122121833185,40.20513050724039,3.0277756076069027
17.580000000000002,7.778917760882814,-2.185723348398454,38.99266852413537,2.721467989941438
17.59,6.808025381389367,-2.6283282637347964,37.79288614321181,2.4297474166241386
17.6,5.894374861496602,-2.931647087748637,36.62389552911381,2.157126984430575
17.61,5.044398323530077,-3.1237300800495373,35.496649095583464,1.9067955666699898
17.62,4.261375829071386,-3.22982106932684,34.41672795425954,1.6805428753791591
17.63,3.5460316770911353,-3.271838580817544,33.38593055291696,1.4788810077728447
17.64,2.897101056912305,-3.2682875724936746,32.40357155067939,1.3012749313330332
17.650000000000002,2.3118371191938847,-3.2344383468211286,31.467476815896973,1.146412522250563
17.66,1.7864449304735146,-3.1826507627405185,30.57470321353165,1.0124674847358595
17.67,1.3164397544781223,-3.12276032407161,29.722030728360863,0.8973285959340789
17.68,0.8969337309274841,-3.062473478293384,28.90627831863185,0.7987837384980785
17.69,0.5228585027562431,-3.0077418025461755,28.124490590957752,0.7146570777253233
17.7,0.18913273040976236,-2.9630998052506947,27.37403456267348,0.642903491670248
17.71,-0.10921646118029515,-2.931960545435056,26.652637198898518,0.5816671483811231
17.72,-0.37696966037715324,-2.9168688238889455,25.958386522717163,0.52931197414203
17.73,-0.6186614687842267,-2.9197146713876188,25.289712505687493,0.48443145369847923
17.740000000000002,-0.8385504700607815,-2.9419112277084296,24.645358781602503,0.44584429606276244
17.75,-1.04060744429719,-2.984541533738237,24.02435237674505,0.4125813476040603
17.76,-1.2285173497490818,-3.0484786702411357,23.42597590352259,0.3838679595841345
17.77,-1.405691426228506,-3.134483325703936,22.84974478972042,0.3591049456210743
17.78,-1.575286487786448,-3.243282407118432,22.295390899426145,0.33785035656360846
17.79,-1.7402290707924752,-3.3756317983261868,21.762853164591224,0.3198035749168862
17.8,-1.903242596176633,-3.5323658567899163,21.25227544571877,0.3047926815344931
17.81,-2.0668761018455153,-3.714435734244399,20.764011667531488,0.29276565236758956
17.82,-2.233533413060969,-3.922938109414336,20.298638249908894,0.2837856738250794
17.830000000000002,-2.4055018534591572,-4.1591354241847185,19.856973916712153,0.27803068993131036
17.84,-2.584979764185827,-4.4244682059706095,19.440107071526583,0.27579718035459083
17.85,-2.774102198144158,-4.7205595229905635,19.04943104565421,0.2775080826224192
17.86,-2.9749641933387627,-5.049211037544065,18.686687620021967,0.2837246804811972
17.87,-3.1896410044063077,-5.412389475078603,18.35401926849705,0.2951621466529184
17.88,-3.420204583265032,-5.8122015926882025,18.054030529213037,0.3127082102993475
17.89,-3.668735445157876,-6.250854889626236,17.7898587358064,0.3374440677470054
17.900000000000002,-3.9373288305587746,-6.730600339071277,17.56525396830724,0.37066611013248296
17.91,-4.228093771261196,-7.253652330449566,17.38466742762346,0.41390623414933414
17.92,-4.543143286292931,-7.82207981220509,17.253346383358753,0.46894735575328067
17.93,-4.884573469608145,-8.437661370677263,17.17743224400227,0.537829188770118
17.94,-5.2544286943016685,-9.101695787903575,17.16405596857905,0.6228373341027696
17.95,-5.654649569528772,-9.814758701458938,17.22142176884741,0.7264662717163209
17.96,-6.086999693003895,-10.576395695415023,17.358865623809447,0.8513441156860073
17.97,-6.552966728631344,-11.38474303160885,17.58686936767609,1.0001043854514045
17.98,-7.053633046199171,-12.236070086738717,17.917003973217906,1.1751883557381855
17.990000000000002,-7.589511305903833,-13.12424349086172,18.36176737034405,1.3785621184883565
18.0,-8.160341270446095,-14.040123348144865,18.93427346079113,1.6113373487192486
18.01,-8.76484620788146,-14.970918297474412,19.64774148427178,1.8732965831668569
18.02,-9.400451036034548,-15.899549885752162,20.51473132267841,2.16234548771153
18.03,-10.062970423894564,-16.804108258761207,21.546074973541725,2.4739481004468744
18.04,-10.74628388270479,-17.65751901555813,22.749473117441337,2.8006453836508514
18.05,-11.44202657906246,-18.427580187078753,24.12776522480384,3.131805533588072
18.06,-12.139338583174592,-19.077558465791498,25.67694791590369,3.453790127719178
18.07,-12.824729714652936,-19.56753866421397,27.38411090978763,3.7507170130853345
18.080000000000002,-13.482128605990747,-19.856678616902602,29.225575086669778,4.005927648662672
18.09,-14.093187865648558,-19.90641237686176,31.1656303293728,4.204102192052252
18.1,-14.637906002724609,-19.684457428968138,33.15634183627914,4.333722549703098
18.11,-15.09559552359461,-19.169231831483494,35.13887005655002,4.389330288022832
18.12,-15.44617349764884,-18.354027354791146,37.04658355453594,4.372885372143461
18.13,-15.67168115224435,-17.25010458569744,38.80992132989376,4.293633557876567
18.14,-15.757866919192278,-15.8878787879079,40.36252877249907,4.166286031269859
18.150000000000002,-15.69561429422526,-14.315620355721553,41.64776798428106,4.007898730329385
18.16,-15.481984091650018,-12.5955842221857,42.62444832882748,3.8343557140798974
18.17,-15.12068338104419,-10.798083027805209,43.270669228381735,3.657535080992279
18.18,-14.621866483061007,-8.994529662939915,43.58504402145751,3.4839518260138473
18.19,-14.001294016021687,-7.25070915365632,43.58517415765282,3.3150688165759408
18.2,-13.278990167137371,-5.621416028855373,43.303862802333434,3.148855986975822
18.21,-12.477614611999982,-4.147174362650401,42.78398952058144,2.98184110212809
18.22,-11.620787046380393,-2.853213474980285,42.07309822714303,2.81092507595122
18.23,-10.731571741389471,-1.7503912026275603,41.218593378505574,2.6345219491526337
18.240000000000002,-9.831264606850866,-0.8374639610751626,40.2641064824902,2.452932116639689
18.25,-8.938549277781252,-0.10402738766457786,39.24722707557362,2.268112050111558
18.26,-8.069021538575148,0.46645562677139707,38.198497304259604,2.0831089089150527
18.27,-7.235034279970639,0.8939433311648131,37.14139547445883,1.9014109434688704
18.28,-6.44579066378365,1.199632974986017,36.09297687522927,1.7263846218963366
18.29,-5.707607661757717,1.4043660930939645,35.064865913469006,1.5608800700050667
18.3,-5.0242793805794745,1.5275772766965037,34.064361956936715,1.4070174109381937
18.31,-4.397483344219532,1.5866906020648024,33.095500104439,1.2661261618002244
18.32,-3.8271883854943134,1.596853026495134,32.159977891897114,1.1387937540628674
18.330000000000002,-3.312037027467337,1.570901637243825,31.257911462144307,1.024979034508235
18.34,-2.8496868003077425,1.5194797557996664,30.388419209275348,0.924154414365981
18.35,-2.437103505417027,1.4512376292070401,29.55005036866008,0.83545067566013
18.36,-2.070805278362523,1.3730724171566608,28.74108464440873,0.7577882144671678
18.37,-1.7470599457494318,1.2903775853642285,27.959730655544245,0.6899863483525727
18.38,-1.4620401910363388,1.207283343172161,27.204248789539903,0.6308479385419337
18.39,-1.2119419454557996,1.1268778706105222,26.473020084113163,0.5792202000285327
18.400000000000002,-0.9930716006406974,1.051404486459422,25.764578326077384,0.5340346152819555
18.41,-0.8019073894968206,0.9824333342498518,25.077618385689767,0.49432977134761197
18.42,-0.6351398003741626,0.9210082137244052,24.41099023370762,0.4592610903400886
18.43,-0.48969530604228995,0.8677703233562466,23.763685217587923,0.42810112136173323
18.44,-0.36274708300509817,0.8230612350516276,23.134818974690983,0.40023352764065506
18.45,-0.2517158142981576,0.7870076193390363,22.523613744764017,0.37514328601178637
18.46,-0.15426313434835542,0.75959022479639,21.92938170213931,0.3524050112758351
18.47,-0.06827979849174934,0.7406994821960098,21.351510153078216,0.33167077889169816
18.48,0.00812975494625176,0.7301799094452078,20.78944894165548,0.31265837047714906
18.490000000000002,0.07666513735319488,0.7278652728477578,20.242700101467975,0.2951405133128104
18.5,0.13884902473208138,0.7336062344136403,19.71080962007708,0.27893542159952517
18.51,0.1960466925175012,0.7472919961799553,19.193361103286154,0.2638987617256147
18.52,0.24948551431559995,0.7688672477871322,18.6899711044386,0.24991704209088517
18.53,0.3002740366021853,0.7983455366498904,18.200285897113893,0.23690235603771148
18.54,0.34942037659861547,0.8358200126974622,17.723979502652032,0.22478837154756406
18.55,0.39784979790404135,0.8814723522302986,17.26075282716474,0.21352745307760404
18.56,0.4464214025223727,0.9355805374545643,16.81033381039472,0.20308881102944756
18.57,0.495943942700351,0.9985260585914958,16.372478538050405,0.19345759683457078
18.580000000000002,0.547190804994936,1.0708010125457976,15.946973319070437,0.18463489240655379
18.59,0.600914255219155,1.1530154940422697,15.533637779950263,0.1766385792621237
18.6,0.6578590588987344,1.2459056097030414,15.132329080963533,0.16950511376971691
18.61,0.7187756096676347,1.3503423902630987,14.742947415626597,0.1632922805979818
18.62,0.7844327092530251,1.4673418282182817,14.365443017354611,0.15808304716477198
18.63,0.8556301485252817,1.5980762244679942,13.9998249686212,0.15399069900801868
18.64,0.9332112402499588,1.7438869841868239,13.646172191130717,0.1511655012575319
18.650000000000002,1.018075450944896,1.906298954659168,13.30464709401253,0.14980320684135892
18.66,1.1111912713716998,2.0870363404121477,12.975512474724933,0.15015581990818735
18.67,1.2136094518359943,2.2880401563346195,12.659152408463802,0.15254512525993635
18.68,1.3264767080712156,2.511487077960493,12.356098030931838,0.15737961289441388
18.69,1.4510499735634301,2.759809406992092,12.067059320889268,0.1651755613555524
18.7,1.5887112310956433,3.0357156724736534,11.792964227070698,0.17658319242839268
18.71,1.7409828948748571,3.342211111135729,11.535006761583347,0.19241896660520982
18.72,1.9095436276674644,3.6826168841353315,11.294705998757834,0.21370524053457196
18.73,2.096244355080795,4.060586351767864,11.073978269321367,0.24171862989607854
18.740000000000002,2.303124068220391,4.480115990412693,10.875225210299902,0.27804847154871404
18.75,2.532424768727493,4.945547529546526,10.70144069165912,0.32466668772246976
18.76,2.7866045833937134,5.461556526091031,10.55633993741162,0.3840100118278814
18.77,3.068347629112616,6.033120774959314,10.444514299689649,0.4590747700353994
18.78,3.3805686049706383,6.665459558298216,10.371614979011001,0.5535229718807907
18.79,3.7264092806158335,7.363931634094004,10.344568276491083,0.6717959831997716
18.8,4.109222985203777,8.133875944595358,10.37182335412603,0.8192280368243149
18.81,4.532541822459876,8.980374232647948,10.463630436128367,1.0021456381720801
18.82,5.000019594239752,9.907909177229246,10.63234215100811,1.2279297959845803
18.830000000000002,5.515341282347374,10.919885668965962,10.892722260770597,1.5050052393930655
18.84,6.0820874513907395,12.017977324508754,11.262233033565842,1.842704028243962
18.85,6.703539247985136,13.201257023068656,11.7612534646486,2.250930923113675
18.86,7.382407148278661,14.46507220466017,12.413153980406557,2.7395374687127796
18.87,8.120464955116386,15.799637851492179,13.244118423369661,3.3172978738942884
18.88,8.918070992828454,17.18834980614176,14.2825622176272,3.9903855830507773
18.89,9.77356291499301,18.605878048767405,15.557951914019228,4.760296044875041
18.900000000000002,10.682523760280183,20.016194493219892,17.09879818726754,5.6212766225153015
18.91,11.63693826325057,21.37083061666523,18.929594851645103,6.557535523610298
18.92,12.624293325392559,22.607843636453076,21.066546638067212,7.540812174804459
18.93,13.626726678373036,23.65216859802165,23.512114658157987,8.529246295777774
18.94,14.62039023211353,24.418180031603008,26.2487531621731,9.468725314683146
18.95,15.575257934295422,24.815263293674064,29.232721088631187,10.297752645772793
18.96,16.45564866647612,24.75685035847742,32.38944851953182,10.95607604663151
18.97,17.221717711558465,24.1725851515766,35.61241067308991,11.395779424958828
18.98,17.832058405938533,23.02207644442599,38.76747120654658,11.591738287424258
18.990000000000002,18.247330387345492,21.30737937483432,41.70385283778988,11.547349404946171
19.0,18.434520435431416,19.080532187356674,44.271166873311586,11.292446108419066
19.01,18.371136959949013,16.44286093706474,46.3396825083943,10.873497126099206
19.02,18.048474044533812,13.534674102316854,47.81918248616763,10.340018843650386
19.03,17.473170905382307,10.516919529409888,48.67140950195274,9.733049046663755
19.04,16.666656047973824,7.549118202134185,48.91275268365217,9.080027970655625
19.05,15.662588218511845,4.7690731284454,48.60688069019385,8.396561475495728
19.06,14.502888886320541,2.278908479942332,47.85009231634365,7.692080836483532
19.07,13.233225085397052,0.13951060123445247,46.753864521877716,6.975447591125882
19.080000000000002,11.89878156664209,-1.6272879088055565,45.42892623269024,6.2579720089734
19.09,10.540920327517458,-3.0312728595365086,43.97366392273135,5.553494479570915
19.1,9.194996815103059,-4.10416639573288,42.467744222643354,4.876635321702715
19.11,7.8893101543099045,-4.890172975937839,40.97033324939613,4.2406217901116925
19.12,6.644977850683087,-5.438238531802753,39.52153615509157,3.65565409984027
19.13,5.47645149393078,-5.7965601705286,38.14558693549882,3.1281554518272934
19.14,4.39240002904499,-6.009231679461551,36.854612498497694,2.6608130957348792
19.150000000000002,3.3967420859719937,-6.114586736293743,35.652211659922585,2.253132212562088
19.16,2.4896766150382104,-6.144723973020071,34.536463603705776,1.9022189115798722
19.17,1.6686223371966653,-6.125757787794098,33.50224584907336,1.6035843387618782
19.18,0.9290232035491837,-6.078450671175871,32.54289741877039,1.3518504049924633
19.19,0.2650083135467578,-6.018995954082784,31.651334937266483,1.1413075159886463
19.2,-0.33008681232604475,-5.959811701248373,30.820748520825784,0.9663190011673302
19.21,-0.8633214742487524,-5.910271788921201,30.044995324808216,0.8215899633768637
19.22,-1.3418541088952414,-5.877342202332013,29.318787944495966,0.7023270783967148
19.23,-1.7727303496164577,-5.86611513710554,28.637751919746485,0.6043166013838848
19.240000000000002,-2.1627373285984146,-5.8802463025474845,27.998405912148044,0.5239447045099529
19.25,-2.5183092112185763,-5.922306400580271,27.398101355643433,0.45817977444102675
19.26,-2.8454715203884775,-5.994059229200535,26.834945668370224,0.40453174053593455
19.27,-3.1498141585393595,-6.096678238123003,26.30772393203036,0.3609994618541047
19.28,-3.4364850509796927,-6.230911832323576,25.81582756997909,0.3260138593491486
19.29,-3.7101979963646294,-6.397205922991508,25.359194279184234,0.29838183517335165
19.3,-3.9752496438607463,-6.5957904826850555,24.93826069237858,0.27723399005934624
19.31,-4.235541566038273,-6.826735304290856,24.553927488213354,0.2619776235301242
19.32,-4.494604208588971,-7.089978828594273,24.207535566914864,0.25225537184043373
19.330000000000002,-4.755620116386351,-7.385332788661241,23.900851199189894,0.24790900792489526
19.34,-5.0214442986654655,-7.712464506208567,23.636057542531734,0.24894731489874966
19.35,-5.2946199378523895,-8.070857957520678,23.415749462525493,0.2555164867934017
19.36,-5.577387897187098,-8.459754211639394,23.242928099989545,0.2678711647811333
19.37,-5.871688670910717,-8.87807155963231,23.120991024110317,0.2863439653814539
19.38,-6.179155577617741,-9.324305652672109,23.0537130738336,0.3113112080054638
19.39,-6.501098155880684,-9.796410325576439,23.04521211401053,0.34315254413517104
19.400000000000002,-6.838474920258685,-10.291660602614751,23.09989295886665,0.38220240766167357
19.41,-7.191854921030104,-10.80650078356512,23.222361736440888,0.42869176165196693
19.42,-7.561367975620067,-11.33638261529756,23.41730214798085,0.48267965922453016
19.43,-7.946644063052613,-11.87560147291629,23.68930467086853,0.5439758253212759
19.44,-8.346743255986599,-12.41714224866629,24.042640124722215,0.6120579316696446
19.45,-8.760078762107364,-12.952551196887626,24.48097064152178,0.6859905061684077
19.46,-9.184337189982294,-13.471855023416294,25.006994514553252,0.7643563094558032
19.47,-9.616402031952044,-13.963553449402927,25.622027231159084,0.8452150094746251
19.48,-10.052288482980714,-14.414715342142124,26.325529690516753,0.926107124221274
19.490000000000002,-10.487099898193307,-14.811209874630851,27.114606310262708,1.004122038431482
19.5,-10.915018106248407,-15.138101267288116,27.983509954019002,1.0760456615966314
19.51,-11.32934096635755,-15.380226571105682,28.923205942192602,1.1385943347673644
19.52,-11.722580385424042,-15.52295912408093,29.92106122673076,1.1887261702045595
19.53,-12.086631856078071,-15.553135294670682,30.960733307034523,1.2240002810692623
19.54,-12.413021899107694,-15.460090405936612,32.02233207189522,1.2429322179273887
19.55,-12.693232374841044,-15.23671545013938,33.08291217893313,1.2452770329634077
19.56,-12.919090798796525,-14.880416264996963,34.11732140144973,1.232167787779681
19.57,-13.083204617091283,-14.39384002509701,35.09938281329721,1.206053476724427
19.580000000000002,-13.17940666882779,-13.785238708741355,36.003331919708195,1.1704173909881235
19.59,-13.203171090647958,-13.068370817113216,36.80537489647394,1.1293079800620045
19.6,-13.151955996899753,-12.261899950157103,37.48519473638648,1.086764751200012
19.61,-13.025432995434192,-11.388323031114412,38.02722088147792,1.0462541662750384
19.62,-12.825574240056405,-10.472536638220532,38.42150160477707,1.0102317199880244
19.63,-12.556583893736518,-9.540209215720179,38.66407465208649,0.979914199738812
19.64,-12.224679744916509,-8.616155285721565,38.756808745708966,0.9552910460184175
19.650000000000002,-11.837748691483153,-7.722898742970862,38.70676869980618,0.9353446413772405
19.66,-11.404913517153103,-6.8795697153771265,38.5252219278652,0.9184052359227906
19.67,-10.936055591668556,-6.101215678896116,38.22644116870782,0.9025484299212165
19.68,-10.441338210456404,-5.398538830336333,37.82646312429668,0.8859521313807428
19.69,-9.930769213549238,-4.778013043891741,37.34193983450408,0.8671572390825901
19.7,-9.413831339159024,-4.242294622284483,36.78917921084117,0.84520984323472
19.71,-8.899196915572656,-3.7908243391808925,36.18342508350714,0.8196919314894184
19.72,-8.394532164925065,-3.4205211068398524,35.53838537943752,0.7906664627372811
19.73,-7.906387113309312,-3.1264838488162585,34.86598580204441,0.7585701384055465
19.740000000000002,-7.440160618432953,-2.9026409150620323,34.176307697426466,0.7240855697426907
19.75,-7.000126398312191,-2.7423098416873755,33.47766158642682,0.6880175096328416
19.76,-6.5895047655990275,-2.638650588159954,32.77674927925562,0.6511888951196876
19.77,-6.210565407399624,-2.5850107432056046,32.07887424886448,0.6143641212766837
19.78,-5.864748330581015,-2.5751712982370636,31.388169078202182,0.5782005506291246
19.79,-5.552792436427186,-2.6035071220130046,30.70781815769038,0.5432251181232236
19.8,-5.274863658754889,-2.665078330130471,30.04026208139061,0.5098307897733604
19.81,-5.030676909325748,-2.7556684679875114,29.387376769273516,0.47828707347087845
19.82,-4.819608065514343,-2.871783789512642,28.750625120161473,0.44875921667472146
19.830000000000002,-4.640793845705963,-3.010625644580722,28.131182157955287,0.42133168806520593
19.84,-4.493218649074777,-3.170045571790907,27.530036487439844,0.39603268213450493
19.85,-4.3757883255952725,-3.3484904169045198,26.9480717664569,0.37285748401885743
19.86,-4.28739144300707,-3.5449428021470983,26.386132136548106,0.3517894651992052
19.87,-4.226948987005142,-3.7588606037351893,25.845075383033347,0.33281820079314994
19.88,-4.193453622145203,-3.990117744071165,25.325817202169066,0.31595470450776436
19.89,-4.18599969922649,-4.238947531975388,24.82936946339205,0.3012440919139772
19.900000000000002,-4.203805156944789,-4.505888938861979,24.356874846810783,0.28877614090637327
19.91,-4.246226359724747,-4.791735529785388,23.909639751755023,0.278694254945414
19.92,-4.3127667607955935,-5.097486229132652,23.4891669265909,0.27120327973003316
19.93,-4.403080094610523,-5.424296651687095,23.097188859804643,0.26657649925090077
19.94,-4.5169685956560235,-5.773429339074137,22.735702581206283,0.2651619560713294
19.95,-4.65437651801268,-6.146200885990922,22.407006124317288,0.2673880085000794
19.96,-4.81537899579245,-6.54392360627491,22.113736463719583,0.2737677528838611
19.97,-5.000166041676695,-6.967839072911549,21.858908225531458,0.2849015972714182
19.98,-5.209021232188762,-7.419040579323717,21.64595183133789,0.3014768672720953
19.990000000000002,-5.442294378595935,-7.8983813403102445,21.478748928175857,0.3242628545707983
20.0,-5.700367239360006,-8.406365131833953,21.361661930830447,0.3540991935645838
20.01,-5.983611107372424,-8.94301614212722,21.299553213277694,0.39187490442210354
20.02,-6.292334924731217,-9.50772519363952,21.297787903054644,0.4384949401874316
20.03,-6.62672247311328,-10.099070364027654,21.36221235491593,0.49483074357271795
20.04,-6.986757207674342,-10.714611603643714,21.49909826192899,0.5616513502880678
20.05,-7.372133514262581,-11.35066148365945,21.715040145975266,0.6395322514552917
20.06,-7.782153661583917,-12.00203800913815,22.016791933287752,0.7287409156567
20.07,-8.215610599365695,-12.661810775390212,22.411026930567242,0.8291009925492767
20.080000000000002,-8.670658140553625,-13.321058814036208,22.904005479900942,0.9398421575738113
20.09,-9.14467207573861,-13.968667210294694,23.50113686170436,1.059449477931412
20.1,-9.634108481322318,-14.591199484846696,24.206427849545836,1.1855347532885008
20.11,-10.134368894437255,-15.172892656804068,25.02182101503505,1.314761319554303
20.12,-10.639685979382161,-15.695829759906527,25.946442541735003,1.4428609028573514
20.13,-11.143047411260484,-16.14034725028969,26.97580230222085,1.5647825579601284
20.14,-11.636179255620714,-16.485728206510014,28.10101716942959,1.6750049458583756
20.150000000000002,-12.109612095790425,-16.71121221657419,29.308158553808937,1.7680201443561834
20.16,-12.552852250383006,-16.797316167308466,30.57785066015595,1.838958716273891
20.17,-12.954675277690027,-16.72740660638087,31.88525785834341,1.8842765952263612
20.18,-13.303548572954973,-16.489398939857246,33.20058747371943,1.9023769963303232
20.19,-13.588174109881303,-16.077393129280402,34.4901896606218,1.894014156248509
20.2,-13.798122573789984,-15.493007541593261,35.71825650759931,1.8623400211410497
20.21,-13.924509320740706,-14.746162351059118,36.84901634472064,1.8125202461842307
20.22,-13.96064529050442,-13.85510707581115,37.84920686260043,1.7509527318594789
20.23,-13.902587230885413,-12.845586569925166,38.690521720651255,1.6842388062127707
20.240000000000002,-13.749515351009022,-11.74918112722548,39.351689898302766,1.6181398674074896
20.25,-13.503884136347416,-10.601007254352576,39.81988393364559,1.556764129569384
20.26,-13.171321191249433,-9.4370860564811,40.09126032479167,1.502159946264218
20.27,-12.7602838797483,-8.291742164411266,40.170587779961764,1.4543694574422492
20.28,-12.28151664241958,-7.195373107417594,40.07007663645136,1.4118671068650515
20.29,-11.74737612789041,-6.172837056285171,39.80764500700225,1.3722186685573847
20.3,-11.171102300641573,-5.242575708540942,39.40491727002566,1.3327719647074259
20.31,-10.566110798325452,-4.416455903943618,38.88524307308361,1.2912252488363691
20.32,-9.94536773569126,-3.7002094272646433,38.271964479299825,1.2459874836508469
20.330000000000002,-9.320887643667502,-3.0942918573146065,37.58707071799793,1.1963161184775735
20.34,-8.703373377034538,-2.5949688306796848,36.85029021610319,1.1422707041173987
20.35,-8.101997676805025,-2.1954608321500917,36.078597034649995,1.0845465834245371
20.36,-7.524311986888177,-1.887020003681553,35.28606228184417,1.024255015967221
20.37,-6.976259758685901,-1.6598599506506508,34.48396043049382,0.9627031112080073
20.38,-6.462268240333443,-1.5039019096913326,33.6810401476375,0.9012080033342629
20.39,-5.9853933780279265,-1.4093327497271826,32.88388169786337,0.8409614971228465
20.400000000000002,-5.5474955302759,-1.3669910244264931,32.097281237032306,0.7829474661315949
20.41,-5.149427954772489,-1.368608136243219,31.32462123806061,0.7279055300732785
20.42,-4.791224535755591,-1.4069351577237894,30.56820283179747,0.6763303631864597
20.43,-4.472277382574735,-1.4757846184306584,29.829528680061603,0.6284951342720173
20.44,-4.19149844153555,-1.5700127905718624,29.109533974700593,0.5844887496182488
20.45,-3.9474620237941496,-1.6854632545491417,28.40876877521614,0.5442587048285938
20.46,-3.738527192026051,-1.818887772199646,27.727537914665707,0.507653720580433
20.47,-3.562940364333965,-1.9678562588714996,27.066005889656104,0.47446250878684265
20.48,-3.4189194059420647,-2.1306641329718374,26.424274165808434,0.4444467837775831
20.490000000000002,-3.3047210065626254,-2.306242553566965,25.80243768257555,0.41736794221047
20.5,-3.2186933881806357,-2.49407495659324,25.200626388084757,0.39300771678804125
20.51,-3.1593164392419175,-2.694121753412773,24.619036607165604,0.3711836355387362
20.52,-3.1252312922710166,-2.9067539419191952,24.057956079617146,0.3517603758458132
20.53,-3.1152612010363465,-3.1326955915840653,23.517785669439963,0.3346581713115159
20.54,-3.1284253646628817,-3.3729746084527843,22.99906006336031,0.3198593775061297
20.55,-3.1639471126354493,-3.628880790493955,22.502469245649312,0.30741418104712537
20.56,-3.2212576210671067,-3.90192988956529,22.0288821379556,0.2974462805438287
20.57,-3.2999960852313848,-4.193832157506961,21.579373501892988,0.29015919848638433
20.580000000000002,-3.4000070297727305,-4.506463633679634,21.155254989190166,0.28584370850850804
20.59,-3.5213351963134016,-4.841838199615771,20.75811105825519,0.2848866805308933
20.6,-3.664218205858333,-5.202078158491278,20.389840324171193,0.28778144611240364
20.61,-3.829076946040914,-5.589380772387352,20.052702735495732,0.29513954904023487
20.62,-4.01650337512445,-6.005977793035455,19.749372734627567,0.3077034457073311
20.63,-4.227245159380967,-6.4540845425012074,19.48299820974067,0.3263593235464039
20.64,-4.462186261764101,-6.935834539404888,19.257264525009585,0.35214867592037485
20.650000000000002,-4.722322272751505,-7.453195039707765,19.076462147539715,0.3862765685510666
20.66,-5.008728917015277,-8.00785820930847,18.94555528330874,0.4301136204393808
20.67,-5.322521786077057,-8.601102046902112,18.870247383772877,0.485187582819075
20.68,-5.664804950815597,-9.23361476376013,18.85703727176343,0.5531590528071173
20.69,-6.036605727206528,-9.905276315381528,18.913256844193246,0.6357743961859122
20.7,-6.4387925550575025,-10.614891487890906,19.047077753235342,0.7347875902198187
20.71,-6.8719727856552195,-11.359870823003408,19.267470137188177,0.8518418335320556
20.72,-7.336367285607256,-12.135859324735021,19.584091511431996,0.9883020657572079
20.73,-7.83165932904193,-12.936319077589859,20.007078751309614,1.145031968386765
20.740000000000002,-8.35681650596848,-13.752081447250815,20.54671153662458,1.3221148528311684
20.75,-8.909886612156468,-14.570898173768905,21.212913116223223,1.518528484262085
20.76,-9.487772023434282,-15.377038747267692,22.014555986041433,1.7318004234137407
20.77,-10.085992176049388,-16.151003407294453,22.958549059717814,1.9576928108873854
20.78,-10.698450602307604,-16.869444728205334,24.04870273843379,2.1899911527997933
20.79,-11.317231300844048,-17.505411393198496,25.284402416336285,2.4204942010573083
20.8,-11.932458278386674,-18.029037693960866,26.659171281315977,2.6393103289737114
20.81,-12.532260299872481,-18.40879085909466,28.15926787197277,2.8355451041887365
20.82,-13.102887695336927,-18.613343602971813,29.762534296077114,2.9984012886718427
20.830000000000002,-13.629026162481205,-18.61405212403197,31.43777021457066,3.118602472804144
20.84,-14.09434036645146,-18.387890048479605,33.14493022011133,3.1899123259380215
20.85,-14.482255320083208,-17.920532550051192,34.83639933656608,3.2103981435337126
20.86,-14.776946311812049,-17.209138448538845,36.45947187215469,3.183045307095753
20.87,-14.96446312314335,-16.26429431599069,37.959944081737355,3.115425979149564
20.88,-15.0338708317636,-15.110617179672975,39.28646713068688,3.018369612449886
20.89,-14.978260272453749,-13.785690741007745,40.39506469611197,2.9039058634552366
20.900000000000002,-14.79547827327742,-12.337315314107457,41.25308585436724,2.7830194744325807
20.91,-14.488457481278152,-10.819409733352728,41.84190542926544,2.663838789155815
20.92,-14.065084702456732,-9.287205363309576,42.15791162564634,2.5507227856664616
20.93,-13.537621959547861,-7.792518067267757,42.21167535106422,2.444384284361237
20.94,-12.921766741349318,-6.379827454458441,42.02556785972389,2.34284161897104
20.95,-12.235489017697903,-5.08366212556256,41.63037012597005,2.242774319766377
20.96,-11.497801846737755,-3.9274714594551905,41.061528788030735,2.140833687842129
20.97,-10.72760954477616,-2.9238619369030086,40.355655494542326,2.0345903248722355
20.98,-9.942741038582831,-2.0758666334191034,39.54769037174273,1.9229948992824777
20.990000000000002,-9.159229107220856,-1.3788300477225341,38.66893119530455,1.8063968510383313
21.0,-8.3908510110174,-0.8225119593107959,37.74593378235915,1.6862614020625122
21.01,-7.648910782280219,-0.39310340059859666,36.80015428439508,1.5647462468713358
21.02,-6.942221571516601,-0.07496141140819251,35.84813876897455,1.4442702793698294
21.03,-6.277237233626785,0.14802582882515128,34.90205735576707,1.3271575076525135
21.04,-5.658282815181806,0.29145291829968556,33.97040826659242,1.2153919662283654
21.05,-5.087840095837487,0.3697505926678928,33.058761274658295,1.1104848141721269
21.06,-4.566853580907442,0.3958156370733289,32.17045551549312,1.013434977704292
21.07,-4.095031976357308,0.3808494516915299,31.307205176772825,0.9247569686589941
21.080000000000002,-3.6711287944310893,0.3343431845244386,30.469595109961407,0.84454972097933
21.09,-3.2931927025160785,0.2641581406345508,29.657467076113544,0.7725846523836877
21.1,-2.9587834240379434,0.17666210684063455,28.870207927145852,0.7083969676799923
21.11,-2.6651526034379667,0.07689316026200806,28.106955763095804,0.651369855242433
21.12,-2.4093913564464584,-0.03126845883736601,27.366741047931644,0.6008059070435485
21.13,-2.1885475603086926,-0.1449329095223584,26.648578426532335,0.5559835740827351
21.14,-1.9997165802857872,-0.26204521368072775,25.951522703105443,0.5161988117914479
21.150000000000002,-1.8401093074336716,-0.3812455854554958,25.274699847365852,0.480793468888839
21.16,-1.707101270328553,-0.5017472558226719,24.617321411348097,0.44917266099876796
21.17,-1.5982663025881076,-0.6232319293316526,23.978688576435005,0.4208135659798682
21.18,-1.5113978821643206,-0.7457621062812211,23.358190282141848,0.39526796356292954
21.19,-1.444520861871339,-0.8697089981311198,22.755298512609674,0.3721605570065592
21.2,-1.395895917324144,-0.9956945209006649,22.16956279118146,0.35118475838508734
21.21,-1.3640186682285607,-1.1245457764949873,21.60060519975462,0.33209725734324563
21.22,-1.3476150922987633,-1.2572604612931402,21.048116738027563,0.31471236491820365
21.23,-1.3456345524858602,-1.3949817318484359,20.511855514099906,0.29889684940361777
21.240000000000002,-1.3572414983821035,-1.5389811802333258,19.991647066697517,0.2845657672349398
21.25,-1.3818066799807982,-1.6906487067530482,19.48738702454886,0.2716796373681409
21.26,-1.4188985233797462,-1.8514882117822284,18.999046282911056,0.2602432069312249
21.27,-1.4682751596569876,-2.0231181513941867,18.526678901273428,0.2503060013701212
21.28,-1.5298774656970289,-2.2072761054440067,18.0704329863412,0.24196483580480047
21.29,-1.603823364603079,-2.405826585008361,17.630564911763344,0.23536847823739324
21.3,-1.690403538693415,-2.6207713518102493,17.207457335427193,0.2307246927448552
21.31,-1.7900786249275016,-2.8542615279299532,16.80164160352077,0.2283099455619787
21.32,-1.9034778856104455,-3.10861073061113,16.413825276205184,0.2284821227549172
21.330000000000002,-2.031399270582647,-3.3863083627690154,16.044925670995237,0.23169667780372027
21.34,-2.174810704313756,-3.690032009996952,15.696110494006328,0.2385266913135422
21.35,-2.3348523348832604,-4.022657620196022,15.368846810511615,0.24968736939051417
21.36,-2.512839362871063,-4.387265747792359,15.06495978424213,0.2660655110135371
21.37,-2.710264916029341,-4.787141599928789,14.786702771030546,0.2887544062714564
21.38,-2.9288022373327944,-5.225765889226036,14.536840455897615,0.31909443912477303
21.39,-3.170305193986384,-5.706792532317806,14.318746724256588,0.3587192908213023
21.400000000000002,-3.4368057745992084,-6.234007986363332,14.136518781527856,0.40960697405178065
21.41,-3.7305067994721246,-6.811265438563981,13.995108567071053,0.474133836618712
21.42,-4.053767501098096,-7.4423851186693515,13.900471581522769,0.5551279763508019
21.43,-4.409078914767426,-8.131009684010719,13.85973162532288,0.6559159824262856
21.44,-4.799025133104613,-8.880400986498525,13.881357306420405,0.7803533108916989
21.45,-5.22622541623683,-9.693161744195372,13.975342090091226,0.9328236822703434
21.46,-5.693250929929001,-10.570863079576164,14.15337360233433,1.1181865478521116
21.47,-6.202508574325896,-11.51355724571038,14.428969254956831,1.34164411740973
21.48,-6.756083114282273,-12.51915531459544,14.817543448462082,1.6084915298164517
21.490000000000002,-7.355527905561279,-13.58265399413282,15.33635626540552,1.9237074731429806
21.5,-8.001594395508288,-14.69520676439565,16.00427493819894,2.2913416848773904
21.51,-8.693891984362054,-15.843055776422577,16.841258958175587,2.7136664123818157
21.52,-9.43047379490594,-17.006376670140114,17.86746118178421,3.190089676914795
21.53,-10.207351746074679,-18.1581425789796,19.101827770214328,3.715888804627923
21.54,-11.017957549167294,-19.26318768778427,20.560090859090007,4.280919981380192
21.55,-11.85258608968945,-20.277740449792145,22.25209581375573,4.86858924728077
21.56,-12.697884347445182,-21.14978656088521,24.178508694769732,5.455504840939563
21.57,-13.536480523645958,-21.820680273890225,26.32712410792262,6.012307997844277
21.580000000000002,-14.346878633296654,-22.22839942331591,28.669237380585137,6.506103778340845
21.59,-15.103762851429801,-22.31267340095602,31.156822233199176,6.904588586643485
21.6,-15.778848278203679,-22.021855814549813,33.721480151901325,7.181373063650932
21.61,-16.34236450189901,-21.32087078316786,36.276166505018296,7.321272090362492
21.62,-16.765156072044164,-20.198940904019416,38.72040668929167,7.323828306680218
21.63,-17.02123732399193,-18.67533082310935,40.94902036940118,7.203487309309139
21.64,-17.09047998368699,-16.801299762626737,42.86337039466803,6.985867289076104
21.650000000000002,-16.960994358063548,-14.657054784813246,44.38315746937491,6.701151251944838
21.66,-16.630745774191393,-12.343687226393243,45.45623366549679,6.3769526504326945
21.67,-16.108058587396137,-9.971486152106618,46.06415650597264,6.03322698873727
21.68,-15.410882286222465,-7.647089364009103,46.222268615559834,5.680727699980825
21.69,-14.56496012072976,-5.462191950281644,45.97458126674408,5.322794333398424
21.7,-13.601261532900907,-3.4858954580428696,45.38506174764063,4.958938348984534
21.71,-12.553147625211853,-1.7615748158167852,44.52758551591368,4.588385897176748
21.72,-11.45371589254817,-0.30789703851864303,43.476680926941974,4.212336470896268
21.73,-10.333648258764658,0.8772163645055284,42.30049109659088,3.8346183607478075
21.740000000000002,-9.219722922295269,1.811169059396437,41.05649338782051,3.4611208770759294
21.75,-8.134000103252646,2.521109311643597,39.78978452699617,3.0986466731183873
21.76,-7.093587063849163,3.0390585717422383,38.53331674926062,2.7537425671195823
21.77,-6.110836451696224,3.3981637535801634,37.30935016717559,2.431832925144689
21.78,-5.193824573170167,3.630134860239605,36.131471000515695,2.13675501389758
21.79,-4.3469762525362725,3.763718156251241,35.00670229307553,1.8706513059369985
21.8,-3.571734973734546,3.8239667456436752,33.93742000854867,1.6341123234292172
21.81,-2.867210079191522,3.832064468414204,32.922938835397275,1.4264585951549507
21.82,-2.230760952216846,3.805495842458696,31.96073544090264,1.2460726665285358
21.830000000000002,-1.6584992144080797,3.7584058311079676,31.047336767628423,1.090721637379199
21.84,-1.1457042212758473,3.702042141261704,30.178928556903962,0.9578369630356531
21.85,-0.6871557960160076,3.645212428425487,29.351746289571242,0.844737625321043
21.86,-0.27739272067707743,3.5947177039335134,28.562306429019937,0.7487952719760427
21.87,0.08909263003791529,3.5557426622925017,27.807526541639916,0.6675469593832177
21.88,0.4177129157037549,3.532195765789617,27.084772334978382,0.5987643691154977
21.89,0.7136878194211091,3.526998917795015,26.391859870769395,0.5404892036727655
21.900000000000002,0.98198062418892,3.5423302022954952,25.727033014987732,0.49104392790065576
21.91,1.2272618567128506,3.5798247603968902,25.088929768969653,0.4490258011158592
21.92,1.4538937039535944,3.6407392870012254,24.476546349062087,0.41329067626104804
21.93,1.6659300215001156,3.7260854126467065,23.889204480476565,0.3829315830783758
21.94,1.8671277232027654,3.836736712643938,23.32652505065492,0.3572557999873583
21.95,2.0609661627202063,3.973513438666085,22.788409758914216,0.33576301524333046
21.96,2.2506717970574632,4.137248388070177,22.27503147610642,0.3181262955097247
21.97,2.439245972367673,4.328836652660643,21.786833510569362,0.3041769041284087
21.98,2.6294941068269937,4.549271331796499,21.32453772653328,0.2938935109846401
21.990000000000002,2.824054876729825,4.799666650003833,20.88916137406073,0.28739597160654595
22.0,3.0254282505102426,5.081269274399894,20.4820424865718,0.28494358206565007
22.01,3.236001369258808,5.395457966757531,20.104873721195684,0.2869374940120548
22.02,3.458071347253795,5.743731012616442,19.759744506311936,0.2939267556200798
22.03,3.6938640657845854,6.127680130426449,19.449191270124686,0.30661718291395795
22.04,3.9455479602107273,6.548948766121319,19.17625530082787,0.32588191345646605
22.05,4.215241654951121,7.009171819500667,18.94454737049462,0.3527720000958674
22.06,4.505014085313984,7.5098929392725156,18.758317564637203,0.38852471521638465
22.07,4.816875462108042,8.052454598323266,18.622527702828805,0.4345663093323545
22.080000000000002,5.152757092854698,8.637855292360465,18.542922199023582,0.4925047719156989
22.09,5.5144776889341225,9.266567523642179,18.526091063714613,0.5641066850106207
22.1,5.903693392515983,9.938309950479372,18.57951586063781,0.6512506231786693
22.11,6.321828404620667,10.651767530501688,18.71158568787261,0.7558479461909144
22.12,6.769982873059583,11.404255136741785,18.931565617827353,0.8797206646181558
22.13,7.248814738459055,12.19132362897456,19.249494616042124,1.0244260315050022
22.14,7.7583927279271485,13.00631354021247,19.675984153793273,1.1910196859010314
22.150000000000002,8.29801888558613,13.839871327944097,20.221883368279478,1.3797549767455686
22.16,8.866021258132886,14.679457434720279,20.897773192182388,1.5897271750035729
22.17,9.45952097263136,15.508894723510004,21.71325270779854,1.8184890412442927
22.18,10.074183289457698,16.308029793258047,22.67598936128248,2.0616888962333606
22.19,10.703969475109467,17.05260610365477,23.790524640989997,2.312811580420014
22.2,11.340915363171566,17.71447192344936,25.056862459439444,2.5631297813268157
22.21,11.974972494079324,18.262259552745952,26.468921359958003,2.8019858890266836
22.22,12.593957088767507,18.662663231346496,28.013002380629,3.0175058308999407
22.23,13.18365808170448,18.882397968666236,29.666503386891304,3.197779489934087
22.240000000000002,13.728154312504845,18.8908290197438,31.39717953178523,3.3324209938652145
22.25,14.210378736400173,18.663120298919,33.1632798990854,3.4142637870958357
22.26,14.612941186691712,18.183576072366694,34.91484930083354,3.4408000554597837
22.27,14.919180794307465,17.44868363234243,36.596346086536485,3.4149173027674076
22.28,15.114369459034577,16.46926498215097,38.15049087318488,3.344585941387721
22.29,15.186939124096895,15.27117502025307,39.52296623384907,3.2414249890257096
22.3,15.12957227826121,13.894177980200752,40.66731342608316,3.1184417027948355
22.31,14.939990893079651,12.388973592825254,41.549218516786674,2.9875513942210867
22.32,14.621311374511956,10.812745886327265,42.14942431311247,2.8575797075527687
22.330000000000002,14.181898573813548,9.223946097790868,42.464759789126255,2.7332697554675764
22.34,13.634735475425948,7.677182182689338,42.507177409033865,2.6154413101904668
22.35,12.996405088738626,6.219018871995302,42.30110525885183,2.502057368682217
22.36,12.285836820284706,4.885228260984533,41.87972606274144,2.389714398214837
22.37,11.522989415916115,3.699672186372568,41.28091109812453,2.275055562585117
22.38,10.72762662422814,2.674662164526303,40.54346232813092,2.1557638172208216
22.39,9.918300215090138,1.812416742627763,39.70411221187068,2.031013843460086
22.400000000000002,9.111602665943089,1.107150022383312,38.795484174856874,1.9014473957133662
22.41,8.32170237253437,0.547358529679299,37.845001502458416,1.7688360501661031
22.42,7.5601365659224395,0.11797912017564743,36.87458905346768,1.6356107717663662
22.43,6.8358145120820195,-0.1977812473819523,35.90094721672797,1.504399816337387
22.44,6.15517488448421,-0.41702807771680545,34.93617494981411,1.3776595488441685
22.45,5.522442861900228,-0.5561743887081435,33.98855409288398,1.2574307009812271
22.46,4.939940353288235,-0.6302981461040336,33.06335789627046,1.1452161904195082
22.47,4.4084132132126035,-0.6527898501167163,32.163597064310494,1.0419569950723724
22.48,3.927349879611768,-0.6352152018094179,31.29065816550037,0.9480760006872616
22.490000000000002,3.495275110149814,-0.5873258829790731,30.444819220466055,0.8635613125983679
22.5,3.1100098216261873,-0.5171642274510841,29.625646319458834,0.7880660608684228
22.51,2.768893400800056,-0.4312209368073797,28.83228546839246,0.721008381154685
22.52,2.4689684964258416,-0.3346168837775704,28.06366808295172,0.6616614086658685
22.53,2.2071305742101854,-0.2312896314589178,27.318648908822464,0.6092280657671367
22.54,1.9802457758120997,-0.12417251366395374,26.596093371902253,0.5628989941291097
22.55,1.7852411786821325,-0.01535927521583913,25.89492864286073,0.5218943077526496
22.56,1.6191716485333214,0.09374921235115591,25.214169775262025,0.48549116976032497
22.57,1.4792672895846364,0.20231734631127357,24.552929556917526,0.4530397902303423
22.580000000000002,1.3629651545278958,0.30996605425779916,23.910418391513293,0.4239705437253312
22.59,1.2679284599422356,0.41668183791864366,23.2859386576903,0.3977947064188452
22.6,1.1920561168785078,0.5227420715588207,22.678876555850916,0.3741009577271031
22.61,1.133484962822206,0.6286548382814898,22.088693392881236,0.3525493800435687
22.62,1.090586688417902,0.7351115588602605,21.51491750325264,0.3328642866264635
22.63,1.0619610992718964,0.8429507362107078,20.957137494315283,0.3148268487208576
22.64,1.0464270431559708,0.9531312627151562,20.41499717461752,0.29826819599071674
22.650000000000002,1.0430120658036082,1.0667138902091915,19.888192327804795,0.28306343376582227
22.66,1.050941631934685,1.184849625778043,19.376469392721,0.26912685312294116
22.67,1.0696285587235417,1.3087739789249961,18.879626074032984,0.25640849797791243
22.68,1.0986631526153066,1.43980613937238,18.397513916434463,0.24489218820255018
22.69,1.1378044129417073,1.5793523043771884,17.930042915216806,0.23459507044987085
22.7,1.186972562906359,1.728912496059616,17.477188297766503,0.22556877106773854
22.71,1.246243085989581,1.8900903096264572,17.03899968924386,0.21790225185368348
22.72,1.3158423795563208,2.064605109401814,16.61561296901177,0.21172651461032144
22.73,1.3961450834070144,2.254306237698217,16.207265232009835,0.207221360972697
22.740000000000002,1.4876730951613926,2.4611888172284098,15.814313392229188,0.204624487198556
22.75,1.5910962425596271,2.6874107048351004,15.437257105503788,0.20424327732095723
22.76,1.707234540560082,2.935310084372506,15.076766847921682,0.20646974966480858
22.77,1.837061913541219,3.207423058054013,14.73371816567349,0.21179920721760231
22.78,1.9817112041923053,3.5065003928137948,14.409233312034175,0.22085323484520222
22.79,2.1424802138326626,3.8355222802687727,14.104731704546458,0.2344077640389568
22.8,2.3208384153234554,4.197709548174298,13.82199086263865,0.25342696904258466
22.81,2.5184338386449676,4.596529182346879,13.563219707310653,0.27910373498721963
22.82,2.7370994370342596,5.035691236213664,13.33114629226647,0.31290729924112215
22.830000000000002,2.9788579813095075,5.5191331659923595,13.12912214318756,0.356638335903334
22.84,3.2459241806318215,6.050986269588614,12.961245333737878,0.4124911187071465
22.85,3.540702264119113,6.635517157914007,12.832504107181938,0.4831213003518918
22.86,3.8657766500266506,7.277034983453204,12.748942086415365,0.5717160678327338
22.87,4.223892545713174,7.979752449344354,12.71784464730386,0.6820606884165213
22.88,4.617922331634086,8.747585434858241,12.74794349850557,0.8185914042887783
22.89,5.050812364351446,9.583872523840194,12.849632421007728,0.9864188987147445
22.900000000000002,5.525503388054641,10.490992139230823,13.03518082900817,1.191298854624881
22.91,6.044816118778749,11.469852041001616,13.318922539731233,1.439516457557022
22.92,6.61129189167658,12.519224851283942,13.717384040220317,1.7376407277165158
22.93,7.226976810155488,13.634906042133496,14.249298905946846,2.092094256305901
22.94,7.893137093023073,14.808680547142025,14.935432693481571,2.5084783843390763
22.95,8.609894076990994,16.027105196693604,15.798116705226807,2.990600362391007
22.96,9.375770789937068,17.27015203653238,16.86036304995102,3.539178598377719
22.97,10.187149794583442,18.50981807685831,18.144414970472955,4.150268667189577
22.98,11.037656071994178,19.708894027256882,19.669588829541787,4.81356888046516
22.990000000000002,11.917500956768304,20.820195799511957,21.44930757932606,5.510931081146736
23.0,12.812854478006365,21.786682839252673,23.487335363378712,6.215593035399627
23.01,13.705352349718158,22.542980694390813,25.773422719363733,6.892789370396643
23.02,14.571884215090954,23.018829685071584,28.278868105203316,7.502361296239575
23.03,15.384839092922086,23.14481503756459,30.95285945396501,8.00362474724035
23.04,16.112983227167984,22.860321865945004,33.72077844029818,8.362003525371286
23.05,16.723092856208396,22.12298903368852,36.48575766234892,8.555941120524624
23.06,17.18234475086404,20.918128330921128,39.13447539212772,8.581831301443906
23.07,17.461286548203425,19.26591552546496,41.54733115756574,8.45478164913458
23.080000000000002,17.53700549125453,17.224037900813162,43.6118672947814,8.20431417989576
23.09,17.395957841604236,14.884200819122572,45.236987660805575,7.866238702922815
23.1,17.035889150099486,12.362419018869131,46.36477467990061,7.473761839851256
23.11,16.46641211604572,9.784856339951075,46.97701007050152,7.051210356070347
23.12,15.708091202479807,7.2723586021002795,47.09489726428029,6.612270297196745
23.13,14.790220762183408,4.927118936974096,46.772434759814516,6.162335510766686
23.14,13.747757779660487,2.824021741247576,46.08557368542991,5.702871022895613
23.150000000000002,12.61799384906714,1.0076060241433868,45.12006287199109,5.235444850197698
23.16,11.437505445272176,-0.5059959443025148,43.960604093608,4.764003711204387
23.17,10.23975488526448,-1.7237871496830888,42.68295688212472,4.295198585820971
23.18,9.053505313041539,-2.669187470778186,41.3494855339497,3.8373903259133226
23.19,7.902030798166099,-3.375421523653375,40.00775384478847,3.399181189888683
23.2,6.802984335048999,-3.879976096497026,38.6913149241129,2.9881147053362938
23.21,5.768736492362317,-4.220517252621412,37.42176710177328,2.609851518762319
23.22,4.806999577163746,-4.432245224934856,36.21130489769899,2.2678561061981166
23.23,3.9215840489764258,-4.546442265474866,35.065238900863626,1.9634811638415022
23.240000000000002,3.113176295769477,-4.589895561910717,33.98419158265995,1.6962939753494397
23.25,2.380067304481134,-4.584895792223971,32.96585247761541,1.4645072179072114
23.26,1.7187942462221977,-4.549571658848557,32.006288259852944,1.2654172399442416
23.27,1.1246801019218777,-4.498388986706329,31.10086226208436,1.0957933250642853
23.28,0.5922711869376038,-4.442702850550305,30.24484051581677,0.9521926151756155
23.29,0.115680736343719,-4.391296830592359,29.433762381733995,0.8311957492576302
23.3,-0.3111494198810811,-4.350875003977583,28.66364418050616,0.7295697788736781
23.31,-0.6942559816250666,-4.32649230712963,27.931070795905608,0.6443702300817472
23.32,-1.0395174949378823,-4.3219206229803655,27.233216792839766,0.5729956434244246
23.330000000000002,-1.3525625338240854,-4.339954140971593,26.567826930685907,0.5132072481832941
23.34,-1.6387129919350507,-4.382660312765543,25.93317662453869,0.46312472881522054
23.35,-1.902954309056051,-4.45158353137078,25.328025862684676,0.4212069913792354
23.36,-2.149925907672479,-4.547908420381439,24.75157500672093,0.3862248097263578
23.37,-2.3839263771199812,-4.672588884337291,24.203427382066867,0.3572304130262001
23.38,-2.6089290040175346,-4.826448146126104,23.683561228330156,0.33352754383465255
23.39,-2.8286041173162455,-5.010254036665118,23.19231209308347,0.31464428041594356
23.400000000000002,-3.0463454129270398,-5.2247728720063895,22.730365855055148,0.3003099530934571
23.41,-3.2652979670783897,-5.470804372584083,22.29876204857635,0.2904367474972482
23.42,-3.488386058470071,-5.749199244823073,21.89890687400363,0.28510602423730486
23.43,-3.718339213412076,-6.060860244257089,21.53259509916268,0.2845589383715229
23.44,-3.957715079112363,-6.4067267585464105,21.202039890594424,0.2891905572279214
23.45,-4.208917829389267,-6.78774217990539,20.909909382218917,0.29954629856744575
23.46,-4.4742108241514496,-7.2048025802144275,20.659368422305164,0.3163190942196552
23.47,-4.755722188615608,-7.658684473657383,20.454123368212663,0.34034518602368635
23.48,-5.05544186151979,-8.149948787550203,20.29846695091267,0.3725958523344031
23.490000000000002,-5.375208498448837,-8.678817629214928,20.19731903374958,0.4141616368769993
23.5,-5.71668442865889,-9.245020145210058,20.15625746970873,0.4662248354857205
23.51,-6.081316684347335,-9.847603886301771,20.181531158815286,0.530015176114432
23.52,-6.470281999251219,-10.484708857638031,20.280044796740786,0.606742977093695
23.53,-6.884413680144206,-11.153303174925805,20.45930173213707,0.6975038852759484
23.54,-7.324108490206966,-11.848882378967048,20.727287983553932,0.8031500344762987
23.55,-7.789212280949003,-12.565139466820938,21.092277177770374,0.9241247522126697
23.56,-8.278884237425228,-13.293620070775157,21.562533626010968,1.0602625389736122
23.57,-8.79144145448807,-14.02338733044033,22.145890013612423,1.2105637005981966
23.580000000000002,-9.324188337193231,-14.740733893757858,22.849178769293832,1.3729641687460274
23.59,-9.87323916881246,-15.428993512809349,23.67750407738718,1.5441353044447057
23.6,-10.433347142935244,-16.068520129932228,24.633356919717627,1.7193639163539745
23.61,-10.99775899943689,-16.636914885997854,25.71560043726389,1.8925751584230075
23.62,-11.55812054429779,-17.10958600436353,26.918388051753677,2.0565636825663023
23.63,-12.104463663564179,-17.460716284893724,28.230120425619784,2.20348300322366
23.64,-12.625308284549307,-17.664680798724582,29.632593664677053,2.3256021342682436
23.650000000000002,-13.107910961551582,-17.697898085228964,31.100529255529644,2.4162707674654054
23.66,-13.538683182868974,-17.541012097943185,32.601690398942914,2.470949853199111
23.67,-13.903785603688604,-17.181199268236607,34.09776219597962,2.488088715222994
23.68,-14.189879357959825,-16.614297164803183,35.54609149851042,2.4695992674945337
23.69,-14.384985121634074,-15.846389987722418,36.902245798812835,2.420726127219656
23.7,-14.479370339391773,-14.894494772483126,38.12317884897381,2.349248006412536
23.71,-14.46636279092993,-13.786091746031861,39.17062426279915,2.2641393560592498
23.72,-14.342982344938108,-12.55742753651181,40.014229475941605,2.1740020400686983
23.73,-14.110297379942475,-11.250752935897259,40.633936499199294,2.0856652503132356
23.740000000000002,-13.773447575457787,-9.910874898446464,41.02123011226479,2.0033014559758215
23.75,-13.341323947005552,-8.581539845345764,41.17908525006371,1.9282335118035618
23.76,-12.825948822644964,-7.302180412309419,41.120694873012376,1.859387039462389
23.77,-12.241640681892623,-6.105450198475599,40.867276117832944,1.794164064811634
23.78,-11.6040723131986,-5.015780735850576,40.445379706294936,1.7294395918681296
23.79,-10.929332395753756,-4.048983161845237,39.884144053023476,1.6624183055551542
23.8,-10.233083321085202,-3.2127414090963966,39.212857255423415,1.591194120098374
23.81,-9.529878962848898,-2.5077386135611217,38.45905745498503,1.5149752457792203
23.82,-8.832673512455813,-1.9291297347739484,37.64726011038431,1.4340289320761168
23.830000000000002,-8.152523368418917,-1.4681048183441054,36.79828388021947,1.3494455203926248
23.84,-7.498462556027032,-1.1133527113013924,35.92907180484555,1.2628254388075968
23.85,-6.877519515065836,-0.8523093311501273,35.05287193826516,1.1759709326021979
23.86,-6.29483841381769,-0.6721402871221271,34.179642111645656,1.0906330902621248
23.87,-5.753869372457476,-0.5604562034597853,33.31656422650377,1.0083356890250867
23.88,-5.256596802085549,-0.5057891143493072,32.46858267402074,0.9302761474669928
23.89,-4.803781497416397,-0.4978726606506999,31.638910829720825,0.8572914458138559
23.900000000000002,-4.395198731416889,-0.5277720306382092,30.82947441081932,0.7898717470912919
23.91,-4.029860529621303,-0.5879060674540505,30.041279048104155,0.728204271118192
23.92,-3.7062151518998516,-0.6719971993622553,29.274701818979864,0.6722325327086499
23.93,-3.4223204961842413,-0.7749771853489112,28.529713754954216,0.6217197030419911
23.94,-3.175990759981769,-0.8928694667434072,27.806043809814703,0.5763085414169292
23.95,-2.964917432100039,-1.0226628097691919,27.10329571171106,0.5355735194101664
23.96,-2.786766738581583,-1.16218608946689,26.421028540754268,0.49906320784073854
23.97,-2.6392562172678957,-1.3099904262027864,25.7588105145625,0.46633271153676764
23.98,-2.5202132975736267,-1.4652422553213684,25.116253820899736,0.436967015851058
23.990000000000002,-2.427618734748239,-1.6276290747523927,24.49303670840891,0.4105966904754007
24.0,-2.359637578830845,-1.7972783766652707,23.88891759370902,0.3869076206516118
24.01,-2.3146401097084284,-1.974689462632682,23.30374473414231,0.3656464262451766
24.02,-2.2912148833533177,-2.160677338066886,22.737464062481415,0.3466230832132771
24.03,-2.2881757379077294,-2.3563275836358546,22.190127064349184,0.3297120518938297
24.04,-2.304564318682911,-2.562960937218383,21.661900068101993,0.31485299140058415
24.05,-2.3396494077703864,-2.7821062371279646,21.15307597344592,0.30205192953312027
24.060000000000002,-2.392924091041758,-3.015480336833697,20.664089233457986,0.29138357880569105
24.07,-2.464101563422966,-3.264973573423212,20.19553479327907,0.2829953466040207
24.080000000000002,-2.5531101604626585,-3.5326393325907595,19.748191650380537,0.2771134785518796
24.09,-2.66008800645007,-3.820686181294594,19.323051712749773,0.27405169070699215
24.1,-2.7853774812392262,-4.131470916155927,18.921354671858122,0.27422257538981926
24.11,-2.9295195227659057,-4.467490682020518,18.544629656654422,0.27815198995613344
24.12,-3.0932475920518874,-4.831372030979093,18.19474447088237,0.28649653508006945
24.13,-3.277480923139819,-5.225854396590343,17.873963211546304,0.30006406978002403
24.14,-3.483316451592194,-5.653764929507595,17.585012985401335,0.3198369562849492
24.150000000000002,-3.7120185505783208,-6.117980958632137,17.331160233681036,0.34699732943046785
24.16,-3.965005391126651,-6.6213754902526505,17.116296774900054,0.38295307981539883
24.17,-4.243830370876894,-7.166740131185753,16.94503498840825,0.4293623508655725
24.18,-4.550156613247106,-7.756678637082086,16.822810462591608,0.4881530900945437
24.19,-4.885722020203348,-8.393462998809815,16.75598875874117,0.5615324770942856
24.2,-5.252291769341234,-9.078842707656491,16.751970491982252,0.651978811767809
24.21,-5.651594498018114,-9.813796805189464,16.81928546680885,0.762205691624824
24.22,-6.085237758288332,-10.598217899311607,16.96766187562847,0.8950851883949583
24.23,-6.5545977420274975,-11.430518102609252,17.20805035894501,1.053513669570489
24.240000000000002,-7.060677912524465,-12.307149693756987,17.552574950981924,1.2402017499393692
24.25,-7.603931268584791,-13.222039425568237,18.014373804705826,1.457370080685906
24.26,-8.184041851008931,-14.165946348137014,18.60728286416069,1.7063375619268641
24.27,-8.799663246674518,-15.125770534128717,19.34530699257822,1.987001156326865
24.28,-9.448115838649361,-16.08386577913202,20.24181846649246,2.29723018970515
24.29,-10.12505103798381,-17.017443891770146,21.308426925098512,2.6322353572643826
24.3,-10.824100271923028,-17.898200113931853,22.553484357146324,2.984022818946535
24.310000000000002,-11.536539284300446,-18.692333120122363,23.98023123661645,3.3410990867900585
24.32,-12.251013714428183,-19.36116765493234,25.584662403506734,3.6886345256924216
24.330000000000002,-12.953387992631141,-19.862594810382895,27.353295928670235,4.0092918864516
24.34,-13.626792486403938,-20.153500013359697,29.261156623572397,4.2848448705184055
24.35,-14.251947708332795,-20.19322786481237,31.270412716583138,4.498524992567199
24.36,-14.807832144171122,-19.94792413030624,33.33018400777083,4.637757108716201
24.37,-15.272725575943001,-19.395315525043472,35.37801260920979,4.696654823527222
24.38,-15.62560061619879,-18.529197982937077,37.34329877550891,4.677490194251515
24.39,-15.847757615321425,-17.362707058631607,39.15263865068266,4.590478834429311
24.400000000000002,-15.924518521128538,-15.92945761532657,40.7365145724847,4.451686086616599
24.41,-15.846738162382563,-14.281940253907488,42.03632018686034,4.279529889499713
24.42,-15.611881686956687,-12.48712362993331,43.01043508581062,4.090927891482301
24.43,-15.224468485478125,-10.619884182637744,43.638143318798086,3.8982954691297773
24.44,-14.69578966311853,-8.755437033152896,43.92063969126405,3.7082352492903774
24.45,-14.042940643230299,-6.9621669115130125,43.879052678663065,3.522054568485773
24.46,-13.287333963511266,-5.296077740971631,43.55009400745969,3.33757498476935
24.47,-12.45293532260334,-3.797582571743851,42.9803931347071,3.151367203189488
24.48,-11.564481931863059,-2.490744298711553,42.2206753497221,2.96063003501347
24.490000000000002,-10.6459017762844,-1.3845625863005107,41.32072917703889,2.764282988195783
24.5,-9.719077085848658,-0.47561231586263275,40.32571994159528,2.5632295568905983
24.51,-8.803011529549332,0.2487091889756301,39.274000793951025,2.3600084975871467
24.52,-7.91338948114849,0.8069406420055648,38.196263631913325,2.158138672670294
24.53,-7.062468169567426,1.2207262627209867,37.1157037080401,1.961422652044305
24.54,-6.259220932076717,1.512592421785456,36.04882967829974,1.77337663987702
24.55,-5.50964719957487,1.704365585207047,35.00659332676446,1.596856201034628
24.560000000000002,-4.8171749794276995,1.8161647492503896,33.995595128477284,1.4338768715932215
24.57,-4.183097662168462,1.8658546296210063,33.01920934280112,1.285591008445077
24.580000000000002,-3.607004003605695,1.868836944810222,32.07854638552023,1.152370097431217
24.59,-3.087175221800929,1.8380699092475983,31.173223859722363,1.033945081340701
24.6,-2.6209350610283777,1.7842279796131228,30.301951415118833,0.9295675987105454
24.61,-2.2049472615878085,1.715937048473522,29.46295259896297,0.8381668367653381
24.62,-1.8354605582311951,1.6400405763285695,28.654253886671658,0.7584871394366228
24.63,-1.5085047459643828,1.5618681229090745,27.873871371852783,0.689199508207591
24.64,-1.22004313577432,1.4854893825689188,27.119922319677624,0.6289856235156114
24.650000000000002,-0.9660874119958491,1.4139448184261085,26.390684051969096,0.5765963823965105
24.66,-0.7427809082946211,1.3494491831389364,25.68461769697685,0.5308887109184203
24.67,-0.5464559322279172,1.2935674093368759,25.000369862930366,0.49084505972184833
24.68,-0.37367018402002605,1.2473641941882754,24.336761559570554,0.4555799329169893
24.69,-0.22122665682759715,1.2115295670524469,23.69277074908704,0.424337340562361
24.7,-0.08618074681604523,1.1864831481909532,23.067512693514786,0.39648241860217215
24.71,0.03416231761181526,1.1724599000880054,22.46022066602073,0.37148976956901375
24.72,0.14225717724900225,1.1695800815499766,21.87022848353662,0.3489304286396434
24.73,0.24033311596399054,1.1779059253445205,21.29695558132408,0.3284587984457024
24.740000000000002,0.3304122734107298,1.197487325043238,20.739894887056455,0.30980044051911576
24.75,0.41433002386667117,1.2283985667065511,20.198603483276713,0.29274126198148503
24.76,0.4937565512968629,1.2707678937101996,19.672695911671056,0.2771183835556667
24.77,0.570218901733833,1.3248014580774745,19.161839925605385,0.262812804842935
24.78,0.6451229996260182,1.3908029941119762,18.665754507038447,0.24974387941552623
24.79,0.7197752810342543,1.46919035194752,18.184210008714725,0.23786556082324842
24.8,0.7954037290529447,1.560509849954003,17.717030348636165,0.2271643683383333
24.810000000000002,0.8731782006142698,1.665449244504343,17.264097263063395,0.2176590379209999
24.82,0.9542300132635022,1.78484997106851,16.825356712608837,0.20940186179596668
24.830000000000002,1.0396708192472168,1.919719178611143,16.400827632105642,0.20248177383110602
24.84,1.1306108352929782,2.0712419554599086,15.9906133195706,0.19702930418812334
24.85,1.2281765219858265,2.2407940236490482,15.594915874733037,0.19322360352500484
24.86,1.33352781806766,2.4299550532723386,15.214054226095127,0.19130182335922882
24.87,1.4478750328252266,2.6405226098373826,14.848486430541731,0.19157123435633466
24.88,1.5724954835226057,2.874526584874652,14.498837094322457,0.1944245671596171
24.89,1.7087499329493474,3.1342437588992387,14.165930951410006,0.2003591683531724
24.900000000000002,1.8580988315842935,3.422211887978886,13.85083384606496,0.21000067183978344
24.91,2.022118294910632,3.7412423671157797,13.554902599609521,0.22413198303678622
24.92,2.202515642253314,4.094430075230851,13.27984549118948,0.24372844174931432
24.93,2.4011441797299504,4.485158409342366,13.02779533561848,0.2700000391936942
24.94,2.6200167138740884,4.917096721360203,12.801397373504223,0.30444146711300163
24.95,2.861317017661662,5.394186320647102,12.60391435686285,0.3488904975094213
24.96,3.1274081159158893,5.920609829097223,12.43935124692402,0.405594618082178
24.97,3.420835786158093,6.500736894571934,12.31260172861688,0.47728481803891354
24.98,3.7443250525919254,7.13903700381922,12.229618118170162,0.5672537031441957
24.990000000000002,4.100766649730337,7.839947323430748,12.197604943555406,0.6794324119988409
25.0,4.493189412044614,8.607680119058628,12.22523414773636,0.8184567242922289
25.01,4.924713276832936,9.445950441932474,12.322875994552426,0.9897068636109098
25.02,5.398476058291363,10.35760070221529,12.502833670818802,1.1992974086361392
25.03,5.917525392485684,11.344095079285298,12.779560429634671,1.4539832800600028
25.04,6.484665375770526,12.40485460029176,13.169824947856862,1.760935424488228
25.05,7.1022456697022465,13.536405123040302,13.692772472238007,2.1273272872751874
25.060000000000002,7.771879687411402,14.731318508511263,14.369805843021318,2.5596643862755863
25.07,8.494078693953215,15.976946511569661,15.22418231567703,3.0627916033681206
25.080000000000002,9.267791460555236,17.25398334573675,16.28019232210566,3.638537916174967
25.09,10.089846225211396,18.534953237060318,17.561762098962856,4.28402195520214
25.1,10.954305285008788,19.78280901554268,19.090316816227975,4.989760055763454
25.11,11.851764820871875,20.949946734334567,20.881775576863618,5.737897773485239
25.12,12.768664996456947,21.97807654238354,22.942652525510425,6.501104673162121
25.13,13.686717084572921,22.79950665780026,25.265438083500786,7.242858011959036
25.14,14.58259982962975,23.34043089825276,27.823744931712408,7.919856774179584
25.150000000000002,15.428113939790805,23.526669880826447,30.568097580058506,8.486979126546249
25.16,16.190991187734312,23.29191034608821,33.423623457303584,8.904412673368425
25.17,16.836508221813478,22.587782816924893,36.29108345467657,9.145466874208232
25.18,17.329935263419394,21.394219972262285,39.052428404571096,9.202598358717403
25.19,17.639657860035978,19.727744097527758,41.5812179158261,9.08907245745874
25.2,17.740583313300114,17.645081857123156,43.75685412962778,8.834964964445462
25.21,17.617257326862788,15.24017713109576,45.48007682526149,8.47857993246099
25.22,17.26605975084783,12.634292490431717,46.68621191610139,8.056569068221728
25.23,16.695978547912024,9.96095446918859,47.35286345762186,7.596622635487629
25.240000000000002,15.927761929168815,7.349136596859818,47.50020003830094,7.115081883182856
25.25,14.991623390639747,4.908525375521723,47.18415873308984,6.619208295894639
25.26,13.923988871729613,2.719799671110221,46.48483490902449,6.111833094714467
25.27,12.763925192699043,0.831077304476618,45.49326833283317,5.595733474074677
25.28,11.549847882624618,-0.7401185154264944,44.29957643400998,5.076095962991105
25.29,10.3169255829876,-2.0011759976557375,42.98430081718119,4.560832014961193
25.3,9.095366221029956,-2.977094530045601,41.61354103909071,4.059456454966245
25.310000000000002,7.909566599772019,-3.703300570613095,40.237444344059426,3.5814801362333597
25.32,6.77797498218444,-4.2196496568942425,38.891101848255104,3.13502669666413
25.330000000000002,5.7134608971322605,-4.5660398904839585,37.59681801770456,2.725998013127735
25.34,4.7239894430142755,-4.779602403923161,36.36690130580893,2.3578068459323913
25.35,3.8134333552181316,-4.893189383410288,35.2064004949744,2.031536050259759
25.36,2.982403322698394,-4.9348039178571135,34.11547187617212,1.7463447452220033
25.37,2.229021614841729,-4.927640895482392,33.09125711658102,1.4999689452477831
25.38,1.5495995242270375,-4.89047739921471,32.12927344302849,1.2892132428740868
25.39,0.9392040301476319,-4.83822797521359,31.224380339876344,1.1103764356256822
25.400000000000002,0.3921147187711025,-4.7825465126051405,30.37140951446148,0.9595882049430242
25.41,-0.09781939251180594,-4.732406304924125,29.565544297729637,0.8330554037639215
25.42,-0.5369096396512156,-4.694623755643577,28.802522984045094,0.7272279378288617
25.43,-0.9314297256103758,-4.674312362112529,28.078725324997805,0.6388989497377617
25.44,-1.287476324447995,-4.675265725039238,27.391186483675554,0.5652547639774057
25.45,-1.61087615189088,-4.700274515049882,26.737570010972195,0.5038887223091305
25.46,-1.907129148034784,-4.751384909713371,26.116121333504008,0.45279081579573666
25.47,-2.181379156559587,-4.830106567451113,25.52561571190964,0.41032258013962386
25.48,-2.4384050543654743,-4.937577716840854,24.965309241768356,0.3751844190423332
25.490000000000002,-2.68262663346694,-5.074693988837108,24.434897766534625,0.3463805164995003
25.5,-2.918120657101781,-5.242206517762332,23.934486123993786,0.32318484340914155
25.51,-3.1486434199675495,-5.440793736321973,23.464568593919616,0.3051104462555865
25.52,-3.3776568620554777,-5.671110251403008,23.026020467720425,0.2918831841945686
25.53,-3.6083558414873687,-5.933815225149968,22.62010009963905,0.2834202990993592
25.54,-3.8436945866705186,-6.229581793045293,22.248460455368477,0.27981359930395566
25.55,-4.086410641404017,-6.5590882149311875,21.91316891929507,0.2813165505237639
25.560000000000002,-4.339044804784154,-6.922990666679495,21.616733855109175,0.2883341392402371
25.57,-4.603955665288211,-7.321876839267549,21.36213605294616,0.30141395384097114
25.580000000000002,-4.883327348944641,-7.756198832587078,21.152862666360623,0.3212364760057735
25.59,-5.17916905970008,-8.226183248256124,20.992940476625886,0.34860206293437535
25.6,-5.493304903866663,-8.73171596216227,20.886964256936587,0.38441152627386327
25.61,-5.827352383824663,-9.272198894343441,20.840114590196947,0.4296366069114077
25.62,-6.182687852498457,-9.846376340569279,20.858157684927654,0.4852760889938704
25.63,-6.560397186863063,-10.452129295054098,20.947417536068276,0.5522929487379332
25.64,-6.961210031694204,-11.086237950976848,21.11470826179231,0.6315280496886845
25.650000000000002,-7.38541627263785,-11.744115550255023,21.367211799051898,0.7235868497255766
25.66,-7.832764034706728,-12.419521338487014,21.712283719223894,0.8286978657967086
25.67,-8.302339606854375,-13.104266913975637,22.15716833591012,0.946545806693376
25.68,-8.792431418234894,-13.787938952843316,22.70860443690727,1.076088824014834
25.69,-9.300382681792101,-14.457672034370932,23.37230614567327,1.2153784194205024
25.7,-9.822440670255126,-15.098017384102814,24.1523111669544,1.3614116373296379
25.71,-10.353614776072416,-15.690965191006086,25.050202654607403,1.5100565007749118
25.72,-10.887560300536402,-16.216186920772415,26.064232468565223,1.6560997799907315
25.73,-11.416509776978193,-16.65156557851494,27.188402886702207,1.7934659574355556
25.740000000000002,-11.931277616699958,-16.974070952505528,28.411599033063943,1.9156416048675498
25.75,-12.421365611251597,-17.161008218459738,29.716900339420516,2.016305521945121
25.76,-12.875194666027477,-17.19161847535731,31.081227428004027,2.0901119087046602
25.77,-13.280480443066311,-17.04893994978019,32.475488754485326,2.133510244836933
25.78,-13.624756319689203,-16.72175720676806,33.86536619878887,2.145430644838633
25.79,-13.89602651383583,-16.20638992498148,35.212811364231285,2.1276437134478656
25.8,-14.083507649572887,-15.5080267223417,36.47821529169408,2.084642881110015
25.810000000000002,-14.178392875426928,-14.641317892964269,37.623079045813434,2.0230008376566175
25.82,-14.174554908902751,-13.630019171660265,38.61288186677753,1.9502971035904606
25.830000000000002,-14.069099093073785,-12.505622848925983,39.41975652448652,1.873851061496472
25.84,-13.862688637975307,-11.30509481125981,40.02457248212504,1.7995664294077964
25.85,-13.559591589770433,-10.068009903598082,40.41811064526662,1.731163571352035
25.86,-13.167437917547671,-8.833493728971161,40.60117356708983,1.6699531769766751
25.87,-12.696716988519544,-7.637402943694189,40.5836701115909,1.6151385931231697
25.88,-12.160081142413073,-6.510104158883619,40.3828902518971,1.564490611533387
25.89,-11.571542628228725,-5.475069973379407,40.02129903252713,1.515166847452436
25.900000000000002,-10.945655608266836,-4.54834403623314,39.52420798644512,1.4644595464841281
25.91,-10.29676374707355,-3.738780251522115,38.91763468506002,1.4103272554586392
25.92,-9.638372072183959,-3.048864426376277,38.226564091632405,1.3516577411006505
25.93,-8.98267569654839,-2.475889060221009,37.473713150209996,1.2882872070712312
25.94,-8.340253362558173,-2.013264906813844,36.67880109973524,1.220846325332976
25.95,-7.719914425362338,-1.6517980047199667,35.85825866135317,1.1505159894818475
25.96,-7.1286754267603385,-1.3808184351233126,35.02527325785853,1.0787645692631491
25.97,-6.571836573845782,-1.189101941386052,34.1900596693606,1.0071161050915964
25.98,-6.053127870978498,-1.0655690494997996,33.36025683136836,0.9369752882522832
25.990000000000002,-5.57489759961766,-0.9997756347132924,32.54137249943546,0.8695160008140508
26.0,-5.1383206434570035,-0.9822250952658396,31.737220933729837,0.8056276497277479
26.01,-4.7436095313594535,-1.0045384396810442,30.950319998047977,0.745907105760251
26.02,-4.390216171341581,-1.059518088342341,30.182230928918493,0.6906822279722847
26.03,-4.077016616890923,-1.1411369891922765,29.43383602696852,0.6400540024756509
26.04,-3.802474671522312,-1.244478915997758,28.705557156033695,0.5939468103134583
26.05,-3.5647827113048898,-1.3656499319081021,27.997522131688317,0.5521592515147238
26.060000000000002,-3.3619798984964047,-1.501675706525191,27.30968783122634,0.5144106828682925
26.07,-3.1920491206558514,-1.6503949812451906,26.64192902948063,0.4803808782507494
26.080000000000002,-3.052994668328604,-1.810356030922431,25.99410123283338,0.44974190182538176
26.09,-2.942902992908505,-1.980720378273842,25.366084624230563,0.4221824261183373
26.1,-2.8599889723982157,-2.161176134158413,24.75781495491177,0.397425417478088
26.11,-2.802630039461659,-2.3518620073731706,24.169306006610267,0.3752404580119576
26.12,-2.769390354361805,-2.5533021126536894,23.60066719449098,0.35545207872525497
26.13,-2.759036978138414,-2.7663510896099184,23.052119021091716,0.33794543054887805
26.14,-2.770549747829756,-2.9921486369522126,22.524008424911035,0.32267048582482627
26.150000000000002,-2.803126294377685,-3.2320822950472055,22.01682557487717,0.30964579071169523
26.16,-2.8561833861177797,-3.4877571215649246,21.53122331582638,0.29896260970452343
26.17,-2.9293555319169737,-3.760970757918682,21.068040239698664,0.2907901335716364
26.18,-3.0224915394911296,-4.053692245094861,20.62832821208329,0.2853822665878891
26.19,-3.1356494946209814,-4.368042788764659,20.213385094819763,0.283086363925498
26.2,-3.2690904020129476,-4.7062764713654275,19.824793343936435,0.284354143748475
26.21,-3.4232705027643577,-5.070758641624473,19.464465098553145,0.2897548323133551
26.22,-3.598832049718761,-5.463939360203703,19.134694277208393,0.299990388638101
26.23,-3.7965920722860615,-5.888318826683914,18.838216023433805,0.3159123650569685
26.240000000000002,-4.017528387742996,-6.346401145249429,18.578273541894834,0.33853955022448984
26.25,-4.262761807789841,-6.840632099541516,18.358691874993355,0.36907496295855685
26.26,-4.533533139425246,-7.37331581112795,18.18395740339785,0.4089199639100787
26.27,-4.831173183002288,-7.946504285581655,18.059300705597508,0.4596821725829319
26.28,-5.157063488211476,-8.561852980180022,17.990778749670437,0.5231724776602384
26.29,-5.512585151148377,-9.22043479488882,17.985350061485285,0.6013847037368757
26.3,-5.899052449253909,-9.922504522735768,18.050933353645068,0.6964495199246657
26.310000000000002,-6.317627667651672,-10.66720615523704,18.196435961528064,0.8105521589046121
26.32,-6.76921315921925,-11.452217051942316,18.431733238675992,0.9458019022367092
26.330000000000002,-7.2543166421970895,-12.273326585320564,18.76757389406293,1.1040408611176038
26.34,-7.772886180976916,-13.123953414558445,19.215379487804544,1.2865815652682682
26.35,-8.324112505211623,-13.994616141309756,19.78689981691224,1.4938689686168614
26.36,-8.90619866763061,-14.872387870383362,20.49368134407578,1.7250747233362422
26.37,-9.51610094706555,-15.74038688511359,21.346305780063023,1.9776518227796394
26.38,-10.14925078356671,-16.577382991423306,22.35336421096877,2.2469065769326657
26.39,-10.799275650384187,-17.357629867588972,23.52015354937161,2.5256799564016914
26.400000000000002,-11.457747007682823,-18.051062620059973,24.847121578721683,2.8042639878145117
26.41,-12.113995034035096,-18.62401713661194,26.32814788312073,3.070696518166934
26.42,-12.755040834264685,-19.04061981890817,27.948829390619515,3.3115584828671247
26.43,-13.36570411932142,-19.264946411851565,29.685031551260124,3.5133206240704937
26.44,-13.928943591976246,-19.26394303607567,31.502047868618458,3.664142478175557
26.45,-14.426473655234174,-19.01093855210639,33.35474787702283,3.7558357234673805
26.46,-14.839670972606788,-18.489374126881266,35.189046856541935,3.7855280822048525
26.47,-15.150737761223066,-17.69618106010604,36.944868567309506,3.756496624689114
26.48,-15.344031226134867,-16.64412358512038,38.560494271458666,3.6777660342657503
26.490000000000002,-15.407412661864685,-15.362464204082226,39.97784528471997,3.562403251212834
26.5,-15.333432484727698,-13.895546333402603,41.147930021940496,3.4248848694055383
26.51,-15.120165033051018,-12.299295263698326,42.03551977793566,3.278273815182896
26.52,-14.771547584479407,-10.63610808037262,42.622190139521315,3.1320288006070425
26.53,-14.297156408511144,-8.96898428824063,42.90718531763949,2.9910226455444127
26.54,-13.71144989766945,-7.3559079907633285,42.90604018571652,2.8558809900155393
26.55,-13.032598688391651,-5.845378098048083,42.64737365289145,2.7242984348392634
26.560000000000002,-12.281081705501569,-4.4736490436095,42.16859599410393,2.5927423385984767
26.57,-11.47824314561561,-3.263819503488875,41.511370385337706,2.457977171684713
26.580000000000002,-10.644980915639778,-2.226530495485442,40.717547709990235,2.318056236177509
26.59,-9.800685502223113,-1.361800462125946,39.82603692750264,2.172692357177612
26.6,-8.962487457065155,-0.6614569627653154,38.87078567124702,2.0231204771621396
26.61,-8.144816993121037,-0.11168840743582842,37.87980948962929,1.8716572608449664
26.62,-7.359239724076854,0.30462540273718436,36.87506259097941,1.7211602585208654
26.63,-6.614510832425945,0.6059954381279629,35.872887969878484,1.5745336227984246
26.64,-5.916783599372184,0.8108835106139838,34.884796893213235,1.4343588276078714
26.650000000000002,-5.26991265053616,0.9367185357895305,33.91837696393267,1.3026719524671004
26.66,-4.67580260689661,0.9992994783312774,32.97818906534409,1.18087275239486
26.67,-4.134765175855309,1.0124981028790465,32.06657009562355,1.0697336231542354
26.68,-3.6458595118684323,0.9881768395929567,31.184302781175493,0.9694731219579221
26.69,-3.2072005860304356,0.9362493860426973,30.331144340163085,0.8798629850102045
26.7,-2.816227889880639,0.8648274480035638,29.50622404660037,0.8003450454056995
26.71,-2.4699321615151035,0.7804123306570011,28.708328804125735,0.7301422595262284
26.72,-2.1650413222871525,0.6881030555333779,27.936098707209666,0.6683547567720765
26.73,-1.8981688848652616,0.5918027476103611,27.188153745868984,0.6140369228466631
26.740000000000002,-1.6659291453251632,0.49441237758829937,26.463170111699316,0.5662550186360032
26.75,-1.4650238385992733,0.39800602699088367,25.75992117569129,0.5241269736815825
26.76,-1.2923048721503858,0.30398520315643446,25.07729483287411,0.4868470980486957
26.77,-1.1448174382498417,0.21321184881121735,24.414295906501927,0.4536988390240528
26.78,-1.0198273632441035,0.12612095217040648,23.77003981893933,0.4240586293959812
26.79,-0.9148360617159823,0.042814355010684396,23.143741784027007,0.3973935316980115
26.8,-0.8275859729378027,-0.036862319694194165,22.534704306725157,0.37325492049496123
26.810000000000002,-0.7560588943397275,-0.1132576045960698,21.94230471263112,0.3512699575023361
26.82,-0.6984692063872356,-0.18686501773906145,21.365983689475623,0.33113215970756776
26.830000000000002,-0.6532536114077504,-0.2582849382481283,20.80523532814954,0.3125919690468759
26.84,-0.6190586865794042,-0.3281958479270225,20.259598836917647,0.2954479151492181
26.85,-0.5947272765948105,-0.3973334446056825,19.728651916792124,0.2795387197857702
26.86,-0.5792845209277163,-0.46647632296079483,19.212005688260103,0.2647365157146287
26.87,-0.5719241198673886,-0.5364371032962267,18.709301019877483,0.2509412331389315
26.88,-0.5719952879776481,-0.6080580628970815,18.22020610641136,0.23807613277292228
26.89,-0.5789907188499023,-0.682210484912558,17.744415163683783,0.2260844249987262
26.900000000000002,-0.5925357866299205,-0.7597970846861769,17.281648139540636,0.21492690074137974
26.91,-0.6123791337969584,-0.8417570024709286,16.831651379647717,0.2045805042324609
26.92,-0.6383847374136233,-0.9290729646328342,16.39419922996321,0.1950377953310024
26.93,-0.6705255042743664,-1.0227803132344269,15.969096603483017,0.18630727574997355
26.94,-0.7088784161545002,-1.1239776869385056,15.556182587240393,0.17841458706643912
26.95,-0.7536212271323376,-1.2338392050927864,15.155335217525199,0.17140462764314932
26.96,-0.8050307034503891,-1.3536280620487267,14.766477608509664,0.16534468040174782
26.97,-0.8634823905604079,-1.4847114802375445,14.389585684099996,0.16032869438045347
26.98,-0.9294518899912083,-1.6285769976740674,14.024697837512853,0.1564829214036561
26.990000000000002,-1.0035176286993022,-1.7868500769338014,13.671926930875022,0.15397317665820087
27.0,-1.08636510380092,-1.9613130156381773,13.331475151564032,0.15301407046631205
27.01,-1.1787925840819735,-2.1539251089119835,13.003652366957565,0.15388065009450388
27.02,-1.2817182441746622,-2.366843955879079,12.688898768998143,0.15692299682017552
27.03,-1.3961886950010873,-2.602447705981434,12.38781277895106,0.1625844457128964
27.04,-1.5233888514718048,-2.8633578939756017,12.101185395238367,0.17142423310686505
27.05,-1.6646530408426525,-3.1524622972008767,11.830042416808153,0.1841455260497129
27.060000000000002,-1.8214771963897813,-3.4729369409923927,11.575696262847398,0.20162994057096167
27.07,-1.9955318928777546,-3.828265945419175,11.339809434834665,0.2249797945440357
27.080000000000002,-2.1886758515828815,-4.2222573056591965,11.124472020484324,0.25556943599396487
27.09,-2.402969358629337,-4.659051872782555,10.93229600146988,0.29510698790646905
27.1,-2.6406867816133106,-5.143121679102373,10.766529460173304,0.345707673327991
27.11,-2.90432701055605,-5.679252242334437,10.631194018526058,0.40997940060074967
27.12,-3.196620157718728,-6.272501477554463,10.531248873249204,0.49112030214166397
27.13,-3.5205281864071787,-6.928125224030049,10.472784438522028,0.5930261442462965
27.14,-3.879236253400472,-7.65145603403906,10.463247593468848,0.7204025554876824
27.150000000000002,-4.276130388979887,-8.447717680461029,10.511698443405402,0.8788723158012947
27.16,-4.714755648541674,-9.321752812511466,10.62909473807122,1.0750608347088972
27.17,-5.198747008772617,-10.277635504205625,10.828593804778311,1.3166326911714068
27.18,-5.7317230442436715,-11.318134632907084,11.12585193022711,1.6122381136584696
27.19,-6.317129880744502,-12.44398925034168,11.539286180505023,1.9713105288406862
27.2,-6.958020301354588,-13.652955524710347,12.090242180988701,2.4036361859601456
27.21,-7.6567506546563795,-14.93859010507045,12.802982149292934,2.9185985267720675
27.22,-8.41457725491719,-16.28875260061109,13.704370342811606,3.5239922825918093
27.23,-9.231135720163739,-17.683848378225672,14.823090515086074,4.224320939226476
27.240000000000002,-10.103793352250037,-19.094902151771358,16.188189464636004,5.018559718132631
27.25,-11.026879183205908,-20.48166283300627,17.826718082560543,5.897512693357177
27.26,-11.990822119673048,-21.791095431010483,19.760263792716604,6.841137557126978
27.27,-12.98126761136933,-22.956805822045204,22.00027571175176,7.816541155932457
27.28,-13.978297757971404,-23.900128780903685,24.54232229716201,8.77767550688324
27.29,-14.955943155908155,-24.533704377290448,27.359823217633085,9.667891641859946
27.3,-15.882231633156271,-24.768241552247666,30.39834335096576,10.42615351522109
27.310000000000002,-16.72004165483775,-24.522673107713615,33.57210531506316,10.996645892833254
27.32,-17.428979939777673,-23.736963910227207,36.764709635775766,11.339828967603475
27.330000000000002,-17.968351439585057,-22.38556134929014,39.835793676063105,11.441391084017912
27.34,-18.301031496830237,-20.488292961918596,42.63422643765388,11.315208657679536
27.35,-18.397734579446062,-18.11508780356644,45.01648093213206,10.998254659764523
27.36,-18.240910369022334,-15.381827535347684,46.86665067634796,10.538993645475564
27.37,-17.827419134711946,-12.436976401459626,48.113215628657514,9.984129276747293
27.38,-17.16932964896259,-9.441613078559687,48.73803627925087,9.369268161594139
27.39,-16.292614941457646,-6.547739500907556,48.77528621697981,8.716510807324987
27.400000000000002,-15.234042715629393,-3.880149070222122,48.30120015558937,8.038024168217673
27.41,-14.036968217816648,-1.525554592191603,47.41815200340178,7.342018529978798
27.42,-12.746896447942326,0.46999111760079715,46.237597018032766,6.637558227283121
27.43,-11.4075717155653,2.0968016532129328,44.865693938230166,5.936486672186948
27.44,-10.058070286270166,3.3731507093080344,43.39368686717824,5.2527412764996715
27.45,-8.731051058304525,4.335600903685304,41.89332448048448,4.600356523161324
27.46,-7.452065044813165,5.030175081094656,40.41636709841824,3.9914331914321894
27.47,-6.239681401438871,5.505481118438668,38.996741962808436,3.434805365837348
27.48,-5.106147884443557,5.808059995772487,37.653978784015386,2.935573420866164
27.490000000000002,-4.058332671391231,5.979704215884678,36.396910457646435,2.4953294649089868
27.5,-3.098755424769184,6.056271032185264,35.22702912366367,2.1127897616266766
27.51,-2.226581150552502,6.067495398719637,34.14122029261309,1.7845779773901138
27.52,-1.4385060337629558,6.037390405444899,33.13381929396245,1.505985350153677
27.53,-0.7295049694364905,5.984936431051518,32.198055779400846,1.271615442038379
27.54,-0.09343659816669903,5.924865149812991,31.327002189653538,1.0758808745730182
27.55,0.47648362609500017,5.868425654685255,30.51414953357521,0.9133552564557701
27.560000000000002,0.9873249673865369,5.824075747930326,29.75371996426798,0.7790009207635616
27.57,1.4461782316207166,5.798076293142794,29.040804013203584,0.6682987946309263
27.580000000000002,1.8599693629461425,5.794986266336537,28.3713883327545,0.5773060620456655
27.59,2.2353333687928063,5.818066011693734,27.74232073306101,0.5026637449043371
27.6,2.5785346341986446,5.869600134629413,27.151244201421836,0.4415719197002535
27.61,2.895422150505867,5.951152116729815,26.596520328233055,0.3917460140448825
27.62,3.1914103874290163,6.063761777023647,26.07715452923212,0.3513639134356299
27.63,3.4714784032244435,6.208095093094175,25.5927299346033,0.3190105717383193
27.64,3.7401813129354373,6.384554143733285,25.143353150065796,0.2936244304355503
27.650000000000002,4.00166945169527,6.593353283030606,24.729612734594802,0.27444812413112374
27.66,4.259711523008499,6.83456619660118,24.352549755017723,0.2609845787037812
27.67,4.5177187555820115,7.108147243619399,24.0136388461642,0.2529585923245141
27.68,4.7787676473614,7.413929444103534,23.714777588399166,0.25028323814118686
27.69,5.04561928756143,7.751600616128385,23.458281539282037,0.25302986598669625
27.7,5.32073354800286,8.12065849860107,23.246881798700546,0.2614000520748672
27.71,5.606276652773607,8.520345225439444,23.083721460272013,0.27569751402891224
27.72,5.904120798488266,8.949561281857731,22.97234664977406,0.29629776172007755
27.73,6.2158346364512385,9.40675913330533,22.916687046581007,0.3236131092703823
27.740000000000002,6.5426635771947845,9.889817159075433,22.921019832213858,0.3580506816395778
27.75,6.88549907773944,10.395895457416334,22.989909959365495,0.39996130112278805
27.76,7.244836370841029,10.92127664759099,23.12811859103536,0.4495777658320463
27.77,7.6207205499393575,11.461197110954682,23.340470706045483,0.5069421977038198
27.78,8.012681596502565,12.00967729743289,23.631672486529965,0.5718240150126481
27.79,8.419659892411278,12.55936381412721,24.00606959362291,0.6436328075864725
27.8,8.839925054747201,13.101400906872389,24.467339317108838,0.7213339736857871
27.810000000000002,9.270992594158596,13.625354308859924,25.018113461653474,0.8033791871493663
27.82,9.709544910987667,14.119215591359518,25.659535325436387,0.8876679927549211
27.830000000000002,10.151365403428075,14.569519008240695,26.3907637114119,0.9715599684954259
27.84,10.591296749187732,14.961603810323648,27.208449673734236,1.0519573228619457
27.85,11.023236368571819,15.280051172931488,28.106227017497726,1.1254735802184959
27.86,11.440183157351395,15.509314204605541,29.07427375732426,1.1886934426606166
27.87,11.834349141956825,15.634540442478198,30.099015816460224,1.2385114268852901
27.88,12.19734707777512,15.642558546292651,31.163051976896195,1.2725141090611565
27.89,12.520459646166888,15.522966560099519,32.24537554423844,1.289347467368142
27.900000000000002,12.79498764760379,15.269223023193485,33.32194896516583,1.288994477459778
27.91,13.012663904488914,14.879612194566636,34.366650641503895,1.2728874703903623
27.92,13.1661077423475,14.35794024067433,35.35256055951937,1.2438011020425574
27.93,13.24928394907928,13.713829153954979,36.253490662515354,1.2055149426937772
27.94,13.257922517626362,12.962513970150418,37.045609685016714,1.162290532182744
27.95,13.189853621121644,12.12411387456087,37.708975288099126,1.1182594444096288
27.96,13.04521763072345,11.222428032549512,38.22878141324965,1.076847789489292
27.97,12.826522519250164,10.283385053558616,38.596161331667034,1.0403563576197485
27.98,12.53853888291536,9.333332013896538,38.80845227616075,1.0097747523952267
27.990000000000002,12.188042799540248,8.397370739403,38.8689115175518,0.9848462220964174
28.0,11.783434963218115,7.497930993971482,38.78595661209869,0.9643387207820183
28.01,11.334277598277913,6.653718715461441,38.57206562546963,0.9464362999219079
28.02,10.850796531032714,5.879107159217351,38.24250454748736,0.9291529422052532
28.03,10.343394234418675,5.183967338733322,37.814046616041885,0.9106862801341336
28.04,9.82221201211261,4.573876381573219,37.30381843111782,0.8896606517001593
28.05,9.296768106807287,4.050606868316439,36.728362315750935,0.8652444935701489
28.060000000000002,8.775685989931588,3.612788248070778,36.10295588327175,0.8371558108597206
28.07,8.26651559987085,3.256638816419466,35.441187988801786,0.8055863594156213
28.080000000000002,7.775641258216154,2.9766864717743466,34.754760607199614,0.7710802188172967
28.09,7.308263993344779,2.766421305603561,34.05346988848427,0.7343987219648958
28.1,6.868442943332632,2.6188473311698655,33.345314881113104,0.696395313209641
28.11,6.459179872768528,2.5269208153576113,32.63668588088263,0.6579143625938759
28.12,6.0825319171739,2.4838773119720647,31.932592543477227,0.6197195856734123
28.13,5.739739768969617,2.483458665643329,31.236901854226492,0.5824515882915453
28.14,5.431361062951514,2.5200558759722935,30.552565738199753,0.5466103350523681
28.150000000000002,5.157401290170837,2.588785006750607,29.881826358843025,0.5125566614757703
28.16,4.917436906454193,2.685512479658866,29.226393532350112,0.4805267391011928
28.17,4.710727272844579,2.8068440719877454,28.587593179420438,0.45065408847379484
28.18,4.536313628855088,2.9500894391153483,27.966488601931925,0.4229948514686986
28.19,4.393104472151678,3.113211450633823,27.363977965533195,0.3975532535726438
28.2,4.279947547563787,3.2947673135599778,26.780872049448682,0.3743053076938995
28.21,4.195689193709973,3.4938464684706387,26.21795640299183,0.35321973276668356
28.22,4.139222116937214,3.710008608929695,25.676041767974926,0.33427575078511573
28.23,4.109522813604685,3.9432238664131822,25.156006162962477,0.3174778948444192
28.240000000000002,4.105679888118999,4.1938161740884725,24.658831495632615,0.3028682395140127
28.25,4.126914451362413,4.462410018004456,24.185637042994205,0.29053659173721236
28.26,4.17259365942402,4.7498801498506795,23.73771165054289,0.2806291919618147
28.27,4.242238285595098,5.057303323733365,23.316546060470476,0.2733564011794597
28.28,4.335525023117059,5.38591069038053,22.923866378420314,0.2689997109978224
28.29,4.452284001153333,5.737039104082372,22.561669308755175,0.26791822265212817
28.3,4.592491767411746,6.112079247351082,22.232259402022297,0.2705545005169119
28.310000000000002,4.75625975100268,6.5124181419232166,21.938288130624024,0.27743941304914527
28.32,4.943817970599291,6.9393732894028135,21.682794099081235,0.2891952217618836
28.330000000000002,5.155493498042138,7.394115381316784,21.46924305782384,0.30653575861223675
28.34,5.391682930112064,7.877576265372976,21.30156557395451,0.33026204026226946
28.35,5.652817868661468,8.390338705008844,21.184189166832837,0.3612511120874368
28.36,5.939322174806183,8.932504507298686,21.122060391833955,0.4004353263181428
28.37,6.251559568268496,9.503537944919453,21.12065071637406,0.4487687056027543
28.38,6.589770022196692,10.102082235486014,21.185938071536956,0.5071766502006293
28.39,6.953993406846629,10.72574839579341,21.32435372812741,0.5764852157169285
28.400000000000002,7.343979032124659,11.370878342479497,21.54268177658215,0.6573268150702999
28.41,7.759080221167024,12.032287983461249,21.847896264647023,0.7500208768220328
28.42,8.198133928567811,12.703001546573189,22.246919441923527,0.8544311819376263
28.43,8.659326826267627,13.373995738250635,22.746284309143036,0.969806736126136
28.44,9.140051344256232,14.033981492442337,23.351686797624062,1.0946203367083749
28.45,9.636757964892334,14.669261587958607,24.067418706038595,1.2264281700840833
28.46,10.144813635874684,15.263713101779928,24.8956834254293,1.3617836251305093
28.47,10.65838033655067,15.79895237158623,25.83581373080994,1.4962465194106054
28.48,11.170332208937092,16.25474357277735,26.88343500434984,1.6245311330256482
28.490000000000002,11.672233525349961,16.60970587867643,28.029647132507762,1.7408278324253363
28.5,12.154402021024225,16.84235382431292,29.260330485209366,1.8393090772501153
28.51,12.606081382397683,16.9324673269924,30.5557091935761,1.9147897143614956
28.52,13.015741482143204,16.86273136948708,31.890318687809888,1.9634584355488114
28.53,13.371514169436603,16.620515714372168,33.23351287982808,1.9835454415067943
28.54,13.661755872042953,16.199594521774376,34.55060000663226,1.97576153308297
28.55,13.875707293765629,15.60155347179605,35.80461213382733,1.943357892998232
28.560000000000002,14.004198314631813,14.836619834901773,36.95860016204156,1.8917253844080664
28.57,14.04032765953462,13.923696110455007,37.97822579494561,1.827567550524989
28.580000000000002,13.98003741965818,12.889484038012737,38.83432632588514,1.757808259437451
28.59,13.822506420729935,11.766736962883664,39.5050899609354,1.688484612028082
28.6,13.570305180351058,10.591840018680763,39.97751917952476,1.6238880450684536
28.61,13.229286259078284,9.40204589877739,40.24797500683398,1.5661417608015844
28.62,12.808220969614643,8.232752520405837,40.32175873918568,1.5152690755390823
28.63,12.31822849587129,7.115182222662131,40.211856021228,1.4696680117709164
28.64,11.772068932579861,6.07472179460126,39.937097342999756,1.4268133388753088
28.650000000000002,11.183382957271217,5.130041376482859,39.52005057180498,1.3839837151444572
28.66,10.565957204976675,4.292968416178764,38.9849501592115,1.3388516790763298
28.67,9.933078992593542,3.5689835735579787,38.35590056079096,1.289849045700389
28.68,9.297022017925766,2.9581457323005442,37.65549610717744,1.2362967184160543
28.69,8.668681490037107,2.45624283851057,36.90390404366035,1.1783430312452763
28.7,8.057357101522848,2.055991779041059,36.11838151657623,1.1167805219494493
28.71,7.470667732854666,1.74815690270682,35.313149683956645,1.0528115593925575
28.72,6.914573373008519,1.5225075719530035,34.499528160586024,0.9878182566597342
28.73,6.3934767281154565,1.3685796896022708,33.68623428811098,0.9231714669007578
28.740000000000002,5.910377975684149,1.2762393215297028,32.879766011247725,0.8600943757392279
28.75,5.467059575114386,1.2360675090028337,32.08480702358253,0.799581777293941
28.76,5.064282641680004,1.2395959131307464,31.304612985166422,0.7423673242323698
28.77,4.70198116334816,1.2794258865182395,30.541354927831584,0.6889270702947118
28.78,4.37944468754856,1.3492617520264285,29.796409198690863,0.6395070673757941
28.79,4.0954837311454675,1.4438847803199168,29.07059240230809,0.5941642389756016
28.8,3.8485749878146414,1.559089203314346,28.364345387789673,0.5528121220960902
28.810000000000002,3.636985468790505,1.691596559646337,27.67787322523585,0.5152656062311796
28.82,3.4588761260348164,1.838960243531627,27.01124915215086,0.48128107395789765
28.830000000000002,3.3123864025488623,1.9994685043741496,26.364490338307533,0.45059017006291247
28.84,3.1957016592181997,2.172051319222873,25.737612541667993,0.42292675406255414
28.85,3.107105650342733,2.3561944387985143,25.13066967194918,0.3980474687891714
28.86,3.0450202485724263,2.5518623617912417,24.543783173799362,0.3757468687194718
28.87,3.008034521249513,2.759430892190446,23.9771651210635,0.355868288659872
28.88,2.9949250830297607,2.979629166015764,23.43113804158861,0.3383116818668647
28.89,3.0046694283879782,3.2134905022080695,22.906153788645334,0.32303958721066434
28.900000000000002,3.0364537051450555,3.4623110621171516,22.4028132341645,0.3100822506411187
28.91,3.089676140875519,3.7276150338594674,21.921888160193966,0.2995427631422261
28.92,3.1639470860065484,4.01112484547937,21.46434644114673,0.2916029068327366
28.93,3.2590863939494725,4.314734717454623,21.031381410854305,0.2865302316495395
28.94,3.37511861957811,4.640485660516067,20.624446164623656,0.2846867155525843
28.95,3.5122662800410716,4.99053978369374,20.245293425998586,0.28653918109064136
28.96,3.6709411815620605,5.367151478389172,19.89602147715169,0.29267143238689014
28.97,3.851733566405359,5.772632669167702,19.57912647280514,0.3037978137619492
28.98,4.055398568515886,6.209308857639212,19.297561185036052,0.32077754184998103
28.990000000000002,4.282839177176895,6.679462126390117,19.054799804329345,0.3446286881801676
29.0,4.535084588733947,7.185256621763988,18.854907780634957,0.37654004502525784
29.01,4.813262472503552,7.7286413236433065,18.702614739445846,0.41787824981068955
29.02,5.118563288263045,8.311224195254809,18.603387145525662,0.47018643759345463
29.03,5.452194376773906,8.934111192914655,18.563495487154164,0.5351693286670838
29.04,5.815321121848237,9.597703282247826,18.590068184018907,0.6146580868303538
29.05,6.2089920923138795,10.301444831100635,18.69112106045349,0.7105466525343765
29.060000000000002,6.634044783373165,11.043517939049115,18.87554700000232,0.8246898793938108
29.07,7.090988497765637,11.820479988541297,19.153045349492988,0.9587532442543893
29.080000000000002,7.579861198566239,12.62684670532896,19.533965031073482,1.1140050487877056
29.09,8.10005805083315,13.454631180668397,20.02902977486397,1.2910461406503848
29.1,8.650131137900042,14.292861550434619,20.648909583707166,1.4894808030515785
29.11,9.22756283087953,15.127117044423972,21.403601424039323,1.7075471210269981
29.12,9.828519854112766,15.939143944448624,22.3015870467259,1.9417466368643537
29.13,10.447601482941256,16.706638300259854,23.348750476758795,2.186540337670542
29.14,11.077603539827471,17.403307480470676,24.547066157416296,2.4342063110814762
29.150000000000002,11.709329441176997,17.999341078446548,25.8931143129663,2.674974038155841
29.16,12.33148924630298,18.462423099420704,27.376543298765185,2.8975462971612074
29.17,12.930735226061438,18.75938878387188,28.978674324175504,3.090074805632505
29.18,13.49188462175883,18.85855832539573,30.67151806010895,3.241558387755137
29.19,13.998373090048334,18.73265985844121,32.417521297646026,3.3434887684684442
29.2,14.432962314319436,18.36209343762248,34.17035364722174,3.3914145650489393
29.21,14.778690986469892,17.738115664820935,35.87694958677939,3.3859942398342797
29.22,15.020012439119856,16.865392622289626,37.4808272960658,3.3331385396444997
29.23,15.144012577211,15.763339308511146,38.92643358189663,3.2430437790914333
29.240000000000002,15.141561132732791,14.46578596291981,40.1639763623226,3.1282530257421017
29.25,15.008231947240365,13.018791366533748,41.15399554908875,3.00122882991781
29.26,14.744844516133414,11.47680408973886,41.87087958382664,2.872116468559223
29.27,14.35753080307314,9.897745103300796,42.30470147067601,2.747312757327147
29.28,13.857308149574754,8.33782655678557,42.46109164314001,2.6291524442142085
29.29,13.259221659456582,6.846950482952645,42.35928156191703,2.516625807502216
29.3,12.581186183672825,5.465345310240924,42.02880996830198,2.4067292031820946
29.310000000000002,11.842693174434643,4.221772559074362,41.505580951731034,2.2959404712005766
29.32,11.06354636290433,3.133285202751904,40.82796571766896,2.181402565520568
29.330000000000002,10.262758697342537,2.206244875880306,40.03348534734375,2.0616020625518736
29.34,9.457694472023448,1.4381614015301531,39.156378671388296,1.9365350744367826
29.35,8.663489480462367,0.8199044376948595,38.226128587006045,1.8074893130194916
29.36,7.892739323711845,0.33791553482042336,37.26684654182841,1.6766196147898018
29.37,7.155417261453774,-0.02383028624275113,36.29731849862626,1.5464760153140822
29.38,6.4589687739158315,-0.282243051504028,35.33148884889358,1.4195925778513288
29.39,5.808527619328032,-0.45394931819222595,34.37917975971957,1.2981902323173165
29.400000000000002,5.207203636616724,-0.5545058766034683,33.44688864609706,1.1840038713001
29.41,4.656402016750748,-0.5979318722506646,32.538557282074265,1.0782176177699592
29.42,4.156144311648647,-0.596485306114803,31.656251191452654,0.9814805160487033
29.43,3.7053712165114923,-0.5606138063658977,30.800722467383952,0.893973344609022
29.44,3.302215235601565,-0.49902054866403545,29.97185244632948,0.8155012898506212
29.45,2.944237467803278,-0.41879933636400635,29.168984365825388,0.7455934711611235
29.46,2.62862705906295,-0.3256053010055515,28.391162721889092,0.683596676779113
29.47,2.3523646750954743,-0.2238381384172875,27.637297898018122,0.6287560990457214
29.48,2.112353004999631,-0.11682290928706306,26.906273699035122,0.5802799742657264
29.490000000000002,1.9055181414965605,-0.006979371336759396,26.19701308326312,0.5373878536728557
29.5,1.7288859641551912,0.10402504676147527,25.508514555410365,0.49934395811894977
29.51,1.5796375813748795,0.21514075149022066,24.83986889635964,0.4654779583250963
29.52,1.4551476106082628,0.3258203228570355,24.190263440258363,0.4351958243096662
29.53,1.3530086937045593,0.43592096434812766,23.558979072010022,0.4079833126344427
29.54,1.2710452202354778,0.5456237412438492,22.94538351927712,0.38340437136400546
29.55,1.2073188066663147,0.6553679903630386,22.348923310879975,0.3610963573421228
29.560000000000002,1.1601276770010849,0.7657991879020681,21.769115904888203,0.34076355685871984
29.57,1.1280017237960256,0.8777285877943415,21.20554288752569,0.3221701267341765
29.580000000000002,1.109694702870808,0.9921030410838848,20.657844746218032,0.3051332535092032
29.59,1.1041747319178086,1.1099835443808763,20.125717474027827,0.2895170735381245
29.6,1.1106140211232947,1.2325312209900483,19.608911126147888,0.27522770623578957
29.61,1.1283785599367109,1.3609995975200193,19.10723038980985,0.2622096208342644
29.62,1.1570183144877697,1.4967321921192145,18.62053722334146,0.25044347551756424
29.63,1.1962583506891016,1.6411645713082155,18.148755651728596,0.2399455279167546
29.64,1.245991184466126,1.7958301558084278,17.691878864098516,0.2307687095015389
29.650000000000002,1.3062705685117022,1.9623691578180087,17.249978836528637,0.22300547647887953
29.66,1.377306850203963,2.1425401090890324,16.823218798167368,0.21679259089900146
29.67,1.4594639736177144,2.3382334867568497,16.411868968755094,0.2123180435453803
29.68,1.553258145633407,2.551486957016236,16.016326121667806,0.20983040152302562
29.69,1.6593581375761113,2.784501728644315,15.63713766979387,0.20965094525464922
29.7,1.7785871448403479,3.0396594298763286,15.275031133234283,0.212189048344055
29.71,1.9119260722470581,3.319538780846839,14.930950028636998,0.21796134432903658
29.72,2.0605180462385477,3.6269311130656576,14.60609741882237,0.22761530834741558
29.73,2.2256738690012936,3.964853465144944,14.301988573815828,0.24195794531251774
29.740000000000002,2.4088780150669367,4.336557531495645,14.020514410501447,0.2619902967829071
29.75,2.611794616492287,4.745532121307978,13.764017578965637,0.2889484206000108
29.76,2.8362726741439728,5.195495953282991,13.535383216524055,0.3243513055686612
29.77,3.0843494522755304,5.690376512742633,13.338146441851377,0.37005577566992476
29.78,3.3582506399549565,6.2342692700149565,13.176618527161795,0.428317694960003
29.79,3.6603853704379916,6.831369738212064,13.056033237162895,0.5018575375218003
29.8,3.993333549381145,7.485868579511006,12.982713868344684,0.5939264105750584
29.810000000000002,4.359822124694277,8.20179722723362,12.964259785502074,0.7083656260345501
29.82,4.762685908163981,8.982808320779972,13.009748349717356,0.8496485732525462
29.830000000000002,5.204807317607949,9.831871829097029,13.129943547913115,1.0228876269563456
29.84,5.689027962661337,10.750864476850976,13.337495714122355,1.2337809334451701
29.85,6.218023416630489,11.740027779884464,13.647106711660037,1.4884643322378397
29.86,6.794130966040692,12.797270024934768,14.075621051477173,1.7932233627306087
29.87,7.419118927738795,13.917292113326422,14.641985119526776,2.154011697446393
29.88,8.093885821568286,15.090529632926234,15.366994148483938,2.5757201677340156
29.89,8.818079155488519,16.301928321859837,16.272721488490774,3.0611527083300176
29.900000000000002,9.58962808366127,17.529612633014064,17.381501541717228,3.609703363590468
29.91,10.404193395369127,18.743572540126635,18.714325179472205,4.215805079378791
29.92,11.254554063060324,19.90458430393404,20.288519147953014,4.867345803653061
29.93,12.129973516124133,20.96369131113203,22.114639699049558,5.544414994743377
29.94,13.015621212709112,21.862681610635722,24.192639716133385,6.218916847775581
29.95,13.89216335842739,22.53606821463899,26.507586912948607,6.855680839811944
29.96,14.735673316211633,22.91504138469883,29.025514950030715,7.415586458515493
29.97,15.518033603602333,22.933640390883856,31.69033021592944,7.860771076456985
29.98,16.207988049084236,22.536927023049866,34.42295908246127,8.161191545986583
29.990000000000002,16.77293484003773,21.69025318615085,37.1239273053211,8.300884111521519
30.0,17.18141896860012,20.387956557062353,39.6801346195087,8.281710104058684
30.01,17.406099459337035,18.659298398349428,41.9756544261932,8.12275071985198
30.02,17.426778199054425,16.569541222396275,43.90512054367765,7.855009846809585
30.03,17.232953800430174,14.214969157317075,45.3871053734215,7.513131572128764
30.04,16.825374016632725,11.712234796276462,46.374414689917806,7.127270892641573
30.05,16.216231079711616,9.184116146189488,46.858797073530404,6.7180967376627
30.060000000000002,15.427936395459367,6.744855299416796,46.869082234596405,6.296202308623695
30.07,14.490727431700336,4.4882369801597495,46.46361957766002,5.865052670849765
30.080000000000002,13.43959116458176,2.4805002078198166,45.71931287554379,5.425302780016284
30.09,12.311066555936483,0.7585999967063979,44.720032023682165,4.978391845792426
30.1,11.140412639013057,-0.6670700364599693,43.546722935389894,4.528327004470465
30.11,9.959454367049878,-1.8071664165166332,42.27052782002412,4.081684411433414
30.12,8.795220413148161,-2.6868563435167854,40.94917132987706,3.646509653865963
30.13,7.669325100085912,-3.339617975093083,39.62611129143496,3.2309013896290493
30.14,6.597948293190713,-3.8021767513776807,38.3316035318663,2.8418280241968206
30.150000000000002,5.5922312587644285,-4.110856382954025,37.08481544298052,2.4844150698511833
30.16,4.65891581034951,-4.299269775647433,35.89629824605227,2.161705085887384
30.17,3.801087535869457,-4.397095520422097,34.77036266453266,1.8747726442569084
30.18,3.018924535434295,-4.429636681872254,33.7071149131651,1.6230486277083336
30.19,2.310390428089538,-4.417885999560274,32.70406539655133,1.4047298092295701
30.2,1.6718397182458897,-4.378881084597583,31.757318615711426,1.2171880833060233
30.21,1.098524126573413,-4.326196968570761,30.862401604739716,1.057330370727485
30.22,0.585001367839288,-4.27047782109346,30.01480531147038,0.9218878988601673
30.23,0.12545497553675677,-4.21995050721882,29.2103121058954,0.8076314848625298
30.240000000000002,-0.2860630331156013,-4.180890567708891,28.44517259237007,0.7115194911350985
30.25,-0.6554541023324807,-4.158028801673082,27.716182031563143,0.6307897004041336
30.26,-0.9884477552346784,-4.154896849627105,27.020694150844708,0.5630075480091378
30.27,-1.2905182187156514,-4.174115525443951,26.35659938330768,0.5060824533664469
30.28,-1.5668338944592037,-4.217632000920817,25.72228605313009,0.45826239341217095
30.29,-1.8222320083303913,-4.286912583546134,25.116596623929418,0.4181149533900017
30.3,-2.061212133375571,-4.38309755629594,24.53878653034592,0.38450120973190066
30.310000000000002,-2.287943465541328,-4.507123848193516,23.98848994614027,0.35654711620924473
30.32,-2.5062817263957258,-4.65982044067915,23.465694750736883,0.333615647747055
30.330000000000002,-2.719792383209038,-4.841980520051973,22.97072763960238,0.31528181662978216
30.34,-2.9317775309743936,-5.054413516552332,22.50424954102495,0.3013117897354009
30.35,-3.1453042920730216,-5.29797934116551,22.067261066064876,0.2916466611334557
30.36,-3.3632329746229157,-5.573606337008042,21.661117487389742,0.28639092132298427
30.37,-3.5882435048277603,-5.882293690293282,21.28755260740899,0.2858052588071567
30.38,-3.822858823876415,-6.225098282460934,20.948710750380165,0.29030297773498215
30.39,-4.069464025819185,-6.6031051997865795,20.64718592425108,0.3004489647406282
30.400000000000002,-4.330320017484758,-7.017380346983257,20.386066878841202,0.31695973959060003
30.41,-4.607570412551066,-7.468902846746252,20.1689862698808,0.340702633512316
30.42,-4.903240238058454,-7.958474176750321,20.000171350904672,0.3726915208866317
30.43,-5.219224844873833,-8.486600356533462,19.88449247813948,0.41407576595765155
30.44,-5.557267191976743,-9.053343047092934,19.82750414459826,0.46611814839370697
30.45,-5.91892144625506,-9.658135320593024,19.835471180968266,0.5301565639518206
30.46,-6.3055006485788905,-10.299558325777431,19.915370118682695,0.6075434063061091
30.47,-6.718006109082598,-10.975076438226166,20.074852507611357,0.6995559938241055
30.48,-7.157036304954634,-11.680731168366538,20.322153328896047,0.8072716485006597
30.490000000000002,-7.622673493933498,-12.410798624879138,20.665923839636587,0.9314027009653092
30.5,-8.114347197593009,-13.157422269600465,21.114964813571746,1.0720906135923554
30.51,-8.630675358547986,-13.910242570030071,21.677834186778735,1.228665499918286
30.52,-9.169286562180057,-14.656058217292417,22.36230407496107,1.3993883127623301
30.53,-9.726630441576669,-15.378569505484215,23.174648042157138,1.5812079387748423
30.54,-10.297788362330726,-16.05827189261545,24.118752836210067,1.769583002198631
30.55,-10.876302606931581,-16.672583733086462,25.19507203225566,1.9584346445992868
30.560000000000002,-11.45404907542698,-17.196301708215003,26.39947374867475,2.1403052359009305
30.57,-12.02118498716606,-17.602473541061993,27.72208018896105,2.306789581743994
30.580000000000002,-12.566207559502145,-17.863751901062948,29.146248598083208,2.4492700868090633
30.59,-13.076159899941851,-17.954238717757505,30.647891109221337,2.5599204438602907
30.6,-13.537013843910156,-17.85174293899018,32.19535874998409,2.6328500567172277
30.61,-13.934244092310422,-17.54026406547615,33.7501026966126,2.6651669084235934
30.62,-14.253583128422724,-17.01239875112367,35.26825598687344,2.657679370623547
30.63,-14.481914032500192,-16.27128150771372,36.70314492238612,2.6149804588452215
30.64,-14.608223805401526,-15.331652045489955,38.00855566703879,2.5447842165334302
30.650000000000002,-14.624511418145744,-14.219721396298182,39.14238741975891,2.456592458991692
30.66,-14.526531759327744,-12.971691212207974,40.07017665814023,2.3599907164654583
30.67,-14.314265984037027,-11.6310328759742,40.76793421429279,2.2630103440420104
30.68,-13.992042017499006,-10.244889461154617,41.223829249911354,2.1709797454836006
30.69,-13.56828048333581,-8.860146848058234,41.43846775929858,2.0861201183726736
30.7,-13.054899359384883,-7.519772964552801,41.42378972546123,2.007892608572531
30.71,-12.466461142678519,-6.259933282802889,41.200867275490694,1.933881224925229
30.72,-11.819177702413109,-5.108192505118506,40.79705487413531,1.86088245518771
30.73,-11.129895036126072,-4.082874104383446,40.242987221817096,1.7858895649628825
30.740000000000002,-10.41516476482743,-3.1934401367518976,39.569851020336756,1.7067691804249892
30.75,-9.690478766110871,-2.441619445118837,38.80721542004716,1.6225657089694814
30.76,-8.969707287711875,-1.8229657724936241,37.98154515097798,1.533480982348462
30.77,-8.264747529869473,-1.328553350362014,37.11538261503887,1.4406366049910888
30.78,-7.585364332888475,-0.9465870717352405,36.22709327752798,1.3457368672794932
30.79,-6.939189166301598,-0.6637878149396341,35.33102579063187,1.2507279601689911
30.8,-6.331837346317688,-0.4664892834438392,34.43793480263191,1.1575141693367552
30.810000000000002,-5.767104090224888,-0.3414397411108013,33.55553572558388,1.0677580750409699
30.82,-5.247205027766805,-0.27633783560358527,32.68909305433017,0.9827667492095682
30.830000000000002,-4.773033813574335,-0.2601492482127216,31.841977107478694,0.9034510844369252
30.84,-4.34441683141638,-0.2832553004546746,31.016152541652545,0.8303390948845668
30.85,-3.9603516218202826,-0.3374810315556841,30.212583407346926,0.7636235749900414
30.86,-3.619221113206565,-0.41604274228098115,29.43155386515949,0.7032272969602048
30.87,-3.3189798800196133,-0.5134463634485381,28.672912118197118,0.6488730255870225
30.88,-3.0573115933216912,-0.6253598645592804,27.93624916840636,0.6001497972527021
30.89,-2.831758773276426,-0.7484760227625,27.22102512486826,0.5565705006386494
30.900000000000002,-2.639827125935553,-0.8803764334900734,26.52665515890693,0.5176185620210713
30.91,-2.4790673580506293,-1.0194035731533477,25.852565671267413,0.48278346991527255
30.92,-2.3471375869184445,-1.1645448033655665,25.198229379657917,0.451586085316606
30.93,-2.2418494318827094,-1.3153301868171559,24.563186194117073,0.4235953331648555
30.94,-2.1612006886765855,-1.4717446386043527,23.947055105721276,0.3984381176062969
30.95,-2.1033972166211514,-1.6341540744992675,23.349540948109155,0.3758042873573332
30.96,-2.066866358604248,-1.8032446928708536,22.770438814137464,0.35544830849181513
30.970000000000002,-2.050263895039069,-1.9799742307974193,22.20963809979144,0.337189061557975
30.98,-2.052476224192044,-2.165533888371939,21.66712756653474,0.3209089234941083
30.990000000000002,-2.072619172780729,-2.3613195616532288,21.143002419641935,0.3065530568043987
31.0,-2.1100345774133773,-2.568911023385321,20.637474153904822,0.2941296274303964
31.01,-2.164285540327464,-2.790057711499631,20.150883784775793,0.2837115158691063
31.02,-2.2351510504472447,-3.0266698054939685,19.683719033837622,0.27543997271240733
31.03,-2.3226204696567043,-3.2808132711503966,19.236636049380294,0.2695305940775177
31.04,-2.42688820964493,-3.554707517852091,18.81048629715142,0.26628194491013024
31.05,-2.548348760875537,-3.85072422357864,18.40634933716199,0.2660871264484623
31.060000000000002,-2.687592075275811,-4.171385723307676,18.025572294756863,0.269448552628044
31.07,-2.8453991401924577,-4.519361108122496,17.669816921522777,0.276996149052847
31.080000000000002,-3.022737403925352,-4.897457823609943,17.341115203290617,0.2895090914991775
31.09,-3.2207555123635125,-5.308606063527539,17.04193448010959,0.30794102433863024
31.1,-3.440776580193937,-5.755832602974197,16.775252956263504,0.33344839667712006
31.11,-3.6842889358302484,-6.242219879662492,16.544646239388356,0.3674210642906823
31.12,-3.9529329326839764,-6.77084509255155,16.354385074655973,0.4115135496267312
31.13,-4.2484819967340615,-7.344692837293874,16.209543618947357,0.4676742327082732
31.14,-4.57281556943725,-7.966533357683522,16.1161162766345,0.5381681509952453
31.150000000000002,-4.92788099895942,-8.638756930336058,16.081139090775345,0.6255869046155318
31.16,-5.315640735452334,-9.363153367249339,16.11280869788763,0.732836316150149
31.17,-5.73800042148462,-10.14062439958977,16.220587614057173,0.8630889976990069
31.18,-6.196712694077789,-10.970816274680708,16.415278813087877,1.0196850505210087
31.19,-6.693250840298961,-11.851661014048386,16.709044923779384,1.2059603499436264
31.2,-7.2286460628617855,-12.778818566937048,17.115337834428534,1.4249794323168241
31.21,-7.803282314032051,-13.745020105526834,17.648693372564964,1.6791509432136418
31.220000000000002,-8.416643884019695,-14.739326915356386,18.324334098093853,1.9697110312493544
31.23,-9.06701378158844,-15.746341924007151,19.15751340218408,2.2960780721173775
31.240000000000002,-9.75112615927908,-16.745443748224368,20.1625301154902,2.6551150269209107
31.25,-10.463784403778604,-17.71015669750171,21.351351015152428,3.0403862483569553
31.26,-11.197468658084219,-18.607821773417196,22.731807535477536,3.4415610731231334
31.27,-11.941972528927476,-19.39978513485061,24.305392298354697,3.8441842275906306
31.28,-12.684127466163499,-20.042355580182875,26.064778470839737,4.230075127089258
31.29,-13.407691812954859,-20.488776191191825,27.991320399660545,4.578591950340084
31.3,-14.093494401771148,-20.692376264213582,30.052951705857055,4.868856113444493
31.310000000000002,-14.719922025888295,-20.610890765878963,32.203037905938906,5.082757622363727
31.32,-15.263817398504557,-20.21165035903097,34.38080073012514,5.208195430766053
31.330000000000002,-15.701802845449349,-19.476993940400543,36.513834789162736,5.241684263563793
31.34,-16.011965519195194,-18.408933669286778,38.52292868327675,5.189380823794277
31.35,-16.175744451076895,-17.031950888669435,40.3288927343077,5.065910805385114
31.36,-16.17977290137862,-15.392955278536993,41.86049639802885,4.891094627528773
31.37,-16.017382869164926,-13.55794877897416,43.062134300895295,4.685497939091815
31.38,-15.689498688853929,-11.605700117887846,43.899692637000705,4.4662443178696885
31.39,-15.204740317739498,-9.619510599177467,44.363400629903786,4.244409363002179
31.400000000000002,-14.57870391664213,-7.6786461222878035,44.467160117723076,4.024608749081566
31.41,-13.832545306992968,-5.851032498773021,44.244704987268115,3.806487182048427
31.42,-12.991113630077177,-4.188370226760377,43.743640951910216,3.5871821620086495
31.43,-12.080935904056787,-2.7241194281891254,43.01873280300301,3.3637238484928496
31.44,-11.128332730784116,-1.4741097178727527,42.12570009851247,3.1346591281412737
31.45,-10.157870319062889,-0.4390578039836368,41.11637935478143,2.900677455721163
31.46,-9.191255721206408,0.39189333506815927,40.03561036640398,2.6644091605913394
31.470000000000002,-8.24669025518134,1.037413305019701,38.91977732663306,2.429748388483394
31.48,-7.338629014412202,1.520571140600181,37.796669936087476,2.2010460768812097
31.490000000000002,-6.477857791155478,1.866079501784376,36.686231187402306,1.9824108272995236
31.5,-5.671788753597166,2.0982883077780277,35.601782757011485,1.7772297766232499
31.51,-4.924884408472808,2.239875803321447,34.551408219536036,1.5879245770541695
31.52,-4.239136985665998,2.3111116873349515,33.53928101660632,1.415902316490734
31.53,-3.6145505829641302,2.3295461507564696,32.56681915363811,1.2616409243983944
31.54,-3.049591984391318,2.3099894389829414,31.63361968045694,1.1248503161916439
31.55,-2.5415910381814935,2.2646717373288245,30.738172006015354,1.0046625769948903
31.560000000000002,-2.0870824118609344,2.203501520396959,29.87837441156653,0.8998191135489988
31.57,-1.6820878428619783,2.1343659869304323,29.051888778664548,0.80883583104449
31.580000000000002,-1.322342428158318,2.063437461905588,28.256370052440634,0.7301374738923743
31.59,-1.0034708390631282,1.9954644587527273,27.489603521999022,0.6621591723977951
31.6,-0.7211202916776835,1.934036229371376,26.749577447861135,0.603417454778648
31.61,-0.4710571760507089,1.8818161689729211,26.03451260498304,0.5525551864928818
31.62,-0.2492338219878682,1.8407434183074187,25.342864841427613,0.5083657177440781
31.63,-0.051831205679943676,1.8122042565211063,24.673312164787767,0.4698014675742269
31.64,0.1247173649730755,1.7971760242104655,24.024734247655125,0.43597162986588966
31.650000000000002,0.2837173154846919,1.796346787308058,23.396189519902812,0.4061329176590026
31.66,0.42821506753350486,1.8102140299132727,22.78689305203113,0.37967644005097345
31.67,0.561008592031794,1.8391655249713221,22.196197076651732,0.35611303438645653
31.68,0.6846639100656423,1.883545282599017,21.623575100614023,0.3350587103676106
31.69,0.801535683983549,1.94370717887849,21.068610005909065,0.31622132403216024
31.7,0.913790450397384,2.020058557584001,20.530986225328757,0.2993891892490168
31.71,1.0234313879699437,2.1130957916071065,20.010485934060057,0.2844220414146151
31.720000000000002,1.1323237930090633,2.2234334981239003,19.50698916606256,0.2712445755083026
31.73,1.2422206622635275,2.351828824313263,19.02047780551655,0.25984266996605443
31.740000000000002,1.3547879614783478,2.499201957494575,18.551043492696227,0.25026236109518724
31.75,1.4716292959018111,2.666653761043373,18.09889960351422,0.24261163412672634
31.76,1.5943097997088596,2.855481189212677,17.664397602521383,0.23706513300930687
31.77,1.7243791287403694,3.06719088158759,17.24804822453934,0.2338719502957035
31.78,1.8633934773206575,3.303511070316984,16.85054810705961,0.23336673086217408
31.79,2.0129365460652444,3.5664016364609683,16.472812671578662,0.23598439870978266
31.8,2.174639362798733,3.8580618080968065,16.11601623379613,0.24227888311832632
31.810000000000002,2.3501988004232635,4.180934580220775,15.781640503958641,0.2529462635716696
31.82,2.541394539172008,4.537706427853613,15.471532808310485,0.2688527501044585
31.830000000000002,2.750104079098266,4.931300246263459,15.18797550100662,0.29106783457214735
31.84,2.9783152120951253,5.364858647086484,14.933768110622792,0.32090274111250117
31.85,3.2281350983976287,5.841713722360353,14.712323725461962,0.35995390184205706
31.86,3.501794744446267,6.365338113424615,14.527780889132476,0.410150489700311
31.87,3.801647228408093,6.939270644759241,14.385131736522156,0.4738039227272155
31.88,4.130157446006118,7.56700787509401,14.290366083177398,0.5536555425731049
31.89,4.4898804327125195,8.251850685292746,14.25062945409415,0.6529161589865313
31.900000000000002,4.883424444362556,8.99669253927027,14.27439028421711,0.7752876204467012
31.91,5.313393946300199,9.803733518400534,14.371607332363796,0.9249518350110316
31.92,5.782306498750234,10.674102044400609,14.553882224069243,1.106506685937999
31.93,6.292476310882044,11.60736509414675,14.834573428409758,1.3248213662510946
31.94,6.845856128594029,12.600908866773587,15.228836384824218,1.5847767585927033
31.95,7.4438284100477405,13.649177123230578,15.753539704181694,1.8908516964971684
31.96,8.086936901138829,14.74276639509437,16.4269898100515,2.2465170237792598
31.970000000000002,8.774551465636705,15.86739934603732,17.268377786184956,2.6534122195356296
31.98,9.504463347732152,17.00283359535,18.29684646276039,3.1103119013548106
31.990000000000002,10.27241619806199,18.121816537710302,19.53007006734636,3.611950158124403
32.0,11.071591512860893,19.189267731936688,20.9822543857632,4.147864068975958
32.01,11.892086623717963,20.161953791573165,22.66151765170094,4.701537021529923
32.02,12.72044893604658,20.989000126140866,24.566718166215896,5.250238240422538
32.03,13.539359402331451,21.613627862687693,26.683965630952247,5.766006787851657
32.04,14.327585315656295,21.976465349371498,28.983283827637866,6.218129186677761
32.05,15.060337069052581,22.020606950361454,31.416143956654146,6.5771297879555135
32.06,15.710151494310772,21.69823881201639,33.914776492883774,6.819728550514556
32.07,16.248371703676142,20.97813826408938,36.394170367505666,6.933575151932172
32.08,16.64719316580452,19.852791170274237,38.75735602400159,6.920170244803711
32.09,16.882107519584387,18.343472980895477,40.9038930574704,6.794610875261361
32.1,16.934431085680668,16.50166059605522,42.74055345232035,6.581795125536425
32.11,16.79350411978561,14.405749541404315,44.19230666493703,6.310159393035095
32.12,16.458139999664674,12.153173353219085,45.2112705693561,6.005147101783386
32.13,15.937015498870343,9.849302693121553,45.78158567384336,5.684708627151733
32.14,15.247903365007389,7.5954304924926275,45.91918427330408,5.35809756306846
32.15,14.415892640001276,5.478330450049038,45.66679390240714,5.027683746507206
32.160000000000004,13.470940456595736,3.563255928256409,45.08569396641114,4.692349887539547
32.17,12.445192268462828,1.8911350053206306,44.246312140082765,4.350801688427087
32.18,11.370481774207713,0.4795931835526068,43.21960067983222,4.003678178514547
32.19,10.276307390162819,-0.6733175675425964,42.07048262004336,3.654179666448968
32.2,9.188431537426178,-1.584047979239179,40.85385331775213,3.3075582640280956
32.21,8.128111119111786,-2.2783290846079733,39.612958689896935,2.970055745182175
32.22,7.111871459356025,-2.786598903136375,38.37958726529779,2.6478019572486806
32.230000000000004,6.15168851885152,-3.140464782605797,37.17540180391192,2.3459786453072087
32.24,5.255436846346062,-3.3702648728922355,36.01381061806409,2.0683498463454986
32.25,4.427478707076599,-3.5035963887159465,34.90193851038705,1.817125737266799
32.26,3.6692990910202163,-3.564594335529475,33.84242718114002,1.5930667708105488
32.27,2.9801218082414973,-3.5737361557853844,32.83493451820124,1.3957267460929292
32.28,2.357468072937746,-3.5479796398212775,31.87729860614678,1.22375157120296
32.29,1.7976388024988432,-3.5010873944718015,30.9663889920175,1.0751764782790967
32.3,1.2961153953517672,-3.4440359524139703,30.098694626407156,0.947688430196167
32.31,0.8478820948133748,-3.3854443933197547,29.27070546810283,0.8388386621160726
32.32,0.4476775610154491,-3.3319844887668872,28.47914149074734,0.7462023936328841
32.33,0.09018520796499979,-3.28875284376093,27.721074626116348,0.6674898206942852
32.34,-0.22982779967488676,-3.259597198740155,26.99397959746581,0.6006159683329113
32.35,-0.517413555448287,-3.247395935159763,26.295740552244105,0.5437381125688813
32.36,-0.7773800869706193,-3.2542935215781212,25.624632740763207,0.4952692167866715
32.37,-1.014254509024072,-3.281896348437765,24.979292431169736,0.45387483605022577
32.38,-1.2322666050700763,-3.3314339493193232,24.358683707721134,0.4184596516409236
32.39,-1.435347838996654,-3.40389051944738,23.76206753976471,0.38814846926256025
32.4,-1.6271417239079566,-3.5001112352061554,23.188976269598736,0.3622652946127865
32.410000000000004,-1.8110222651486314,-3.620887330663925,22.639195201558636,0.340313060213976
32.42,-1.99011785501689,-3.767023292467514,22.112752072328668,0.3219557398748755
32.43,-2.167338537074954,-3.939388936216135,21.60991467559854,0.30700394456325597
32.44,-2.3454049905450316,-4.138958540144942,21.131196673425293,0.2954046213673589
32.45,-2.526877921330972,-4.3668386345453944,20.677371554860166,0.28723514225106545
32.46,-2.714186795444053,-4.624285468297436,20.24949472707962,0.2827018341006412
32.47,-2.9096570206758385,-4.912712583088444,19.848933790263864,0.2821428272377754
32.480000000000004,-3.1155347786881102,-5.233688304722634,19.477407110125462,0.28603494641609484
32.49,-3.3340087355498356,-5.588922291590774,19.13703082083961,0.29500419516370885
32.5,-3.5672278154107007,-5.980239545389938,18.830374324024735,0.3098391471764316
32.51,-3.8173141090449914,-6.409539473683572,18.560524146888206,0.3315062088406497
32.52,-4.086369804912366,-6.8787366894923805,18.331155622313144,0.3611652009199423
32.53,-4.3764767735527,-7.389679244288504,18.146611174901437,0.40018296632315437
32.54,-4.689687106539003,-7.944038944892172,18.011982936309646,0.450141685861858
32.55,-5.028002513131808,-8.54316736715731,17.933195841539636,0.5128372272520134
32.56,-5.393340023977603,-9.18791027490997,17.917085122067416,0.5902611498626524
32.57,-5.787480969157902,-9.878372595419373,17.971459044548276,0.6845579964843997
32.58,-6.211999738662892,-10.613626233347578,18.105133688521235,0.7979474147953999
32.59,-6.668168483373341,-11.391354333439446,18.32792141549981,0.9325988779340051
32.6,-7.156833810444857,-12.207428846475871,18.65054850214602,1.0904460609889108
32.61,-7.678261871478824,-13.055424357438003,19.084470519319694,1.2729294683433077
32.62,-8.23194931818555,-13.92608123081721,19.64154724088716,1.480661386779387
32.63,-8.816399775896624,-14.80674638394914,20.333533695104624,1.7130187428035482
32.64,-9.428869193067714,-15.68084128197577,21.171342961623843,1.967688987966977
32.65,-10.065089100852997,-16.527434010202242,22.16404319097384,2.240222661301109
32.660000000000004,-10.718984769943663,-17.321023619485185,23.317570895285275,2.5236819116181515
32.67,-11.382415442748242,-18.031675397409586,24.633180045106073,2.808510039685965
32.68,-12.044975543411697,-18.625666119331942,26.105705858843372,3.0827690045509755
32.69,-12.693907290344935,-19.0667949025699,27.72180316260163,3.3328789401372347
32.7,-13.314183401834091,-19.318471168966067,29.458413471485613,3.5449234607973494
32.71,-13.888819255056717,-19.346591225312928,31.281802215629245,3.706444802529076
32.72,-14.39946197391324,-19.123054129001144,33.1475545383999,3.8084595795622715
32.730000000000004,-14.827275457098331,-18.62956189878335,35.001883830324715,3.847237041226031
32.74,-15.154094583180864,-17.861144021388316,36.78445715879526,3.8252917214913214
32.75,-15.363763765908034,-16.8287135628591,38.43266981191474,3.751144594235112
32.76,-15.443516630706862,-15.559980709399559,39.88694981259853,3.637729704971882
32.77,-15.385212032419684,-14.098268356331394,41.096337915470635,3.4997783393512325
32.78,-15.186234140143114,-12.499175170654166,42.023392774963725,3.3509066136715937
32.79,-14.84990070085319,-10.825514163557596,42.64751431635624,3.201261753247202
32.8,-14.385300198482078,-9.141364837962435,42.9660812726939,3.056363544147724
32.81,-13.806577381194305,-7.506270634818145,42.9932787219392,2.9173123723715984
32.82,-13.131780891057492,-5.970525770297597,42.75699171683192,2.7820536754479455
32.83,-12.381451478732275,-4.572170950172406,42.29450128635234,2.647105610741982
32.84,-11.577150520520194,-3.3358833351199166,41.647845156303504,2.5091534026257287
32.85,-10.740107203587186,-2.2735489906571322,40.859600708547205,2.3661210541367295
32.86,-9.890111875423123,-1.3860491395714654,39.9695926614846,2.217605198010144
32.87,-9.04472089997011,-0.6657061643988383,39.01273105434907,2.064772696608009
32.88,-8.218781215313072,-0.09889078033369225,38.01793491247929,1.9099288517875117
32.89,-7.42424072059046,0.3315730616152394,37.00793841151827,1.7559673524263162
32.9,-6.670186767318254,0.6444144392464488,35.9997124282398,1.6058586094740739
32.910000000000004,-5.963047336874032,0.8584089636611586,35.00524216255911,1.462262345881185
32.92,-5.306893297559422,0.9913427579258007,34.0324501070086,1.3272902394108614
32.93,-4.703790405769615,1.0593780999674325,33.08611622991132,1.2024053656027327
32.94,-4.154162319303453,1.0767320952562818,32.168706182739434,1.088426340081074
32.95,-3.6571380797754522,1.055580903974179,31.281065025618794,0.9855997762582646
32.96,-3.210867837058285,1.0061142569611576,30.42296629784438,0.8937087462014739
32.97,-2.812798525374235,0.9366811559093339,29.593525825603113,0.812192525750715
32.980000000000004,-2.4599068343528407,0.853983516945791,28.79149949972654,0.7402609758077561
32.99,-2.148890510118174,0.7632880306158393,28.015487526127863,0.6769938991263353
33.0,-1.8763212187845528,0.6686370427240305,27.26406697738695,0.6214210458948728
33.01,-1.6387633309249883,0.5730469525969675,26.5358717730142,0.5725821120034806
33.02,-1.4328633910947162,0.47868795636161077,25.82963574945561,0.5295683320898157
33.03,-1.25541498776128,0.38704248760293064,25.14421099712261,0.4915484483048985
33.04,-1.1034034261219428,0.29904192960742193,24.478570529056842,0.4577822572741215
33.05,-0.9740341580092848,0.21518249674410236,23.831801761675614,0.4276248727316571
33.06,-0.8647484224427078,0.1356219086212675,23.203095254154825,0.4005244981893675
33.07,-0.7732290482806783,0.06025882227926764,22.591731620209952,0.3760160320943864
33.08,-0.6973988961367109,-0.011202910620976766,21.997068414952153,0.35371232678965875
33.09,-0.6354139854898764,-0.0792031375436093,21.418528024328587,0.33329445291289084
33.1,-0.5856529712147801,-0.14428555164463808,20.855587065751443,0.31450191483528944
33.11,-0.5467043027342221,-0.2070673629846534,20.307767477955558,0.2971234328873271
33.12,-0.5173521167421249,-0.26821695557189307,19.774629281215788,0.2809886544089704
33.13,-0.4965616773644405,-0.32843818491896426,19.255764883690745,0.26596097082509984
33.14,-0.48346498132520954,-0.38846015905160086,18.75079476462115,0.2519314912736988
33.15,-0.47734698548872356,-0.4490315233118712,18.259364358075583,0.23881414318673938
33.160000000000004,-0.47763278541995763,-0.5109184326946312,17.781141976529327,0.22654182566443132
33.17,-0.48387597193158877,-0.5749055433052289,17.31581764164631,0.21506352298682027
33.18,-0.49574831388355434,-0.6417994863674221,16.863102723901605,0.2043422854757788
33.19,-0.5130308560684712,-0.7124344042961179,16.422730329549317,0.19435399729305558
33.2,-0.5356064775516172,-0.7876792293855499,15.99445641121836,0.18508687145693492
33.21,-0.5634539254308749,-0.8684464726087968,15.578061616712969,0.17654163865144074
33.22,-0.5966433191068325,-0.9557023639294391,15.173353929894152,0.1687324267559762
33.230000000000004,-0.6353331086126437,-1.0504782473926269,14.780172198924967,0.1616883618721097
33.24,-0.6797684654503046,-1.1538831849154214,14.39839069223243,0.1554559591679563
33.25,-0.7302810840629593,-1.2671177626527323,14.027924873201853,0.150102413913011
33.26,-0.787290375075925,-1.3914891231454842,13.668738643156766,0.1457199509498733
33.27,-0.8513060364144889,-1.5284272646174537,13.320853371237057,0.14243144626868554
33.28,-0.9229319940448039,-1.679502654408516,12.984359112422801,0.14039759937715468
33.29,-1.002871709019884,-1.8464451941495033,12.659428514664187,0.13982601210604026
33.3,-1.0919348502081785,-2.031164545969107,12.346334036852248,0.14098262078533752
33.31,-1.191045330682276,-2.2357717758918545,12.04546924565636,0.14420603668205012
33.32,-1.3012506978906633,-2.462602184133303,11.757375135898656,0.14992547599355782
33.33,-1.4237328503203068,-2.7142390602088597,11.48277263111417,0.15868310610280645
33.34,-1.5598200222122396,-2.9935379069398245,11.222602672902452,0.17116179739029347
33.35,-1.7109999273658403,-3.303650398626256,10.978075603035043,0.188219443537527
33.36,-1.8789338754851612,-3.648046943722559,10.75073188172212,0.2109311845169529
33.37,-2.065471559481345,-4.030536169521497,10.542516564369544,0.2406410099376214
33.38,-2.272666045632289,-4.455278880335124,10.35587036364971,0.27902429163929354
33.39,-2.502788261789664,-4.926792989523709,10.193840524127497,0.3281627194109909
33.4,-2.7583399472007533,-5.449944498004108,10.060215077875199,0.39063277394265733
33.410000000000004,-3.0420635688943847,-6.029917674995617,9.959684236105495,0.4696080829451503
33.42,-3.3569470832519603,-6.672155058849414,9.898032546733976,0.5689744942836349
33.43,-3.706220577339051,-7.382254594600879,9.882364761579852,0.6934540652810132
33.44,-4.093340704355878,-8.165807030352582,9.921366726518423,0.8487298583163542
33.45,-4.521957368262877,-9.02815153589631,10.025599463496187,1.0415567315612713
33.46,-4.995855256779355,-9.974021460445602,10.207819137421717,1.2798333725613042
33.47,-5.51886053777342,-11.007045588664763,10.483306672072475,1.5725968123344263
33.480000000000004,-6.094700352820032,-12.129064112264935,10.870176950906663,1.9298821346408146
33.49,-6.7267998212921585,-13.339214665375625,11.389617117520997,2.362367744716612
33.5,-7.417998494157909,-14.632745490531102,12.065974828527038,2.88070351926843
33.51,-8.17016632899769,-15.999525516087559,12.926579504533771,3.494403044024444
33.52,-8.983699624472694,-17.42225289693701,14.001133885616497,4.2101866323591475
33.53,-9.856882056021174,-18.874425140597637,15.32046520244001,5.029712727264371
33.54,-10.785108001000916,-20.31823730246428,16.9143886106576,5.946763481701144
33.55,-11.759988492085997,-21.702728743289303,18.808435751457672,6.944186306356837
33.56,-12.768398138703056,-22.962700136474364,21.019278593916606,7.991241718598416
33.57,-13.791576085474333,-24.019140025766415,23.548884833052895,9.042405169899778
33.58,-14.804462239394985,-24.782058030959483,26.377823219955225,10.038936004398797
33.59,-15.775518641512118,-25.15658738114211,29.458701197855298,10.914353964170907
33.6,-16.66732850283502,-25.05282282875241,32.71137132236171,11.604030244827342
33.61,-17.438242868040827,-24.39896848622356,36.022045066333185,12.057350803744614
33.62,-18.04521626983586,-23.156026753467522,39.24841906314743,12.248912658274076
33.63,-18.44771997093876,-21.330829342367796,42.23196686984739,12.184228002293182
33.64,-18.612279977545487,-18.983395807119066,44.81658768003993,11.89673272981203
33.65,-18.516862396409163,-16.225170375675184,46.87032830036135,11.436600780845145
33.660000000000004,-18.15417097975693,-13.20692979182997,48.30499414198439,10.856040934484508
33.67,-17.533051660730337,-10.098439752713654,49.08831208027647,10.197507950279897
33.68,-16.677622049347985,-7.064814698916303,49.245343674142475,9.48916653577755
33.69,-15.62431908659114,-4.2455536073074995,48.849293519401286,8.747531937274266
33.7,-14.417560708828107,-1.7409035888764195,48.00509330483052,7.983673824453067
33.71,-13.104962155064536,0.39265207310227623,46.83073363284959,7.208766440351366
33.72,-11.732983107020068,2.1388967494432554,45.440866677550744,6.436618926098127
33.730000000000004,-10.343594673686804,3.5132766441532626,43.93538777721594,5.683188886985649
33.74,-8.972196442000385,4.5524245959022,42.393622697729086,4.964457875291339
33.75,-7.646713277255206,5.3043248033349695,40.873230249223894,4.294162142487732
33.76,-6.3876221574506165,5.820518424785096,39.41225348564815,3.6822798432941397
33.77,-5.208599955236383,6.15075965323839,38.032760068595366,3.134507468070767
33.78,-4.117507382262952,6.339893059307116,36.7448842257269,2.6525370404951527
33.79,-3.1174895230320603,6.426436096564082,35.550541741996724,2.2348016424219668
33.8,-2.208046840223264,6.442309623154195,34.44647654745676,1.8773880978620445
33.81,-1.3859938955662185,6.413245877445203,33.42655932643052,1.5749136160424257
33.82,-0.6462696144446518,6.359530831113102,32.4834039474755,1.321260872198469
33.83,0.01740695676671289,6.296857966754869,31.609428788821784,1.110136913531432
33.84,0.6120244152996838,6.237164032245722,30.797500582697307,0.9354629303662652
33.85,1.1448913599199906,6.1893816958911945,30.04128354895642,0.7916213562081629
33.86,1.6233521281872054,6.160084135308315,29.335392388524774,0.6735923405232783
33.87,2.0545855486899587,6.1540191965398225,28.67542289037851,0.5770099363912682
33.88,2.445468668595156,6.174541942547494,28.05791240380385,0.49816357081582496
33.89,2.8024902236533036,6.223958758956693,27.48026543713638,0.4339648536862697
33.9,3.131701371162946,6.3037967997923,26.94066700795287,0.38189464869651973
33.910000000000004,3.4386936571201714,6.415011362840774,26.437997386882437,0.33994099961230784
33.92,3.728596252379307,6.558141889569909,25.971755724845405,0.30653505196418773
33.93,4.006086170591004,6.733425270390364,25.5419959767312,0.2804894539273172
33.94,4.275406513261057,6.940873273754181,25.14927591240981,0.260941728927515
33.95,4.540388827666843,7.1803193086143695,24.794618358019214,0.247303649094137
33.96,4.804476464818772,7.451438392816477,24.479482778724364,0.23921657961500292
33.97,5.0707464352660665,7.7537431217415795,24.205744638907646,0.2365120064202616
33.980000000000004,5.34192772222412,8.086557594647127,23.975679472799865,0.23917592297074503
33.99,5.620414360947009,8.44897065401392,23.791948140939017,0.2473153790490774
34.0,5.908271863891363,8.83976943714272,23.65757925318363,0.26112525257283925
34.01,6.207235795336925,9.257354161826054,23.575944162435686,0.28085318815717736
34.02,6.518701510151418,9.699635323586575,23.55071926569693,0.306760675798346
34.03,6.843704305709449,10.163915144997764,23.585829620862445,0.3390784725613266
34.04,7.182889534340827,10.64675627620115,23.685367176513008,0.37795508229811187
34.05,7.536472631575107,11.143842490062578,23.85347635494296,0.42339790919354287
34.06,7.904189581885337,11.64983851645372,24.09419953515937,0.4752081024206398
34.07,8.285239117499954,12.158259236243381,24.41127544449606,0.5329120962480964
34.08,8.678218968687442,12.661362124179341,24.807884959119313,0.5956954257165651
34.09,9.081059778085715,13.15008084486565,25.28634177096568,0.6623474073340629
34.1,9.490961843188316,13.61402178716768,25.847730243668536,0.7312283139598602
34.11,9.90434158769179,14.041548292076598,26.491499896845593,0.8002730150336839
34.12,10.316796428932731,14.419978286566577,27.215035410118134,0.8670456292236582
34.13,10.723098246075349,14.735918611259322,28.013232432833867,0.9288572537976898
34.14,11.117226591108748,14.975752068541324,28.878121719946677,0.9829520947503683
34.15,11.492452657711366,15.12627993934311,29.79859519760587,1.026755766604807
34.160000000000004,11.841483333266856,15.17550304461365,30.760294609299805,1.0581639401176701
34.17,12.156670984248453,15.113499413528439,31.745722936949864,1.0758325973980474
34.18,12.430288774124884,14.93332926980297,32.73462751061157,1.0794176195918777
34.19,12.654863501549789,14.63187344870851,33.704679578655785,1.069707131224466
34.2,12.823548935058952,14.210496102678293,34.632438666449914,1.0485999757005426
34.21,12.930513740963017,13.675423279253726,35.49454547353828,1.0189094683434892
34.22,12.971311106410843,13.037750178372244,36.26904222599477,0.9840091729998139
34.230000000000004,12.94319387011365,12.313031774959535,36.93668461223156,0.9473771621689349
34.24,12.845340779558727,11.520468480960648,37.482094729445585,0.9121242968763634
34.25,12.67896685989969,10.681759818080534,37.894616278520445,0.8805996378811761
34.26,12.447303040284398,9.819751174665665,38.16877162122717,0.8541481871509516
34.27,12.155445188929134,8.957029407825402,38.30427811536782,0.833057968635775
34.28,11.81008785873054,8.114625328480615,38.30564578099483,0.8166875202674742
34.29,11.419170585201469,7.310955442197161,38.18143557934514,0.8037257671462148
34.300000000000004,10.991472414928747,6.561089246925768,37.943295857493716,0.7925147142466429
34.31,10.536192533639953,5.876373716414369,37.60490813897715,0.7813647446331043
34.32,10.062551728161887,5.264395504109369,37.180963467017094,0.768808530055447
34.33,9.579442279110607,4.729223034203276,36.68626327670314,0.753764371244938
34.34,9.095144582241376,4.271849334993813,36.13500314215973,0.7356045506339135
34.35,8.617119178059136,3.8907518062097393,35.540262207093974,0.7141429276079361
34.36,8.151874384447893,3.582493361344019,34.91369180348325,0.689566078270633
34.37,7.704903251039104,3.3423053816983677,34.26537674752743,0.6623343891920702
34.38,7.280679386512237,3.164611700974915,33.60383236435731,0.6330760095185229
34.39,6.8826992033155925,3.0434706519195087,32.93609786547928,0.602490217649512
34.4,6.513557860944641,2.972926823447433,32.267889871831464,0.5712698736116855
34.410000000000004,6.175047148107415,2.9472747429920707,31.603786186362115,0.5400466866746717
34.42,5.868265223912186,2.9612433359219623,30.947417359656512,0.5093587044570295
34.43,5.593730125589805,3.010113388879882,30.301650770308022,0.4796368056069647
34.44,5.3514909467564316,3.0897812202030543,29.668758069148463,0.4512057914101518
34.45,5.141232407731632,3.1967811694977715,29.05056159656662,0.4242955252719647
34.46,4.962370080237296,3.328278042620286,28.448558774760805,0.39905806595023774
34.47,4.814134760614589,3.482038786309979,27.86402567839892,0.37558755348972117
34.480000000000004,4.695645418218404,3.6563907454907265,27.298102246749057,0.35394050130403376
34.49,4.605970811830218,3.850172065330548,26.751862172200216,0.33415497660145616
34.5,4.544180309551168,4.062678230381758,26.226370607352717,0.316267837267843
34.51,4.5093847106981215,4.2936074110537925,25.722732652507588,0.3003297088108931
34.52,4.500767992061474,4.543006202092464,25.24213524651364,0.28641773330916076
34.53,4.517610919879317,4.811216458321837,24.785884672894344,0.27464632297740627
34.54,4.559307410847521,5.098823222221935,24.35544146143775,0.26517622926099627
34.550000000000004,4.625374411982933,5.406603158672585,23.95245403759284,0.2582222187981266
34.56,4.715455916330903,5.735472431333951,23.5787920527823,0.25405955013914516
34.57,4.829321551123663,6.086432546182409,23.236579908383725,0.2530292838044109
34.58,4.966859975562511,6.460512332379979,22.92823054445993,0.255542241244486
34.59,5.128067113330916,6.858703920385643,22.656479073506144,0.262081159191168
34.6,5.313029025793275,7.2818903152942465,22.424415266197457,0.27320026644277606
34.61,5.521899011609349,7.730761967796327,22.23551320361195,0.28952114386387273
34.62,5.754868305215488,8.205719652470007,22.093655561292906,0.3117233261583694
34.63,6.012129552119541,8.7067610333764,22.003148951259345,0.3405276914216476
34.64,6.2938320809971735,9.2333486190478,21.96872549632855,0.37667031171847326
34.65,6.600027897310536,9.784257505765376,21.99552434734206,0.420864191357299
34.660000000000004,6.930607327713071,10.357402539013123,22.08904521877543,0.4737463341690045
34.67,7.285223399314334,10.949646481523482,22.25506431707939,0.5358080501200023
34.68,7.663204408169798,11.556593676234819,22.49950147051881,0.6073075861300403
34.69,8.063454796318831,12.17237773704097,22.82822617381553,0.6881663341143638
34.7,8.484345504612413,12.789457124762281,23.246790138622003,0.7778532986300627
34.71,8.923596485355151,13.398439045372196,23.760075484334735,0.875267332828534
34.72,9.378156106858762,13.987959625283725,24.37185177909776,0.9786327017015337
34.730000000000004,9.844084767001002,14.544656001516168,25.084242701723404,1.085430091288877
34.74,10.316453057382123,15.053272416518642,25.897114987408163,1.1923907607155761
34.75,10.789268027638537,15.496945501279486,26.80741894207534,1.2955837493988929
34.76,11.255444022771504,15.857710865674646,27.80853062667456,1.390621836697523
34.77,11.706836495240314,16.117260776623933,28.88966878616883,1.472998299140193
34.78,12.134357204091023,16.257958448513975,30.035480713383926,1.538541890536595
34.79,12.528186289451613,16.264077365246802,31.225904426467253,1.5839437092377922
34.800000000000004,12.878089988262019,16.12318638706751,32.43641238133158,1.607273509979005
34.81,13.17384188180623,15.827549934130392,33.63871745234807,1.6083764114078785
34.82,13.405731092264451,15.375368728260696,34.80197135548025,1.5890380094077754
34.83,13.56512453195801,14.771664838803295,35.894411711503636,1.5528372928213838
34.84,13.645035110279904,14.028628566516641,36.885327708818004,1.504672526060116
34.85,13.640637405570486,13.165301012294305,37.7471348875455,1.450030399195228
34.86,13.549670191869604,12.20656061536164,38.45729956304801,1.39414555323077
34.87,13.372673463037394,11.181496999491142,38.999851606205894,1.341236096832232
34.88,13.113025929596876,10.121364017167298,39.366277737941104,1.2939830163859551
34.89,12.776774395435574,9.057377555990016,39.55568697438209,1.2533517285080933
34.9,12.372273907170436,8.018642907724152,39.57426161040648,1.2187581197498238
34.910000000000004,11.909681422728914,7.03045775594237,39.43412061449237,1.1884942991973226
34.92,11.400361324225878,6.113153469142978,39.151800810616805,1.1602790438430077
34.93,10.85626607820241,5.281533930078553,38.74659044161702,1.1317945125063373
34.94,10.289350121041684,4.5448740093590825,38.238930780193805,1.1011053125501902
34.95,9.711062226082026,3.9073688063800116,37.64904791392164,1.06690855608882
34.96,9.131944915949708,3.3688886813259002,36.99590788264446,1.0286139182035552
34.97,8.561352585491528,2.925891940189024,36.29652191554697,0.9862877925503277
34.980000000000004,8.007285654451469,2.5723678383472293,35.5655767103532,0.9405114732175757
34.99,7.4763277652111615,2.300715968425146,34.81533251625498,0.8922029077183018
35.0,6.973667086044979,2.102504012859977,34.0557183489772,0.8689694208378944
