t,x,y,z,speed_proxy
0.0,1.0,1.0,1.0,0.04866000724448159
0.01,1.010630523236574,1.2198008518074104,0.9846838397457105,0.04952934650133293
0.02,1.0412612555377703,1.4423165898040073,0.9722343885186718,0.052809606441409515
0.03,1.0904609564957295,1.6719025159482634,0.9630132843221673,0.05871457306838412
0.04,1.1573330599664375,1.9126032115158162,0.957533302534853,0.06730270717780215
0.05,1.2414406917678302,2.168262380748118,0.9564686021873897,0.07882533576429855
0.06,1.3427483999634855,2.442615116603785,0.960675788174515,0.093709137785028
0.07,1.461577474782245,2.739365341223918,0.971225174958644,0.11255528256682681
0.08,1.5985722520501513,3.062250302982436,0.9894424837153838,0.13615154289307413
0.09,1.7546751792492248,3.41509314378366,1.0169618566951437,0.16549524656431217
0.1,1.9311086875388006,3.801843637713468,1.0557915948713277,0.20182590019425548
0.11,2.129362060933982,4.226606189131266,1.1083944477173244,0.2466668549357949
0.12,2.351181523750906,4.693652999262708,1.1777846056261814,0.3018755407160806
0.13,2.5985616712616912,5.207418890087795,1.267643730839747,0.36970155784365993
0.14,2.8737361312970666,5.772472529036595,1.382458335463132,0.4528511993746171
0.15,3.1791649445358465,6.393456639936936,1.5276804445833871,0.5545556305696147
0.16,3.5175155606087793,7.07498713418595,1.7099125643962205,0.6786377439598223
0.17,3.8916335342744888,7.821497900436958,1.9371162060706173,0.8295693364256267
0.18,4.304497940354312,8.637014271916556,2.218840163044294,1.0125053604110554
0.19,4.759155188461541,9.524834111534581,2.5664598110467662,1.2332752353307619
0.2,5.258623318240899,10.487091438352593,2.993411129985239,1.4983023697625195
0.21,5.805757060839323,11.524174420344746,3.515392015870838,1.8144123768812954
0.22,6.403062136251456,12.633968913094307,4.150487794602766,2.188479128930527
0.23,7.05244576750299,13.81090305791279,4.919156925863097,2.6268486484763054
0.24,7.754889848224509,15.044781603220901,5.8439867181842065,3.1344794425819584
0.25,8.510034595454766,16.31942591001031,6.949099210624547,3.7137535440621376
0.26,9.315665326621549,17.61118359106662,8.25905916410888,4.362958513731147
0.27,10.16710518600651,18.887446878315416,9.797119473754426,5.074532214385648
0.28,11.056534486566113,20.1054243770095,11.582651546943387,5.833309721907026
0.29,11.97228482089071,21.211541157838234,13.627674414401637,6.615206998997971
0.3,12.898193722863496,22.14197402600647,15.932546348030275,7.386971271691907
0.31,13.813150449264988,22.824912596204697,18.48114033340232,8.107717920623205
0.32,14.691006494155165,23.18509271624591,21.236186366702306,8.73280134317345
0.33,15.501049077787814,23.150880262590046,24.13586832624122,9.219989377089632
0.34,16.209218569735757,22.663619636584617,27.093067399223656,9.536936242628801
0.35000000000000003,16.78016776629701,21.688130770791975,29.998629132846432,9.667894333771098
0.36,17.180101271287437,20.22234394047688,32.729479120390394,9.617107727128568
0.37,17.380115742931523,18.303490860158682,35.16125501597942,9.407037671797042
0.38,17.359544752418945,16.008467013134656,37.18359990517839,9.071557938487858
0.39,17.108682471302057,13.447174665543029,38.7149501001021,8.646631918401864
0.4,16.630297415127462,10.74960355891024,39.71324042598042,8.162254053720167
0.41000000000000003,15.939573990767002,8.049367893626576,40.17983358648406,7.6386389504812335
0.42,15.062475137855568,5.467508752130769,40.1559181428448,7.087243035470909
0.43,14.032879704754171,3.1000884476174675,39.712798248547585,6.514817590589947
0.44,12.889086233130364,1.0116429034568868,38.93899145244848,5.927752851239443
0.45,11.670323406244837,-0.7653385491223534,37.92735340924097,5.334687107880397
0.46,10.413783568263119,-2.2262618525896087,36.764687439759776,4.746834162562388
0.47000000000000003,9.152476532187197,-3.3876674776493787,35.52502646237091,4.1766758694563135
0.48,7.913975527649768,-4.279831923510729,34.26658551995604,3.6360901760643327
0.49,6.719957903354723,-4.9401342990708095,33.031623046750816,3.134774465868704
0.5,5.58635235084064,-5.4079049211323085,31.848172916140705,2.679368215335182
0.51,4.523882723765531,-5.720912115724527,30.732685755749934,2.2732870699061216
0.52,3.5388220911437456,-5.913297382771309,29.692866308029338,1.9170710733504484
0.53,2.633815000903241,-6.014620140173564,28.730271240028927,1.6090025301072282
0.54,1.8086731968216994,-6.0496584392500825,27.842460788641464,1.345793318306661
0.55,1.0610903953378816,-6.038666778299835,27.024653361525434,1.1232147225804308
0.56,0.38725165460826005,-5.997869608180633,26.270920904760132,0.9366089595765936
0.5700000000000001,-0.2176673840885508,-5.940042775256635,25.575002477385915,0.7812675069010729
0.58,-0.7591045641816813,-5.875093814566879,24.930822568163734,0.6526872978841969
0.59,-1.2428060883473133,-5.810593694477664,24.33279365273004,0.5467270549821748
0.6,-1.674597786316941,-5.752239647947366,23.775968796512394,0.45968823978651047
0.61,-2.0602186448074935,-5.704244764787525,23.25609519130222,0.38834272255092545
0.62,-2.4052038624741328,-5.669658564044013,22.769606030772703,0.3299251487153476
0.63,-2.714806520308825,-5.6506265927281385,22.313577074907073,0.2821036574263995
0.64,-2.9939488302343573,-5.6485981814732575,21.885665731358436,0.2429387995744346
0.65,-3.247195643908864,-5.664491125611211,21.484044197862374,0.21083744054002868
0.66,-3.4787443885772324,-5.698821044971127,21.107333737442467,0.18450610583965737
0.67,-3.6924268313482473,-5.7518019586349105,20.754544073443842,0.1629065286663256
0.68,-3.891719074801104,-5.823423425845343,20.425019828831427,0.14521495587439623
0.6900000000000001,-4.079756986374592,-5.9135085556199485,20.11839460123124,0.1307859419784176
0.7000000000000001,-4.25935489574729,-6.021756307849408,19.83455243854907,0.11912080919639212
0.71,-4.433025890427214,-6.14777079404182,19.573595994529093,0.10984059782116173
0.72,-4.603002427817404,-6.291079717394455,19.33582038016722,0.1026631170488011
0.73,-4.77125628518566,-6.451143646614085,19.121691601345184,0.09738358916137937
0.74,-4.939517105997002,-6.62735747471645,18.931828427344286,0.09385832891524483
0.75,-5.109288987113381,-6.819045155909662,18.766986530129024,0.09199089343045844
0.76,-5.281864698743427,-7.025448628341067,18.62804374559028,0.09172016099153713
0.77,-5.458337247932087,-7.245711710146983,18.515985320807562,0.09300984041891591
0.78,-5.639608595486464,-7.478859696823978,18.43188801919934,0.0958389706286755
0.79,-5.826395423144563,-7.723775388236846,18.376901957801213,0.10019304043248407
0.8,-6.019231929372588,-7.979172334247958,18.35222905276755,0.10605544170753238
0.81,-6.2184697147421915,-8.243566210358026,18.359096960274243,0.11339906656237633
0.8200000000000001,-6.424274907217862,-8.515245419591865,18.3987274346491,0.12217797351847393
0.8300000000000001,-6.6366227791175225,-8.792242262519675,18.472298102546407,0.1323191810875135
0.84,-6.855290225390662,-9.07230631779603,18.580896794153993,0.14371479970743511
0.85,-7.079846610289458,-9.352882018205964,18.7254678058188,0.15621488154227325
0.86,-7.309643647652663,-9.63109276983042,18.906749820640965,0.16962154344341912
0.87,-7.543805157268006,-9.903734310479473,19.125205710646764,0.1836850853564161
0.88,-7.781217730752948,-10.167280289769266,19.3809451063995,0.19810295982607112
0.89,-8.020523534919146,-10.417903213934778,19.67364145568306,0.21252251423716995
0.9,-8.260116662759593,-10.651513856883227,20.002446290912985,0.22654838525046747
0.91,-8.498144589842141,-10.863821909536846,20.365904545706403,0.23975523183250064
0.92,-8.732516378733228,-11.050419937205039,20.761875928707244,0.251706113567491
0.93,-8.960919263036443,-11.206891569752555,21.187468459446137,0.2619762384181905
0.9400000000000001,-9.180845100650952,-11.328943226623883,21.63899113666324,0.2701810371317715
0.9500000000000001,-9.389627880470767,-11.412556600772868,22.11193315043225,0.27600663678422754
0.96,-9.584492974410614,-11.454156694263785,22.60097685831809,0.2792399260801227
0.97,-9.762618140286621,-11.450787610918308,23.10005073466312,0.27979470321699185
0.98,-9.92120541780562,-11.400285861725926,23.602426545887372,0.2777300742047587
0.99,-10.057562067148577,-11.301438997723405,24.100862089796067,0.2732575114450684
1.0,-10.169187657580727,-11.154116355465616,24.587787103614314,0.26673390391246976
1.01,-10.253863431898848,-10.959358947314366,25.055525710638094,0.2586395187445926
1.02,-10.309739280162903,-10.719417296153534,25.496544521301278,0.24954187298092573
1.03,-10.335413183561808,-10.437729342610274,25.903711825487697,0.24004874738721002
1.04,-10.329997946200763,-10.118835225477378,26.27055082126372,0.2307555215456181
1.05,-10.293170484769965,-9.768231271311818,26.591469030545486,0.2221932280758374
1.06,-10.225199896247814,-9.392171235460149,26.861947242153843,0.21478389083165664
1.07,-10.126951902900142,-8.997427924428523,27.07867447673972,0.2088087262139776
1.08,-9.999868945410883,-8.591032059510425,27.23962023325783,0.20439281459350953
1.09,-9.845926973803929,-8.180007074330051,27.34404101838504,0.20150729015616606
1.1,-9.667571667304571,-7.771118244459187,27.39242407966205,0.1999874811944151
1.11,-9.467638208403068,-7.370652246535928,27.38637655281534,0.19956327551133274
1.12,-9.249259698441326,-6.984239372032692,27.328472231526945,0.19989666069703807
1.1300000000000001,-9.01576975367461,-6.616725822038744,27.222070469987102,0.20062104822906132
1.1400000000000001,-8.77060475703699,-6.272098500918998,27.071122237015803,0.2013775554258307
1.1500000000000001,-8.51721072335074,-5.953460160295151,26.879977241557075,0.2018446373305039
1.16,-8.258958874721653,-5.663049104355278,26.653203736615133,0.20175899490232344
1.17,-7.999072953745168,-5.402295217524323,26.3954295791152,0.20092720906465641
1.18,-7.74057016184343,-5.171902862272819,26.111209873635705,0.19922881305181303
1.19,-7.486216517883485,-4.971951087988497,25.804923475356265,0.19661237953334038
1.2,-7.238496477748377,-4.802002347843573,25.480698063042468,0.19308663389036135
1.21,-6.9995958938386025,-4.6612122489531105,25.142361570527324,0.18870866301452568
1.22,-6.771396846807279,-4.548434479649314,24.793416517347975,0.18357106949843394
1.23,-6.555482545427586,-4.46231672969426,24.437033147609572,0.17778953726447824
1.24,-6.353150340532408,-4.401384971624216,24.076057157447824,0.17149182891543027
1.25,-6.165430900644386,-4.364114797003302,23.713028029893266,0.16480880527748076
1.26,-5.993111711417501,-4.348989550684442,23.35020446817849,0.15786769304523393
1.27,-5.836763250760506,-4.354545773844176,22.98959400947639,0.15078755037457278
1.28,-5.696766423526145,-4.3794069765467505,22.632984521407074,0.14367669591967616
1.29,-5.5733400872434276,-4.422307053080831,22.281975871185992,0.13663176433019372
1.3,-5.466567743579277,-4.482104774453549,21.93801057414244,0.12973801399096346
1.31,-5.376422695361654,-4.55779078733805,21.60240265622674,0.12307052220636713
1.32,-5.302791167768446,-4.648488457398887,21.276364299996885,0.1166959417077306
1.33,-5.2454930606331125,-4.753449750149628,20.96103009066732,0.11067454581738556
1.34,-5.204300135843213,-4.872047169814104,20.65747884855769,0.10506234691042945
1.35,-5.178951550789743,-5.003762594756247,20.36675313929328,0.09991312651508058
1.36,-5.169166728413152,-5.148173669887554,20.08987660604991,0.09528026101005169
1.37,-5.174655609991518,-5.304938250553083,19.82786928048119,0.09121826228139474
1.3800000000000001,-5.195126372149963,-5.473777243955341,19.58176101036629,0.08778397745978828
1.3900000000000001,-5.230290708387973,-5.654456066203791,19.352603100106098,0.08503740668224252
1.4000000000000001,-5.279866781331021,-5.846764827248848,19.1414782006977,0.08304210413191765
1.41,-5.34357994830377,-6.050497273325799,18.94950841283236,0.0818651272478198
1.42,-5.42116135285364,-6.265428458077822,18.777861483163125,0.08157649405652348
1.43,-5.512344461491657,-6.491291080570326,18.62775488167936,0.08224810134502639
1.44,-5.616859611000126,-6.727750422899749,18.5004574493393,0.08395204935825326
1.45,-5.734426619974975,-6.974377844783139,18.397288201747536,0.08675831462873045
1.46,-5.86474551165164,-7.230622850970145,18.319611769657165,0.09073171454114722
1.47,-6.007485396442669,-7.495783843849378,18.268829854816353,0.09592811881244266
1.48,-6.162271575081726,-7.76897781294319,18.24636798665431,0.10238988811224725
1.49,-6.328670950064705,-8.049109399666715,18.253656790757628,0.11014056264555147
1.5,-6.5061758775310965,-8.334840013301498,18.29210693662773,0.11917888757624813
1.51,-6.694186657084174,-8.624557963821847,18.363076936246692,0.12947235073946897
1.52,-6.891992946180965,-8.916350916200468,18.467833036868768,0.1409505223388391
1.53,-7.0987545006840875,-9.207982350095065,18.60750061509551,0.15349862411480533
1.54,-7.313481784554641,-9.496874110633605,18.78300676088582,0.16695190961543727
1.55,-7.535017157799348,-9.780097531227694,18.995014165808335,0.18109159358784027
1.56,-7.762017537722629,-10.054375955026758,19.243847021691685,0.1956432044873455
1.57,-7.992939624987465,-10.316101719661336,19.529410406415735,0.21027831780054235
1.58,-8.226028978296961,-10.561370727485398,19.85110557858316,0.22462061932733807
1.59,-8.459314388891938,-10.78603751662534,20.207744692468125,0.23825710266181677
1.6,-8.690609121479273,-10.985793189419104,20.59746961510562,0.25075488328593254
1.61,-8.917520619221424,-11.156267566516926,21.017680673758157,0.2616835875720943
1.62,-9.137470181460994,-11.293155467115806,21.464982135827647,0.2706425530955693
1.6300000000000001,-9.347723879236698,-11.392365068843802,21.935151837800667,0.27729120638759674
1.6400000000000001,-9.545435547395147,-11.450183948564677,22.423142426051815,0.2813800704583427
1.6500000000000001,-9.727702069292665,-11.463455814139614,22.92312094807105,0.28277905723814756
1.6600000000000001,-9.891630358775405,-11.429758373024205,23.428551883631073,0.28149921809147327
1.67,-10.034414481378096,-11.347570600416306,23.9323260738403,0.27770415891044364
1.68,-10.153420312560746,-11.216416272336314,24.426934477536296,0.2717080229642715
1.69,-10.246274107242408,-11.036970410345125,24.90468151950483,0.26395834094859927
1.7,-10.310950477640388,-10.811116543222084,25.35792843050501,0.2550040217769248
1.71,-10.345854679602438,-10.541945545253366,25.77935298906185,0.24545101814271272
1.72,-10.34989391226234,-10.233691131463722,26.16220908756844,0.23591032552025443
1.73,-10.322532625928396,-9.891602474692512,26.500568126497914,0.22694449905762348
1.74,-10.263827634224763,-9.52176021638079,26.789524768995605,0.2190194174030567
1.75,-10.174440092880703,-9.130847588068866,27.02535215230852,0.21246740016982965
1.76,-10.055623021919752,-8.725892659361033,27.205596003014065,0.2074660762230965
1.77,-9.909184835910603,-8.3140002515578,27.329102678854387,0.20403494120677806
1.78,-9.737431103682841,-7.902092459999464,27.395982188247306,0.20204884509569446
1.79,-9.543088283275681,-7.496675019958148,27.407512884326493,0.20126525978843632
1.8,-9.329214305368744,-7.1036432777337595,27.36599905853807,0.201360531828179
1.81,-9.099101506382905,-6.728136890920475,27.274595566145777,0.20196965758218682
1.82,-8.856177512028468,-6.374447299894046,27.137114702634307,0.20272441950511638
1.83,-8.603909285709761,-6.045977182742346,26.95782991910747,0.20328578283630772
1.84,-8.345714782362965,-5.745247081960367,26.741288959762667,0.20336794591640298
1.85,-8.084885618890663,-5.473941514635694,26.49214610860828,0.20275301899217538
1.86,-7.824523028097532,-5.232985262481837,26.215019960524664,0.2012966919119875
1.87,-7.567488232238272,-5.022640101679139,25.91437993912737,0.19892626291410626
1.8800000000000001,-7.316367356104969,-4.842612756339984,25.59446200905942,0.19563297546160685
1.8900000000000001,-7.073450164889442,-4.692166056681264,25.259211872567803,0.19146077843398213
1.9000000000000001,-6.8407212913043365,-4.570226859554843,24.912252467929896,0.1864934770977781
1.9100000000000001,-6.619862212510054,-4.475485987416491,24.55687176590238,0.18084189212753565
1.92,-6.412262031203293,-4.406487065571254,24.19602658818942,0.17463220107200836
1.93,-6.219035074096409,-4.3617025577980435,23.832358314996583,0.16799618879348696
1.94,-6.041043406204149,-4.33959645042875,23.468216768776717,0.1610637395715201
1.95,-5.878922531935892,-4.33867389716612,23.105689134598315,0.15395759493643527
1.96,-5.733108778867002,-4.357518728218625,22.74663140515624,0.14679018659578377
1.97,-5.603867108156865,-4.394820084797965,22.392700448960678,0.13966222631733333
1.98,-5.491318344620268,-4.4493896096080725,22.04538534824837,0.13266267891805963
1.99,-5.3954650537489295,-4.5201706523402985,21.706037114707563,0.12586974186074662
2.0,-5.316215502585705,-4.606240878785735,21.37589625833595,0.11935248707892122
2.0100000000000002,-5.253405321003793,-4.7068095385811155,21.05611796066542,0.11317287181872356
2.02,-5.206816627890459,-4.821210477867078,20.747794797613945,0.10738788330026444
2.0300000000000002,-5.176194503715581,-4.9488918001412685,20.451977081786442,0.10205163826721449
2.04,-5.161260779325815,-5.0894028960536195,20.169690962167692,0.09721730762625917
2.05,-5.161725173820661,-5.242379390610648,19.90195444294518,0.09293877557442434
2.06,-5.1772938557453445,-5.4075264003429355,19.649791473057626,0.0892719709828798
2.07,-5.207675525382191,-5.584600357004899,19.41424422233967,0.08627582677442074
2.08,-5.252585125334758,-5.773389540278526,19.19638360517511,0.08401283185663205
2.09,-5.311745285364056,-5.9736933708748445,18.997318042972807,0.08254914160657775
2.1,-5.384885598801303,-6.185300448276039,18.81820037574855,0.0819542089862878
2.11,-5.471739814859877,-6.407965275276574,18.660232742901954,0.08229989133686881
2.12,-5.572041016678168,-6.641383596163801,18.52466915574018,0.08365898017914186
2.13,-5.685514841746826,-6.885166289298175,18.412815381318723,0.08610309561281387
2.14,-5.811870792319979,-7.1388118013396555,18.32602565128463,0.08969988615472746
2.15,-5.950791681381401,-7.40167719355269,18.265695604406897,0.09450948248718953
2.16,-6.10192126778155,-7.672947995208157,18.233250773041945,0.10058017340341331
2.17,-6.26485015549509,-7.9516072298878395,18.230129840146088,0.10794330833904
2.18,-6.439100069912257,-8.236404201616653,18.257761836046406,0.11660748736399343
2.19,-6.624106682010665,-8.525823901519672,18.31753642818153,0.12655217990479734
2.2,-6.819201232249685,-8.818058221054674,18.410766501597884,0.13772101982043794
2.21,-7.023591312539391,-9.11098052830726,18.53864235614288,0.15001515603016655
2.22,-7.236341297899607,-9.402125564971357,18.70217708397326,0.1632871895028383
2.23,-7.45635307870424,-9.688677028505333,18.902143065105232,0.17733638752507722
2.24,-7.6823479260394185,-9.967465578405418,19.139000053797467,0.1919060150723329
2.25,-7.912850519027422,-10.23498029434559,19.41281604167633,0.2066837318155353
2.2600000000000002,-8.146176361229966,-10.487396748443658,19.72318297754096,0.22130603386018677
2.27,-8.380423994705888,-10.720624752368362,20.069130479026654,0.23536762770156813
2.2800000000000002,-8.613473559823044,-10.930378413754436,20.449041836543056,0.24843636633913294
2.29,-8.842993315429947,-11.112270301104262,20.860577794415853,0.26007392100154375
2.3000000000000003,-9.06645569219142,-11.261930208683951,21.30061466316459,0.26986169827317086
2.31,-9.281164265698754,-11.37514721202644,21.765204093578788,0.27743067381119935
2.32,-9.484292673767426,-11.448031456070915,22.24956212103213,0.2824928860486193
2.33,-9.672935943976448,-11.477189555214073,22.748094655386527,0.28487146011028863
2.34,-9.844173942271938,-11.459904841710818,23.254465268471815,0.28452540498914125
2.35,-9.995145727766044,-11.39431130631154,23.76170881819488,0.28156525447305136
2.36,-10.123132561677211,-11.279548331329762,24.262391176321632,0.2762560807210119
2.37,-10.22564626213902,-11.115882633293166,24.74881129543777,0.2690055823212797
2.38,-10.30051864174638,-10.904784556928142,25.213237442170673,0.2603367723627541
2.39,-10.345987046439904,-10.648948188171646,25.64816517964794,0.25084702876710785
2.4,-10.360770662760672,-10.352248643459477,26.04658123278741,0.2411575277002057
2.41,-10.34413237662459,-10.019635033201357,26.402215326509566,0.231858891535336
2.42,-10.295921599159223,-9.656963414241675,26.70976191338879,0.2234598134752816
2.43,-10.216594603252904,-9.270779778800273,26.96505560422644,0.21634520225087442
2.44,-10.107210443519627,-8.868067961632864,27.165187948650065,0.21074900699299665
2.45,-9.969402302956548,-8.455980573266624,27.308558514414862,0.20674459427938593
2.46,-9.805325920976099,-8.041572225342145,27.394859257392522,0.20425282979427328
2.47,-9.617588400525426,-7.6315532874174075,27.424997114460435,0.20306542614480624
2.48,-9.40916198378667,-7.232079444698796,27.400964790628247,0.20287915417303817
2.49,-9.183288199020549,-6.848587949023686,27.325673247545275,0.20333549187191483
2.5,-8.943378060523688,-6.485686377790198,27.20276112267989,0.20406027553147094
2.5100000000000002,-8.692913769245244,-6.1470946677777984,27.036396222679304,0.2046987696230694
2.52,-8.435356696423465,-5.835636794229085,26.83108261775655,0.2049429817026373
2.5300000000000002,-8.174065461843176,-5.55327514304605,26.591484172085124,0.2045496609146369
2.54,-7.9122267843207545,-5.301178566329723,26.322272101598884,0.20334891678685746
2.5500000000000003,-7.652800621085302,-5.0798142954424925,26.02800084604644,0.2012445597568332
2.56,-7.398480037666158,-4.88905412729309,25.71301356363828,0.19820799466112482
2.57,-7.151665340294911,-4.728286322679223,25.38137615323261,0.1942677964928838
2.58,-6.914451302693692,-4.5965261582272365,25.03683699127963,0.1894970401630286
2.59,-6.688625840404559,-4.492519778580725,24.682808533830407,0.1840001544881087
2.6,-6.475678215499926,-4.414837681885235,24.322366492608474,0.17790064057816132
2.61,-6.27681476304807,-4.361955686427056,23.958262319487098,0.1713305338888982
2.62,-6.092980180053022,-4.332322482602149,23.59294508415658,0.1644220671184973
2.63,-5.924882567813288,-4.324413840060729,23.22858937343344,0.15730164825422385
2.64,-5.773020632604517,-4.336774222533966,22.867126468368156,0.15008601984933803
2.65,-5.63771169571957,-4.368046995038471,22.510276685667886,0.14288030942852867
2.66,-5.519119417411489,-4.416994634728026,22.159581348884576,0.13577760324579316
2.67,-5.417280382229366,-4.4825104254758115,21.81643335168775,0.12885965799168222
2.68,-5.332128913814007,-4.563623072126093,21.482105677825245,0.12219838841742872
2.69,-5.263519678725845,-4.65949555170354,21.157777550208728,0.11585781624811932
2.7,-5.211247798541616,-4.769419356564489,20.84455810291469,0.10989622362130744
2.71,-5.175066317341189,-4.892805101873478,20.54350761675562,0.10436831274882519
2.72,-5.154700969761634,-5.02917028362001,20.255656444703384,0.0993272261231197
2.73,-5.149862266106587,-5.178124794974192,19.982021790556278,0.09482632477719284
2.74,-5.160254959223905,-5.339354645308565,19.723622503987485,0.09092065441511776
2.75,-5.185584986847612,-5.512604181945476,19.48149202663145,0.08766805072557907
2.7600000000000002,-5.225563996625189,-5.697656991974544,19.256689574210963,0.08512984692272521
2.77,-5.279911562707946,-5.894315561604649,19.050309574047795,0.08337115016573526
2.7800000000000002,-5.34835519591657,-6.102379694345379,18.863489299255345,0.08246065096796579
2.79,-5.430628237218111,-6.321623637832269,18.697414552990384,0.0824699232049194
2.8000000000000003,-5.526465709494506,-6.5517718437723,18.55332316021671,0.08347216423355165
2.81,-5.635598188169118,-6.79247328847344,18.432505922265683,0.08554031753045001
2.82,-5.757743739989994,-7.043274315779789,18.336304583264287,0.0887445170310212
2.83,-5.892597974015095,-7.30359003387104,18.26610625047102,0.09314879627770369
2.84,-6.0398222526093654,-7.572674406911105,18.223333607613846,0.09880702025893733
2.85,-6.199030126222043,-7.8495893368787915,18.209430168702635,0.10575802750781466
2.86,-6.369772087198972,-8.13317323468615,18.225839749738622,0.11402001884477016
2.87,-6.551518788298265,-8.42200983615472,18.273979301117354,0.12358430099392302
2.88,-6.743642944184899,-8.714398328081971,18.355204262180482,0.1344085909818432
2.89,-6.945400231776166,-9.00832620834188,18.47076569321911,0.14641021127745626
2.9,-7.155909629711591,-9.30144670057653,18.62175863461911,0.15945965275508556
2.91,-7.374133788564022,-9.59106295771972,18.809061465035615,0.1733751437505066
2.92,-7.598860199253671,-9.874121686093973,19.033266506848754,0.1879190220771366
2.93,-7.828684121404467,-10.147219155163826,19.294602778692546,0.2027968370609482
2.94,-8.061994435271123,-10.406622763427999,19.59285263097124,0.21766017511839691
2.95,-8.2969637737753,-10.64831132997366,19.927265010846,0.23211416212583194
2.96,-8.531544452109157,-10.868036985502657,20.296469249491558,0.24573040312789313
2.97,-8.763471811935695,-11.061410857158297,20.698394470459068,0.2580657355114352
2.98,-8.990276600951129,-11.224013603458207,21.130200864061557,0.2686865758315201
2.99,-9.209307879643147,-11.351530218753725,21.588229994634574,0.2771978484543005
3.0,-9.417767650942459,-11.439906408852032,22.067981804672794,0.28327456171765314
3.0100000000000002,-9.612757919371152,-11.485521340572156,22.564125835176956,0.28669316896116637
3.02,-9.791340195138865,-11.48536888691712,23.07055319522584,0.287359096775738
3.0300000000000002,-9.950606581106669,-11.437236927140649,23.580473848549367,0.2853264520171071
3.04,-10.087760563728283,-11.339872201334575,24.086560817066463,0.2808061311978983
3.0500000000000003,-10.200204554433606,-11.193117083687024,24.581139066559295,0.27415947815053243
3.06,-10.285630208225813,-10.998004814294921,25.056412458332915,0.26587626393130864
3.0700000000000003,-10.342106715189853,-10.756801480771278,25.504717718949124,0.25653792029799605
3.08,-10.36816175477181,-10.472986423367367,25.91879051591819,0.2467692976726379
3.09,-10.362849738273603,-10.151167537516777,26.292026073065795,0.23718427910784212
3.1,-10.325802413178238,-9.79693367327501,26.618715856010752,0.2283318942411971
3.11,-10.257257869664159,-9.416652265216833,26.894243018199766,0.22064979368527035
3.12,-10.158065405828484,-9.017225643782366,27.115222512412384,0.21443094888791636
3.13,-10.02966543362127,-8.605823402080789,27.279576683110115,0.2098074018230599
3.14,-9.874045450305026,-8.189610148150805,27.38654310423545,0.20675221904530885
3.15,-9.693674847130383,-7.775487711967317,27.436617581268937,0.2050980617959662
3.16,-9.491422778934197,-7.369868518094604,27.43144074882531,0.20456851432913
3.17,-9.270464323469774,-6.978492828879264,27.373640868819862,0.20481691353276127
3.18,-9.034180634560299,-6.606297582623869,27.266647842291835,0.20546705724554895
3.19,-8.786058732593256,-6.25733934660864,27.114493984758486,0.20615075587828735
3.2,-8.529596043173022,-5.934769159229394,26.921615973878183,0.20653846607554266
3.21,-8.268213904727961,-5.640853255878485,26.692669971108735,0.2063608512512109
3.22,-8.005183159706126,-5.377031135941736,26.432368766386965,0.20542070689917438
3.23,-7.743563764449246,-5.144001180585651,26.14534641672849,0.20359600663235955
3.24,-7.486159224152003,-4.941823934900807,25.836052681568294,0.2008357230632606
3.25,-7.2354856745040985,-4.770033967289159,25.50867690265546,0.19715052539273076
3.2600000000000002,-6.993754647601395,-4.627752609218221,25.167098993375365,0.1926005091667383
3.27,-6.762867999109133,-4.5137955647911605,24.814863923059022,0.187281878491237
3.2800000000000002,-6.544423130986502,-4.426771115665549,24.45517544313219,0.1813140963124258
3.29,-6.339726494109772,-4.365166253499582,24.09090468399817,0.17482855146787382
3.3000000000000003,-6.149813361361955,-4.327419439314246,23.72460951181966,0.1679593432292468
3.31,-5.975471983708357,-4.311979767147544,23.358561033627158,0.1608364058920951
3.3200000000000003,-5.8172704404181586,-4.317353094109076,22.994774257811773,0.15358091117353512
3.33,-5.675584735801663,-4.342136216607145,22.63504056273979,0.14630269743119534
3.34,-5.550626951123062,-4.385040465754387,22.28096023507121,0.13909937120770482
3.35,-5.44247251125683,-4.4449062122131675,21.933973872900857,0.13205669064185352
3.36,-5.351085857253653,-4.520709759052114,21.59539188889345,0.12524985230481217
3.37,-5.276344019893269,-4.611564001956617,21.266421691648826,0.11874534484627651
3.38,-5.218057761532894,-4.716714083272442,20.94819237558944,0.11260308944396111
3.39,-5.175990093345431,-4.835529085989396,20.641776921930497,0.10687864717077519
3.4,-5.149872083824033,-4.967490624927724,20.348212019082744,0.10162532939048037
3.41,-5.139415955028908,-5.112179008182473,20.068515663411407,0.09689609463189112
3.42,-5.144325519034057,-5.2692574707996105,19.803702712569873,0.09274515196044272
3.43,-5.164304042257703,-5.438454829826895,19.55479854362064,0.08922921629084204
3.44,-5.199059643695036,-5.619546778165315,19.322850924691092,0.0864083761483247
3.45,-5.248308338213258,-5.81233592555966,19.108940147817695,0.0843465405812715
3.46,-5.311774831471754,-6.016630609508599,18.914187396033,0.08311143115380006
3.47,-5.389191161899985,-6.232222437692117,18.7397612324738,0.08277407933874725
3.48,-5.480293270498284,-6.4588624879231045,18.586882005339493,0.08340778149958016
3.49,-5.584815563879124,-6.696236083513668,18.45682386159463,0.08508645550122346
3.5,-5.70248352274292,-6.9439360840366975,18.350913956303643,0.08788233760193785
3.5100000000000002,-5.833004399724252,-7.201434687394385,18.27052833613423,0.09186295878959591
3.52,-5.976056050208868,-7.468053833321113,18.217083869031327,0.09708734970261057
3.5300000000000002,-6.131273950436106,-7.742934435912055,18.19202549361314,0.10360144670522728
3.54,-6.298236482271687,-8.025004858423149,18.196807980530053,0.11143271282966113
3.5500000000000003,-6.476448606889707,-8.312949281486341,18.232871346348826,0.12058405032820076
3.56,-6.665324113634485,-8.605176907922772,18.30160905491701,0.1310271699280947
3.5700000000000003,-6.864166718622249,-8.899793291525874,18.404328202227067,0.14269569721035377
3.58,-7.072150402511176,-9.194575465442293,18.542201032992217,0.15547843728943933
3.59,-7.288299519247785,-9.48695296130624,18.716207407649147,0.16921337858361857
3.6,-7.5114693761977716,-9.773997224761322,18.927068254928656,0.18368318134777328
3.61,-7.740328176361775,-10.052422303981217,19.175170631702606,0.1986130443891094
3.62,-7.973341416465005,-10.318599956975513,19.460485783737617,0.2136719418396621
3.63,-8.208760036224099,-10.56859241680808,19.7824825570333,0.22847822992609432
3.64,-8.44461379333842,-10.798205884760689,20.14003962305705,0.24261049502729828
3.65,-8.678711468432146,-11.003067298250745,20.531361191306026,0.25562420491898374
3.66,-8.908649551115971,-11.178725959021891,20.953902085801214,0.26707420506865187
3.67,-9.131830985643795,-11.320780150117352,21.40430910908536,0.2765423706887105
3.68,-9.34549532563376,-11.4250269092093,21.87838631713108,0.28366882809627814
3.69,-9.54676123143621,-11.487630726975732,22.3710919639777,0.28818419868307715
3.7,-9.732681624055619,-11.50530426352258,22.876574231018616,0.2899394578914912
3.71,-9.900310991168482,-11.475491489374297,23.38825126215556,0.288929446472294
3.72,-10.046783358436,-11.396541321563198,23.898938407232137,0.285306035812512
3.73,-10.169398362051913,-11.267858260664886,24.401022002459996,0.2793775989580446
3.74,-10.265711789243989,-11.090016158204833,24.88667473958215,0.271592828148306
3.75,-10.33362602151207,-10.864822383630774,25.34810313429866,0.2625089586254201
3.7600000000000002,-10.37147516085161,-10.595322463497954,25.777813388808593,0.25274681669261523
3.77,-10.378099371012947,-10.285739625150056,26.168878710680534,0.24293737165068136
3.7800000000000002,-10.352903216549965,-9.941349198299609,26.5151895057892,0.23366614620176585
3.79,-10.29589356524782,-9.568293858167118,26.811668226574994,0.2254225112476677
3.8000000000000003,-10.20769389366347,-9.17335141921706,27.054433150964353,0.21856034076419323
3.81,-10.089533484580866,-8.763671480618552,27.240899760495783,0.21327479072573163
3.8200000000000003,-9.943211851061081,-8.346500005587108,27.36981411396299,0.20959743059299338
3.83,-9.771040551961374,-7.928911499683787,27.441218877090282,0.20740912661025726
3.84,-9.575766166696503,-7.517566818545018,27.45635859329656,0.2064675319595715
3.85,-9.360479397144017,-7.118511124827447,27.41753558285093,0.20644425492367952
3.86,-9.128515949882393,-6.7370217433990955,27.32793099143506,0.20696601268719594
3.87,-8.88335498737574,-6.377510384648909,27.19140674478087,0.20765434132229044
3.88,-8.628520562461308,-6.043479153172393,27.01230359498723,0.20815951035602318
3.89,-8.36749066670599,-5.737525523744692,26.795248415450992,0.2081858423726518
3.9,-8.10361746638593,-5.461388417924544,26.544980917215533,0.20750729858500278
3.91,-7.840061117025684,-5.2160257825296625,26.26620656041805,0.20597365616528607
3.92,-7.57973837349071,-5.001713576636921,25.96347910210605,0.20350867988711135
3.93,-7.325286154455911,-4.818156591367957,25.64111331602641,0.20010230823786992
3.94,-7.079039348808169,-4.664602757026747,25.303126154861026,0.19579906221661103
3.95,-6.843021502142313,-4.539954226270972,24.95320307620603,0.19068473739540343
3.96,-6.618946597745549,-4.442870288661773,24.594685386360215,0.18487307655435992
3.97,-6.408229928885857,-4.371858863643052,24.230574165141988,0.1784936572378168
3.98,-6.21200601392844,-4.325354799544762,23.86354648026135,0.1716817590170555
3.99,-6.031151592416723,-4.30178440483371,23.49598003607719,0.1645705618175436
4.0,-5.86631191813721,-4.299616535898162,23.129982998898136,0.15728570258406338
4.01,-5.71792879767703,-4.3174011807323565,22.76742639529139,0.14994199217658913
4.0200000000000005,-5.586269079717785,-4.353796848903592,22.409977116256208,0.1426419606968312
4.03,-5.471452558052758,-4.407588253351774,22.05913013099209,0.13547584120507034
4.04,-5.373478493718971,-4.477695797834437,21.716238994351123,0.128522599274942
4.05,-5.292250178377231,-4.563178309575564,21.38254411382748,0.12185164978008746
4.0600000000000005,-5.227597146698737,-4.663230317084293,21.05919852841418,0.11552495617940495
4.07,-5.1792947982450785,-4.777174997393137,20.74729115285844,0.10959926855346536
4.08,-5.14708130995703,-4.904453726800175,20.447867569887876,0.10412831573791505
4.09,-5.130671811357829,-5.044612979788974,20.16194852356354,0.09916481847168106
4.1,-5.129769859342355,-5.197289142185829,19.89054629175447,0.09476223160937115
4.11,-5.1440762918131115,-5.362191642990038,19.63467910569386,0.09097615321927308
4.12,-5.173295563371073,-5.539084668207303,19.39538374838351,0.08786535724554237
4.13,-5.217139675581614,-5.727767601287645,19.173726407850303,0.08549241565724411
4.14,-5.275329812587439,-5.92805423941148,18.970811790650703,0.08392387743731225
4.15,-5.347595783344586,-6.139750763637296,18.78779041880942,0.08322996745946619
4.16,-5.4336733575924345,-6.362632394817612,18.625863941785227,0.08348376051902011
4.17,-5.533299566740041,-6.596418647787161,18.48628819577486,0.08475977695904577
4.18,-5.646206025976913,-6.840747106021925,18.370373637398597,0.0871319391385818
4.19,-5.7721103229181745,-7.09514568107453,18.27948266984208,0.09067082542684475
4.2,-5.91070551388444,-7.3590033998164115,18.215023270336147,0.09544016389600894
4.21,-6.061647774566994,-7.631539882753659,18.178438223771288,0.10149252529440464
4.22,-6.224542270600601,-7.91177384357925,18.171189176142995,0.10886420845201596
4.23,-6.398927348884602,-8.198491158350823,18.19473465451381,0.11756936534805294
4.24,-6.584257205835623,-8.490213325327083,18.250501172186304,0.12759349157934305
4.25,-6.779883267424895,-8.785167463505644,18.339846567933694,0.1388865135270871
4.26,-6.985034620601092,-9.081259374046276,18.464014839701257,0.15135583615164824
4.2700000000000005,-7.198797968166247,-9.376051601114511,18.62408195283783,0.1648598707780012
4.28,-7.420097739127079,-9.66674885381003,18.820892458916045,0.17920272990425512
4.29,-7.647677170924755,-9.950193551996247,19.05498728024238,0.19413093712613122
4.3,-7.8800813817445095,-10.222874583702188,19.326523717424497,0.2093331261571049
4.3100000000000005,-8.115643658208082,-10.480952541630645,19.635189629712283,0.22444375530542782
4.32,-8.352476377922793,-10.72030465785943,19.980114805285517,0.23905179695001294
4.33,-8.588468142674525,-10.936592286740984,20.359783734963546,0.2527151284373163
4.34,-8.821288785142363,-11.125353005664431,20.77195524156463,0.26498091316085154
4.3500000000000005,-9.04840389360201,-11.28211813932334,21.213595566024356,0.2754116033720502
4.36,-9.267100337205894,-11.402554733111074,21.680832392688753,0.28361534435656466
4.37,-9.474523934602551,-11.482628738113645,22.168937697334762,0.2892785926043124
4.38,-9.667729866957249,-11.5187835457402,22.672346998442638,0.29219781993313104
4.39,-9.843745687796826,-11.508125250834079,23.184721387172203,0.2923064565776951
4.4,-9.999645848619842,-11.44860345857628,23.699056481594226,0.289692949950457
4.41,-10.132635596456522,-11.339174492066652,24.207839201301315,0.28460617887688766
4.42,-10.240140998549325,-11.17993293923447,24.703249167488995,0.277445574601558
4.43,-10.319900831928017,-10.972197981258963,25.17739697188822,0.2687351202330967
4.44,-10.370055282105874,-10.718543104907127,25.62258707089544,0.25908270671103373
4.45,-10.389225963993058,-10.422761620269405,26.031589302766257,0.24912872280991533
4.46,-10.376581821380276,-10.089765599455648,26.39790064885147,0.23948975721526708
4.47,-10.331886039324951,-9.72542185431279,26.715978382687684,0.23070442069791322
4.48,-10.25552020609691,-9.336334604233722,26.98142742932991,0.22318823943237748
4.49,-10.148483499556075,-8.929589691917698,27.19112850152739,0.2172032703427872
4.5,-10.012366488260499,-8.51247881605694,27.343298941280064,0.21284578433179555
4.51,-9.849301024212338,-8.092223741376305,27.437484440461862,0.2100525316996198
4.5200000000000005,-9.661889442180867,-7.675719647359218,27.47448606172286,0.20862333606589734
4.53,-9.453117673431873,-7.269313897176976,27.456232377622737,0.20825560160649526
4.54,-9.226257787905897,-6.878632079986603,27.385610428618833,0.20858512344774074
4.55,-8.984765831701006,-6.508457932332267,27.26627120554145,0.20922746901403977
4.5600000000000005,-8.732180638443486,-6.162668449543994,27.102425460234745,0.20981501069121453
4.57,-8.472028644425306,-5.844220825754865,26.89864410398997,0.21002612815373628
4.58,-8.207738755779065,-5.555184279324541,26.65967473210985,0.2096047868264201
4.59,-7.942570149669822,-5.296807553143241,26.390282462433913,0.20837029470384236
4.6000000000000005,-7.679554684549669,-5.069611920984197,26.095119818456,0.20621830010849856
4.61,-7.421454467734884,-4.873499700647568,25.77862724215783,0.20311489947425473
4.62,-7.170734168397617,-4.707869287547096,25.444963262391408,0.19908607202263784
4.63,-6.929546919579991,-4.5717292612780644,25.097961498872973,0.19420462295407787
4.64,-6.699732138974731,-4.463805887970666,24.74111055259835,0.1885765150705986
4.65,-6.482823303038737,-4.382640105676412,24.377552336007486,0.1823280232739669
4.66,-6.280063602566488,-4.3266716731371195,24.010094396985618,0.17559466223186182
4.67,-6.092427450748925,-4.294309488637664,23.641232141027128,0.16851239044465782
4.68,-5.92064596520198,-4.283988108504463,23.2731774158811,0.16121122852028436
4.69,-5.7652347643734885,-4.294211220365978,22.907890576401947,0.1538111633665586
4.7,-5.62652267276987,-4.323583287777823,22.54711380703306,0.14642004134602266
4.71,-5.504680192314317,-4.37083082703362,22.192404087195303,0.1391330683457584
4.72,-5.399746849774936,-4.434814854247999,21.845164707661464,0.1320335138325998
4.73,-5.311656759999331,-4.5145359983837725,21.506674669979617,0.12519423913390296
4.74,-5.240261944470995,-4.609133654441563,21.17811562594792,0.11867971936687761
4.75,-5.185353111440155,-4.717880383160305,20.86059624826287,0.11254828915361352
4.76,-5.146677737558739,-4.840172573972219,20.555174079337675,0.10685440395275189
4.7700000000000005,-5.123955393548178,-4.9755181942636915,20.262874996893537,0.10165076460402053
4.78,-5.116890331134175,-5.123522262112284,19.984710475708567,0.09699019863132327
4.79,-5.12518139908492,-5.2838705091076035,19.721692826671607,0.09292722639040156
4.8,-5.1485293866722115,-5.456311548999677,19.47484856669864,0.08951926329225665
4.8100000000000005,-5.1866419071532714,-5.640637739089545,19.245230023581986,0.0868274221353334
4.82,-5.239235935647044,-5.836664815664002,19.033925213889802,0.08491688370559053
4.83,-5.306038108487932,-6.044210303104834,18.84206595337813,0.08385680126329102
4.84,-5.386782877960012,-6.263070639377637,18.670834070551997,0.08371969753651526
4.8500000000000005,-5.481208600218207,-6.49299692971002,18.52146549680738,0.08458030375460004
4.86,-5.589051618036122,-6.733669237442178,18.395251902576433,0.08651378165505505
4.87,-5.710038386596487,-6.984669349228451,18.29353944000127,0.08959326415339813
4.88,-5.843875682731922,-7.245452014888397,18.217724041734996,0.09388665173766032
4.89,-5.99023893884334,-7.5153147649755745,18.16924261696157,0.09945261335798117
4.9,-6.148758755373398,-7.793366556771581,18.149559386366114,0.10633576678565627
4.91,-6.3190056735887135,-8.078495697037567,18.160146517287806,0.11456105853863242
4.92,-6.500473337044622,-8.369337741530257,18.202458172004842,0.1241274317907176
4.93,-6.692560238935479,-8.664244378656932,18.277897083539678,0.1350009656037052
4.94,-6.894550346673167,-8.961254665065471,18.387772846355396,0.14710779174676952
4.95,-7.1055930167415315,-9.258070385168944,18.533251279579,0.1603272441361409
4.96,-7.324682762870942,-9.552037735919065,18.71529451628462,0.17448586288653267
4.97,-7.550639617171985,-9.840137961570209,18.934591922292626,0.18935304487348872
4.98,-7.782091021872094,-10.118989934749571,19.191482576123107,0.20463928092423037
4.99,-8.017456398849404,-10.384867937333553,19.48587086216438,0.2199980114437473
5.0,-8.254935749583234,-10.633737958787762,19.817137737533564,0.2350321236066228
5.01,-8.492503817135646,-10.861315609839165,20.184051397677976,0.24930595573788034
5.0200000000000005,-8.727911465237572,-11.06314815091769,20.584682317507735,0.26236332359397774
5.03,-8.9586959624964,-11.23472207347043,21.016328869978075,0.2737515112390629
5.04,-9.182201763797245,-11.371596094279806,21.475460761244726,0.28305038164779345
5.05,-9.395613118765223,-11.469557329702118,21.957688167791474,0.28990481454253936
5.0600000000000005,-9.595999378721011,-11.524795890393058,22.457764489489925,0.29405768829048834
5.07,-9.780373204370667,-11.53409036099973,22.969629824982434,0.29537976688260564
5.08,-9.945761006113242,-11.494993895714677,23.486500467594876,0.2938923514210337
5.09,-10.089283918619472,-11.406008356609593,24.001006854229175,0.28977862697830303
5.1000000000000005,-10.208246498446591,-11.266732487416835,24.50537857792487,0.283380437916508
5.11,-10.300229249471188,-11.077969973611452,24.99167059048778,0.2751787883780213
5.12,-10.363180162526763,-10.841784704463777,25.452020059696114,0.2657585431779496
5.13,-10.395499847292083,-10.561493735838736,25.87891913611566,0.2557602645341118
5.14,-10.396114664667824,-10.241593191203636,26.265485808277866,0.245824389786139
5.15,-10.364532622900443,-9.88761817212596,26.60571368396864,0.2365345275264364
5.16,-10.300877701901097,-9.505943963621407,26.894682315727156,0.2283671192103802
5.17,-10.205899660812578,-9.103541556146569,27.12871265189789,0.22165390306125013
5.18,-10.080958130359301,-8.687704923665539,27.305457032317616,0.21656164684139756
5.19,-9.92798170078474,-8.265769942047102,27.42391921935317,0.2130908850110957
5.2,-9.749404566091128,-7.844844973208065,27.484406404991226,0.21109247833655945
5.21,-9.548084861930526,-7.43157103437466,27.48842106128748,0.21029830346273448
5.22,-9.327209967754806,-7.031925537953461,27.438505132983753,0.2103607335279254
5.23,-9.090194633309835,-6.651078504525594,27.338051903894094,0.21089500633230243
5.24,-8.840577815508103,-6.2933047065821635,27.191101735284114,0.2115190483203676
5.25,-8.58192363000566,-5.961950133135726,27.002136932171805,0.21188657379365855
5.26,-8.317730945839175,-5.65944704326149,26.775888646976806,0.21171094026016
5.2700000000000005,-8.051355026642728,-5.387369029158433,26.517165517428232,0.21077893914417362
5.28,-7.785943399100973,-5.146516019809125,26.230710211149628,0.2089551419784777
5.29,-7.524386942463562,-4.937018903533177,25.92108668831268,0.20617843351524429
5.3,-7.269286144757398,-4.758454174823574,25.59259813630576,0.20245289693677998
5.3100000000000005,-7.022931626686703,-4.6099604001635415,25.24923336399266,0.19783532194269182
5.32,-6.787297421317261,-4.490350034536252,24.894638016952147,0.19242139112891204
5.33,-6.564045114119709,-4.398211937774743,24.532106233160384,0.18633219008895052
5.34,-6.3545367694750805,-4.332001640075442,24.16458817992414,0.179702198431267
5.3500000000000005,-6.159854559091775,-4.290117864892095,23.79470914857236,0.17266944215348087
5.36,-5.980825122707218,-4.270964976191425,23.424796385331984,0.1653680801601469
5.37,-5.818046890688034,-4.273001867053218,23.056910476115593,0.15792338707009745
5.38,-5.671918845298509,-4.294778372859122,22.692878779178784,0.15044888569624704
5.39,-5.542669462935655,-4.334960618599418,22.334329042520523,0.1430452654031484
5.4,-5.430384841383667,-4.392346846971681,21.982721909589532,0.13580067869595924
5.41,-5.3350352589237815,-4.465875271839338,21.639381486459445,0.12879201717486322
5.42,-5.256499626695902,-4.5546254044669325,21.305523511341498,0.12208680993158355
5.43,-5.194587477510322,-4.657814144097783,20.982280938796816,0.11574544632313241
5.44,-5.149058282305111,-4.7747877379707555,20.670726937851864,0.10982348855367256
5.45,-5.119638000987404,-4.905010519276994,20.371895419406087,0.10437389923597004
5.46,-5.106032860337558,-5.048051138945582,20.086799267933692,0.09944906004332292
5.47,-5.107940411665259,-5.203566827636123,19.816446468271682,0.09510249727638562
5.48,-5.125057958988822,-5.371286063367125,19.561854300950436,0.09139025812313485
5.49,-5.157088468676242,-5.550989880806796,19.324061737486748,0.08837189830750293
5.5,-5.203744077574784,-5.742491941884537,19.104140106582374,0.08611104919306953
5.51,-5.264747312237318,-5.945617394818329,18.903202027654068,0.08467553215262409
5.5200000000000005,-5.339830120224235,-6.160180480554602,18.72240852252078,0.08413698228731421
5.53,-5.428730798678343,-6.3859608029866175,18.562974121381465,0.08456993469453784
5.54,-5.531188888330085,-6.622678163830597,18.426169676972968,0.08605031693084053
5.55,-5.6469380856110325,-6.869965877256324,18.313322492638505,0.08865328383631856
5.5600000000000005,-5.775697214476338,-7.127342526828007,18.22581325828155,0.09245032857852754
5.57,-5.917159295815592,-7.394182212476694,18.165069176460356,0.09750561018340016
5.58,-6.0709787591000755,-7.66968346325882,18.13255255482308,0.1038714569737657
5.59,-6.236756861515476,-7.95283716794188,18.129744049030116,0.11158304164312967
5.6000000000000005,-6.414025417780124,-8.242394104820026,18.158119674010134,0.12065228165456053
5.61,-6.6022290027179755,-8.536832937673067,18.219120676619102,0.131061102281852
5.62,-6.800705871814512,-8.8343298861101,18.31411539966849,0.1427543114661431
5.63,-7.008667955201149,-9.132731669778554,18.44435239029199,0.1556324754734853
5.64,-7.225180419357893,-9.42953375294741,18.610904242591698,0.16954534718295566
5.65,-7.449141457853116,-9.721866353491672,18.81460204476796,0.1842865730258397
5.66,-7.679263164186231,-10.00649108892998,19.055960851809466,0.19959056962389038
5.67,-7.914054548601406,-10.279811456183378,19.33509734631138,0.21513258628672627
5.68,-8.15180797353698,-10.53790050842618,19.651641787523612,0.23053301386749503
5.69,-8.390590479678483,-10.776549014235592,20.00464746413887,0.24536691590670365
5.7,-8.628241629945242,-10.991336965123477,20.39250210796605,0.2591794957727458
5.71,-8.862379579123651,-11.177730444560778,20.812846999339143,0.2715077355143696
5.72,-9.090417044383159,-11.331204512916319,21.262510658673396,0.28190773632248767
5.73,-9.309588667402817,-11.447390870807238,21.737464883206336,0.2899863883661642
5.74,-9.516990887443441,-11.522246681310866,22.232811230546126,0.2954349894621732
5.75,-9.709634863415026,-11.552238197325028,22.74280563987888,0.2980614723433407
5.76,-9.884512189378079,-11.534530001839258,23.260927518732647,0.29781719813387264
5.7700000000000005,-10.038672168627304,-11.467168080171325,23.779997193778925,0.29481405953834483
5.78,-10.169308308428063,-11.34924303553761,24.292342153516437,0.28932810879759774
5.79,-10.273850569089962,-11.181018981645028,24.790008207856893,0.2817871798498821
5.8,-10.350058876684102,-10.964014379817057,25.265006964376983,0.2727419464611233
5.8100000000000005,-10.396112634434338,-10.701023549966353,25.70958645835536,0.26282229025897225
5.82,-10.410690584811544,-10.396071739038009,26.116508058792228,0.2526833149870906
5.83,-10.393035492612212,-10.054302141151906,26.47931057161129,0.24294731750475812
5.84,-10.342998792011956,-9.681799506387177,26.792542280463444,0.23414903478047733
5.8500000000000005,-10.261061545707465,-9.28536112220531,27.05194372280118,0.22669123316292794
5.86,-10.148329698948322,-8.87223111693222,27.254568145164544,0.2208161782076948
5.87,-10.006503502404811,-8.449817449235535,27.39883230142677,0.2165960124126738
5.88,-9.837822907874473,-8.025412118317503,27.484496755678514,0.2139421012658687
5.89,-9.644992483840436,-7.605933941223562,27.512581206588216,0.21263060372531256
5.9,-9.431090757636364,-7.197709972913828,27.485225698809792,0.21233942560389593
5.91,-9.199469732500683,-6.806306886479006,27.405512285911918,0.2126906587051214
5.92,-8.953650595570235,-6.43641815988053,27.27726343811034,0.2132926609349774
5.93,-8.697221352432559,-6.091807523827793,27.10483327229463,0.2137769120152755
5.94,-8.433741388541188,-5.775304477599377,26.89290583950172,0.2138263435761278
5.95,-8.166656905054172,-5.48884421835482,26.646311742008773,0.21319359918947067
5.96,-7.899229960668262,-5.233542242521843,26.369870839836377,0.2117092866842664
5.97,-7.634482617623623,-5.009793121718939,26.06826527212351,0.2092815111387779
5.98,-7.375156558281404,-4.817383317114641,25.74594387113756,0.20588872217887283
5.99,-7.123687590817572,-4.655609068461268,25.40705654129514,0.2015681871638299
6.0,-6.882193742341889,-4.523392048786522,25.055415417775116,0.19640230260816624
6.01,-6.652475154651835,-4.419387316674672,24.694478591581365,0.1905046050046815
6.0200000000000005,-6.4360237352218475,-4.342079893161846,24.32735178938268,0.1840068649343025
6.03,-6.234040440388431,-4.289867882824983,23.956803482951713,0.17704814907233
6.04,-6.047458137300672,-4.261131363171941,23.58528932038566,0.16976628578320918
6.05,-5.876968163103598,-4.254287255367088,23.214982378589507,0.16229181167572876
6.0600000000000005,-5.72304893463795,-4.267831076236376,22.847806419041156,0.154744222359071
6.07,-5.585995226668591,-4.300366894916458,22.485470002739945,0.14723019551247568
6.08,-5.46594700574801,-4.350627027539191,22.129499931071823,0.1398433821202809
6.09,-5.362916962085605,-4.4174830519509625,21.781272997553728,0.13266535165247556
6.1000000000000005,-5.276816111541185,-4.499949659398839,21.442045450338053,0.12576730838114944
6.11,-5.207477037718917,-4.5971827217117545,21.112979879135366,0.11921225086189041
6.12,-5.154674507771467,-4.7084727726613815,20.7951694627551,0.1130573106982187
6.13,-5.118143325457636,-4.833234904684689,20.48965965841394,0.10735606994738578
6.140000000000001,-5.097593383617283,-4.970995883728761,20.197467495876673,0.10216071249171232
6.15,-5.092721949002382,-5.121379096717795,19.91959867204182,0.09752390994479287
6.16,-5.103223259308116,-5.284087774867276,19.65706263655157,0.09350037595718082
6.17,-5.128795539376118,-5.4588867856265795,19.410885825896056,0.09014804442286625
6.18,-5.169145554863221,-5.645583158365405,19.18212314951164,0.08752883831439956
6.19,-5.223990820905082,-5.844005404951901,18.971867761710563,0.08570899848924671
6.2,-5.293059573888409,-6.053981616678656,18.78125907143358,0.08475893790556477
6.21,-5.37608859954523,-6.275316264331627,18.61148885009653,0.08475257852528909
6.22,-5.4728189931596845,-6.507765599883146,18.463805197821245,0.08576611818186103
6.23,-5.582989910575886,-6.75101155846706,18.339514021557854,0.08787616547527288
6.24,-5.706330354738202,-7.004634091082503,18.239977566890403,0.09115717526654826
6.25,-5.842549034583513,-7.268081925991724,18.166609431571075,0.095678118936144
6.26,-5.991322334298571,-7.540641865004055,18.120865377646396,0.10149833609623889
6.2700000000000005,-6.152280444525234,-7.8214068752556685,18.104229157425138,0.10866254222332464
6.28,-6.32499173652355,-8.109243443058284,18.1181924866341,0.11719501430167158
6.29,-6.508945509202236,-8.402758918127205,18.164228249874338,0.12709304847689532
6.3,-6.703533310860063,-8.700269895665588,18.243756027221494,0.1383198834087866
6.3100000000000005,-6.9080291356295085,-8.999773057505207,18.35809910930284,0.15079741183999767
6.32,-7.12156892126162,-9.298920311910365,18.508432348274482,0.16439915842316696
6.33,-7.3431299307129505,-9.595000514969144,18.695720503310156,0.17894417579566346
6.34,-7.571510783116635,-9.88493049199394,18.920647210902594,0.1941926869423936
6.3500000000000005,-7.805313104588972,-10.165258456613953,19.183535367317482,0.20984445381352698
6.36,-8.04292598547817,-10.432183182556905,19.484260566766466,0.22554094305083713
6.37,-8.2825146415602,-10.681592336107578,19.822160288693645,0.2408723433271113
6.38,-8.522014858865239,-10.909123131052405,20.195942736161108,0.255390314536967
6.390000000000001,-8.759134924766562,-11.110247824439453,20.603600520641756,0.2686269709487349
6.4,-8.991366775166904,-11.280385444479181,21.042335645564236,0.2801199911308637
6.41,-9.216007979247754,-11.415039478395688,21.508503291270237,0.2894429156935231
6.42,-9.430195900870592,-11.509959054156088,21.997582534566313,0.29623870170108313
6.43,-9.630954889094877,-11.56131851763757,22.504182110715107,0.3002535770005738
6.44,-9.815256645821739,-11.565907434393921,23.022088420078312,0.30136736877632125
6.45,-9.980093008382767,-11.521320244351172,23.544361031333818,0.2996159993632793
6.46,-10.122559314482585,-11.426132476619427,24.063477890193205,0.2952019747832961
6.47,-10.239945369218068,-11.28004904869188,24.571528427548593,0.28848959396173024
6.48,-10.329829927096304,-11.08401016278495,25.060448096052035,0.27998329678307154
6.49,-10.390173679106965,-10.84024198349856,25.522283068581835,0.270289876160997
6.5,-10.419405145166916,-10.552242727936585,25.949469569463325,0.2600678384867417
6.51,-10.416493745787571,-10.224699824051303,26.335109284928173,0.24996950584425942
6.5200000000000005,-10.381004747477887,-9.863339888445157,26.67322112253593,0.2405829864558989
6.53,-10.313131758719075,-9.47471967782028,26.9589506315157,0.23238149237679095
6.54,-10.213703930163717,-9.065971981535698,27.18872168224853,0.22568650075444474
6.55,-10.084166838197891,-8.644524785444455,27.360320173037724,0.22064909634371058
6.5600000000000005,-9.926538000293256,-8.217814301200525,27.47290588903162,0.21725094254090616
6.57,-9.743339852667308,-7.793012320636783,27.5269552785075,0.21532331711786498
6.58,-9.537514597626922,-7.376785926960809,27.52414390590453,0.21458012814107105
6.59,-9.312326430819187,-6.975103347895202,27.467181914373715,0.21465924714151688
6.6000000000000005,-9.071257193282658,-6.593094398041604,27.35961850069155,0.21516605372194436
6.61,-8.817901449492894,-6.234968348457237,27.20563204277131,0.21571369863171796
6.62,-8.555866437156942,-5.903986931759619,27.00982132668716,0.21595597095285166
6.63,-8.288681390588273,-5.60248610086258,26.777010741921703,0.2156104070369229
6.640000000000001,-8.019719559875107,-5.331937415292871,26.51207891856948,0.2144710209551771
6.65,-7.7521349877193835,-5.0930385846849635,26.219816637816482,0.21241147710770453
6.66,-7.488814899719526,-4.885822603942716,25.90481643384815,0.2093805045172774
6.67,-7.232347512860299,-4.709775788046132,25.571393452110335,0.2053918360074039
6.68,-6.985004232494195,-4.563956523306156,25.223535007596677,0.20051100715801382
6.69,-6.74873461415864,-4.4471083743500435,24.864874929618786,0.19484108700093208
6.7,-6.525172106658185,-4.3577630547687844,24.498688115083926,0.18850896684526083
6.71,-6.315648439116805,-4.294330491016796,24.127900607994967,0.18165332339257326
6.72,-6.121214527326748,-4.255174666733955,23.75511082232184,0.17441488588631732
6.73,-5.942665909780986,-4.238675076782896,23.38261807685528,0.16692922923319867
6.74,-5.780570939189569,-4.243274445063006,23.01245528472853,0.15932201046825165
6.75,-5.635300214475415,-4.267513897947182,22.64642333793345,0.15170636647053717
6.76,-5.50705601195888,-4.310057083523384,22.28612538057725,0.14418208383713998
6.7700000000000005,-5.39590074106591,-4.369704838869437,21.93299973370295,0.13683611745031196
6.78,-5.301783694885273,-4.445401984390889,21.588350701003932,0.12974405094766162
6.79,-5.224565580659566,-4.536237710327468,21.25337684612255,0.1229721402149267
6.8,-5.164040495881845,-4.641440852003678,20.92919659582586,0.11657964394432523
6.8100000000000005,-5.119955161538682,-4.760371154824701,20.616871201963395,0.11062121120065686
6.82,-5.092025336937979,-4.892507427249746,20.31742520349117,0.10514915675601948
6.83,-5.079949423635294,-5.037433283477243,20.031864582491952,0.10021550599660303
6.84,-5.083419323106798,-5.19482099588343,19.76119281794326,0.09587373036303375
6.8500000000000005,-5.10212864815175,-5.364413815340893,19.506425018665485,0.09218012128397629
6.86,-5.135778405639646,-5.546006978007589,19.26860027072831,0.0891947663196756
6.87,-5.184080272027519,-5.739427501226064,19.04879227068776,0.08698209737550652
6.88,-5.246757576651511,-5.944512779390572,18.848118238570393,0.0856109793864234
6.890000000000001,-5.323544094442776,-6.161087923582742,18.667746016276293,0.08515430102481636
6.9,-5.414180732486089,-6.388941747419567,18.50889915985232,0.08568801910154969
6.91,-5.518410176620963,-6.627801287616091,18.372859729285192,0.08728959793922003
6.92,-5.635969547903489,-6.877304763901751,18.260968368612005,0.09003577688615319
6.93,-5.766581107060415,-7.136972932840896,18.174621154511023,0.09399959647527534
6.94,-5.909941041061854,-7.406178878470853,18.115262576769588,0.09924662015824903
6.95,-6.065706372801177,-7.684116414899954,18.084373904864265,0.10583030822050343
6.96,-6.2334800560151855,-7.969767457767455,18.083456099890192,0.11378653798390649
6.97,-6.412794356614329,-8.261868957855096,18.114006362356236,0.12312732442111855
6.98,-6.603092682197582,-8.55888028445712,18.17748738022147,0.13383388203535648
6.99,-6.803710107185419,-8.858952298143036,18.275288378859823,0.145849285003179
7.0,-7.0138529545909485,-9.159899756287249,18.408677200752297,0.1590711278850949
7.01,-7.2325779386035105,-9.459179135654006,18.578742886565184,0.1733447585660827
7.0200000000000005,-7.458771544443605,-9.753874408245549,18.786328621375695,0.18845783630002194
7.03,-7.69113051978896,-10.040693728696436,19.031955478586795,0.2041371393440175
7.04,-7.9281445675372675,-10.315980325843768,19.315738160361395,0.22004867647355109
7.05,-8.16808254921424,-10.575741062111888,19.637294902816148,0.2358022018551621
7.0600000000000005,-8.408983711720662,-10.815696040932671,19.99565486771224,0.2509611428989592
7.07,-8.648655609859137,-11.03135220464508,20.389167625940104,0.2650586748515723
7.08,-8.884680478861561,-11.218102976739408,20.81542065325871,0.2776201743954799
7.09,-9.11443177561416,-11.37135458871377,21.2711719568955,0.28819154542934733
7.1000000000000005,-9.3351024138398,-11.4866777656769,21.752305835634345,0.29637196764707807
7.11,-9.543745831158082,-11.559980972876597,22.2538201134085,0.3018485684874959
7.12,-9.737330421226119,-11.58769859376977,22.76985273691971,0.3044295253167249
7.13,-9.912807040231916,-11.566984479971625,23.293754186372855,0.30407138736622696
7.140000000000001,-10.06718828251563,-11.4958986558565,23.81820959992464,0.300896207188824
7.15,-10.197637080487928,-11.37357302597128,24.335410889123107,0.2951945934884889
7.16,-10.301561022751061,-11.200341187734693,24.837274649676576,0.2874121372060847
7.17,-10.376707736547461,-10.977818286781153,25.315696783835104,0.27811874437514006
7.18,-10.421255898169136,-10.708919482927794,25.762830062574093,0.2679629529806372
7.19,-10.433896063294354,-10.39780996997937,26.171367082283755,0.25761585992060326
7.2,-10.413895660115857,-10.049785246535954,26.534808899715603,0.24771129406408737
7.21,-10.361143213039732,-9.671086804069585,26.84769957386333,0.23878984949087123
7.22,-10.276168136132357,-9.268664713838135,27.105809110309902,0.2312540443841534
7.23,-10.160134141942446,-8.849903836404694,27.306251713200073,0.22534020199808896
7.24,-10.014806269519417,-8.422333760469819,27.447532243919017,0.22110998583871927
7.25,-9.8424935180197,-7.993343612943054,27.52952052197593,0.2184614252740176
7.26,-9.645970845828412,-7.569921479198727,27.553359622536085,0.21715638801539253
7.2700000000000005,-9.428385659791244,-7.158434647254246,27.52131973985118,0.21685934943723725
7.28,-9.193154740791822,-6.764461881227703,27.436612850397417,0.21718130565824534
7.29,-8.943857779708086,-6.392683251539486,27.303185019973764,0.2177228237067877
7.3,-8.68413336470173,-6.0468275198716634,27.12550281052148,0.21811131002629452
7.3100000000000005,-8.417582468539878,-5.729672370228124,26.908348207831438,0.21802924044411892
7.32,-8.147683378409717,-5.443089330350722,26.656633348413152,0.2172319209632454
7.33,-7.877720750521705,-5.188123211106213,26.375242667130724,0.21555498969962
7.34,-7.610730206940187,-4.965095239575616,26.06890645636943,0.2129130976901782
7.3500000000000005,-7.34945874249616,-4.773719539077463,25.742106632579997,0.2092919286571724
7.36,-7.096340256525066,-4.61322389152495,25.39901299621205,0.2047359596313559
7.37,-6.853484808824413,-4.482467463848182,25.043446540462067,0.1993342258374882
7.38,-6.622679728123758,-4.380050088676194,24.67886538297599,0.19320596709609203
7.390000000000001,-6.40540045482271,-4.304409527334823,24.3083685504992,0.18648752920401993
7.4,-6.202828941634882,-4.253904756643079,23.934712986549687,0.17932137767019624
7.41,-6.015877522353842,-4.226884629209671,23.560339616612065,0.17184762434236056
7.42,-5.845216345941581,-4.221742237593241,23.187404950235806,0.16419810816092725
7.43,-5.691302720439988,-4.236955984187946,22.817815409319675,0.15649282081272556
7.44,-5.5544109855798,-4.2711187634557115,22.453262263607716,0.14883831911951348
7.45,-5.43466180896861,-4.322956854069185,22.09525567516833,0.14132770076408263
7.46,-5.332050060499201,-4.391340149447124,21.74515687568588,0.13404171659507425
7.47,-5.246470651861377,-4.475285274786196,21.404207914873282,0.1270506298780225
7.48,-5.177741926830118,-4.573952987732152,21.07355872895739,0.12041649212917409
7.49,-5.125626351417474,-4.686641070150277,20.754291496144738,0.11419557237678005
7.5,-5.089848381895656,-4.812773713556696,20.447442385788957,0.10844074187773033
7.51,-5.07010948580114,-4.951888197011157,20.15402088480756,0.1032036732623181
7.5200000000000005,-5.066100360005493,-5.103619464312515,19.875026912751355,0.0985367585715497
7.53,-5.077510434927067,-5.267683033613048,19.611465927762822,0.09449468367447297
7.54,-5.104034779164927,-5.443856520582079,19.364362189002055,0.09113561757684788
7.55,-5.145378528305179,-5.631959927672887,19.134770284125576,0.08852198554187427
7.5600000000000005,-5.201258959144815,-5.8318347475893955,18.92378495812988,0.08672079663365309
7.57,-5.271405319554732,-6.0433218491417495,18.73254919568366,0.08580349142121851
7.58,-5.355556507837582,-6.266238058992534,18.56226041512586,0.08584526644965701
7.59,-5.453456676692254,-6.500351324618208,18.414174530063534,0.08692382113973955
7.6000000000000005,-5.564848818621624,-6.745354344318859,18.289607525281028,0.08911746267342888
7.61,-5.6894663746458605,-7.000836582514508,18.189934079221057,0.0925024981376661
7.62,-5.8270228994297115,-7.266254657137778,18.11658264843307,0.09714984415463973
7.63,-5.9771998164934725,-7.540901195860688,18.071026314662443,0.10312079636998488
7.640000000000001,-6.139632310378987,-7.8238724149346,18.05476858971233,0.11046192895793969
7.65,-6.313893432043609,-8.114034884258716,18.069323287120696,0.11919914251688028
7.66,-6.499476543074992,-8.40999220951497,18.116187517283645,0.1293309520351721
7.67,-6.695776297248868,-8.710052688835429,18.196806862654434,0.14082120875643672
7.68,-6.9020684578189195,-9.012199384939445,18.312531865498308,0.15359158236273726
7.69,-7.117488978177014,-9.314064484286366,18.464565140120285,0.167514290649516
7.7,-7.341012932975461,-9.612910272672893,18.653898735135805,0.18240574450198174
7.71,-7.571434074692577,-9.90561950863125,18.88124184996825,0.19802195987899118
7.72,-7.807346001419321,-10.188698372458763,19.146939679618793,0.2140567486969388
7.73,-8.047126144768969,-10.458295442198768,19.450885038033785,0.23014379876655067
7.74,-8.288924005399707,-10.710240213337373,19.792425488418196,0.24586374115743587
7.75,-8.53065525364163,-10.940104437999278,20.170269953825226,0.2607571284297938
7.76,-8.770003442722015,-11.143288909696388,20.582400117939034,0.2743438604943573
7.7700000000000005,-9.00443111434278,-11.315137170628809,21.025993229920214,0.28614896690531655
7.78,-9.23120196955227,-11.45107591348139,21.497364022566927,0.2957337929212275
7.79,-9.447415491904378,-11.546779592879203,21.991934118968423,0.30273060517138534
7.8,-9.650054913059058,-11.598354046352723,22.504237293628968,0.3068775628903858
7.8100000000000005,-9.836048688629225,-11.602530955028069,23.027968035200665,0.30805009073806444
7.82,-10.002344716176179,-11.556862072827494,23.55607885665305,0.30628418114639433
7.83,-10.145995424466763,-11.459899743672523,24.080928662706025,0.3017872855084167
7.84,-10.264250679097142,-11.311348786466533,24.594480337218418,0.29493338934738855
7.8500000000000005,-10.354654306799397,-11.112174809283449,25.08854088882149,0.28624062638074826
7.86,-10.415139087672893,-10.864655742484565,25.55503253160381,0.2763321913271374
7.87,-10.444114456219047,-10.572366952085503,25.98627867029319,0.26588397867184854
7.88,-10.440541023564146,-10.240095502601044,26.375285640770127,0.2555647770268247
7.890000000000001,-10.40398647147886,-9.87368545294951,26.71599986068927,0.24597643501277877
7.9,-10.33465838822226,-9.47982269251009,27.003521155382742,0.237601762586165
7.91,-10.233411146136948,-9.065773821700121,27.234256462018294,0.23076688359137482
7.92,-10.101725808770803,-8.639098057787368,27.406003498307168,0.2256224840563552
7.930000000000001,-9.9416640875061,-8.207353432834685,27.51796057898839,0.22214537750478816
7.94,-9.755799304182124,-7.777818343721519,27.5706656299005,0.22015867659741184
7.95,-9.547128931397866,-7.357246935034876,27.565873618788043,0.21936625814358787
7.96,-9.318974402684773,-6.951672348743602,27.506386294277537,0.21939560265086455
7.97,-9.074874415438202,-6.566266324146093,27.395850808679608,0.21984267267177146
7.98,-8.818477882810884,-6.205257832069066,27.238544375267967,0.2203131725714651
7.99,-8.553442098598998,-5.8719081553979855,27.039160799379747,0.22045599502284527
8.0,-8.283340691349768,-5.5685356564156585,26.8026119981294,0.21998649304494908
8.01,-8.011584719836385,-5.296580706636164,26.533854080681568,0.2186990217529023
8.02,-7.74135896206936,-5.056699940430395,26.237743790509533,0.21646967205699674
8.03,-7.47557421270611,-4.848878963292707,25.918927602571248,0.21325110846784828
8.040000000000001,-7.216835331607423,-4.6725536012328694,25.58176285706744,0.2090618970530238
8.05,-6.967423940752006,-4.526731371111346,25.230268167017783,0.20397273851600628
8.06,-6.729294070465081,-4.410106750030011,24.86809898447652,0.19809173051204845
8.07,-6.504078700423051,-4.321165751210749,24.498543569763065,0.19155031083946322
8.08,-6.293104996106246,-4.258277078652443,24.124534538273494,0.1844910009068803
8.09,-6.097416065363831,-4.219768616900768,23.748671496654634,0.17705756702081932
8.1,-5.917797206914201,-4.203989166722166,23.373250867431842,0.16938780034721143
8.11,-5.754804849592412,-4.209356163863723,23.000299706006277,0.1616088084649926
8.120000000000001,-5.6087966506020095,-4.234390650227185,22.63161103580235,0.1538345126199398
8.13,-5.479961503254104,-4.277741055236267,22.26877889831501,0.14616494095105328
8.14,-5.368348477955676,-4.338197445446745,21.913231895416512,0.13868687796905146
8.15,-5.273893970077975,-4.4146978652490345,21.566264474379075,0.13147545187522386
8.16,-5.1964465464007725,-4.506328266413777,21.229065570266304,0.12459629347792833
8.17,-5.135789164407325,-4.612317345915804,20.902744484157694,0.11810796693077431
8.18,-5.091658585521744,-4.73202740771111,20.58835405281437,0.11206444111571581
8.19,-5.063761916433779,-4.864942154761962,20.286911271373857,0.10651743318540895
8.2,-5.05179029531329,-5.01065211591217,19.999415580512412,0.10151850796375345
8.21,-5.055429796037742,-5.168838226514924,19.7268650364987,0.09712085660509374
8.22,-5.074369657821127,-5.339253916735879,19.470270557570185,0.09338070499150553
8.23,-5.108307964041379,-5.52170591955967,19.230668391487995,0.09035831784280682
8.24,-5.156954896567591,-5.716033892715671,19.009130883053793,0.08811857014875114
8.25,-5.2200336841250055,-5.922088855419306,18.80677554094765,0.08673105538739881
8.26,-5.297279348531214,-6.1397103724224324,18.624772313129835,0.08626969232641302
8.27,-5.38843533406078,-6.368702375267097,18.46434888092579,0.08681178139672663
8.28,-5.493248085645413,-6.608807495516492,18.326793675026952,0.0884364502239438
8.290000000000001,-5.61145962392141,-6.85967979977077,18.213456203360906,0.09122241870733992
8.3,-5.742798152162259,-7.120855865235056,18.125744163216158,0.09524501024469594
8.31,-5.886966724886708,-7.391724222314822,18.065116691644548,0.10057234101341621
8.32,-6.04363001363151,-7.6714933228134194,18.033072994613157,0.10726063788985028
8.33,-6.212399225495832,-7.95915837478465,18.031135495115567,0.11534867235083907
8.34,-6.39281526829792,-8.25346762346981,18.06082656559811,0.1248513574701624
8.35,-6.584330316334264,-8.552888955843809,18.123637877049966,0.13575264239833437
8.36,-6.786288016448398,-8.855578064485714,18.220991427149826,0.14799795657589787
8.370000000000001,-6.997902688482926,-9.15934981940336,18.354191428897522,0.16148660454822636
8.38,-7.218238019090696,-9.46165495011318,18.524366479054784,0.17606468691302063
8.39,-7.446185923151346,-9.759564608920645,18.732401814281136,0.1915193117205522
8.4,-7.680446449368193,-10.04976582912526,18.978862032223635,0.20757504209752742
8.41,-7.91950982828829,-10.328571250301838,19.263905427890787,0.22389366727468948
8.42,-8.161641988542847,-10.59194667979316,19.58719208026187,0.24007844155324623
8.43,-8.404875080201453,-10.835560001377676,19.94778900331194,0.25568385654962844
8.44,-8.647004714881346,-11.054854524889617,20.344076996895787,0.27023174236604175
8.45,-8.885595725515676,-11.245148992733027,20.77366519790369,0.283233989873966
8.46,-9.117998223851178,-11.401765040429902,21.233320590188267,0.2942214334084542
8.47,-9.34137554846185,-11.520180914872865,21.718920681057867,0.3027774622824916
8.48,-9.552745312221262,-11.596207727563693,22.22543795204819,0.3085738362990769
8.49,-9.749034150031791,-11.626181605014684,22.746964290761174,0.3114051321583527
8.5,-9.927145931309818,-11.607162058388415,23.276782190485676,0.3112174725173755
8.51,-10.084042164659639,-11.537124109963436,23.807486936808775,0.30812694121585554
8.52,-10.216832149859153,-11.415129651423248,24.33116030782365,0.3024235860206635
8.53,-10.322869230059831,-11.241462655978282,24.839591719058316,0.2945582636924899
8.540000000000001,-10.399848404034957,-11.0177136387868,25.324537687462207,0.28511172199194745
8.55,-10.445899731969195,-10.746801394754192,25.77800560440524,0.27474795621287906
8.56,-10.459671561104681,-10.432924501350882,26.19254383920693,0.2641565506870437
8.57,-10.440397728116135,-10.081440989701289,26.561517864736636,0.2539908476091113
8.58,-10.387943620127176,-9.698681278794071,26.87935195145442,0.24480985316593112
8.59,-10.302827270637977,-9.291706033801766,27.141718245056534,0.2370314744039265
8.6,-10.186213417430297,-8.868026089321928,27.345659552870675,0.23090297487348538
8.61,-10.039880468104228,-8.435305144231409,27.489638343461785,0.2264917756237349
8.620000000000001,-9.866162369541337,-8.001067066725074,27.573511439801695,0.2236964984096146
8.63,-9.667869217086105,-7.572428241271231,27.598436657291742,0.2222751310717864
8.64,-9.448191858525659,-7.155871765611199,27.566723274846144,0.2218849799765524
8.65,-9.21059660597955,-6.757075128295397,27.481642050401614,0.22212801254423986
8.66,-8.958716411383781,-6.380797113826682,27.347212179492566,0.22259533611842958
8.67,-8.696244521729218,-6.0308239479441585,27.167982201298337,0.222905691064755
8.68,-8.42683581392089,-5.7099698151143246,26.94881974783275,0.22273457015585602
8.69,-8.154019866959153,-5.420123310453446,26.694721770085938,0.22183248249685716
8.700000000000001,-7.881128527589196,-5.162329306976462,26.410653080824815,0.22003259122327082
8.71,-7.611239419778761,-4.936895056446033,26.101417290429257,0.21724923085417258
8.72,-7.34713566289852,-4.743509851125853,25.77156090650476,0.21346955763290063
8.73,-7.091281082320889,-4.581368914640132,25.425308778182696,0.20874083146753042
8.74,-6.845809461723056,-4.44929400756009,25.066527287958817,0.20315567739780122
8.75,-6.6125259048675185,-4.34584521307334,24.698710694196045,0.1968372674994826
8.76,-6.392918125113666,-4.2694202690229135,24.324985687368027,0.18992583697658488
8.77,-6.1881754255045,-4.218339476341286,23.948129382364254,0.18256741068278065
8.78,-5.999213225406481,-4.190915558305783,23.570596460858994,0.17490514251980727
8.790000000000001,-5.826701185385517,-4.185508848619192,23.194551852382762,0.16707329925344158
8.8,-5.671093238815787,-4.200568869614558,22.821906080932642,0.15919366328068382
8.81,-5.53265812239228,-4.23466376997519,22.45435112019265,0.15137397753155202
8.82,-5.411509282154719,-4.2864992797851365,22.09339524080855,0.14370799100405426
8.83,-5.307633298588284,-4.354928865532733,21.740395869859178,0.13627666244384362
8.84,-5.220916212439786,-4.438956679378068,21.39658990726024,0.12915012006798132
8.85,-5.151167336163822,-4.5377347375427375,21.06312126083181,0.12239003795727646
8.86,-5.098140302587084,-4.65055556477113,20.741065583158257,0.11605216014911243
8.870000000000001,-5.061551233498025,-4.776841329422219,20.43145233452688,0.11018877133872913
8.88,-5.041094009292989,-4.916130283440089,20.135284373000477,0.10485097212853628
8.89,-5.036452690405504,-5.068061123914477,19.85355529962822,0.10009066373633743
8.9,-5.047311186307925,-5.232355714531,19.58726477628273,0.09596218102485804
8.91,-5.073360292740271,-5.408800449286347,19.33743199543197,0.09252353419583285
8.92,-5.114302226635371,-5.59722640890573,19.105107422625565,0.08983722996814764
8.93,-5.169852784813009,-5.797488352983198,18.891382858715026,0.08797064449553416
8.94,-5.239741240416994,-6.009442508237844,18.697399783188864,0.08699591488206465
8.950000000000001,-5.323708073476923,-6.232923055968959,18.524355844567424,0.08698930625757528
8.96,-5.421500611873666,-6.467717190982013,18.373509259904054,0.08802999943760133
8.97,-5.532866639228779,-6.713538622053081,18.246180774223816,0.09019823286992086
8.98,-5.657546009658448,-6.9699994136008545,18.143752713739676,0.09357272484179552
8.99,-5.7952602988571345,-7.2365801339714695,18.067664546490462,0.09822730122510666
9.0,-5.945700519713885,-7.512598382953472,18.01940424494084,0.10422666436502563
9.01,-6.1085129419736734,-7.7971759258532956,18.000494633843555,0.11162126463188693
9.02,-6.2832830829586985,-8.089204869769434,18.012473813326345,0.12044128262423046
9.03,-6.46951798388219,-8.387313584776908,18.056868685797532,0.13068980199583735
9.040000000000001,-6.666626957668478,-8.689833401356609,18.135160604584723,0.14233535456260094
9.05,-6.873901092990334,-8.994767503957593,18.248742225897413,0.15530415289769756
9.06,-7.090491928192437,-9.299763880444862,18.398864812045822,0.16947248946764198
9.07,-7.315389869088447,-9.602094659633117,18.586575534540945,0.18465996796183892
9.08,-7.547403114976905,-9.898644641928074,18.812644793151545,0.20062442586939375
9.09,-7.785138072574018,-10.185912252442591,19.077484229845687,0.21705958094575967
9.1,-8.026982467799042,-10.460026454214177,19.381056993024234,0.23359654951050945
9.11,-8.271092593970637,-10.716783265021036,19.722782896495602,0.2498103921676178
9.120000000000001,-8.515386338065952,-10.95170532351935,20.101442388252067,0.265232686849184
9.13,-8.757543772599242,-11.160127341781328,20.515084624254126,0.279370757388152
9.14,-8.995017150854851,-11.337309164133744,20.960946309755336,0.29173356318124455
9.15,-9.225052054839368,-11.478576460797676,21.4353891485066,0.3018633836701477
9.16,-9.444721176069235,-11.579486813494043,21.9338645028923,0.30937136865410025
9.17,-9.650971724447778,-11.636016182822893,22.45091396040717,0.3139739011870783
9.18,-9.840686741940791,-11.64475768197186,22.98021367459383,0.31552573512494625
9.19,-10.01075965406013,-11.603121540696403,23.514668409857048,0.31404527586681463
9.200000000000001,-10.158180267283573,-11.509522560243772,24.04655809675951,0.30972742471458947
9.21,-10.280129199030176,-11.363539730412997,24.567735503295218,0.30294029089553204
9.22,-10.374076532390896,-11.166032484531204,25.06986867238248,0.2942038311108761
9.23,-10.437879473167062,-10.919199666313755,25.54471661001608,0.28415093928707436
9.24,-10.469873113959125,-10.626570804399439,25.984422043038098,0.27347429579377946
9.25,-10.468948223424356,-10.292924552903795,26.381801670362943,0.262864850180258
9.26,-10.434610375059481,-9.924135636549005,26.73061288654481,0.2529495693797394
9.27,-10.367015731923345,-9.526958524114901,27.02577689305146,0.24423657073962401
9.28,-10.266980346010582,-9.108762371578043,27.263541488789198,0.23707478167271046
9.290000000000001,-10.13596176129194,-8.677236579391472,27.44157228263838,0.23163297846612851
9.3,-9.976013809171254,-8.240088871642396,27.55896785662693,0.22789993116367188
9.31,-9.789717504727555,-7.804757778643887,27.61620155194029,0.22570408976050307
9.32,-9.580092653884119,-7.378158883223082,27.614999034569163,0.22474846858632092
9.33,-9.350495979895438,-6.966479677812847,27.558165768698057,0.22465462916939624
9.34,-9.104512167113148,-6.575032161158662,27.449381446172488,0.22500914998056792
9.35,-8.845844187222573,-6.208166273332945,27.292979138830646,0.22540662250083685
9.36,-8.578208688491344,-5.869241747179622,27.093725671680872,0.2254847094908563
9.370000000000001,-8.305241224706679,-5.5606515562239345,26.856616942931755,0.22494871004586764
9.38,-8.0304148425938,-5.283887198570253,26.586698261176696,0.22358497343224798
9.39,-7.756974202297291,-5.039634630801805,26.288915851431124,0.22126406860128406
9.4,-7.487886120773388,-4.8278895889811135,25.968002018700602,0.2179356728702975
9.41,-7.225806311236944,-4.648081997533532,25.628393407930243,0.21361765728186344
9.42,-6.973061208701922,-4.499200807069887,25.274179545957196,0.20838188955817402
9.43,-6.7316431470707805,-4.379912569553535,24.909077424991686,0.20233897908900078
9.44,-6.5032167791324476,-4.28866906494169,24.53642720681146,0.19562369760671042
9.450000000000001,-6.289134476369892,-4.2238011309946115,24.1592040453252,0.18838225307695472
9.46,-6.09045846716755,-4.183597394103195,23.780041371275843,0.1807620685451397
9.47,-5.907987622341778,-4.166367801776036,23.401261592008392,0.17290428053268367
9.48,-5.742287030686879,-4.17049271799396,23.024910892210276,0.16493884832526587
9.49,-5.593718785431727,-4.194458896235266,22.65279557283294,0.1569819567591701
9.5,-5.462472694169784,-4.236883944497664,22.286518063724305,0.1491352861034283
9.51,-5.348595907305563,-4.296531000215893,21.927511349495752,0.14148669115978157
9.52,-5.252020718293457,-4.372315295744917,21.57707103991758,0.13411185406252946
9.53,-5.172590014211166,-4.463304164658718,21.236384694339197,0.12707652997456143
9.540000000000001,-5.110080043704741,-4.568711853754148,20.90655828329197,0.1204390745552313
9.55,-5.0642203208045515,-4.687890294227919,20.58863985400698,0.11425301396585458
9.56,-5.034710599639612,-4.820316768556122,20.283640576357723,0.10856948386535009
9.57,-5.021234940182214,-4.96557920086303,19.9925533974875,0.1034394185324114
9.58,-5.023472943051972,-5.123359606506488,19.716369540986577,0.09891541287791447
9.59,-5.0411082665291245,-5.293416065980525,19.456093061319486,0.09505320854387746
9.6,-5.073834555604001,-5.475563441328138,19.212753615013625,0.09191277160539454
9.61,-5.121358915184803,-5.669652930926535,18.98741754321819,0.08955893538031871
9.620000000000001,-5.1834030512205596,-5.875550460994501,18.78119727988689,0.08806157964072403
9.63,-5.25970218785637,-6.093113839722994,18.59525900870607,0.08749530940538153
9.64,-5.350001848930871,-6.322168553262992,18.43082839159705,0.08793858487093875
9.65,-5.454052571067684,-6.56248206344898,18.289194083264288,0.08947224145007504
9.66,-5.5716025961371765,-6.8137364776641824,18.171708630988537,0.09217732811477253
9.67,-5.7023885758364194,-7.075499505395082,18.079786238488428,0.09613218646755031
9.68,-5.8461243135565235,-7.347193698649086,18.01489675033405,0.10140869588055168
9.69,-6.002487571806243,-7.62806410033763,17.978555094288193,0.1080676259486206
9.700000000000001,-6.171104990743163,-7.917144602284569,17.972305311113335,0.11615307124987868
9.71,-6.3515351985972766,-8.21322354878128,17.997698216504435,0.12568600015432424
9.72,-6.5432502518859454,-8.514809417212682,18.056261693974985,0.13665703407990815
9.73,-6.745615626174893,-8.820097765717039,18.149462631762045,0.14901868986960617
9.74,-6.957869090130188,-9.126941055175708,18.278659617202972,0.16267746688460666
9.75,-7.17909893904903,-9.432823416800428,18.44504571907004,0.17748633835079497
9.76,-7.408222239347298,-9.734842923284777,18.649581055169175,0.1932384027561094
9.77,-7.643963939996295,-10.029704391889657,18.892915391514233,0.20966264536754076
9.78,-7.884837933697632,-10.31372614483952,19.175301776818525,0.22642292027842265
9.790000000000001,-8.129131387004094,-10.582864399348175,19.4965031942622,0.24312134569179672
9.8,-8.374893884975815,-10.832758961546435,19.855695400072968,0.25930725534671983
9.81,-8.61993312480901,-11.058803548085201,20.251370468856898,0.27449260959487176
9.82,-8.861819008922028,-11.2562432479287,20.68124698612726,0.2881742914565021
9.83,-9.097897989701531,-11.420300274413403,21.142194172295618,0.2998629723057036
9.84,-9.325319361195294,-11.546327197059668,21.630178287709178,0.30911725090965525
9.85,-9.541074836242522,-11.629984310448755,22.14024020898958,0.31558063584141144
9.86,-9.742052160837183,-11.66743482326187,22.666512818613146,0.31901781795586437
9.870000000000001,-9.925102691970213,-11.655548387536408,23.202285573280253,0.3193457981974365
9.88,-10.087121822943669,-11.592100514954133,23.74012115645114,0.3166550637196121
9.89,-10.225139942373454,-11.475953120458502,24.27202546843801,0.31121638523328043
9.9,-10.336420362930303,-11.307200307079878,24.789667558687295,0.30347008115118473
9.91,-10.41855949353695,-11.087264015239713,25.284640884732205,0.2939967207879072
9.92,-10.469583617161064,-10.818926590628559,25.74875212675057,0.2834709564303965
9.93,-10.488036137510525,-10.506291687304865,26.174319464803524,0.27260300904545476
9.94,-10.473049203181409,-10.154670886108436,26.554459508439376,0.2620746884939153
9.950000000000001,-10.424394277773512,-9.77040030389607,26.883341565650575,0.2524781355707155
9.96,-10.342507486269295,-9.360598376204697,27.15638994581871,0.24426535236243332
9.97,-10.228487326478026,-8.932881904586951,27.37041938972239,0.23771498407733668
9.98,-10.084064402153162,-8.495061471749084,27.52369496294655,0.23292003558364716
9.99,-9.911544969723284,-8.054838846336924,27.615914955238914,0.22979684324231164
10.0,-9.713732037965967,-7.619527855819519,27.648122453406135,0.2281123950507419
10.01,-9.493829294319644,-7.195816684853732,27.62255730465703,0.22752464356039584
10.02,-9.25533409537552,-6.789584316725793,27.542464408814112,0.22762919321898079
10.03,-9.001926084551814,-6.405777752982829,27.41187628694468,0.2280057583717815
10.040000000000001,-8.7373577118179,-6.048350625383211,27.235387684879612,0.22825887895425984
10.05,-8.465352131389643,-5.720258617528967,27.017937937032475,0.22804915352092603
10.06,-8.189512797469277,-5.423503249833379,26.764613512717904,0.22711324806328734
10.07,-7.913247738883927,-5.159213266383431,26.48047924467833,0.22527276554607045
10.08,-7.6397101351169425,-4.9277520450810774,26.170442798494115,0.22243344808972912
10.09,-7.371755572417994,-4.728839887771298,25.839153445262056,0.2185770173609884
10.1,-7.111915321218741,-4.5616813837373815,25.490933435225656,0.2137482576708317
10.11,-6.862384192928177,-4.4250899040436895,25.129738351099657,0.2080398174108275
10.120000000000001,-6.625021014658139,-4.317603341133047,24.75914172100595,0.2015767939178599
10.13,-6.401359484582925,-4.237587198447488,24.38233877298851,0.19450261973102428
10.14,-6.192627099924273,-4.183322886283634,24.00216434956698,0.18696720293954733
10.15,-5.999769936718706,-4.1530805014420755,23.62112049616797,0.1791177718202866
10.16,-5.823481257432395,-4.145176433452232,23.241409932959037,0.1710924778694958
10.17,-5.664232185463088,-4.158016868712514,22.86497238816367,0.16301653490497703
10.18,-5.522302978375531,-4.1901287020768985,22.493521520567356,0.15500050743510313
10.19,-5.397813726645104,-4.240179571241264,22.12858083141235,0.14714028938610316
10.200000000000001,-5.290753582293809,-4.306988761689363,21.7715175308374,0.13951831042983073
10.21,-5.201007869878017,-4.389530642255245,21.42357377183885,0.13220554792437111
10.22,-5.128382644433104,-4.486932127943085,21.085894999719148,0.12526398761015203
10.23,-5.072626435160285,-4.598465462109177,20.75955539956815,0.11874925004183895
10.24,-5.0334490508511065,-4.723537389824814,20.445580574591272,0.11271317133273198
10.25,-5.01053742620715,-4.861675575703558,20.14496767076145,0.1072061893435075
10.26,-5.003568561321171,-5.0125129139579006,19.858703193725823,0.10227943646232412
10.27,-5.012219654092007,-5.17577019259082,19.587778755221052,0.0979864765067287
10.28,-5.036175551743537,-5.351237410878454,19.333204948830154,0.09438464654564874
10.290000000000001,-5.075133657197886,-5.538753911111616,19.096023496495125,0.09153597608075636
10.3,-5.128806422777012,-5.7381873723340115,18.877317733189983,0.08950765804934707
10.31,-5.1969215511774625,-5.949411625622513,18.6782214110646,0.08837204076441507
10.32,-5.279220005155119,-6.172283187615044,18.499925708301618,0.08820609955028424
10.33,-5.375451905892099,-6.406616372471277,18.343684223138414,0.0890903339202778
10.34,-5.485370378466934,-6.652156834165171,18.210815620945272,0.09110702330658463
10.35,-5.60872338404476,-6.908553414007509,18.102703483159747,0.09433776452688088
10.36,-5.745243565259116,-7.175328226839846,18.02079278342083,0.09886021074790191
10.370000000000001,-5.894636126867329,-7.451845018818382,17.966582292210987,0.10474393865543015
10.38,-6.0565647814867924,-7.737275976361546,17.941612092872326,0.11204539246382178
10.39,-6.230635813713888,-8.030567366217518,17.94744528839285,0.12080189541945381
10.4,-6.4163803590998745,-8.33040464665271,17.985642903260224,0.1310247868662667
10.41,-6.613235061327052,-8.635178013403339,18.057730956094733,0.14269184051205952
10.42,-6.8205213653306345,-8.942949731250044,18.16515872001928,0.15573925033294458
10.43,-7.037423829224185,-9.251425046327816,18.30924732719902,0.1700536342612305
10.44,-7.262967995520422,-9.55792895935809,18.491128144159422,0.1854646964816969
10.450000000000001,-7.495998551780605,-9.85939163647365,18.711670779579144,0.2017393926686878
10.46,-7.735158728429215,-10.152345696110691,18.971401218043642,0.21857863395375976
10.47,-7.97887211806933,-10.432938972139837,19.270411424731137,0.23561770751041877
10.48,-8.22532834091252,-10.696966529528574,19.608262842611218,0.25243163491289067
10.49,-8.472474202026486,-10.939925596597059,19.983887482483734,0.2685465759401307
10.5,-8.718012156987808,-11.157096565142773,20.39549172385459,0.2834580573987069
10.51,-8.959407984565738,-11.343652189256376,20.840469387146996,0.2966562202755068
10.52,-9.193909514204126,-11.494795505416374,21.315331934018637,0.30765742417622355
10.53,-9.41857802726464,-11.605924775708395,21.815664577346656,0.31604047071099356
10.540000000000001,-9.63033350508981,-11.6728209849416,22.336117372621285,0.3214845251240478
10.55,-9.82601420980701,-11.691850278277235,22.870439750385813,0.3238047238570035
10.56,-10.002450156729834,-11.66017051653629,23.411565213592365,0.32298071223274816
10.57,-10.156548906804497,-11.575928281938301,23.951749952768353,0.3191732355574643
10.58,-10.285390852273743,-11.438430699773305,24.482764988936303,0.3127246296803336
10.59,-10.386329909315336,-11.248275868524932,24.996136426058218,0.3041407074521629
10.6,-10.457094422315395,-11.007426928044184,25.483423003743997,0.2940539917507072
10.61,-10.49588229533253,-10.719218040428808,25.936515103108576,0.28317114537655047
10.620000000000001,-10.50144405491794,-10.388285694238654,26.347935481500095,0.27221024306683506
10.63,-10.473147829044644,-10.020425293594341,26.711120043243536,0.2618355968397495
10.64,-10.411021141278201,-9.622380159934904,27.02065741259108,0.2525986517214449
10.65,-10.315765918179459,-9.201576853789108,27.27246910901878,0.24489274209716203
10.66,-10.188745048952413,-8.765826100225162,27.463917437817567,0.2389273282357759
10.67,-10.031941001871196,-8.323011753259705,27.593835090350765,0.23472416352643516
10.68,-9.847889133754713,-7.880790710940614,27.662477904412576,0.23213436071950824
10.69,-9.639590172217485,-7.4463245065270565,27.67140918889149,0.23087226301849958
10.700000000000001,-9.410407698661812,-7.026058910614564,27.623329525973052,0.2305599656765854
10.71,-9.163957186471412,-6.625562070696267,27.52186939650924,0.23077556931723583
10.72,-8.90399322262409,-6.24942542166733,27.371363100483407,0.23109874328194693
10.73,-8.634301021921774,-5.901225710505516,27.17662143085561,0.23114863347217918
10.74,-8.358597361217475,-5.583541677727638,26.942717876777238,0.23061111634134046
10.75,-8.080444785901948,-5.298015627744869,26.674799419338374,0.22925442107553246
10.76,-7.80318154942236,-5.045448403096409,26.377928900161418,0.22693385432234459
10.77,-7.529868396108031,-4.825916009335761,26.056962056767244,0.2235875558919537
10.78,-7.2632521081049655,-4.638897010480454,25.716459031513928,0.21922583309687213
10.790000000000001,-7.005744783954325,-4.483401450206929,25.36062769142598,0.21391672884509805
10.8,-6.75941713100741,-4.358094078390669,24.99329449659585,0.20777020693351977
10.81,-6.52600363220427,-4.261406762278075,24.617897852532334,0.20092284140766553
10.82,-6.306917260048958,-4.191636907765335,24.237498728705706,0.1935243154577691
10.83,-6.103271412573544,-4.147030368894652,23.85480364278248,0.1857264753070167
10.84,-5.915906888133862,-4.125848620021858,23.472195722388165,0.17767521238528905
10.85,-5.745421950197345,-4.126420900917593,23.09177031346591,0.1695050932722594
10.86,-5.592203818192561,-4.147182654323514,22.715372391233508,0.16133642463940023
10.870000000000001,-5.4564602226279275,-4.186701912538349,22.344633767581776,0.1532743154879841
10.88,-5.3382499574499755,-4.243695415482761,21.981008730981117,0.14540925843703728
10.89,-5.237511633481861,-4.317036215952202,21.625807280581803,0.13781877057604933
10.9,-5.154090074046094,-4.405754399333124,21.280225522419258,0.13056968941315977
10.91,-5.0877599931209945,-4.50903235603527,20.945373091218077,0.12372079188058553
10.92,-5.038246757042511,-4.626195826423594,20.622297661137896,0.11732548026533167
10.93,-5.005244154850534,-4.756701712325169,20.312006730056705,0.11143434902552835
10.94,-4.9884291934531815,-4.900123431085077,20.015486921397276,0.1060975053475926
10.950000000000001,-4.98747399619196,-5.056134386836148,19.73372105991882,0.10136656159886012
10.96,-5.002054921735169,-5.224489954245512,19.467703255542737,0.09729624922884639
10.97,-5.031859039014509,-5.405008214914215,19.21845218159297,0.09394562220126908
10.98,-5.076588097373799,-5.597549556645155,18.987022667634594,0.09137882549333409
10.99,-5.135960123076163,-5.801995141039789,18.774515646989325,0.08966540274976992
11.0,-5.20970875730684,-6.0182241653511115,18.582086407850216,0.08888010915558119
11.01,-5.297580429990025,-6.246089790660171,18.410950996350756,0.08910218340112751
11.02,-5.399329441063809,-6.485393581511765,18.262390510941664,0.09041401877257417
11.03,-5.514710999169567,-6.735858304461197,18.13775291087577,0.09289916064229597
11.040000000000001,-5.6434722498615,-6.997098968082034,18.038451838898336,0.0966395490558381
11.05,-5.785341314404488,-7.268592059639441,17.96596183196628,0.10171192433448249
11.06,-5.94001435920614,-7.549643049724071,17.921809168465426,0.10818332489062552
11.07,-6.107140728419289,-7.839352402290314,17.907557483161664,0.11610563468731533
11.08,-6.286306202058745,-8.136580550446093,17.92478718276945,0.1255091883332596
11.09,-6.477014493142994,-8.439912583689985,17.975067630690358,0.13639552006834219
11.1,-6.6786671739854135,-8.747623743174204,18.059921059361386,0.14872945338736354
11.11,-6.890542327601054,-9.057647236275491,18.180777238324385,0.16243087307686502
11.120000000000001,-7.111772358176988,-9.367546350925204,18.338918106179165,0.17736669915407552
11.13,-7.341321565916782,-9.674493353391979,18.535411899233477,0.19334378414706277
11.14,-7.577964294811006,-9.975258155410584,18.771036813821866,0.2101036635633529
11.15,-7.820264691451596,-10.266210184448736,19.04619495357309,0.22732027470344746
11.16,-8.066559357826891,-10.543337210834853,19.36081825639069,0.24460187858738583
11.17,-8.31494442308566,-10.802284983572362,19.71426926620946,0.26149841927258805
11.18,-8.563268772480404,-11.038421293191826,20.105240976276153,0.27751537331341714
11.19,-8.809135321681987,-11.246927399462985,20.531661443190114,0.2921347227649257
11.200000000000001,-9.049912269669376,-11.42291853039093,20.990610318578927,0.3048429919388466
11.21,-9.282756157348908,-11.561593309453412,21.478255673506066,0.3151653270141934
11.22,-9.504648256852898,-11.65840950075998,21.98982025292288,0.32270343823753966
11.23,-9.712445281911688,-11.709280476702762,22.519586317351955,0.3271740152970339
11.24,-9.902944625473879,-11.710783535325199,23.060947240928893,0.3284431938222443
11.25,-10.072963309215568,-11.660367985438885,23.606511841698612,0.3265520727390601
11.26,-10.219428622100938,-11.55654825295914,24.148263960430928,0.321728432069855
11.27,-10.33947712711861,-11.399065680059152,24.677775216574,0.31438086829499656
11.28,-10.430557463654647,-11.189002698295162,25.18646353213712,0.3050735695791167
11.290000000000001,-10.490531333915985,-10.928835021202573,25.665884538661686,0.2944826850028078
11.3,-10.517766408531859,-10.622411521844542,26.108038151315046,0.28333825334097507
11.31,-10.511214768835401,-10.274857289727725,26.505669234651585,0.2723583367674982
11.32,-10.470471015601095,-9.892402385936053,26.852540101861624,0.2621837221690261
11.33,-10.395805327726679,-9.482146122933134,27.14365399592589,0.2533218363895059
11.34,-10.288168464580236,-9.051773227912076,27.375412690671947,0.2461072157553524
11.35,-10.149167796195995,-8.609243009299874,27.545697457844152,0.24068320437479482
11.36,-9.98101567351623,-8.162474910928086,27.65387001927045,0.23700609723160473
11.370000000000001,-9.786453547760374,-7.7190533109450445,27.700697663815433,0.23486944207789082
11.38,-9.568656965817532,-7.285971289540296,27.688213376571547,0.2339433897537353
11.39,-9.331127722178962,-6.8694279630683655,27.61952673417323,0.2338223391284908
11.4,-9.07757994279802,-6.474687748454041,27.498603962409685,0.23407383761703712
11.41,-8.811826716459363,-6.106003543518503,27.330035850790495,0.23428262197079808
11.42,-8.537673165924792,-5.766600135999712,27.118810474763723,0.2340854324891222
11.43,-8.258820716443203,-5.458709788129207,26.87010445575789,0.23319432565886827
11.44,-7.9787859533607275,-5.183649178643524,26.589102472572566,0.23140820069410983
11.450000000000001,-7.700836040046243,-4.941925721288306,26.280850578433355,0.22861382747791584
11.46,-7.427941340450453,-4.7333614949793485,25.950145099753577,0.224778662747045
11.47,-7.162744763164031,-4.557224261056171,25.601455836603016,0.2199381623646019
11.48,-6.907546475208154,-4.412356912297494,25.23888010582719,0.21418023911363696
11.49,-6.664302041125512,-4.297298832110207,24.866122863937818,0.2076291282933781
11.5,-6.4346317104352595,-4.210394750476177,24.486497607608516,0.20043036426731836
11.51,-6.2198384666409865,-4.149888567185743,24.1029428053536,0.19273797228250159
11.52,-6.020932515218325,-4.1140011620484715,23.718049079002405,0.18470443476593496
11.53,-5.838660075592609,-4.1009923880609955,23.334093056099228,0.17647355292309883
11.540000000000001,-5.6735346061620255,-4.10920826067277,22.953074613695158,0.16817601187663972
11.55,-5.525868892488349,-4.137114859625918,22.57675502699542,0.15992726574095
11.56,-5.395806736318407,-4.18332070938305,22.206694256087797,0.1518272687176157
11.57,-5.283353275387467,-4.2465894624484735,21.844286214233072,0.14396156433945873
11.58,-5.18840322707922,-4.325844634330115,21.490791348892422,0.13640328201293697
11.59,-5.110766575429303,-4.420167977769451,21.147366234559463,0.12921565586713518
11.6,-5.050191407927571,-4.528792875098803,20.81509013675482,0.12245475825254848
11.61,-5.006383756745578,-4.651093899151828,20.494988675926784,0.11617221672096045
11.620000000000001,-4.979024411210867,-4.78657346446505,20.188054816212063,0.11041775115537089
11.63,-4.967782748623026,-4.934846274124604,19.895267443610706,0.10524142274483277
11.64,-4.9723276834606995,-5.0956220709674005,19.617607795327803,0.10069552723489446
11.65,-4.992335865351535,-5.268687028798306,19.3560739682075,0.09683609166099325
11.66,-5.027497268357742,-5.45388397141112,19.111693677876318,0.09372394802297826
11.67,-5.0775183123129155,-5.651091484826824,18.885535367419937,0.09142536110699775
11.68,-5.142122644884505,-5.860201891160391,18.6787176790326,0.09001218319232196
11.69,-5.221049694118256,-6.081097980922019,18.492417206401814,0.0895614980796899
11.700000000000001,-5.314051078539663,-6.313628354980256,18.32787434087801,0.09015470319406975
11.71,-5.420884938345287,-6.557581209430416,18.186396911500943,0.0918759640289723
11.72,-5.541308229643801,-6.812656408952303,18.069361198587735,0.09480996275601487
11.73,-5.675067006984982,-7.078435740916069,17.9782097744416,0.0990388556953236
11.74,-5.8218847105957146,-7.354351328776178,17.91444549584931,0.10463835638813712
11.75,-5.981448477142068,-7.639652315518933,17.879620846625343,0.11167287677351542
11.76,-6.153393510094397,-7.933370113054961,17.87532171278422,0.12018969363774554
11.77,-6.337285581842278,-8.234282758257441,17.903144580133432,0.13021216666953903
11.78,-6.5326017987546106,-8.540879226205865,17.96466609105253,0.14173212353072773
11.790000000000001,-6.738709846549147,-8.851324928248657,18.06140390617772,0.15470165055359267
11.8,-6.954846050324655,-9.163430063221856,18.194767915384958,0.1690246864398133
11.81,-7.18009273403278,-9.474622982262808,18.36600106351514,0.18454900716192746
11.82,-7.413355548652206,-9.78193124645195,18.576109435461255,0.20105940206209647
11.83,-7.6533416543388535,-10.08197356112421,18.82578181782554,0.21827305239826614
11.84,-7.898539882255738,-10.370966200728683,19.115299749412618,0.23583830007003148
11.85,-8.147204253432442,-10.644747811911051,19.444440104885498,0.2533380882666899
11.86,-8.397342474151724,-10.89882649831037,19.81237351424786,0.27029930845171146
11.870000000000001,-8.64671123083141,-11.12845273257121,20.217563357068318,0.28620903633925565
11.88,-8.892820234532879,-11.328720791849346,20.65767158635457,0.3005381288612258
11.89,-9.13294697156928,-11.494699973846862,21.129479075834023,0.3127718575697465
11.9,-9.364163954529719,-11.621594768809711,21.628829329215094,0.32244619467999075
11.91,-9.583379892829836,-11.704930465963024,22.150604975196703,0.32918714090566875
11.92,-9.787395581076506,-11.740757499255919,22.68874621161005,0.3327492677299097
11.93,-9.972974427221718,-11.725864460294455,23.23631899719925,0.33304869466620307
11.94,-10.13692643445445,-11.65798653578946,23.785638151961756,0.3301853274992275
11.950000000000001,-10.276203177104026,-11.535993679351115,24.328446609608022,0.32444961217483703
11.96,-10.38799998300641,-11.36004165831662,24.85614708322042,0.31631046199099894
11.97,-10.469860304335938,-11.131669715862227,25.36007682319471,0.3063833447590197
11.98,-10.519776301466479,-10.853831258968228,25.831810658701606,0.29538047505352794
11.99,-10.536279153784038,-10.530848722980918,26.263472955113162,0.28404811790646367
12.0,-10.518512686930533,-10.16829019973139,26.64803632051615,0.2730985178858776
12.01,-10.466284640157815,-9.772772808640072,26.97958450208195,0.2631453019444099
12.02,-10.380091271427704,-9.351705132661523,27.25351922510251,0.25465096887420724
12.030000000000001,-10.261112892948557,-8.912987241133008,27.466695585460766,0.24789323747581873
12.040000000000001,-10.111180139514591,-8.464690923607002,27.61747739024222,0.2429539414060483
12.05,-9.93271303363841,-8.014744148064453,27.705711576105546,0.2397305000668226
12.06,-9.728636951104315,-7.570642291055163,27.732628386331612,0.23796655040183817
12.07,-9.502281170864187,-7.1392047147348245,27.7006802938737,0.23729578296612097
12.08,-9.257266652800174,-6.7263895302358705,27.61333693823012,0.2372918017040554
12.09,-8.997389962667574,-6.337172849146866,27.474855225992638,0.23751698507688726
12.1,-8.726509891888206,-5.9754924555124145,27.290043288082856,0.23756461637027654
12.11,-8.448442418970433,-5.64425042877925,27.064034609297387,0.2370905255205225
12.120000000000001,-8.166868398921485,-5.345365326647991,26.80208498771166,0.23583264564493384
12.13,-7.885256934009593,-5.079862289407619,26.509400747866454,0.23361881304967447
12.14,-7.606805947019339,-4.847988765412078,26.19100245768712,0.23036455957350693
12.15,-7.334400184786389,-4.6493441928761,25.85162476115962,0.22606345871286015
12.16,-7.070585817149795,-4.483013516781185,25.495650118896958,0.2207728302264288
12.17,-6.817560009345221,-4.3476964691924875,25.127072344317227,0.21459740895732102
12.18,-6.577173338641071,-4.241826745501459,24.749484786520263,0.20767310489803856
12.19,-6.3509426732004455,-4.163677302670562,24.366087700875664,0.20015237854578055
12.200000000000001,-6.140072089021966,-4.111449818115631,23.979709580002172,0.1921921513627603
12.21,-5.945479517887744,-4.083347795097365,23.592837802493545,0.18394464662062363
12.22,-5.767827044336435,-4.0776338652953505,23.20765472798425,0.17555115197910667
12.23,-5.607553057206098,-4.092672550004056,22.826076194147422,0.16713842114897867
12.24,-5.464904774099396,-4.126960152125693,22.449790162103323,0.15881727621066286
12.25,-5.339969967316513,-4.179143625769821,22.080293955217247,0.15068291165495068
12.26,-5.23270700824655,-4.248030271852841,21.718929114939087,0.14281640938294765
12.27,-5.142972602278575,-4.332589992416946,21.36691334974588,0.13528702553296143
12.280000000000001,-5.070546802298728,-4.431951649089156,21.025369386628466,0.1281548840114643
12.290000000000001,-5.015155064453878,-4.545394847119716,20.695350763768054,0.12147379207786224
12.3,-4.976487246727035,-4.672338230934014,20.377864746038107,0.11529396942007057
12.31,-4.954213552454933,-4.812325147081889,20.073892619756997,0.10966454735845911
12.32,-4.947997491657153,-4.965007316484018,19.784407645943062,0.10463574600770531
12.33,-4.957505977722625,-5.130126965928432,19.51039093572712,0.10026067369191521
12.34,-4.982416700347367,-5.307497701692027,19.252845468130467,0.09659671549007812
12.35,-5.02242292208859,-5.496984266867845,19.01280840685181,0.09370648823169322
12.36,-5.077235839557083,-5.698481208431027,18.79136179428666,0.09165833975810021
12.370000000000001,-5.1465846347687245,-5.911890390019037,18.589641611003668,0.09052636318019816
12.38,-5.230214320813727,-6.137097221917337,18.40884508915265,0.09038988462191433
12.39,-5.327881461803339,-6.373945441664201,18.25023605971727,0.09133236802896866
12.4,-5.439347822883006,-6.6222102689038,18.115147996774084,0.09343966569260985
12.41,-5.564371984789549,-6.881569779760596,18.004984297888033,0.09679753115128054
12.42,-5.702698941902111,-7.151574403550478,17.921215210308564,0.10148830554390789
12.43,-5.854047696126881,-7.431614543831543,17.86537068123486,0.10758669339743404
12.44,-6.018096864699342,-7.720886473397864,17.839028283057253,0.11515456406278704
12.450000000000001,-6.1944683418666635,-8.018356856087737,17.843795250450906,0.124234756040249
12.46,-6.382709096527667,-8.322726514044227,17.88128357902058,0.13484392905025275
12.47,-6.5822712545437465,-8.632394392328962,17.953077093439518,0.1469646083268869
12.48,-6.79249070977724,-8.945423074707415,18.06068942086627,0.1605367010935572
12.49,-7.0125646355699365,-9.259507669623801,18.205511932674924,0.17544893703732284
12.5,-7.241528430646244,-9.571950398616892,18.388750978780166,0.19153088762027398
12.51,-7.478232830313448,-9.87964375173607,18.611354171171435,0.2085464394765963
12.52,-7.721322141758033,-10.17906557934472,18.87392611212253,0.22618980971745134
12.530000000000001,-7.969214812549679,-10.466289899730821,19.17663483511821,0.2440853568980405
12.540000000000001,-8.220087798862034,-10.73701742786148,19.519111342597085,0.2617925081568414
12.55,-8.471866441064668,-10.986629763370608,19.90034596484189,0.2788170277661939
12.56,-8.722221747070172,-11.210270694355433,20.318586767406682,0.29462953051103
12.57,-8.968577087491198,-11.402957059447605,20.7712467848621,0.3086915437065545
12.58,-9.208126274270267,-11.559719971335001,21.254828279032356,0.3204885272590066
12.59,-9.437864777103542,-11.6757749040503,21.764873272572988,0.3295681131002898
12.6,-9.654635386107671,-11.746716238290684,22.295950011392204,0.3355805435399585
12.61,-9.855188926237993,-11.768728520882288,22.84168446949977,0.3383170793296091
12.620000000000001,-10.036259666783462,-11.738803245268185,23.394844278489156,0.33774129079186477
12.63,-10.19465388300308,-11.65494685499053,23.94747940473995,0.33400794277280144
12.64,-10.32734869688729,-11.516363462421516,24.49111955899654,0.32746488876343954
12.65,-10.431596976656925,-11.323595025771441,25.01702299464018,0.318635109521832
12.66,-10.505032874375871,-11.07860290354355,25.516465580712325,0.30817864947861395
12.67,-10.545771710879064,-10.784778043040074,25.981053589123583,0.2968373423846448
12.68,-10.552497549383178,-10.44687245556189,26.403039387712013,0.2853682801008517
12.69,-10.52453206091359,-10.070851591042526,26.775617003088097,0.27447427745249814
12.700000000000001,-10.46187922614191,-9.663674895923116,27.09317489026119,0.26474052724477637
12.71,-10.3652419910613,-9.233019137458317,27.35148640004076,0.2565859080519256
12.72,-10.23600904836321,-8.786964897406731,27.54782406654915,0.2502350866880615
12.73,-10.076212219668335,-8.333670076238628,27.680991186172978,0.24571412850325958
12.74,-9.888457187657528,-7.881054805187947,27.751272150711205,0.24286854289531495
12.75,-9.675832296352679,-7.436519842832415,27.760310460540484,0.24139935690007336
12.76,-9.441801577967022,-7.006715829488282,27.710929251648835,0.24091056976262354
12.77,-9.190088938678526,-6.597374540648589,27.606912835562945,0.2409605193789007
12.780000000000001,-8.924560509967238,-6.213206534382874,27.452768926131213,0.24111024751782031
12.790000000000001,-8.64911161216477,-5.8578632898063745,27.25349009698053,0.2409635486525903
12.8,-8.367563723717417,-5.533956825874024,27.014330095496454,0.24019553204694216
12.81,-8.083575486802944,-5.2431262987197,26.740606629818444,0.23856871592733817
12.82,-7.800570298050053,-4.986139303686148,26.437537861374604,0.2359375133755852
12.83,-7.521681600843257,-4.763015389030611,26.11011568712301,0.23224323773414873
12.84,-7.249715740622765,-4.573160281658443,25.763015411886656,0.22750239583270376
12.85,-6.987131245429195,-4.415501117111345,25.400538819074214,0.22179112515377597
12.86,-6.736032682489115,-4.288615153338166,25.026585994799884,0.2152283149696842
12.870000000000001,-6.498176811233517,-4.190846694878329,24.64465045977089,0.20795940112397532
12.88,-6.274988570277598,-4.120409019628338,24.257832049981786,0.20014219136516107
12.89,-6.06758445200823,-4.075469839674644,23.868862365688006,0.19193547630737778
12.9,-5.876800979989138,-4.0542201792508195,23.48013828918692,0.18349067958099669
12.91,-5.703226260285399,-4.054927517204472,23.093759895406826,0.1749464298600747
12.92,-5.547232883912242,-4.075974658671783,22.711569923903994,0.16642569838698834
12.93,-5.409010778962451,-4.115886131615571,22.33519276493851,0.15803502133837405
12.94,-5.288598922076404,-4.173344015040202,21.966071588842812,0.14986529117245012
12.950000000000001,-5.185915102943459,-4.247195059966378,21.605502796961154,0.14199362752650893
12.96,-5.100783182805784,-4.33645081566125,21.254667393058565,0.13448590149629241
12.97,-5.032957494357626,-4.440282265288133,20.914659177100692,0.12739956724067358
12.98,-4.9821441958404735,-4.558010239335475,20.58650986558792,0.12078653724139986
12.99,-4.948019518983054,-4.6890926345979445,20.271211363032773,0.11469591266780049
13.0,-4.930244942713842,-4.833109236008994,19.96973546580683,0.1091764427696259
13.01,-4.928479387008833,-4.989744727234031,19.683051288295907,0.10427863479842643
13.02,-4.94238855874228,-5.158770288383131,19.412140674986446,0.10005646854606483
13.030000000000001,-4.971651598737403,-5.340024017484576,19.158011810598946,0.09656868843888583
13.040000000000001,-5.015965180773856,-5.533390276865373,18.9217111706991,0.09387965322414897
13.05,-5.075045203082566,-5.738777956000948,18.704333871974207,0.09205972094836651
13.06,-5.148626194415943,-5.956097558394426,18.50703238730738,0.09118513757801303
13.07,-5.236458533341204,-6.1852369617934695,18.331023487342836,0.09133738370516506
13.08,-5.338303553935097,-6.426035669594985,18.177593158089376,0.09260191783814287
13.09,-5.4539265863989455,-6.67825736882307,18.048099123768022,0.09506623951821674
13.1,-5.583087960105281,-6.941560640117931,17.943970476536208,0.0988171840123462
13.11,-5.725531982204801,-7.2154677326511445,17.86670378200248,0.10393735624517088
13.120000000000001,-5.880973900386633,-7.499331427982221,17.817854895545484,0.11050061929178952
13.13,-6.04908486725116,-7.792300178765928,17.799025596044444,0.11856657725867589
13.14,-6.229474949946572,-8.093281928443215,17.811844031010384,0.12817403947781758
13.15,-6.421674276482675,-8.400907303466909,17.857937885110363,0.13933352861193293
13.16,-6.625112483869653,-8.713493224861484,17.93889915288339,0.1520190049263304
13.17,-6.839096737164336,-9.029008411189759,18.056239442091435,0.1661591261147931
13.18,-7.0627887261574624,-9.345042733137406,18.21133488841094,0.18162854626674882
13.19,-7.295181219802895,-9.658782912827215,18.405360061434674,0.19823997193633447
13.200000000000001,-7.535074966970043,-9.966997605572564,18.63921072453472,0.21573792142502912
13.21,-7.781056971114279,-10.266035406086653,18.91341601250494,0.23379534649567074
13.22,-8.03148142587246,-10.55183971127764,19.228041536344953,0.2520144306262642
13.23,-8.284454861096373,-10.819984551157464,19.58258611908618,0.26993291752225257
13.24,-8.537827288611485,-11.06573535226816,19.975876282493477,0.2870371815182139
13.25,-8.789191319060379,-11.284137998635172,20.405964167900553,0.3027828622489459
13.26,-9.035891302125341,-11.470138384974373,20.870036153308686,0.3166232020367341
13.27,-9.275044472981264,-11.618732829789531,21.3643408265984,0.32804423907067876
13.280000000000001,-9.503575818167592,-11.72514721173689,21.884145934353246,0.3366047815185419
13.290000000000001,-9.718267861783946,-11.78503959234595,22.42373415035518,0.3419777612765014
13.3,-9.9158257935834,-11.794717605725305,22.976446700239624,0.3439883742754587
13.31,-10.092957319548555,-11.751358393136556,23.53478180197131,0.3426436567365188
13.32,-10.246465358977723,-11.653215834102046,24.0905514320173,0.33814813385224796
13.33,-10.373350333565424,-11.499797856056814,24.635095206999022,0.3309011448017139
13.34,-10.470917433717583,-11.291996261699293,25.15954454044457,0.3214734598957699
13.35,-10.536883081147195,-11.032153232936281,25.655124317621798,0.31056367758524434
13.36,-10.569474023238604,-10.724052622047294,26.113473956691813,0.29893816861950895
13.370000000000001,-10.567512263219605,-10.372830124140384,26.526965797416906,0.2873613665433379
13.38,-10.530479465433581,-9.984803834218889,26.888997083574033,0.27652528002907134
13.39,-10.45855560533394,-9.567234574289584,27.1942328930235,0.26698766199001744
13.4,-10.352628383416205,-9.128032586783865,27.438781286833777,0.2591270816488887
13.41,-10.214272113369768,-8.675432618852321,27.620288258472193,0.25312040367798755
13.42,-10.045697171946065,-8.217662225989866,27.737947883106198,0.24894446940462983
13.43,-9.849673371092122,-7.762627914009813,27.79243123847852,0.2463999149770446
13.44,-9.629432507632883,-7.317640656974865,27.78574500080369,0.24515186414150966
13.450000000000001,-9.388556651713612,-6.889196997554081,27.72103612761692,0.2447802905003881
13.46,-9.130859338271616,-6.482825300762699,27.602362128574658,0.24483239134558016
13.47,-8.86026671968441,-6.102999844319134,27.434446962880767,0.24487021900864486
13.48,-8.580705013236425,-5.753119234970416,27.22244088380727,0.24450866829219628
13.49,-8.295999394542491,-5.435540823010324,26.9716991764793,0.24344119032531264
13.5,-8.009788041644093,-5.151659693592666,26.687590444025496,0.24145279478339426
13.51,-7.725453516659063,-4.9020194646544395,26.375340609389085,0.23842165164056917
13.52,-7.446072245867549,-4.686442285688879,26.039914698349023,0.23431172893080654
13.530000000000001,-7.174381642500334,-4.504166726858284,25.685935137795976,0.2291593903700635
13.540000000000001,-6.912763476114365,-4.3539842424963595,25.317632920161866,0.22305683140945015
13.55,-6.663241448707783,-4.234367186486677,24.938826554025997,0.21613481968800494
13.56,-6.427490574639767,-4.143583629566799,24.552923124275015,0.20854659958966307
13.57,-6.206855838872553,-4.079796260983799,24.162935838471828,0.2004541678168999
13.58,-6.002377673677285,-4.041144327017364,23.77151293622008,0.19201753164220545
13.59,-5.814821992776803,-4.025808824621508,23.380973597184422,0.18338708287557937
13.6,-5.644712803149884,-4.032062044910889,22.99334734712951,0.1746988798508591
13.61,-5.492365735717492,-4.058303098195494,22.6104143172639,0.16607242133178954
13.620000000000001,-5.357921163896785,-4.103081315529282,22.233744487615073,0.1576103989320655
13.63,-5.241375890174665,-4.165109479616791,21.864734701040994,0.14939990065401462
13.64,-5.142612660543395,-4.243268752880356,21.504642757121502,0.1415145795655984
13.65,-5.061427006869714,-4.336606994843327,21.154618288098145,0.13401737418335988
13.66,-4.997551115235298,-4.444331935582928,20.815730395955164,0.1269634518616738
13.67,-4.95067457480712,-4.565800426795767,20.488992209140314,0.12040313002598435
13.68,-4.920461979992815,-4.700504747584172,20.17538261878804,0.11438460401725078
13.69,-4.906567442916519,-4.848056711553127,19.87586549572753,0.1089563702028547
13.700000000000001,-4.9086461285713385,-5.008170112806847,19.591406686485172,0.10416927733116581
13.71,-4.926362956375465,-5.180641864705013,19.322989051235187,0.1000781682792713
13.72,-4.959398624042064,-5.365332028088965,19.071625748403957,0.09674308994346531
13.73,-5.007453107029159,-5.562142795086178,18.838371895782423,0.09423005322383514
13.74,-5.070246773278213,-5.770996390025851,18.624334650615726,0.09261132026753768
13.75,-5.147519231973045,-5.991811770079226,18.430681653512906,0.09196518482280214
13.76,-5.239026009807818,-6.2244799552361165,18.258647674238553,0.09237519619296575
13.77,-5.344533121667881,-6.468837791392778,18.10953918196961,0.0939287604248185
13.780000000000001,-5.463809577522967,-6.724639954146256,17.984736438845164,0.09671503680405821
13.790000000000001,-5.596617846566592,-6.991529038253744,17.885692584622447,0.10082203666533825
13.8,-5.742702286233927,-7.269003653940448,17.81392904428745,0.10633282876815149
13.81,-5.9017755410012205,-7.556384572946628,17.771026453935292,0.113320765615318
13.82,-6.0735029274863805,-7.852779141955047,17.758610170459843,0.12184367346981442
13.83,-6.257484852394784,-8.15704441664533,17.778329318785826,0.13193700146817783
13.84,-6.453237362674238,-8.467749773006435,17.831828252581182,0.14360600830903178
13.85,-6.660171007377653,-8.783140128031496,17.920709282281717,0.15681718393112043
13.86,-6.877568302463211,-9.10110134886076,18.04648558561486,0.17148926154964617
13.870000000000001,-7.104560236536027,-9.419129939045211,18.210523394245488,0.1874843711406475
13.88,-7.34010243909022,-9.734309642163954,18.41397288377543,0.20460011049149873
13.89,-7.582951852000205,-10.043298159693332,18.65768772259976,0.22256354543216444
13.9,-7.831644994345183,-10.342327684786817,18.942133993615165,0.24102836464320104
13.91,-8.084479178639995,-10.627223326473468,19.26729021505459,0.25957655925625367
13.92,-8.339498304041538,-10.893443636515649,19.632541453457176,0.2777260120456932
13.93,-8.594485090985545,-11.136147231713082,20.036572007527944,0.29494519566347666
13.94,-8.846961794422919,-11.350288797764309,20.47726276088794,0.3106757278629636
13.950000000000001,-9.09420149336145,-11.53074644807062,20.951600907125304,0.32436277011036624
13.96,-9.333251951483586,-11.672480412448381,21.4556111277873,0.3354921874132523
13.97,-9.560973726508834,-11.770720341204857,21.984318178516467,0.3436320871575644
13.98,-9.774093633424256,-11.821175235420817,22.531750900175243,0.34847498969741775
13.99,-9.969273818133082,-11.820256402335367,23.09099661989724,0.3498757106346847
14.0,-10.143195585858177,-11.76530028652687,23.654312516004996,0.3478793726047631
14.01,-10.292655808915283,-11.654775077248942,24.213296717689463,0.3427341280767221
14.02,-10.414672316971588,-11.488453245255789,24.759116848233248,0.334884382754941
14.030000000000001,-10.506593302300526,-11.267532191585719,25.28278782445334,0.3249425835290888
14.040000000000001,-10.566204638572314,-10.994687403115824,25.775484686548914,0.31364072910431845
14.05,-10.591828307623068,-10.6740470121371,26.228870934999016,0.3017661559261425
14.06,-10.582405020758577,-10.311083159949224,26.635419224782034,0.2900891408090795
14.07,-10.537554712037661,-9.912423361624022,26.988700096743734,0.27929172347270853
14.08,-10.457609879046577,-9.485593120524975,27.28361615574304,0.2699073610439283
14.09,-10.343618651341014,-9.03870815224185,27.516563697905482,0.2622794301221844
14.1,-10.197316775483491,-8.580139639727612,27.685510687726463,0.256543485843439
14.11,-10.021070143760852,-8.118178171696128,27.78998820037016,0.2526342484947339
14.120000000000001,-9.817791761277272,-7.660721128316133,27.831000750770663,0.25031438450844146
14.13,-9.590838871188964,-7.215004534522323,27.810868124919345,0.24921909186928776
14.14,-9.343897143096076,-6.787394534815817,27.733016469270094,0.24890883033616792
14.15,-9.080859281914726,-6.383246675218336,27.601738970198152,0.24892241002356433
14.16,-8.80570515147495,-6.006834187775342,27.421946437159644,0.24882385327975995
14.17,-8.52238964130345,-5.661340387096349,27.198925881030874,0.24823850736583206
14.18,-8.234743213054056,-5.3489057353799865,26.938121421408457,0.24687625390160006
14.19,-7.946388547379846,-5.070717388005129,26.64494733600435,0.2445418428686984
14.200000000000001,-7.660675166047256,-4.8271280479219705,26.324638500903284,0.24113404099087316
14.21,-7.3806324858044094,-4.617791447248904,25.98213941892412,0.23663628275125642
14.22,-7.108940578520502,-4.441803322371649,25.622029838978825,0.23110186794326112
14.23,-6.847917022970615,-4.297838910051294,25.248482768050135,0.22463659256546764
14.24,-6.59951764807842,-4.184280370048116,24.86524943672977,0.2173812081368481
14.25,-6.365348661618252,-4.099329829370908,24.475665354907473,0.2094954540350722
14.26,-6.146687586783785,-4.041105744366635,24.082671786723616,0.2011447405532
14.27,-5.944510536231948,-4.007721886556744,23.68884757470198,0.1924899728216312
14.280000000000001,-5.759523583178957,-3.9973494505766496,23.29644706544288,0.1836805478138042
14.290000000000001,-5.592196291456503,-4.008263584896305,22.90744078515736,0.17485024203925723
14.3,-5.4427957997346015,-4.03887611566703,22.523556377545862,0.16611552516903344
14.31,-5.3114201881153065,-4.087756440874474,22.14631808393429,0.15757576013054633
14.32,-5.198030166419444,-4.153642585610926,21.77708368370728,0.14931475380091155
14.33,-5.102478399499012,-4.235444291675452,21.417078313420326,0.14140317612679631
14.34,-5.02453601921437,-4.332239816676629,21.06742495273271,0.13390144555056296
14.35,-4.9639160636076465,-4.443267878282292,20.72917162052917,0.12686276698876017
14.36,-4.920293732899322,-4.567915926234413,20.403315485037393,0.12033609292577173
14.370000000000001,-4.893323462902644,-4.705705677061194,20.090824177359796,0.11436885098511351
14.38,-4.882652894041515,-4.856276615763741,19.79265462668416,0.1090093389738676
14.39,-4.887933863516256,-5.019367961605738,19.50976972262408,0.10430872993202654
14.4,-4.90883057437597,-5.194799414421301,19.243153067478488,0.10032265598806656
14.41,-4.945025103093103,-5.382450844324463,18.993822017335543,0.09711235266448584
14.42,-4.996220401018127,-5.582240960977131,18.76283913174497,0.09474534701371329
14.43,-5.062140928674729,-5.7941048979599294,18.55132206074947,0.09329566607631447
14.44,-5.142531038670817,-6.0179705728927555,18.36045179730863,0.09284352913131032
14.450000000000001,-5.237151196148404,-6.253733635115604,18.191479113361705,0.09347447054476082
14.46,-5.345772098064697,-6.501230791394255,18.04572887922134,0.0952778223045932
14.47,-5.468166726999394,-6.760211309011113,17.92460183900249,0.09834446940442751
14.48,-5.6041003544958645,-7.030306538952676,17.829573280421677,0.10276378041795192
14.49,-5.753318496242025,-7.310997385405457,17.76218789803766,0.10861961386485955
14.5,-5.915532820071556,-7.601579778440408,17.7240500095755,0.11598531309996456
14.51,-6.090405021602786,-7.901128392542162,17.7168081532622,0.12491763408822602
14.52,-6.277528715527654,-8.208459102631085,17.7421329821107,0.13544960783350576
14.530000000000001,-6.4764094476458,-8.52209098847688,17.801687295925422,0.14758242878987837
14.540000000000001,-6.686443018354471,-8.840209092054055,17.897087036485697,0.1612765877740836
14.55,-6.906892426810196,-9.160629599119945,18.02985214524298,0.17644263564630336
14.56,-7.136863899793028,-9.480769645987737,18.2013463812781,0.19293217038898824
14.57,-7.375282661974526,-9.79762452218895,18.412705559937127,0.2105298753914065
14.58,-7.620869333235548,-10.107755609338533,18.664754240215363,0.22894767975708646
14.59,-7.872118097647465,-10.407292904587056,18.957911697459537,0.24782232710524632
14.6,-8.127278065065635,-10.691956338081173,19.292089089624987,0.26671777668650354
14.61,-8.384339519229627,-10.95710019855047,19.66658105726211,0.2851338545017411
14.620000000000001,-8.641026985669289,-11.197784701560268,20.079956547568013,0.30252234966077285
14.63,-8.894801218684258,-11.408877936829008,20.529955325600536,0.31831124524083493
14.64,-9.142872250826972,-11.585189994727418,21.01339827024181,0.3319369424546632
14.65,-9.382225517428854,-11.721638922949206,21.526120918447987,0.34288319347830154
14.66,-9.609662711134877,-11.813445309641004,22.062940528224996,0.35072409209219235
14.67,-9.821858396662485,-11.856348856563732,22.61766685593806,0.3551670687983979
14.68,-10.015432506670363,-11.846836572747304,23.183165582297992,0.3560906772305883
14.69,-10.187037664097492,-11.78236862154856,23.751480657399785,0.35357137706040753
14.700000000000001,-10.333458899488036,-11.661584959705886,24.314017721871757,0.34789383504032845
14.71,-10.451721870071628,-11.484474344690863,24.86178539533644,0.33954068404505533
14.72,-10.53920430439359,-11.252487632629402,25.385685087017933,0.3291601847390349
14.73,-10.59374428680648,-10.968579926120618,25.876833828165633,0.31751352464711363
14.74,-10.613738357751123,-10.637171112250304,26.326899384203813,0.30540698637572083
14.75,-10.598222402376086,-10.264021288261496,26.7284235285507,0.29361717020770406
14.76,-10.546929024023813,-9.856025712521618,27.075108618469496,0.2828191337035989
14.77,-10.460316541673928,-9.420942125372763,27.362044893011547,0.2735272177869103
14.780000000000001,-10.339566789612288,-8.96707031933309,27.585861086704874,0.2660563818685366
14.790000000000001,-10.186551309484974,-8.502908594420218,27.744788359533807,0.2605084527507016
14.8,-10.003768018047015,-8.036813479827995,27.83863610242449,0.25678355799291014
14.81,-9.794252699961294,-7.576687639362934,27.86868660548669,0.2546130752561472
14.82,-9.561471443665734,-7.129716571245849,27.837522659167142,0.2536074933352675
14.83,-9.309201223480272,-6.70216839032576,27.748806992674055,0.2533111432866184
14.84,-9.041406157377127,-6.299263727394736,27.607034600292888,0.2532559063363472
14.85,-8.762116574930008,-5.925115698811,27.417278521384347,0.2530074560902282
14.86,-8.475317045036006,-5.582733899594757,27.18494699431199,0.2521998297329825
14.870000000000001,-8.184848128160574,-5.274082037120478,26.915565824074257,0.25055657062190373
14.88,-7.894325042771553,-5.000176366797476,26.61459508822812,0.247898857057262
14.89,-7.607074864420324,-4.761211409567599,26.28728467416643,0.2441426207386475
14.9,-7.326092462340845,-4.556700191556197,25.938569127569053,0.2392875513309492
14.91,-7.054014223668749,-4.3856180044130735,25.572999208137837,0.23340113024360312
14.92,-6.793107767495704,-4.2465409857288074,25.194705495526346,0.22660058753753845
14.93,-6.545275312699948,-4.137773269061178,24.807388303190173,0.21903511913801843
14.94,-6.312068104533688,-4.057458759282637,24.414327874850546,0.21087001480338535
14.950000000000001,-6.094709275266475,-4.003675566758773,24.018409145441215,0.2022736687949671
14.96,-5.894122655803131,-3.9745126960321793,23.622156032598795,0.19340786386946607
14.97,-5.710965311160615,-3.9681297186447204,23.227771100459798,0.18442127810654257
14.98,-5.545661892857576,-3.9828009024186386,22.837177361074232,0.17544587071953038
14.99,-5.398439245247879,-4.0169456847377125,22.45205985105211,0.16659564184773054
15.0,-5.26936004070473,-4.069147538298464,22.073905383100414,0.15796720505601855
15.01,-5.1583545301903895,-4.13816325519863,21.704039496762608,0.14964162924176144
15.02,-5.065249769228421,-4.222924530724038,21.343660115641967,0.14168707044388157
15.030000000000001,-4.9897959091605655,-4.322533511435701,20.993867769877394,0.13416180032060546
15.040000000000001,-4.931689328996894,-4.436253720571899,20.655692480613663,0.12711732950182636
15.05,-4.890592526430223,-4.563497513823976,20.330117548472394,0.12060140908093822
15.06,-4.866150791806732,-4.703810967660814,20.018100560968403,0.11466076548264925
15.07,-4.858005761063931,-4.856856871091917,19.72059195249065,0.10934347981038389
15.08,-4.8658059881716875,-5.022396285635499,19.438551429726747,0.10470096208974992
15.09,-4.889214699601769,-5.20026895955254,19.172962526680227,0.10078949474812526
15.1,-4.9279148975847695,-5.390372731401302,18.924845484924095,0.097671330256557
15.11,-4.98161196968795,-5.592641933991254,18.69526857189645,0.09541532754938875
15.120000000000001,-5.050033943374847,-5.807024712029801,18.485357856097952,0.0940971031662847
15.13,-5.132929499071649,-6.0334590947256865,18.296305354583893,0.09379865854344502
15.14,-5.230063826925185,-6.271847618747027,18.12937535569438,0.09460742701919689
15.15,-5.341212383753293,-6.522030278802488,17.98590859861619,0.09661466552256129
15.16,-5.4661525804645565,-6.783755595688552,17.867323861353846,0.09991309947914995
15.17,-5.604653409353613,-7.0566496394186355,17.775116371051624,0.10459371859974226
15.18,-5.756463008280593,-7.340182934048806,17.710852307946965,0.11074162003247852
15.19,-5.9212941582835095,-7.633635308429104,17.676158531526045,0.11843080884700773
15.200000000000001,-6.098807726538579,-7.936058951655916,17.672706522995256,0.1277178998500783
15.21,-6.288594102099176,-8.246240191921155,17.70218942461508,0.13863472584510395
15.22,-6.4901527321804755,-8.562660850009355,17.766290981744703,0.1511799522645333
15.23,-6.7028699566986365,-8.883460428018394,17.866645181772437,0.16530993223200846
15.24,-6.925995462785802,-9.206400878275828,18.004785466196665,0.1809292123979008
15.25,-7.158617842543185,-9.528836245850666,18.182082604880655,0.19788131593717656
15.26,-7.399639937821622,-9.847690065920366,18.399670706268964,0.21594067410226458
15.27,-7.647754893468964,-10.159443981808566,18.65836143620821,0.2348068289881159
15.280000000000001,-7.90142410845068,-10.460141565655292,18.958547367555703,0.2541022499884281
15.290000000000001,-8.158858558978352,-10.74541168123449,19.300096504819916,0.27337524061050916
15.3,-8.41800524721105,-11.010515812635662,19.68224141739988,0.2921093920942274
15.31,-8.676540771366215,-11.250423459881029,20.103468024592914,0.30974078960794593
15.32,-8.931874176256784,-11.459918834219485,20.561410801753375,0.32568362687219676
15.33,-9.181161276825101,-11.63374055029968,21.05276284768645,0.33936399648949817
15.34,-9.421332495984393,-11.766753737574497,21.573210624490333,0.35026041372729877
15.35,-9.649135869166345,-11.85415099548168,22.117403947535085,0.35794820310078856
15.36,-9.86119620106004,-11.891675040619258,22.678971630045275,0.3621434331579486
15.370000000000001,-10.054090399822813,-11.875852041473683,23.25059176309588,0.36274092354338616
15.38,-10.224437783474189,-11.804220973136648,23.824122726215364,0.35984032169824354
15.39,-10.369002724146215,-11.675541448784546,24.390796648736497,0.353754680971741
15.4,-10.484805493728047,-11.489961048390635,24.94147140905468,0.34499756172625917
15.41,-10.569235772488453,-11.249123751878324,25.466930897342035,0.33424737812212046
15.42,-10.62016218354659,-10.956204061102508,25.95821698073471,0.3222911794029351
15.43,-10.636030623026596,-10.615856774323102,26.40697137556167,0.30995365627986593
15.44,-10.6159442316137,-10.234079727473365,26.805762425405156,0.2980201095664833
15.450000000000001,-10.55971868316063,-9.817995271853492,27.148371368127602,0.28716366280890127
15.46,-10.467908027837622,-9.375564634621156,27.430015394122275,0.277886670313143
15.47,-10.34179848169003,-8.915256325075546,27.6474904531302,0.27048403789207587
15.48,-10.183370059376575,-8.4456942944434,27.7992246119515,0.26503249052710126
15.49,-9.995228495982476,-7.975312932947414,27.885241639688186,0.26140550997755263
15.5,-9.780512180386973,-7.512044065298503,27.90704306521387,0.2593096769569333
15.51,-9.54278055627452,-7.063056334822137,27.867423983875604,0.25833529704260666
15.52,-9.285891459165478,-6.634560653576596,27.770242507972178,0.25801292871585474
15.530000000000001,-9.013875086997732,-6.231687882442196,27.6201645739032,0.2578677986598997
15.540000000000001,-8.730811801684247,-5.858437717814611,27.422404963888283,0.2574657446234136
15.55,-8.440719876098472,-5.517691800965954,27.18248240800053,0.2564467119302624
15.56,-8.147457836868188,-5.21127988131892,26.90600227787992,0.2545443513051153
15.57,-7.8546444245286136,-4.940085625955975,26.598475492906207,0.2515924402875378
15.58,-7.565597594643746,-4.704178222013426,26.265177553951233,0.24752038819630684
15.59,-7.283292567522456,-4.502956896361077,25.911047618839703,0.2423408978635446
15.6,-7.010337795951201,-4.335297409428205,25.540624523789493,0.2361330188378245
15.610000000000001,-6.748966901494674,-4.199692001613045,25.158014710137348,0.229023503569739
15.620000000000001,-6.501044126790972,-4.0943767887708855,24.766886048996906,0.22116876750462047
15.63,-6.268080628329437,-4.017442932642794,24.370481384392203,0.2127390356429879
15.64,-6.0512589376202275,-3.9669298799635295,23.97164601503858,0.20390556756247571
15.65,-5.85146308818135,-3.940900495139429,23.57286408847147,0.1948312740538936
15.66,-5.669312183438198,-3.9374990037081945,23.176299803186012,0.18566460890570272
15.67,-5.505195516294856,-3.954993362187751,22.783840264128376,0.17653634165273285
15.68,-5.3593077050158495,-3.9918040435193634,22.39713771952169,0.16755867214595493
15.69,-5.2316826531893605,-4.046521352290412,22.01764966817498,0.15882610597456526
15.700000000000001,-5.122225454836441,-4.117913332270925,21.64667594312085,0.1504175392994148
15.71,-5.0307416382928976,-4.204926162160809,21.285392348689566,0.14239907379942368
15.72,-4.956963369725428,-4.30667870277583,20.93488076659842,0.13482717406810668
15.73,-4.900572418935931,-4.422452596591771,20.596155871906614,0.12775187411838146
15.74,-4.861219829267315,-4.5516790539618155,20.270188733508796,0.12121982570945923
15.75,-4.838542334454217,-4.693923205820128,19.957927637039013,0.11527705286806181
15.76,-4.832175633454576,-4.84886666991756,19.660316478782956,0.10997133170991015
15.77,-4.8417646751118,-5.016288771448384,19.37831105216803,0.10535415240638477
15.780000000000001,-4.86697112316908,-5.196046681031901,19.112893494790036,0.10148224232059004
15.790000000000001,-4.907478173491913,-5.388054583300398,18.86508509164867,0.09841863818362416
15.8,-4.962992883642032,-5.592261866889195,18.63595754442957,0.09623329323656049
15.81,-5.033246153971687,-5.808630230436014,18.42664272021459,0.09500319511149008
15.82,-5.117990472522874,-6.037109528784987,18.238340787246308,0.0948119543960777
15.83,-5.216995506249393,-6.277612139385073,18.072326530631994,0.09574880482922607
15.84,-5.330041591268291,-6.529985612538618,17.929953517049555,0.09790693653074779
15.85,-5.456911147787012,-6.793983383819643,17.812655644721236,0.10138106650504887
15.860000000000001,-5.5973780239468125,-7.069233377360001,17.721945474132795,0.10626413934758672
15.870000000000001,-5.7511947602254025,-7.355204421106512,17.6594085888043,0.11264304985583087
15.88,-5.918077765777488,-7.651170537310641,17.626693088957175,0.12059329325781337
15.89,-6.0976904141376105,-7.95617337211923,17.62549318271978,0.13017248411499413
15.9,-6.28962410250611,-8.268983296020263,17.657525722628726,0.14141274843719343
15.91,-6.49337738119888,-8.588060049671759,17.724498458226968,0.15431209207090818
15.92,-6.708333352705811,-8.911514231669896,17.828068763571604,0.16882498784357383
15.93,-6.933735667790005,-9.237071424395698,17.96979168333473,0.184852607232795
15.94,-7.168663612749085,-9.562041319793414,18.15105636122391,0.20223334694957665
15.950000000000001,-7.4120069888562,-9.883294813224284,18.373010312585414,0.22073455543007248
15.96,-7.662441730154346,-10.197252635943922,18.63647162296003,0.24004662498251755
15.97,-7.918407482102573,-10.499889627485736,18.941830033934618,0.25978084264756357
15.98,-8.17808865694725,-10.78675911438362,19.288939039278205,0.279472529841705
15.99,-8.439400769143202,-11.053041941776794,19.677002552068878,0.29859097550151953
16.0,-8.699984102510184,-11.29362436070663,20.10446136759096,0.3165574002851532
16.01,-8.957206926459062,-11.503208062355883,20.568886428181216,0.3327716090043655
16.02,-9.208180509062771,-11.676454045811493,21.06688761442082,0.34664705494248055
16.03,-9.44978801279276,-11.808159635330798,21.594048186781468,0.35765277384049177
16.04,-9.678728949897291,-11.893464847091073,22.144895764815875,0.36535915711172445
16.05,-9.891580177520623,-11.928080599141866,22.712920509287745,0.36948303960020257
16.06,-10.08487341310979,-11.908527281871992,23.29064964609279,0.36992639169806196
16.07,-10.255187973967582,-11.832368449814867,23.869784425928955,0.36680239739207854
16.080000000000002,-10.399255967730204,-11.698421484166943,24.441401032226814,0.36044320615910463
16.09,-10.514075615345492,-11.506925685444083,24.99621108616783,0.3513853607455321
16.1,-10.597026956242944,-11.259648985601805,25.52487081657141,0.34033176339237964
16.11,-10.645983077886127,-10.959917683770293,26.018321511220062,0.3280926706188004
16.12,-10.659409437223529,-10.612559297395334,26.468138564328516,0.3155119295536107
16.13,-10.636443965077788,-10.223756305716321,26.866863289215082,0.30338765691114516
16.14,-10.576951548309252,-9.800817320100556,27.20829144481872,0.29239804633311706
16.15,-10.481548138026003,-9.351880802917186,27.487695453099306,0.28304250363749495
16.16,-10.351591982995282,-8.885573546072466,27.70196331456045,0.27560585839939233
16.17,-10.189142079019375,-8.41065058113486,27.849645449448765,0.2701494932070169
16.18,-9.996886537471177,-7.9356443421460865,27.93090987441975,0.2665287465524328
16.19,-9.778045883219498,-7.468548653290391,27.94741488005126,0.26443187313873834
16.2,-9.536258019967386,-7.016557979266537,27.902115448117875,0.2634330093927361
16.21,-9.275452574339393,-6.5858753279190525,27.799024165659166,0.2630504373054351
16.22,-8.999722495585182,-6.181594426413647,27.64294900409988,0.2628019619955157
16.23,-8.713200211040704,-5.807654460399249,27.43922921113114,0.26225103493468443
16.240000000000002,-8.419944477039815,-5.466859675136514,27.19348729909359,0.2610397713130573
16.25,-8.123842532850437,-5.160952019970796,26.911410524502585,0.25890761095494824
16.26,-7.828530484678054,-4.890722912040633,26.598570192541832,0.25569657111621513
16.27,-7.537333216539557,-4.656149914236458,26.260282318700085,0.25134555627979804
16.28,-7.253223695518074,-4.456545265322237,25.90150915177445,0.24587695399458215
16.29,-6.97880040344793,-4.290705275670573,25.526798079727133,0.23937884709084922
16.3,-6.716280822700614,-4.1570521322824066,25.140252557086487,0.23198579241198147
16.31,-6.467508422239405,-4.053762245669482,24.74552880467935,0.22386046045619712
16.32,-6.233970391760839,-3.9788776367856613,24.345851940781365,0.21517768206867546
16.330000000000002,-6.016823399458422,-3.930398838627742,23.944045674277554,0.2061117425871249
16.34,-5.816924840252922,-3.906359307374564,23.54257050179788,0.19682718167730717
16.35,-5.6348673370619755,-3.9048824076755935,23.143566314856404,0.18747293225345144
16.36,-5.471014607238092,-3.924222707224228,22.748896299964883,0.1781793634464292
16.37,-5.325537170039355,-3.9627936608140457,22.36018991215116,0.16905765853173182
16.38,-5.1984467204248554,-4.019183862803062,21.9788834688145,0.16020092743503697
16.39,-5.089628311136078,-4.092163972846147,21.606257526326132,0.15168649195162487
16.4,-4.998869758719801,-4.180686235086876,21.24347066779063,0.1435788609076202
16.41,-4.9258879159003035,-4.2838782645610145,20.89158966154503,0.13593300899160018
16.42,-4.8703516329408965,-4.401032502252687,20.551616167293037,0.1287976703168916
16.43,-4.8319013675865,-4.531592466747465,20.22451029292481,0.12221844534422308
16.44,-4.810165501678308,-4.675136671459233,19.91121136140529,0.1162405918541522
16.45,-4.804773488100856,-4.831360840973278,19.61265625200881,0.11091142503298045
16.46,-4.815365989972938,-5.000058852455014,19.329795648382014,0.10628228864339344
16.47,-4.841602190256316,-5.181102649601384,19.06360846850663,0.10241008034342913
16.48,-4.883164449081794,-5.374421226819267,18.815114676345413,0.09935832186938369
16.490000000000002,-4.939760472387191,-5.579978659034981,18.585386586714318,0.09719776164069854
16.5,-5.011123132707012,-5.7977510566194,18.375558676444278,0.09600648600844998
16.51,-5.097008054484356,-6.027702254770229,18.18683580728929,0.09586949839936652
16.52,-5.197189045098872,-6.269758002724401,18.02049964941936,0.096877705513056
16.53,-5.311451421739241,-6.523778402071761,17.877912968426447,0.09912622912900507
16.54,-5.4395832560789685,-6.789528358419149,17.7605213035128,0.10271194391050603
16.55,-5.581364536344203,-7.066645861579278,17.669851420767763,0.1077301293590361
16.56,-5.736554232964157,-7.354608002863666,17.607505775678334,0.11427012208059244
16.57,-5.904875253134789,-7.652694781967302,17.57515206830935,0.12240986805596461
16.580000000000002,-6.085997285350859,-7.959950959415571,17.574506831520665,0.13220930994615648
16.59,-6.279517571813367,-8.275146482881006,17.60731187038278,0.14370260868221407
16.6,-6.484939709549466,-8.596736364983158,17.67530228855876,0.15688929892464137
16.61,-6.701650675205384,-8.922821321340324,17.78016482044695,0.17172462066602345
16.62,-6.928896398612419,-9.251110989400829,17.923485269076338,0.18810945763069517
16.63,-7.165756380181146,-9.578892129789844,18.10668406862709,0.20588054493467378
16.64,-7.411118058663993,-9.903004836931773,18.330939391484126,0.2248018723810244
16.65,-7.663651887050641,-10.21983040943848,18.5970978484542,0.244558481521706
16.66,-7.921788358275992,-10.525295083939438,18.905573727092566,0.26475409354680585
16.67,-8.183698524756348,-10.814894222226613,19.256238901270866,0.28491415236197576
16.68,-8.447279853117042,-11.08374163756587,19.64830702043573,0.30449584792909545
16.69,-8.710149513851206,-11.326648407983116,20.080217299748718,0.3229064159415569
16.7,-8.969647380172326,-11.538234602363627,20.549525071405483,0.3395304158253484
16.71,-9.222851046775638,-11.713075707949582,21.05280803756137,0.3537657267963258
16.72,-9.466605018326339,-11.845883117524284,21.585598622937965,0.3650666910754632
16.73,-9.697565802513951,-11.931714829753592,22.142353630642695,0.3729912872977636
16.740000000000002,-9.912263930317822,-11.966208694908744,22.71647219623461,0.3772476601058359
16.75,-10.10718290087197,-11.945826430356911,23.300371478469106,0.37773409218635806
16.76,-10.278853735740064,-11.868092743157716,23.885626396209062,0.3745659682402102
16.77,-10.423962306424457,-11.731810879899601,24.4631749981323,0.36808380058220647
16.78,-10.539465006239753,-11.53723448018945,25.023584997320274,0.35883816667802526
16.79,-10.622706861250155,-11.28617636297973,25.55737020282332,0.347550386396748
16.8,-10.671535033707041,-10.982038204149934,26.055338915899522,0.33505154349199284
16.81,-10.684400081527539,-10.629750955709653,26.50895089053724,0.3222063274064474
16.82,-10.660437470088832,-10.235623814355712,26.910656232698177,0.30983126826987395
16.830000000000002,-10.599522772332671,-9.807108603826142,27.25418942708168,0.2986184570825247
16.84,-10.502295706762819,-9.352495295921827,27.53479486389401,0.28907530111642604
16.85,-10.37015049081917,-8.880561679401225,27.7493665244698,0.28148827690126216
16.86,-10.205192661505176,-8.400204724383277,27.89649301907657,0.2759145525030327
16.87,-10.01016520348605,-7.920082284556074,27.976408668120957,0.27220068231335737
16.88,-9.788349189444276,-7.448291357072119,27.990860334329117,0.2700233683901715
16.89,-9.543445896501707,-6.992103730409909,27.942906950351063,0.26894438490596057
16.9,-9.279448337881949,-6.557772516062254,27.83667325085768,0.26847062719418335
16.91,-9.000510289768261,-6.150415026128325,27.6770807650297,0.2681108530684932
16.92,-8.710820271619955,-5.773969922459803,27.469577856177782,0.2674226183400209
16.93,-8.41448672152467,-5.431220450960181,27.219887136605326,0.2660455436693802
16.94,-8.115439017777078,-5.123871421027799,26.93378379528697,0.2637197449096803
16.95,-7.8173472648447735,-4.852665521039254,26.61691313884178,0.2602905142277987
16.96,-7.523562090213458,-4.6175243662222325,26.274650713414445,0.2557018733896317
16.97,-7.237074241441714,-4.417700929533425,25.91200426813198,0.24998237075285917
16.98,-6.96049262297726,-4.251932196168998,25.53355380796041,0.24322656188406347
16.990000000000002,-6.696038605328064,-4.118583514254536,25.143424109743652,0.2355751933795593
17.0,-6.445553964014712,-4.015778783106776,24.745283222106064,0.22719641560763992
17.01,-6.210519619532149,-3.94151304134915,24.342360426577745,0.21826957135469888
17.02,-5.992082392378547,-3.893746025748705,23.93747766055786,0.208972380966671
17.03,-5.7910871942933175,-3.8704768050080824,23.533089262102294,0.1994717512656943
17.04,-5.60811238738157,-3.8698006616566425,23.13132590073599,0.18991800727007765
17.05,-5.443506405205147,-3.889950055873053,22.73403956612719,0.1804420793159618
17.06,-5.297424104080481,-3.9293218354604322,22.342847405308063,0.1711550492976223
17.07,-5.169861670184329,-3.9864929385406795,21.959172978905816,0.16214943495496864
17.080000000000002,-5.060689230363243,-4.060226745488405,21.584284129162608,0.15350163619872864
17.09,-4.969680591878585,-4.149472037612398,21.219327120669767,0.1452750523439705
17.1,-4.896539765105872,-4.253356261525878,20.865357044913633,0.1375234802730615
17.11,-4.840924104239984,-4.37117451604919,20.523364694214,0.13029450429996225
17.12,-4.802464037910266,-4.502375397393361,20.19430023306811,0.12363267835382752
17.13,-4.780779459390009,-4.64654457369442,19.8790940473088,0.11758237447586542
17.14,-4.77549291053701,-4.803386720352255,19.578675152648042,0.11219022656548007
17.150000000000002,-4.786239730503698,-4.97270623702351,19.293987509082054,0.10750713524093189
17.16,-4.812675355053459,-5.1543869864758225,19.026004527442854,0.10358982041802808
17.17,-4.854479949942953,-5.348371144104429,18.775741976818747,0.10050191526160905
17.18,-4.911360546629239,-5.554637123337956,18.544269411479807,0.09831459124653509
17.19,-4.983050824336717,-5.773176445076784,18.332720135924248,0.09710669185688156
17.2,-5.069308652609907,-6.0039693479865415,18.142299617668133,0.09696433451720043
17.21,-5.169911475881626,-6.246958891209352,17.974292139375912,0.09797991919135542
17.22,-5.2846495891054905,-6.502023283495294,17.830065354399558,0.10025046030222996
17.23,-5.413317323904179,-6.768946186108303,17.711072272493837,0.10387513913861474
17.240000000000002,-5.555702140862265,-7.047384786053849,17.618850056024474,0.10895196022079533
17.25,-5.711571608715329,-7.336835527883086,17.555014853658417,0.11557339152222276
17.26,-5.880658248838242,-7.636597534812916,17.52125174314059,0.12382088034519223
17.27,-6.062642237704637,-7.945733952595505,17.51929870570605,0.13375817045848584
17.28,-6.257131995500055,-8.263031722259546,17.550923425034952,0.1454234091456404
17.29,-6.463642750902545,-8.586960639309622,17.617891612363742,0.15882013270126508
17.3,-6.681573265499388,-8.91563299291909,17.721925532214843,0.17390736240428833
17.31,-6.910181031465475,-9.246765598802275,17.864651473439146,0.19058923408243925
17.32,-7.148556427113634,-9.577646633672028,18.047535118307696,0.20870482153105963
17.330000000000002,-7.395596528844757,-9.905110322788266,18.271804154172152,0.2280190866295702
17.34,-7.649979533515532,-10.225523180607803,18.538358095372878,0.2482161732053943
17.35,-7.910141035677775,-10.53478608870879,18.847666180287735,0.26889651677031584
17.36,-8.174253715590817,-10.828356917495865,19.199655407298557,0.28957940838682744
17.37,-8.440212303092652,-11.101298532908194,19.59359227285704,0.30971265083851784
17.38,-8.705625955140976,-11.348356728150987,20.0279635282947,0.3286906919478435
17.39,-8.967820375494963,-11.564071726782855,20.50036317047029,0.34588203251959426
17.400000000000002,-9.223852057995144,-11.74292527729809,21.00739473895878,0.36066573554349546
17.41,-9.470536888784368,-11.87952291304391,21.54459954147382,0.3724755229003022
17.42,-9.704494937990527,-11.968807694050547,22.10642233065656,0.38084834555460284
17.43,-9.922212561353744,-12.006297830802827,22.686225832890862,0.38547267949874897
17.44,-10.120121897784918,-11.988336343609584,23.276364030115754,0.3862304702345067
17.45,-10.294696512939058,-11.912336851084412,23.868320973325748,0.38322602654859544
17.46,-10.442560379398055,-11.777006375968243,24.45291712137263,0.3767956273760479
17.47,-10.560605739083023,-11.582524439721034,25.020579002703883,0.3674933812784757
17.48,-10.646113855504792,-11.330658348543878,25.56166098083393,0.356051919551822
17.490000000000002,-10.696871458883958,-11.024797868555924,26.066800969415933,0.3433204142016971
17.5,-10.711275042061494,-10.669898458495847,26.527286189844666,0.33018646604689206
17.51,-10.68841526117596,-10.272330383058241,26.935401591207494,0.31749169649584585
17.52,-10.628134625446439,-9.839640383074622,27.28473320799597,0.3059525467780246
17.53,-10.531053396796615,-9.380241790074082,27.570401884922937,0.2960973136225338
17.54,-10.398561002177372,-8.90305660133153,27.7892091992632,0.28822782383818435
17.55,-10.232773014722525,-8.417137843794706,27.939686189603712,0.2824099229904699
17.56,-10.036456540118328,-7.9313018030794,28.02204532745806,0.27849208732029257
17.57,-9.812929299923727,-7.453797279446462,28.038045538454362,0.2761470531391608
17.580000000000002,-9.56593953867502,-6.992033513230122,27.990787630916998,0.27492829761504345
17.59,-9.299534908096081,-6.552380854584024,27.884462278011316,0.2743319834909733
17.6,-9.017928643640102,-6.140049933568334,27.724074352519374,0.27385558501627705
17.61,-8.725370718597748,-5.759047267590856,27.515166132199607,0.2730464148665996
17.62,-8.426030411912617,-5.41219889577196,27.263558327257478,0.27153601536174365
17.63,-8.123895087197255,-5.101229315290397,26.975122922900958,0.2690591881826619
17.64,-7.822688192429004,-4.826880847241142,26.655596403298986,0.2654587893879873
17.650000000000002,-7.52580776462511,-4.589058360798711,26.31043681239051,0.2606790151822609
17.66,-7.23628522068202,-4.386985590297184,25.94472385609129,0.25475068276717977
17.67,-6.956763030904598,-4.219361554836773,25.563098138324186,0.24777207748999908
17.68,-6.689489042076535,-4.084508319513169,25.169733695068913,0.2398884953980585
17.69,-6.436324730417672,-3.9805041001700143,24.768337121836442,0.23127288489373848
17.7,-6.198764476642002,-3.9052982144719093,24.362166559342636,0.22210917970539826
17.71,-5.977963003133946,-3.8568064518747667,23.95406435575047,0.21257916072231917
17.72,-5.774768329721512,-3.8329870102036305,23.546498121787813,0.20285306987828938
17.73,-5.589757926659133,-3.8318982399301444,23.141605938912992,0.19308375768799046
17.740000000000002,-5.423276117962449,-3.8517401086094147,22.741242524399713,0.1834038730744554
17.75,-5.27547117387519,-3.8908816290509263,22.347024106041026,0.17392547389109692
17.76,-5.14633089872682,-3.947876571433165,21.96037056202518,0.16474141384457405
17.77,-5.035715851153238,-4.021469680241634,21.582544020302358,0.15592791058534447
17.78,-4.943389617638646,-4.110595407157778,21.21468359065442,0.14754778933329946
17.79,-4.869045794108142,-4.214370901686886,20.85783623906725,0.1396540021890899
17.8,-4.812331514853095,-4.332084709261464,20.512984031366948,0.13229312809958033
17.81,-4.772867507219359,-4.463182336748841,20.18106809611734,0.12550865157132682
17.82,-4.750264749582817,-4.60724957326845,19.863009708373948,0.119343894048027
17.830000000000002,-4.744137875143056,-4.763994208568084,19.559728895514745,0.1138445284841507
17.84,-4.754115500950794,-4.933226575697369,19.272160929465198,0.10906064559220119
17.85,-4.779847675946342,-5.114839160075929,19.00127100766925,0.1050483614648355
17.86,-4.821010638668176,-5.308785362313909,18.74806734602401,0.1018709633956735
17.87,-4.877309059124097,-5.515057375658923,18.513612815605036,0.09959958655234297
17.88,-4.948475913954247,-5.733663039147995,18.29903515393341,0.09831340142952555
17.89,-5.034270112818417,-5.964601453501114,18.105535671650262,0.098099273315503
17.900000000000002,-5.134471959911387,-6.207837098621938,17.934396256567368,0.09905083283844127
17.91,-5.248876500441173,-6.463272170761164,17.786984348481415,0.10126687358385197
17.92,-5.377284770540261,-6.7307168670551745,17.664755419354012,0.10484897165987503
17.93,-5.519492943282915,-7.009857390159761,17.569252344774632,0.10989820637375641
17.94,-5.675279346397015,-7.300221532766825,17.502100895938153,0.11651085515980254
17.95,-5.8443893224550125,-7.601141839341288,17.46500042106975,0.12477294492376344
17.96,-6.0265179139044625,-7.911716540198482,17.4597086292315,0.13475357256085252
17.97,-6.221290387926601,-8.230768721382027,17.488019250350337,0.14649696710037607
17.98,-6.4282406749796115,-8.556804542291276,17.551731241624267,0.16001336274803798
17.990000000000002,-6.646787885484851,-8.887971748493758,17.652608167714163,0.1752688934382082
18.0,-6.876211196826101,-9.222020250853902,17.79232643357735,0.19217491029888914
18.01,-7.1156235722086825,-9.556267145720478,17.972411235390712,0.21057736336867403
18.02,-7.363944986648103,-9.887569211833267,18.194159463926837,0.23024716880264273
18.03,-7.619876092789272,-10.212306595468089,18.45854939586934,0.2508727803266607
18.04,-7.881873554612354,-10.526382018638438,18.766137888043378,0.2720564592124437
18.05,-8.148128597311992,-10.825240319224395,19.116946979854486,0.2933159309518192
18.06,-8.416550644270643,-11.103913329993274,19.5103433153325,0.3140931504104308
18.07,-8.684758203406151,-11.35709487374774,19.944915578496804,0.3337716796757122
18.080000000000002,-8.950079379616666,-11.579249830638197,20.41835709188964,0.35170362650177356
18.09,-9.209564471065296,-11.764759669836295,20.927362677053694,0.3672461370546723
18.1,-9.460012991144113,-11.908104428616898,21.46755055042888,0.3798060870444562
18.11,-9.698017082076706,-12.004077858924472,22.033421083895536,0.38888996928792563
18.12,-9.92002259893559,-12.048028478990698,22.61836430513388,0.3941542537587227
18.13,-10.12240811929591,-12.036114882276573,23.214726671665964,0.3954500394027396
18.14,-10.30158079083415,-11.965559381418746,23.813944646119683,0.3928550452416074
18.150000000000002,-10.454086339735195,-11.8348805824304,24.406747852525633,0.38668630963812384
18.16,-10.576728862479717,-11.644083559144944,24.983428324037252,0.37748864860316145
18.17,-10.66669440657334,-11.39478663820946,25.53416513312233,0.36599695897411577
18.18,-10.721671045282474,-11.090266886146699,26.049386434025628,0.35307446769665984
18.19,-10.739957405303276,-10.735412281602873,26.520144778781095,0.33963329598645375
18.2,-10.72055161167065,-10.33657680664114,26.938477652556724,0.32654727987078735
18.21,-10.663213480623696,-9.901344323347287,27.29772444062886,0.31456894845218597
18.22,-10.568494503996744,-9.4382167443037,27.59277393728686,0.3042623051872776
18.23,-10.437732575202073,-8.956250147878725,27.82022284400896,0.2959605173583504
18.240000000000002,-10.273011231425837,-8.464667806452244,27.978434630996357,0.2897533207888195
18.25,-10.077086075202505,-7.972480746792533,28.067498299078512,0.28550387357122403
18.26,-9.853283622357955,-7.488144278867104,28.089096406437243,0.28289009341983196
18.27,-9.605379786906271,-7.0192734380312976,28.04629976645757,0.2814621683218944
18.28,-9.337466349448366,-6.572432555727773,27.94331144712768,0.28070649212343485
18.29,-9.053813993852572,-6.1530055522828055,27.785184668181692,0.2801067729855675
18.3,-8.758739903290698,-5.765145353633811,27.577538066746758,0.2791950699177494
18.31,-8.456486654536643,-5.411794115614218,27.32628823593533,0.27758834942097993
18.32,-8.151117475237456,-5.094761313746181,27.037414357144463,0.2750091063166274
18.330000000000002,-7.846431083442949,-4.814844391644014,26.716764116235417,0.2712910928851424
18.34,-7.545897535885658,-4.571976348476364,26.369904749244014,0.26637292146581526
18.35,-7.2526149410057785,-4.365385930825751,26.002018590301063,0.26028316543549407
18.36,-6.969285648702379,-4.193758418700436,25.617839199642834,0.25312068742115806
18.37,-6.698209652425616,-4.055387817763689,25.221622091348806,0.24503348215523024
18.38,-6.441292420371573,-3.9483141438404425,24.817143135336167,0.23619857227468094
18.39,-6.200064165795032,-3.8704420967317748,24.407717647620743,0.2268046481798338
18.400000000000002,-5.9757076072986015,-3.8196395864353945,23.99623374153454,0.21703835065480598
18.41,-5.769091488338459,-3.793816226179851,23.58519443830243,0.2070744473672121
18.42,-5.580807455264019,-3.7909830547216954,23.176764118801607,0.19706968737267136
18.43,-5.4112082791514835,-3.8092954566870363,22.772815984935022,0.1871598279302412
18.44,-5.2604458051698595,-3.847081599637791,22.374978188438515,0.1774591885387154
18.45,-5.128507393483863,-3.9028587898248004,21.984677122747808,0.16806206127686635
18.46,-5.015249958184443,-3.9753400475920495,21.603177040307123,0.15904535663874209
18.47,-4.920431004947412,-4.063432986867373,21.231615657572004,0.150471957197156
18.48,-4.843736310353347,-4.166232804403795,20.87103576104942,0.14239436191070065
18.490000000000002,-4.784804077056829,-4.283010882024435,20.522413054621225,0.13485831361547373
18.5,-4.7432455432219385,-4.413200205138272,20.18668061702134,0.1279061998889544
18.51,-4.718662127399822,-4.5563785194032755,19.86475039270001,0.12158009711379532
18.52,-4.710659257506335,-4.712249893480785,19.557532139839136,0.11592438718676397
18.53,-4.718857070950525,-4.880625133172092,19.26595022218941,0.11098791646109299
18.54,-4.742898188062053,-5.061401301472233,18.990958568713033,0.10682568921096425
18.55,-4.782452757973081,-5.2545404390500146,18.733554045018494,0.10350009589185204
18.56,-4.837220959584404,-5.460047448474787,18.494788388412193,0.1010816726488516
18.57,-4.90693311412691,-5.677947001320489,18.275778756745392,0.0996493757088969
18.580000000000002,-4.991347533534513,-5.908259248872934,18.07771683097649,0.09929033510611258
18.59,-5.09024619339775,-6.150974064390331,17.901876292195862,0.10009902912272267
18.6,-5.203428283454508,-6.406023518950715,17.74961836490541,0.10217579639893053
18.61,-5.3307016551119935,-6.673252296740066,17.62239497879343,0.10562457965730984
18.62,-5.4718721572009015,-6.9523857938969,17.521748951001527,0.11054977673298623
18.63,-5.626730831129413,-7.242995724351322,17.44931043132552,0.11705206527576843
18.64,-5.795038928348142,-7.544463184940263,17.406788687672734,0.1252230723684499
18.650000000000002,-5.976510720622759,-7.855939320438331,17.395958145566176,0.1351387859020464
18.66,-6.170794101716552,-8.176303987862942,17.418637445290514,0.14685165854414628
18.67,-6.3774490329712865,-8.504123158995995,17.476660161032658,0.16038144593354445
18.68,-6.595923970610111,-8.837606228766688,17.57183576278913,0.17570495646305562
18.69,-6.825530535068422,-9.174564918175514,17.705899426602212,0.19274507678065136
18.7,-7.065416847354646,-9.512376068172252,17.88044945275984,0.21135967635375935
18.71,-7.314540167781469,-9.847951296007434,18.096871382986933,0.23133127915011178
18.72,-7.571639728764491,-10.177717189419463,18.356248468432494,0.25235870094850366
18.73,-7.8352109512516455,-10.49761038285466,18.65925898056657,0.2740521499212346
18.740000000000002,-8.1034825621614,-10.803092400115109,19.00606201561096,0.2959335181145687
18.75,-8.374398467057835,-11.089189433948567,19.396174933415914,0.3174436735450086
18.76,-8.645606545887308,-11.350562111333543,19.82834736495606,0.3379584027534473
18.77,-8.914456785154746,-11.581609593166212,20.300438728369684,0.3568141565818174
18.78,-9.178011280754436,-11.776610914526477,20.809308241809056,0.3733438457049268
18.79,-9.433068576564276,-11.929904163985068,21.350728252533766,0.38692160216663696
18.8,-9.676204478020162,-12.036100892666518,21.919332970411794,0.3970137485999478
18.81,-9.903830839752622,-12.090329140565776,22.5086149969292,0.40323140254326273
18.82,-10.112272838596494,-12.088493958146096,23.110980972871822,0.40537852513017675
18.830000000000002,-10.29786391516071,-12.02753978167662,23.717874907955544,0.4034882339612258
18.84,-10.457055961906812,-11.905695174588276,24.319973172373153,0.397840282573016
18.85,-10.586540581800504,-11.722678068464147,24.90744888558239,0.3889540870367817
18.86,-10.68337553089632,-11.479839493720394,25.47029605744155,0.3775546113674299
18.87,-10.745109028760476,-11.180226441049598,25.99869621090041,0.3645124900343905
18.88,-10.769893723314981,-10.828550104382513,26.48340350181952,0.35076426147118706
18.89,-10.756581949078145,-10.431053955928041,26.916119780207914,0.3372225361282394
18.900000000000002,-10.704794654151216,-9.995285962376354,27.289829645588252,0.32468832909883516
18.91,-10.614958001272774,-9.529789387252235,27.599067912245022,0.31377793602482296
18.92,-10.488304037036615,-9.04373545718194,27.840097937301383,0.30487444402749414
18.93,-10.3268347023856,-8.546527254446278,28.010988194506325,0.2981097028436108
18.94,-10.133251466358546,-8.047406552830351,28.11158494948226,0.2933773126430448
18.95,-9.9108556163385,-7.555093643550089,28.143389273538716,0.2903721239897244
18.96,-9.663426389172638,-7.077484946854305,28.109355360506207,0.2886479758014139
18.97,-9.395085441819129,-6.621425423545985,28.013633020370396,0.28768358177110814
18.98,-9.110156542249527,-6.192563878007011,27.861279756142796,0.28694672388563697
18.990000000000002,-8.813028860427666,-5.795290587753941,27.65796707500553,0.2859488338621778
19.0,-8.508031023022289,-5.432749451120748,27.409702264188713,0.28428494346279637
19.01,-8.199321404908732,-5.106911728072226,27.12258171992476,0.28165710042671566
19.02,-7.8907982280684354,-4.818695695550936,26.802586077770556,0.27788205122398324
19.03,-7.586031163539534,-4.568115973008061,26.45542175480239,0.2728859054408046
19.04,-7.288214469875353,-4.354447442785902,26.086408728275522,0.26668950294542537
19.05,-7.000140369382728,-4.17639101429318,25.700410797382677,0.2593883960446294
19.06,-6.724190411512832,-4.032231385332148,25.30180229312109,0.2511309484122316
19.07,-6.462341995920204,-3.9199799567313014,24.894464103915926,0.24209729171583239
19.080000000000002,-6.21618698171631,-3.8374988121403057,24.48180174000153,0.23248099589027393
19.09,-5.986959328376152,-3.7826039790601826,24.066778690417113,0.22247446806935184
19.1,-5.775568924555908,-3.753147956392286,23.651959265120798,0.21225839975983016
19.11,-5.5826390942675745,-3.747082733450248,23.239556236393998,0.20199507458499708
19.12,-5.408545666027379,-3.762505296592527,22.831479730809633,0.19182502939471252
19.13,-5.253455903321321,-3.7976880106556377,22.42938486545063,0.1818664031478949
19.14,-5.117365990837676,-3.851096367635094,22.034716509093464,0.1722162723700412
19.150000000000002,-5.000136129104284,-3.921396501881601,21.64875025779517,0.16295331932374194
19.16,-4.901522598831002,-4.007454652742845,21.27262924761996,0.15414127411760656
19.17,-4.821206411084403,-4.108330469102794,20.907396803376365,0.14583268713596154
19.18,-4.758818361170731,-4.223265737066677,20.554025166793377,0.13807270376600225
19.19,-4.7139604567334095,-4.351669800139439,20.213440687825827,0.13090261704210676
19.2,-4.686223799797161,-4.493102648071903,19.886545924204842,0.12436305893760485
19.21,-4.67520307473993,-4.647256385673108,19.574239098697657,0.11849675525925488
19.22,-4.680507835892817,-4.813935560443314,19.277431328145166,0.11335081287482995
19.23,-4.701770805701826,-4.993036628527876,18.99706197612422,0.10897853338706046
19.240000000000002,-4.738653392559947,-5.1845266709235,18.734112400975153,0.10544075718085802
19.25,-4.79084862127213,-5.388421333943749,18.489618278538114,0.10280673903987905
19.26,-4.85808164272593,-5.604761857514268,18.26468057720004,0.10115454416460457
19.27,-4.940107956215432,-5.833590970350161,18.060475152748495,0.1005709341115619
19.28,-5.0367094410771935,-6.0749273719339705,17.87826081172099,0.10115068840894242
19.29,-5.147688256637669,-6.3287384883108055,17.71938556338846,0.102995281852136
19.3,-5.272858633628212,-6.594911184553438,17.585290641089628,0.1062108124139789
19.31,-5.412036548954315,-6.873220145697424,17.477511722771684,0.11090505348756147
19.32,-5.565027252017867,-7.163293706367826,17.397676619027195,0.11718349079577911
19.330000000000002,-5.7316105981083325,-7.464577025558272,17.347498527550336,0.1251442038371251
19.34,-5.911524146680314,-7.776292677176963,17.328763781872425,0.13487147058335786
19.35,-6.104444004246483,-8.097398970332502,17.343312859979058,0.1464280200115715
19.36,-6.3099634384136225,-8.426546637324511,17.393013281183908,0.1598459386484898
19.37,-6.527569367078129,-8.762034941766535,17.479722930716107,0.17511636349498685
19.38,-6.756616940983689,-9.101768769834687,17.605242342318924,0.19217827193564455
19.39,-6.996302594353265,-9.443218872076322,17.771254579904536,0.2109069130443672
19.400000000000002,-7.245636141449032,-9.783388106669927,17.979251638200715,0.2311027100980003
19.41,-7.503412748332133,-10.118787264279852,18.230446783212766,0.2524817851219797
19.42,-7.768185905977118,-10.445424771933288,18.525673030467278,0.27466957999022523
19.43,-8.038242863782,-10.758815190765015,18.865269058253496,0.2971993209066834
19.44,-8.31158433287317,-11.054011818736422,19.24895529883632,0.3195172172008189
19.45,-8.58591060654427,-11.325668731385802,19.675704728634948,0.34099620546941467
19.46,-8.858616527866827,-11.568137065672243,20.14361491566345,0.36095964343208997
19.47,-9.126797906190749,-11.775599096233297,20.649790027568105,0.3787155374305993
19.48,-9.38727197871617,-11.942241523281243,21.190243512065607,0.39360061548377223
19.490000000000002,-9.63661426004543,-12.062466317522716,21.75983369546009,0.4050318855260463
19.5,-9.871213557114789,-12.131133511705048,22.352245193437255,0.41256142248567684
19.51,-10.087346005160972,-12.143825735151918,22.960028358442244,0.4159283261509026
19.52,-10.281267696137368,-12.097119516716234,23.5747066267017,0.41510052079339227
19.53,-10.449323872715075,-11.988844101701643,24.18695737018972,0.41029880615598746
19.54,-10.58807086397531,-11.818305553854248,24.786865780831945,0.4019967104097223
19.55,-10.694405127027007,-11.586453076002343,25.36424386160141,0.390892389485507
19.56,-10.765692171167869,-11.295966448227487,25.90899861071719,0.37785283855931345
19.57,-10.799887041311372,-10.951248548873219,26.411526119978216,0.3638353825033547
19.580000000000002,-10.795637667203586,-10.558314856472812,26.86310286417296,0.34979581207028204
19.59,-10.752362912054613,-10.124581795810972,27.25624310500991,0.3365955509568451
19.6,-10.670298624507874,-9.65856643532652,27.584992818977884,0.3249210151105182
19.61,-10.550507307865074,-9.16951972559762,27.845135979426928,0.3152265155861548
19.62,-10.394849920136368,-8.66702260317635,28.034297729400233,0.3077079849147017
19.63,-10.205921447915214,-8.160577696614816,28.15193967388559,0.30230940218002406
19.64,-9.986954850482574,-7.659228572189577,28.19925351735462,0.2987583121895028
19.650000000000002,-9.741700372076084,-7.171233740539082,28.178968881813073,0.29662248975112354
19.66,-9.474288792640719,-6.703814994463945,28.095098019953408,0.29537741197943196
19.67,-9.18908779637304,-6.262990472875749,27.95264354996353,0.29447401542502505
19.68,-8.89056030288662,-5.853493649277027,27.757295234486786,0.2933979178569614
19.69,-8.583132480415285,-5.478771508608179,27.515138758477214,0.2917141866779871
19.7,-8.271077484628384,-5.141049356886174,27.2323943725762,0.28909502420187777
19.71,-7.958419014774846,-4.841446351601925,26.915197238908867,0.28533070820905604
19.72,-7.648856809582193,-4.5801248394333465,26.569425330990093,0.2803263160452122
19.73,-7.345714425418238,-4.356457509272478,26.200575539561484,0.27408799742168366
19.740000000000002,-7.051908185502301,-4.169198616978726,25.813684654835214,0.26670290709678124
19.75,-6.769935126633582,-4.016648499364091,25.41328927379581,0.25831657339647596
19.76,-6.501877103017426,-3.8968037394248225,25.003417333163647,0.24911072646846977
19.77,-6.249417895079414,-3.8074882826355503,24.587603667001595,0.23928368894511398
19.78,-6.0138701484516774,-3.7464632955744173,24.168922444612026,0.22903453131787266
19.79,-5.7962091585090745,-3.711515496198289,23.750030272825732,0.21855143396667048
19.8,-5.5971108450088884,-3.700525062653816,23.33321490149859,0.20800413191203687
19.81,-5.4169916653715395,-3.7115151017923815,22.920445665599637,0.19753995267483135
19.82,-5.256048643120115,-3.742685119693917,22.513422906702054,0.18728276731159807
19.830000000000002,-5.11429810318188,-3.7924310840032818,22.113624569892433,0.17733412031138718
19.84,-4.9916120841291916,-3.8593545953221557,21.722348939887812,0.1677758432010541
19.85,-4.88775172553356,-3.9422634717247433,21.340753062351673,0.158673551238726
19.86,-4.802397200980746,-4.040165759014958,20.96988681058556,0.15008054200306917
19.87,-4.735173984132295,-4.152258855230899,20.610722830274078,0.14204173709388673
19.88,-4.685675400304809,-4.277915112223716,20.264182754573884,0.13459741948299223
19.89,-4.653481535171373,-4.416664969386601,19.93116015581953,0.12778661160728044
19.900000000000002,-4.638174652031414,-4.568178395629721,19.612540712000698,0.1216500100902316
19.91,-4.639351316394192,-4.7322451702955135,19.30922003484925,0.11623244216140009
19.92,-4.656631447737388,-4.908754322791853,19.022119546072915,0.11158483841658115
19.93,-4.689664518956363,-5.097672872940828,18.75220070892453,0.10776572942384091
19.94,-4.738133109201913,-5.299023867023405,18.50047783021884,0.10484227299007988
19.95,-4.801753989791117,-5.512863585731985,18.268029546524005,0.1028908077049088
19.96,-4.880276889317883,-5.739257707717953,18.056008998801715,0.10199690945375137
19.97,-4.973481046143552,-5.978256145118014,17.86565258197502,0.1022549034695936
19.98,-5.081169616935249,-6.229866225691822,17.698287028606547,0.10376675759100792
19.990000000000002,-5.20316197150281,-6.494023881981836,17.555334447634603,0.10664025525237457
20.0,-5.339283869550717,-6.770562525075964,17.43831478886055,0.11098632230712124
20.01,-5.4893554870061685,-7.059179335026336,17.348845041595503,0.11691536378104392
20.02,-5.6531772415939,-7.359398799771804,17.288634303446248,0.12453245985026155
20.03,-5.8305133631364185,-7.670533489526196,17.259473677439505,0.13393128085736317
20.04,-6.021073168165925,-7.991642275587679,17.263219781427818,0.14518661659329737
20.05,-6.224490036056465,-8.321486503650355,17.301770497304748,0.1583454842367338
20.06,-6.440298150883021,-8.658485023407113,17.37703147016589,0.17341689175680217
20.07,-6.6679071758514095,-9.0006694668223,17.490871818559402,0.19036049806793956
20.080000000000002,-6.906575171590781,-9.345641758679557,17.645067574826008,0.20907463366502743
20.09,-7.155380261114109,-9.690536525512888,17.841231586709473,0.2293844254675575
20.1,-7.4131917859303185,-10.031991816626148,18.080729032728915,0.25103109602559365
20.11,-7.678641988873054,-10.366132314123726,18.364578392161075,0.273663852997099
20.12,-7.950099592909266,-10.68856990856935,18.69333871921263,0.29683610182244324
20.13,-8.225647006194315,-10.994427039504162,19.0669854368113,0.3200079306163871
20.14,-8.50306324556849,-11.278388396846651,19.48477859196962,0.3425568365452186
20.150000000000002,-8.77981499403135,-11.534786272496953,19.945129551838537,0.3637983787350047
20.16,-9.053058439052101,-11.757723851372955,20.445474341996132,0.3830177514756574
20.17,-9.319654612019782,-11.941238865443088,20.982164017244628,0.3995121082785513
20.18,-9.576200791322368,-12.079507192728098,21.550384290182706,0.4126418461785542
20.19,-9.819080070763373,-12.167082172316354,22.144117715381313,0.4218871153580653
20.2,-10.044530375035448,-12.199160807183997,22.756161580978578,0.4269038349584377
20.21,-10.2487330014496,-12.171863038906901,23.378212866616067,0.4275718965710622
20.22,-10.42791921023936,-12.08250553185035,24.001027892701273,0.4240275286588102
20.23,-10.578491569542122,-11.929847714825458,24.614658572789438,0.4166724465668684
20.240000000000002,-10.697154853950616,-11.714286085201007,25.208759813920594,0.4061546926805007
20.25,-10.781049530934759,-11.43797377085459,25.772954332188135,0.3933198897694621
20.26,-10.827879520105784,-11.104846539563015,26.297233084584153,0.37913644905901817
20.27,-10.836025244178936,-10.720543800670987,26.772363009892967,0.36460314845545333
20.28,-10.804633216051803,-10.292222991027455,27.190270133947234,0.35065127653052286
20.29,-10.733674618838311,-9.828276810351026,27.54436629589623,0.33805519363702624
20.3,-10.623967479104666,-9.337973403982456,27.829792136434953,0.32736412168048096
20.31,-10.477159892580064,-8.83104804990613,28.043557122410615,0.3188643528769999
20.32,-10.29567498896027,-8.317279778983057,28.184568088703955,0.3125756724059042
20.330000000000002,-10.082621498744945,-7.806086879661021,28.253549372037593,0.30827988996697037
20.34,-9.841676497473706,-7.306171468684371,28.252868267625704,0.305574317156335
20.35,-9.576948822057023,-6.825236085950475,28.186287695326385,0.30393983943458
20.36,-9.292832591027226,-6.369785982517669,28.058672630725088,0.30281236431669695
20.37,-8.993860189237834,-5.94502100935863,27.87567777519464,0.30164770904619653
20.38,-8.684563121269838,-5.55481223023398,27.643441524671488,0.29997277709563
20.39,-8.369347528127136,-5.201751618847558,27.368306453947316,0.2974193084189196
20.400000000000002,-8.052389182449867,-4.887258974587717,27.056580386386972,0.29373977094000636
20.41,-7.7375507090988656,-4.6117285104888275,26.714345755718067,0.2888075220682029
20.42,-7.42832185531801,-4.374698052139592,26.34731924952803,0.2826049436129908
20.43,-7.127782022093012,-4.175025838228997,25.96075919875182,0.2752038483834265
20.44,-6.838583053585779,-4.011062876537144,25.55941506859629,0.2667422636123302
20.45,-6.562949484113597,-3.8808120942844826,25.147511677167397,0.2574009895602561
20.46,-6.302693029917768,-3.782068677265533,24.72876020797482,0.24738238435587107
20.47,-6.059238021587875,-3.7125387265683396,24.306388396273835,0.23689285781834662
20.48,-5.833654623833496,-3.669935530645583,23.88318314920346,0.22612971276140115
20.490000000000002,-5.626697003295321,-3.652054324855877,23.461540033732053,0.21527232524602435
20.5,-5.438844011993239,-3.6568274380796186,23.04351532221966,0.20447722204311203
20.51,-5.2703403970627765,-3.6823622963742353,22.63087747635432,0.19387637377348116
20.52,-5.121236984714323,-3.726964971440068,22.225155989327874,0.183577936274501
20.53,-4.991428689830317,-3.7891519280939736,21.82768635387858,0.17366869562452292
20.54,-4.880689555952638,-3.8676524275116906,21.439650574503553,0.16421756202836557
20.55,-4.788704326299692,-3.961403751367198,21.0621131111881,0.15527958017811777
20.56,-4.7150962840268225,-4.069541077785222,20.696052455963635,0.14690005359045538
20.57,-4.659451282540899,-4.191383498863072,20.34238873284411,0.13911850122745512
20.580000000000002,-4.621338020057937,-4.326417344087353,20.002007805629063,0.13197226702116838
20.59,-4.6003247036218236,-4.474277677171212,19.67578240251911,0.12549968269300663
20.6,-4.595992303572206,-4.634728571664581,19.364590742492474,0.11974274108657655
20.61,-4.607944626709721,-4.807642544604233,19.0693330919582,0.11474927292827189
20.62,-4.635815441260069,-4.992979336239252,18.79094660271639,0.11057463742651737
20.63,-4.679272874516694,-5.190764064932549,18.53041869111872,0.10728293972214684
20.64,-4.738021279302944,-5.401064656808075,18.288799117713445,0.10494777913140924
20.650000000000002,-4.811800732001072,-5.623968347071153,18.067210818287293,0.10365251430810385
20.66,-4.900384286142535,-5.859556972556588,17.866859421024465,0.10349000750014176
20.67,-5.003573064329151,-6.107880722627459,17.689041259309487,0.10456178238909823
20.68,-5.1211892302143855,-6.368929989336706,17.535149553811955,0.1069765009893448
20.69,-5.253066844032946,-6.642604960925816,17.40667828931743,0.11084763745813286
20.7,-5.399040572489657,-6.92868264050264,17.30522315049761,0.11629020378391115
20.71,-5.558932199811212,-7.226781051551758,17.23247870719603,0.12341636853120595
20.72,-5.732534875051664,-7.536320523409903,17.19023085710591,0.13232981080587214
20.73,-5.919595035616623,-7.856482144533823,17.18034334885372,0.14311867458699182
20.740000000000002,-6.119791973483784,-8.186163742126045,17.204737033395606,0.15584704230992172
20.75,-6.332715064556058,-8.523934106360512,17.2653603446985,0.17054494097393852
20.76,-6.55783876939628,-8.867986637032006,17.364149418324143,0.18719703910548466
20.77,-6.794495641890881,-9.21609415596619,17.502976254410207,0.20573039689313788
20.78,-7.041847757343141,-9.565567296836806,17.68358346507794,0.22600189823411615
20.79,-7.298857197728228,-9.913219637357468,17.907504469896807,0.2477863168394157
20.8,-7.564256510871519,-10.255343538143826,18.175968577081694,0.27076632922677235
20.81,-7.83652038849044,-10.587701430641077,18.489791272714296,0.29452614573359254
20.82,-8.113840174044135,-10.90553795172308,18.849251284908405,0.31855072233410053
20.830000000000002,-8.39410319342675,-11.203618715527867,19.253957617925497,0.3422326508560107
20.84,-8.674879265034367,-11.476301469293197,19.702711740240627,0.3648886923411952
20.85,-8.953417041378875,-11.717644701725922,20.19337236890979,0.3857874017241104
20.86,-9.226652998665342,-11.921557263855181,20.722732637663984,0.4041882984614626
20.87,-9.491235849089033,-12.081990069203483,21.28642157965774,0.41939153701280285
20.88,-9.7435688251228,-12.193167404101809,21.878843405767206,0.4307951023778405
20.89,-9.979871606832253,-12.249850899336023,22.493168548774833,0.4379544273272042
20.900000000000002,-10.196262589333461,-12.24762410423511,23.12138939403653,0.44063738879256514
20.91,-10.388860720610248,-12.183180421826394,23.754450637528173,0.43886640478435723
20.92,-10.553904346971395,-12.05459269382121,24.38245912522696,0.43293935787055526
20.93,-10.687882527519315,-11.861539892819676,24.994970996319328,0.42342272008252596
20.94,-10.787672338271035,-11.605466092653575,25.581345568013532,0.41111363562761705
20.95,-10.850674055083202,-11.289649816828533,26.131146687859474,0.39697246698912214
20.96,-10.874935073383494,-10.919168218177157,26.634564591059704,0.38203258620147085
20.97,-10.859253245569716,-10.500749898805077,27.08282607801094,0.3672988247723934
20.98,-10.803251150537392,-10.042521448177077,27.468559288251114,0.35364878327883503
20.990000000000002,-10.707414664637472,-9.553664335273881,27.786082157832947,0.34175129360373985
21.0,-10.573091920403089,-9.044008784364605,28.03159069359638,0.3320135311877408
21.01,-10.402452003390698,-8.523598012714007,28.203233534582715,0.32456317162969184
21.02,-10.19840612795153,-8.002258597271288,28.301071288713644,0.31926577782290355
21.03,-9.964497101723314,-7.4892104763423735,28.326930907215072,0.31577174950657366
21.04,-9.704765246002298,-6.992743765360208,28.28417508067093,0.3135829401169435
21.05,-9.42360032346089,-6.5199804565652295,28.17741300027446,0.3121271832913621
21.06,-9.125589342149057,-6.076728829987005,28.012181250346682,0.31082953289825377
21.07,-8.815369429481727,-5.667428658211425,27.794622271120765,0.3091714781162438
21.080000000000002,-8.497493509715284,-5.295177327753694,27.53118355066283,0.3067328843630279
21.09,-8.17631455892852,-4.961821581627912,27.228354610601816,0.303215026225177
21.1,-7.855892055629919,-4.668096903552236,26.89245213559107,0.298446108338451
21.11,-7.53992216148902,-4.41379633963007,26.529457276247037,0.29237271499197803
21.12,-7.2316913564241165,-4.197952215091519,26.144903930462416,0.2850416029670005
21.13,-6.934051835739385,-4.01901706091633,25.74381303020288,0.27657630336158023
21.14,-6.64941599790629,-3.8750334585779225,25.33066557653835,0.26715240099556137
21.150000000000002,-6.3797667923498205,-3.7637859084067498,24.90940620290249,0.2569744143285666
21.16,-6.126680498627898,-3.682930863119534,24.48346911294411,0.24625616184439492
21.17,-5.891358592013141,-3.6301035421682895,24.055819006314845,0.2352055540660704
21.18,-5.6746656313278985,-3.603001988929406,23.629000768840747,0.22401399529486268
21.19,-5.477170505255778,-3.599450080474649,23.205193016085342,0.21285005061777823
21.2,-5.299188828707537,-3.6174419335191033,22.786261864336304,0.20185672019907924
21.21,-5.140824742182617,-3.6551704786300117,22.37381244998552,0.19115152681191994
21.22,-5.002010800655637,-3.711043007717719,21.969236671456837,0.18082861657605195
21.23,-4.88254502370292,-3.7836863349652625,21.573756371953067,0.17096215062103526
21.240000000000002,-4.782124505149656,-3.87194392818472,21.1884617273624,0.16161038771250313
21.25,-4.700375245836764,-3.9748670261161076,20.814344977376127,0.1528199951070348
21.26,-4.6368780796284,-4.091701399588793,20.452329870923947,0.14463025687611553
21.27,-4.591190715997545,-4.221871068170925,20.10329732133834,0.13707696364265803
21.28,-4.562866029441499,-4.364959965031782,19.768107810909946,0.13019585936112374
21.29,-4.551466794042701,-4.520692259186587,19.447621072516558,0.12402558808911218
21.3,-4.556577097918684,-4.688911798578214,19.142713526287313,0.11861012804109293
21.31,-4.577810683688251,-4.869560928722462,18.854293875213937,0.1140007244566862
21.32,-4.614816453204567,-5.062658767278749,18.583317174216806,0.11025734040186287
21.330000000000002,-4.667281352616486,-5.268278871649344,18.33079758774177,0.10744963899712609
21.34,-4.73493082148667,-5.486526121478935,18.097819943983687,0.10565749487803566
21.35,-4.817526950731059,-5.717512548402919,17.88555007968608,0.104971009698509
21.36,-4.914864451561336,-5.961331780450137,17.69524384711365,0.1054899786277591
21.37,-5.026764494099872,-6.2180317285516,17.528254522395883,0.10732272438212781
21.38,-5.15306643245435,-6.4875851298735085,17.386038209959608,0.11058418483846363
21.39,-5.293617395412869,-6.769857581483037,17.270156679609116,0.1153931126515185
21.400000000000002,-5.448259691443826,-7.064572754730413,17.182276900542846,0.12186822436678948
21.41,-5.616815956714218,-7.371274584595666,17.124166351823607,0.13012312734808684
21.42,-5.799071969370028,-7.689286390252585,17.097682996263355,0.14025986205024535
21.43,-5.994757067122128,-8.01766711623299,17.104758613467293,0.15236093310272203
21.44,-6.203522143857616,-8.355165201771445,17.147374012937178,0.16647977524050914
21.45,-6.424915270935347,-8.700171002490604,17.22752451222373,0.18262972015085074
21.46,-6.658355096943258,-9.050669213726984,17.347173999785394,0.20077170811473832
21.47,-6.903102332925555,-9.404193381835855,17.508195949290595,0.22080123124604686
21.48,-7.158229834490428,-9.757785330208169,17.712299963747014,0.24253530376985444
21.490000000000002,-7.42259205162581,-10.107963143674459,17.960942864869025,0.2657006179338055
21.5,-7.694794931228747,-10.45070219604687,18.25522407053699,0.2899244327818691
21.51,-7.9731677195349455,-10.781434485364285,18.595766081958942,0.31473010432003284
21.52,-8.255738505737995,-11.095072135874704,18.982582375736836,0.3395394190236346
21.53,-8.540215745799694,-11.38606117075495,19.41493687203711,0.3636839309786005
21.54,-8.823978363813099,-11.648471357233745,19.891201376973545,0.38642720221494287
21.55,-9.104077288645989,-11.876126862944242,20.408719839640096,0.4069990874331367
21.56,-9.377251373154218,-12.062780443795953,20.963690681190215,0.4246419116009095
21.57,-9.639960480381214,-12.202330782023953,21.55108048952101,0.43866657456594116
21.580000000000002,-9.888438025657218,-12.28907841155575,22.164583571648947,0.4485144323514713
21.59,-10.118764372138669,-12.318010606152413,22.796641704770348,0.45381857304355766
21.6,-10.326961163570113,-12.28510011144269,23.438536444724505,0.45445631275981563
21.61,-10.509104973231914,-12.187597383065695,24.080562207535827,0.4505839644774596
21.62,-10.661456658755684,-12.024291967967434,24.712281997771655,0.4426457136901225
21.63,-10.780600727840119,-11.795716833568477,25.32285949277635,0.431351068501838
21.64,-10.863587101938775,-11.504270685968699,25.901452054666105,0.41761971633530826
21.650000000000002,-10.908066218328031,-11.154238131444641,26.437640407932967,0.4024980732253839
21.66,-10.912407732422546,-10.751695842146106,26.921863708551978,0.38705725127245866
21.67,-10.875793398316684,-10.304303890729555,27.3458250018556,0.3722862755307871
21.68,-10.798276112043558,-9.820993655441397,27.70283266761238,0.35899600000621523
21.69,-10.680799522881284,-9.311575272737793,27.98804870087932,0.3477477096104943
21.7,-10.525175798782339,-8.786296595937626,28.19862400718262,0.3388160617233584
21.71,-10.334022674723359,-8.25539047719365,28.33371290518238,0.3321898141615417
21.72,-10.110664346898755,-7.728647166008372,28.394371794587364,0.3276071942926458
21.73,-9.859003648080035,-7.215043888748165,28.383358422676448,0.3246173059161848
21.740000000000002,-9.583374900373753,-6.722455281976636,28.304856679904077,0.32265574738213887
21.75,-9.288387704428093,-6.257457915546246,28.16415637363107,0.32112203739245737
21.76,-8.97877168562198,-5.825231450301223,27.967317795987956,0.3194482181701535
21.77,-8.659231037618326,-5.429549602857479,27.720847692157,0.3171513303342511
21.78,-8.33431585367246,-5.072847114177724,27.431407530403074,0.31386634181148626
21.79,-8.00831503567534,-4.756344811528033,27.10556805281276,0.30935968302610545
21.8,-7.685173326099569,-4.480213527718533,26.749617135045956,0.30352620664024377
21.81,-7.368432966360557,-4.243758605139825,26.369421909067544,0.2963739171178439
21.82,-7.061198812094813,-4.045609263358253,25.970341440735037,0.28800126564744283
21.830000000000002,-6.7661245117701165,-3.8839005164017935,25.557183185484103,0.2785714292551551
21.84,-6.485416586914894,-3.7564389569183962,25.134194874599075,0.2682871099847946
21.85,-6.220852894034017,-3.660847113637141,24.705083143032663,0.2573683022724742
21.86,-5.973811922826414,-3.5946839519988494,24.27305075474672,0.2460344146841359
21.87,-5.745309603794655,-3.555541301025403,23.840845372696833,0.23449123942606348
21.88,-5.536040674637257,-3.5411175475689958,23.410814167562194,0.22292260368565825
21.89,-5.346422114569487,-3.549270913017477,22.984959943497046,0.21148611600220102
21.900000000000002,-5.176636640487322,-3.5780551262034797,22.564995735787278,0.20031220716164844
21.91,-5.026674726801932,-3.6257404481746063,22.15239592382332,0.18950561033827956
21.92,-4.896374034920466,-3.6908228997442087,21.748442772088865,0.17914847835172013
21.93,-4.785455504052608,-3.7720242837192584,21.354267964507624,0.1693044516343496
21.94,-4.6935556567855485,-3.868285251911366,20.970889156193845,0.16002313309604752
21.95,-4.620254911541886,-3.9787532940007244,20.599241863683062,0.15134457023965647
21.96,-4.565101874432984,-4.102767155468169,20.240207184565747,0.14330347471899568
21.97,-4.527633712099464,-4.239838846109666,19.894635912267805,0.13593301664512053
21.98,-4.507392792674888,-4.38963409018755,19.56336961895061,0.1292681123739735
21.990000000000002,-4.503939831766159,-4.551951798351803,19.247259240944732,0.12334818083987326
22.0,-4.516863801508369,-4.726702910068435,18.94718163301184,0.11821937735457613
22.01,-4.545788859699989,-4.9138887609667545,18.66405447126914,0.11393632870380098
22.02,-4.590378538231641,-5.113578968727445,18.398849786830915,0.11056339304539606
22.03,-4.650337400093868,-5.325888700222403,18.15260630680236,0.10817545599183254
22.04,-4.725410336027982,-5.550955078484549,17.926440667353994,0.10685825335429022
22.05,-4.815379628597492,-5.788912408676191,17.721557444563498,0.10670818391653727
22.06,-4.920059865897288,-6.039865846904659,17.539257820741874,0.10783154459098998
22.07,-5.039290741831022,-6.303863105605856,17.38094656472239,0.11034308764902076
22.080000000000002,-5.172927737378782,-6.580863787393243,17.24813685180351,0.11436376796619738
22.09,-5.3208306402173315,-6.8707059711159095,17.14245228113939,0.12001752060614665
22.1,-5.48284983148665,-7.173069747176567,17.065625265306945,0.12742688988982512
22.11,-5.658810252034277,-7.487437524200042,17.01949077095917,0.13670732613925704
22.12,-5.848492960475886,-7.813051118494659,17.005974186978023,0.14795998310327027
22.13,-6.051614217122797,-8.148865905756374,17.027071898552744,0.16126289710111308
22.14,-6.2678020773911145,-8.493502676122905,17.084822970085423,0.17666051918413522
22.150000000000002,-6.496570562668414,-8.845198302707315,17.181270213238044,0.19415171582523255
22.16,-6.737291603183387,-9.201756919546124,17.318408875365,0.21367656236265725
22.17,-6.9891651234253045,-9.560504008250573,17.498121275695812,0.2351025330077286
22.18,-7.251187872053615,-9.918246599819641,17.72209600041821,0.2582110393347372
22.19,-7.522121888120381,-10.271243673610384,17.99173081003336,0.28268566888474433
22.2,-7.800463841852567,-10.615191714141549,18.308019282224986,0.30810388863416893
22.21,-8.084416881481564,-10.945231165574205,18.671422472225814,0.3339343390136199
22.22,-8.37186703705858,-11.255980058161157,19.08172855755484,0.35954205688364227
22.23,-8.660366643325958,-11.541601183523277,19.537905536721237,0.3842039075395438
22.240000000000002,-8.94712759580948,-11.795908647541724,20.037954492192302,0.40713604131145364
22.25,-9.229027480040633,-12.012518205012436,20.57877352878582,0.42753420130015335
22.26,-9.502631632066258,-12.185043287499862,21.156044963883968,0.4446261378560196
22.27,-9.764233911500146,-12.30733497685139,21.764160258166115,0.4577332902277531
22.28,-10.009918315004024,-12.373759417050357,22.396198020838025,0.466336499322145
22.29,-10.235642471652296,-12.379500593909395,23.043969654294497,0.4701382298321411
22.3,-10.437342532408486,-12.32087061925941,23.698144345681325,0.46911217710665487
22.31,-10.611057053086041,-12.195604477013834,24.3484599067166,0.46353084299365693
22.32,-10.753065317493922,-12.003112652692828,24.98401851123408,0.4539631955787161
22.330000000000002,-10.860033385592855,-11.744664222356079,25.59365726251829,0.4412380584588943
22.34,-10.929159279890728,-11.423475643257225,26.166373824807593,0.4263740740745201
22.35,-10.958307469484097,-11.044686999412978,26.691778561872,0.41048305741829544
22.36,-10.946122470453288,-10.615217443764221,27.160538379995238,0.39465898249023523
22.37,-10.892112148618201,-10.143503907555205,27.564775208146237,0.379868317206592
22.38,-10.796693221168757,-9.639140037781258,27.898384614528016,0.366857888619633
22.39,-10.661194351558832,-9.112443682947498,28.157247434256192,0.356093602720262
22.400000000000002,-10.487815780465523,-8.573989130251064,28.339318489041272,0.3477377469334863
22.41,-10.279548170771852,-8.03414336539477,28.444589748561523,0.34166560915815986
22.42,-10.040056762639919,-7.502643468866506,28.474938444877324,0.3375154365746103
22.43,-9.77353958995585,-6.988245474285838,28.433881629543446,0.3347608319353586
22.44,-9.484570096977087,-6.4984650109825495,28.32626592981814,0.3327924394652044
22.45,-9.177934897709008,-6.039418693314555,28.157924118056563,0.33099631231597515
22.46,-8.858476715475316,-5.615764360588415,27.935328737039875,0.3288190893975985
22.47,-8.530950955000002,-5.23072938916472,27.665268310396936,0.32581404831386607
22.48,-8.199902213141023,-4.886210262047769,27.354564899121957,0.321666195180397
22.490000000000002,-7.869564667052739,-4.582923614280693,27.009844297361226,0.3161979774247523
22.5,-7.543787991543165,-4.320588762136973,26.637363144554453,0.3093595026730879
22.51,-7.225988475658756,-4.098123616885355,26.24289145716266,0.3012082209151147
22.52,-6.919123465493433,-3.9138390948886705,25.83164494211087,0.2918830550550909
22.53,-6.625686202730058,-3.7656209202806097,25.40825898829533,0.2815772658795442
22.54,-6.347717534599592,-3.6510914783763493,24.976795238552043,0.2705132565487587
22.55,-6.086830773456543,-3.56774771405532,24.54077178562568,0.25892135135461153
22.56,-5.844246092961229,-3.513073763534378,24.10320893871508,0.24702352676250947
22.57,-5.620831168565298,-3.484628995927048,23.666683830104066,0.23502224019624418
22.580000000000002,-5.417145216567171,-3.4801134634622826,23.2333886004914,0.22309392827004923
22.59,-5.2334840876805595,-3.4974135169256195,22.805188323422165,0.21138641425793217
22.6,-5.069924574801717,-3.5346306604527,22.38367608546292,0.20001932943451312
22.61,-4.926366564452918,-3.5900967210615544,21.970223672472397,0.18908665970297217
22.62,-4.802572075755743,-3.6623782018308426,21.566027110818176,0.17866062518068704
22.63,-4.698200579643004,-3.750272360482154,21.172146891307406,0.16879624252066577
22.64,-4.612840272406461,-3.8527971720456637,20.78954309381408,0.15953607524334718
22.650000000000002,-4.5460351950052305,-3.96917694000754,20.419105868683644,0.1509148246020789
22.66,-4.497308249345609,-4.098824943276347,20.06168185302773,0.1429635399794289
22.67,-4.466180272962655,-4.241324162552976,19.71809713792197,0.13571332787786597
22.68,-4.452185402486904,-4.3964068266110905,19.389177382474724,0.12919851132170618
22.69,-4.454882991878204,-4.563933258214945,19.075765612833024,0.12345923890884243
22.7,-4.473866360783669,-4.743870279091309,18.77873816283592,0.11854356829824106
22.71,-4.5087686377100775,-4.936269249937754,18.4990191177123,0.11450905654163708
22.72,-4.559265937208163,-5.141243670720057,18.237593518458347,0.11142388319262633
22.73,-4.625078074276418,-5.358946144568311,17.995519474731697,0.10936751494293026
22.740000000000002,-4.705966976285813,-5.5895444123386016,17.77393921839253,0.10843089550664692
22.75,-4.8017329059084455,-5.8331960925388024,17.57408900675669,0.10871611401336691
22.76,-4.912208560421958,-6.090021712598067,17.397307651803274,0.11033547144864515
22.77,-5.03725106579608,-6.360075594064133,17.245043306237534,0.11340982991305398
22.78,-5.176731840616466,-6.643314160089441,17.11885797693121,0.1180660962912755
22.79,-5.330524267879633,-6.939561274783754,17.020429059259122,0.12443366379469589
22.8,-5.498489085179045,-7.24847030953036,16.951546992402037,0.13263961650071787
22.81,-5.680457389643261,-7.569482772679516,16.914107928789242,0.14280249988211938
22.82,-5.876211157876763,-7.901783550051103,16.910100097636533,0.15502448281475192
22.830000000000002,-6.085461208756353,-8.244253100065078,16.941582335840135,0.16938179413670795
22.84,-6.3078225949020625,-8.595417345202408,17.010653079689703,0.1859134216300425
22.85,-6.5427875044617725,-8.953396515246508,17.11940798776175,0.20460822596725559
22.86,-6.789695896448332,-9.315854836516078,17.269884339833204,0.22539085772210224
22.87,-7.047704287842854,-9.679953724064639,17.463990481604544,0.24810717777585586
22.88,-7.315753365054204,-10.042312002851963,17.70341892473577,0.2725102657396024
22.89,-7.592535408737634,-10.398977616702727,17.98954233868291,0.29824853568720433
22.900000000000002,-7.876462896214275,-10.745416204454816,18.32329265873608,0.32485791745376663
22.91,-8.165640067704027,-11.076522713513574,18.70502494607016,0.35176042812748154
22.92,-8.457839686933935,-11.386662718222308,19.134369503617915,0.37827164214531916
22.93,-8.750487653593591,-11.669750106089309,19.61007805531747,0.40361943228347363
22.94,-9.040658477122825,-11.919367050641153,20.129872432372444,0.4269757518968121
22.95,-9.325084823427545,-12.128930466583839,20.69030696464279,0.4475020416601967
22.96,-9.60018430959624,-12.291906250480407,21.286658304528068,0.46440703035992814
22.97,-9.862106353105816,-12.402068473119291,21.912858242703372,0.4770133554247866
22.98,-10.106801098380648,-12.45379542566829,22.561485644201134,0.4848268404719034
22.990000000000002,-10.330111193278105,-12.442388411521321,23.223832359164174,0.48759992488929305
23.0,-10.52788547516774,-12.36439310229232,23.89005437473711,0.48537929149061504
23.01,-10.696111533360202,-12.217898100546709,24.54941337038181,0.478527853662392
23.02,-10.831061817236948,-12.002782201086655,25.19060544116562,0.4677134309531663
23.03,-10.929445723719837,-11.720881805754276,25.80216381725169,0.4538607334118363
23.04,-10.988558255334675,-11.376053799882147,26.372912218934196,0.4380691750950353
23.05,-11.006414738298401,-10.974117124449076,26.892436710581652,0.42150543408980784
23.06,-10.981861023085365,-10.522667668469422,27.351538293669513,0.40528507339581676
23.07,-10.914649726070552,-10.030774537046831,27.74262741795696,0.3903604637228032
23.080000000000002,-10.805475394561746,-9.508579181568747,28.060025771100864,0.3774317476085994
23.09,-10.655964766616691,-8.966830058980294,28.3001498208956,0.3668935803219171
23.1,-10.468622146847729,-8.416392469767157,28.46156331275322,0.35882377548605005
23.11,-10.246733812868015,-7.867774836853659,28.544900198125795,0.35301238811040214
23.12,-9.994238774534422,-7.3307088117369155,28.55267293463992,0.3490230076354454
23.13,-9.715575691302082,-6.813812163907635,28.48899166145382,0.34627357572778183
23.14,-9.415517044699957,-6.324352137274478,28.359226026953504,0.344122600529606
23.150000000000002,-9.099001704223577,-5.86811488572602,28.16964298270843,0.34194806515402465
23.16,-8.770975953368014,-5.4493756276940335,27.92705112036689,0.33920980459077704
23.17,-8.436251140741327,-5.070955674893109,27.638476246596955,0.33549051651252737
23.18,-8.09938374437374,-4.734347192987494,27.310885307919122,0.3305147960395556
23.19,-7.76458114011965,-4.439884468976257,26.950967899385265,0.32414887397110737
23.2,-7.43563404449007,-4.186941105593423,26.564977533946575,0.31638573635444855
23.21,-7.115874665116505,-3.9741351626758843,26.15862931116208,0.3073210252266707
23.22,-6.808158146786362,-3.7995279746622654,25.737046881844766,0.2971248280638757
23.23,-6.514863968864213,-3.6608064409440346,25.304749596340535,0.2860135253032072
23.240000000000002,-6.237913487174124,-3.5554424455796365,24.86567016429431,0.2742246414036438
23.25,-5.978799736818409,-3.480826359805145,24.4231936564655,0.26199641828039516
23.26,-5.738625822322058,-3.4343741500956564,23.98020984972524,0.24955278155246965
23.27,-5.518148619520816,-3.4136094366996157,23.53917241260844,0.2370935852810007
23.28,-5.317825013790804,-3.416222996839896,23.10215998992289,0.22478951240443706
23.29,-5.137858433480321,-3.4401128055180594,22.670935696349385,0.2127807428771376
23.3,-4.978243956690454,-3.4834078911370536,22.247002772128734,0.20117842471776903
23.31,-4.838810742139154,-3.5444791805561464,21.8316551491329,0.190068035401338
23.32,-4.71926094325552,-3.6219402261219726,21.42602242369088,0.17951384898543513
23.330000000000002,-4.619204602133919,-3.7146403289014533,21.03110925862596,0.16956388582686416
23.34,-4.538190287190732,-3.821652157625927,20.647829577903487,0.160254886713673
23.35,-4.475731440602556,-3.94225555157726,20.27703611284955,0.15161700277880824
23.36,-4.431328546647631,-4.075918811903045,19.91954594631065,0.14367801662280977
23.37,-4.404487328669182,-4.222278442202912,19.57616271220453,0.13646700503660278
23.38,-4.394733239232581,-4.381118000348298,19.247696067994095,0.13001742016946372
23.39,-4.40162253321393,-4.552346469046088,18.93497898558578,0.12436960691982087
23.400000000000002,-4.42475021414136,-4.735976339455733,18.63888331511968,0.11957279379779398
23.41,-4.463755126166359,-4.93210142575227,18.360333974347302,0.11568659676207022
23.42,-4.518322432606238,-5.1408742842088575,18.10032200819675,0.11278206447598244
23.43,-4.588183681201048,-5.362482993984007,17.85991665018446,0.11094227239094544
23.44,-4.673114609456112,-5.597126965204291,17.64027639889878,0.11026244478385389
23.45,-4.772930793527152,-5.844991371412878,17.442658996769282,0.11084955061456904
23.46,-4.887481193529348,-6.106219758023748,17.268430061831527,0.11282128287124824
23.47,-5.016639599256567,-6.380884358126704,17.119069973027948,0.11630429408127081
23.48,-5.160293935505908,-6.668953656187989,16.99617844292506,0.1214315255344
23.490000000000002,-5.318333348245922,-6.97025678581726,16.901476026796697,0.1283384380977259
23.5,-5.49063296500716,-7.284444439522909,16.836801613966642,0.13715793333330883
23.51,-5.677036209123193,-7.610946118767793,16.80410472930561,0.14801375187132232
23.52,-5.877334552758379,-7.948923776765042,16.80543124746844,0.16101216076313477
23.53,-6.091244624040348,-8.297222221310927,16.842900903634575,0.17623180422695198
23.54,-6.3183826461684545,-8.654317068022428,16.918674794111148,0.19371170602091778
23.55,-6.55823628911172,-9.018261581191066,17.034910930302917,0.2134375904396693
23.56,-6.810134165937303,-9.386634419957756,17.193705884386652,0.23532694459896633
23.57,-7.07321341406448,-9.756491120449247,17.39702070169539,0.25921358340877815
23.580000000000002,-7.346386073251626,-10.124323070425923,17.646589622786827,0.2848328950378505
23.59,-7.62830530962835,-10.486028725376205,17.943810835684793,0.31180941440574494
23.6,-7.917332934935576,-10.836902790764375,18.289619545044417,0.339648843897398
23.61,-8.21151011899431,-11.171649925926255,18.684345166609642,0.3677370286974634
23.62,-8.50853366458696,-11.484430032288909,19.12755646601947,0.395348577214807
23.63,-8.805740663883448,-11.76894214613663,19.617900934657886,0.4216676440577002
23.64,-9.10010472166649,-12.018553106331847,20.152947514562186,0.44582270526645046
23.650000000000002,-9.388247131472326,-12.226475254433703,20.72904471072602,0.4669358266330623
23.66,-9.666466330560425,-12.385994249363321,21.341208782512567,0.48418491952257525
23.67,-9.930788538401137,-12.490743572829862,21.983058568604022,0.49687491448895993
23.68,-10.17704161393384,-12.535016612213635,22.646813957645733,0.5045109918743146
23.69,-10.400952797882194,-12.5141007723312,23.323373448710687,0.5068645448280062
23.7,-10.598269148968708,-12.424611652389505,24.002482164799204,0.5040211300052814
23.71,-10.764897234692564,-12.264799989396444,24.672994909181742,0.4964000074171388
23.72,-10.897056197039744,-12.034801036430988,25.323229685432725,0.48473747781508436
23.73,-10.991435975823125,-11.736796463916605,25.941396417816993,0.4700311047954716
23.740000000000002,-11.04535059781486,-11.37506351943175,26.516074854993434,0.4534484145048622
23.75,-11.056875397785708,-10.955895155646667,27.036706641824306,0.4362105138843996
23.76,-11.024957130267241,-10.48738736284238,27.49406115502105,0.4194666007599598
23.77,-10.949487315085562,-9.979104378511481,27.88063435225777,0.4041779992461732
23.78,-10.831331788091633,-9.441646530140702,28.190945173113352,0.39102921857167094
23.79,-10.672313031396,-8.886156786562335,28.42170445122871,0.3803786866875166
23.8,-10.475145976968342,-8.323808650803104,28.57184527841989,0.3722543835083047
23.81,-10.243332050019767,-7.765318731212366,28.64241898480093,0.36639143425967435
23.82,-9.981019685698978,-7.2205222502812045,28.636374835512072,0.3623017836147586
23.830000000000002,-9.692841971212816,-6.698040073526311,28.558252040921488,0.35936183350033124
23.84,-9.383743187685155,-6.205053512734958,28.413818411232967,0.3569029953745162
23.85,-9.058805829897475,-5.7471903884318305,28.209690669912387,0.35429216016921083
23.86,-8.723088349623003,-5.328514590711184,27.9529677371537,0.3509931324578208
23.87,-8.381481723985642,-4.951603011899125,27.65090152212601,0.346604853909049
23.88,-8.03859038035594,-4.617688835927607,27.310621497153946,0.3408766290027324
23.89,-7.698640384889895,-4.326848651297856,26.93892103746189,0.3337038190626346
23.900000000000002,-7.365415422215664,-4.078212093306895,26.542106307873524,0.32510929814613754
23.91,-7.042219156966678,-3.8701758456154662,26.125903010191582,0.31521645676160304
23.92,-6.731861167095613,-3.7006079406996966,25.695412776069077,0.30421902250835997
23.93,-6.4366627782726855,-3.567032624527163,25.25510926322008,0.29235184927240226
23.94,-6.158478748695925,-3.466790037802403,24.80886374322067,0.2798654851143888
23.95,-5.898730758768054,-3.397168286526125,24.35999072943548,0.26700604462527033
23.96,-5.658448942501838,-3.355507996458958,23.911305567561275,0.25400085291283886
23.97,-5.438318154453004,-3.3392811805358495,23.465187550854147,0.24104956488775822
23.98,-5.238726210190486,-3.346147294134566,23.023643771163503,0.2283199927569604
23.990000000000002,-5.059811902535791,-3.373989849808238,22.58837041110107,0.21594765191519846
24.0,-4.901511132988675,-3.420937056879813,22.1608094355248,0.20403799820506174
24.01,-4.763599978694516,-3.485369774452014,21.742199623741424,0.19267041431600887
24.02,-4.645733925044659,-3.565919727235891,21.333621607727014,0.181903155196917
24.03,-4.54748282803007,-3.661460513994282,20.936037078454305,0.1717786398614414
24.04,-4.468361431292448,-3.77109349568793,20.550322633742574,0.1623286511173333
24.05,-4.407855457136478,-3.8941302216064786,20.177298909567085,0.15357915822171825
24.060000000000002,-4.365443427374577,-4.030072658265497,19.81775570116436,0.14555460178502852
24.07,-4.340614458191536,-4.178592137893287,19.472473772825044,0.13828157316274323
24.080000000000002,-4.332882322352167,-4.339507643709867,19.142244001137087,0.13179188373753867
24.09,-4.341796090300214,-4.512763796140405,18.82788441399255,0.12612505665110738
24.1,-4.3669476561919645,-4.698408693372409,18.53025558933018,0.12133028924198327
24.11,-4.407976431710466,-4.896571586042278,18.250274770903555,0.11746793319521372
24.12,-4.464571454576527,-5.10744022412384,17.988928947069738,0.11461052522113445
24.13,-4.536471114033708,-5.331237599786242,17.74728702354273,0.11284337727386178
24.14,-4.623460645501202,-5.568197719753737,17.526511101043425,0.1122647045425426
24.150000000000002,-4.725367493768341,-5.81853997272032,17.32786674121707,0.11298523383760678
24.16,-4.842054590910804,-6.082441611660231,17.152731965700703,0.11512719644925158
24.17,-4.973411543781238,-6.360007849565932,17.002604580192287,0.11882257009147137
24.18,-5.119343678810521,-6.651239074792161,16.87910724453628,0.12421039671846372
24.19,-5.27975885163381,-6.955994736048081,16.783989518985035,0.1314329703890376
24.2,-5.454551898987687,-7.273953537357562,16.719125905644233,0.14063066707160618
24.21,-5.643586594477927,-7.6045697332312185,16.68650867547067,0.1519351834717971
24.22,-5.846674973271777,-7.94702553994736,16.688234032425836,0.16546097419075717
24.23,-6.063553919765786,-8.300179998513553,16.726479931235673,0.1812947378912113
24.240000000000002,-6.293858974263084,-8.662515057692982,16.803473655899662,0.19948291792546308
24.25,-6.53709541816298,-9.03208020893124,16.92144711562355,0.2200173662644078
24.26,-6.792606851249608,-9.406437711124044,17.082577769038746,0.2428195852155455
24.27,-7.0595416882826525,-9.782611292812142,17.288913206343203,0.26772431728713797
24.28,-7.336818282557276,-10.157042194733265,17.542277775965378,0.2944636957727207
24.29,-7.623089735051901,-10.525557470710323,17.844160321436952,0.3226536734880003
24.3,-7.916709866353244,-10.883356515004538,18.195583181701075,0.3517849620169431
24.310000000000002,-8.215702301817256,-11.225022696500858,18.59695417880386,0.38122114937179513
24.32,-8.517735121428238,-11.54456756687903,19.047905412508324,0.4102068904729038
24.330000000000002,-8.820104009704998,-11.835515131128506,19.547125281635555,0.43788891888071807
24.34,-9.119727242353125,-12.091032847235692,20.092193140690526,0.463351934800442
24.35,-9.413156079137506,-12.304114078294539,20.679429131694572,0.4856700396217411
24.36,-9.696604094365629,-12.467813431175964,21.30377460624071,0.5039722610739517
24.37,-9.965998559481964,-12.575531693589825,21.958720620890766,0.5175179628545942
24.38,-10.217056100875446,-12.621341066607833,22.636302589247816,0.525774905836172
24.39,-10.445383431467437,-12.600334535920984,23.327177630397625,0.5284900204830089
24.400000000000002,-10.646602004267814,-12.50897634294767,24.02079692570703,0.5257413428087948
24.41,-10.81649305997776,-12.345424741978057,24.705678269430514,0.5179598574910076
24.42,-10.951156948079493,-12.109794883023119,25.36977427103808,0.5059127389020897
24.43,-11.047178105849124,-11.804329996146643,26.00092027046867,0.49064471578222824
24.44,-11.101785069431093,-11.433453927132614,26.58733451331446,0.47338131770546316
24.45,-11.112993764142555,-11.00368761131749,27.118133473738457,0.45540519120727757
24.46,-11.079722405129957,-10.523425447266733,27.583819420127423,0.43792268168907017
24.47,-11.001867805253866,-10.00258296954026,27.97669695084975,0.42194075322955515
24.48,-10.880335684410475,-9.452142269296008,28.291180926795615,0.40817305088657196
24.490000000000002,-10.717021412210304,-8.883633659983442,28.52396944107622,0.39698860239003253
24.5,-10.514741999226763,-8.308598977891268,28.674070476923504,0.388408566946897
24.51,-10.27712447284668,-7.738082483728239,28.74268718865612,0.38214760103001333
24.52,-10.008459432236792,-7.182189704628079,28.73298155897767,0.37768897218131486
24.53,-9.713531101156102,-6.649744042020805,28.64974722731796,0.37437810490472034
24.54,-9.397436329069832,-6.148057704802924,28.499028157735616,0.37151840572395545
24.55,-9.065404716959815,-5.682819904084831,28.28772026080684,0.36845558990872485
24.560000000000002,-8.722630570015772,-5.258093368963798,28.023188869617456,0.3646412012194087
24.57,-8.374125060533848,-4.876401535414451,27.71292755368519,0.35967119741126924
24.580000000000002,-8.024594237984617,-4.538883814461202,27.364274849792604,0.3533001551484941
24.59,-7.678345745215375,-4.245494996199626,26.98419666800454,0.3454350491404063
24.6,-7.339224604710278,-3.9952263941220947,26.579134561909445,0.33611440195374487
24.61,-7.010576430259642,-3.786329822391318,26.154914392190015,0.3254790125372796
24.62,-6.695234988060057,-3.616529957432636,25.716706343079306,0.31373982589928484
24.63,-6.395530173614608,-3.483215251288537,25.269025594106843,0.301147253076786
24.64,-6.113312117400407,-3.3836017624969386,24.815762814929858,0.2879647932952503
24.650000000000002,-5.849987177645847,-3.314867722248806,24.360234571815884,0.2744484431095042
24.66,-5.606561906482792,-3.274259238654274,23.905245265042605,0.26083227058209596
24.67,-5.383691577245126,-3.2591692881171794,23.45315399115582,0.24731975026838363
24.68,-5.1817304445594266,-3.267193166332645,23.00594147840789,0.2340799863109675
24.69,-5.000781505835661,-3.2961640268360224,22.56527381243563,0.2212477432287438
24.7,-4.840744095209284,-3.3441721800675497,22.13256096917023,0.2089261875147928
24.71,-4.701358140105708,-3.4095716006212244,21.709009180255677,0.19719134949438777
24.72,-4.582244332383862,-3.490976707602179,21.295666889078795,0.18609748629188536
24.73,-4.482939807127785,-3.587252026811367,20.89346455049249,0.17568271983868974
24.740000000000002,-4.40292918626853,-3.697496871662534,20.50324883049805,0.16597450949568673
24.75,-4.341671039089956,-3.8210267288330106,20.125811919509886,0.15699468003269054
24.76,-4.298619946976318,-3.957352625072742,19.761916725332856,0.148763854574143
24.77,-4.273244445610665,-4.106159392422652,19.412318693364277,0.1413052371783818
24.78,-4.265041163859596,-4.26728344197091,19.07778493775479,0.134647753332831
24.79,-4.273545493415305,-4.440690398398078,18.759111277038794,0.12882859317041906
24.8,-4.2983391143289635,-4.626452733813911,18.457137663553723,0.12389521665554169
24.810000000000002,-4.339054675036622,-4.824727363819624,18.172762385221574,0.1199068771853538
24.82,-4.395377886372944,-5.035733025537922,17.906955304450925,0.11693570420546526
24.830000000000002,-4.467047241416534,-5.259727141535676,17.660770282586846,0.11506735994742824
24.84,-4.553851520038569,-5.496981781360729,17.435356817945255,0.11440125289049427
24.85,-4.655625181367995,-5.747758261643549,17.23197079805836,0.11505025307566648
24.86,-4.772241691306217,-6.01227987606849,17.051984128533366,0.11713981369671801
24.87,-4.90360477784385,-6.290702219857685,16.896892847788113,0.12080636126602061
24.88,-5.04963755646617,-6.5830805740717135,16.768323165030672,0.12619477541356713
24.89,-5.210269423931864,-6.889333850152595,16.6680346652723,0.13345474234598664
24.900000000000002,-5.3854205843050025,-7.209204674941378,16.597919708758546,0.14273573805003495
24.91,-5.574984050278372,-7.542215334386039,16.559997814734157,0.15418038547188928
24.92,-5.778804960576733,-7.8876195070112365,16.556403567072635,0.16791594373868568
24.93,-5.996657076847598,-8.244350025352423,16.58936632440408,0.18404373946492164
24.94,-6.228216378546756,-8.610963325870301,16.661179780862998,0.20262645539967195
24.95,-6.473031770769803,-8.985581805515912,16.77415923732251,0.22367336683966985
24.96,-6.730493067528926,-9.365836011812927,16.930584352245063,0.24712387742330796
24.97,-6.9997966215184775,-9.748809458739343,17.13262520650789,0.27283006451875275
24.98,-7.2799092496566695,-10.13098987076354,17.382249813647825,0.30053940095627824
24.990000000000002,-7.569531457111731,-10.508231772469724,17.681111824708402,0.32987935560314474
25.0,-7.867061390510488,-10.875736482684864,18.03041820992696,0.36034614228680184
25.01,-8.17056144320371,-11.228056610997095,18.430778235056717,0.3913003980139007
25.02,-8.477729967371463,-11.559132903477412,18.882037146622316,0.4219728958606357
25.03,-8.785881076496949,-11.862371496142176,19.383100637822608,0.45148336284008395
25.04,-9.091935982536764,-12.130769014962864,19.931759290020697,0.4788748845657911
25.05,-9.39242961728365,-12.3570912010247,20.52452554535426,0.5031650628650254
25.060000000000002,-9.683536329708847,-12.534107572371367,21.15649897207301,0.5234129612815878
25.07,-9.961118113428109,-12.65487991937925,21.82127807328704,0.5387980050172168
25.080000000000002,-10.220797991668682,-12.713096253644554,22.510937962442494,0.5487037176688735
25.09,-10.458059795569545,-12.703434601247842,23.216092139065907,0.5527960772259515
25.1,-10.6683736043691,-12.621933547129661,23.92605270717542,0.5510841897036192
25.11,-10.847343657586014,-12.466339869247212,24.629096357617843,0.5439508112806359
25.12,-10.990872801097307,-12.236399367093735,25.31283347905547,0.5321426960768633
25.13,-11.095334810334416,-11.934056498860198,25.96466574408768,0.5167159784141547
25.14,-11.15774365314809,-11.563532741526965,26.57230500973445,0.4989392101653157
25.150000000000002,-11.175907348429696,-11.131262985917253,27.12431546807457,0.4801648441037554
25.16,-11.148553920587995,-10.645683066852243,27.610633907497583,0.4616869147577386
25.17,-11.075418265332287,-10.116877934609365,28.023021521738553,0.4446064590390919
25.18,-10.957281517531628,-9.556116411938401,28.35540582458715,0.4297255573406717
25.19,-10.79595847220706,-8.975312083749534,28.604082500930723,0.4174856724426331
25.2,-10.594233247205423,-8.386458166660788,28.76776274818342,0.40795744044120197
25.21,-10.355748041857865,-7.8010857565597265,28.847469171294815,0.4008793947194452
25.22,-10.084853880438844,-7.229789586614304,28.846299590006296,0.3957346855365587
25.23,-9.786435096584105,-6.681854632480996,28.769090581211724,0.3918495658432982
25.240000000000002,-9.46572070344475,-6.165002829462402,28.62201955453205,0.3884960692337535
25.25,-9.128095659350196,-5.685264432376156,28.41218522208616,0.38498358176576897
25.26,-8.778923580111911,-5.246965506733383,28.14720220804885,0.38072872771297106
25.27,-8.423390039764618,-4.85281332740488,27.834837789071607,0.3752986279890479
25.28,-8.066372691285626,-4.5040558063320155,27.482709228523397,0.3684277760545073
25.29,-7.712341461599478,-4.200689354283721,27.098050609902455,0.36001260355583753
25.3,-7.3652893804341675,-3.9416910732468726,26.6875498027156,0.35008992860836563
25.310000000000002,-7.028692419913998,-3.725254839959858,26.25724996478756,0.33880601192842386
25.32,-6.70549515699474,-3.5490156124594026,25.81250602499645,0.32638229166556554
25.330000000000002,-6.398118125207649,-3.4102512697557463,25.357984722338752,0.31308252297796835
25.34,-6.108482323266602,-3.306055839097186,24.897696582104896,0.2991844634631712
25.35,-5.8380463827257625,-3.23348170725558,24.43504917805655,0.2849577504322639
25.36,-5.587852239205127,-3.1896512143880025,23.97291267186126,0.2706484026963179
25.37,-5.358575683324235,-3.171839919330153,23.513690534974476,0.2564695211610442
25.38,-5.150578789183993,-3.1775349300114804,23.059390252758313,0.24259724848994102
25.39,-4.963961854705751,-3.2044721810910755,22.611690504090223,0.2291708202251056
25.400000000000002,-4.7986130877367215,-3.250656585476169,22.172002710921458,0.21629552149586478
25.41,-4.654254803440649,-3.314368740070676,21.741525936491325,0.2040474794425468
25.42,-4.5304853471001865,-3.3941614518236127,21.32129489633061,0.19247940828693363
25.43,-4.426816318625972,-3.4888488589521005,20.91222137428992,0.18162663409355856
25.44,-4.3427049549261385,-3.5974904164393076,20.515129657165893,0.17151292793676345
25.45,-4.277581732333414,-3.7193715335667643,20.130786766347807,0.16215585098565807
25.46,-4.230873394022131,-3.853982215834852,19.75992831793824,0.15357145459077262
25.47,-4.202021697696744,-4.000994683405157,19.403280820664957,0.1457782813421772
25.48,-4.190498227145127,-4.160240614445496,19.061581151731627,0.13880068199718715
25.490000000000002,-4.195815626758543,-4.331688391023046,18.735593854778852,0.13267150299445402
25.5,-4.217535608720883,-4.515420501599309,18.426126794805224,0.1274342155030704
25.51,-4.255274054795964,-4.711611071001592,18.134045590226854,0.12314455488544421
25.52,-4.308703493765845,-4.920503339416821,17.86028712600856,0.11987172363397783
25.53,-4.37755318577774,-5.142386790742335,17.605872334614553,0.11769918490612546
25.54,-4.461606989439254,-5.377573533069756,17.371918311781627,0.11672504046958343
25.55,-4.560699129094425,-5.6263734572963315,17.15964970864975,0.11706194820323487
25.560000000000002,-4.674707920513492,-5.889067642845921,16.97040920646455,0.1188364918726312
25.57,-4.803547455231267,-6.1658794433873565,16.805666730308968,0.12218787124032988
25.580000000000002,-4.947157189003065,-6.4569426738826525,16.667026889600418,0.12726573558893878
25.59,-5.105489330628731,-6.762266339725663,16.55623394153977,0.1342269412289875
25.6,-5.278493886583987,-7.081695408761902,16.475173356891176,0.14323097780714059
25.61,-5.466101188162272,-7.414867240694928,16.4258688254662,0.154433785584352
25.62,-5.668201715907192,-7.761163472441582,16.41047327543071,0.16797968536173702
25.63,-5.88462304704241,-8.1196574323857,16.431252205718913,0.18399117656123737
25.64,-6.115103792876727,-8.489057543655827,16.49055736209227,0.20255644248559457
25.650000000000002,-6.359264473746219,-8.867647699624447,16.590788553035317,0.22371455293488335
25.66,-6.616575409175549,-9.253226274341335,16.734341243488643,0.2474385919011771
25.67,-6.886321891482186,-9.64304627949084,16.92353754004412,0.27361727809103303
25.68,-7.167567172432785,-10.033760195651212,17.160538365571185,0.3020360962437237
25.69,-7.459114132914203,-10.421374162297667,17.447235105415224,0.3323595086490384
25.7,-7.759466928022043,-10.801217444527419,17.785119893537626,0.36411643267978216
25.71,-8.066794398961829,-11.167934291553793,18.175135097433696,0.3966917765366947
25.72,-8.378897600021482,-11.51550628807841,18.61750453822522,0.42932729871625586
25.73,-8.693184366865278,-11.837313833230326,19.11155158178233,0.46113522407691204
25.740000000000002,-9.006654392230914,-12.126245160451719,19.655512407133134,0.4911277009468342
25.75,-9.31589869232752,-12.374859997189725,20.24635632016862,0.5182641078410812
25.76,-9.617117533425963,-12.575612232218244,20.87962858602245,0.5415162638840436
25.77,-9.906160718310852,-12.721131582924084,21.549334364930402,0.5599487594715634
25.78,-10.178593480458986,-12.804558207990713,22.247884241580728,0.5728081382372271
25.79,-10.429789997872433,-12.81991678111417,22.96612172200036,0.5796110685864888
25.8,-10.655054672646495,-12.762508424772271,23.693450159280953,0.5802187800834856
25.810000000000002,-10.84976887256956,-12.62929122914565,24.418070331310886,0.5748839122890173
25.82,-11.00955796443532,-12.41921432645752,25.127330289322938,0.5642574416155162
25.830000000000002,-11.130470485101513,-12.133468250072118,25.808176782129195,0.5493479745910379
25.84,-11.209158610220241,-11.775616933635028,26.447683983042346,0.5314330967306377
25.85,-11.243047166916309,-11.351584884701937,27.033622529843683,0.511931379336948
25.86,-11.230477742812528,-10.869486452552703,27.555022487379127,0.49225203805896434
25.87,-11.170815283666027,-10.339301158246268,28.00267999172662,0.47364483038359434
25.88,-11.064507029826482,-9.772417183900432,28.369560432317268,0.4570737994694408
25.89,-10.913087516934,-9.181081200757472,28.651061149848704,0.44313432628315974
25.900000000000002,-10.719128182172147,-8.577803807224354,28.8451123611244,0.43202453953049735
25.91,-10.486135202104043,-7.974773930482687,28.952113717792457,0.42357160721778614
25.92,-10.218403808817163,-7.383332043031472,28.974722296489503,0.41730349363592634
25.93,-9.9208408461277,-6.813541940318232,28.917522813443263,0.41254976361824736
25.94,-9.598769313656602,-6.2738863380200165,28.78662026430553,0.4085522538797622
25.95,-9.257728967225038,-5.7710955112350595,28.589198135618137,0.40456790072027954
25.96,-8.90328584591707,-5.310103346759241,28.33308228933701,0.39995061729179937
25.97,-8.54086124301506,-4.894113569882418,28.026343083500315,0.39420519945242005
25.98,-8.175587608331051,-4.524751614588745,27.67695826935246,0.3870121853688069
25.990000000000002,-7.812195650054496,-4.202274724072601,27.292548693674938,0.37822723435940053
26.0,-7.454933905517463,-3.925813733330246,26.880189424296226,0.3678613828871937
26.01,-7.107519557169746,-3.693623508817251,26.44629159510222,0.3560495018901355
26.02,-6.773117429658843,-3.503324013466789,25.996545413725244,0.34301381322182756
26.03,-6.4543429416222144,-3.3521193823484245,25.53591228218153,0.32902796936769885
26.04,-6.153284237629949,-3.236987461974626,25.06865343031913,0.3143854827453729
26.05,-5.8715386750478205,-3.1548365174463204,24.598383301797355,0.29937460846918285
26.060000000000002,-5.610259150925012,-3.1026290484021732,24.128137611319726,0.28426038208766874
26.07,-5.370206293253728,-3.0774748785062758,23.660448043831302,0.2692734962709435
26.080000000000002,-5.151803196231649,-3.076697018309045,23.19741764671962,0.2546050704381943
26.09,-4.95519006341828,-3.0978744295517133,22.740792853532735,0.24040606714461127
26.1,-4.780276775226334,-3.1388659323270436,22.29202965629604,0.22679005531719845
26.11,-4.626791980648344,-3.1978192682713797,21.852352675628154,0.21383812812633113
26.12,-4.494327808651585,-3.2731689040737355,21.42280677762788,0.20160497934470173
26.13,-4.382379696923509,-3.3636256353532636,21.004301496996625,0.190125370930263
26.14,-4.290381148170813,-3.4681605040218497,20.597648902218896,0.1794204485718216
26.150000000000002,-4.217733455750425,-3.585985018444305,20.20359573686608,0.1695035587057211
26.16,-4.163830602316828,-3.7165291906003826,19.82285074160273,0.16038537946637652
26.17,-4.128079639311024,-3.8594184893578043,19.45610804596572,0.1520782967298024
26.18,-4.109916912854934,-4.014450455889133,19.104067449715274,0.14460003742742733
26.19,-4.108820523129094,-4.181571432643536,18.76745231391527,0.13797662084073198
26.2,-4.124319398313142,-4.360853614647702,18.447025667651424,0.1322447107425321
26.21,-4.155999337860184,-4.552472433681741,18.14360501702319,0.12745345296047245
26.22,-4.203506339048891,-4.756684124533302,17.858076223554132,0.12366586935190108
26.23,-4.2665474699686206,-4.9738031913357315,17.591406700700464,0.1209598544065422
26.240000000000002,-4.344889494882377,-5.2041793854445055,17.34465805837613,0.11942878779274224
26.25,-4.438355397032493,-5.448173720457114,17.11899820324293,0.11918173729540248
26.26,-4.546818881605356,-5.70613298270808,16.9157127726421,0.12034318328940838
26.27,-4.670196879642064,-5.978362146826669,16.73621563749208,0.12305214940321448
26.28,-4.808440013987773,-6.265094078070192,16.5820580490499,0.12746057575336642
26.29,-4.961520932909717,-6.566455901225785,16.454935821227345,0.1337307231230418
26.3,-5.129420368221224,-6.882431448138713,16.35669373021212,0.1420313519994848
26.310000000000002,-5.312110735784966,-7.212819274148962,16.289326074348704,0.15253238464546715
26.32,-5.509537071295975,-7.557185873524431,16.25497207053317,0.16539773910282884
26.330000000000002,-5.721595088707825,-7.91481394491443,16.25590447445365,0.18077603217175622
26.34,-5.948106169526569,-8.284645882990262,16.294509513447483,0.19878889857794854
26.35,-6.188789147080849,-8.665223127234198,16.373255934704112,0.21951678390083806
26.36,-6.443228851032658,-9.054622608725799,16.494650732808097,0.24298226014222446
26.37,-6.710841535360435,-9.450392322121784,16.661178979735343,0.26913120593550705
26.38,-6.990837539856062,-9.849489023806584,16.875225206260748,0.29781260471377696
26.39,-7.282181841905577,-10.248222209988683,17.138974064471785,0.32875824822448985
26.400000000000002,-7.583553549785819,-10.642209820734816,17.4542886419812,0.36156427200492375
26.41,-7.893305872139371,-11.026352462779261,17.822565914468967,0.3956771413897796
26.42,-8.20942866095618,-11.394834200927633,18.244570524043535,0.43038735113979776
26.43,-8.529516241353189,-11.741158919194087,18.720250436186753,0.4648345421475523
26.44,-8.850743863062931,-12.058231608112134,19.248541071558684,0.498027763857975
26.45,-9.169856661895896,-12.338493341602923,19.827168133694833,0.5288839777273415
26.46,-9.483175402486943,-12.57411678792004,20.452463303310264,0.5562863799299368
26.47,-9.786623359534603,-12.75726552024593,21.119210788872355,0.5791615950694675
26.48,-10.07577834299148,-12.880414963814252,21.82054574330689,0.5965713358479715
26.490000000000002,-10.345952950116843,-12.936725618428067,22.547926934805986,0.6078101210941176
26.5,-10.592304539373373,-12.920450703572,23.291204885450227,0.6124968375472207
26.51,-10.80997415029764,-12.827351541612014,24.038802176834068,0.6106453613808561
26.52,-10.994250737717065,-12.655086241883156,24.778014355971944,0.6026992596630923
26.53,-11.140753888583262,-12.403532302467141,25.49542809172187,0.5895186461523666
26.54,-11.245625029876345,-12.075003322985683,26.177439008125205,0.5723137681371746
26.55,-11.305714509364016,-11.67432537636288,26.8108368970223,0.5525290485976462
26.560000000000002,-11.318750361228734,-11.208750043739846,27.383413359635643,0.5316912602867319
26.57,-11.283474500660923,-10.6876977286687,27.88453904751156,0.5112437604411371
26.580000000000002,-11.199733773477677,-10.122344377876669,28.3056567238216,0.4923928387757347
26.59,-11.06851667748749,-9.525083926753972,28.64064329757028,0.47599074346685094
26.6,-10.891931308737204,-8.908914173352173,28.886008130569902,0.46247293912632603
26.61,-10.673125530086967,-8.286802477918695,29.04091401912384,0.4518563580843872
26.62,-10.416155720467076,-7.671088149985523,29.107027943754304,0.44379367306619855
26.63,-10.12581496144196,-7.072970823380867,29.088227317003344,0.43766892303589333
26.64,-9.80743454892789,-6.502120359364765,28.9902010121214,0.43271430982555115
26.650000000000002,-9.466673966644516,-5.966426759914145,28.819991182438677,0.42812738372157466
26.66,-9.109313934861754,-5.471891401214403,28.585521587279167,0.4231714601975055
26.67,-8.741065148322924,-5.022646324139164,28.29515199505615,0.41724831201249923
26.68,-8.367402321421052,-4.621078079327676,27.957288272982733,0.40993904111170765
26.69,-7.993429711642958,-4.268027317008154,27.5800662852676,0.40101495699898304
26.7,-7.623780893921796,-3.9630345442884147,27.17111672264977,0.3904243339862602
26.71,-7.262552589401904,-3.7046052015323805,26.737408888740113,0.3782628486193143
26.72,-6.913270041406485,-3.490472123600371,26.28516498497515,0.3647356004002155
26.73,-6.578879862247368,-3.3178392946743243,25.81983265918847,0.35011746252291986
26.740000000000002,-6.261765413962962,-3.1835965788432334,25.346102169961497,0.33471671327887287
26.75,-5.9637795254686345,-3.0845001534549517,24.867954897086012,0.3188449789840483
26.76,-5.68628954303894,-3.0173173549590664,24.38873146974924,0.3027948222610195
26.77,-5.4302302107613665,-2.9789374916686535,23.911209924663332,0.2868250115712477
26.78,-5.196160548834898,-2.9664519796301376,23.43768660807437,0.2711526511636646
26.79,-4.98432163329101,-2.977208102217305,22.97005470133131,0.2559508909775618
26.8,-4.794692903490555,-3.0088409955095465,22.509877109855747,0.24135078683989522
26.810000000000002,-4.6270452836496405,-3.0592883229356285,22.05845193986481,0.2274459454634643
26.82,-4.480989974322563,-3.126791694460949,21.616869894486154,0.21429877841794226
26.830000000000002,-4.356022238781587,-3.2098883383490846,21.186063690184838,0.20194743496666856
26.84,-4.251559878673927,-3.3073959394433774,20.766850084263087,0.19041273651014065
26.85,-4.166976371341685,-3.418392976710948,20.359965377738888,0.1797046649289146
26.86,-4.101628839532505,-3.542196359086241,19.96609537390968,0.1698281476198199
26.87,-4.054881155930465,-3.6783376890786323,19.5859007811623,0.16078802818582877
26.88,-4.02612256274371,-3.8265390828303287,19.2200389883981,0.15259321499525094
26.89,-4.0147822220871685,-3.9866891406518103,18.8691830418825,0.14526006531012253
26.900000000000002,-4.020340116112465,-4.158819386849078,18.534038533505647,0.13881509708710726
26.91,-4.04233469509302,-4.3430812734836,18.215358985094056,0.1332971306872758
26.92,-4.080367633685519,-4.539723660890311,17.913960188536045,0.12875895468205903
26.93,-4.134106005633918,-4.749070540259825,17.630733839763867,0.1252685886714741
26.94,-4.2032821293169285,-4.971498643463402,17.366660685636965,0.12291018526649261
26.95,-4.287691273849115,-5.207414487147585,17.122823283854082,0.1217845757277516
26.96,-4.387187350286987,-5.45723031826301,16.900418353037995,0.12200942089410383
26.97,-4.501676646739759,-5.72133836488767,16.700768557954866,0.12371888209319856
26.98,-4.631109601476835,-6.000082749947115,16.52533342777183,0.1270626766321246
26.990000000000002,-4.775470546108524,-6.29372839926102,16.375718937516663,0.13220433042804877
27.0,-4.93476529351289,-6.602426275251081,16.253685089049338,0.1393183883928839
27.01,-5.109006394859069,-6.926174303040766,16.16115060350158,0.14858629483571503
27.02,-5.298195850150095,-7.264773439860751,16.1001935799071,0.1601906170905283
27.03,-5.502305031644479,-7.617778489203449,16.073046685614205,0.17430726448750436
27.04,-5.721251575241832,-7.984443499979837,16.082085129246863,0.19109536404342603
27.05,-5.954873019081867,-8.363661943930671,16.129805340326595,0.21068451043109285
27.060000000000002,-6.2028970307392335,-8.753902360334287,16.218791965744174,0.23315923160942578
27.07,-6.464908175874967,-9.153140824283282,16.35167053081381,0.2585407266660779
27.080000000000002,-6.740311354874561,-9.558792457567215,16.531042958144276,0.28676626279958845
27.09,-7.028292283279831,-9.967645271859084,16.75940316821388,0.31766708259241055
27.1,-7.3277757290537,-10.375800902817213,17.039030300339075,0.35094627565623904
27.11,-7.637382653559342,-10.778628215746702,17.37185780994753,0.3861587893684844
27.12,-7.955387934765116,-11.17073724196006,17.75931794664863,0.4226965301045579
27.13,-8.279680969302648,-11.545982275227713,18.202163019740627,0.45978222183821255
27.14,-8.607732124858776,-11.897503973946568,18.700267500175038,0.4964761605282192
27.150000000000002,-8.936568691559827,-12.217820647008825,19.25241840042818,0.5316999857914657
27.16,-9.262764576347857,-12.498978151560793,19.856105397254623,0.5642808071455886
27.17,-9.582448382146504,-12.732765576569008,20.50732651395294,0.593017218692213
27.18,-9.891334570938021,-12.910999761905128,21.20042932744371,0.6167657865535423
27.19,-10.184781970045648,-13.025875518763453,21.92801084091987,0.6345426187974715
27.2,-10.4578827984378,-13.070370304381619,22.680900404938132,0.6456301116123528
27.21,-10.705583566856323,-13.038682653707397,23.448248362001163,0.6496748029367218
27.22,-10.922836635856443,-12.92667402014782,24.21773758522561,0.6467596771809231
27.23,-11.104778027812216,-12.732275477636184,24.97592540035642,0.6374345355784832
27.240000000000002,-11.24692357319265,-12.455815947206272,25.708709910424083,0.6226920915264087
27.25,-11.34537207722904,-12.100229111488414,26.40189884349281,0.6038853327589193
27.26,-11.397001480733307,-11.671103240941505,27.041843032558,0.5825922878561944
27.27,-11.39964253496378,-11.176551912737207,27.61608346757152,0.5604453623396836
27.28,-11.352214779989803,-10.626902720446191,28.11395350904471,0.5389509522392466
27.29,-11.25481183061935,-10.034222770010652,28.52707853106731,0.5193284642872975
27.3,-11.108727017617124,-9.41172029365528,28.849724693817862,0.5023948048689796
27.310000000000002,-10.91641583091915,-8.773077242058989,29.078965588525936,0.4885113692652497
27.32,-10.681397606400106,-8.131775271645735,29.21465727937703,0.477597914873299
27.330000000000002,-10.408104595428476,-7.500475835390951,29.25923485133486,0.4692048234188719
27.34,-10.101691121839368,-6.890504807657445,29.217362951939318,0.46262540582819695
27.35,-9.767818362333713,-6.311475649268828,29.09548589584609,0.45702515809540506
27.36,-9.4124311250825,-5.771065972197584,28.90132817075754,0.45156562180735843
27.37,-9.041541950380351,-5.27494399851699,28.643393872404783,0.4455055846715765
27.38,-8.661035313313217,-4.82682660479489,28.330505352547856,0.4382697290819044
27.39,-8.27650123924438,-4.42864098195942,27.971409623483915,0.42948235834243254
27.400000000000002,-7.893103850255103,-4.080757731953229,27.574468357162097,0.418969881532392
27.41,-7.515486766314262,-3.7822637557806065,27.147435728510388,0.40673950471639075
27.42,-7.1477142608150865,-3.5312472504531174,26.69731921959111,0.392943005906808
27.43,-6.793244816356476,-3.325073038725965,26.230312379343292,0.37783403146933503
27.44,-6.454932288364736,-3.160632973683946,25.751785337395447,0.3617257357718736
27.45,-6.135049190913596,-3.034562297116687,25.266318099928224,0.3449534723780936
27.46,-5.83532653152004,-2.9434179824028743,24.777762625565764,0.3278451566934409
27.47,-5.557004973517252,-2.8838190018602976,24.28932169847955,0.31070017718227394
27.48,-5.300892734092363,-2.8525511242509025,23.80363509850079,0.2937764721351286
27.490000000000002,-5.067426395143732,-2.8466404267538947,23.322866082482967,0.27728461509494073
27.5,-4.856731606786199,-2.8634004260034596,22.848783462893792,0.26138738995379834
27.51,-4.668681426428766,-2.900457834878865,22.3828364572464,0.24620327965961133
27.52,-4.502950715485935,-2.9557616505438493,21.926220942632625,0.2318124326257907
27.53,-4.359065589290746,-3.027579747545199,21.479936804341083,0.21826391671872608
27.54,-4.236447378278523,-3.114486514885161,21.04483677237992,0.20558335339621278
27.55,-4.134450915214124,-3.2153444240855875,20.621667564522955,0.193780298332357
27.560000000000002,-4.052397225385658,-3.329281799367953,20.21110436907926,0.18285497317825433
27.57,-3.989600878243004,-3.4556685095223845,19.81377976695361,0.17280414403365962
27.580000000000002,-3.9453923743701282,-3.594090825170888,19.430308161450736,0.16362608370072002
27.59,-3.9191360045333177,-3.7443262854449024,19.061306694494917,0.15532465077522517
27.6,-3.910243639850955,-3.9063190888203265,18.70741350734057,0.1479125760010252
27.61,-3.9181849040291103,-4.080156255101397,18.369304071022686,0.14141407288085678
27.62,-3.9424941483718574,-4.266044589393867,18.04770617794314,0.13586689273069963
27.63,-3.9827746044485064,-4.464288304664056,17.743414056706015,0.1313239305222478
27.64,-4.0387000329220575,-4.675267018420922,17.457301949089636,0.12785446193249195
27.650000000000002,-4.110014123909211,-4.899413723848787,17.190337369440417,0.12554505756664325
27.66,-4.196527837165643,-5.137192240657552,16.943594149328078,0.12450017966223698
27.67,-4.298114801460491,-5.389073572120563,16.718265249162002,0.12484242107900942
27.68,-4.414704823337701,-5.655510530363243,16.51567518786752,0.12671229677846227
27.69,-4.546275487450554,-5.936909942339057,16.33729179535109,0.1302674448438349
27.7,-4.692841765218778,-6.233601717082556,16.184736823857182,0.13568103820874564
27.71,-4.854443487408548,-6.545804046812636,16.0597947572152,0.14313915132149874
27.72,-5.031130481669348,-6.8735840399014085,15.964418926064909,0.15283677116645722
27.73,-5.222945131266781,-7.216813156398051,15.900733768933984,0.16497209490372858
27.740000000000002,-5.429902080644837,-7.575116955128319,15.87103177320822,0.1797387255796818
27.75,-5.651964803023737,-7.947818888745558,15.877763291373295,0.19731537569025298
27.76,-5.889018762867007,-8.33387822760089,15.923517068883527,0.2178527334156148
27.77,-6.140840961727979,-8.731822686729119,16.01098896405088,0.24145726062521056
27.78,-6.407065761867145,-9.139677005652283,16.14293602571879,0.26817190192503404
27.79,-6.6871470521492045,-9.554889617866674,16.322112878491122,0.2979540182081032
27.8,-6.98031707017326,-9.974260665041655,16.551187328029002,0.3306513406425787
27.810000000000002,-7.285542537917834,-10.393875958071495,16.832632345438036,0.3659773832594866
27.82,-7.601479216766906,-10.809053025307142,17.16859224857912,0.40348853984657074
27.830000000000002,-7.926426545862766,-11.214307025966606,17.560722113652925,0.4425659665672428
27.84,-8.258284687041709,-11.603345879250492,18.010001365870224,0.4824061976555022
27.85,-8.594517032766818,-11.969105212653684,18.51652522585973,0.522025064989632
27.86,-8.932121986787996,-12.30383431485303,19.079281266091055,0.5602796251585188
27.87,-9.267618514377165,-12.599243752647354,19.69592266375023,0.5959121209716999
27.88,-9.597050457659668,-12.84672319848148,20.36255453104428,0.6276182114693958
27.89,-9.916014766725176,-13.037633877180271,21.073554415899785,0.6541386076739852
27.900000000000002,-10.219718433920255,-13.163673609941691,21.821451874489217,0.6743689237952446
27.91,-10.503067868029536,-13.217303776626029,22.596893865485157,0.6874774711642461
27.92,-10.760792583400969,-13.192217201301863,23.38872144696645,0.6930158408737755
27.93,-10.987602377971914,-13.08381517444577,24.184177855594665,0.6910038097152528
27.94,-11.178373750580336,-12.88965234833343,24.96925797530938,0.6819698667818986
27.95,-11.328357460150034,-12.609802274666832,25.729194752570404,0.6669326508174926
27.96,-11.433395339297528,-12.247096071651203,26.449060672919572,0.6473170432961035
27.97,-11.490131361225963,-11.807193674979164,27.114444482338467,0.6248104522513676
27.98,-11.496200174704555,-11.298461672897604,27.712148215078216,0.6011774344379349
27.990000000000002,-11.450376411450025,-10.731652516009298,28.23084069206054,0.5780608917941363
28.0,-11.352670315382749,-10.11940391304424,28.66160360928543,0.556802511484739
28.01,-11.204359549635194,-9.475600288359892,28.998316132096704,0.5383121625432891
28.02,-11.007952902249952,-8.814655891280982,29.23784240957664,0.5230060648729837
28.03,-10.767088198882837,-8.15078805372859,29.380010470899833,0.5108193186712219
28.04,-10.486373039900759,-7.497347609869947,29.4273961317838,0.5012837157118626
28.05,-10.171182063866846,-6.866262316626037,29.384947253141135,0.4936504496468889
28.060000000000002,-9.827427611275201,-6.267630946835007,29.259498397030622,0.48703185457929016
28.07,-9.461321620451832,-5.709484442235308,29.059231858184333,0.48053710759778684
28.080000000000002,-9.07914544165205,-5.197710094938409,28.793138454827098,0.47338260468882887
28.09,-8.68704145008954,-4.736118329036332,28.470522213100296,0.4649660912074782
28.1,-8.290836512305626,-4.326621057156123,28.100579948274664,0.4549021244288818
28.11,-7.895903188326817,-3.969486112088021,27.692072604951186,0.4430232156894579
28.12,-7.507060616762325,-3.6636330626072455,27.25309241007296,0.4293551366410199
28.13,-7.1285137418771205,-3.4069403048822164,26.790919899336384,0.41407635370273327
28.14,-6.763827116319802,-3.1965399881150254,26.311958286585615,0.3974709419357709
28.150000000000002,-6.415927992116836,-3.029084591792113,25.821729321035694,0.3798824321435579
28.16,-6.087132709507916,-2.9009757265765694,25.32491412563588,0.36167363712767214
28.17,-5.779190347589867,-2.8085513326884795,24.825423744326386,0.3431951681736153
28.18,-5.493338025085092,-2.748231640097682,24.326486467018896,0.3247634378357661
28.19,-5.230362954232707,-2.7166270585770995,23.830741799445036,0.3066475878386018
28.2,-4.990667204635426,-2.7106127758234755,23.340333731042573,0.2890639714277716
28.21,-4.774332012642705,-2.7273755243755153,22.85699843669148,0.27217646444757027
28.22,-4.581179298136518,-2.7644380044938304,22.382143584474573,0.256100853968506
28.23,-4.410828778841315,-2.819666058721121,21.91691797622006,0.2409117353199124
28.240000000000002,-4.2627496815830535,-2.891263072619668,21.462271352761853,0.22665063653479334
28.25,-4.136306536701318,-2.977755361194581,21.0190049196533,0.21333440912109514
28.26,-4.03079891349684,-3.077971581862465,20.58781357205147,0.2009632273691537
28.27,-3.945495224628107,-3.1910185462728387,20.16932099809671,0.1895277981651387
28.28,-3.8796609116894825,-3.316255212113956,19.764108886727655,0.17901558837437878
28.29,-3.8325814388976958,-3.4532661316544453,19.372741413591143,0.16941602662061156
28.3,-3.8035805817548396,-3.601835214510913,18.995786069084943,0.1607247361518274
28.310000000000002,-3.7920345157087207,-3.7619203201261584,18.633831754995395,0.15294691375281647
28.32,-3.7973821970186776,-3.933628919969409,18.28750492994876,0.14609999532250642
28.330000000000002,-3.8191324929802524,-4.117194849056429,17.957484440362453,0.14021575010893916
28.34,-3.8568684681837664,-4.312955990062768,17.6445155382221,0.13534192965705918
28.35,-3.910249172759032,-4.521332591286398,17.349423461019434,0.1315435696235318
28.36,-3.9790092114191666,-4.742805803765705,17.073126830777177,0.12890400649672845
28.37,-4.06295630132239,-4.977895926454393,16.816651014422273,0.1275256292681223
28.38,-4.161966954288108,-5.227139766817022,16.58114147161311,0.12753033945570771
28.39,-4.275980346161148,-5.491066454842008,16.367876992293382,0.12905964203963952
28.400000000000002,-4.404990364255924,-5.770170990774753,16.17828258791667,0.13227423493460866
28.41,-4.549035753933743,-6.064884762871642,16.013941640294483,0.13735290579796108
28.42,-4.708188218801043,-6.375542246146663,15.876606723186793,0.14449048311917884
28.43,-4.882538267606663,-6.702343094933602,15.768208287378478,0.15389452583997276
28.44,-5.072178547336436,-7.045308883811882,15.690860134622653,0.16578037653154631
28.45,-5.277184360111247,-7.404233850607312,15.646860296472829,0.18036415480841822
28.46,-5.497591036712339,-7.778629174788995,15.638685581841516,0.19785324172544436
28.47,-5.7333678392560445,-8.167660613335208,15.668977669913863,0.21843381907717077
28.48,-5.98438809938057,-8.570079747970055,15.740518220507305,0.24225510234192962
28.490000000000002,-6.250395378455225,-8.984149710119928,15.856190083789203,0.26941007080203255
28.5,-6.5309655773995905,-9.407567080638987,16.018921365873112,0.2999127856084344
28.51,-6.825465142284878,-9.83738274181395,16.231608920275693,0.33367282878451593
28.52,-7.13300582530396,-10.269925804940234,16.497017889247665,0.37046801820130626
28.53,-7.452396884768973,-10.700736333327818,16.817654344360882,0.40991736001488543
28.54,-7.7820961532717146,-11.124514364689267,17.195609028430184,0.4514571577696419
28.55,-8.120162070483687,-11.535094574460652,17.63237184956111,0.4943242140599491
28.560000000000002,-8.464209549602081,-11.925457585561201,18.128619279030755,0.5375509640179107
28.57,-8.811373382234956,-12.287790083541712,18.683980260134142,0.5799779055704034
28.580000000000002,-9.15828371011525,-12.613606091236123,19.296790634666102,0.6202884926050336
28.59,-9.501058788140213,-12.893940462379822,19.963851241731838,0.6570703520843005
28.6,-9.83532067549656,-13.119622323323318,20.680210284920047,0.688903956287834
28.61,-10.156239430653184,-13.28163038763955,21.438995530498104,0.7144756220727189
28.62,-10.45861065073509,-13.371523632165482,22.231325311493393,0.7327062076713317
28.63,-10.736969610996809,-13.381930078299177,23.046327873349753,0.7428809598841803
28.64,-10.985742728794785,-13.307064351981515,23.871295010303513,0.7447610174403414
28.650000000000002,-11.199433640011396,-13.14323301807547,24.691987256414645,0.7386548495886179
28.66,-11.372837067204642,-12.889277739168456,25.49309392437384,0.7254300492081406
28.67,-11.501269327346225,-12.54690268606379,26.258832989027308,0.7064532842805735
28.68,-11.580800414104393,-12.120836553506921,26.973655482583307,0.6834583025730848
28.69,-11.60846983943087,-11.618792126562049,27.623000152479975,0.6583564294981457
28.7,-11.582467530428758,-11.051206963047893,28.194030620780655,0.6330173695124934
28.71,-11.50226252386204,-10.430774747945742,28.6762827319786,0.609056344749921
28.72,-11.36866607080107,-9.771803882508726,29.062156229415514,0.5876637911276718
28.73,-11.183821677355603,-9.089462776462245,29.34720209147123,0.5695053981964368
28.740000000000002,-10.951121748754371,-8.398985546066525,29.530182026824566,0.5547053567637261
28.75,-10.67505777941134,-7.7149146213875035,29.612905107231477,0.5429084401718285
28.76,-10.361017309493235,-7.0504479349303315,29.59987293586371,0.5334017020121637
28.77,-10.015045232519125,-6.4169402461174965,29.497784443856297,0.5252677227530974
28.78,-9.643588976787587,-5.823584870305665,29.31496154770354,0.5175398837760047
28.79,-9.253246562112976,-5.277278311953796,29.06075698855206,0.5093351740669887
28.8,-8.85053394529217,-4.782650099055083,28.74499732488841,0.49994903383936024
28.810000000000002,-8.441684087695396,-4.342226073625367,28.377500230757708,0.4889067280134529
28.82,-8.0324855802924,-3.956686379420321,27.96768933031861,0.4759742575539166
28.830000000000002,-7.628164152690736,-3.6251787787470455,27.524314716069746,0.46113745802467926
28.84,-7.233306502899533,-3.345652141492277,27.055275063422318,0.44456041070080243
28.85,-6.851822920134252,-3.115182038681256,26.56752881600738,0.4265341217740318
28.86,-6.486943229746041,-2.930268527370802,26.067077307554033,0.4074245221927681
28.87,-6.141239600343872,-2.7870940440078384,25.55900132398848,0.3876261463626309
28.88,-5.816669550676432,-2.6817359620826986,25.04753361325333,0.3675251084828308
28.89,-5.514632867428794,-2.6103334282465473,24.53615230242542,0.3474726784070649
28.900000000000002,-5.236036885867523,-2.5692115406633476,24.02768329248591,0.3277690722073984
28.91,-4.981365513370465,-2.5549679693250593,23.524402884889817,0.30865603229270466
28.92,-4.7507483529792855,-2.5645280395845282,23.02813477748744,0.2903162815926563
28.93,-4.544027214938956,-2.5951744244678845,22.540337958139297,0.2728778528318497
28.94,-4.360818131382708,-2.644557202051833,22.0621838642585,0.25642147207285393
28.95,-4.200567685315281,-2.710689357857376,21.594622493548535,0.24098949259989538
28.96,-4.0626030234619455,-2.791932013817992,21.138438020065262,0.22659523943602974
28.97,-3.946175350574881,-2.886972854835301,20.694294982882177,0.21323197610041777
28.98,-3.8504970151645312,-2.994800467163479,20.262776363782987,0.2008810094508638
28.990000000000002,-3.7747725113191533,-3.114676633629742,19.844414936274855,0.18951869082727596
29.0,-3.7182238566367043,-3.246108061046342,19.43971921625374,0.17912225036665924
29.01,-3.680110879357087,-3.388818543660438,19.049195224455765,0.1696745220890287
29.02,-3.659746973426482,-3.5427221841751595,18.67336511765006,0.16116768963354283
29.03,-3.6565108708651883,-3.707897988338614,18.31278358269742,0.15360621683886286
29.04,-3.669854946438056,-3.8845659069814324,17.96805272911928,0.14700913355294243
29.05,-3.699310518029671,-4.073064207870328,17.639836068750544,0.1414118334457932
29.060000000000002,-3.7444905431911626,-4.27382790733276,17.328872037481176,0.13686751363425229
29.07,-3.805090042362152,-4.487367868465387,17.035987392684646,0.1334483501794876
29.080000000000002,-3.8808845053315313,-4.7142500708421835,16.762110707026036,0.13124646186230776
29.09,-3.97172646167135,-4.955074469818434,16.508286069718878,0.13037466855695695
29.1,-4.077540319552188,-5.2104527875273,16.27568699366972,0.1309670004409024
29.11,-4.198315501478593,-5.480984510264368,16.065630404262084,0.1331788599601332
29.12,-4.334097830827114,-5.767230308197822,15.879590445180671,0.1371866794364466
29.13,-4.484979050441304,-6.069682045911899,15.71921167069761,0.14318685321587138
29.14,-4.65108428507799,-6.388728522036328,15.586320994196617,0.15139365490441178
29.150000000000002,-4.832557194975234,-6.724616072823485,15.482937521765969,0.1620357796671069
29.16,-5.029542510964573,-7.0774032123405135,15.411279111032496,0.1753510834020413
29.17,-5.242165596480538,-7.446908580774178,15.373764155129534,0.19157903304936935
29.18,-5.470508654425462,-7.832651658283119,15.373006700342973,0.2109503484064366
29.19,-5.714583195265679,-8.233786007617175,15.411802571352759,0.2336733247464636
29.2,-5.974298417759018,-8.649025273415882,15.493103718878979,0.2599164034804622
29.21,-6.249425239070505,-9.07656283338951,15.619977555540661,0.28978673837719887
29.22,-6.539555863382358,-9.51398691096167,15.795547662859152,0.3233048262139613
29.23,-6.844059016523685,-9.958194158693342,16.022912018959484,0.3603757727010638
29.240000000000002,-7.1620313188043125,-10.405306227726495,16.3050349284148,0.4007584783323148
29.25,-7.4922457378774014,-10.850595637458856,16.644609283138042,0.44403496250890057
29.26,-7.833098671276863,-11.288429282678207,17.04388682716978,0.4895831614964355
29.27,-8.182557955895776,-11.712240011241962,17.504475936037323,0.536557729563503
29.28,-8.538114971082498,-12.114538613664603,18.027109237674946,0.5838844394893243
29.29,-8.896744945986438,-12.486979896539536,18.61138731969531,0.6302744028722027
29.3,-9.25488051393016,-12.82049674248981,19.255509778386614,0.6742640957354719
29.310000000000002,-9.608404343818643,-13.105514568119775,19.956010740758664,0.7142856212482209
29.32,-9.952667139553363,-13.332254739110928,20.707522196718017,0.7487683881301517
29.330000000000002,-10.282537213041609,-13.491128779240778,21.5025941065477,0.7762683150252897
29.34,-10.592486971696642,-13.573215447901644,22.33160402326383,0.7956141577506711
29.35,-10.876719816560925,-13.570800369968293,23.1827893637451,0.8060536297972938
29.36,-11.129338016854751,-13.477944085450591,24.042430970093502,0.8073763562276699
29.37,-11.344548172242467,-13.291031219219755,24.895206157875673,0.7999884873618991
29.38,-11.516896185390149,-13.009243741550042,25.724712933105824,0.7849169313199676
29.39,-11.641518788851338,-12.634898027578185,26.514145753097516,0.7637305497969971
29.400000000000002,-11.714394364314133,-12.173591132774083,27.247079967022295,0.7383804110328714
29.41,-11.732572925003026,-11.634117464659491,27.908301072029126,0.7109783359321067
29.42,-11.694364490195703,-11.028141773333903,28.484600840716677,0.6835479891585095
29.43,-11.599467157345504,-10.369644640647067,28.965459191037056,0.6577909708598436
29.44,-11.449020990466083,-9.67418707419013,29.343540374820382,0.6349086760268845
29.45,-11.245580857516956,-8.958065405534063,29.614953805255666,0.6155090136217966
29.46,-10.993009541875342,-8.237441401265682,29.779259876993784,0.5996085720072983
29.47,-10.696300524049782,-7.52753265827646,29.839233680231107,0.5867208029328854
29.48,-10.361346499405391,-6.841935432200275,29.80042831604736,0.5760047926077829
29.490000000000002,-9.994673996429892,-6.192129383837863,29.670599517648725,0.5664409657640482
29.5,-9.603165926594208,-5.587186458381336,29.459061805141236,0.5570005775590408
29.51,-9.193792628392513,-5.033679662877314,29.176043566746134,0.5467833643269844
29.52,-8.773368526172305,-4.535766233163666,28.832096701196676,0.5351089368546935
29.53,-8.348346743719546,-4.095406048274006,28.43759950816921,0.5215589060050667
29.54,-7.9246587840083205,-3.7126705998463736,28.00237326776225,0.5059757235946047
29.55,-7.50760147564939,-3.3860991919441648,27.535416559893452,0.4884295652603574
29.560000000000002,-7.1017693255132555,-3.1130652590549825,27.044748792598018,0.4691663035555269
29.57,-6.711027474757572,-2.8901244621550695,26.53734635057151,0.4485485629127194
29.580000000000002,-6.338518669641121,-2.713325574140921,26.019150980457976,0.4269991634771122
29.59,-5.986696901037776,-2.5784736871099807,25.495129641677917,0.40495301149461016
29.6,-5.657380417696993,-2.4813421737013455,24.969366988563724,0.382820448562158
29.61,-5.351817430228971,-2.4178348440519835,24.44517487413069,0.3609626585028295
29.62,-5.070758764612981,-2.384102953521381,23.92520694134726,0.3396780909320937
29.63,-4.8145328067962945,-2.3766234318453128,23.41156991252538,0.31919794551653285
29.64,-4.583119165490907,-2.3922452939896126,22.90592626080539,0.29968842246496874
29.650000000000002,-4.376218478962093,-2.428211017999971,22.409585401252944,0.28125750591724885
29.66,-4.193316654215883,-2.4821590401621063,21.923582357621832,0.26396434446571854
29.67,-4.033742534489331,-2.5521126542904042,21.448744108507405,0.2478296980094049
29.68,-3.8967185446315398,-2.6364596704594163,20.985744595043215,0.23284634231123724
29.69,-3.7814042772989445,-2.733926289907893,20.535149792026278,0.21898870675391682
29.7,-3.686933275362613,-2.8435478429186376,20.09745440786285,0.20622133895588632
29.71,-3.6124434588520145,-2.9646383394640905,19.67311177207422,0.1945060333533371
29.72,-3.557101758678039,-3.0967602023820553,19.262558359421067,0.183807632802553
29.73,-3.5201235726369924,-3.2396950821642148,18.866234236066024,0.17409862237175971
29.740000000000002,-3.500787667350927,-3.3934162775879875,18.48460052917032,0.1653626949663771
29.75,-3.498447125510262,-3.558062991767871,18.11815483811413,0.1575974914860163
29.76,-3.5125368910137436,-3.7339164232140405,17.767445335006585,0.15081671466378488
29.77,-3.542578402939438,-3.9213775119129015,17.433084149455365,0.14505179433597643
29.78,-3.5881817383263686,-4.120946018848514,17.11576049820127,0.14035324913780925
29.79,-3.6490456074761677,-4.333200503304834,16.81625390159914,0.13679184990381196
29.8,-3.7249554665959907,-4.558778667233998,16.535447721434956,0.13445964591619508
29.810000000000002,-3.8157799328240847,-4.798357453363642,16.274343152280082,0.1334708676483845
29.82,-3.921465607034599,-5.052632208853553,16.034073694656385,0.13396266873382365
29.830000000000002,-4.042030330884581,-5.322294156462415,15.815920025181601,0.13609561475590531
29.84,-4.177554826706505,-5.608005349766423,15.621325048451423,0.14005376597215644
29.85,-4.3281725924549965,-5.910370229910004,15.451908759050374,0.14604413424138546
29.86,-4.494057849665923,-6.229902853638688,15.309482350764691,0.15429522087428607
29.87,-4.67541127154403,-6.5669888347162,15.196060774762806,0.16505426291458836
29.88,-4.872443153057371,-6.921841046702903,15.11387266078297,0.17858273382328008
29.89,-5.085353628817819,-7.294448193650796,15.065366168506857,0.19514956751492699
29.900000000000002,-5.314309502912,-7.684515492543424,15.05320892707239,0.21502151394319138
29.91,-5.559417235392817,-8.091396960963403,15.080279752006046,0.23845000824802462
29.92,-5.820691643389383,-8.514019207213142,15.149649313564677,0.2656539702155044
29.93,-6.09801993461153,-8.950797226870666,15.264546396342071,0.29679808182193146
29.94,-6.391120814867325,-9.39954357291168,15.428305886013481,0.33196636180472905
29.95,-6.699498619945149,-9.857373438065444,15.644294222674203,0.37113131667515525
29.96,-7.022392739204848,-10.320609708346183,15.91580788436792,0.41411964411008084
29.97,-7.358723047273279,-10.784693928360152,16.24594066298097,0.4605764274924661
29.98,-7.707032661848681,-11.244111324126822,16.637416262882653,0.5099309812607152
29.990000000000002,-8.065430111112336,-11.692340439855144,17.092384318006992,0.5613689089972926
30.0,-8.431533917425684,-12.121840329881081,17.61218052110828,0.6138163404297685
30.01,-8.802423650415278,-12.524090229317363,18.197055387816622,0.6659434081669373
30.02,-9.174602597397657,-12.889697667738988,18.84588132689963,0.7161943586525509
30.03,-9.543978215854198,-13.208590400973739,19.555854039600355,0.7628507114642435
30.04,-9.905867286517857,-13.470304545044634,20.32221138970005,0.8041310421068077
30.05,-10.25503293718154,-13.6643751876086,21.1379999178232,0.838325926447885
30.060000000000002,-10.585760183183307,-13.78082608687488,21.993924800220757,0.8639594826393863
30.07,-10.891975066337652,-13.810741969484686,22.878321560459085,0.8799606506760747
30.080000000000002,-11.167409681678084,-13.746891384296262,23.777285363754103,0.8858196077898759
30.09,-11.405811333233562,-13.584352079526978,24.67498467292812,0.8816999915406917
30.1,-11.601188973484147,-13.321077462986779,25.554169714684697,0.868478488818401
30.11,-11.748084473022548,-12.958335481309353,26.39686337707909,0.847691615087313
30.12,-11.841850944780965,-12.50095359443388,27.18519550116099,0.8213850205273305
30.13,-11.878916309265142,-11.957317506951627,27.902315511073216,0.7918807119987805
30.14,-11.857008528801511,-11.339096694850381,28.533298479620722,0.7614971462211457
30.150000000000002,-11.775320197540633,-10.660703384551123,29.06595129950176,0.7322702808904994
30.16,-11.634594685073289,-9.938527738292988,29.491431979508796,0.7057256685378847
30.17,-11.437123379896427,-9.190023437553121,29.80461636581045,0.6827411334374313
30.18,-11.18665271890878,-8.432738016145134,30.00417932603756,0.6635192214451374
30.19,-10.888209149415255,-7.683386997171165,30.092395256400085,0.6476644623631665
30.2,-10.547858393420325,-6.9570596102471995,30.07469812879929,0.6343395328621508
30.21,-10.172421095195576,-6.266619791095491,29.959067552326484,0.6224620458192884
30.22,-9.769169419365976,-5.622335077466879,29.75532047372979,0.6109019802101252
30.23,-9.34552838743468,-5.031734505482143,29.474387552668983,0.5986472473762197
30.240000000000002,-8.908802251577564,-4.499670299882824,29.12764131741761,0.5849177587099054
30.25,-8.465940945256794,-4.028540503726055,28.726324212273806,0.5692222213267643
30.26,-8.023355679195632,-3.61862167561256,28.28110332391961,0.5513632624176878
30.27,-7.586787012093779,-3.268461276360897,27.80175892004035,0.5314035581583583
30.28,-7.161223897347626,-2.975285993512819,27.296998541135643,0.5096082461951807
30.29,-6.750868653599953,-2.735392256464916,26.774378317371188,0.48637797276533623
30.3,-6.359140605526576,-2.544496125796662,26.240308248800208,0.4621838663237898
30.310000000000002,-5.988710159407399,-2.398029819386732,25.700117417461875,0.437511874273501
30.32,-5.641555063573876,-2.2913803461896856,25.158157201492852,0.41282022994886913
30.330000000000002,-5.319031264528787,-2.220071690118563,24.617924273066194,0.38851088854830995
30.34,-5.021951829987573,-2.1798958146862453,24.082189457386136,0.3649137749377851
30.35,-4.750668643950305,-2.1669997957593323,23.55312269281313,0.3422815703487775
30.36,-4.505152820598483,-2.1779370832258773,23.032407942660033,0.320792349641611
30.37,-4.285070926239984,-2.2096906792209237,22.521344784395502,0.30055744938266316
30.38,-4.089855083296965,-2.259675268022773,22.020935522833867,0.2816323000625055
30.39,-3.91876583525978,-2.3257243182637195,21.531958118231817,0.2640284364468599
30.400000000000002,-3.7709472786588605,-2.406067092226797,21.05502611106972,0.247725399546007
30.41,-3.645474433778264,-2.4992994578298,20.590637195812203,0.23268169617729012
30.42,-3.5413931533015464,-2.604351470132968,20.13921226878573,0.2188443549854754
30.43,-3.457753082510679,-2.7204538971287238,19.70112675281642,0.2061569014962703
30.44,-3.3936343100902415,-2.84710521188995,19.27673586267312,0.19456577392394206
30.45,-3.3481684063174644,-2.984040049235496,18.86639527811516,0.18402532811359312
30.46,-3.320554553348333,-3.131199712905546,18.4704784744269,0.1745016490494837
30.47,-3.310071444898762,-3.288704999805254,18.089391748121297,0.16597541253789436
30.48,-3.3160855811496397,-3.4568313626513936,17.723587781538804,0.15844403693066353
30.490000000000002,-3.3380565176996595,-3.6359862445837936,17.373578420187226,0.15192334153041376
30.5,-3.3755395510757826,-3.826688274479721,17.039947191495695,0.14644889336923872
30.51,-3.428186242054127,-4.029547897663922,16.723361970464843,0.14207718263417507
30.52,-3.4957430947443555,-4.24524892346971,16.42458809166593,0.13888672221497933
30.53,-3.578048625822692,-4.474530390722985,16.144502112068995,0.13697911999636717
30.54,-3.6750289754021894,-4.718168078599684,15.884106338326038,0.1364801235639878
30.55,-3.786692129161337,-4.9769549191540765,15.644544137833837,0.1375405849061463
30.560000000000002,-3.9131207405173836,-5.251679496697555,15.427115946995855,0.140337235806492
30.57,-4.054463461699057,-5.5431017477745685,15.233295763806776,0.14507310101214604
30.580000000000002,-4.2109246135104215,-5.85192490587702,15.064747755734663,0.15197730417282007
30.59,-4.382751945701341,-6.178762672522537,14.923342417783024,0.16130393994362607
30.6,-4.57022216414363,-6.5241005501396225,14.811171469099582,0.17332959495281972
30.61,-4.773623829452089,-6.888250256682414,14.730560369273828,0.1883490034581516
30.62,-4.993237167754762,-7.271296177761718,14.68407695853794,0.20666822718999134
30.63,-5.229310283483755,-7.673032927857057,14.674534273604003,0.228594665409458
30.64,-5.48203123442964,-8.09289332551058,14.70498506300009,0.2544231505007316
30.650000000000002,-5.751495432269757,-8.529866485869093,14.778704932883391,0.28441739608071154
30.66,-6.037667882652516,-8.982406354722276,14.899160422758035,0.3187861796078012
30.67,-6.34033989737008,-9.448331915695704,15.069957690064054,0.3576539123302174
30.68,-6.659080121245155,-9.924721562336506,15.294766955245942,0.4010257374668057
30.69,-6.993180045788207,-10.40780579585724,15.577217548290967,0.4487480650096001
30.7,-7.341594659726599,-10.892864516369675,15.920758477038202,0.5004665459984015
30.71,-7.702879540077289,-11.374137696007361,16.328480132579365,0.5555849175306304
30.72,-8.075126534556238,-11.84476104300495,16.802894328997034,0.6132298418161077
30.73,-8.455901226327232,-12.296741142382478,17.345672635519925,0.6722286260544998
30.740000000000002,-8.842186573678413,-12.720987074478277,17.95734716145421,0.7311081885605413
30.75,-9.230338402190979,-13.10741704896934,18.63698374805707,0.7881242907910845
30.76,-9.616059656219061,-13.44515833544737,19.381844827324464,0.8413291962634163
30.77,-9.994401279673781,-13.722855780577454,20.187067575449305,0.8886828327137277
30.78,-10.359798013057215,-13.929097565161333,21.045391463089885,0.9282067247713399
30.79,-10.706146935980483,-14.052955955447308,21.94697634989325,0.9581714884993443
30.8,-11.026934924554256,-14.084625674583119,22.879355830926745,0.9772985113327605
30.810000000000002,-11.315418084785994,-14.016124221477138,23.827568314126058,0.9849466869641093
30.82,-11.564851605812665,-13.841999348494658,24.77449826825677,0.9812488126660963
30.830000000000002,-11.768762582837422,-13.55997260105962,25.701441232960565,0.9671628263006984
30.84,-11.921251788449837,-13.171438738120143,26.58887934257196,0.944412820888784
30.85,-12.017304085048943,-12.681743204121286,27.4174224483551,0.915313684910106
30.86,-12.053082377352535,-12.100176252539686,28.16883887447712,0.8824979127808936
30.87,-12.026177914585668,-11.439652570531466,28.827076222947063,0.8485872245162258
30.88,-11.935791265384461,-10.716085435504018,29.379162923364746,0.8158675442270567
30.89,-11.78282368173635,-9.94750739232422,29.815889482069032,0.7860277071448276
30.900000000000002,-11.56986731366694,-9.153026350544655,30.132194653814892,0.7600084214565721
30.91,-11.30109353335786,-8.351728806908431,30.327221523210515,0.7379823000510417
30.92,-10.982049670283288,-7.561645730002921,30.40405369614246,0.7194560686562034
30.93,-10.619383869782887,-6.798881283198521,30.36918314044948,0.703461203491163
30.94,-10.22052407443074,-6.076974366163019,30.231790751143137,0.6887857123479548
30.95,-9.793339518514928,-5.406525315433773,30.002933992791757,0.6741995520783649
30.96,-9.34581167858188,-4.79508311394343,29.694732793056023,0.6586368445923577
30.970000000000002,-8.88573710164032,-4.247258708160576,29.31962866973764,0.6413144829589728
30.98,-8.420478124068575,-3.7650112518764844,28.889768381603194,0.6217834097968712
30.990000000000002,-7.956770475391813,-3.3480469170432245,28.41653797594245,0.5999217633864231
31.0,-7.500590221502452,-2.9942725231602,27.910250585789868,0.5758864131276085
31.01,-7.05707718158545,-2.7002554952053694,27.37997446926108,0.5500413397875277
31.02,-6.6305082033969995,-2.461654185833562,26.833477467782615,0.5228792826273215
31.03,-6.224311520495573,-2.273595550016025,26.277259739428448,0.4949488868850768
31.04,-5.841112630959714,-2.1309886089119314,25.716646928266524,0.46679482993510085
31.05,-5.482802400972223,-2.0287710907165173,25.15591923381349,0.4389141596159357
31.060000000000002,-5.1506190544159764,-1.9620928494523833,24.59845665749318,0.4117288809956536
31.07,-4.845237044099357,-1.9264433912230663,24.046885879213832,0.3855727945883184
31.080000000000002,-4.566857262174331,-1.9177325819995346,23.503219005226054,0.36068957804110396
31.09,-4.315294463094363,-1.9323339355258722,22.96897842748618,0.3372388585633997
31.1,-4.090059036866256,-1.9670992983932607,22.44530510801647,0.31530727391610786
31.11,-3.8904313323326103,-2.019352672512992,21.933049783613004,0.29492203425208313
31.12,-3.7155275771022898,-2.086869638925159,21.432848003648942,0.2760651043008999
31.13,-3.564357084068372,-2.1678475637549313,20.945180728982,0.2586867140399539
31.14,-3.4358708988727784,-2.2608705884539075,20.47042259456804,0.24271741432420768
31.150000000000002,-3.3290023581058166,-2.364872385369793,20.00888001343621,0.22807829627467177
31.16,-3.2427002246094943,-2.479098811340995,19.56082118821529,0.21468928736307677
31.17,-3.1759551715141425,-2.6030719091649472,19.126499882771178,0.20247563430179094
31.18,-3.1278204241708942,-2.7365561706876353,18.70617454967009,0.19137280043543722
31.19,-3.0974273582513145,-2.879527562693513,18.30012414745582,0.18133006212575034
31.2,-3.0839968081882074,-3.032145504216689,17.908661737804945,0.17231310203501682
31.21,-3.0868467744382273,-3.1947277496828494,17.532146737952043,0.16430588187805412
31.220000000000002,-3.10539713933129,-3.367727957539971,17.170996522167993,0.15731204449838423
31.23,-3.139171915638316,-3.551715592823685,16.82569791642172,0.15135605320458234
31.240000000000002,-3.187799463582864,-3.7473577112937417,16.49681900857004,0.14648423050878406
31.25,-3.251011023465972,-3.9554020916889083,16.185021596717778,0.1427658116995404
31.26,-3.3286378238276346,-4.176661112703877,15.891074514068096,0.14029408212352906
31.27,-3.4206069397284695,-4.411995705739413,15.615867992416181,0.1391876202606514
31.28,-3.526935992277622,-4.6622986482005615,15.360429150808704,0.1395916201947635
31.29,-3.6477266985264394,-4.928476391591318,15.125938612725035,0.14167921469371295
31.3,-3.7831571996465825,-5.211428542051918,14.913748155748424,0.14565266114500167
31.310000000000002,-3.9334730142519083,-5.512024028480101,14.725399172581065,0.15174418423093833
31.32,-4.098976382338097,-5.831072907664365,14.56264156091921,0.16021618890595415
31.330000000000002,-4.280013683588177,-6.169292672931731,14.427452450597915,0.17136046320753912
31.34,-4.476960532485711,-6.527267863051853,14.322053907120527,0.18549588257111482
31.35,-4.690204073732338,-6.905401727694068,14.248928408478264,0.20296400832702155
31.36,-4.920121928523579,-7.303858718220718,14.210830465176192,0.22412185011168415
31.37,-5.167057181275544,-7.722496670995296,14.210792232677758,0.24933094887583024
31.38,-5.431288756493592,-8.160787778897522,14.252120348367697,0.2789418572397192
31.39,-5.712996529657609,-8.617727862225994,14.338380520128874,0.3132730826630639
31.400000000000002,-6.012220562092002,-9.091734122343174,14.473365627462178,0.35258366669986907
31.41,-6.328813971101712,-9.58053257067088,14.661042322964404,0.39703886686482437
31.42,-6.662389172217222,-10.081037756817166,14.905470434984252,0.4466689661557147
31.43,-7.012257594282463,-10.5892293494771,15.210689015833907,0.5013221433650848
31.44,-7.377363507270677,-11.100032599646317,15.580562861221432,0.5606136647296386
31.45,-7.756213352356012,-11.607212722995714,16.018584021504463,0.6238754265588959
31.46,-8.146802949627107,-12.103296655625126,16.527624572390646,0.6901120157153369
31.470000000000002,-8.546546185273417,-12.57953918195124,17.109640084816107,0.7579717298772088
31.48,-8.95221021399448,-13.025953603952804,17.765328177344497,0.8257429649808123
31.490000000000002,-9.359863763730615,-13.431429155922096,18.49375346483369,0.8913873360614644
31.5,-9.764846631827156,-13.78395724745843,19.291959066947523,0.9526199417276294
31.51,-10.161769656699901,-14.070985140938816,20.15459507310371,1.0070433539631325
31.52,-10.54455498867125,-14.27990766288557,21.07360478918235,1.0523345296606579
31.53,-10.906525955465069,-14.398694205413737,22.03801827120689,1.0864729578434544
31.54,-11.24055380859212,-14.416629627929513,23.033906954236784,1.1079852827010128
31.55,-11.539264837062023,-14.3251250967433,24.044550161003045,1.1161692230045526
31.560000000000002,-11.795305675957037,-14.118531472456276,25.050851362835296,1.111251990839341
31.57,-12.001657431979305,-13.79486829035152,26.032018090504856,1.0944400225732742
31.580000000000002,-12.151981283109354,-13.356371365224035,26.966485610936786,1.067830615770565
31.59,-12.240970731797763,-12.809766867760255,27.83302525174018,1.0341815298153971
31.6,-12.264680237200327,-12.166202391886749,28.61194083059901,0.996566699118731
31.61,-12.220798019099597,-11.440805118170434,29.286229843770258,0.9579759837472832
31.62,-12.10883344901639,-10.651887958933173,29.842577865532697,0.9209343368144546
31.63,-11.93019680717314,-9.819876803874173,30.27206942645974,0.8872138965702585
31.64,-11.68816042435948,-8.966074294864354,30.570535338635285,0.8576907005806226
31.650000000000002,-11.387703537815067,-8.111398281839444,30.738508055616574,0.8323625301989508
31.66,-11.035256225963508,-7.2752313453027515,30.780812176234043,0.8105070660680191
31.67,-10.638368259976238,-6.474492870850701,30.70586481536603,0.7909313846382555
31.68,-10.20533496351715,-5.723004083700445,30.52479115164608,0.7722518742289981
31.69,-9.744813543440157,-5.031169283714922,30.25046994463336,0.7531485799372348
31.7,-9.265460226068692,-4.405953293404354,29.896613618272294,0.7325550370710285
31.71,-8.775612091277509,-3.8511031568047214,29.476963235206036,0.7097664802810767
31.720000000000002,-8.283029318172774,-3.3675446988078086,29.004647798858155,0.6844691264469872
31.73,-7.794705190746999,-2.953881114523396,28.49172683457718,0.6567067999721183
31.740000000000002,-7.316743867947283,-2.606928093105851,27.9489101384039,0.6268073110677292
31.75,-6.8543003220873775,-2.3222337621058733,27.38543141767619,0.5952908397619319
31.76,-6.41157323501519,-2.0945478394602586,26.809043497081714,0.5627783797966888
31.77,-5.9918398838056905,-1.9182196714668174,26.226100521792358,0.5299123938039442
31.78,-5.597521792964384,-1.7875174466599064,25.641695150268458,0.49729600981071964
31.79,-5.230270736713567,-1.6968700708636824,25.05982404181298,0.46545238590354676
31.8,-4.8910661155394095,-1.6410390462042377,24.48356130755072,0.43480266237843485
31.810000000000002,-4.580316451630727,-1.6152307591135215,23.915225815537422,0.4056591404413697
31.82,-4.297959489731521,-1.615160567821677,23.35653362530646,0.3782296765039671
31.830000000000002,-4.043556988171342,-1.6370796907312541,22.808731076015437,0.3526293995817218
31.84,-3.8163816517019433,-1.6777747181305827,22.27270713899662,0.32889641723023466
31.85,-3.615494762279708,-1.7345480343349131,21.74908570058043,0.3070089194348549
31.86,-3.439813912179563,-1.8051858347810201,21.238299664814267,0.2869018493200626
31.87,-3.2881708629136526,-1.8879189245696046,20.740649370308326,0.2684819853833417
31.88,-3.159359979830475,-1.9813801774108901,20.256347992384036,0.25164082659514975
31.89,-3.0521779642139304,-2.084561446004499,19.78555650733236,0.23626507916980188
31.900000000000002,-2.9654557577469616,-2.1967718416893325,19.328410548211878,0.22224482305052784
31.91,-2.8980835590987555,-2.3175986200962684,18.88504116487248,0.20947960831397522
31.92,-2.84902989439292,-2.4468713907200694,18.455591169890802,0.19788282104438282
31.93,-2.817355642351783,-2.584629981089045,18.040228440133102,0.18738468790235474
31.94,-2.8022238462024975,-2.7310960022257214,17.63915726829394,0.1779342784776668
31.95,-2.8029060592204704,-2.886647956801737,17.25262862690026,0.1695008303178649
31.96,-2.818785877110568,-3.05179958429059,16.88095001901811,0.1620746748905044
31.970000000000002,-2.849360213792049,-3.227181031773468,16.524495441325428,0.1556679915953326
31.98,-2.8942387811090473,-3.4135223613570647,16.18371587024824,0.1503155661328816
31.990000000000002,-2.953142139595415,-3.6116388445841245,15.85915059346312,0.1460756814434696
32.0,-3.02589859762194,-3.822417442066419,15.551439639901597,0.14303122456319955
32.01,-3.1124401501559795,-4.046803815875304,15.261337504073643,0.14129105020639887
32.02,-3.212797565475622,-4.285789167436862,14.989728307660522,0.1409915997466577
32.03,-3.327094647590226,-4.540396130503239,14.73764248532884,0.14229872983627162
32.04,-3.455541622651799,-4.811662874157663,14.50627501453857,0.14540965492096602
32.05,-3.5984275180096934,-5.100624483106603,14.297005121895918,0.1505548487360958
32.06,-3.756111321523793,-5.408290581831314,14.111417281297259,0.1579996777039158
32.07,-3.9290116253059892,-5.735618058004544,13.951323160178058,0.16804545032698762
32.08,-4.117594371687069,-6.083477624721039,13.81878395635556,0.1810294581950263
32.09,-4.322358230198325,-6.452612850933465,13.71613228426534,0.19732345461008036
32.1,-4.543817044257357,-6.8435902017338535,13.64599239957601,0.217329867442774
32.11,-4.7824786984331125,-7.256738589958661,13.611297078729802,0.24147487981141813
32.12,-5.038819677601232,-7.692076984246633,13.615298880237022,0.2701973492132371
32.13,-5.313254527477855,-8.149228796169785,13.661572798237732,0.3039323976297445
32.14,-5.60609939605963,-8.627322146758546,13.754006477515627,0.3430884320272371
32.15,-5.917528857352126,-9.124875774870283,13.896773213451096,0.3880164064112433
32.160000000000004,-6.247525319348938,-9.639671397597324,14.094281961357172,0.4389703957928339
32.17,-6.595820532139976,-10.168614879117316,14.351097623262445,0.4960591239990261
32.18,-6.961829081425311,-10.707590720890689,14.671824124680583,0.5591890905216914
32.19,-7.344574325418921,-11.251317240135235,15.060942477144884,0.6280014897338224
32.2,-7.74260805804865,-11.793213379323026,15.522596475016798,0.7018072767071708
32.21,-8.15392629981996,-12.325292292509566,16.06032032122558,0.779527467711592
32.22,-8.575885049474035,-12.838101398642337,16.6767058084382,0.8596488379285208
32.230000000000004,-9.005121552731598,-13.320732918594326,17.373012194086364,0.9402080752924736
32.24,-9.437488569745762,-13.76093211846851,18.148729971816767,1.0188192934292268
32.25,-9.868011065744867,-14.145331294644507,19.001120415386175,1.0927593832129552
32.26,-10.290876406142875,-14.459834387954993,19.924765543320873,1.159121613305951
32.27,-10.699470078453455,-14.690168372186223,20.911176676951595,1.215039046781146
32.28,-11.08646865808904,-14.822601963035392,21.94852166554462,1.257965499935994
32.29,-11.44399962624498,-14.844809477767091,23.021537755220915,1.2859843739621422
32.3,-11.763873284466237,-14.746829306911556,24.11169502258175,1.2980983864417523
32.31,-12.037885231145832,-14.522036190461993,25.197660646755494,1.2944416853879048
32.32,-12.258178997473056,-14.168020415084735,26.256085115447934,1.2763563954139765
32.33,-12.417648444242946,-13.687252774694663,27.26268900791519,1.2462928502925181
32.34,-12.510349991316748,-13.087418940430029,28.193578765504117,1.207526383626773
32.35,-12.531887704244738,-12.381335129987622,29.026671442981975,1.1637267638513726
32.36,-12.479731691836783,-11.586407618499793,29.74307371114921,1.1184566183327072
32.37,-12.353433562418443,-10.723664056036498,30.32825017789646,1.0746983206853917
32.38,-12.15471208655439,-9.816451538606744,30.772836312030247,1.034505057174062
32.39,-11.887396542499697,-8.88894954620102,31.073000063536377,0.9988407657680504
32.4,-11.5572320367846,-7.964672440392809,31.23032382510276,0.9676252864843545
32.410000000000004,-11.17156727706699,-7.065130269887808,31.251249484393323,0.9399515920584613
32.42,-10.738957859885497,-6.208780947952454,31.14618818206411,0.9144069233941555
32.43,-10.268725083530045,-5.41035167554066,30.92843146935002,0.8894177060695623
32.44,-9.770510949277854,-4.6805467256971385,30.61300756769366,0.863548692213906
32.45,-9.253865098763825,-4.026105498372193,30.215608559245123,0.8357120175685724
32.46,-8.72789066863481,-3.4501379207198424,29.7516799916226,0.805271229882712
32.47,-8.200965545968604,-2.9526469302275813,29.23572379370818,0.7720499684226183
32.480000000000004,-7.680545240015627,-2.531148027855676,28.68082752575511,0.7362701118116166
32.49,-7.173044972530939,-2.181308707584329,28.09840365925192,0.6984493492289825
32.5,-6.68379238086757,-1.8975500008473656,27.498104111398533,0.6592855886851736
32.51,-6.217038562612854,-1.6735731936224447,26.887867105983872,0.6195487711031722
32.52,-5.776013768522704,-1.5027933524287735,26.27405335104942,0.5799925764002135
32.53,-5.363014340854632,-1.3786757434631127,25.661633674641926,0.5412912728178297
32.54,-4.979508908776215,-1.2949810757779572,25.054398007378616,0.5040015918778331
32.55,-4.626253862940347,-1.2459311954423307,24.455163927542728,0.4685462034415069
32.56,-4.303410327338197,-1.2263093015016646,23.865970597159013,0.4352138268891328
32.57,-4.010656949383706,-1.2315089420561405,23.28825015772795,0.40417075736529295
32.58,-3.7472946771590303,-1.2575448652531491,22.722973330038876,0.3754791166596194
32.59,-3.5123412144759674,-1.301036930442829,22.170769171843745,0.3491180535245877
32.6,-3.3046140301171167,-1.3591762021157625,21.632020934101995,0.32500513459502894
32.61,-3.1228016743459763,-1.4296803441941284,21.10694101036566,0.3030161117968946
32.62,-2.965523768625535,-1.5107436580133575,20.59562836945196,0.28300203843479543
32.63,-2.831380434025044,-1.600985623930114,20.09811182979862,0.26480330605629876
32.64,-2.7189921584874415,-1.6994006170474496,19.614382252906307,0.2482605952941274
32.65,-2.6270312154790254,-1.8053105447527698,19.1444163308122,0.23322300205086444
32.660000000000004,-2.554245771673998,-1.9183214573681875,18.688194204015243,0.21955374819791715
32.67,-2.4994777870107723,-2.0382846704913535,18.24571272426886,0.2071339457402304
32.68,-2.461675737876029,-2.1652625689041956,17.81699579995511,0.19586488354520704
32.69,-2.4399030989721964,-2.2994990030518663,17.402102942917967,0.1856692692001819
32.7,-2.4333434127977234,-2.441394011851119,17.00113687687316,0.1764918026602506
32.71,-2.441302665338019,-2.591482487371572,16.614250864962013,0.16829939526730803
32.72,-2.4632095776011296,-2.750416319908862,16.241656260667696,0.16108128536238978
32.730000000000004,-2.4986143181222893,-2.918949512153501,15.883630673901592,0.15484924459263563
32.74,-2.547186043119008,-3.0979257175725534,15.540527064195972,0.1496380191018883
32.75,-2.6087095791335084,-3.288267632058384,15.212784017637773,0.14550610721928992
32.76,-2.6830814774897043,-3.4909676423503067,14.900937426098732,0.1425369388552852
32.77,-2.7703055898764903,-3.7070791039452224,14.605633759671036,0.14084048950152367
32.78,-2.8704882385868675,-3.937707580368013,14.327645099548741,0.14055533076986454
32.79,-2.9838329818315126,-4.184001320710246,14.067886072441905,0.14185108652698855
32.8,-3.1106349023395854,-4.447140179897944,13.827432792090628,0.1449312251400886
32.81,-3.2512742742764305,-4.728322093624337,13.607543860788494,0.15003606993520027
32.82,-3.4062093874448656,-5.028746105731392,13.409683404860715,0.15744584702331132
32.83,-3.575968226994248,-5.349590810029222,13.235546001683968,0.1674835071478071
32.84,-3.761138619914572,-5.691986913421119,13.087083188579369,0.1805169510090471
32.85,-3.9623563654410683,-6.056982458589068,12.966531009440834,0.19696015089502836
32.86,-4.180290765024445,-6.445499073432282,12.876437733975628,0.21727249204275
32.87,-4.415626860022894,-6.858277459481707,12.819690454902887,0.24195545465608675
32.88,-4.66904357515663,-7.2958102216634195,12.799538706634028,0.2715455272093639
32.89,-4.941186859537488,-7.758260120245589,12.81961253161915,0.3066019982751067
32.9,-5.232636825594731,-8.24536195415611,12.883931529084602,0.3476880469457891
32.910000000000004,-5.543867826206302,-8.756306647368985,12.996900348163967,0.3953433914714013
32.92,-5.875200406224416,-9.289606817099411,13.163284848288953,0.4500467410231497
32.93,-6.226744150259821,-9.842944291383407,13.38816179623998,0.512166540529584
32.94,-6.598330668944833,-10.413001873726612,13.676833611311322,0.5818991546635076
32.95,-6.989436377269152,-10.995284291261525,14.034698500684884,0.6591948855644983
32.96,-7.399095387144522,-11.583936855991274,14.467065650432378,0.743674245483554
32.97,-7.825803832834819,-12.171574989206075,14.978905392808613,0.8345398464316145
32.980000000000004,-8.26741833666445,-12.74914332905019,15.574526040787298,0.9304931187292773
32.99,-8.721053142805232,-13.305829325036113,16.257173068049354,1.0296695497906279
33.0,-9.182982685062282,-13.829062302274323,17.02855325317911,1.1296105341626488
33.01,-9.648558905988025,-14.30463373192219,17.888296899246193,1.2272929766059888
33.02,-10.11215527164917,-14.716976092913464,18.833385464536224,1.3192376553737395
33.03,-10.56715171997936,-15.049633997947021,19.85758927652321,1.4017118800940964
33.04,-11.005976145121524,-15.285949778516574,20.9509786057257,1.4710293410011874
33.05,-11.420217705162056,-15.409964572991989,22.09958786385925,1.523929805294661
33.06,-11.800824448316488,-15.407504702291003,23.285322152976818,1.5579956873066958
33.07,-12.138391836468783,-15.267383907954729,24.486192024650506,1.5720372637530047
33.08,-12.423539489032079,-14.98261049787101,25.67694084083843,1.5663623898919354
33.09,-12.647361389260412,-14.551453732165765,26.830086974790895,1.54284983246354
33.1,-12.801921344493987,-13.978207131278388,27.917342674994252,1.5047741912295756
33.11,-12.88075304283185,-13.273498119241058,28.91130165673885,1.4563830668156936
33.12,-12.879315519299592,-12.454038827714493,29.787223257111755,1.4022911846970725
33.13,-12.795352981013934,-11.541788596871461,30.52469984019024,1.3468108566454673
33.14,-12.629114419927076,-10.562591367555092,31.10899076386595,1.2933622067072759
33.15,-12.383403113882547,-9.544439957208496,31.531846574999047,1.2440883071072246
33.160000000000004,-12.063446743188397,-8.515581980268538,31.791724882159954,1.1997443389857425
33.17,-11.67660153699546,-7.502702895408461,31.89339692740526,1.1598558975206632
33.18,-11.231924106863016,-6.529396142548233,31.847037750467724,1.1230757080185372
33.19,-10.739658590114942,-5.615067405275458,31.666961500063735,1.087630982004126
33.2,-10.210692279374904,-4.774337840334253,31.370194130009637,1.0517525876101843
33.21,-9.656030034028658,-4.0169303753955505,30.97506733431169,1.0140051893428605
33.22,-9.086328253359733,-3.3479605602353906,30.499979128304787,0.973479274322418
33.230000000000004,-8.511515883608254,-2.7685176208273967,29.9624123827074,0.9298458753231147
33.24,-7.940515811937022,-2.276412529108595,29.378247356729393,0.8833025320474085
33.25,-7.381067465478642,-1.8669821602283005,28.761358547352685,0.8344514077048952
33.26,-6.83964193207447,-1.5338633558508503,28.123455319477724,0.7841498540157696
33.27,-6.321434938275905,-1.2696796509330934,27.474110305657764,0.7333650852007638
33.28,-5.830420305064069,-1.0666103876261044,26.820916754957388,0.6830530287698273
33.29,-5.369446364942462,-0.9168334502662234,26.169721778417195,0.6340705234237807
33.3,-4.940359429889722,-0.8128477658890556,25.524892733579644,0.5871217428170408
33.31,-4.544140966422166,-0.7476904722958497,24.889585604627573,0.5427345277634146
33.32,-4.181048041994994,-0.7150675241353013,24.26599506037915,0.5012598325285066
33.33,-3.850749430188995,-0.709416971822718,23.655574807772147,0.46288699344652695
33.34,-3.5524522516945196,-0.7259225531369843,23.059223551539137,0.4276682425837077
33.35,-3.285016072855155,-0.7604926260096445,22.477436438868057,0.39554718895113294
33.36,-3.047052966128181,-0.8097165580707035,21.9104246645747,0.3663874395084364
33.37,-2.8370131953933213,-0.870807905736018,21.358207365407868,0.3399988722053381
33.38,-2.653256988378438,-0.9415412832896198,20.82068044754465,0.31616017774147553
33.39,-2.494113370815374,-1.0201878197952625,20.297666907647784,0.2946371188708505
33.4,-2.357927330763778,-1.1054525243050364,19.788952782952197,0.2751965312257196
33.410000000000004,-2.2430967160474293,-1.1964156805563086,19.294312281892974,0.2576164484039697
33.42,-2.14810029106768,-1.2924795077277018,18.8135250231975,0.24169292523604094
33.43,-2.0715183287707357,-1.39332068942233,18.346387719785227,0.22724420379026752
33.44,-2.012047017220218,-1.4988489310423594,17.892722121943798,0.21411285726509974
33.45,-1.968507838319086,-1.6091714077881025,17.45238059716355,0.20216648960411612
33.46,-1.939852942939194,-1.724562773052262,17.0252503727898,0.1912974873514063
33.47,-1.9251674116608113,-1.8454402800473935,16.61125719550121,0.18142223156742907
33.480000000000004,-1.9236691597016686,-1.9723435053175626,16.210368958013447,0.17248009225021332
33.49,-1.9347071221537637,-2.1059181341784847,15.822599696689574,0.16443245181002447
33.5,-1.9577582433022929,-2.2469032622040146,15.448014262666314,0.15726194058462162
33.51,-1.9924236922773975,-2.396121673884067,15.086733903617223,0.15097201674879052
33.52,-2.038424636410581,-2.5544725720531147,14.738942954787474,0.14558698439454199
33.53,-2.0955978226469507,-2.722926243771287,14.404896819335733,0.14115251528383763
33.54,-2.163891144989167,-2.902520155272043,14.084931413470416,0.13773671955590538
33.55,-2.243359310706028,-3.0943559663228632,13.779474256522839,0.1354317959884052
33.56,-2.334159658195757,-3.299596939248142,13.489057395752546,0.13435628057221746
33.57,-2.436548123049743,-3.519465186508424,13.214332366386106,0.13465790028434288
33.58,-2.5508752939734016,-3.7552381497446703,12.956087395054457,0.1365170238783829
33.59,-2.6775824446166827,-4.008243629191721,12.71526705472,0.14015067967995326
33.6,-2.8171973687608407,-4.279852581957823,12.492994565575962,0.14581707758734683
33.61,-2.9703297823150696,-4.571468777627631,12.29059690179041,0.15382052373766358
33.62,-3.1376659837506233,-4.884514237230192,12.109632798571917,0.16451654562281084
33.63,-3.3199623825130535,-5.220409185154931,11.951923645024626,0.17831694577506363
33.64,-3.5180374103389545,-5.580545013475282,11.819587078977454,0.19569436546771518
33.65,-3.7327612214039316,-5.9662484982591675,11.715072849143752,0.21718575765793577
33.660000000000004,-3.965042462789953,-6.378735227437939,11.641200151067165,0.24339393263392914
33.67,-4.215811257244526,-6.819049918138506,11.601195144293763,0.27498604503835145
33.68,-4.485997388290828,-7.287991049623996,11.598726682047777,0.31268753757944673
33.69,-4.776502519719514,-7.786017066383682,11.637937391320621,0.35726965660363835
33.7,-5.088165128994166,-8.313131390298855,11.723466091986364,0.4095282389194795
33.71,-5.421716706441893,-8.86874373050116,11.860456109048219,0.4702510992917612
33.72,-5.777727699094065,-9.451505845165094,12.054542306161073,0.5401711293813495
33.730000000000004,-6.156541703246915,-10.059121188613986,12.311807689097238,0.6199023159408538
33.74,-6.558196593732833,-10.688130013775767,12.638698307476403,0.7098565334611847
33.75,-6.982331700290579,-11.33367477161247,13.041883150055275,0.8101404688211415
33.76,-7.428080901191462,-11.989255331645712,13.528044176145968,0.9204347408353494
33.77,-7.893952714490991,-12.64648984703162,14.103581161526437,1.0398615042346016
33.78,-8.377700242008213,-13.29490502455495,14.774217520384713,1.1668527213601751
33.79,-8.87618624996918,-13.921788800092356,15.544497796014674,1.299038590871227
33.8,-9.38525177652167,-14.512148055318121,16.417176336923635,1.4331833849086082
33.81,-9.89960033741199,-15.048822326999835,17.392510938415054,1.5652022075761485
33.82,-10.41271375471014,-15.512808771286887,18.467495542608084,1.6902938614265701
33.83,-10.916819284185125,-15.883850344723568,19.63509187779013,1.8032181908686957
33.84,-11.402930172356013,-16.141324173693093,20.883548646047146,1.8987273035288301
33.85,-11.860981855555515,-16.265436897177015,22.195923374770217,1.972127499039403
33.86,-12.280082413619331,-16.238687127718272,23.549938414439577,2.019905832550426
33.87,-12.648887500382452,-16.047495136757874,24.918299067821593,2.040311977591984
33.88,-12.956096360819405,-15.683835508653663,26.269569406758258,2.033758694049781
33.89,-13.191047492833643,-15.146655118634827,27.569635444167023,2.0029108324620393
33.9,-13.34437239631134,-14.442835384992922,28.783690275607814,1.9523847705003163
33.910000000000004,-13.408647594089784,-13.587481415033906,29.87856737039048,1.8880726916039292
33.92,-13.378973484147851,-12.60339901315638,30.825152341163054,1.8162139520687948
33.93,-13.253407899903312,-11.519745250558948,31.60054983248075,1.742419591173919
33.94,-13.033194772193502,-10.369983815673965,32.189693290607025,1.670879244710942
33.95,-12.722752987763378,-9.189405839424683,32.58616668094669,1.6039280064644377
33.96,-12.32942294379701,-8.012554552984358,32.792142052600894,1.5420419432494639
33.97,-11.863001558464827,-6.870896747104352,32.81749078614307,1.4842075139942352
33.980000000000004,-11.33512346221931,-5.791016950946302,32.6782593074537,1.428518197519972
33.99,-10.758561504936534,-4.793494256476498,32.39478066067232,1.3728190942090432
34.0,-10.146521631204669,-3.8924910759141578,31.989708970892714,1.3152469354530485
34.01,-9.511997137028137,-3.095970679943283,31.48622206289933,1.254576284801661
34.02,-8.867229336916903,-2.4063873474119544,30.90655982460009,1.1903528618623023
34.03,-8.22330064979342,-1.8216652359692205,30.27097787069096,1.1228486732197664
34.04,-7.589866398160575,-1.3362927006251955,29.597118698589004,1.052901054499295
34.05,-6.975016090922304,-0.9423938942465542,28.899747844143135,0.9817008298325979
34.06,-6.385244835285488,-0.6306843942134689,28.19077338981539,0.9105820905843176
34.07,-5.82551062731591,-0.3912608390682407,27.479459877931305,0.8408470571007284
34.08,-5.299352583975813,-0.21420939152390867,26.77275547064679,0.7736411895317261
34.09,-4.809047355752087,-0.09004187439623086,26.075667047414424,0.7098798716832826
34.1,-4.355784709455858,-0.009982262542416062,25.391636202554782,0.6502195400960441
34.11,-3.9398475723729383,0.03386799180145113,24.722886118358765,0.5950623424803108
34.12,-3.5607859877160246,0.04845700943922629,24.07072316459826,0.5445829067502765
34.13,-3.2175780538469545,0.0397759935735534,23.435787262355696,0.49876720474952246
34.14,-2.908773842472249,0.012897605720145627,22.818251803544506,0.45745572597172734
34.15,-2.632620502451775,-0.027957757647018976,22.217977874192567,0.42038552836861554
34.160000000000004,-2.387168330058646,-0.07934048134265338,21.634629423649127,0.38722781542980955
34.17,-2.1703586347576485,-0.13848411891401077,21.067756525555595,0.35761933746386826
34.18,-1.9800948695057217,-0.20321784891187902,20.516853531364337,0.3311871066926833
34.19,-1.814298833411043,-0.2718830048727892,19.981398121592747,0.307566700503304
34.2,-1.6709538817180838,-0.3432560762564982,19.46087628418281,0.2864148851297822
34.21,-1.5481370636726484,-0.41647943762774836,18.954797262210974,0.2674175076430427
34.22,-1.444042005412834,-0.49100028113357896,18.46270160964481,0.25029365309930857
34.230000000000004,-1.356994200490395,-0.5665177097725136,17.98416471838013,0.2347970076693099
34.24,-1.285460191282715,-0.6429376221763694,17.51879754497442,0.22071525429348968
34.25,-1.2280519380735313,-0.7203348273742499,17.066245765275077,0.20786818816656108
34.26,-1.1835274903275674,-0.7989217287227768,16.626188203970667,0.19610509728724845
34.27,-1.150788903571094,-0.879022879801634,16.198335104742974,0.18530182191062916
34.28,-1.1288781891469277,-0.9610547201445537,15.78242660575965,0.17535779316651864
34.29,-1.1169719446834554,-1.0455098300424825,15.378231647027322,0.16619325812295652
34.300000000000004,-1.1143751907687143,-1.1329450906519707,14.985547445499645,0.1577468261037223
34.31,-1.1205148335309423,-1.2239731907789495,14.604199618472851,0.14997341736767253
34.32,-1.1349330825260568,-1.3192569797272913,14.234043006027482,0.14284265774912372
34.33,-1.1572810771312094,-1.4195062228017439,13.874963231753158,0.13633773870269644
34.34,-1.1873129109882745,-1.52547636981417,13.526879042343493,0.13045474864534495
34.35,-1.2248801913144443,-1.6379689953727152,13.189745477062267,0.12520247608485596
34.36,-1.2699272264807442,-1.7578336114253643,12.863557934970924,0.1206026856847706
34.37,-1.3224868995697114,-1.885970586350924,12.548357229496933,0.11669087343997467
34.38,-1.3826772561269467,-2.0233349298267345,12.244235745394437,0.11351751516463716
34.39,-1.4506988095333193,-2.170940717714098,11.951344841825716,0.11114983242918379
34.4,-1.526832545896741,-2.329865935097052,11.669903676852126,0.1096741109977124
34.410000000000004,-1.6114385906580597,-2.5012575069181633,11.400209662831726,0.10919861783660056
34.42,-1.7049554797666595,-2.6863362625060963,11.142650798763382,0.10985717293333933
34.43,-1.8078999577859765,-2.886401540287577,10.897720163917045,0.11181344028805956
34.44,-1.9208672020018487,-3.10283507907302,10.66603289608659,0.11526600689680107
34.45,-2.0445313437209713,-3.337103758680161,10.44834601566896,0.12045431705067453
34.46,-2.1796461234230273,-3.5907606406176753,10.245581490544733,0.12766551858965958
34.47,-2.3270454729307013,-3.8654436134577823,10.05885296180398,0.13724225331983841
34.480000000000004,-2.487643762590518,-4.162870760832536,9.889496559812832,0.14959137932375818
34.49,-2.662435381512757,-4.484831335391547,9.739106223847118,0.16519353980704393
34.5,-2.852493230678566,-4.83317093192419,9.60957388209889,0.18461338008380807
34.51,-3.0589655982883333,-5.209769100030206,9.503134732094722,0.2085100466946917
34.52,-3.283070749968867,-5.616507216015906,9.422417656752362,0.237647362343222
34.53,-3.5260883993339527,-6.055223944252221,9.37050048124785,0.27290273597792614
34.54,-3.7893470235213487,-6.5276550673754175,9.350969271798867,0.31527341575057216
34.550000000000004,-4.074205751964821,-7.035353873707223,9.367980137273243,0.3658781020347773
34.56,-4.38202928625068,-7.5795877027587295,9.4263209419905,0.425951194481781
34.57,-4.714154011461977,-8.16120574346636,9.531468884450353,0.4968260569738052
34.58,-5.071843150945986,-8.780472882540602,9.68963794666283,0.579902691080469
34.59,-5.456228526779386,-9.436864509000458,9.907807683877584,0.6765942217779992
34.6,-5.868236267328661,-10.12881798389576,10.193721648980052,0.7882458320655177
34.61,-6.308493729126302,-10.85343838117155,10.555839949905163,0.916019598696611
34.62,-6.77721508723006,-11.60615961792597,11.003226186408998,1.0607396365469342
34.63,-7.27406365486004,-12.38036784720906,11.545344710102246,1.2226948254527377
34.64,-7.797990225327309,-13.167002651331783,12.191740571817114,1.4014021101391725
34.65,-8.347048833193535,-13.954163705187835,12.951572943726568,1.59534285996725
34.660000000000004,-8.918194567016432,-14.72676634790503,13.832975132622485,1.8016985742874105
34.67,-9.507072648694368,-15.466308258913964,14.84222306822262,2.0161297620133287
34.68,-10.107813995076386,-16.150829131402723,15.982712291693897,2.232660534459508
34.69,-10.712859671231412,-16.755161785501052,17.253773685796986,2.4437457925554633
34.7,-11.312844321085567,-17.251580006553166,18.649401736394122,2.640599026791988
34.71,-11.896575437950164,-17.610936717055925,20.157023994900843,2.8138358047061147
34.72,-12.451149069619438,-17.804346307233235,21.75649924614855,2.954432008720509
34.730000000000004,-12.962240474349615,-17.805389974565987,23.4195803539116,3.0549065324320455
34.74,-13.414597498482639,-17.592713206011812,25.11009503054425,3.1105316425167544
34.75,-13.79274308446525,-17.152753576836247,26.78506066391439,3.120286870543489
34.76,-14.081861638301797,-16.482214505836534,28.39684094204918,3.0872532539770035
34.77,-14.268805770813506,-15.589829179247568,29.89627339563123,3.0182342086591216
34.78,-14.343122834527811,-14.496982070590047,31.236476763774977,2.922588699134661
34.79,-14.297975040747026,-13.23689819722851,32.376841827278504,2.810514886923899
34.800000000000004,-14.130822766362245,-11.852359635972237,33.28658905510652,2.6912253893094187
34.81,-13.84376361277361,-10.392207784585509,33.947297172760514,2.571508743158233
34.82,-13.44346791666571,-8.907151620282319,34.35398215399157,2.455038603536809
34.83,-12.94071458392164,-7.445543364678253,34.514593975227605,2.3425276610014008
34.84,-12.349593871526144,-6.049759544467959,34.44811367075884,2.232546727553046
34.85,-11.686490699155112,-4.7536519841573694,34.181682346456974,2.1226568004403497
34.86,-10.968983282992689,-3.5812741484102846,33.74731308996521,2.010484523510104
34.87,-10.214785684858223,-2.546827124535854,33.17871351150232,1.894481411948537
34.88,-9.440835217740222,-1.6555749503444708,32.50861549287867,1.7742695300431885
34.89,-8.662586798103707,-0.90538336361983,31.76682856014097,1.6506173990442576
34.9,-7.8935367816611395,-0.28853439997559316,30.97906089119509,1.5251696220735218
34.910000000000004,-7.1449662861187395,0.20646751013419057,30.166424203601974,1.4000696818059426
34.92,-6.425872256041815,0.5932900738279646,29.34546817424773,1.2775884225588712
34.93,-5.743043783163863,0.8864687938089189,28.528570351713796,1.1598267905941744
34.94,-5.1012394056890376,1.1004308443696003,27.72452301385599,1.0485198501613904
34.95,-4.50342530839653,1.2488252679227392,26.93919210116144,0.9449394045606871
34.96,-3.951041673548698,1.344111350565325,26.17616174912409,0.8498763037109333
34.97,-3.444272676363037,1.397348065277642,25.437312646755682,0.763678004854488
34.980000000000004,-2.982303350434071,1.4181295496638895,24.72330959320828,0.6863182140410802
34.99,-2.563553031742395,1.4146194274657449,24.033992489488718,0.617479988192971
35.0,-2.1858800885366847,1.3936466473583715,23.368676606685618,0.5857219334451638
