t,x,y,z,speed_proxy
0.0,0.1,0.1,0.1,9.801896875783752e-05
0.01,0.1001049501489499,0.10000051479660395,0.10989989666405955,9.801785490180836e-05
0.02,0.10021980131993463,0.10000211808184797,0.11979957329087468,9.801557746239771e-05
0.03,0.10034455490449212,0.10000489754849333,0.12969900978061602,9.801310110054529e-05
0.04,0.10047921272780908,0.10000894003272305,0.13959818595905504,9.801042515798777e-05
0.05,0.10062377708194817,0.10001433152714588,0.14949708157075797,9.800754892553063e-05
0.06,0.10077825075866309,0.1000211571939993,0.15939567627220322,9.80044716434735e-05
0.07,0.10094263708180912,0.10002950137854574,0.16929394962482125,9.800119250203001e-05
0.08,0.10111693993935698,0.10003944762265597,0.17919188108795567,9.799771064173951e-05
0.09,0.10130116381501805,0.10005107867857396,0.18908945001174393,9.799402515386986e-05
0.1,0.10149531381948877,0.10006447652285752,0.19898663562991623,9.799013508081229e-05
0.11,0.10169939572132267,0.10007972237048923,0.20888341705251076,9.798603941646692e-05
0.12,0.10191341597743804,0.10009689668915243,0.21877977325850365,9.798173710661822e-05
0.13,0.10213738176326984,0.1001160792136668,0.2286756830883513,9.797722704930031e-05
0.14,0.10237130100257412,0.10013734896057869,0.23857112523644325,9.797250809515317e-05
0.15,0.10261518239689361,0.10016078424290105,0.24846607824346334,9.7967579047767e-05
0.16,0.10286903545469314,0.10018646268499831,0.2583605204886564,9.796243866401658e-05
0.17,0.10313287052017356,0.10021446123761142,0.2682544301819983,9.795708565438518e-05
0.18,0.10340669880177294,0.10024485619301846,0.2781477853562668,9.795151868327699e-05
0.19,0.10369053240036416,0.10027772320032657,0.28804056385900967,9.79457363693189e-05
0.2,0.10398438433715738,0.1003131372808908,0.2979327433444082,9.79397372856523e-05
0.21,0.10428826858131703,0.10035117284385563,0.3078243012650322,9.793351996021362e-05
0.22,0.10460220007730177,0.1003919037018154,0.31771521486348336,9.792708287600414e-05
0.23,0.10492619477193708,0.10043540308658958,0.3276054611639245,9.792042447134978e-05
0.24,0.10526026964122942,0.10048174366510902,0.33749501696349,9.791354314015326e-05
0.25,0.10560444271693115,0.10053099755540994,0.3473838588235747,9.790643723213152e-05
0.26,0.1059587331128658,0.10058323634273163,0.3572719630609972,9.789910505304744e-05
0.27,0.10632316105102281,0.10063853109571495,0.36715930573903377,9.789154486493412e-05
0.28,0.10669774788743118,0.1006969523826981,0.377045862658319,9.788375488630478e-05
0.29,0.10708251613782152,0.10075857028810666,0.3869316093476086,9.787573329236066e-05
0.3,0.10747748950308601,0.10082345442893484,0.39681652105440074,9.786747821518897e-05
0.31,0.1078826928945456,0.10089167397131518,0.406700572735411,9.785898774395193e-05
0.32,0.1082981524590343,0.10096329764717377,0.41658373904689666,9.785025992507257e-05
0.33,0.10872389560380982,0.10103839377096852,0.4264659943348256,9.784129276241406e-05
0.34,0.10915995102130042,0.10111703025650794,0.436347312624885,9.783208421745181e-05
0.35000000000000003,0.10960634871369745,0.101199274633848,0.4462276676123246,9.782263220944444e-05
0.36,0.11006312001740332,0.10128519406626484,0.45610703265162994,9.781293461559838e-05
0.37,0.1105302976273445,0.10137485536730115,0.4659853807460201,9.780298927123028e-05
0.38,0.11100791562115939,0.10146832501788432,0.47586268453676406,9.77927939699285e-05
0.39,0.11149600948327061,0.10156566918351422,0.48573891629231103,9.778234646371341e-05
0.4,0.11199461612885155,0.10166695373151904,0.4956140478972284,9.77716444631957e-05
0.41000000000000003,0.11250377392769684,0.1017722442483774,0.5054880508409415,9.776068563773551e-05
0.42,0.11302352272800668,0.10188160605710513,0.5153608962062695,9.774946761560932e-05
0.43,0.11355390388009454,0.10199510423470536,0.5252325546577511,9.773798798416895e-05
0.44,0.11409496026002816,0.10211280362968057,0.5351029964297535,9.772624429001203e-05
0.45,0.11464673629321372,0.10223476887960527,0.5449721913143583,9.771423403915808e-05
0.46,0.11520927797793269,0.10236106442875822,0.5548401086490179,9.770195469722388e-05
0.47000000000000003,0.11578263290884147,0.10249175454581334,0.5647067173039751,9.768940368961335e-05
0.48,0.11636685030044334,0.10262690334158814,0.5745719856694393,9.767657840171296e-05
0.49,0.11696198101054275,0.10276657478684906,0.5844358816425117,9.76634761790971e-05
0.5,0.11756807756369154,0.10291083273017299,0.5942983726138525,9.765009432774336e-05
0.51,0.11818519417463708,0.1030597409158643,0.6041594254540826,9.763643011426561e-05
0.52,0.11881338677178185,0.10321336300192703,0.6140190064999116,9.762248076615658e-05
0.53,0.11945271302066467,0.1033717625780917,0.6238770815399842,9.760824347204373e-05
0.54,0.12010323234747282,0.10353500318389663,0.6337336158004376,9.759371538197072e-05
0.55,0.1207650059625953,0.10370314832682338,0.6435885739301606,9.757889360769394e-05
0.56,0.12143809688422674,0.10387626150048644,0.6534419199857462,9.756377522299536e-05
0.5700000000000001,0.12212256996203179,0.10405440620287704,0.6632936174161295,9.75483572640224e-05
0.58,0.12281849190087969,0.10423764595466126,0.6731436290469005,9.753263672965404e-05
0.59,0.12352593128465889,0.10442604431753261,0.6829919170642845,9.751661058188814e-05
0.6,0.1242449586001812,0.10461966491261938,0.6928384429987787,9.750027574625707e-05
0.61,0.12497564626118549,0.10481857143894724,0.7026831677084365,9.748362911228104e-05
0.62,0.12571806863245039,0.10502282769195737,0.7125260513617899,9.74666675339463e-05
0.63,0.1264723020540258,0.10523249758208103,0.7223670534203983,9.744938783021722e-05
0.64,0.12723842486559278,0.10544764515337089,0.7322061326210147,9.743178678559162e-05
0.65,0.12801651743096165,0.10566833460219013,0.7420432469573582,9.741386115069387e-05
0.66,0.12880666216271772,0.10589463029596004,0.7518783536614816,9.739560764290475e-05
0.67,0.12960894354702435,0.10612659679196704,0.7617114091847226,9.737702294704091e-05
0.68,0.13042344816859308,0.10636429885623029,0.7715423691782285,9.735810371608086e-05
0.6900000000000001,0.13125026473583015,0.10660780148243082,0.7813711884730405,9.733884657193885e-05
0.7000000000000001,0.1320894841061691,0.10685716991090341,0.7911978210597276,9.731924810629414e-05
0.71,0.13294119931159903,0.10711246964769262,0.8010222200675553,9.729930488147546e-05
0.72,0.1338055055843979,0.10737376648367418,0.8108443377431797,9.727901343140482e-05
0.73,0.1346825003830805,0.10764112651374322,0.8206641254288499,9.725837026260185e-05
0.74,0.1355722834185703,0.1079146161560709,0.8304815335401093,9.723737185525959e-05
0.75,0.13647495668060505,0.108194302171431,0.8402965115429789,9.721601466438251e-05
0.76,0.13739062446438496,0.10848025168259813,0.8501090079306102,9.719429512100308e-05
0.77,0.13831939339747332,0.10877253219381934,0.8599189701993932,9.717220963347669e-05
0.78,0.13926137246695858,0.10907121161036094,0.8697263448245046,9.714975458885363e-05
0.79,0.14021667304688745,0.10937635825813247,0.87953107723488,9.712692635433548e-05
0.8,0.14118540892597808,0.10968804090338966,0.8893331117875959,9.710372127882865e-05
0.81,0.1421676963356227,0.11000632877251869,0.8991323917416454,9.708013569458769e-05
0.8200000000000001,0.1431636539781888,0.11033129157190355,0.9089288592310901,9.705616591895848e-05
0.8300000000000001,0.14417340305562815,0.11066299950787893,0.9187224552375731,9.70318082562244e-05
0.84,0.14519706729840268,0.11100152330677077,0.9285131195621736,9.700705899956554e-05
0.85,0.14623477299473633,0.11134693423502687,0.9383007907965885,9.698191443313125e-05
0.86,0.147286649020202,0.11169930411943993,0.9480854062936191,9.695637083423123e-05
0.87,0.14835282686765228,0.1120587053674654,0.9578669021369488,9.693042447565782e-05
0.88,0.1494334406775034,0.11242521098763679,0.9676452131101876,9.690407162813954e-05
0.89,0.1505286272683808,0.11279889461008098,0.9774202726651688,9.687730856293138e-05
0.9,0.15163852616813542,0.11317983050713612,0.9871920128894742,9.685013155455121e-05
0.91,0.1527632796452395,0.11356809361407491,0.9969603644731686,9.68225368836756e-05
0.92,0.15390303274057038,0.11396375954993601,1.006725256674723,9.679452084018811e-05
0.93,0.15505793329959128,0.11436690463846634,1.0164866172861031,9.676607972639933e-05
0.9400000000000001,0.1562281320049374,0.11477760592917731,1.0262443725970036,9.673720986044257e-05
0.9500000000000001,0.15741378240941595,0.11519594121851776,1.0359984473582016,9.670790757985996e-05
0.96,0.15861504096942855,0.11562198907116668,1.0457487647440098,9.667816924536581e-05
0.97,0.15983206707882444,0.11605582884144883,1.0554952463138019,9.664799124482639e-05
0.98,0.1610650231031926,0.1164975406948762,1.0652378119725883,9.661736999744993e-05
0.99,0.16231407441460124,0.11694720562981863,1.0749763799306145,9.658630195819194e-05
1.0,0.1635793894267926,0.11740490549930672,1.0847108666619583,9.655478362239756e-05
1.01,0.16486113963084112,0.11787072303297029,1.094441186862097,9.652281153068097e-05
1.02,0.166159499631283,0.11834474185911566,1.1041672534044187,9.649038227407174e-05
1.03,0.1674746471827247,0.1188270465269452,1.1138889772956502,9.645749249940638e-05
1.04,0.16880676322693866,0.11931772252892242,1.123606267630169,9.642413891501785e-05
1.05,0.17015603193045295,0.11981685632328613,1.1333190315431758,9.63903182967099e-05
1.06,0.17152264072264328,0.12032453535671704,1.143027174162691,9.635602749402587e-05
1.07,0.17290678033433407,0.12084084808716045,1.152730598560348,9.632126343684962e-05
1.08,0.174308644836916,0.12136588400680842,1.1624292057009502,9.628602314233572e-05
1.09,0.17572843168198704,0.12189973366524522,1.1721228943907585,9.62503037221811e-05
1.1,0.17716634174152415,0.12244248869275938,1.1818115612244748,9.621410239026892e-05
1.11,0.178622579348592,0.12299424182382636,1.1914951005308902,9.617741647069521e-05
1.12,0.18009735233859547,0.12355508692076514,1.2011734043171578,9.614024340618565e-05
1.1300000000000001,0.18159087209108263,0.12412511899757277,1.2108463622116572,9.610258076693938e-05
1.1400000000000001,0.18310335357210386,0.12470443424394038,1.2205138614054123,9.606442625989857e-05
1.1500000000000001,0.18463501537713373,0.12529313004945464,1.2301757865920226,9.602577773848129e-05
1.16,0.18618607977456103,0.1258913050279881,1.2398320199060713,9.598663321279218e-05
1.17,0.18775677274975283,0.12649905904228265,1.2494824408599667,9.594699086032752e-05
1.18,0.1893473240496979,0.1271164932287296,1.2591269262791789,9.590684903720121e-05
1.19,0.19095796722823455,0.12774371002235024,1.268765350235825,9.586620628991884e-05
1.2,0.19258893969186788,0.12838081318198102,1.2783975839805632,9.582506136772412e-05
1.21,0.1942404827461811,0.12902790781566667,1.288023495872749,9.578341323553756e-05
1.22,0.19591284164284514,0.12968510040626574,1.2976429513088064,9.57412610875181e-05
1.23,0.19760626562723071,0.13035249883727185,1.3072558126487692,9.56986043612831e-05
1.24,0.19932100798662655,0.13103021241885499,1.3168619391409435,9.565544275280159e-05
1.25,0.20105732609906735,0.13171835191412637,1.326461186844639,9.561177623200396e-05
1.26,0.20281548148277426,0.13241702956563095,1.3360534085509221,9.55676050591353e-05
1.27,0.20459573984621085,0.13312635912207127,1.3456384537013353,9.552292980189176e-05
1.28,0.2063983711387569,0.13384645586526653,1.355216168304531,9.547775135337586e-05
1.29,0.20822364960200174,0.13457743663735078,1.3647863948507641,9.543207095088161e-05
1.3,0.21007185382165905,0.13531941986821394,1.374348972224186,9.538589019559338e-05
1.31,0.21194326678010386,0.13607252560318936,1.383903735612883,9.533921107321604e-05
1.32,0.2138381759095325,0.13683687553099183,1.3934505164166004,9.529203597556158e-05
1.33,0.2157568731457458,0.13761259301190965,1.4029891421520893,9.524436772315962e-05
1.34,0.2176996549825549,0.1383998031062544,1.4125194363560132,9.519620958894531e-05
1.35,0.2196668225268091,0.1391986326030721,1.4220412184853546,9.514756532304707e-05
1.36,0.221658681554044,0.1400092100491193,1.4315543038152494,9.509843917873784e-05
1.37,0.223675542564748,0.14083166577810763,1.4410585033341865,9.504883593961618e-05
1.3800000000000001,0.2257177208412447,0.1416661319402204,1.4505536236365013,9.49987609480446e-05
1.3900000000000001,0.22778553650518757,0.14251274253190446,1.4600394668120917,9.494822013492454e-05
1.4000000000000001,0.2298793145756631,0.14337163342594064,1.4695158303332851,9.489722005086564e-05
1.41,0.23199938502789774,0.14424294240179641,1.4789825069387805,9.484576789880791e-05
1.42,0.23414608285256305,0.14512680917626336,1.4884392845145902,9.479387156816162e-05
1.43,0.23631974811567308,0.14602337543438312,1.4978859459719012,9.474153967054444e-05
1.44,0.2385207260190667,0.1469327848606643,1.507322269121778,9.468878157717468e-05
1.45,0.24074936696146715,0.14785518317059362,1.5167480265466216,9.46356074580113e-05
1.46,0.24300602660010978,0.14879071814244382,1.5261629854683025,9.458202832270847e-05
1.47,0.24529106591292868,0.1497395396493811,1.53556690761288,9.45280560634743e-05
1.48,0.24760485126129084,0.1507017996918747,1.5449595490718189,9.447370349992227e-05
1.49,0.24994775445326672,0.15167765243041062,1.5543406601596135,9.441898442599144e-05
1.5,0.25232015280742387,0.15266725421851232,1.5637099852677243,9.436391365905853e-05
1.51,0.25472242921712995,0.15367076363607,1.5730672627147337,9.430850709131973e-05
1.52,0.25715497221534966,0.15468834152298047,1.5824122245926218,9.425278174354353e-05
1.53,0.2596181760399197,0.15572015101309972,1.591744596609061,9.419675582132055e-05
1.54,0.26211244069928336,0.15676635756850907,1.6010640979256308,9.414044877391972e-05
1.55,0.264638172038666,0.15782712901409704,1.6103704409918418,9.40838813558608e-05
1.56,0.2671957818066715,0.1589026355724574,1.619663331374868,9.402707569133487e-05
1.57,0.2697856877222761,0.1599930498991048,1.6289424675848718,9.397005534160554e-05
1.58,0.27240831354219835,0.1610985471180083,1.6382075408958119,9.391284537552062e-05
1.59,0.2750640891286175,0.1622193048574438,1.647458235161618,9.385547244328518e-05
1.6,0.27775345051721595,0.1633555032861647,1.6566942266276152,9.379796485364079e-05
1.61,0.2804768399855148,0.16450732514989158,1.6659151837370751,9.374035265460893e-05
1.62,0.28323470612147406,0.1656749558081199,1.6751207669327735,9.368266771796358e-05
1.6300000000000001,0.28602750389232323,0.16685858327124514,1.6843106284534248,9.362494382759495e-05
1.6400000000000001,0.28885569471358946,0.16805839823800478,1.6934844121248673,9.35672167719538e-05
1.6500000000000001,0.29171974651828525,0.1692745941332349,1.7026417531458637,9.350952444077407e-05
1.6600000000000001,0.29462013382621804,0.17050736714594053,1.7117822778683867,9.345190692623906e-05
1.67,0.2975573378133798,0.17175691626767725,1.7209056035722456,9.3394406628819e-05
1.68,0.3005318463813734,0.17302344333124128,1.73001133823392,9.333706836799885e-05
1.69,0.3035441542268301,0.17430715304966574,1.7390990802894493,9.327993949809367e-05
1.7,0.3065947629107685,0.175608253055519,1.7481684183912372,9.322307002942301e-05
1.71,0.30968418092784444,0.176926953940502,1.7572189311586175,9.316651275505393e-05
1.72,0.31281292377543773,0.1782634692953396,1.7662501869220282,9.311032338339548e-05
1.73,0.3159815140225174,0.17961801574996142,1.7752617434606393,9.305456067690515e-05
1.74,0.31919048137822603,0.18099081301396686,1.7842531477332726,9.299928659717123e-05
1.75,0.32244036276011945,0.18238208391736807,1.7932239356024517,9.294456645669733e-05
1.76,0.3257317023619944,0.1837920544516047,1.8021736315514165,9.28904690776693e-05
1.77,0.329065051721234,0.18522095381082296,1.8111017483939316,9.28370669580308e-05
1.78,0.3324409697855969,0.18666901443341138,1.8200077869767175,9.278443644521233e-05
1.79,0.3358600229793715,0.18813647204378486,1.8288912358743286,9.273265791785669e-05
1.8,0.3393227852688142,0.18962356569440747,1.837751571076298,9.268181597590794e-05
1.81,0.3428298382267844,0.1911305378080445,1.8465882556663684,9.26319996394413e-05
1.82,0.34638177109648677,0.19265763422023288,1.8554007394936223,9.258330255665257e-05
1.83,0.3499791808542246,0.19420510422195822,1.864188458835324,9.253582322140655e-05
1.84,0.3536226722710658,0.1957732006025264,1.8729508360512805,9.248966520078871e-05
1.85,0.357312857973316,0.19736217969261638,1.8816872792295287,9.244493737311837e-05
1.86,0.36105035850168904,0.19897230140749975,1.8903971818231464,9.240175417689396e-05
1.87,0.3648358023690603,0.20060382929041226,1.899079922277991,9.236023587117943e-05
1.8800000000000001,0.36866982611668203,0.2022570305560607,1.9077348636511586,9.232050880794755e-05
1.8900000000000001,0.372553074368734,0.20393217613424813,1.916361353219958,9.228270571691317e-05
1.9000000000000001,0.37648619988507814,0.205629540713599,1.9249587220811877,9.224696600343586e-05
1.9100000000000001,0.38046986361207746,0.20734940278536457,1.9335262847405066,9.221343606009356e-05
1.92,0.3845047347313351,0.20909204468728773,1.94206333869168,9.218226959251494e-05
1.93,0.3885914907062017,0.21085775264750561,1.9505691639854834,9.215362796014325e-05
1.94,0.3927308173258916,0.21264681682846615,1.9590430227880467,9.212768053259848e-05
1.95,0.3969234087470434,0.21445953137083396,1.967484158928411,9.21046050623303e-05
1.96,0.4011699675325496,0.21629619443735967,1.9758917974350794,9.208458807430698e-05
1.97,0.40547120468747516,0.2181571082566845,1.9842651440613284,9.206782527349247e-05
1.98,0.4098278396918752,0.22004257916705125,1.9926033847990576,9.205452197091393e-05
1.99,0.4142406005303132,0.22195291765989053,2.000905685380943,9.204489352915633e-05
2.0,0.4187102237178737,0.22388843842324976,2.009171190770665,9.203916582813703e-05
2.0100000000000002,0.42323745432245324,0.2258494603850305,2.0173990246409765,9.20375757520636e-05
2.02,0.4278230459831038,0.2278363067559979,2.0255882888393817,9.204037169850282e-05
2.0300000000000002,0.43246776092419387,0.22984930507252396,2.033738062841183,9.204781411057927e-05
2.04,0.43717236996514186,0.2318887872390248,2.0418474031896743,9.206017603327636e-05
2.05,0.44193765252546513,0.2339550895700491,2.049915342923235,9.207774369488506e-05
2.06,0.44676439662487805,0.23604855283197365,2.057940890989097,9.21008171147641e-05
2.07,0.4516533988781608,0.2381695222842593,2.065923031643551,9.21297107385042e-05
2.08,0.45660546448450834,0.24031834772021793,2.0738607238383606,9.216475410168459e-05
2.09,0.4616214072110573,0.24249538350723907,2.0817529005931528,9.220629252347908e-05
2.1,0.4667020493702758,0.24470098862642206,2.0895984683535596,9.225468783139141e-05
2.11,0.4718482217908877,0.24693552671155702,2.0973963063348857,9.231031911844002e-05
2.12,0.47706076378198964,0.24919936608739487,2.1051452658510805,9.237358353416377e-05
2.13,0.48234052309000514,0.2514928798071442,2.112844169628796,9.244489711089887e-05
2.14,0.4876883558481052,0.2538164456891294,2.120491811106319,9.25246956268222e-05
2.15,0.49310512651771,0.256170446352542,2.128086953717174,9.261343550725864e-05
2.16,0.49859170782167045,0.2585552692522124,2.1356283301581866,9.271159476587185e-05
2.17,0.5041489806687134,0.2609713067123282,2.1431146416418243,9.281967398738072e-05
2.18,0.5097778340687154,0.2634189559590197,2.150544557132617,9.293819735350434e-05
2.19,0.5154791650383552,0.26589861915173046,2.1579167125674905,9.306771371387723e-05
2.2,0.5212538784966767,0.2684107034132871,2.165229710059835,9.320879770376855e-05
2.21,0.5271028871500737,0.2709556208585786,2.172482117087158,9.336205091049115e-05
2.22,0.533027111366193,0.2735337886217509,2.179672465662175,9.352810309036969e-05
2.23,0.5390274790362284,0.27614562888181854,2.1867992514871992,9.370761343832366e-05
2.24,0.5451049254250621,0.2787915688865919,2.1938609330917225,9.390127191207925e-05
2.25,0.5512603930086862,0.2814720409748114,2.2008559309530753,9.410980061310469e-05
2.2600000000000002,0.5574948312983181,0.2841874825963786,2.207782626600086,9.433395522643126e-05
2.27,0.5638091966505987,0.2869383363305671,2.214639361699667,9.45745265215821e-05
2.2800000000000002,0.5702044520632441,0.28972504990209114,2.221424437126288,9.483234191685669e-05
2.29,0.5766815669554938,0.2925480761949065,2.2281361120142993,9.510826710927715e-05
2.3000000000000003,0.5832415169326771,0.2954078732636106,2.2347726027931154,9.540320777260645e-05
2.31,0.5898852835341951,0.2983049043423043,2.2413320822052736,9.571811132579294e-05
2.32,0.5966138539641879,0.30123963785077257,2.2478126783074206,9.605396877431771e-05
2.33,0.6034282208041345,0.3042125473978344,2.254212473454308,9.641181662694933e-05
2.34,0.6103293817066044,0.30722411178170606,2.2605295032659067,9.679273889039854e-05
2.35,0.6173183390693514,0.31027481498721665,2.2667617555777846,9.719786914445813e-05
2.36,0.6243960996889155,0.31336514617970673,2.2729071693749328,9.762839270019283e-05
2.37,0.6315636743928692,0.31649559969543556,2.2789636337092567,9.808554884375389e-05
2.38,0.6388220776498131,0.3196666750283143,2.2849289866009963,9.85706331684511e-05
2.39,0.6461723271562009,0.322878876812776,2.290801013924382,9.908499999764734e-05
2.4,0.6536154433990381,0.3261327148025853,2.2965774482778785,9.963006490109025e-05
2.41,0.6611524491934739,0.3294287038453837,2.302255967839422,0.000100207307307238
2.42,0.6687843691942684,0.33276736385275746,2.3078341952071115,0.0001008182732140984
2.43,0.6765122293800904,0.3361492197656081,2.313309696225864,0.0001014645780010794
2.44,0.684337056509565,0.339574801514596,2.318679978800615,0.00010214790934426632
2.45,0.6922598775479609,0.3430446439754203,2.323942491696706,0.00010287003023746108
2.46,0.70028171906337,0.3465592869186872,2.3290946233281624,0.00010363278212120843
2.47,0.7084036065912018,0.3501192749541132,2.3341337005346494,0.00010443808812196757
2.48,0.7166265639657792,0.35372515746879646,2.339056987347969,0.00010528795640336938
2.49,0.7249516126177886,0.35737748855928264,2.3438616837490294,0.00010618448363137285
2.5,0.7333797708363031,0.36107682695714105,2.348544924416324,0.0001071298585549532
2.5100000000000002,0.7419120529940617,0.36482373594775597,2.3531037774670325,0.00010812636570370416
2.52,0.7505494687346546,0.36861878328202885,2.357535243191965,0.0001091763892034779
2.5300000000000002,0.7592930221202282,0.3724625410806759,2.36183625278566,0.00011028241671093147
2.54,0.7681437107382911,0.37635558573079486,2.366003667073064,0.00011144704346748431
2.5500000000000003,0.7771025247661648,0.38029849777436353,2.370034275234334,0.00011267297647281848
2.56,0.7861704459915919,0.38429186178832175,2.3739247935294086,0.00011396303877767791
2.57,0.7953484467879798,0.38833626625587675,2.3776718640241388,0.00011532017389522556
2.58,0.8046374890427243,0.39243230342865976,2.381272053319887,0.00011674745032971831
2.59,0.8140385230370262,0.39658056917935075,2.3847218512886452,0.00011824806622067837
2.6,0.8235524862755822,0.40078166284437494,2.3880176698158713,0.00011982535410012162
2.61,0.8331803022645001,0.4050361870562631,2.3911558415533856,0.00012148278575971442
2.62,0.8429228792357616,0.409344747565255,2.3941326186848415,0.0001232239772239504
2.63,0.8527811088165247,0.41370795304971286,2.39694417170644,0.00012505269382461043
2.64,0.8627558646415351,0.41812641491489794,2.3995865882257386,0.0001269728553708659
2.65,0.8728480009068893,0.42260074707965256,2.402055871781581,0.00012898854140836765
2.66,0.8830583508633703,0.42713156575051414,2.404347940688376,0.00013110399655958803
2.67,0.8933877252475578,0.43171948918277686,2.4064586269081363,0.00013332363593651192
2.68,0.9038369106488976,0.43636513742800265,2.408383674953909,0.00013565205061546372
2.69,0.914406667810898,0.44106913206746934,2.4101187408284375,0.000138094013162494
2.7,0.9250977298646144,0.4458320959310324,2.4116593910021185,0.00014065448319624922
2.71,0.9359108004925714,0.4506546528008612,2.413001101434555,0.00014333861297361483
2.72,0.9468465520212703,0.45553742709949996,2.4141392566442414,0.0001461517529817193
2.73,0.957905623440432,0.4604810435616888,2.4150691488311744,0.0001490994575179703
2.74,0.9690886183471251,0.4654861268893688,2.415785977057433,0.0001521874902378342
2.75,0.9803961028129488,0.4705533013892815,2.4162848464910516,0.00015542182964792077
2.7600000000000002,0.9918286031724458,0.47568319059256126,2.416560767718775,0.00015880867451961372
2.77,1.0033866037309518,0.48087641685570753,2.416608656133576,0.00016235444919609446
2.7800000000000002,1.01507054439011,0.486133600942311,2.416423331403113,0.00016606580876298973
2.79,1.0268808181893208,0.4914553615848976,2.415999517025599,0.00016994964405011285
2.8000000000000003,1.0388177687614346,0.49684231502624354,2.415331839979874,0.0001740130864288559
2.81,1.0508816877010527,0.5022950745395036,2.414414830476787,0.00017826351236673008
2.82,1.0630728118438586,0.5078142499264866,2.413242921819317,0.0001827085476972531
2.83,1.0753913204554724,0.5134004469934019,2.4118104503792037,0.00018735607155998617
2.84,1.0878373323284036,0.5190542670033946,2.4101116556981914,0.000192214219961934
2.85,1.1004109027857656,0.5247763061051784,2.4081406807223416,0.00019729138890774538
2.86,1.11311202059052,0.5305671547370705,2.4058915721782133,0.0002025962370422246
2.87,1.1259406047591336,0.5364273970057272,2.4033582811000747,0.00020813768774457684
2.88,1.138896501278658,0.5423576100388762,2.400534663517664,0.00021392493060956195
2.89,1.151979479726385,0.5483583633113391,2.3974144813143776,0.00021996742224634455
2.9,1.165189229791387,0.5544302179436363,2.393991403266136,0.0002262748863212935
2.91,1.1785253576974255,0.5605737259724684,2.390259006271525,0.00023285731276631843
2.92,1.1919873825268947,0.5667894295923707,2.386210776784196,0.00023972495606962963
2.93,1.2055747324456825,0.5730778603678435,2.3818401124588395,0.00024688833256087463
2.94,1.2192867408290442,0.579439538415263,2.3771403240224345,0.0002543582165977971
2.95,1.2331226422888386,0.5858749715538939,2.3721046373827894,0.00026214563555657355
2.96,1.2470815686027301,0.5923846544253301,2.366726195986764,0.0002702618635230503
2.97,1.261162544546254,0.5989690675807068,2.3609980634408667,0.00027871841357720917
2.98,1.2753644836289406,0.6056286765350446,2.354913226407256,0.00028752702855836383
2.99,1.28968618373603,0.6123639307881046,2.3484645977884613,0.00029669967019390356
3.0,1.3041263226776574,0.6191752628111579,2.3416450202144374,0.0003062485064698195
3.0100000000000002,1.31868345364777,0.6260630869990983,2.3344472698458123,0.00031618589711704306
3.02,1.3333560005954392,0.6330277985873586,2.3268640605074364,0.00032652437708356226
3.0300000000000002,1.34814225351166,0.6400697725331231,2.318888048166549,0.0003372766378587241
3.04,1.3630403636351898,0.6471893623603694,2.3105118357700456,0.0003484555065129504
3.0500000000000003,1.3780483385814604,0.6543868989683114,2.301727978455487,0.00036007392231346663
3.06,1.3931640373991137,0.6616626894028668,2.2925289891505733,0.0003721449107747165
3.0700000000000003,1.408385165559253,0.6690170155908199,2.282907344575882,0.0003846815550007794
3.08,1.4237092698830731,0.6764501330364106,2.2728554916656636,0.0003976969641768587
3.09,1.4391337334141405,0.683962269480139,2.2623658544214504,0.0004112042390673622
3.1,1.4546557702422223,0.691553623519648,2.2514308412131268,0.00042521643437979067
3.11,1.470272420286231,0.6992243631926125,2.2400428525419374,0.0004397465178565637
3.12,1.485980544044547,0.7069746245216496,2.2281942892796813,0.00045480732596110576
3.13,1.5017768173217056,0.7148045100213467,2.215877561398012,0.00047041151603034726
3.14,1.5176577259411907,0.7227140871675963,2.203085097201377,0.00048657151477310136
3.15,1.5336195604548686,0.7307033868295273,2.1898093530766465,0.0005032994630031424
3.16,1.5496584108604041,0.7387724016644264,2.176042823771898,0.0005206071565069536
3.17,1.5657701613388515,0.7469210844761582,2.1617780532161492,0.0005385059829595027
3.18,1.5819504850254797,0.7551493465377122,2.1470076458910476,0.000557006854817035
3.19,1.5981948388277911,0.7634570558786311,2.1317242787646267,0.0005761201381341514
3.2,1.6144984583056126,0.771844035538217,2.115920713796214,0.0005958555772730517
3.21,1.6308563526290802,0.7803100617855473,2.099589811020445,0.0006162222154964877
3.22,1.647263299631304,0.7888548623074909,2.08272454221704,0.0006372283114625395
3.23,1.6637138409734717,0.7974781143660727,2.065318005171604,0.0006588812516687509
3.24,1.6802022774411531,0.8061794429267022,2.0473634385311295,0.0006811874589261034
3.25,1.6967226643915574,0.8149584187589588,2.0288542372561773,0.0007041522969792509
3.2600000000000002,1.7132688073725126,0.8238145565118136,2.0097839686698378,0.0007277799714289848
3.27,1.7298342579349426,0.8327473127653553,1.9901463891015359,0.0007520734271557038
3.2800000000000002,1.7464123096616206,0.8417560840612954,1.9699354611215507,0.000777034242488984
3.29,1.762995994435981,0.8508402049147304,1.9491453713597442,0.0008026625204180856
3.3000000000000003,1.7795780789757443,0.8599989458098607,1.9277705488994505,0.0008289567771914275
3.31,1.7961510616570802,0.8692315111825875,1.9058056842347546,0.0008559138287092857
3.3200000000000003,1.8127071696559551,0.8785370373931413,1.883245748776492,0.0008835286751734872
3.33,1.8292383564342154,0.8879145906921339,1.8600860148892215,0.0009117943845202785
3.34,1.8457362995988016,0.8973631651836698,1.8363220764381682,0.0009407019752272993
3.35,1.862192399163292,0.9068816807894043,1.8119498698217007,0.0009702402991528633
3.36,1.87859777624171,0.9164689812176916,1.7869656954613062,0.0010003959251345131
3.37,1.8949432722051927,0.9261238319422225,1.7613662397172543,0.0010311530241441612
3.38,1.9112194483327059,0.9358449181948215,1.7351485971942044,0.0010624932568678261
3.39,1.9274165859874797,0.945630842977333,1.7083102933969359,0.001094395664648789
3.4,1.943524687351228,0.955480125097798,1.6808493076921436,0.0011268365648030667
3.41,1.95953347674849,0.9653911972363909,1.652764096527896,0.0011597894513842302
3.42,1.9754324025935805,0.9753624040468537,1.6240536168578752,0.0011932249025404086
3.43,1.9912106399926437,0.9853920002994316,1.594717349712951,0.0012271104956679464
3.44,2.0068570940331667,0.9954781490715764,1.564755323858001,0.001261410731623296
3.45,2.0223604037930083,1.0056189199929428,1.5341681394671771,0.001296086969305599
3.46,2.0377089471005165,1.0158122875514564,1.5029569917460894,0.0013310973719655944
3.47,2.0528908460766493,1.0260561294674695,1.4711236944246362,0.0013663968666311928
3.48,2.0678939734891473,1.0363482251432647,1.4386707030394936,0.001401937118064208
3.49,2.082705959947734,1.046686254195377,1.4056011379206195,0.0014376665186752791
3.5,2.09731420196803,1.0570677950774197,1.3719188067915584,0.0014735301958231461
3.5100000000000002,2.1117058709303302,1.0674903238012903,1.3376282268888975,0.0015094700379090016
3.52,2.125867922957635,1.0779512127648025,1.302734646501951,0.0015454247406447073
3.5300000000000002,2.139787109735301,1.0884477296939472,1.267244065829697,0.0015813298748243024
3.54,2.1534499902924007,1.0989770367081109,1.2311632570481847,0.0016171179768597985
3.5500000000000003,2.166842943762337,1.1095361895166906,1.1944997834781252,0.0016527186632532588
3.56,2.179952183137445,1.1201221367556133,1.1572620177392379,0.0016880587700674342
3.5700000000000003,2.1927637700292264,1.1307317194723217,1.119459158775159,0.0017230625183247237
3.58,2.205263630442503,1.1413616707677985,1.0811012476304254,0.0017576517061089984
3.59,2.2174375715681314,1.152008615604182,1.0421991818592373,0.001791745927966501
3.6,2.2292712995950215,1.1626690707864662,1.0027647284444563,0.0018252628219999306
3.61,2.240750438538019,1.173339445126683,0.9628105351046412,0.001858118344824721
3.62,2.2518605500737783,1.1840160397988233,0.922350139866933,0.0018902270743088598
3.63,2.2625871543720657,1.194695048892569,0.8813979787842983,0.0019215025397482733
3.64,2.2729157519050145,1.2053725601736809,0.8399693916770963,0.0019518575788403656
3.65,2.282831846211707,1.2160445560586084,0.7980806257811774,0.001981204720510853
3.66,2.2923209675901224,1.2267069148105592,0.7557488371877926,0.0020094565923254935
3.67,2.3013686976829537,1.2373554119638908,0.7129920899645399,0.0020365263508822173
3.68,2.3099606949181406,1.247985721983258,0.6698293528514144,0.002062328133233436
3.69,2.318082720759143,1.258593420163463,0.6262804934317966,0.0020867775270368167
3.7,2.3257206667140977,1.2691739847754222,0.5823662696849259,0.0021097920567804884
3.71,2.3328605820470485,1.2797227994630755,0.5381083188340785,0.0021312916830794133
3.72,2.3394887021284507,1.2902351558954162,0.4935291434132983,0.0021511993116993815
3.73,2.345591477356218,1.3007062566771286,0.4486520944851239,0.0021694413086390863
3.74,2.351155602572662,1.311131218520569,0.4035013519522894,0.0021859480172945647
3.75,2.3561680468969177,1.3215050756810276,0.3581019019178408,0.002200654273450348
3.7600000000000002,2.3606160838867982,1.3318227836563612,0.31247951106045985,0.0022134999135935917
3.77,2.3644873219386087,1.3420792231511949,0.26666069800499376,0.0022244302718376265
3.7800000000000002,2.367769734828293,1.3522692043049482,0.22067270168218556,0.0022333966605754523
3.79,2.370451692292408,1.3623874711819648,0.17454344668633326,0.0022403568298676032
3.8000000000000003,2.3725219905429467,1.3724287065210117,0.12830150565499596,0.002245275400507539
3.81,2.3739698826059255,1.382387536740362,0.0819760587108273,0.0022481242657061257
3.8200000000000003,2.374785108370047,1.3922585371936005,0.03559685002205799,0.002248882956399126
3.83,2.374957924228626,1.402036237670194,-0.010805858445040596,0.0022475389653109135
3.84,2.3744791321954373,1.41171512813375,-0.057201335891309484,0.002244088025106348
3.85,2.373340108373191,1.421289664689762,-0.10355843425986888,0.0022385343362324992
3.86,2.3715328306520638,1.4307542757735034,-0.14984564229649117,0.002230890740392449
3.87,2.3690499055151153,1.4401033685476121,-0.19603114195330384,0.0022211788360041486
3.88,2.3658845938275412,1.4493313354977688,-0.2420828669771578,0.0022094290324757345
3.89,2.362030835487602,1.4584325612137863,-0.28796856350763106,0.0021956805406712983
3.9,2.357483272818717,1.467401429342331,-0.33365585249385155,0.0021799812975429383
3.91,2.3522372725846727,1.4762323296964541,-0.3791122937242595,0.0021623878235596705
3.92,2.3462889465131522,1.4849196655060972,-0.42430545124924446,0.0021429650122640224
3.93,2.339635170216867,1.4934578607927702,-0.46920295996342815,0.0021217858520240812
3.94,2.3322736004064506,1.5018413678506923,-0.5137725931023662,0.002098931080812671
3.95,2.324202690294948,1.5100646748158333,-0.5579823303977449,0.002074488775625466
3.96,2.315421703100206,1.5181223133035149,-0.6018004266258823,0.0020485538789347772
3.97,2.3059307235586575,1.5260088660945268,-0.6451954802766218,0.0020212276653533085
3.98,2.295730667371947,1.5337189748490878,-0.6881365020636419,0.0019926171524402426
3.99,2.2848232885164212,1.5412473478274527,-0.7305929829928841,0.0019628344603077217
4.0,2.273211184354768,1.5485887675955206,-0.772534961703306,0.0019319961253671319
4.01,2.260897798498868,1.555738098693466,-0.813933090793556,0.0019002223741796881
4.0200000000000005,2.2478874213832367,1.56269029524517,-0.8547587018494865,0.0018676363639329955
4.03,2.2341851885191875,1.5694404084861069,-0.8949838688906968,0.0018343633965446052
4.04,2.2197970764109325,1.5759835941873122,-0.9345814699595327,0.0018005301137858656
4.05,2.2047298961262394,1.5823151199531615,-0.9735252465831558,0.0017662636811165754
4.0600000000000005,2.1889912845258315,1.5884303723708848,-1.0117898608483933,0.0017316909681170853
4.07,2.172589693167406,1.5943248639900667,-1.049350949840042,0.0016969377334950123
4.08,2.155534374911856,1.5999942401108151,-1.0861851772060493,0.0016621278226258839
4.09,2.1378353682709017,1.6054342853598234,-1.1222702816274421,0.0016273823854604573
4.1,2.1195034795468093,1.6106409300342046,-1.1575851219869109,0.0015928191223969844
4.11,2.100550262826078,1.6156102561937433,-1.1921097190474523,0.0015585515653780664
4.12,2.080987997899834,1.620338503483063,-1.225825293471292,0.0015246884010336602
4.13,2.0608296661941066,1.6248220746661777,-1.258714300029287,0.0014913328421618055
4.14,2.040088924803065,1.6290575408569392,-1.2907604578719876,0.0014585820532247798
4.15,2.01878007872762,1.6330416464300372,-1.3219487767553277,0.0014265266348513607
4.16,1.9969180514304476,1.6367713135984163,-1.3522655791363483,0.0013952501715869675
4.17,1.9745183538264177,1.6402436466442674,-1.3816985180772146,0.00136482884633485
4.18,1.951597051834538,1.6434559357920926,-1.4102365909189174,0.0013353311240970347
4.19,1.9281707326238262,1.6464056607137494,-1.4378701487092047,0.0013068175067664925
4.2,1.9042564696909254,1.6490904936568207,-1.4645909013923184,0.0012793403598565
4.21,1.8798717869117787,1.6515083021891412,-1.4903919187908032,0.0012529438111928458
4.22,1.8550346217132245,1.6536571515538174,-1.5152676274318257,0.0012276637207530355
4.23,1.8297632875129748,1.6555353066305933,-1.5392138032919236,0.0012035277200267295
4.24,1.8040764355780665,1.6571412335009517,-1.562227560554725,0.001180555318505356
4.25,1.7779930164525473,1.658473600615854,-1.5843073364957818,0.0011587580741968485
4.26,1.7515322411048784,1.6595312795665402,-1.6054528726271153,0.0011381398244132413
4.2700000000000005,1.724713541944329,1.6603133454602927,-1.6256651922512297,0.0011186969725028141
4.28,1.6975565338535266,1.6608190769045275,-1.644946574590136,0.0011004188257007473
4.29,1.6700809753813564,1.6610479556039925,-1.6633005256692046,0.0010832879788577675
4.3,1.6423067302366048,1.6609996655772212,-1.6807317461483937,0.001067280738478598
4.3100000000000005,1.6142537292181782,1.6606740919997014,-1.697246096304498,0.0010523675812622257
4.32,1.5859419327124402,1.6600713196824766,-1.7128505583774993,0.0010385136411840516
4.33,1.5573912938822756,1.6591916311960724,-1.7275531965018478,0.0010256792190947491
4.34,1.5286217226659526,1.6580355046507569,-1.7413631144495558,0.0010138203088283964
4.3500000000000005,1.4996530506967995,1.6566036111451699,-1.754290411416355,0.0010028891339091584
4.36,1.4705049972472004,1.654896811896305,-1.7663461360848813,0.0009928346891159877
4.37,1.441197136292518,1.6529161550646927,-1.7775422391999467,0.0009836032814017597
4.38,1.4117488647823466,1.6506628722893992,-1.7878915248904859,0.0009751390649599058
4.39,1.3821793721980506,1.648138374948147,-1.7974076009708122,0.0009673845655799287
4.4,1.3525076114669332,1.6453442501584443,-1.8061048284504349,0.0009602811898249963
4.41,1.3227522712946653,1.6422822565361157,-1.8139982704769868,0.0009537697149915043
4.42,1.2929317499688657,1.6389543197280307,-1.8211036409308805,0.0009477907562635363
4.43,1.263064130678013,1.635362527736142,-1.8274372528832445,0.0009422852079462449
4.44,1.2331671583812585,1.6315091260501717,-1.8330159671206157,0.0009371946561429392
4.45,1.2032582182562495,1.627396512606424,-1.8378571409308775,0.0009324617607235558
4.46,1.1733543157438193,1.6230272325902564,-1.8419785773351576,0.0009280306049099035
4.47,1.1434720582004008,1.6184039730997142,-1.845398474939945,0.0009238470112689569
4.48,1.1136276381613237,1.6135295576877302,-1.8481353785726808,0.0009198588233538958
4.49,1.0838368182107943,1.6084069408001094,-1.8502081308526146,0.0009160161526580643
4.5,1.0541149174473654,1.6030392021262743,-1.8516358248369287,0.0009122715909453274
4.51,1.0244767995271247,1.5974295408794295,-1.8524377578701143,0.000908580388388114
4.5200000000000005,0.9949368622606583,1.5915812700224334,-1.8526333867524367,0.0009049005982785075
4.53,0.9655090287341406,1.5854978104552333,-1.8522422843311546,0.0009011931893765373
4.54,0.9362067399196332,1.5791826851792414,-1.8512840976060525,0.0008974221272218062
4.55,0.9070429487348929,1.5726395134535067,-1.8497785074288797,0.0008935544259592568
4.5600000000000005,0.8780301155086667,1.56587200495697,-1.8477451898645594,0.0008895601724174506
4.57,0.849180204803614,1.5588839539704913,-1.845203779270587,0.0008854125243286888
4.58,0.8205046835456175,1.551679233591707,-1.8421738331399626,0.0008810876846958641
4.59,0.7920145204053443,1.5442617899951248,-1.8386747987423293,0.0008765648543927354
4.6000000000000005,0.7637201863754616,1.5366356367491845,-1.8347259815877934,0.000871826165134467
4.61,0.7356316564849013,1.5288048492013218,-1.8303465157281935,0.0008668565949756695
4.62,0.7077584125899853,1.5207735589413773,-1.8255553359014238,0.0008616438684867087
4.63,0.6801094471810472,1.51254594835298,-1.820371151515813,0.0008561783437282497
4.64,0.6526932681423989,1.5041262452618227,-1.8148124224635356,0.0008504528880914459
4.65,0.6255179044030774,1.4955187176890434,-1.8088973367446053,0.0008444627449999563
4.66,0.5985909124157295,1.4867276687172148,-1.8026437898761754,0.0008382053933826901
4.67,0.5719193834012486,1.4777574314757524,-1.7960693660556446,0.0008316804017255565
4.68,0.5455099512973244,1.4686123642518623,-1.7891913210404498,0.0008248892783992538
4.69,0.51936880134989,1.4592968457324789,-1.7820265667023927,0.0008178353198407484
4.7,0.49350167928752564,1.4498152703819884,-1.7745916572099045,0.0008105234580409343
4.71,0.4679139010201733,1.4401720439598906,-1.766902776787763,0.0008029601086620994
4.72,0.44261036280502003,1.4303715791819394,-1.7589757290004453,0.000795153020978404
4.73,0.41759555182407876,1.420418291527706,-1.7508259275024873,0.0007871111307023704
4.74,0.39287355711982747,1.4103165951969339,-1.7424683881969103,0.0007788444166318263
4.75,0.3684480808372297,1.400070899216508,-1.7339177227409421,0.0007703637619263281
4.76,0.3443224497225285,1.3896856036993417,-1.725188133336882,0.0007616808207010949
4.7700000000000005,0.32049962683136846,1.3791650962559825,-1.7162934087449913,0.0007528078905107056
4.78,0.29698222340103075,1.3685137485592782,-1.7072469214547275,0.0007437577911851164
4.79,0.2737725108438503,1.357735913061992,-1.6980616259504349,0.0007345437503776705
4.8,0.2508724328212007,1.3468359198668487,-1.688750058007738,0.0007251792960889754
4.8100000000000005,0.2282836173597716,1.3358180737481065,-1.679324334957318,0.0007156781563423171
4.82,0.20600738897420331,1.3246866513233806,-1.669796156853474,0.0007060541661056371
4.83,0.18404478076247788,1.313445898374124,-1.6601768084858317,0.000696321181482244
4.84,0.16239654644277618,1.302100027312853,-1.6504771621737528,0.0006864930011272717
4.8500000000000005,0.14106317230279233,1.2906532147949297,-1.6407076812843853,0.0006765832947891437
4.86,0.12004488903473337,1.2791095994724577,-1.630878424416848,0.0006666055388249384
4.87,0.09934168343142152,1.2674732798876138,-1.6209990501967517,0.0006565729584951823
4.88,0.07895330992104589,1.255748312502534,-1.6110788226270856,0.000646498476806898
4.89,0.058879301920176486,1.243938709862684,-1.6011266169434302,0.000636394669643233
4.9,0.0391189829866497,1.2320484388904882,-1.5911509259234786,0.0006262737268934824
4.91,0.019671477755856325,1.2200814193058418,-1.5811598666029243,0.0006161474192781973
4.92,0.0005357226458066466,1.2080415221700178,-1.5711611873519036,0.0006060270705499374
4.93,-0.018289523681889384,1.195932568549372,-1.5611622752683418,0.0005959235347406514
4.94,-0.03680567011630908,1.1837583282951694,-1.5511701638467266,0.0005858471781211292
4.95,-0.055014283156357355,1.1715225189357883,-1.5411915408830126,0.0005758078655362872
4.96,-0.07291707724283604,1.159228804677506,-1.5312327565785318,0.0005658149507813713
4.97,-0.09051590537009215,1.1468807955100357,-1.5212998318079367,0.0005558772706884328
4.98,-0.10781274998255459,1.1344820464129632,-1.5113984665183235,0.0005460031425992034
4.99,-0.12480971416021217,1.1220360566592247,-1.501534048228769,0.0005362003649092228
5.0,-0.14150901309591166,1.1095462692117672,-1.4917116606015524,0.0005264762203786154
5.01,-0.15791296586626274,1.0970160702095544,-1.481936092058325,0.0005168374819168721
5.0200000000000005,-0.17402398749692283,1.0844487885390983,-1.4722118444164165,0.0005072904205620328
5.03,-0.18984458132209892,1.071847695487742,-1.4625431415223398,0.0004978408153886172
5.04,-0.2053773316372422,1.0592160044749528,-1.452933937861363,0.0004884939650932417
5.05,-0.2206248966431219,1.0465568708579418,-1.443387927123747,0.0004792547010217539
5.0600000000000005,-0.23559000167874475,1.0338733918079848,-1.4339085507099187,0.00047012740141693017
5.07,-0.25027543273993336,1.0211686062538792,-1.424499006158443,0.0004611160066809957
5.08,-0.26468403027978676,1.0084454948890482,-1.4151622554821766,0.0004522240354623507
5.09,-0.27881868328671733,0.9957069802388733,-1.4059010333994326,0.00044345460139076295
5.1000000000000005,-0.29268232363528607,0.9829559267849166,-1.3967178554483644,0.0004348104302998153
5.11,-0.30627792070464166,0.9701951411427812,-1.3876150259740696,0.00042629387778954
5.12,-0.31960847625900213,0.9574273722904366,-1.378594645979154,0.0004179069469958094
5.13,-0.3326770195843008,0.9446553118439327,-1.36965862082964,0.0004096513064460717
5.14,-0.3454866028748463,0.9318815943775088,-1.3608086678092024,0.00040152830789351196
5.15,-0.3580402968636163,0.9191087977852024,-1.352046323515726,0.00039353900403350735
5.16,-0.3703411866896158,0.9063394436811519,-1.3433729510951347,0.00038568416601743083
5.17,-0.38239236799557597,0.8935759978358838,-1.3347897473083268,0.0003779643006893374
5.18,-0.3941969432491536,0.8808208706459669,-1.326297749427882,0.00037037966748083937
5.19,-0.4057580182807009,0.868076417634514,-1.3178978419619631,0.000362930294908668
5.2,-0.4170786990306199,0.8553449399801022,-1.3095907632035488,0.0003556159966278127
5.21,-0.42816208849928317,0.8426286850717799,-1.3013771116037844,0.00034843638700099596
5.22,-0.4390112838924964,0.82992984708792,-1.2932573519688337,0.00034139089615240305
5.23,-0.4496293739554935,0.8172505675967705,-1.285231821480166,0.00033447878448009165
5.24,-0.46001943648849103,0.8045929361766474,-1.2773007355387127,0.0003276991566075505
5.25,-0.47018453603688276,0.7919589910537999,-1.2694641934337831,0.00032105097476025344
5.26,-0.48012772174922563,0.7793507197560706,-1.2617221838380346,0.0003145330715578927
5.2700000000000005,-0.4898520253962536,0.7667700597805572,-1.2540745901301737,0.00030814416221738514
5.28,-0.49936045954425407,0.7542188992735667,-1.2465211955473865,0.0003018828561656152
5.29,-0.5086560158762518,0.7416990777212372,-1.239061688169798,0.00029574766806428885
5.3,-0.5177416636545639,0.7292123866492837,-1.2316956657395226,0.0002897370282523529
5.3100000000000005,-0.5266203483184209,0.7167605703303991,-1.2244226403170941,0.0002838492926140122
5.32,-0.5352949902104805,0.7043453264979246,-1.2172420427782686,0.0002780827518826782
5.33,-0.5437684834262082,0.691968307064472,-1.2101532271543622,0.00027243564039313616
5.34,-0.5520436947802425,0.6796311188442574,-1.2031554748194364,0.00026690614429582173
5.3500000000000005,-0.560123462884018,0.6673353242779729,-1.1962479985277648,0.0002614924092485115
5.36,-0.5680105973290724,0.6550824421590923,-1.1894299463051152,0.000256192547601797
5.37,-0.5757078779706225,0.642873948360572,-1.1827004051974643,0.0002510046450956059
5.38,-0.5832180543061551,0.6307112765609724,-1.176058404880821,0.00024592676708473193
5.39,-0.5905438449439391,0.6185958189690843,-1.16950292113588,0.00024095696431178213
5.4,-0.5976879371565242,0.6065289270462068,-1.163032879191259,0.00023609327824628874
5.41,-0.6046529865144584,0.5945119122252766,-1.1566471569390784,0.00023133374600893314
5.42,-0.6114416165956115,0.5825460466261069,-1.1503445880266556,0.00022667640489983212
5.43,-0.6180564187656551,0.5706325637660431,-1.1441239648280623,0.0002221192965497795
5.44,-0.624499952025408,0.5587726592653947,-1.1379840412992828,0.0002176604707131735
5.45,-0.6307747429209093,0.5469674915470514,-1.1319235357206712,0.00021329798872111734
5.46,-0.6368832855122404,0.5352181825297364,-1.1259411333303702,0.000209029926612793
5.47,-0.6428280413972651,0.5235258183143957,-1.120035488852306,0.0002048543779628775
5.48,-0.6486114397866088,0.5118914498632623,-1.1142052289223165,0.0002007694564223132
5.49,-0.6542358776263433,0.5003160936711776,-1.1084489544159106,0.00019677329798920088
5.5,-0.6597037197649869,0.48880073242878835,-1.102765242681094,0.00019286406302613813
5.51,-0.6650172991615717,0.47734631567727626,-1.0971526496796196,0.00018903993803972793
5.5200000000000005,-0.6701789171316638,0.4659537604543101,-1.091609712039951,0.00018529913723741668
5.53,-0.675190843628358,0.45462395193094657,-1.0861349490251513,0.0001816399038762559
5.54,-0.6800553175553989,0.44335774403923534,-1.0807268644188208,0.00017806051141756575
5.55,-0.6847745471097051,0.4321559600903147,-1.0753839483321377,0.0001745592645008957
5.5600000000000005,-0.6893507101506976,0.4210193933828136,-1.0701046789349578,0.00017113449975007564
5.57,-0.6937859545939532,0.40994880780140164,-1.0648875241138545,0.00016778458642356046
5.58,-0.6980823988268184,0.3989449384053552,-1.059730943059888,0.00016450792692067876
5.59,-0.702242132143732,0.3880084920070318,-1.054633387788807,0.00016130295715481132
5.6000000000000005,-0.7062672151991142,0.37714014774016763,-1.0495933045963013,0.00015816814680399058
5.61,-0.7101596804757848,0.3663405576179351,-1.0446091354508333,0.00015510199944882317
5.62,-0.7139215327669736,0.3556103470807177,-1.0396793193264917,0.00015210305260710775
5.63,-0.7175547496700863,0.3449501155335779,-1.0348022934782264,0.00014916987767402175
5.64,-0.7210612820904833,0.3343604368734131,-1.0299764946617345,0.00014630107977622444
5.65,-0.7244430547536201,0.3238418600058104,-1.0252003603001871,0.000143495297547738
5.66,-0.7277019667239868,0.31339490935162767,-1.0204723295999019,0.0001407512028350038
5.67,-0.7308398919293685,0.3030200853433429,-1.015790844616986,0.00013806750033807836
5.68,-0.733858679689033,0.2927178649112273,-1.0111543512768935,0.00013544292719446955
5.69,-0.7367601552445271,0.28248870195941167,-1.0065613003487626,0.00013287625251172516
5.7,-0.739546120291843,0.2723330278319262,-1.0020101483763253,0.00013036627685450122
5.71,-0.742218353513786,0.26225125176880615,-0.9974993585671009,0.00012791183169142688
5.72,-0.744778611111448,0.2522437613523656,-0.9930274016415198,0.0001255117788067658
5.73,-0.7472286273337572,0.24231092294375126,-0.9885927566435467,0.00012316500968152417
5.74,-0.7495701150041383,0.2324530821098969,-0.9841939117143081,0.00012087044484831328
5.75,-0.7518047660433845,0.2226705640410074,-0.9798293648301611,0.0001186270332240016
5.76,-0.7539342519878965,0.21296367395870852,-0.9754976245065745,0.00011643375142389006
5.7700000000000005,-0.755960224502506,0.20333269751500527,-0.9711972104691339,0.00011428960306086901
5.78,-0.7578843158871539,0.19377790118219795,-0.9669266542929192,0.00011219361803276544
5.79,-0.7597081395767478,0.1842995326339104,-0.9626845000114482,0.00011014485180085051
5.8,-0.7614332906335732,0.17489782111738988,-0.9584693046963189,0.00010814238466223946
5.8100000000000005,-0.7630613462316828,0.16557297781724242,-0.9542796390086364,0.00010618532101871069
5.82,-0.7645938661327317,0.1563251962107715,-0.9501140877232522,0.00010427278864426982
5.83,-0.766032393152778,0.14715465241509093,-0.9459712502267973,0.00010240393795358907
5.84,-0.7673784536196022,0.1380615055261861,-0.9418497409904422,0.00010057794127327963
5.8500000000000005,-0.7686335578201469,0.12904589795010002,-0.9377481900182726,9.879399211778742e-05
5.86,-0.7697992004377151,0.12010795572642279,-0.9336652432721234,9.70513044715457e-05
5.87,-0.7708768609786019,0.11124778884426421,-0.9295995630736755,9.534911207887248e-05
5.88,-0.7718680041878723,0.10246549155089152,-0.9255498284845773,9.368666774296414e-05
5.89,-0.7727740804540317,0.09376114265321406,-0.9215147356653175,9.206324263520344e-05
5.9,-0.7735965262023676,0.0851348058122979,-0.9174929982135386,9.04781256158876e-05
5.91,-0.7743367642767734,0.07658652983109349,-0.9134833474824475,8.893062256736377e-05
5.92,-0.7749962043098958,0.06811634893555915,-0.9094845328799466,8.742005574045785e-05
5.93,-0.775576243081474,0.05972428304936311,-0.905495322149078,8.594576311497851e-05
5.94,-0.7760782648647686,0.05141033806234592,-0.9015145016303476,8.45070977749936e-05
5.95,-0.776503641761002,0.04317450609292433,-0.8975408765064633,8.310342729948545e-05
5.96,-0.7768537340217583,0.0350167657446164,-0.8935732710300016,8.173413316891036e-05
5.97,-0.7771298903593152,0.026937082356866343,-0.8896105287344893,8.039861018811553e-05
5.98,-0.7773334482449001,0.018935408250345953,-0.8856515126293655,7.90962659259935e-05
5.99,-0.7774657341948865,0.011011682966907674,-0.8816951053792678,7.782652017219035e-05
6.0,-0.7775280640449664,0.003165833504362321,-0.8777402094680676,7.658880441112164e-05
6.01,-0.7775217432123547,-0.004602225453747602,-0.8737857473480595,7.538256131349162e-05
6.0200000000000005,-0.7774480669460964,-0.012292591313210526,-0.869830661574693,7.420724424545794e-05
6.03,-0.7773083205655708,-0.019905373348878274,-0.8658739149272211,7.306231679553623e-05
6.04,-0.7771037796872967,-0.027440692488904996,-0.8619144905156205,7.194725231928769e-05
6.05,-0.7768357104401636,-0.03489868110333191,-0.8579513918741304,7.086153350179005e-05
6.0600000000000005,-0.7765053696692248,-0.042279482796860154,-0.8539836430417393,6.98046519378571e-05
6.07,-0.7761140051282042,-0.04958325220565693,-0.8500102886299408,6.877610772992357e-05
6.08,-0.7756628556608812,-0.05681015479804344,-0.8460303938780662,6.777540910348422e-05
6.09,-0.7751531513715295,-0.06396036667891605,-0.8420430446964953,6.680207203994068e-05
6.1000000000000005,-0.7745861137845975,-0.0710340743977557,-0.8380473476980331,6.585561992667427e-05
6.11,-0.7739629559938286,-0.0780314747600836,-0.8340424302177382,6.4935583224144e-05
6.12,-0.7732848828010301,-0.08495277464222506,-0.8300274403214739,6.404149914977057e-05
6.13,-0.7725530908447081,-0.09179819080924656,-0.8260015468034548,6.317291137834712e-05
6.140000000000001,-0.7717687687187934,-0.09856794973593463,-0.8219639391730482,6.232936975869944e-05
6.15,-0.7709330970816932,-0.10526228743068909,-0.8179138276310892,6.151043004628856e-05
6.16,-0.7700472487559097,-0.11188144926220636,-0.8138504430359622,6.0715653651432626e-05
6.17,-0.7691123888184714,-0.11842568978883256,-0.8097730368596967,5.994460740280806e-05
6.18,-0.7681296746824336,-0.12489527259046966,-0.805680881134323,5.919686332587198e-05
6.19,-0.7671002561697036,-0.13129047010292172,-0.8015732683887291,5.84719984358306e-05
6.2,-0.7660252755754561,-0.13761156345457187,-0.7974495115762589,5.776959454476835e-05
6.21,-0.7649058677244068,-0.1438588423052845,-0.7933089439932872,5.70892380825422e-05
6.22,-0.7637431600192148,-0.15003260468743096,-0.7891509191890076,5.6430519931023054e-05
6.23,-0.7625382724812879,-0.15613315684894052,-0.7849748108666659,5.579303527126925e-05
6.24,-0.7612923177842695,-0.16216081309828237,-0.7807800127764715,5.5176383443205195e-05
6.25,-0.7600064012804857,-0.16811589565128798,-0.7765659386004172,5.45801678173652e-05
6.26,-0.7586816210206325,-0.17399873447972672,-0.772332021829238,5.4003995678261564e-05
6.2700000000000005,-0.7573190677669875,-0.17980966716155175,-0.7680777156317377,5.344747811893055e-05
6.28,-0.7559198250004269,-0.18554903873273618,-0.7638024927167131,5.291022994620564e-05
6.29,-0.754484968921531,-0.19121720154062366,-0.759505845187704,5.239186959625971e-05
6.3,-0.7530155684460641,-0.19681451509872092,-0.7551872843907979,5.189201905996674e-05
6.3100000000000005,-0.751512685195106,-0.20234134594286327,-0.7508463407557162,5.141030381762064e-05
6.32,-0.7499773734801221,-0.20779806748868762,-0.7464825636304137,5.094635278255559e-05
6.33,-0.7484106802832486,-0.21318505989035103,-0.7420955211094148,5.049979825321329e-05
6.34,-0.7468136452330729,-0.21850270990043613,-0.7376847998561201,5.0070275873201406e-05
6.3500000000000005,-0.7451873005761849,-0.22375141073098842,-0.7332500049193071,4.965742459889183e-05
6.36,-0.7435326711447742,-0.22893156191563302,-0.728790759544057,4.92608866741123e-05
6.37,-0.7418507743205439,-0.2340435691727225,-0.7243067049773333,4.8880307611487084e-05
6.38,-0.7401426199952098,-0.2390878442694702,-0.7197975002684428,4.851533617998662e-05
6.390000000000001,-0.73840921052785,-0.24406480488702623,-0.7152628220646056,4.8165624398258775e-05
6.4,-0.7366515406993664,-0.2489748744864574,-0.7107023644018627,4.78308275333082e-05
6.41,-0.7348705976643163,-0.2538184821755938,-0.70611583849155,4.751060410411344e-05
6.42,-0.7330673609003668,-0.2585960625767092,-0.7015029725025634,4.720461588976659e-05
6.43,-0.731242802155623,-0.26330805569500443,-0.6968635113396454,4.6912527941732073e-05
6.44,-0.7293978853940728,-0.26795490678786527,-0.6921972164179163,4.663400859983719e-05
6.45,-0.72753356673939,-0.27253706623487045,-0.6875038654338778,4.636872951160549e-05
6.46,-0.7256507944173296,-0.2770549894085266,-0.6827832521331121,4.611636565456106e-05
6.47,-0.7237505086969462,-0.28150913654570986,-0.6780351860749017,4.587659536114516e-05
6.48,-0.7218336418308594,-0.28589997261979755,-0.6732594923939902,4.564910034588711e-05
6.49,-0.7199011179947854,-0.2902279672134731,-0.6684560115597079,4.5433565734493754e-05
6.5,-0.7179538532265488,-0.2944935943921928,-0.6636245991326795,4.5229680094529836e-05
6.51,-0.715992755364782,-0.2986973325783028,-0.6587651255193329,4.503713546736527e-05
6.5200000000000005,-0.714018723987514,-0.30283966442579774,-0.6538774757244263,4.4855627401094385e-05
6.53,-0.7120326503508446,-0.30692107669571544,-0.6489615491018061,4.468485498413214e-05
6.54,-0.7100354173278942,-0.3109420601321616,-0.6440172591036084,4.452452087920351e-05
6.55,-0.7080278993482119,-0.31490310933896326,-0.6390445330281148,4.4374331357469626e-05
6.5600000000000005,-0.7060109623378197,-0.31880472265694987,-0.6340433117664689,4.4233996332528085e-05
6.57,-0.7039854636600651,-0.32264740204186215,-0.6290135495484586,4.410322939405302e-05
6.58,-0.7019522520574442,-0.3264316529428925,-0.6239552136875663,4.398174784084815e-05
6.59,-0.699912167594556,-0.3301579841818604,-0.6188682843254868,4.3869272713095714e-05
6.6000000000000005,-0.6978660416023387,-0.33382690783302843,-0.6137527541763068,4.376552882360694e-05
6.61,-0.6958146966237331,-0.3374389391035669,-0.6086086282705419,4.367024478787834e-05
6.62,-0.6937589463609132,-0.3409945962146743,-0.6034359236992178,4.358315305278554e-05
6.63,-0.691699595624215,-0.3444944002833642,-0.5982346693581844,4.3503989923755036e-05
6.640000000000001,-0.6896374402828906,-0.34793887520492905,-0.5930049056928414,4.343249559025765e-05
6.65,-0.6875732672178072,-0.35132854753609344,-0.5877466844434586,4.3368414149495624e-05
6.66,-0.6855078542762028,-0.354663946378869,-0.5824600683912614,4.3311493628154505e-05
6.67,-0.6834419702286074,-0.35794560326512603,-0.5771451311054555,4.3261486002108943e-05
6.68,-0.681376374728029,-0.3611740520418957,-0.5718019566913548,4.321814721398951e-05
6.69,-0.6793118182714978,-0.3643498287574193,-0.5664306395397767,4.318123718851264e-05
6.7,-0.6772490421640586,-0.36747347154796106,-0.5610312840778621,4.315051984550291e-05
6.71,-0.6751887784852912,-0.37054552052540113,-0.5556040045214743,4.3125763110544696e-05
6.72,-0.6731317500584365,-0.37356651766562676,-0.5501489246293252,4.310673892320334e-05
6.73,-0.6710786704221952,-0.37653700669774043,-0.5446661774589745,4.3093223242776406e-05
6.74,-0.6690302438052661,-0.37945753299410306,-0.5391559051248411,4.3084996051537714e-05
6.75,-0.6669871651036801,-0.38232864346123197,-0.5336182585583631,4.308184135545177e-05
6.76,-0.664950119860982,-0.385150886431573,-0.5280533972704357,4.3083547182344506e-05
6.7700000000000005,-0.6629197842513079,-0.3879248115561669,-0.5224614891162546,4.3089905577523044e-05
6.78,-0.6608968250653986,-0.39065096969822954,-0.5168427100626846,4.310071259684649e-05
6.79,-0.6588818996995844,-0.39332991282766694,-0.5111972439582705,4.3115768297259596e-05
6.8,-0.6568756561477729,-0.39596219391654525,-0.5055252823060017,4.313487672480945e-05
6.8100000000000005,-0.6548787329964636,-0.3985483668355359,-0.49982702403893653,4.3157845900170135e-05
6.82,-0.6528917594228111,-0.40108898625135697,-0.49410267529878854,4.318448780170622e-05
6.83,-0.6509153551957506,-0.4035846075252309,-0.48835244921757165,4.321461834611488e-05
6.84,-0.6489501306801981,-0.40603578661237905,-0.4825765657023957,4.3248057366695754e-05
6.8500000000000005,-0.6469966868443294,-0.4084430799625735,-0.47677525122350006,4.328462858929759e-05
6.86,-0.6450556152699404,-0.41080704442176613,-0.4709487386056068,4.33241596059966e-05
6.87,-0.6431274981658854,-0.4131282371348149,-0.46509726682267205,4.3366481846568794e-05
6.88,-0.6412129083845868,-0.4154072154493272,-0.45922108079610713,4.341143054782436e-05
6.890000000000001,-0.6393124094416033,-0.41764453682063923,-0.4533204311965382,4.345884472087036e-05
6.9,-0.6374265555382437,-0.4198407587179512,-0.4473955742491676,4.3508567116378676e-05
6.91,-0.6355558915872047,-0.4219964385316359,-0.4414467715427952,4.35604441879341e-05
6.92,-0.6337009532412125,-0.42411213348174037,-0.4354742898425545,4.361432605354222e-05
6.93,-0.6318622669246394,-0.42618840052769746,-0.42947840090641226,4.367006645538263e-05
6.94,-0.6300403498680684,-0.42822579627926505,-0.4234593813054778,4.372752271788835e-05
6.95,-0.6282357101457706,-0.43022487690871014,-0.41741751224816154,4.378655570423741e-05
6.96,-0.6264488467160613,-0.43218619806425373,-0.4113530794082207,4.3847029771351266e-05
6.97,-0.6246802494644943,-0.434110314784793,-0.4052663727567227,4.390881272348244e-05
6.98,-0.6229303992498546,-0.43599778141591533,-0.3991576863979561,4.397177576448327e-05
6.99,-0.6211997679529029,-0.4378491515272199,-0.39302731840931165,4.403579344884929e-05
7.0,-0.6194888185278268,-0.43966497783096015,-0.3868755706851546,4.410074363162579e-05
7.01,-0.617798005056349,-0.44144581210202094,-0.3807027487847039,4.41665074172707e-05
7.0200000000000005,-0.6161277728044399,-0.44319220509924373,-0.374509161783931,4.423296910756259e-05
7.03,-0.6144785582815827,-0.44490470648811137,-0.3682951221314871,4.430001614864693e-05
7.04,-0.6128507893025342,-0.4465838647648043,-0.36206094550866347,4.43675390773098e-05
7.05,-0.6112448850515236,-0.44823022718163935,-0.3558069506933879,4.4435431466568966e-05
7.0600000000000005,-0.609661256148831,-0.4498443396739012,-0.349533459428254,4.450358987066793e-05
7.07,-0.6081003047196845,-0.45142674678807543,-0.3432407962925797,4.457191376956398e-05
7.08,-0.6065624244654125,-0.4529779916114932,-0.3369292885784867,4.46403055129918e-05
7.09,-0.6050480007367902,-0.4544986157033944,-0.3305992661709895,4.470867026418935e-05
7.1000000000000005,-0.6035574106095116,-0.4559891590274175,-0.32425106143208027,4.4776915943368216e-05
7.11,-0.6020910229617247,-0.4574501598855222,-0.3178850090887928,4.484495317100553e-05
7.12,-0.6006491985535602,-0.45888215485335127,-0.31150144612522607,4.491269521104081e-05
7.13,-0.599232290108588,-0.4602856787170364,-0.3051007116785051,4.498005791404974e-05
7.140000000000001,-0.59784064239713,-0.4616612644114527,-0.2986831469386551,4.504695966047193e-05
7.15,-0.5964745923213629,-0.46300944295992547,-0.29224909505236113,4.511332130396299e-05
7.16,-0.5951344690021387,-0.4643307434153923,-0.2857989010305851,4.517906611494006e-05
7.17,-0.5938205938674537,-0.46562569280302296,-0.27933291166000795,4.524411972439086e-05
7.18,-0.5925332807424937,-0.46689481606429817,-0.27285147541826427,4.5308410068006455e-05
7.19,-0.5912728359411866,-0.4681386360025485,-0.26635494239293356,4.5371867330703985e-05
7.2,-0.5900395583591885,-0.46935767322995336,-0.25984366420425137,4.543442389159639e-05
7.21,-0.588833739568233,-0.47055244611599906,-0.25331799393150156,4.549601426946712e-05
7.22,-0.5876556639117723,-0.4717234707373957,-0.2467782860430489,4.555657506880494e-05
7.23,-0.5865056086018378,-0.4728712608294494,-0.24022489632997054,4.561604492645002e-05
7.24,-0.5853838438170492,-0.4739963277388888,-0.23365818184324255,4.567436445890135e-05
7.25,-0.5842906328017011,-0.4750991803781406,-0.2270785008344374,4.573147621032952e-05
7.26,-0.5832262319658551,-0.47618032518105186,-0.22048621269988627,4.578732460134483e-05
7.2700000000000005,-0.5821908909863676,-0.4772402660600532,-0.21388167792825927,4.584185587855754e-05
7.28,-0.5811848529087824,-0.4782795043647579,-0.20726525805151574,4.589501806497067e-05
7.29,-0.5802083542500189,-0.47929853884199075,-0.20063731559917578,4.594676091124338e-05
7.3,-0.579261625101785,-0.4802978655972401,-0.19399821405586326,4.59970358478584e-05
7.3100000000000005,-0.5783448892346476,-0.48127797805752576,-0.18734831782206998,4.6045795938226234e-05
7.32,-0.5774583642026904,-0.482239366935675,-0.1806879921780899,4.609299583275495e-05
7.33,-0.5766022614486936,-0.4831825201959978,-0.1740176032510717,4.613859172391399e-05
7.34,-0.5757767864097665,-0.48410792302135275,-0.16733751798513788,4.618254130231645e-05
7.3500000000000005,-0.5749821386233671,-0.4850160577815934,-0.16064810411451727,4.622480371384382e-05
7.36,-0.5742185118336444,-0.48590740400338556,-0.15394973013963895,4.626533951783347e-05
7.37,-0.5734860940980369,-0.48678243834138385,-0.1472427653061336,4.630411064634887e-05
7.38,-0.5727850678940649,-0.4876416345507572,-0.1405275795866895,4.634108036454937e-05
7.390000000000001,-0.5721156102262523,-0.48848546346105093,-0.13380454366570962,4.6376213232174e-05
7.4,-0.5714778927331166,-0.4893143929513729,-0.1270740289267163,4.640947506615363e-05
7.41,-0.5708720817941646,-0.4901288879268916,-0.12033640744244992,4.644083290436376e-05
7.42,-0.5702983386368358,-0.49092941029663206,-0.11359205196760847,4.6470254970527094e-05
7.43,-0.569756819443331,-0.4917164189525569,-0.10684133593417433,4.6497710640275086e-05
7.44,-0.5692476754572702,-0.4924903697499171,-0.10008463344927546,4.652317040837528e-05
7.45,-0.5687710530901207,-0.4932517154888587,-0.0933223192955279,4.6546605857130176e-05
7.46,-0.5683270940273399,-0.49400090589727,-0.08655476893380715,4.6567989625952823e-05
7.47,-0.5679159353341771,-0.4947383876148542,-0.079782358508396,4.6587295382120916e-05
7.48,-0.5675377095610786,-0.49546460417841104,-0.07300546485445703,4.6604497792712415e-05
7.49,-0.5671925448486455,-0.4961799960083115,-0.06622446550777804,4.661957249772338e-05
7.5,-0.5668805650320882,-0.49688500039614925,-0.05943973871673972,4.66324960843672e-05
7.51,-0.5666018897451293,-0.49758005149355133,-0.05265166345645463,4.664324606255514e-05
7.5200000000000005,-0.5663566345233024,-0.49826558030213114,-0.04586061944502762,4.66518008415555e-05
7.53,-0.566144910906599,-0.49894201466456595,-0.03906698716188812,4.6658139707828984e-05
7.54,-0.5659668265414132,-0.49960977925678135,-0.03227114786814544,4.666224280403624e-05
7.55,-0.5658224852817395,-0.5002692955812238,-0.0254734836289186,4.666409110921399e-05
7.5600000000000005,-0.5657119872895753,-0.5009209819612034,-0.018674377337593154,4.666366642011476e-05
7.57,-0.5656354291344833,-0.5015652535362874,-0.011874212741957787,4.6660951333704756e-05
7.58,-0.5655929038922701,-0.5022025222587269,-0.005073374472174417,4.665592923081404e-05
7.59,-0.5655845012427373,-0.5028331968908945,0.0017277519294639993,4.664858426093315e-05
7.6000000000000005,-0.5656103075664626,-0.5034576830037175,0.008528779977032946,4.6638901328149076e-05
7.61,-0.5656704060405698,-0.5040763829760831,0.015329322207777413,4.662686607821399e-05
7.62,-0.5657648767334471,-0.5046896959951978,0.02212899014725817,4.661246488674017e-05
7.63,-0.5658937966983744,-0.50529801805788,0.02892739427288611,4.6595684848512546e-05
7.640000000000001,-0.5660572400660209,-0.5059017419727665,0.03572414397588681,4.657651376791255e-05
7.65,-0.5662552781357755,-0.5065012573634107,0.04251884752173668,4.6554940150445194e-05
7.66,-0.5664879794658728,-0.5070969506722529,0.04931111200911144,4.6530953195362285e-05
7.67,-0.5667554099622799,-0.5076892051654428,0.05610054332738678,4.650454278937364e-05
7.68,-0.5670576329663071,-0.5082784009384904,0.0628867461127305,4.647569950143849e-05
7.69,-0.56739470934091,-0.5088649149227272,0.06966932370282448,4.6444414578631154e-05
7.7,-0.5677666975556492,-0.5094491208925549,0.07644787809025438,4.641067994307225e-05
7.71,-0.5681736537702743,-0.5100313894734602,0.083222009874604,4.637448818991783e-05
7.72,-0.5686156319169007,-0.5106120881507745,0.0899913182132906,4.6335832586401016e-05
7.73,-0.5690926837807484,-0.5111915812791579,0.09675540077117696,4.629470707191852e-05
7.74,-0.5696048590794124,-0.5117702300927833,0.10351385366899502,4.625110625915511e-05
7.75,-0.5701522055406343,-0.5123483927162021,0.11026627143061532,4.62050254362406e-05
7.76,-0.570734768978547,-0.512926424175867,0.11701224692919611,4.615646056993244e-05
7.7700000000000005,-0.5713525933683633,-0.5135046764122911,0.12375137133224484,4.61054083098187e-05
7.78,-0.5720057209194815,-0.5140834982928224,0.13048323404562456,4.605186599353661e-05
7.79,-0.5726941921469804,-0.5146632356250088,0.13720742265653707,4.5995831653000456e-05
7.8,-0.5734180459414765,-0.5152442311705352,0.1439235228755138,4.593730402163516e-05
7.8100000000000005,-0.5741773196373193,-0.5158268246597073,0.15063111847744537,4.5876282542610686e-05
7.82,-0.5749720490790969,-0.5164113528064624,0.15732979124167965,4.581276737807402e-05
7.83,-0.5758022686864286,-0.5169981493238837,0.1640191208912182,4.574675941937444e-05
7.84,-0.576668011517019,-0.5175875449401958,0.17069868503104005,4.567826029827953e-05
7.8500000000000005,-0.5775693093279505,-0.5181798674152208,0.17736805908558162,4.560727239917977e-05
7.86,-0.5785061926351898,-0.5187754415572711,0.18402681623540101,4.553379887227732e-05
7.87,-0.579478690771285,-0.5193745892404562,0.1906745273530546,4.545784364775927e-05
7.88,-0.5804868319412317,-0.5199776294223845,0.19731076093821323,4.537941145095388e-05
7.890000000000001,-0.581530643276484,-0.5205848781622331,0.20393508305204577,4.5298507818466916e-05
7.9,-0.582610150887089,-0.5211966486391681,0.21054705725089615,4.5215139115298986e-05
7.91,-0.5837253799119237,-0.5218132511710896,0.21714624451928125,4.5129312552943556e-05
7.92,-0.5848763545670114,-0.5224349932336805,0.22373220320223558,4.504103620846444e-05
7.930000000000001,-0.5860630981918957,-0.5230621794797378,0.23030448893702937,4.495031904455472e-05
7.94,-0.5872856332940545,-0.5236951117587623,0.2368626545842857,4.485717093057721e-05
7.95,-0.5885439815913278,-0.5243340891367858,0.24340625015852319,4.476160266458713e-05
7.96,-0.5898381640523432,-0.5249794079164132,0.24993482275814966,4.4663625996340406e-05
7.97,-0.5911682009349161,-0.5256313616570573,0.2564479164949331,4.4563253651286403e-05
7.98,-0.5925341118224039,-0.5262902411953441,0.2629450724229754,4.446049935555034e-05
7.99,-0.5939359156579962,-0.5269563346656668,0.2694258284672152,4.435537786190469e-05
8.0,-0.5953736307769175,-0.527629927520866,0.2758897193514855,4.42479049767338e-05
8.01,-0.5968472749365246,-0.5283113025530135,0.2823362765261526,4.413809758799666e-05
8.02,-0.5983568653442776,-0.5290007399142792,0.28876502809536264,4.40259736941848e-05
8.03,-0.5999024186835645,-0.5296985171378571,0.29517549874392185,4.391155243428268e-05
8.040000000000001,-0.6014839511373593,-0.5304049091589299,0.30156720966383815,4.3794854118735355e-05
8.05,-0.6031014784096926,-0.5311201883356491,0.30793967848055104,4.3675900261423505e-05
8.06,-0.6047550157449166,-0.5318446244701093,0.314292419178877,4.355471361264676e-05
8.07,-0.6064445779447415,-0.532578484829294,0.3206249420286988,4.343131819312571e-05
8.08,-0.6081701793830251,-0.5333220341659721,0.32693675351042706,4.330573932902003e-05
8.09,-0.609931834018294,-0.5340755347395213,0.3332273562402632,4.3178003687968204e-05
8.1,-0.6117295554039766,-0.5348392463366582,0.33949624889529306,4.304813931615071e-05
8.11,-0.6135633566963259,-0.5356134262920527,0.3457429261384418,4.291617567637937e-05
8.120000000000001,-0.6154332506600135,-0.5363983295088034,0.3519668785433205,4.2782143687218975e-05
8.13,-0.6173392496713715,-0.5371942084787545,0.3581675925189964,4.264607576313706e-05
8.14,-0.6192813657192624,-0.5380013133026305,0.3643445502347194,4.250800585568815e-05
8.15,-0.6212596104035552,-0.5388198917099666,0.37049722954463754,4.2367969495733324e-05
8.16,-0.6232739949311868,-0.5396501890788151,0.3766251039125359,4.222600383669601e-05
8.17,-0.6253245301097867,-0.5404924484552031,0.3827276423366343,4.2082147698851855e-05
8.18,-0.6274112263388414,-0.5413469105723212,0.3888043092744796,4.193644161465581e-05
8.19,-0.6295340935983793,-0.5422138138694218,0.39485456456796997,4.178892787510467e-05
8.2,-0.6316931414351514,-0.5430933945104033,0.4008778633685495,4.163965057712996e-05
8.21,-0.6338883789462858,-0.5439858864020595,0.4068736560626129,4.14886556720237e-05
8.22,-0.6361198147603931,-0.5448915212119728,0.4128413881971605,4.1335991014890366e-05
8.23,-0.6383874570160996,-0.545810528386028,0.4187805004057469,4.118170641511974e-05
8.24,-0.6406913133379842,-0.5467431351655248,0.42469042833476545,4.102585368787727e-05
8.25,-0.6430313908098969,-0.5476895666038688,0.43057060257011465,4.086848670660287e-05
8.26,-0.6454076959456322,-0.5486500455828172,0.4364204485642923,4.070966145651153e-05
8.27,-0.6478202346569363,-0.5496247928282568,0.44223938656396594,4.0549436089084766e-05
8.28,-0.6502690122188212,-0.5506140269254954,0.4480268315380692,4.0387870977540055e-05
8.290000000000001,-0.6527540332321615,-0.5516179643340402,0.4537821931064754,4.022502877326873e-05
8.3,-0.6552753015835503,-0.5526368194018446,0.4595048754693016,4.006097446322777e-05
8.31,-0.6578328204023862,-0.5536708043790002,0.4651942773368989,3.989577542826258e-05
8.32,-0.6604265920151687,-0.5547201294308505,0.47084979186058495,3.972950150234814e-05
8.33,-0.6630566178969739,-0.5557850026505066,0.4764708065641785,3.956222503272755e-05
8.34,-0.6657228986200858,-0.5568656300707405,0.48205670327639677,3.9394020940921424e-05
8.35,-0.6684254337997574,-0.5579622156752353,0.4876068580641787,3.922496678458366e-05
8.36,-0.6711642220370728,-0.5590749614091686,0.4931206411669999,3.9055142820178465e-05
8.370000000000001,-0.673939260858887,-0.5602040671891083,0.49859741693224674,3.88846320664427e-05
8.38,-0.6767505466548135,-0.5613497309121974,0.5040365437517194,3.871352036860332e-05
8.39,-0.6795980746112348,-0.562512148464605,0.5094373739993368,3.854189646331357e-05
8.4,-0.682481838642308,-0.5636915137292224,0.5147992539701179,3.8369852044264263e-05
8.41,-0.6854018313179383,-0.5648880185925813,0.5201215238205177,3.8197481828430047e-05
8.42,-0.6883580437886926,-0.5661018529509697,0.5254035175101961,3.8024883622903424e-05
8.43,-0.6913504657076274,-0.5673332047157263,0.5306445627453056,3.785215839226394e-05
8.44,-0.6943790851490015,-0.5685822598176881,0.5358439809233805,3.767941032642863e-05
8.45,-0.697443888523848,-0.5698492022107687,0.5410010870799179,3.7506746908926665e-05
8.46,-0.7005448604923773,-0.5711342138746465,0.5461151898367411,3.7334278985533547e-05
8.47,-0.7036819838731837,-0.5724374748165373,0.5511855913522405,3.7162120833196436e-05
8.48,-0.7068552395492292,-0.5737591630720308,0.5562115872735887,3.6990390229180875e-05
8.49,-0.7100646063705771,-0.5750994547049665,0.5611924666910308,3.68192085203608e-05
8.5,-0.7133100610538479,-0.576458523806327,0.5661275120943553,3.664870069256744e-05
8.51,-0.7165915780783723,-0.5778365424921257,0.5710159993316493,3.6478995439910214e-05
8.52,-0.7199091295790143,-0.5792336809002646,0.575857197570452,3.631022523397963e-05
8.53,-0.7232626852356383,-0.5806501071863417,0.5806503692614191,3.6142526392830414e-05
8.540000000000001,-0.7266522121591948,-0.5820859875183825,0.5853947701046154,3.597603914963796e-05
8.55,-0.7300776747744007,-0.5835414860704734,0.5900896490185568,3.581090772091692e-05
8.56,-0.7335390346989871,-0.585016765015275,0.5947342481121266,3.5647280374189305e-05
8.57,-0.7370362506194945,-0.5865119845153901,0.599327802659495,3.548530949497156e-05
8.58,-0.7405692781635884,-0.588027302713565,0.6038695410781727,3.5325151652947244e-05
8.59,-0.7441380697688751,-0.5895628757217,0.6083586849103353,3.5166967667196326e-05
8.6,-0.7477425745481953,-0.5911188576086472,0.6127944488075593,3.50109226703214e-05
8.61,-0.7513827381513744,-0.592695400386771,0.6171760405191118,3.485718617132446e-05
8.620000000000001,-0.7550585026234105,-0.5942926539972488,0.621502660883943,3.470593211707253e-05
8.63,-0.7587698062590803,-0.5959107662940899,0.6257735038265331,3.4557338952174624e-05
8.64,-0.7625165834539462,-0.5975498830268482,0.6299877563567488,3.441158967709672e-05
8.65,-0.7662987645517475,-0.5992101478220064,0.634144598573871,3.426887190432762e-05
8.66,-0.7701162756881612,-0.6008917021630094,0.6382432036749569,3.412937791239203e-05
8.67,-0.7739690386309187,-0.6025946853689227,0.6422827379677052,3.3993304697509856e-05
8.68,-0.7778569706162662,-0.6043192345716951,0.6462623608879973,3.386085402268817e-05
8.69,-0.7817799841817594,-0.6060654846920014,0.6501812250222917,3.3732232464011685e-05
8.700000000000001,-0.785737986995382,-0.6078335684136436,0.654038476135053,3.360765145390456e-05
8.71,-0.7897308816809838,-0.6096236161564883,0.6578332532014004,3.34873273211137e-05
8.72,-0.7937585656400322,-0.6114357560479184,0.661564688445167,3.337148132716198e-05
8.73,-0.7978209308696755,-0.6132701138927761,0.6652319073825637,3.3260339698996366e-05
8.74,-0.801917863777117,-0.6151268131417766,0.6688340288716451,3.3154133657563154e-05
8.75,-0.8060492449903041,-0.6170059748583714,0.672370165167784,3.305309944201739e-05
8.76,-0.8102149491649345,-0.618907717684038,0.6758394219853571,3.295747832926552e-05
8.77,-0.814414844787791,-0.6208321578019776,0.6792408985658577,3.2867516648537485e-05
8.78,-0.8186487939764113,-0.6227794088991983,0.6825736877526495,3.2783465790656826e-05
8.790000000000001,-0.8229166522751099,-0.6247495821269635,0.6858368760725814,3.270558221168651e-05
8.8,-0.8272182684473672,-0.6267427860595877,0.6890295438246886,3.263412743059755e-05
8.81,-0.8315534842646067,-0.6287591266515565,0.6921507651762084,3.2569368020608514e-05
8.82,-0.8359221342913836,-0.6307987071929557,0.6951996082661428,3.251157559382476e-05
8.83,-0.8403240456670129,-0.6328616282631867,0.6981751353166044,3.2461026778806237e-05
8.84,-0.8447590378836689,-0.6349479876829538,0.7010764027521872,3.241800319066354e-05
8.85,-0.8492269225609904,-0.6370578804645024,0.7039024613276054,3.2382791393285054e-05
8.86,-0.853727503217233,-0.6391913987600936,0.7066523562638484,3.235568285328635e-05
8.870000000000001,-0.858260575037012,-0.6413486318086962,0.7093251273931043,3.233697388525035e-05
8.88,-0.8628259246356861,-0.6435296658808823,0.7119198093127059,3.232696558782705e-05
8.89,-0.8674233298204342,-0.6457345842219101,0.7144354315483581,3.232596377024666e-05
8.9,-0.8720525593480872,-0.6479634669929786,0.7168710187269072,3.233427886879665e-05
8.91,-0.8767133726797769,-0.6502163912106425,0.7192255907589181,3.2352225852788055e-05
8.92,-0.8814055197324738,-0.6524934306843723,0.7214981630313245,3.238012411953974e-05
8.93,-0.8861287406274894,-0.6547946559522488,0.7236877466104221,3.241829737790206e-05
8.94,-0.8908827654360244,-0.6571201342147798,0.7257933484554774,3.246707351982421e-05
8.950000000000001,-0.8956673139218528,-0.6594699292668288,0.727813971643225,3.2526784479464204e-05
8.96,-0.9004820952812346,-0.6618441014276479,0.7297486156035295,3.2597766079340114e-05
8.97,-0.9053268078801602,-0.6642427074690048,0.731596276366488,3.2680357863007076e-05
8.98,-0.9102011389890349,-0.6666658005413976,0.7333559468212529,3.277490291374507e-05
8.99,-0.9151047645149192,-0.6691134300983517,0.7350266169868523,3.288174765873223e-05
9.0,-0.9200373487314475,-0.6715856418187943,0.7366072742952886,3.3001241658183134e-05
9.01,-0.9249985440065578,-0.6740824775275028,0.7380969038871941,3.313373737892816e-05
9.02,-0.9299879905281706,-0.6766039751136249,0.7394944889203233,3.327958995189353e-05
9.03,-0.935005316027964,-0.6791501684472704,0.74079901089116,3.3439156912971124e-05
9.040000000000001,-0.9400501355034019,-0.6817210872941761,0.7420094499699157,3.3612797926748176e-05
9.05,-0.9451220509381792,-0.6843167572284456,0.7431247853491972,3.380087449257119e-05
9.06,-0.9502206510212585,-0.6869371995433684,0.7441439956066142,3.4003749632433506e-05
9.07,-0.9553455108646796,-0.6895824311603241,0.7450660590815986,3.422178756018247e-05
9.08,-0.9604961917203367,-0.6922524645357815,0.7458899542667047,3.4455353331540195e-05
9.09,-0.9656722406959242,-0.6949473075663982,0.7466146602136507,3.4704812474454385e-05
9.1,-0.9708731904702629,-0.6976669634922372,0.7472391569543645,3.497053059930904e-05
9.11,-0.9760985590082314,-0.7004114307981102,0.7477624259372846,3.5252872988529706e-05
9.120000000000001,-0.9813478492755339,-0.7031807031130656,0.7481834504791678,3.555220416515156e-05
9.13,-0.9866205489535493,-0.7059747691080387,0.7485012162326433,3.586888743992651e-05
9.14,-0.991916130154517,-0.7087936123916846,0.7487147116697501,3.6203284436582135e-05
9.15,-0.9972340491373246,-0.7116372114044163,0.7488229285816836,3.6555754594856156e-05
9.16,-1.0025737460241773,-0.7145055393106728,0.7488248625949708,3.692665465097118e-05
9.17,-1.0079346445184354,-0.7173985638894468,0.7487195137042825,3.731633809525035e-05
9.18,-1.0133161516239249,-0.7203162474230996,0.7485058868220814,3.77251546065958e-05
9.19,-1.018717657366031,-0.7232585465844997,0.7481829923452943,3.8153449463606584e-05
9.200000000000001,-1.024138534514904,-0.7262254123225178,0.7477498467391823,3.860156293214971e-05
9.21,-1.0295781383111124,-0.7292167897459202,0.7472054731385731,3.9069829629239366e-05
9.22,-1.0350358061940954,-0.7322326180057008,0.7465489019666027,3.955857786314377e-05
9.23,-1.0405108575337798,-0.7352728301758975,0.7457791715711005,4.0068128949676244e-05
9.24,-1.0460025933657342,-0.7383373531329412,0.7448953288787349,4.059879650470319e-05
9.25,-1.0515102961302534,-0.7414261074335897,0.7438964300670198,4.115088571295854e-05
9.26,-1.0570332294157734,-0.7445390071915007,0.7427815412542647,4.1724692573306385e-05
9.27,-1.062570637707033,-0.7476759599525037,0.7415497392075304,4.232050312068878e-05
9.28,-1.0681217461384107,-0.7508368665686322,0.7402001120686345,4.293859262506338e-05
9.290000000000001,-1.0736857602528798,-0.754021621070983,0.738731760098225,4.35792247677036e-05
9.3,-1.0792618657670345,-0.7572301105414714,0.7371437964379247,4.424265079533639e-05
9.31,-1.0848492283426592,-0.7604622149835569,0.7354353478905152,4.492910865267604e-05
9.32,-1.090446993365318,-0.7637178071920174,0.7336055557181157,4.563882209399675e-05
9.33,-1.096054285730463,-0.7669967526218522,0.7316535764582742,4.6371999774502966e-05
9.34,-1.101670209637565,-0.7702989092564013,0.7295785827578707,4.712883432235343e-05
9.35,-1.107293848392792,-0.7736241274747709,0.7273797642246952,4.7909501392287957e-05
9.36,-1.1129242642207622,-0.7769722499186587,0.7250563282965391,4.871415870193984e-05
9.370000000000001,-1.118560498085921,-0.7803431113586791,0.7226075011276036,4.9542945052029506e-05
9.38,-1.124201569524099,-0.7837365385602918,0.7200325284919965,5.03959793317381e-05
9.39,-1.1298464764848186,-0.7871523501494411,0.7173306767040559,5.127335951070365e-05
9.4,-1.1354941951849302,-0.7905903564780185,0.7145012335552028,5.2175161619213775e-05
9.41,-1.1411436799741719,-0.7940503594892678,0.7115435092669877,5.3101438718275744e-05
9.42,-1.1467938632132515,-0.7975321525832527,0.7084568374599596,5.4052219861409843e-05
9.43,-1.1524436551650679,-0.8010355204825148,0.7052405761379441,5.5027509050141985e-05
9.44,-1.15809194389969,-0.8045602390980547,0.7018941086872803,5.602728418529371e-05
9.450000000000001,-1.1637375952137274,-0.8081060753957721,0.69841684489052,5.705149601635025e-05
9.46,-1.169379452564733,-0.811672787263506,0.6948082219540538,5.8100067091298645e-05
9.47,-1.1750163370212823,-0.8152601233788245,0.6910677055490806,5.9172890709486245e-05
9.48,-1.1806470472293882,-0.8188678230777127,0.6871947908652961,6.0269829880217173e-05
9.49,-1.1862703593959099,-0.8224956162243179,0.6831890036766232,6.139071628992316e-05
9.5,-1.1918850272896229,-0.826143223081913,0.679049901418266,6.253534928091857e-05
9.51,-1.1974897822606227,-0.8298103541852455,0.6747770742743162,6.37034948448873e-05
9.52,-1.203083333278735,-0.8334967102144436,0.6703701462750911,6.489488463439308e-05
9.53,-1.2086643669916108,-0.8372019818706568,0.6658287764033353,6.610921499586054e-05
9.540000000000001,-1.2142315478031853,-0.8409258497536128,0.6611526597083621,6.734614602760784e-05
9.55,-1.2197835179731786,-0.8446679842412782,0.6563415284271619,6.860530066665706e-05
9.56,-1.2253188977383183,-0.8484280453718132,0.6513951531114496,6.988626380817034e-05
9.57,-1.2308362854559576,-0.8522056827280192,0.6463133437595718,7.118858146149902e-05
9.58,-1.2363342577707637,-0.8560005353244796,0.6410959509521381,7.251175994695161e-05
9.59,-1.2418113698051425,-0.8598122314975988,0.6357428669901877,7.385526513749364e-05
9.6,-1.2472661553740614,-0.863640388798752,0.6302540270346484,7.521852174971187e-05
9.61,-1.2526971272249234,-0.8674846138907603,0.6246294102457882,7.660091268845951e-05
9.620000000000001,-1.2581027773031372,-0.8713445024479088,0.6188690409213066,7.800177844967832e-05
9.63,-1.2634815770440142,-0.8752196390597349,0.6129729896316565,7.942041658597976e-05
9.64,-1.2688319776916126,-0.8791095971388093,0.6069413743511342,8.085608123963316e-05
9.65,-1.2741524106451358,-0.8830139388327468,0.6007743615832187,8.230798274763203e-05
9.66,-1.2794412878334713,-0.8869322149406771,0.5944721674785908,8.377528732354215e-05
9.67,-1.2846970021184403,-0.8908639648344168,0.5880350589442047,8.525711682087467e-05
9.68,-1.28991792772731,-0.8948087163845836,0.5814633547417395,8.675254858270378e-05
9.69,-1.2951024207150954,-0.8987659858918973,0.5747574265736978,8.826061538221128e-05
9.700000000000001,-1.300248819457152,-0.9027352780239142,0.5679177001553778,8.978030545882045e-05
9.71,-1.3053554451725393,-0.9067160857574463,0.5609446562708897,9.131056265452141e-05
9.72,-1.3104206024786023,-0.9107078903269159,0.5538388318113436,9.285028665486191e-05
9.73,-1.315442579977187,-0.914710161178899,0.5466008207932903,9.439833333900745e-05
9.74,-1.3204196508728776,-0.9187223559331141,0.5392312753554529,9.595351524312979e-05
9.75,-1.3253500736236041,-0.9227439203501109,0.5317309067317467,9.751460214119822e-05
9.76,-1.3302320926239302,-0.9267742883059175,0.5241004861985452,9.908032174708781e-05
9.77,-1.3350639389212982,-0.9308128817739023,0.5163408459941157,0.00010064936054169604
9.78,-1.3398438309654597,-0.9348591108141087,0.5084528802081133,0.00010222036472849806
9.790000000000001,-1.344569975391278,-0.9389123735703184,0.5004375456389947,0.00010379194132072465
9.8,-1.349240567835046,-0.9429720562751007,0.4922958626171833,0.000105362659363031
9.81,-1.353853793784406,-0.9470375332631006,0.4840289157917974,0.00010693105129020014
9.82,-1.358407829461918,-0.9511081669928199,0.4756378548787321,0.00010849561442505625
9.83,-1.3629008427422606,-0.9551833080771405,0.4671238953678713,0.00011005481261738599
9.84,-1.3673309941029983,-0.9592622953228377,0.4584883191871946,0.00011160707802524842
9.85,-1.3716964376087897,-0.9633444557793276,0.44973247532153904,0.00011315081303958191
9.86,-1.375995321928853,-0.9674291047968878,0.4408577803837714,0.00011468439235257721
9.870000000000001,-1.3802257913874425,-0.9715155460945886,0.4318657191361332,0.00011620616516975415
9.88,-1.3843859870470263,-0.9756030718381623,0.42275784495952623,0.00011771445756515962
9.89,-1.3884740478237914,-0.9796909627280389,0.4135357802685218,0.0001192075749785488
9.9,-1.3924881116350332,-0.9837784880977627,0.4042012168698955,0.00012068380485282966
9.91,-1.3964263165779203,-0.9878649060230046,0.394755916262515,0.00012214141940944493
9.92,-1.400286802139052,-0.9919494634413716,0.385201709876438,0.00012357867855873898
9.93,-1.4040677104341557,-0.9960313962832109,0.37554049924911664,0.00012499383294173547
9.94,-1.4077671874772,-1.0001099296135945,0.3657742561366457,0.00012638512709905919
9.950000000000001,-1.4113833844781196,-1.004184277785662,0.3559050225580429,0.00012775080276209024
9.96,-1.4149144591682798,-1.0082536446054904,0.34593491077060556,0.00012908910226074144
9.97,-1.4183585771527254,-1.0123172235086444,0.33586610317445054,0.00013039827204156337
9.98,-1.4217139132881869,-1.016374197748556,0.32570085214441347,0.00013167656628918016
9.99,-1.4249786530857351,-1.0204237405968641,0.3154414797875602,0.00013292225064336929
10.0,-1.4281509941369026,-1.024465015555835,0.3050903776246458,0.00013413360600340432
10.01,-1.431229147562006,-1.0284971765829722,0.29465000619394643,0.00013530893241057017
10.02,-1.4342113394793308,-1.0325193683279066,0.28412289457598655,0.00013644655299911522
10.03,-1.4370958124937603,-1.036530726381646,0.2735116398377869,0.00013754481800522733
10.040000000000001,-1.4398808272033528,-1.0405303775382486,0.2628189063953691,0.00013860210882295963
10.05,-1.4425646637222955,-1.0445174400689656,0.2520474252933698,0.00013961684209544222
10.06,-1.445145623218589,-1.0484910240088845,0.2411999934007416,0.00014058747382910588
10.07,-1.44762202946474,-1.0524502314560864,0.23027947252164607,0.00014151250351808646
10.08,-1.4499922303996688,-1.0563941568833153,0.21928878842078345,0.0001423904782654597
10.09,-1.4522545996999694,-1.0603218874621334,0.20823092976254362,0.00014321999688747568
10.1,-1.4544075383585837,-1.0642325033995257,0.1971089469635129,0.00014399971398653283
10.11,-1.456449476268895,-1.0681250782868907,0.18592595095802483,0.00014472834397824435
10.120000000000001,-1.4583788738121737,-1.071998679461341,0.17468511187660316,0.00014540466505762146
10.13,-1.4601942234462502,-1.0758523683792092,0.16338965763730914,0.00014602752308914163
10.14,-1.4618940512932332,-1.079685201001645,0.15204287245017578,0.0001465958354052658
10.15,-1.4634769187240335,-1.0834962281921574,0.1406480952350845,0.00014710859449781837
10.16,-1.4649414239374046,-1.0872844961259436,0.12920871795361866,0.00014756487158660385
10.17,-1.4662862035311632,-1.0910490467108183,0.11772818385560882,0.00014796382004963178
10.18,-1.4675099340632114,-1.0947889180195411,0.10620998564127047,0.00014830467869941143
10.19,-1.4686113335999396,-1.0985031447333136,0.09465766354002102,0.00014858677488994635
10.200000000000001,-1.46958916324956,-1.1021907585961959,0.08307480330725353,0.00014880952743931232
10.21,-1.4704422286778869,-1.105850788880175,0.07146503414053526,0.00014897244935304139
10.22,-1.4711693816040605,-1.1094822628605892,0.05983202651689134,0.0001490751503339384
10.23,-1.4717695212736863,-1.113084206301594,0.04817948995302697,0.00014911733906447375
10.24,-1.472241595906855,-1.1166556439513333,0.036511170690534285,0.00014909882524848192
10.25,-1.4725846041184962,-1.120195600046455,0.024830849308321853,0.00014901952139956593
10.26,-1.4727975963085185,-1.1237030988255912,0.013142338264695947,0.0001488794443643706
10.27,-1.4728796760191942,-1.1271771650513998,0.0014494793717113805,0.00014867871656972623
10.28,-1.4728300012572566,-1.1306168245407453,-0.010243858795403812,0.00014841756698357502
10.290000000000001,-1.4726477857781926,-1.1340211047025717,-0.021933783550762573,0.00014809633178059872
10.3,-1.4723323003302409,-1.1373890350830043,-0.03361638080910527,0.00014771545470452596
10.31,-1.4718828738556342,-1.1407196479171942,-0.045287717852517104,0.00014727548712023804
10.32,-1.4712988946466568,-1.144011978687402,-0.05694384614906573,0.00014677708774999098
10.33,-1.4705798114541375,-1.1472650666867952,-0.0685808042196846,0.00014622102208932322
10.34,-1.4697251345460445,-1.1504779555884201,-0.08019462054947038,0.00014560816149953988
10.35,-1.4687344367139044,-1.153649694018786,-0.09178131653941292,0.00014493948197500989
10.36,-1.4676073542248322,-1.156779336135487,-0.10333690949443373,0.00014421606258491565
10.370000000000001,-1.4663435877170286,-1.1598659422082715,-0.11485741564347549,0.00014343908359050407
10.38,-1.4649429030366734,-1.162908579202947,-0.12633885318725954,0.00014260982424035186
10.39,-1.463405132014232,-1.1659063213675027,-0.13777724536921376,0.00014172966024762163
10.4,-1.4617301731782741,-1.168858250819816,-0.14916862356496724,0.00014080006095473785
10.41,-1.4599179924050019,-1.1717634581362935,-0.16050903038571365,0.00013982258619238798
10.42,-1.457968623501785,-1.1746210429407908,-0.17179452279066182,0.00013879888284121388
10.43,-1.4558821687231047,-1.177430114493143,-0.18302117520371958,0.00013773068110598509
10.44,-1.453658799217421,-1.1801897922766296,-0.19418508262949663,0.000136619790513454
10.450000000000001,-1.4512987554035932,-1.1828992065836919,-0.2052823637636648,0.00013546809564644495
10.46,-1.4488023472756084,-1.1855574990992095,-0.21630916409267772,0.00013427755162806677
10.47,-1.446169954634493,-1.188163823480645,-0.22726165897783077,0.0001330501793711881
10.48,-1.4434020272464185,-1.1907173459343556,-0.2381360567186315,0.00013178806060949654
10.49,-1.4404990849261432,-1.1932172457873722,-0.24892860159045563,0.0001304933327276041
10.5,-1.4374617175450723,-1.1956627160539446,-0.25963557685148064,0.00012916818340869164
10.51,-1.4342905849633565,-1.198052963996152,-0.27025330771392003,0.00012781484511912712
10.52,-1.4309864168855952,-1.2003872116778778,-0.28077816427462543,0.0001264355894503569
10.53,-1.427550012639858,-1.2026646965114567,-0.2912065644001823,0.00012503272133912072
10.540000000000001,-1.423982240879881,-1.2048846717962989,-0.3015349765616957,0.0001236085731876722
10.55,-1.4202840392104514,-1.2070464072488098,-0.31175992261454744,0.00012216549890624009
10.56,-1.416456413736137,-1.2091491895229278,-0.3218779805185039,0.00012070586790036055
10.57,-1.4125004385336744,-1.2111923227206107,-0.33188578699366417,0.00011923205902601525
10.58,-1.4084172550484766,-1.2131751288916144,-0.34178004010786134,0.00011774645453568987
10.59,-1.4042080714158762,-1.215096948521919,-0.35155750179126577,0.00011625143403849653
10.6,-1.3998741617078654,-1.2169571410101683,-0.36121500027408504,0.000114749368497455
10.61,-1.3954168651062464,-1.2187550851315065,-0.3707494324434159,0.00011324261428681193
10.620000000000001,-1.3908375850032526,-1.2204901794882104,-0.3801577661154708,0.00011173350733194736
10.63,-1.3861377880308448,-1.2221618429465309,-0.38943704221958353,0.00011022435735399376
10.64,-1.3813190030200295,-1.2237695150591814,-0.39858437689058623,0.00010871744224072383
10.65,-1.376382819891685,-1.2253126564729229,-0.4075969634663505,0.00010721500256457076
10.66,-1.371330888480518,-1.2267907493207229,-0.4164720743874909,0.00010571923626788275
10.67,-1.3661649172939025,-1.2282032975979855,-0.4252070629964457,0.00010423229353460205
10.68,-1.360886672207484,-1.22954982752237,-0.43379936523337026,0.00010275627186657617
10.69,-1.355497975099548,-1.2308298878767443,-0.44224650122650866,0.00010129321138162826
10.700000000000001,-1.3500007024262788,-1.232043050334841,-0.4505460767749409,9.984509034933713e-05
10.71,-1.344396783740135,-1.233188909769211,-0.4586957847218438,9.841382097924785e-05
10.72,-1.3386882001536835,-1.234267084541098,-0.4666934062166448,9.700124547490257e-05
10.73,-1.3328769827513296,-1.2352772167718795,-0.4745368118646946,9.560913236572815e-05
10.74,-1.326965210951473,-1.2362189725957577,-0.4822239627633318,9.423917312738209e-05
10.75,-1.3209550108217087,-1.237092042393399,-0.4897529114234625,9.289297909969984e-05
10.76,-1.3148485533497731,-1.2378961410062652,-0.49712180257602834,9.157207870989674e-05
10.77,-1.3086480526730002,-1.2386310079313967,-0.5043288738629853,9.027791500715017e-05
10.78,-1.3023557642691306,-1.2392964074964463,-0.5113724564126653,8.901184351317388e-05
10.790000000000001,-1.295973983111362,-1.2398921290147888,-0.5182509752996389,8.777513039186336e-05
10.8,-1.2895050417905882,-1.2404179869205638,-0.5249629498894429,8.656895093955941e-05
10.81,-1.2829513086078133,-1.2408738208835393,-0.5315069940687751,8.539438839599224e-05
10.82,-1.2763151856397605,-1.241259495903715,-0.5378818163619984,8.425243307448017e-05
10.83,-1.2695991067807277,-1.2415749023856186,-0.5440862199350253,8.314398180850167e-05
10.84,-1.2628055357637564,-1.2418199561922687,-0.550119102487882,8.206983771039082e-05
10.85,-1.2559369641641933,-1.2419945986788254,-0.5559794560374705,8.103071023652822e-05
10.86,-1.2489959093887304,-1.2420987967059631,-0.5616663665922584,8.002721555212247e-05
10.870000000000001,-1.2419849126530016,-1.2421325426330432,-0.5671790137208362,7.90598771874614e-05
10.88,-1.2349065369508065,-1.2420958542911853,-0.5725166700164726,7.81291269763349e-05
10.89,-1.227763365018011,-1.2419887749363732,-0.5776787004599933,7.723530626628084e-05
10.9,-1.22055799729415,-1.2418113731827514,-0.5826645616834851,7.637866738930302e-05
10.91,-1.2132930498847223,-1.2415637429163062,-0.5874738011374975,7.555937538079057e-05
10.92,-1.205971152527133,-1.2412460031891446,-0.5921060561645745,7.477750993355562e-05
10.93,-1.1985949465631873,-1.240858298094616,-0.5965610529821013,7.403306757319608e-05
10.94,-1.1911670829209888,-1.2404007966235477,-0.6008386055775863,7.332596404032368e-05
10.950000000000001,-1.1836902201090398,-1.2398736925018898,-0.6049386145196313,7.265603686468342e-05
10.96,-1.1761670222252714,-1.2392772040100857,-0.6088610656879576,7.202304811574483e-05
10.97,-1.1686001569836653,-1.2386115737845182,-0.6126060289259648,7.142668731398423e-05
10.98,-1.1609922937610528,-1.2378770686013927,-0.616173656619392,7.086657448683123e-05
10.99,-1.153346101666597,-1.2370739791434464,-0.6195641822047372,7.034226335310808e-05
11.0,-1.1456642476363765,-1.2362026197498948,-0.6227779186111626,6.985324461969756e-05
11.01,-1.137949394555408,-1.2352633281500403,-0.625815256639675,6.93989493741847e-05
11.02,-1.1302041994093432,-1.2342564651809922,-0.6286766632834199,6.89787525573729e-05
11.03,-1.1224313114679867,-1.233182414489961,-0.6313626799929694,6.85919764997093e-05
11.040000000000001,-1.1146333705026787,-1.2320415822216078,-0.6338739208905091,6.823789450592599e-05
11.05,-1.1068130050394873,-1.2308343966909439,-0.6362110709368494,6.791573447256922e-05
11.06,-1.098972830650047,-1.229561308042291,-0.6383748840551912,6.762468252344888e-05
11.07,-1.0911154482817798,-1.228222787894822,-0.6403661812155741,6.73638866485428e-05
11.08,-1.0832434426291206,-1.2268193289752187,-0.6421858484839214,6.713246033240228e-05
11.09,-1.0753593805472665,-1.2253514447379872,-0.6438348350395725,6.692948615866864e-05
11.1,-1.0674658095098526,-1.2238196689739864,-0.645314151165162,6.675401937795935e-05
11.11,-1.0595652561118523,-1.2222245554077298,-0.6466248662126617,6.660509142702662e-05
11.120000000000001,-1.0516602246188858,-1.220566677284028,-0.6477681065493548,6.648171338780127e-05
11.13,-1.0437531955640098,-1.2188466269445446,-0.6487450534874496,6.638287937565606e-05
11.14,-1.035846624392953,-1.217065015394845,-0.6495569412009773,6.630756984698123e-05
11.15,-1.0279429401586488,-1.2152224718625178,-0.6502050546335445,6.625475481694085e-05
11.16,-1.020044544265813,-1.2133196433469513,-0.6506907274004302,6.622339697905746e-05
11.17,-1.0121538092661988,-1.2113571941613512,-0.6510153396884323,6.621245471905528e-05
11.18,-1.0042730777050652,-1.2093358054675822,-0.6511803161567752,6.622088501620125e-05
11.19,-0.9964046610192826,-1.2072561748044177,-0.6511871238422939,6.624764622618857e-05
11.200000000000001,-0.9885508384873998,-1.205119015609777,-0.6510372700720061,6.629170074034762e-05
11.21,-0.9807138562318999,-1.202925056737531,-0.6507323003860773,6.635201751679217e-05
11.22,-0.9728959262737692,-1.2006750419694467,-0.6502737964740749,6.642757447985996e-05
11.23,-0.9650992256394125,-1.1983697295228437,-0.6496633741272887,6.651736078491799e-05
11.24,-0.9573258955198553,-1.196009891554522,-0.648902681209783,6.662037894635963e-05
11.25,-0.9495780404820828,-1.1935963136615209,-0.6479933956507213,6.673564682729938e-05
11.26,-0.9418577277322828,-1.1911297943792565,-0.646937223460385,6.686219949014371e-05
11.27,-0.9341669864306716,-1.1886111446775796,-0.6457358967721818,6.69990909078471e-05
11.28,-0.9265078070575096,-1.1860411874552854,-0.6443911719128175,6.71453955362717e-05
11.290000000000001,-0.9188821408298304,-1.1834207570335986,-0.6429048275026756,6.730020974865326e-05
11.3,-0.9112918991683413,-1.1807506986491438,-0.6412786625883253,6.746265313368707e-05
11.31,-0.903738953213878,-1.1780318679469057,-0.6395144948089515,6.76318696592789e-05
11.32,-0.8962251333927367,-1.1752651304736659,-0.6376141585983741,6.780702870444306e-05
11.33,-0.8887522290301426,-1.1724513611723963,-0.6355795034242,6.798732596226733e-05
11.34,-0.8813219880110564,-1.1695914438780741,-0.6334123920655246,6.817198421726741e-05
11.35,-0.8739361164874664,-1.1666862708153698,-0.6311146989304801,6.836025400077122e-05
11.36,-0.8665962786312648,-1.16373674209865,-0.6286883084148037,6.855141412831415e-05
11.370000000000001,-0.8593040964317594,-1.1607437652347186,-0.6261351133024811,6.874477212330089e-05
11.38,-0.8520611495368284,-1.1577082546287099,-0.6234570132094029,6.893966453141005e-05
11.39,-0.8448689751366881,-1.1546311310935309,-0.6206559130708591,6.913545713044534e-05
11.4,-0.8377290678892076,-1.1515133213632354,-0.6177337216735793,6.933154504049298e-05
11.41,-0.8306428798856721,-1.1483557576107006,-0.6146923502329256,6.952735273938536e-05
11.42,-0.8236118206558679,-1.145159376969958,-0.6115337110157303,6.972233398858243e-05
11.43,-0.8166372572113383,-1.1419251210635197,-0.6082597160091742,6.991597167464488e-05
11.44,-0.8097205141256361,-1.1386539355350236,-0.6048722756359974,7.010777757153233e-05
11.450000000000001,-0.8028628736503812,-1.1353467695875064,-0.601373297516242,7.02972920289679e-05
11.46,-0.7960655758659165,-1.1320045755275994,-0.5977646852756301,7.048408359210845e-05
11.47,-0.7893298188653419,-1.1286283083159256,-0.5940483374005944,7.066774855772216e-05
11.48,-0.7826567589706985,-1.1252189251239644,-0.5902261461398921,7.084791047203416e-05
11.49,-0.7760475109800676,-1.1217773848976287,-0.5862999964526528,7.102421957531517e-05
11.5,-0.7695031484443454,-1.118304647927795,-0.5822717650026317,7.119635219819282e-05
11.51,-0.7630247039724537,-1.1148016754280023,-0.5781433191983674,7.136401011457101e-05
11.52,-0.7566131695637484,-1.1112694291195264,-0.5739165162788754,7.15269198559077e-05
11.53,-0.7502694969663901,-1.1077088708240204,-0.5695932024444377,7.168483199144831e-05
11.540000000000001,-0.7439945980604503,-1.1041209620638994,-0.5651752120319931,7.183752037889438e-05
11.55,-0.7377893452645299,-1.1005066636706313,-0.5606643667345702,7.198478138980034e-05
11.56,-0.7316545719646825,-1.0968669354010825,-0.5560624748641542,7.212643311381525e-05
11.57,-0.725591072964444,-1.0932027355620562,-0.5513713306573248,7.226231454574255e-05
11.58,-0.7195996049547831,-1.0895150206431443,-0.5465927136229602,7.239228475917802e-05
11.59,-0.7136808870028063,-1.0858047449580028,-0.5417283879312552,7.251622207030413e-05
11.6,-0.7078356010580652,-1.0820728602941476,-0.5367801018432635,7.26340231952292e-05
11.61,-0.7020643924753344,-1.0783203155713568,-0.5317495871801409,7.27456024040768e-05
11.620000000000001,-0.696367870552746,-1.0745480565087502,-0.526638558831229,7.285089067482955e-05
11.63,-0.6907466090841912,-1.070757025300608,-0.5214487143000943,7.294983484972399e-05
11.64,-0.685201146924918,-1.0669481603009792,-0.5161817332876086,7.304239679682152e-05
11.65,-0.6797319885692804,-1.063122395717116,-0.5108392773111367,7.31285525791816e-05
11.66,-0.6743396047396168,-1.059280661311765,-0.5054229893588756,7.32082916338728e-05
11.67,-0.6690244329852599,-1.0554238821143296,-0.4999344935783745,7.328161596287143e-05
11.68,-0.6637868782907083,-1.0515529781409154,-0.4943753949982485,7.334853933771886e-05
11.69,-0.6586273136920133,-1.0476688641232526,-0.48874727928209205,7.340908651964217e-05
11.700000000000001,-0.6535460809004634,-1.043772449246486,-0.4830517125135852,7.346329249665213e-05
11.71,-0.6485434909326739,-1.0398646368958135,-0.4772902410117825,7.35112017389839e-05
11.72,-0.6436198247462196,-1.035946324411943,-0.47146439117557004,7.355286747408672e-05
11.73,-0.6387753338799719,-1.0320184028553296,-0.4655756693562739,7.358835098219749e-05
11.74,-0.6340102410983345,-1.028081756779154,-0.4596255617574063,7.36177209134182e-05
11.75,-0.6293247410385949,-1.0241372640109818,-0.453615534360535,7.364105262704571e-05
11.76,-0.6247190008606416,-1.0201857954430524,-0.44754703287626985,7.365842755379074e-05
11.77,-0.62019316089832,-1.0162282148311268,-0.44142148271936443,7.366993258139972e-05
11.78,-0.6157473353117333,-1.0122653786018225,-0.4352402890069398,7.367565946405104e-05
11.790000000000001,-0.6113816127398172,-1.0082981356683598,-0.4290048365788465,7.367570425581666e-05
11.8,-0.6070960569525482,-1.0043273272546311,-0.4227164900391938,7.367016676835254e-05
11.81,-0.6028907075021724,-1.000353786727508,-0.4163765938180846,7.365915005289767e-05
11.82,-0.5987655803728658,-0.9963783394372882,-0.40998647225261214,7.364275990656727e-05
11.83,-0.5947206686282671,-0.992401802566184,-0.4035474296861859,7.362110440284049e-05
11.84,-0.5907559430563499,-0.9884249849847501,-0.39706075058527257,7.359429344606526e-05
11.85,-0.5868713528111239,-0.9844486871161389,-0.39052769967265416,7.356243834974082e-05
11.86,-0.5830668260506843,-0.9804737008080755,-0.38394952207632227,7.352565143826527e-05
11.870000000000001,-0.5793422705711508,-0.9765008092124345,-0.37732744349314795,7.348404567177844e-05
11.88,-0.5756975744360638,-0.9725307866723005,-0.3706626703664839,7.343773429368674e-05
11.89,-0.5721326066008267,-0.9685643986163907,-0.36395639007687747,7.338683050039658e-05
11.9,-0.5686472175318104,-0.9646024014607147,-0.35720977114509156,7.333144713275646e-05
11.91,-0.5652412398197559,-0.9606455425173458,-0.3504239634466533,7.32716963886566e-05
11.92,-0.5619144887871342,-0.9566945599101725,-0.3436000984371696,7.320768955621579e-05
11.93,-0.5586667630891439,-0.952750182497501,-0.33673928938767256,7.313953676695424e-05
11.94,-0.5554978453080492,-0.9488131298013744,-0.32984263162927707,7.306734676832714e-05
11.950000000000001,-0.5524075025405805,-0.9448841119434751,-0.322911202806457,7.299122671497578e-05
11.96,-0.5493954869781382,-0.9409638295874734,-0.31594606313826745,7.291128197804133e-05
11.97,-0.5464615364795639,-0.9370529738876864,-0.3089482556868629,7.282761597187257e-05
11.98,-0.5436053751362554,-0.9331522264439093,-0.30191880663268383,7.274032999745515e-05
11.99,-0.5408267138294265,-0.9292622592622795,-0.2948587255557056,7.264952310188569e-05
12.0,-0.5381252507793243,-0.925383734722035,-0.2877690057221663,7.255529195319616e-05
12.01,-0.5355006720862376,-0.9215173055480284,-0.28065062437621285,7.245773072986776e-05
12.02,-0.5329526522631436,-0.9176636147888548,-0.27350454303592425,7.235693102434858e-05
12.030000000000001,-0.5304808547598551,-0.9138232958004564,-0.2663317077931954,7.225298175990139e-05
12.040000000000001,-0.5280849324785493,-0.909996972235061,-0.25913304961698436,7.214596912013104e-05
12.05,-0.5257645282805676,-0.9061852580353186,-0.2519094846594471,7.203597649052627e-05
12.06,-0.5235192754843947,-0.9023887574334933,-0.244661914564507,7.192308441138109e-05
12.07,-0.521348798354734,-0.8986080649555761,-0.2373912267784228,7.180737054146731e-05
12.08,-0.5192527125826137,-0.8948437654301763,-0.23009829486194344,7.16889096318395e-05
12.09,-0.5172306257564643,-0.8910964340020582,-0.2227839788036546,7.156777350917615e-05
12.1,-0.5152821378241239,-0.8873666361501843,-0.2154491253341431,7.144403106806892e-05
12.11,-0.5134068415457377,-0.8836549277101312,-0.20809456824062367,7.131774827169644e-05
12.120000000000001,-0.5116043229375248,-0.8799618549007433,-0.2007211286816916,7.118898816033157e-05
12.13,-0.5098741617064014,-0.8762879543548909,-0.19332961550188274,7.105781086715064e-05
12.14,-0.5082159316754532,-0.8726337531542017,-0.1859208255457402,7.092427364082975e-05
12.15,-0.5066292012002606,-0.8689997688676343,-0.17849554397110445,7.0788430874436e-05
12.16,-0.5051135335760899,-0.8653865095937652,-0.1710545445613607,7.06503341401379e-05
12.17,-0.5036684874359696,-0.8617944740066608,-0.1635985900363929,7.051003222927638e-05
12.18,-0.502293617139678,-0.8582241514052088,-0.1561284323620109,7.036757119736065e-05
12.19,-0.5009884731536779,-0.8546760217657845,-0.14864481305763202,7.02229944135742e-05
12.200000000000001,-0.4997526024220363,-0.8511505557981275,-0.14114846350201307,7.007634261438735e-05
12.21,-0.4985855487283783,-0.8476482150043094,-0.13364010523684414,6.992765396089817e-05
12.22,-0.49748685304892537,-0.8441694517406713,-0.12612045026802873,6.977696409954205e-05
12.23,-0.4964560538966761,-0.8407147092826136,-0.1185902013644889,6.96243062258271e-05
12.24,-0.4954926876567914,-0.8372844218921222,-0.11105005235434671,6.946971115076937e-05
12.25,-0.49459628891325175,-0.833879014887916,-0.10350068841834625,6.93132073697233e-05
12.26,-0.4937663907668565,-0.8304989047181041,-0.09594278638039233,6.915482113331855e-05
12.27,-0.49300252514464077,-0.8271444990352401,-0.08837701499509376,6.899457652022727e-05
12.280000000000001,-0.492304223100788,-0.8238161967736679,-0.0808040352322103,6.883249551151266e-05
12.290000000000001,-0.4916710151091202,-0.820514388229048,-0.07322450055791295,6.866859806631507e-05
12.3,-0.4911024313472504,-0.8172394551399624,-0.06563905721277769,6.850290219865399e-05
12.31,-0.49059800197248404,-0.8139917707714934,-0.05804834448644259,6.833542405513597e-05
12.32,-0.4901572573895599,-0.8107717000006751,-0.050452994988867565,6.816617799337694e-05
12.33,-0.48977972851032137,-0.8075795994037186,-0.04285363491814492,6.799517666095839e-05
12.34,-0.48946494700541265,-0.8044158173449132,-0.03525088432481765,6.782243107475032e-05
12.35,-0.48921244554809484,-0.8012806940671082,-0.027645357372670216,6.764795070045059e-05
12.36,-0.48902175805027825,-0.7981745617836815,-0.020037662595964685,6.747174353219979e-05
12.370000000000001,-0.4888924198908699,-0.7950977447719029,-0.012428403153101949,6.72938161721417e-05
12.38,-0.4888239681365344,-0.7920505594676032,-0.004818177076695149,6.711417390981651e-05
12.39,-0.48881594175496856,-0.7890333145610601,0.0027924224799513496,6.693282080127804e-05
12.4,-0.48886788182078994,-0.7860463110940157,0.010402806999957692,6.6749759747842e-05
12.41,-0.4889793317141403,-0.7830898425577404,0.01801239236357349,6.656499257438183e-05
12.42,-0.48914983731210554,-0.7801641949920616,0.025620598612461017,6.637852010709386e-05
12.43,-0.48937894717305314,-0.7772696470852762,0.03322684971754051,6.619034225066896e-05
12.44,-0.48966621271398864,-0.7744064702748685,0.0408305733503766,6.600045806481118e-05
12.450000000000001,-0.4900111883810327,-0.771574928848956,0.04843120065808047,6.580886584005583e-05
12.46,-0.49041343181311925,-0.7687752800483881,0.05602816604169812,6.56155631728458e-05
12.47,-0.4908725039990157,-0.7660077741694253,0.0636209069380512,6.542054703983091e-05
12.48,-0.4913879694277653,-0.7632726546669247,0.07120886360499337,6.522381387136335e-05
12.49,-0.4919593962326507,-0.7605701582579648,0.07879147891004186,6.502535962417082e-05
12.5,-0.4925863563287782,-0.7579005150258388,0.08636819812234066,6.482517985319056e-05
12.51,-0.4932684255443795,-0.7552639485243513,0.09393846870790937,6.462326978255642e-05
12.52,-0.49400518374592955,-0.7526606758823527,0.10150174012812889,6.441962437573725e-05
12.530000000000001,-0.49479621495717474,-0.7500909079084479,0.10905746364141317,6.421423840482503e-05
12.540000000000001,-0.4956411074721674,-0.7475548491958174,0.11660509210801387,6.400710651898303e-05
12.55,-0.49653945396240023,-0.745052698227091,0.12414407979790346,6.379822331206327e-05
12.56,-0.4974908515781331,-0.7425846474792147,0.13167388220168025,6.358758338940742e-05
12.57,-0.49849490204400326,-0.7401508835282539,0.13919395584443783,6.337518143385055e-05
12.58,-0.49955121174900907,-0.737751587154077,0.14670375810254016,6.316101227095079e-05
12.59,-0.5006593918309558,-0.735386933444865,0.15420274702324238,6.294507093347032e-05
12.6,-0.5018190582554501,-0.7330570919013947,0.1616903811470972,6.272735272513404e-05
12.61,-0.5030298318895297,-0.7307622265410423,0.16916611933308545,6.250785328370009e-05
12.620000000000001,-0.5042913385700096,-0.7285024960014598,0.17662942058640982,6.228656864337317e-05
12.63,-0.5056032091666317,-0.7262780536438731,0.18407974388888948,6.206349529659907e-05
12.64,-0.5069650796400936,-0.724089047655955,0.19151654803189452,6.183863025527646e-05
12.65,-0.5083765910950389,-0.7219356211542272,0.1989392914517582,6.161197111142499e-05
12.66,-0.5098373898280848,-0.7198179122859452,0.2063474320676057,6.138351609735479e-05
12.67,-0.5113471273709641,-0.717736054330424,0.2137404271215385,6.115326414537726e-05
12.68,-0.5129054605288532,-0.7156901757997597,0.221117733021114,6.092121494710061e-05
12.69,-0.5145120514139601,-0.713680400538907,0.22847880518406027,6.068736901235677e-05
12.700000000000001,-0.5161665674744419,-0.7117068478250722,0.23582309788516728,6.045172772780725e-05
12.71,-0.5178686815187205,-0.7097696324663811,0.24315006410529663,6.021429341527214e-05
12.72,-0.5196180717352623,-0.7078688648997856,0.2504591553824524,5.9975069389830925e-05
12.73,-0.5214144217078883,-0.7060046512881691,0.25774982166485744,5.9734060017743604e-05
12.74,-0.5232574204266753,-0.7041770936166176,0.2650215111659807,5.9491270774240456e-05
12.75,-0.5251467622945113,-0.7023862897878183,0.2722736702214621,5.924670830122842e-05
12.76,-0.5270821471293626,-0.7006323337165534,0.279505743147883,5.900038046496328e-05
12.77,-0.5290632801623111,-0.6989153154232557,0.286717172103333,5.875229641373614e-05
12.780000000000001,-0.5310898720314159,-0.6972353211265914,0.2939073969497228,5.850246663562425e-05
12.790000000000001,-0.5331616387714537,-0.6955924333350413,0.30107585511679863,5.8250903016352496e-05
12.8,-0.5352783017995888,-0.6939867309374481,0.30822198146781116,5.799761889731396e-05
12.81,-0.5374395878970226,-0.6924182892924997,0.315345208166797,5.774262913379839e-05
12.82,-0.5396452291866701,-0.6908871803171199,0.3224449645474318,5.7485950153474396e-05
12.83,-0.5418949631069092,-0.6893934725737381,0.3295206769834156,5.7227600015173004e-05
12.84,-0.544188532381447,-0.6879372313564094,0.3365717687603536,5.696759846801506e-05
12.85,-0.5465256849853447,-0.6865185187757598,0.3435976599490986,5.670596701093136e-05
12.86,-0.5489061741072406,-0.6851373938427281,0.3505977672805218,5.6442728952616354e-05
12.870000000000001,-0.5513297581078113,-0.6837939125510808,0.3575715040216829,5.617790947195934e-05
12.88,-0.5537962004745042,-0.6824881279586731,0.3645182798533722,5.5911535678994286e-05
12.89,-0.5563052697725797,-0.6812200902674335,0.3714375007489987,5.5643636676407866e-05
12.9,-0.5588567395924914,-0.6799898469020462,0.3783285688548034,5.5374243621647746e-05
12.91,-0.5614503884936386,-0.6787974425873097,0.3851908823713776,5.510338978966267e-05
12.92,-0.564085999944517,-0.6776429194241473,0.3920238354364683,5.4831110636317115e-05
12.93,-0.5667633622592969,-0.6765263169642488,0.39882681800905834,5.455744386251252e-05
12.94,-0.5694822685308524,-0.6754476722833198,0.4055992157547087,5.4282429479043854e-05
12.950000000000001,-0.5722425165602655,-0.6744070200529187,0.41234040993215487,5.4006109872227186e-05
12.96,-0.5750439087828272,-0.6734043926108605,0.419049777281152,5.372852987032616e-05
12.97,-0.5778862521905542,-0.672439820030165,0.4257266899115663,5.3449736810802606e-05
12.98,-0.5807693582512402,-0.6715133301865323,0.4323705151937135,5.3169780608415423e-05
12.99,-0.583693042824057,-0.6706249488243227,0.4389806156499478,5.288871382419356e-05
13.0,-0.5866571260717216,-0.6697746996210249,0.44555634884750883,5.26065917353004e-05
13.01,-0.5896614323692403,-0.66896260425019,0.4520970672926368,5.23234724058067e-05
13.02,-0.5927057902092421,-0.6681886824428155,0.4586021183259691,5.203941675838634e-05
13.030000000000001,-0.5957900321039101,-0.6674529520471588,0.4650708440192355,5.1754488646951074e-05
13.040000000000001,-0.5989139944835203,-0.6667554290869636,0.47150258107327303,5.146875493022753e-05
13.05,-0.6020775175915917,-0.6660961278180799,0.47789666071738335,5.118228554628569e-05
13.06,-0.6052804453766545,-0.6654750607834605,0.4842524086100611,5.089515358802241e-05
13.07,-0.6085226253806388,-0.664892238866517,0.49056914474112384,5.060743537959604e-05
13.08,-0.6118039086238852,-0.6643476713428171,0.4968461833352791,5.031921055381134e-05
13.09,-0.6151241494867777,-0.6638413659301066,0.5030828327571658,5.0030562130444176e-05
13.1,-0.6184832055879979,-0.6633733288366389,0.5092783954179145,4.9741576595496816e-05
13.11,-0.6218809376593972,-0.6629435648077959,0.5154321676832707,4.9452343981363847e-05
13.120000000000001,-0.6253172094174845,-0.6625520771709824,0.5215434397833326,4.916295794789565e-05
13.13,-0.6287918874315211,-0.6621988678787788,0.5276114957239582,4.887351586432827e-05
13.14,-0.6323048409882202,-0.6618839375503346,0.533635613199898,4.858411889205132e-05
13.15,-0.6358559419530387,-0.661607285510987,0.5396150635097188,4.829487206818592e-05
13.16,-0.6394450646280571,-0.6613689098300881,0.5455491114725817,4.800588438992627e-05
13.17,-0.6430720856064323,-0.6611688073570244,0.551437015346949,4.771726889960431e-05
13.18,-0.6467368836234162,-0.661006973755413,0.5572780267512929,4.742914277042778e-05
13.19,-0.6504393394039256,-0.6608834035354569,0.5630713905868863,4.7141627392834274e-05
13.200000000000001,-0.6541793355066504,-0.6607980900844462,0.5688163449627605,4.6854848461402985e-05
13.21,-0.6579567561646867,-0.6607510256953855,0.5745121211229184,4.6568936062251256e-05
13.22,-0.661771487122679,-0.6607422015937343,0.5801579433758963,4.628402476084418e-05
13.23,-0.6656234154704558,-0.6607716079622439,0.5857530290267726,4.600025369014067e-05
13.24,-0.6695124294731427,-0.6608392339638727,0.5912965883117269,4.5717766638979346e-05
13.25,-0.6734384183977353,-0.6609450677627671,0.5967878243352562,4.543671214061132e-05
13.26,-0.677401272336114,-0.6610890965432892,0.6022259330101615,4.515724356128391e-05
13.27,-0.6814008820244831,-0.661271306527077,0.6076101030004226,4.4879519188752356e-05
13.280000000000001,-0.685437138659215,-0.6614916829881199,0.6129395156670835,4.460370232060764e-05
13.290000000000001,-0.6895099337090809,-0.661750210265834,0.6182133450172757,4.432996135229213e-05
13.3,-0.693619158723849,-0.6620468717761211,0.6234307576565131,4.405846986466012e-05
13.31,-0.6977647051392305,-0.6623816500203942,0.6285909127443968,4.3789406710947185e-05
13.32,-0.7019464640781536,-0.6627545265925553,0.6336929619538723,4.352295610298268e-05
13.33,-0.7061643261483482,-0.663165482183907,0.6387360494341887,4.325930769648244e-05
13.34,-0.7104181812362191,-0.6636144965859834,0.643719311777715,4.29986566752511e-05
13.35,-0.7147079182969921,-0.6641015486912824,0.6486418779907712,4.274120383410216e-05
13.36,-0.7190334251411119,-0.664626616491885,0.6535028694686419,4.248715566029423e-05
13.370000000000001,-0.7233945882168755,-0.665189677075944,0.6583013999749412,4.223672441328781e-05
13.38,-0.7277912923892834,-0.665790706622025,0.663036575625508,4.1990128202590426e-05
13.39,-0.7322234207150914,-0.6664296803912854,0.6677074948770114,4.174759106345808e-05
13.4,-0.7366908542140483,-0.6671065727174736,0.6723132485204563,4.1509343030218216e-05
13.41,-0.7411934716363048,-0.6678213569947326,0.6768529196797819,4.127562020694475e-05
13.42,-0.7457311492259787,-0.6685740056631907,0.681325583815754,4.10466648352201e-05
13.43,-0.750303760480867,-0.6693644901923251,0.6857303087353552,4.082272535870186e-05
13.44,-0.7549111759082916,-0.6701927810620799,0.6900661546068856,4.060405648419226e-05
13.450000000000001,-0.7595532627770715,-0.6710588477417233,0.6943321739809909,4.039091923890044e-05
13.46,-0.764229884865613,-0.6719626586664288,0.6985274118178421,4.0183581023572304e-05
13.47,-0.7689409022061147,-0.6729041812115624,0.7026509055206942,3.998231566114425e-05
13.48,-0.7736861708248808,-0.6738833816646619,0.7067016849760618,3.9787403440566054e-05
13.49,-0.7784655424787469,-0.6749002251950914,0.7106787726007494,3.959913115542338e-05
13.5,-0.7832788643876153,-0.6759546758213555,0.7145811833959875,3.941779213697084e-05
13.51,-0.788125978963108,-0.6770466963760584,0.7184079250089237,3.924368628117435e-05
13.52,-0.7930067235333432,-0.6781762484684924,0.7221579978017301,3.907712006934218e-05
13.530000000000001,-0.7979209300638465,-0.6793432924448407,0.7258303949285909,3.891840658191138e-05
13.540000000000001,-0.8028684248746104,-0.6805477873459799,0.7294241024208407,3.8767865504941476e-05
13.55,-0.8078490283533213,-0.6817896908628681,0.7329380992805294,3.862582312884188e-05
13.56,-0.8128625546647728,-0.6830689592895048,0.736371357582697,3.849261233885352e-05
13.57,-0.8179088114564936,-0.6843855474734479,0.7397228425866429,3.836857259678198e-05
13.58,-0.8229875995606182,-0.6857394087638754,0.742991512856486,3.825404991346814e-05
13.59,-0.8280987126920347,-0.6871304949571795,0.7461763203913112,3.814939681145742e-05
13.6,-0.8332419371428502,-0.6885587562400795,0.7492762107652065,3.80549722773195e-05
13.61,-0.8384170514732161,-0.6900241411302424,0.7522901232774996,3.797114170306097e-05
13.620000000000001,-0.8436238261985648,-0.691526596414401,0.7552169911135076,3.789827681603086e-05
13.63,-0.8488620234733112,-0.6930660670839568,0.7580557415161164,3.7836755596734495e-05
13.64,-0.8541313967710813,-0.6946424962680599,0.7608052959685143,3.7786962183940596e-05
13.65,-0.8594316905615342,-0.6962558251641554,0.7634645703884052,3.774928676644839e-05
13.66,-0.864762639983852,-0.6979059929659894,0.7660324753340337,3.7724125460877656e-05
13.67,-0.8701239705169773,-0.6995929367890652,0.7685079162223564,3.771188017481734e-05
13.68,-0.8755153976466857,-0.7013165915935446,0.7708897935596969,3.771295845467061e-05
13.69,-0.8809366265295894,-0.7030768901045888,0.7731770031852281,3.7727773317510735e-05
13.700000000000001,-0.8863873516541723,-0.7048737627301329,0.7753684365276241,3.775674306625495e-05
13.71,-0.8918672564989698,-0.706707137476092,0.7774629808752302,3.780029108745039e-05
13.72,-0.8973760131880095,-0.7085769398589965,0.7794595196601,3.785884563096144e-05
13.73,-0.9029132821436425,-0.710483092816054,0.7813569327562492,3.7932839570839515e-05
13.74,-0.9084787117369009,-0.7124255166126406,0.7831540967924812,3.802271014663757e-05
13.75,-0.9140719379355269,-0.7144041287472207,0.7848498854801342,3.812889868445105e-05
13.76,-0.9196925839498311,-0.7164188438537008,0.7864431699561067,3.825185029693945e-05
13.77,-0.9253402598765431,-0.7184695736012204,0.7879328191415121,3.839201356158678e-05
13.780000000000001,-0.9310145623408318,-0.7205562265913871,0.7893177001163166,3.854984017647795e-05
13.790000000000001,-0.9367150741366823,-0.7226787082529638,0.7905966785103113,3.872578459284306e-05
13.8,-0.9424413638658263,-0.7248369207340183,0.7917686189107686,3.8920303623644876e-05
13.81,-0.948192985575436,-0.7270307627915471,0.792832385287128,3.913385602749041e-05
13.82,-0.9539694783948017,-0.7292601296785868,0.7937868414330582,3.9366902067141574e-05
13.83,-0.9597703661712269,-0.7315249130288297,0.7946308514262316,3.961990304194124e-05
13.84,-0.9655951571053857,-0.7338250007387621,0.7953632801061482,3.989332079346208e-05
13.85,-0.9714433433864013,-0.7361602768473448,0.7959829935703386,4.018761718370991e-05
13.86,-0.9773144008269168,-0.7385306214132596,0.7964888596892674,4.050325354525112e-05
13.870000000000001,-0.9832077884984435,-0.7409359103897485,0.7968797486402539,4.0840690102636754e-05
13.88,-0.9891229483672844,-0.7433760154970703,0.7971545334607176,4.12003853645431e-05
13.89,-0.9950593049313473,-0.74585080409261,0.7973120906210464,4.158279548607747e-05
13.9,-1.0010162648581726,-0.7483601390386709,0.7973513006173754,4.198837360073641e-05
13.91,-1.0069932166245203,-0.7509038785679897,0.7972710485845548,4.241756912154233e-05
13.92,-1.0129895301578704,-0.7534818761470109,0.797070224929569,4.2870827010938865e-05
13.93,-1.0190045564802108,-0.7560939803369673,0.7967477259856613,4.334858701907376e-05
13.94,-1.0250376273544994,-0.7587400346528104,0.7963024546873979,4.385128289016132e-05
13.950000000000001,-1.0310880549342052,-0.761419877420042,0.7957333212668942,4.43793415366675e-05
13.96,-1.0371551314163456,-0.7641333416295005,0.7950392439714062,4.493318218113835e-05
13.97,-1.0432381286984589,-0.7668802547901585,0.7942191498024732,4.551321546557219e-05
13.98,-1.049336298039961,-0.7696604387799938,0.7932719752767767,4.611984252829743e-05
13.99,-1.0554488697283575,-0.7724737096949984,0.7921966672088613,4.6753454048419927e-05
14.0,-1.0615750527507952,-0.7753198776963948,0.7909921835158392,4.741442925800029e-05
14.01,-1.0677140344714573,-0.778198746856133,0.7896574940441774,4.8103134922193545e-05
14.02,-1.0738649803153186,-0.7811101150007463,0.7881915814186399,4.881992428771573e-05
14.030000000000001,-1.0800270334588007,-0.7840537735536482,0.7865934419134317,4.956513600011287e-05
14.040000000000001,-1.0861993145278779,-0.7870295073759564,0.7848620863455625,5.033909299039806e-05
14.05,-1.0923809213042055,-0.790037094605937,0.7829965409904162,5.114210133178385e-05
14.06,-1.098570928439858,-0.7930763064971639,0.7809958485194838,5.197444906734478e-05
14.07,-1.1047683871812806,-0.7961469072554963,0.7788590689601826,5.283640500959242e-05
14.08,-1.110972325103077,-0.7992486538749796,0.7765852806776474,5.372821751309197e-05
14.09,-1.1171817458522693,-0.8023812959727816,0.7741735813783462,5.4650113221395225e-05
14.1,-1.1233956289036855,-0.8055445756232824,0.7716230891353333,5.560229578973275e-05
14.11,-1.129612929327145,-0.8087382271914382,0.7689329434349108,5.658494458506195e-05
14.120000000000001,-1.1358325775671272,-0.8119619771655491,0.7661023062444312,5.759821336526077e-05
14.13,-1.1420534792356267,-0.8152155439895633,0.7631303631009261,5.864222893940423e-05
14.14,-1.1482745149189106,-0.8184986378950578,0.7600163242202045,5.9717089811262944e-05
14.15,-1.1544945399989093,-0.8218109607330398,0.7567594256260145,6.082286480836885e-05
14.16,-1.160712384489987,-0.8251522058057212,0.7533589302988145,6.195959169915249e-05
14.17,-1.166926852891851,-0.8285220576984222,0.7498141293436491,6.312727580086891e-05
14.18,-1.1731367240593702,-0.8319201921117677,0.7461243431765732,6.432588858125439e-05
14.19,-1.179340751090087,-0.8353462756943456,0.7422889227290128,6.555536625703618e-05
14.200000000000001,-1.1855376612302195,-0.8387999658760021,0.7383072506693974,6.681560839263503e-05
14.21,-1.1917261557999563,-0.8422809107019563,0.7341787426413385,6.810647650262501e-05
14.22,-1.197904910138861,-0.8457887486679214,0.7299028485175737,6.94277926617159e-05
14.23,-1.2040725735722093,-0.8493231085564269,0.7254790536688321,7.077933812624558e-05
14.24,-1.2102277693990884,-0.8528836092745419,0.7209068802467183,7.216085197138042e-05
14.25,-1.2163690949030956,-0.8564698596932072,0.7161858884796456,7.357202974845306e-05
14.26,-1.2224951213864794,-0.8600814584883886,0.7113156779807878,7.501252216705018e-05
14.27,-1.2286043942285647,-0.8637179939842697,0.706295889066951,7.64819338066987e-05
14.280000000000001,-1.234695432969313,-0.8673790439987127,0.7011262040872013,7.797982186319586e-05
14.290000000000001,-1.2407667314188624,-0.8710641756912151,0.6958063487600153,7.950569493481617e-05
14.3,-1.2468167577938962,-0.874772945413604,0.6903360935176531,8.105901185383708e-05
14.31,-1.2528439548816819,-0.8785048985637084,0.6847152548563814,8.263918056901004e-05
14.32,-1.258846740232622,-0.8822595694422629,0.6789436966911071,8.424555708475847e-05
14.33,-1.264823506382149,-0.8860364811132951,0.6730213317129085,8.587744446306823e-05
14.34,-1.2707726211027885,-0.8898351452682605,0.66694812274788,8.753409189417508e-05
14.35,-1.2766924276872071,-0.8936550620941909,0.6607240841156382,8.921469384228636e-05
14.36,-1.282581245263043,-0.8974957201461291,0.6543492829857602,9.09183892727176e-05
14.370000000000001,-1.288437369140312,-0.9013565962241269,0.6478238407303589,9.264426096688237e-05
14.38,-1.2942590711921542,-0.9052371552550893,0.6411479342709256,9.439133493169117e-05
14.39,-1.3000446002696764,-0.9091368501797522,0.6343217974175024,9.615857990997041e-05
14.4,-1.305792182651616,-0.9130551218450855,0.6273457221981737,9.794490699852507e-05
14.41,-1.311500022529534,-0.9169913989024173,0.6202200601768025,9.97491693805036e-05
14.42,-1.317166302529214,-0.9209450977115796,0.6129452237568633,0.00010157016217870096
14.43,-1.3227891842689161,-0.9249156222513788,0.6055216874691642,0.00010340662243637613
14.44,-1.328366808955101,-0.928902364036698,0.5979499892411813,0.00010525722923211318
14.450000000000001,-1.3338972980162076,-0.932904702042541,0.5902307316456674,0.00010712060393511439
14.46,-1.3393787537750252,-0.9369220026353297,0.5823645831261408,0.00010899531060718213
14.47,-1.3448092601601647,-0.9409536195117706,0.5743522791967949,0.00011087985655748855
14.48,-1.3501868834570865,-0.9449988936456046,0.5661946236143226,0.00011277269305598257
14.49,-1.3555096730990988,-0.9490571532425595,0.5578924895190928,0.00011467221621104152
14.5,-1.3607756624986869,-0.9531277137038207,0.5494468205430695,0.00011657676801669422
14.51,-1.365982869919486,-0.9572098775983406,0.5408586318818205,0.00011848463757438978
14.52,-1.3711292993891513,-0.9613029346443034,0.5321290113279215,0.00012039406249390573
14.530000000000001,-1.3762129416533193,-0.9654061617000609,0.5232591202630245,0.00012230323047758007
14.540000000000001,-1.3812317751707979,-0.9695188227648578,0.5142501946058311,0.00012421028109159122
14.55,-1.386183767150053,-0.9736401689896562,0.5051035457131805,0.00012611330772747945
14.56,-1.3910668746269934,-0.9777694386983727,0.4958205612314449,0.00012801035975657044
14.57,-1.3958790455839876,-0.981905857419833,0.48640270589540746,0.00012989944487936268
14.58,-1.4006182201099684,-0.9860486379307485,0.4768515222717893,0.00013177853167129576
14.59,-1.4052823316014107,-0.9901969803100116,0.46716863144458776,0.00013364555232564035
14.6,-1.4098693080038824,-0.9943500720046041,0.45735573363939314,0.0001354984055935285
14.61,-1.4143770730937948,-0.9985070879074037,0.44741460878385897,0.00013733495992037428
14.620000000000001,-1.4188035477998862,-1.002667190447168,0.43734711700152024,0.00013915305677712926
14.63,-1.4231466515638949,-1.0068295296909684,0.4271551990361775,0.00014095051418400276
14.64,-1.4274043037397817,-1.0109932434593365,0.41684087660409674,0.00014272513042337415
14.65,-1.4315744250307767,-1.0151574574543756,0.4064062526713162,0.00014447468793774216
14.66,-1.4356549389634294,-1.0193212854010822,0.39585351165339855,0.00014619695740762583
14.67,-1.4396437733977487,-1.0234838292021091,0.385184919535024,0.00014788970200335934
14.68,-1.4435388620724212,-1.0276441791061897,0.374402823906885,0.0001495506818037664
14.69,-1.4473381461840018,-1.031801413890432,0.3635096539174171,0.00015117765837371056
14.700000000000001,-1.4510395759988701,-1.0359546010566771,0.3525079201369829,0.00015276839949149139
14.71,-1.4546411124966454,-1.0401027970421008,0.3414002143322185,0.00015432068401607577
14.72,-1.4581407290436579,-1.0442450474442215,0.3301892091483515,0.00015583230688313168
14.73,-1.4615364130949666,-1.0483803872604658,0.3188776576974102,0.00015730108421782308
14.74,-1.4648261679233194,-1.0525078411424211,0.3074683930503634,0.00015872485855133946
14.75,-1.4680080143733474,-1.0566264236648881,0.29596432763135566,0.00016010150412715777
14.76,-1.4710799926391855,-1.06073513960983,0.2843684525123441,0.0001614289322820758
14.77,-1.4740401640636145,-1.064832984265292,0.2726838366065853,0.00016270509688613052
14.780000000000001,-1.4768866129567166,-1.068918943739348,0.2609136257595787,0.00016392799982464223
14.790000000000001,-1.4796174484319464,-1.0729919952891078,0.24906104173623644,0.0001650956965047804
14.8,-1.482230806257418,-1.0770511076647964,0.23712938110322068,0.00016620630136824887
14.81,-1.4847248507201192,-1.0810952414688983,0.225122014005573,0.00016725799339096853
14.82,-1.4870977765006728,-1.0851233495303316,0.21304238283694749,0.00016824902154996242
14.83,-1.4893478105561782,-1.0891343772935942,0.20089400080295716,0.00016917771023706465
14.84,-1.491473214008578,-1.093127263222804,0.18868045037734715,0.00017004246459855418
14.85,-1.49347228403592,-1.097100939220524,0.17640538165092012,0.00017084177577938493
14.86,-1.4953433557637998,-1.1010543310612424,0.1640725105733566,0.00017157422605035757
14.870000000000001,-1.497084804154205,-1.104986358839348,0.15168561708829775,0.0001722384937963339
14.88,-1.4986950458889072,-1.1088959374314182,0.13924854316228769,0.00017283335834347653
14.89,-1.5001725412444873,-1.1127819769726084,0.12676519070840642,0.00017335770460344665
14.9,-1.5015157959560221,-1.116643383346903,0.11423951940566542,0.0001738105275126121
14.91,-1.502723363066409,-1.1204790586909643,0.10167554441547898,0.00017419093624451617
14.92,-1.5037938447582548,-1.1242879019112848,0.08907733399677194,0.00017449815817417193
14.93,-1.5047258941652233,-1.1280688092143205,0.07644900702153243,0.0001747315425732276
14.94,-1.5055182171596933,-1.131820674649258,0.06379473039286843,0.00017489056401560717
14.950000000000001,-1.5061695741135621,-1.1355423906630369,0.051118716367878334,0.00017497482547394912
14.96,-1.506678781629004,-1.1392328486672227,0.03842521978789657,0.00017498406108798942
14.97,-1.5070447142359844,-1.1428909396162987,0.025718535218925906,0.00017491813858699746
14.98,-1.5072663060533296,-1.1465155545969135,0.013002994005316902,0.00017477706134946653
14.99,-1.507342552410149,-1.1501055854275999,0.0002829612400012081,0.00017456097008444982
15.0,-1.5072725114244307,-1.153659925268448,-0.012437167345171515,0.0001742701441202785
15.01,-1.5070553055356408,-1.1571774692401944,-0.02515296856520472,0.00017390500228781796
15.02,-1.506690122988194,-1.160657115052156,-0.03785999503981205,0.00017346610338697012
15.030000000000001,-1.5061762192626986,-1.1640977636384218,-0.05055377851911107,0.00017295414622679785
15.040000000000001,-1.5055129184519274,-1.1674983198016802,-0.06322983327268365,0.0001723699692313576
15.05,-1.5046996145785179,-1.1708576928640448,-0.07588365953732062,0.00017171454960518645
15.06,-1.5037357728514766,-1.174174797324213,-0.08851074701856435,0.0001709890020542831
15.07,-1.5026209308586274,-1.1774485535202703,-0.10110657844096882,0.00017019457706038987
15.08,-1.5013546996922316,-1.1806778882974356,-0.11366663314181336,0.0001693326587084267
15.09,-1.4999367650050979,-1.183861735680016,-0.12618639070283338,0.00016840476206899185
15.1,-1.4983668879945966,-1.1869990375468291,-0.1386613346143722,0.0001674125301399541
15.11,-1.4966449063121008,-1.1900887443093249,-0.15108695596620983,0.00016635773035327694
15.120000000000001,-1.4947707348954966,-1.1931298155916275,-0.16345875715919245,0.00016524225065535968
15.13,-1.4927443667225246,-1.196121220911703,-0.17577225563166557,0.0001640680951712994
15.14,-1.4905658734828455,-1.1990619403628402,-0.18802298759461133,0.00016283737946556136
15.15,-1.488235406166868,-1.2019509652946252,-0.20020651176930077,0.0001615523254136468
15.16,-1.4857531955695142,-1.2047872989925772,-0.2123184131212,0.0001602152557013302
15.17,-1.483119552707261,-1.2075699573556027,-0.22435430658381375,0.0001588285879700008
15.18,-1.4803348691469427,-1.2102979695704201,-0.23630984076611022,0.0001573948286285392
15.19,-1.4773996172449788,-1.2129703787821007,-0.24818070163715125,0.000155916566353909
15.200000000000001,-1.4743143502958511,-1.2155862427598652,-0.25996261618154687,0.00015439646530435592
15.21,-1.4710797025888338,-1.2181446345572786,-0.27165135601936874,0.00015283725807065256
15.22,-1.4676963893721626,-1.2206446431659774,-0.28324274098418883,0.0001512417383922799
15.23,-1.4641652067240076,-1.2230853741620735,-0.29473264265296073,0.00014961275366672647
15.24,-1.4604870313298066,-1.225465950344375,-0.30611698782152874,0.00014795319728123243
15.25,-1.456662820165705,-1.2277855123635737,-0.3173917619196385,0.00014626600079731606
15.26,-1.4526936100880388,-1.2300432193415538,-0.3285530123594252,0.00014455412601923855
15.27,-1.4485805173289927,-1.2322382494799862,-0.33959685181147975,0.00014282055697821598
15.280000000000001,-1.4443247368987628,-1.234369800657382,-0.3505194614027323,0.00014106829186467243
15.290000000000001,-1.4399275418947421,-1.2364370910137938,-0.36131709383054844,0.00013930033494112635
15.3,-1.435390282718452,-1.238439359522364,-0.3719860763876077,0.0001375196884684096
15.31,-1.4307143862011267,-1.2403758665469387,-0.3825228138923228,0.00013572934467786022
15.32,-1.4259013546390602,-1.2422458943849826,-0.392923791519762,0.00013393227782185126
15.33,-1.4209527647400066,-1.2440487477950477,-0.40318557752825723,0.0001321314363345914
15.34,-1.4158702664821212,-1.2457837545080745,-0.4133048258771129,0.0001303297351345112
15.35,-1.4106555818871065,-1.2474502657218214,-0.42327827873107765,0.00012853004809873747
15.36,-1.4053105037094125,-1.249047656577748,-0.43310276884749865,0.00012673520073918477
15.370000000000001,-1.399836894043515,-1.2505753266197006,-0.4427752218423506,0.0001249479631086733
15.38,-1.3942366828514647,-1.2520327002337766,-0.45229265833160925,0.0001231710429641715
15.39,-1.3885118664130651,-1.2534192270687732,-0.46165219594473245,0.00012140707921282608
15.4,-1.3826645057011968,-1.254734382436657,-0.4708510512073073,0.00011965863566486008
15.41,-1.3766967246849562,-1.25597766769252,-0.4798865412902309,0.00011792819511571674
15.42,-1.3706107085634205,-1.2571486105935243,-0.48875608562310197,0.00011621815377802595
15.43,-1.3644087019329865,-1.258246765636366,-0.4974572073698197,0.00011453081608201184
15.44,-1.3580930068913626,-1.2592717143728285,-0.5059875347647067,0.00011286838986099989
15.450000000000001,-1.3516659810814067,-1.2602230657030276,-0.5143448023077979,0.00011123298193656362
15.46,-1.345130035678121,-1.2611004561459889,-0.522526851818262,0.0001096265941157406
15.47,-1.3384876333222093,-1.261903550087234,-0.5305316333452511,0.00010805111961057596
15.48,-1.331741286003697,-1.2626320400030888,-0.5383572059357978,0.00010650833988799037
15.49,-1.3248935528991992,-1.26328564666147,-0.546001738259704,0.000104999921955812
15.5,-1.317947038166489,-1.2638641192989348,-0.5534635090916887,0.00010352741608856295
15.51,-1.3109043887000837,-1.2643672357738318,-0.560740907651378,0.0001020922539943769
15.52,-1.3037682918516176,-1.2647948026954121,-0.5678324338020332,0.00010069574742227163
15.530000000000001,-1.2965414731188116,-1.2651466555288173,-0.5747366981092219,9.933908720685275e-05
15.540000000000001,-1.289226693806883,-1.2654226586758852,-0.5814524217609327,9.80233427454706e-05
15.55,-1.2818267486662553,-1.2656227055317608,-0.5879784363509303,9.674946190085221e-05
15.56,-1.274344463510443,-1.2657467185173383,-0.5943136835274271,9.551827132027945e-05
15.57,-1.2667826928179857,-1.2657946490875935,-0.6004572145094228,9.433047716058711e-05
15.58,-1.2591443173222954,-1.2657664777159097,-0.606408189473325,9.318666620654792e-05
15.59,-1.2514322415932606,-1.2656622138545326,-0.6121658768127165,9.20873073685365e-05
15.6,-1.2436493916144267,-1.2654818958713323,-0.6177296522743729,9.103275354391992e-05
15.610000000000001,-1.2357987123595262,-1.2652255909630787,-0.623098997973863,9.002324382526894e-05
15.620000000000001,-1.2278831653720907,-1.264893395045479,-0.6282735012942766,8.90589060371771e-05
15.63,-1.2199057263518178,-1.2644854326202566,-0.6332528536718255,8.813975958244701e-05
15.64,-1.2118693827513003,-1.2640018566195852,-0.6380368492722508,8.726571857741618e-05
15.65,-1.203777131386653,-1.2634428482282243,-0.6426253835621387,8.643659525536132e-05
15.66,-1.1956319760654905,-1.2628086166837333,-0.647018451779407,8.565210361626455e-05
15.67,-1.1874369252356218,-1.2620993990551725,-0.6512161473073647,8.49118633006877e-05
15.68,-1.17919498965773,-1.2613154600007261,-0.6552186599568766,8.421540366510298e-05
15.69,-1.1709091801052065,-1.2604570915047129,-0.6590262741612735,8.356216803577778e-05
15.700000000000001,-1.1625825050941974,-1.2595246125944752,-0.662639367088749,8.295151811819716e-05
15.71,-1.1542179686468097,-1.2585183690376611,-0.6660584066770627,8.238273853903025e-05
15.72,-1.1458185680903028,-1.257438733020438,-0.6692839495954375,8.185504149778545e-05
15.73,-1.1373872918949683,-1.2562861028072025,-0.6723166391385907,8.136757150555213e-05
15.74,-1.128927117553276,-1.2550609023823645,-0.6751572030578742,8.091941018865143e-05
15.75,-1.1204410095027262,-1.2537635810748091,-0.6778064513345217,8.050958113546005e-05
15.76,-1.1119319170947226,-1.2523946131656556,-0.680265273900011,8.013705476528854e-05
15.77,-1.103402772611635,-1.2509544974799458,-0.6825346383085411,7.980075319890216e-05
15.780000000000001,-1.0948564893340862,-1.2494437569629149,-0.6846155873666065,7.949955511100474e-05
15.790000000000001,-1.0862959596603534,-1.2478629382415054,-0.6865092367246196,7.923230054588054e-05
15.8,-1.077724053279638,-1.2462126111717988,-0.6882167724354855,7.899779567832291e-05
15.81,-1.0691436154008038,-1.2444933683730488,-0.689739448484981,7.879481750292314e-05
15.82,-1.0605574650380536,-1.24270582474901,-0.6910785842987173,7.862211843583215e-05
15.83,-1.0519683933548594,-1.2408506169972602,-0.6922355622303905,7.847843081421646e-05
15.84,-1.0433791620673263,-1.2389284031072232,-0.6932118250359357,7.836247127969557e-05
15.85,-1.0347925019080244,-1.2369398618475984,-0.6940088733380978,7.827294503317284e-05
15.860000000000001,-1.0262111111511865,-1.2348856922439122,-0.6946282630858304,7.820854994966749e-05
15.870000000000001,-1.0176376542000256,-1.2327666130469017,-0.6950716030128138,7.816798054287912e-05
15.88,-1.0090747602367973,-1.2305833621924431,-0.6953405520992632,7.814993177036376e-05
15.89,-1.0005250219360906,-1.2283366962537379,-0.6954368170410641,7.815310267139491e-05
15.9,-0.9919909942417053,-1.2260273898864629,-0.6953621497301393,7.817619983068721e-05
15.91,-0.9834751932073443,-1.2236562352675884,-0.6951183447498054,7.821794066229655e-05
15.92,-0.9749800949012232,-1.221224041528564,-0.6947072368887323,7.827705650910603e-05
15.93,-0.9665081343745813,-1.218731634183563,-0.6941306986769649,7.835229555436952e-05
15.94,-0.9580617046939597,-1.2161798545534706,-0.6933906379473129,7.84424255428237e-05
15.950000000000001,-0.9496431560369978,-1.2135695591862916,-0.6924889954252534,7.854623630985873e-05
15.96,-0.9412547948513944,-1.2109016192746425,-0.6914277423503308,7.866254211819585e-05
15.97,-0.9328988830765709,-1.2081769200709842,-0.6902088781318766,7.879018380241244e-05
15.98,-0.9245776374274776,-1.2053963603012403,-0.6888344280417056,7.892803072251675e-05
15.99,-0.9162932287398874,-1.2025608515774282,-0.687306440946279,7.907498252855756e-05
16.0,-0.9080477813764317,-1.1996713178099256,-0.6856269870806628,7.922997073900885e-05
16.01,-0.8998433726925464,-1.1967286946199738,-0.6837981558664413,7.939196013637217e-05
16.02,-0.8916820325614168,-1.1937339287530067,-0.6818220537755832,7.955994998403951e-05
16.03,-0.8835657429569337,-1.1906879774933812,-0.679700802242095,7.973297506906472e-05
16.04,-0.8754964375936033,-1.1875918080810666,-0.6774365356231323,7.991010657600487e-05
16.05,-0.8674760016222857,-1.184446397130833,-0.6750313992110865,8.009045279745844e-05
16.06,-0.8595062713805777,-1.1812527300544653,-0.6724875472979988,8.027315968731499e-05
16.07,-0.8515890341966007,-1.1780118004865103,-0.6698071412935104,8.045741126311977e-05
16.080000000000002,-0.8437260282448997,-1.1747246097140454,-0.6669923478973979,8.064242986423079e-05
16.09,-0.8359189424531184,-1.1713921661109414,-0.6640453373276021,8.082747627270216e-05
16.1,-0.8281694164580681,-1.1680154845770747,-0.6609682816045117,8.101184970403481e-05
16.11,-0.8204790406097779,-1.16459558598292,-0.6577633528921282,8.119488767505765e-05
16.12,-0.8128493560220754,-1.1611334966199454,-0.6544327218965992,8.137596575635382e-05
16.13,-0.8052818546682221,-1.1576302476572036,-0.6509785563224808,8.155449721666947e-05
16.14,-0.7977779795201054,-1.1540868746045003,-0.6474030193869627,8.172993256676989e-05
16.15,-0.7903391247294671,-1.150504416782501,-0.6437082683921682,8.190175901021506e-05
16.16,-0.782966635849634,-1.1468839168001144,-0.6398964533555285,8.20694998084387e-05
16.17,-0.775661810096207,-1.14322642003948,-0.6359697156981161,8.223271356745139e-05
16.18,-0.7684258966451538,-1.1395329741488602,-0.6319301869907205,8.23909934533754e-05
16.19,-0.7612600969667487,-1.1358046285437253,-0.6277799877573459,8.254396634385373e-05
16.2,-0.7541655651938031,-1.1320424339162964,-0.6235212263357183,8.269129192222791e-05
16.21,-0.747143408522631,-1.128247441753798,-0.6191559977942968,8.283266172116733e-05
16.22,-0.7401946876452017,-1.12442070386565,-0.6146863829052025,8.296779812225875e-05
16.23,-0.7333204172109389,-1.120563271919813,-0.6101144471723958,8.309645331779252e-05
16.240000000000002,-0.7265215663166394,-1.1166761969884842,-0.6054422399143613,8.321840824075994e-05
16.25,-0.7197990590229975,-1.1127605291033207,-0.600671793400489,8.333347146883982e-05
16.26,-0.7131537748962368,-1.1088173168203561,-0.5958051220402782,8.344147810785183e-05
16.27,-0.7065865495733752,-1.1048476067947537,-0.590844221624428,8.354228865990508e-05
16.28,-0.7000981753496633,-1.1008524433655267,-0.5857910686168295,8.363578788119272e-05
16.29,-0.6936894017867651,-1.0968328681503412,-0.5806476194964213,8.372188363408873e-05
16.3,-0.6873609363402723,-1.0927899196504993,-0.5754158101478263,8.380050573792092e-05
16.31,-0.6811134450051727,-1.0887246328661873,-0.5700975552996496,8.387160482252217e-05
16.32,-0.6749475529779181,-1.0846380389220582,-0.5646947480092792,8.393515118836664e-05
16.330000000000002,-0.6688638453337693,-1.0805311647032059,-0.5592092591930022,8.39911336768123e-05
16.34,-0.6628628677181272,-1.0764050325015702,-0.5536429372002197,8.403955855370378e-05
16.35,-0.6569451270505885,-1.0722606596728048,-0.5479976074305233,8.408044840932253e-05
16.36,-0.6511110922404996,-1.0680990583036227,-0.5422750719923739,8.411384107737734e-05
16.37,-0.6453611949128157,-1.063921234889624,-0.5364771094021108,8.413978857549867e-05
16.38,-0.6396958301431064,-1.0597281900235982,-0.5306054743220044,8.415835606943624e-05
16.39,-0.6341153572005828,-1.055520918094282,-0.5246618973360598,8.416962086291387e-05
16.4,-0.6286201002980603,-1.0513004069955434,-0.5186480847622702,8.417367141485681e-05
16.41,-0.6232103493478031,-1.047067637845953,-0.5125657185000203,8.417060638549992e-05
16.42,-0.617886360722235,-1.0428235847186886,-0.506416455911337,8.41605337126531e-05
16.43,-0.6126483580185369,-1.0385692143817205,-0.5002019297346902,8.41435697191952e-05
16.44,-0.6074965328261869,-1.0343054860482017,-0.4939237480300516,8.41198382526929e-05
16.45,-0.6024310454965369,-1.0300333511369923,-0.4875834941539277,8.408946985782685e-05
16.46,-0.5974520259135543,-1.0257537530432297,-0.4811827267630944,8.40526009821687e-05
16.47,-0.5925595742648936,-1.021467626918852,-0.474722979845772,8.40093732156596e-05
16.48,-0.5877537618124993,-1.0171758994629785,-0.4682057627789956,8.395993256400574e-05
16.490000000000002,-0.583034631661976,-1.0128794887220351,-0.46163256041095163,8.390442875607605e-05
16.5,-0.5784021995299969,-1.0085793038995166,-0.45500483316706863,8.384301458521604e-05
16.51,-0.573856454509057,-1.0042762451752643,-0.44832401717867243,8.377584528432321e-05
16.52,-0.5693973598289093,-0.9999712035341354,-0.4415915244330339,8.370307793438797e-05
16.53,-0.5650248536140592,-0.9956650606039343,-0.4348087429436628,8.36248709060955e-05
16.54,-0.5607388496367216,-0.9913586885024721,-0.4279770369397223,8.354138333402429e-05
16.55,-0.5565392380646799,-0.987052949693614,-0.42109774707346537,8.345277462286826e-05
16.56,-0.5524258862035157,-0.9827486968521739,-0.41417219064461813,8.33592039850461e-05
16.57,-0.5483986392327116,-0.9784467727375077,-0.40720166184066237,8.326083000899322e-05
16.580000000000002,-0.5444573209351553,-0.9741480100756561,-0.4001874319919962,8.315781025737637e-05
16.59,-0.5406017344196072,-0.9698532314498852,-0.39313074984097934,8.305030089442031e-05
16.6,-0.5368316628357195,-0.9655632491994666,-0.3860328418238975,8.293845634149431e-05
16.61,-0.5331468700812216,-0.9612788653265415,-0.37889491236490863,8.282242896006812e-05
16.62,-0.5295471015009179,-0.9570008714109074,-0.3717181441810629,8.270236876111871e-05
16.63,-0.5260320845771637,-0.9527300485325656,-0.3645036985975172,8.25784231400484e-05
16.64,-0.5226015296115174,-0.9484671672018656,-0.35725271587209306,8.245073663615341e-05
16.65,-0.5192551303972852,-0.9442129872970828,-0.34996631552835794,8.231945071566799e-05
16.66,-0.5159925648827022,-0.9399682580092619,-0.34264559669643685,8.21847035774097e-05
16.67,-0.5128134958245149,-0.9357337177941607,-0.3352916384607921,8.20466299800388e-05
16.68,-0.5097175714317523,-0.9315100943311267,-0.32790550021423676,8.190536108994645e-05
16.69,-0.5067044259994945,-0.9272981044887387,-0.3204882220174774,8.176102434880207e-05
16.7,-0.5037736805324655,-0.9230984542970453,-0.3130408249635082,8.161374335978385e-05
16.71,-0.5009249433583008,-0.9189118389262338,-0.30556431154620944,8.14636377915307e-05
16.72,-0.4981578107303545,-0.9147389426715616,-0.2980596660325288,8.131082329887846e-05
16.73,-0.49547186741993005,-0.910580438944382,-0.2905278548376536,8.115541145944603e-05
16.740000000000002,-0.4928666872978382,-0.9064369902690999,-0.28296982690260697,8.09975097251639e-05
16.75,-0.49034183390519714,-0.9023092482858903,-0.27538651407373005,8.083722138785255e-05
16.76,-0.48789686101340946,-0.8981978537590161,-0.26777883148353665,8.067464555798616e-05
16.77,-0.4855313131732637,-0.8941034365905793,-0.26014767793245336,8.050987715579498e-05
16.78,-0.48324472625312176,-0.8900266158395471,-0.2524939362709833,8.034300691389022e-05
16.79,-0.48103662796616786,-0.8859679997458866,-0.24481847378185603,8.017412139061755e-05
16.8,-0.47890653838670605,-0.8819281857596529,-0.2371221425617502,8.000330299336874e-05
16.81,-0.47685397045550687,-0.87790776057487,-0.2294057799021997,7.983063001112014e-05
16.82,-0.4748784304742128,-0.8739073001680474,-0.22167020866931575,7.965617665547948e-05
16.830000000000002,-0.4729794185888252,-0.86992736984118,-0.2139162376819807,7.948001310956312e-05
16.84,-0.471156429262303,-0.8659685242690751,-0.20614466208819046,7.930220558404551e-05
16.85,-0.46940895173631486,-0.8620313075508579,-0.19835626373924353,7.91228163797555e-05
16.86,-0.46773647048219374,-0.8581162532655047,-0.19055181156149514,7.894190395622535e-05
16.87,-0.46613846564115197,-0.8542238845312571,-0.1827320619254146,7.875952300561677e-05
16.88,-0.46461441345382226,-0.8503547140687722,-0.17489775901170318,7.857572453148632e-05
16.89,-0.4631637866791972,-0.8465092442678649,-0.16704963517424828,7.839055593187337e-05
16.9,-0.4617860550030464,-0.8426879672577032,-0.15918841129970754,7.820406108622672e-05
16.91,-0.4604806854358969,-0.8388913649803158,-0.1513147971635334,7.801628044570662e-05
16.92,-0.45924714270066735,-0.8351199092672769,-0.14342949178226605,7.782725112642726e-05
16.93,-0.4580848896100534,-0.8313740619194342,-0.13553318376193724,7.763700700523498e-05
16.94,-0.4569933874337635,-0.8276542747895477,-0.12762655164244446,7.744557881763476e-05
16.95,-0.45597209625571244,-0.8239609898677098,-0.11971026423776804,7.725299425750396e-05
16.96,-0.4550204753212807,-0.8202946393694208,-0.11178498097191912,7.705927807825902e-05
16.97,-0.45413798337475325,-0.8166556458261937,-0.10385135221051914,7.6864452195163e-05
16.98,-0.45332407898705374,-0.8130444221785663,-0.09591001958792479,7.666853578847812e-05
16.990000000000002,-0.4525782208738932,-0.8094613718714021,-0.0879616163298246,7.647154540719293e-05
17.0,-0.4518998682044552,-0.8059068889513601,-0.08000676757124503,7.627349507307725e-05
17.01,-0.4512884809007405,-0.8023813581664202,-0.07204609066991537,7.607439638483184e-05
17.02,-0.45074351992769784,-0.7988851550673506,-0.06408019551495117,7.587425862211767e-05
17.03,-0.4502644475742685,-0.7954186461110073,-0.056109684830826255,7.567308884927727e-05
17.04,-0.44985072772547174,-0.7919821887653571,-0.048135154476612776,7.54708920185659e-05
17.05,-0.4495018261256637,-0.7885761316161188,-0.04015719374047825,7.526767107273174e-05
17.06,-0.44921721063309794,-0.7852008144749202,-0.03217638562943667,7.506342704680685e-05
17.07,-0.4489963514659211,-0.7818565684888673,-0.024193307154359342,7.485815916897135e-05
17.080000000000002,-0.4488387214397344,-0.7785437162514308,-0.01620852961025842,7.465186496037905e-05
17.09,-0.44874379619685373,-0.77526257191455,-0.00822261885186363,7.444454033384145e-05
17.1,-0.4487110544273999,-0.7720134413018622,-0.00023613556451924055,7.423617969127974e-05
17.11,-0.44873997808235166,-0.768796622022966,0.007750364469565261,7.402677601987007e-05
17.12,-0.4488300525786929,-0.765612403588626,0.015736330109671362,7.381632098681296e-05
17.13,-0.448980766996785,-0.7624610675268361,0.023721214599489664,7.36048050326718e-05
17.14,-0.4491916142700954,-0.7593428874996514,0.0317044753145499,7.33922174632382e-05
17.150000000000002,-0.44946209136741166,-0.7562581294207094,0.03968557351410803,7.317854653988432e-05
17.16,-0.44979169946767056,-0.7532070515733572,0.04766397409743109,7.296377956837775e-05
17.17,-0.45017994412752904,-0.7501899047293072,0.05563914536441668,7.274790298614189e-05
17.18,-0.450626335441805,-0.7472069322677433,0.0636105587804799,7.253090244794736e-05
17.19,-0.4511303881969124,-0.7442583702948034,0.0715776887456375,7.23127629100341e-05
17.2,-0.4516916220174151,-0.741344447763366,0.07954001236771567,7.209346871266748e-05
17.21,-0.4523095615058222,-0.7384653865930692,0.0874970092396054,7.187300366113796e-05
17.22,-0.4529837363757461,-0.7356214017904917,0.0954481612204865,7.165135110521867e-05
17.23,-0.45371368157854236,-0.7328127015694333,0.10339295222093943,7.142849401710386e-05
17.240000000000002,-0.4544989374235494,-0.730039487471224,0.11133086799186226,7.120441506785544e-05
17.25,-0.45533904969204453,-0.7273019544850023,0.11926139591710785,7.097909670238525e-05
17.26,-0.4562335697450297,-0.7246002911678998,0.12718402480975569,7.075252121301179e-05
17.27,-0.4571820546249604,-0.7219346797650713,0.13509824471193077,7.052467081162867e-05
17.28,-0.45818406715152715,-0.7193052963295142,0.14300354669808188,7.029552770052773e-05
17.29,-0.45923917601159875,-0.7167123108416187,0.1508994226816298,7.006507414192361e-05
17.3,-0.46034695584343355,-0.7141558873283947,0.15878536522489645,6.983329252622845e-05
17.31,-0.46150698731526324,-0.7116361839823232,0.1666608673522247,6.960016543912836e-05
17.32,-0.46271885719835104,-0.709153353279778,0.17452542236619947,6.936567572751698e-05
17.330000000000002,-0.46398215843462526,-0.70670754209897,0.1823785236668793,6.912980656434042e-05
17.34,-0.4652964901989855,-0.7042988918373638,0.1902196645739493,6.889254151241449e-05
17.35,-0.4666614579563779,-0.7019275385285196,0.1980483381517057,6.865386458727235e-05
17.36,-0.46807667351373267,-0.6995936129583155,0.20586403703678308,6.841376031910508e-05
17.37,-0.4695417550668556,-0.6972972407805038,0.21366625326853592,6.817221381385994e-05
17.38,-0.47105632724236285,-0.6950385426315606,0.2214544781219871,6.792921081355626e-05
17.39,-0.47262002113474555,-0.6928176342447843,0.2292282019432566,6.768473775588721e-05
17.400000000000002,-0.4742324743386491,-0.6906346265636044,0.23698691398738497,6.743878183317292e-05
17.41,-0.4758933309764497,-0.6884896258540609,0.24473010225846709,6.71913310507325e-05
17.42,-0.4776022417212077,-0.6863827338164146,0.2524572533520133,6.694237428473889e-05
17.43,-0.47935886381507625,-0.6843140476958534,0.2601678522994561,6.669190133962672e-05
17.44,-0.4811628610832403,-0.6822836603922581,0.2678613824147224,6.643990300512145e-05
17.45,-0.48301390394345894,-0.680291660568992,0.2755373251427926,6.618637111295502e-05
17.46,-0.48491166941128244,-0.6783381327606819,0.28319515991016986,6.593129859333772e-05
17.47,-0.48685584110101215,-0.6764231574799568,0.2908343639771843,6.567467953125374e-05
17.48,-0.48884610922246985,-0.6745468113231141,0.29845441229205927,6.541650922264984e-05
17.490000000000002,-0.49088217057363986,-0.6727091670746802,0.30605477734666814,6.515678423058009e-05
17.5,-0.4929637285292464,-0.6709102938108386,0.31363492903391277,6.48955024413779e-05
17.51,-0.4950904930253246,-0.6691502570016943,0.3211943345066566,6.463266312092261e-05
17.52,-0.4972621805398426,-0.6674291186123479,0.3287324580381474,6.436826697106063e-05
17.53,-0.4994785140694297,-0.6657469372027514,0.33624876088386724,6.41023161862542e-05
17.54,-0.5017392231022622,-0.6641037680263197,0.3437427011447497,6.383481451051767e-05
17.55,-0.5040440435871575,-0.6624996631272725,0.35121373363170577,6.356576729470712e-05
17.56,-0.5063927178989247,-0.6609346714366812,0.3586613097314043,6.329518155422673e-05
17.57,-0.508784994800016,-0.6594088388671965,0.3660848772732529,6.30230660272134e-05
17.580000000000002,-0.5112206293985236,-0.6579222084064346,0.37348388039753005,6.27494312332642e-05
17.59,-0.5136993831025618,-0.6564748202089968,0.38085775942462047,6.24742895327617e-05
17.6,-0.5162210235710741,-0.6550667116871035,0.38820595072530867,6.219765518685953e-05
17.61,-0.5187853246611012,-0.6536979175998174,0.3955278865920888,6.191954441818932e-05
17.62,-0.521392066371544,-0.6523684701408382,0.40282299511145164,6.163997547234256e-05
17.63,-0.5240410347834548,-0.6510783990248458,0.4100907000371117,6.135896868018244e-05
17.64,-0.5267320219968843,-0.6498277315723737,0.41733042066414167,6.107654652104368e-05
17.650000000000002,-0.5294648260643151,-0.6486164927931927,0.42454157170398304,6.0792733686869034e-05
17.66,-0.532239250920704,-0.6474447054681843,0.4317235631603053,6.0507557147340194e-05
17.67,-0.5350551063101588,-0.6463123902296884,0.43887580020568984,6.022104621604723e-05
17.68,-0.5379122077092692,-0.6452195656403039,0.44599768305911663,5.9933232617746426e-05
17.69,-0.5408103762471111,-0.6441662482701263,0.4530886068642357,5.9644150556756685e-05
17.7,-0.5437494386219425,-0.643152452772404,0.46014796156840826,5.935383678653582e-05
17.71,-0.5467292270146028,-0.6421781919575972,0.4671751318025063,5.90623306804807e-05
17.72,-0.5497495789986315,-0.6412434768658211,0.47416949676146164,5.876967430399203e-05
17.73,-0.5528103374471139,-0.6403483168376576,0.4811304300855599,5.847591248784307e-05
17.740000000000002,-0.5559113504362642,-0.6394927195833201,0.48805729974247763,5.8181092902891886e-05
17.75,-0.5590524711457514,-0.6386766912501533,0.494949467910065,5.7885266136167736e-05
17.76,-0.5622335577557735,-0.6379002364884544,0.5018062908598789,5.7588485768362e-05
17.77,-0.5654544733408805,-0.6371633585155986,0.5086271188414763,5.729080845276223e-05
17.78,-0.5687150857605483,-0.6364660591784538,0.5154112959674799,5.6992293995645875e-05
17.79,-0.5720152675465017,-0.6358083390140694,0.5221581600994337,5.6693005438163247e-05
17.8,-0.575354895786782,-0.6351901973086239,0.5288670427344674,5.639300913973305e-05
17.81,-0.578733852006555,-0.634611632154616,0.5355372688927951,5.609237486296284e-05
17.82,-0.5821520220456512,-0.6340726405062848,0.5421681570060759,5.57911758601158e-05
17.830000000000002,-0.5856092959328297,-0.6335732182332426,0.5487590188066686,5.548948896112888e-05
17.84,-0.5891055677567546,-0.6331133601723087,0.555309159217816,5.5187394663191314e-05
17.85,-0.5926407355336705,-0.6326930601775246,0.5618178762448003,5.488497722189924e-05
17.86,-0.596214701071764,-0.6323123111683407,0.5682844608671135,5.458232474396958e-05
17.87,-0.5998273698321936,-0.6319711051759559,0.5747081969316908,5.427952928151837e-05
17.88,-0.6034786507867709,-0.6316694333877968,0.581088361047262,5.397668692789799e-05
17.89,-0.6071684562722723,-0.6314072861901223,0.587424222479876,5.3673897915073504e-05
17.900000000000002,-0.6108967018413622,-0.6311846532087371,0.5937150430496632,5.3371266712525927e-05
17.91,-0.6146633061101023,-0.6310015233477994,0.5999600770288995,5.306890212765348e-05
17.92,-0.6184681906020245,-0.6308578848267091,0.6061585710414461,5.276691740765521e-05
17.93,-0.6223112795887411,-0.6307537252150596,0.6123097639636388,5.246543034284915e-05
17.94,-0.6261924999270648,-0.6306890314656379,0.6184128868267091,5.216456337139163e-05
17.95,-0.6301117808926106,-0.6306637899454599,0.6244671627208228,5.186444368535555e-05
17.96,-0.6340690540098481,-0.6306779864648215,0.6304718067008259,5.156520333810922e-05
17.97,-0.6380642528785759,-0.6307316063043532,0.6364260256937956,5.1266979352945366e-05
17.98,-0.6420973129967824,-0.6308246342400604,0.642329018408496,5.096991383288047e-05
17.990000000000002,-0.6461681715798616,-0.630957054566334,0.6481799752468456,5.067415407156527e-05
18.0,-0.6502767673761491,-0.6311288511169146,0.6539780782175088,5.037985266522097e-05
18.01,-0.6544230404787422,-0.6313400072837948,0.659722500851728,5.0087167625504606e-05
18.02,-0.6586069321335675,-0.6315905060340415,0.6654124081215205,4.979626249321565e-05
18.03,-0.662828384543659,-0.631880329924523,0.6710469563603672,4.950730645272879e-05
18.04,-0.6670873406696092,-0.6322094611145223,0.6766252931865291,4.922047444704485e-05
18.05,-0.6713837440261528,-0.6325778813762206,0.6821465574291317,4.8935947293324225e-05
18.06,-0.675717538474845,-0.6329855721030335,0.6876098790571622,4.865391179877469e-05
18.07,-0.6800886680127943,-0.6334325143157803,0.6930143791115347,4.837456087674246e-05
18.080000000000002,-0.6844970765574092,-0.6339186886666711,0.6983591696403793,4.8098093662845206e-05
18.09,-0.6889427077271177,-0.6344440754410926,0.7036433536377212,4.782471563098806e-05
18.1,-0.6934255046180208,-0.6350086545571727,0.708866024985723,4.755463870907168e-05
18.11,-0.697945409576437,-0.6356124055631082,0.7140262684006643,4.728808139419571e-05
18.12,-0.7025023639672989,-0.6362553076322339,0.7191231593828461,4.7025268867157424e-05
18.13,-0.7070963079383594,-0.6369373395558166,0.7241557641706107,4.6766433106026364e-05
18.14,-0.7117271801801697,-0.6376584797335524,0.7291231396986739,4.6511812998548585e-05
18.150000000000002,-0.7163949176817869,-0.6384187061617503,0.734024333560976,4.626165445313936e-05
18.16,-0.7210994554821739,-0.6392179964191801,0.7388583839782618,4.6016210508198785e-05
18.17,-0.7258407264172523,-0.6400563276505662,0.7436243197706103,4.5775741439467535e-05
18.18,-0.7306186608625701,-0.6409336765477075,0.7483211603351394,4.5540514865124237e-05
18.19,-0.7354331864715494,-0.641850019328202,0.7529479156291184,4.531080584831544e-05
18.2,-0.7402842279092777,-0.6428053317117565,0.7575035861587304,4.5086896996783594e-05
18.21,-0.7451717065818086,-0.6437995888940614,0.761987162973731,4.4869078559243116e-05
18.22,-0.7500955403609411,-0.6448327655182089,0.7663976276682615,4.46576485181407e-05
18.23,-0.7550556433044451,-0.6459048356436343,0.7707339523880758,4.445291267840925e-05
18.240000000000002,-0.7600519253717067,-0.6470157727125604,0.7749950998444565,4.425518475181385e-05
18.25,-0.7650842921347654,-0.6481655495139229,0.7791800233350935,4.406478643645949e-05
18.26,-0.7701526444847191,-0.6493541381447567,0.7832876667722162,4.388204749101298e-05
18.27,-0.7752568783334778,-0.650581509969022,0.7873169647182678,4.3707305803178455e-05
18.28,-0.7803968843108445,-0.6518476355738487,0.7912668424294286,4.3540907451930994e-05
18.29,-0.7855725474569109,-0.6531524847231797,0.7951362159072921,4.338320676299448e-05
18.3,-0.7907837469097527,-0.65449602630879,0.7989239919590158,4.323456635703733e-05
18.31,-0.7960303555884198,-0.6558782282986638,0.8026290682662673,4.309535719002485e-05
18.32,-0.8013122398712129,-0.6572990576827062,0.8062503334633018,4.2965958585148446e-05
18.330000000000002,-0.8066292592692491,-0.6587584804157711,0.8097866672245072,4.2846758255729556e-05
18.34,-0.8119812660953191,-0.6602564613579839,0.8132369403617689,4.273815231846983e-05
18.35,-0.8173681051280445,-0.6617929642123402,0.8166000149320055,4.2640545296393446e-05
18.36,-0.8227896132713495,-0.6633679514595602,0.8198747443552415,4.2554350110813685e-05
18.37,-0.8282456192092655,-0.6649813842901791,0.8230599735435855,4.2479988061615555e-05
18.38,-0.8337359430560934,-0.6666332225338565,0.8261545390414915,4.241788879513202e-05
18.39,-0.8392603960019542,-0.6683234245858841,0.8291572691776891,4.236849025886744e-05
18.400000000000002,-0.8448187799537644,-0.6700519473308757,0.832066984229173,4.233223864229183e-05
18.41,-0.8504108871716806,-0.6718187460636209,0.8348824965976519,4.2309588302907194e-05
18.42,-0.8560364999010622,-0.6736237744070872,0.8376026109988594,4.230100167676773e-05
18.43,-0.8616953900000126,-0.6754669842275536,0.8402261246651415,4.2306949172606674e-05
18.44,-0.8673873185625611,-0.6773483255468605,0.8427518275617365,4.2327909048699424e-05
18.45,-0.8731120355375631,-0.6792677464517625,0.8451785026171714,4.2364367271576625e-05
18.46,-0.8788692793433975,-0.6812251930003693,0.8475049259682041,4.241681735566764e-05
18.47,-0.884658776478555,-0.6832206091256646,0.8497298672197455,4.248576018294582e-05
18.48,-0.8904802411282156,-0.6852539365360885,0.8518520897202015,4.257170380162124e-05
18.490000000000002,-0.8963333747669285,-0.6873251146131757,0.8538703508526779,4.267516320290538e-05
18.5,-0.9022178657575117,-0.6894340803062409,0.8557834023424967,4.279666007485953e-05
18.51,-0.9081333889463045,-0.6915807680241007,0.8575899905814752,4.2936722532318796e-05
18.52,-0.9140796052549139,-0.6937651095238301,0.859288856969422,4.309588482187139e-05
18.53,-0.9200561612686101,-0.695987033796545,0.8608787382733077,4.3274687000864596e-05
18.54,-0.9260626888215343,-0.6982464669502114,0.862358367004569,4.34736745893842e-05
18.55,-0.9320988045788989,-0.7005433320894767,0.8637264718150073,4.369339819416098e-05
18.56,-0.9381641096163702,-0.7028775491925264,0.8649817779117416,4.393441310334662e-05
18.57,-0.9442581889968371,-0.7052490349849673,0.866123007491679,4.419727885109508e-05
18.580000000000002,-0.9503806113447852,-0.7076577028107419,0.8671488801959621,4.4482558750892734e-05
18.59,-0.956530928418508,-0.7101034625000822,0.8680581135848514,4.47908193965727e-05
18.6,-0.962708674680401,-0.7125862202345093,0.8688494236335015,4.512263012996685e-05
18.61,-0.9689133668656039,-0.7151058784088946,0.8695215252490823,4.547856247415662e-05
18.62,-0.9751445035492657,-0.7176623354905919,0.8700731328096961,4.585918953129066e-05
18.63,-0.9814015647127293,-0.7202554858756613,0.8705029607255327,4.6265085343965725e-05
18.64,-0.9876840113089452,-0.7228852197422027,0.8708097240227016,4.669682421918368e-05
18.650000000000002,-0.9939912848274425,-0.7255514229008214,0.8709921389501711,4.715498001393279e-05
18.66,-1.000322806859203,-0.7282539766422532,0.8710489236102359,4.7640125381472536e-05
18.67,-1.006677978661802,-0.7309927575821762,0.8709787986129254,4.815283097743361e-05
18.68,-1.0130561807251983,-0.7337676375032431,0.8707804877547541,4.869366462489833e-05
18.69,-1.019456772338572,-0.73657848319437,0.8704527187222026,4.9263190437679616e-05
18.7,-1.025879091158634,-0.7394251562873205,0.8699942238203038,4.986196790107216e-05
18.71,-1.032322452779846,-0.7423075130906305,0.869403740726695,5.049055090940497e-05
18.72,-1.0387861503070093,-0.7452254044209197,0.8686800132714796,5.114948675981595e-05
18.73,-1.0452694539307061,-0.7481786754316431,0.8678217922432209,5.1839315101729705e-05
18.740000000000002,-1.0517716105060932,-0.7511671654393381,0.8668278362213768,5.256056684162252e-05
18.75,-1.0582918431355717,-0.7541907077474284,0.8656969124354564,5.331376300275686e-05
18.76,-1.064829350755877,-0.7572491294676494,0.8644277976511594,5.409941353964406e-05
18.77,-1.0713833077301558,-0.7603422513391681,0.8630192790837347,5.491801610714572e-05
18.78,-1.077952863445617,-0.7634698875454687,0.8614701553387656,5.5770054784230595e-05
18.79,-1.0845371419173702,-0.7666318455290894,0.8597792373805615,5.6655998752522944e-05
18.8,-1.0911352413990807,-0.7698279258042925,0.8579453495283045,5.7576300929940816e-05
18.81,-1.0977462340011015,-0.7730579217677621,0.8559673304800673,5.853139655986814e-05
18.82,-1.1043691653167567,-0.7763216195074255,0.8538440343647835,5.9521701756462065e-05
18.830000000000002,-1.1110030540574807,-0.7796187976095016,0.851574331822213,6.0547612006874474e-05
18.84,-1.1176468916975364,-0.7829492269638862,0.849157111110909,6.160950063134295e-05
18.85,-1.124299642129059,-0.7863126705679896,0.8465912792441483,6.270771720230184e-05
18.86,-1.130960241328195,-0.7897088833291477,0.8438757631537458,6.384258592388534e-05
18.87,-1.1376275970331313,-0.7931376118657365,0.8410095108816252,6.50144039733752e-05
18.88,-1.1443005884348258,-0.7965985943071241,0.8379914927989731,6.62234398063914e-05
18.89,-1.1509780658812787,-0.8000915600926025,0.8348207028527493,6.7469931427869e-05
18.900000000000002,-1.1576588505962024,-0.8036162297694492,0.831496159839276,6.875408463107857e-05
18.91,-1.1643417344129707,-0.8071723147902736,0.8280169087045709,7.007607120723177e-05
18.92,-1.1710254795247477,-0.8107595173098127,0.8243820218710333,7.143602712846729e-05
18.93,-1.1777088182517186,-0.8143775299813469,0.820590600590031,7.28340507072795e-05
18.94,-1.1843904528263633,-0.818026035752915,0.816641776319872,7.427020073574775e-05
18.95,-1.1910690551977334,-0.8217047076635129,0.8125347121285824,7.574449460820697e-05
18.96,-1.19774326685571,-0.8254132086394731,0.8082686041208418,7.725690643130235e-05
18.97,-1.2044116986762405,-0.829151191291224,0.8038426828883595,7.880736512566751e-05
18.98,-1.2110729307885642,-0.8329182977106415,0.7992562149829014,8.039575252378618e-05
18.990000000000002,-1.217725512465455,-0.836714159269208,0.794508504411104,8.202190146891886e-05
19.0,-1.224367962037524,-0.8405383964172085,0.7895988941501326,8.368559392026773e-05
19.01,-1.2309987668326348,-0.8443906184841953,0.7845267676831669,8.538655906990723e-05
19.02,-1.237616383141496,-0.8482704234809646,0.7792915505536085,8.71244714773174e-05
19.03,-1.2442192362105104,-0.8521773979032973,0.7738927119368314,8.889894922767731e-05
19.04,-1.250805720262962,-0.8561111165377201,0.7683297662282002,9.07095521203906e-05
19.05,-1.257374198549629,-0.8600711422695573,0.7626022746460054,9.255577989466038e-05
19.06,-1.2639230034299218,-0.8640570258935463,0.7567098468478675,9.443707049922376e-05
19.07,-1.270450436484642,-0.8680683059273022,0.7506521425590759,9.63527984136441e-05
19.080000000000002,-1.2769547686614582,-0.8721045084279225,0.7444288732112373,9.830227302890945e-05
19.09,-1.2834342404541978,-0.8761651468120312,0.7380398035895125,0.0001002847370953104
19.1,-1.2898870621170462,-0.8802497216795708,0.7314847534866299,0.0001022993652458751
19.11,-1.2963114139147374,-0.884357720641658,0.7247635993617676,0.00010434526260390186
19.12,-1.3027054464098153,-0.8884886181528241,0.7178762760023001,0.00010642146348334342
19.13,-1.309067280788029,-0.892641875347974,0.7108227781863111,0.0001085269301910264
19.14,-1.3153950092229123,-0.896816939884398,0.7036031623436773,0.00011066055193987727
19.150000000000002,-1.3216866952805804,-0.9010132457891836,0.6962175482134303,0.00011282114388249181
19.16,-1.327940374365755,-0.9052302133123776,0.6886661204950123,0.00011500744627453033
19.17,-1.3341540542100063,-0.9094672487862575,0.6809491304909402,0.00011721812377751672
19.18,-1.340325715403173,-0.913723744491075,0.6730668977383037,0.0001194517649106761
19.19,-1.3464533119688877,-0.9179990785276421,0.6650198116264273,0.0001217068816615028
19.2,-1.3525347719851089,-0.922292614697136,0.6568083329979345,0.00012398190926472613
19.21,-1.3585679982505114,-0.9266037023885011,0.6484329957303646,0.00012627520615927918
19.22,-1.364550868997558,-0.9309316764738347,0.6398944082954029,0.00012858505413278448
19.23,-1.3704812386530187,-0.9352758572121442,0.6311932552927023,0.00013090965866291942
19.240000000000002,-1.3763569386466634,-0.9396355501618694,0.6223302989551919,0.00013324714946482438
19.25,-1.3821757782687956,-0.9440100461025639,0.6133063806226882,0.00013559558125343876
19.26,-1.3879355455772395,-0.9483986209661348,0.6041224221805539,0.00013795293472935533
19.27,-1.393634008354332,-0.9528005357780401,0.5947794274600746,0.00014031711779640614
19.28,-1.3992689151144042,-0.9572150366088444,0.5852784835971612,0.00014268596701873525
19.29,-1.404837996162171,-0.9616413545365345,0.5756207623459236,0.0001450572493246349
19.3,-1.410338964702369,-0.9660787056199968,0.5658075213436083,0.00014742866396384122
19.31,-1.4157695180009082,-0.9705262908840554,0.5558401053233402,0.0001497978447243609
19.32,-1.4211273385977246,-0.9749832963164714,0.5457199472710701,0.00015216236241419727
19.330000000000002,-1.4264100955714252,-0.9794488928772971,0.535448569523092,0.00015451972761255895
19.34,-1.4316154458557382,-0.983922236520979,0.5250275848004657,0.00015686739369433442
19.35,-1.4367410356076786,-0.9884024682315982,0.5144586971766597,0.00015920276013066932
19.36,-1.4417845016272461,-0.9928887140716298,0.5037437029747199,0.00016152317606753323
19.37,-1.4467434728283701,-0.9973800852446,0.4928844915902628,0.0001638259441831321
19.38,-1.4516155717607075,-1.0018756781720084,0.48188304623659795,0.00016610832482388729
19.39,-1.4563984161817956,-1.0063745745848798,0.4707414446083028,0.00016836754041758172
19.400000000000002,-1.4610896206789452,-1.0108758416302954,0.45946185945959434,0.0001706007801610118
19.41,-1.4656867983401458,-1.0153785319932482,0.44804655909387964,0.00017280520497822287
19.42,-1.4701875624731342,-1.0198816840341518,0.4364979077609136,0.0001749779527440807
19.43,-1.4745895283716584,-1.0243843219423217,0.424818365958048,0.00017711614376653546
19.44,-1.4788903151278414,-1.0288854559057354,0.4130104906321272,0.00017921688651952958
19.45,-1.4830875474894254,-1.033384082297362,0.4010769352786633,0.00018127728361705444
19.46,-1.4871788577605476,-1.0378791838783332,0.3890204499350183,0.00018329443801735012
19.47,-1.491161887744565,-1.0423697300182202,0.37684388106442385,0.00018526545944476706
19.48,-1.4950342907273195,-1.0468546769326499,0.3645501713277867,0.00018718747101527708
19.490000000000002,-1.4987937334990964,-1.051332967938487,0.35214235924035725,0.00018905761605008515
19.5,-1.502437898413395,-1.0558035337267806,0.3396235787104801,0.00019087306506029733
19.51,-1.5059644854805017,-1.0602652926536533,0.32699705845780164,0.0001926310228840829
19.52,-1.5093712144937133,-1.0647171510492954,0.31426612130847514,0.00019432873595626746
19.53,-1.5126558271859316,-1.0691580035451902,0.30143418336508593,0.00019596349968886034
19.54,-1.515816089414211,-1.0735867334196865,0.28850475304921086,0.00019753266593961383
19.55,-1.5188497933697134,-1.0780022129619957,0.2754814300147319,0.00019903365054434167
19.56,-1.5217547598103935,-1.0824033038546732,0.2623679039302411,0.00020046394088745557
19.57,-1.5245288403136077,-1.0867888575746112,0.24916795312910422,0.00020182110348394708
19.580000000000002,-1.5271699195457167,-1.0911577158125418,0.23588544312599088,0.0002031027915449489
19.59,-1.529675917545631,-1.0955087109110222,0.22252432499893274,0.00020430675249796733
19.6,-1.5320447920191256,-1.0998406663208387,0.20908863363623376,0.00020543083543197397
19.61,-1.5342745406406433,-1.1041523970757388,0.19558248584783167,0.0002064729984367706
19.62,-1.5363632033591905,-1.1084427102853667,0.18201007834099306,0.00020743131580536612
19.63,-1.5383088647048282,-1.112710405646243,0.16837568556051782,0.00020830398506761742
19.64,-1.5401096560921645,-1.1169542759705984,0.15468365739393072,0.0002090893338230212
19.650000000000002,-1.5417637581171606,-1.1211731077328362,0.1409384167424471,0.0002097858263403457
19.66,-1.5432694028434777,-1.125365681633361,0.12714445695881654,0.000210392069891774
19.67,-1.544624876074516,-1.129530773179479,0.11330633915347114,0.00021090682078939155
19.68,-1.545828519607229,-1.1336671532830376,0.09942868937073286,0.00021132899009218743
19.69,-1.5468787334637282,-1.1377735888744378,0.08551619563716693,0.00021165764895225608
19.7,-1.54777397809665,-1.1418488435326133,0.07157360488450375,0.0002118920335696354
19.71,-1.5485127765642064,-1.1458916781305382,0.05760571974988925,0.00021203154972612457
19.72,-1.549093716670811,-1.1499008514957851,0.04361739525656264,0.00021207577686953766
19.73,-1.5495154530691464,-1.1538751210856224,0.029613535378398913,0.00021202447172118414
19.740000000000002,-1.5497767093195274,-1.157813243676099,0.015599089492090677,0.00021187757138087408
19.75,-1.549876279902411,-1.1617139760645359,0.0015790487210788542,0.00021163519590545327
19.76,-1.549813032179916,-1.1655760757847995,-0.012441557824327603,0.0002112976503387715
19.77,-1.5495859083022276,-1.1693983018347065,-0.026457666905876885,0.00021086542617307529
19.78,-1.5491939270548054,-1.173179415414866,-0.04046418511025893,0.00021033920222406614
19.79,-1.5486361856423458,-1.1769181806782403,-0.054455992890552196,0.0002097198449042857
19.8,-1.5479118614055127,-1.1806133654896642,-0.06842794869053286,0.0002090084078820725
19.81,-1.547020213466514,-1.18426374219454,-0.0823748931458539,0.00020820613111604373
19.82,-1.545960584299684,-1.1878680883958843,-0.09629165335582116,0.0002073144392579001
19.830000000000002,-1.544732401223319,-1.191425187738884,-0.11017304721922506,0.00020633493941931664
19.84,-1.5433351778091242,-1.1949338307020791,-0.12401388782743332,0.00020526941830172467
19.85,-1.5417685152057372,-1.1983928153942756,-0.13780898790771084,0.00020411983869091332
19.86,-1.5400321033729303,-1.2018009483562524,-0.15155316430951174,0.00020288833532156823
19.87,-1.5381257222232245,-1.2051570453663154,-0.16524124252628325,0.00020157721012009123
19.88,-1.5360492426678065,-1.2084599322487204,-0.1788680612451364,0.00020018892683725645
19.89,-1.5338026275637953,-1.2117084456839686,-0.1924284769165719,0.00019872610508550945
19.900000000000002,-1.5313859325600834,-1.2149014340199638,-0.20591736833630445,0.00019719151379890673
19.91,-1.5287993068391563,-1.2180377580829969,-0.21932964123110543,0.0001955880641368309
19.92,-1.5260429937524898,-1.2211162919875145,-0.2326602328404821,0.00019391880185570226
19.93,-1.523117331347325,-1.2241359239436123,-0.24590411648593336,0.000192186899175881
19.94,-1.520022752782835,-1.2270955570611868,-0.25905630611946767,0.0001903956461738011
19.95,-1.5167597866339124,-1.2299941101496663,-0.27211186084303823,0.00018854844173210253
19.96,-1.5133290570810396,-1.232830518512242,-0.28506588939054467,0.00018664878408307771
19.97,-1.5097312839849324,-1.235603734733511,-0.29791355456406976,0.00018470026098312502
19.98,-1.5059672828448925,-1.238312729459448,-0.3106500776160646,0.0001827065395580625
19.990000000000002,-1.5020379646400475,-1.2409564921686174,-0.3232707425692643,0.0001806713558611188
20.0,-1.4979443355529078,-1.2435340319335453,-0.3357709004662122,0.00017859850418713147
20.01,-1.4936874965749263,-1.2460443781711787,-0.3481459735403901,0.00017649182618794304
20.02,-1.4892686429940016,-1.2484865813813641,-0.36039145930109695,0.00017435519983522265
20.03,-1.4846890637641275,-1.2508597138722901,-0.37250293452438876,0.0001721925282778401
20.04,-1.4799501407576494,-1.253162870471855,-0.3844760591425852,0.00017000772864160244
20.05,-1.475053347900854,-1.2553951692239338,-0.39630658002506614,0.00016780472081952258
20.06,-1.470000250193874,-1.2575557520685383,-0.407990334643321,0.00016558741630087398
20.07,-1.4647925026161535,-1.259643785504887,-0.4195232546134768,0.00016335970708706822
20.080000000000002,-1.4594318489189746,-1.2616584612364206,-0.4309013691098123,0.00016112545474189917
20.09,-1.4539201203067995,-1.2635989967968313,-0.442120808143072,0.00015888847962290003
20.1,-1.4482592340094311,-1.2654646361561952,-0.4531778056977122,0.0001566525503394775
20.11,-1.4424511917472427,-1.2672546503063313,-0.4640687027225566,0.0001544213734821535
20.12,-1.4364980780919632,-1.2689683378245427,-0.47478994996969137,0.00015219858366563393
20.13,-1.4304020587257364,-1.2706050254149288,-0.4853381106768057,0.00014998773392654267
20.14,-1.4241653786013992,-1.2721640684264934,-0.49570986308856857,0.0001477922865145618
20.150000000000002,-1.4177903600071364,-1.2736448513473133,-0.5059020028130311,0.0001456156041133919
20.16,-1.411279400538882,-1.2750467882740701,-0.5159114450094548,0.00014346094152541228
20.17,-1.4046349709840273,-1.2763693233562898,-0.5257352264043844,0.00014133143785121478
20.18,-1.3978596131201886,-1.2776119312146785,-0.5353705071332105,0.00013923010919227196
20.19,-1.39095593743296,-1.2787741173329858,-0.5448145724049032,0.00013715984190200387
20.2,-1.3839266207567429,-1.2798554184228739,-0.5540648339880305,0.00013512338640733724
20.21,-1.3767744038428924,-1.2808554027613153,-0.5631188315166223,0.00013312335161963306
20.22,-1.3695020888595648,-1.2817736705000933,-0.5719742336148764,0.00013116219995050975
20.23,-1.362112536827772,-1.2826098539470232,-0.5806288388401483,0.00012924224294473904
20.240000000000002,-1.3546086649982652,-1.2833636178185654,-0.5890805764441053,0.00012736563753900962
20.25,-1.346993444173967,-1.2840346594635494,-0.5973275069523594,0.0001255343829519345
20.26,-1.3392698959827594,-1.284622709057777,-0.605367822563325,0.00012375031820734586
20.27,-1.331441090105501,-1.2851275297693276,-0.6131998473674714,0.00012201512028958212
20.28,-1.3235101414642114,-1.285548917894432,-0.6208220373885543,0.00012033030292621992
20.29,-1.3154802073753964,-1.2858867029638406,-0.6282329804488175,0.00011869721599054581
20.3,-1.3073544846735206,-1.286140747819654,-0.6354313958605475,0.00011711704551301733
20.31,-1.2991362068096484,-1.2863109486626403,-0.6424161339467511,0.0001155908142880634
20.32,-1.290828640930271,-1.2863972350701083,-0.6491861753940881,0.00011411938305976081
20.330000000000002,-1.2824350849413295,-1.2863995699844601,-0.6557406304415506,0.00011270345226735575
20.34,-1.2739588645624111,-1.286317949672591,-0.662078737908715,0.00011134356432916887
20.35,-1.2654033303760597,-1.2861524036563519,-0.6681998640677146,0.00011004010644114555
20.36,-1.2567718548770865,-1.2859029946143423,-0.6741035013633853,0.0001087933138643408
20.37,-1.248067829526701,-1.2855698182553397,-0.6797892669863197,0.00010760327367374815
20.38,-1.2392946618162033,-1.285153003163719,-0.6852569013038339,0.00010646992893928613
20.39,-1.230455772344893,-1.284652710617262,-0.6905062661540929,0.00010539308330839237
20.400000000000002,-1.2215545919167416,-1.2840691343777937,-0.6955373430088717,0.00010437240595847004
20.41,-1.212594558660273,-1.2834025004551244,-0.7003502310106289,0.00010340743688653758
20.42,-1.2035791151759656,-1.2826530668448182,-0.7049451448897588,0.0001024975925026751
20.43,-1.1945117057153667,-1.2818211232403398,-0.7093224127680472,0.00010164217149339875
20.44,-1.1853957733959648,-1.2809069907201733,-0.7134824738545005,0.00010084036092083771
20.45,-1.176234757455718,-1.2799110214105356,-0.7174258760398373,0.0001000912425234617
20.46,-1.167032090550984,-1.2788335981243417,-0.7211532733960314,9.939379918431495e-05
20.47,-1.157791196101433,-1.277675133977107,-0.7246654235873728,9.874692153305994e-05
20.48,-1.1485154856853554,-1.276436071980502,-0.727963185199574,9.814941464859427e-05
20.490000000000002,-1.139208356488604,-1.2751168846142968,-0.7310475149934815,9.760000482978074e-05
20.5,-1.1298731888102325,-1.2737180733774651,-0.7339194650899749,9.709734640266253e-05
20.51,-1.1205133436277102,-1.2722401683192257,-0.7365801800926302,9.66400285335633e-05
20.52,-1.1111321602244026,-1.2706837275508356,-0.739030894154706,9.622658201866222e-05
20.53,-1.1017329538818263,-1.2690493367389524,-0.7412729279969695,9.585548602185184e-05
20.54,-1.092319013638992,-1.267337608581408,-0.7433076858828237,9.552517473416276e-05
20.55,-1.0828936001209586,-1.2655491822662488,-0.7451366525571241,9.523404392948469e-05
20.56,-1.073459943438533,-1.263684722914902,-0.7467613901549833,9.498045739289083e-05
20.57,-1.0640212411608536,-1.2617449210103489,-0.7481835350867546,9.476275319955989e-05
20.580000000000002,-1.054580656362407,-1.2597304918111834,-0.7494047949052709,9.457924982392324e-05
20.59,-1.04514131574584,-1.2576421747524447,-0.7504269451612773,9.442825206045462e-05
20.6,-1.0357063078417375,-1.255480732834116,-0.7512518262528541,9.430805673928049e-05
20.61,-1.0262786812863516,-1.2532469519981844,-0.7518813402744683,9.421695822153807e-05
20.62,-1.01686144317809,-1.2509416404951517,-0.7523174478711221,9.415325366123075e-05
20.63,-1.0074575575133846,-1.248565628240893,-0.7525621651028936,9.411524802206623e-05
20.64,-0.9980699437023938,-1.246119766164747,-0.7526175603249733,9.410125883952887e-05
20.650000000000002,-0.988701475164816,-1.243604925549724,-0.7524857510881088,9.410962072016163e-05
20.66,-0.9793549780059287,-1.2410219973657057,-0.7521689010641687,9.413868957169312e-05
20.67,-0.9700332297728037,-1.238371891596508,-0.751669217001328,9.41868465592775e-05
20.68,-0.9607389582904958,-1.2356555365616597,-0.7509889457131657,9.425250178468592e-05
20.69,-0.9514748405778516,-1.2328738782337483,-0.7501303711057482,9.433409768678945e-05
20.7,-0.9422435018424387,-1.2300278795521653,-0.7490958112465557,9.443011216310139e-05
20.71,-0.9330475145539613,-1.2271185197340706,-0.74788761547888,9.453906141351248e-05
20.72,-0.9238893975953931,-1.2241467935833807,-0.746508161585106,9.465950250861602e-05
20.73,-0.9147716154909351,-1.2211137107985708,-0.7449598530020585,9.479003568621129e-05
20.740000000000002,-0.9056965777097872,-1.21802029528006,-0.7432451160913756,9.492930638069773e-05
20.75,-0.8966666380446096,-1.2148675844379353,-0.7413663974676448,9.507600699106063e-05
20.76,-0.8876840940634467,-1.2116566285007448,-0.7393261613868146,9.522887839409261e-05
20.77,-0.8787511866337866,-1.2083884898260775,-0.7371268871971763,9.538671121033487e-05
20.78,-0.8698700995173374,-1.2050642422136189,-0.734771066854992,9.554834683094545e-05
20.79,-0.8610429590340208,-1.2016849702213577,-0.7322612025066304,9.571267821438215e-05
20.8,-0.8522718337936008,-1.1982517684855911,-0.7295998041388637,9.587865046236123e-05
20.81,-0.8435587344932975,-1.194765741045355,-0.7267893872987705,9.604526118500822e-05
20.82,-0.8349056137796724,-1.1912280006718847,-0.7238324708844898,9.621156066554157e-05
20.830000000000002,-0.8263143661730108,-1.1876396682036878,-0.7207315750078761,9.637665183515656e-05
20.84,-0.8177868280523799,-1.184001871887782,-0.7174892189299136,9.653969006899793e-05
20.85,-0.8093247776994932,-1.1803157467276357,-0.7141079190695644,9.669988281430177e-05
20.86,-0.8009299353994739,-1.1765824338383175,-0.7105901870865483,9.685648906187345e-05
20.87,-0.7926039635965801,-1.17280307980934,-0.7069385280383774,9.700881867211747e-05
20.88,-0.7843484671029229,-1.1689788360756597,-0.7031554386118082,9.715623156679978e-05
20.89,-0.7761649933581922,-1.1651108582972667,-0.6992434054287116,9.72981367976456e-05
20.900000000000002,-0.7680550327383867,-1.1612003057477787,-0.6952049034262142,9.743399150273578e-05
20.91,-0.760020018911535,-1.1572483407124263,-0.6910423943108185,9.756329976149037e-05
20.92,-0.7520613292383888,-1.1532561278957938,-0.6867583250860727,9.768561135879319e-05
20.93,-0.7441802852160692,-1.149224833839655,-0.6823551266532356,9.780052046854236e-05
20.94,-0.7363781529626519,-1.1451556263512221,-0.6778352124842546,9.790766426662594e-05
20.95,-0.7286561437406822,-1.141049673942102,-0.6732009773662664,9.800672148296741e-05
20.96,-0.7210154145176277,-1.1369081452782284,-0.6684547962167184,9.80974109019476e-05
20.97,-0.7134570685612889,-1.1327322086410194,-0.6635990229681126,9.817948982011974e-05
20.98,-0.7059821560682096,-1.1285230313999894,-0.6586359895212772,9.825275246972721e-05
20.990000000000002,-0.6985916748231537,-1.1242817794970152,-0.6535680047659915,9.831702841613178e-05
21.0,-0.6912865708877375,-1.1200096169424443,-0.6483973536677039,9.837218093683546e-05
21.01,-0.6840677393163401,-1.1157077053232052,-0.6431262964190175,9.84181053893195e-05
21.02,-0.6769360248974446,-1.1113772033230649,-0.6377570676545499,9.845472757451287e-05
21.03,-0.6698922229185971,-1.1070192662551548,-0.6322918757277141,9.848200210225734e-05
21.04,-0.6629370799532078,-1.1026350456068703,-0.6267329020479184,9.849991076466729e-05
21.05,-0.6560712946674596,-1.0982256885972286,-0.6210823004766352,9.850846092287978e-05
21.06,-0.649295518645624,-1.0937923377467533,-0.6153421967807466,9.850768391223014e-05
21.07,-0.6426103572321348,-1.0893361304599356,-0.6095146881415472,9.849763347047341e-05
21.080000000000002,-0.6360163703888067,-1.0848581986203054,-0.6036018427177453,9.847838419325792e-05
21.09,-0.629514073565635,-1.0803596681981302,-0.5976056992607904,9.845003002063662e-05
21.1,-0.623103938583657,-1.0758416588707433,-0.5915282667808295,9.84126827580178e-05
21.11,-0.6167863945284022,-1.0713052836554884,-0.5853715242615833,9.836647063456985e-05
21.12,-0.6105618286525091,-1.0667516485552526,-0.5791374204224263,9.831153690173104e-05
21.13,-0.6044305872861282,-1.0621818522165494,-0.5728278735259453,9.82480384741169e-05
21.14,-0.5983929767537876,-1.0575969856000933,-0.5664447712292562,9.817614461478158e-05
21.150000000000002,-0.5924492642964386,-1.0529981316638042,-0.5599899704773572,9.809603566648042e-05
21.16,-0.5865996789974531,-1.0483863650581597,-0.5534652974368072,9.800790183025912e-05
21.17,-0.5808444127113903,-1.0437627518338084,-0.5468725474680255,9.791194199241704e-05
21.18,-0.5751836209944006,-1.0391283491613417,-0.5402134851345267,9.780836260062602e-05
21.19,-0.5696174240351823,-1.0344842050631162,-0.5334898442474172,9.769737658972747e-05
21.2,-0.564145907585455,-1.0298313581570067,-0.5267033279435016,9.757920235750408e-05
21.21,-0.5587691238889605,-1.0251708374119581,-0.51985560879537,9.745406279048277e-05
21.22,-0.5534870926080513,-1.0205036619152057,-0.5129483289518587,9.732218433965194e-05
21.23,-0.5482998017469704,-1.0158308406510121,-0.5059831003073076,9.718379614577102e-05
21.240000000000002,-0.5432072085709735,-1.0111533722907757,-0.49896150469806205,9.70391292137877e-05
21.25,-0.5382092405204898,-1.0064722449943462,-0.49188509412470044,9.68884156357307e-05
21.26,-0.5333057961195603,-1.0017884362223866,-0.48475539099849924,9.673188786127859e-05
21.27,-0.5284967458778381,-0.9971029125596104,-0.47757388841068094,9.656977801512779e-05
21.28,-0.523781933185474,-0.9924166295487162,-0.47034205042302557,9.640231726013307e-05
21.29,-0.5191611752002556,-0.9877305315348421,-0.4630613123784612,9.62297352051026e-05
21.3,-0.5146342637264066,-0.9830455515203532,-0.45573308123028683,9.60522593560665e-05
21.31,-0.5102009660844905,-0.9783626110297746,-0.4483587358887176,9.58701146097407e-05
21.32,-0.5058610259719046,-0.9736826199846775,-0.440939627583481,9.568352278785573e-05
21.330000000000002,-0.5016141643134845,-0.9690064765883236,-0.43347708024123116,9.549270221097055e-05
21.34,-0.497460080101775,-0.9643350672198693,-0.42597239087658817,9.529786731035235e-05
21.35,-0.49339845122656045,-0.9596692663379304,-0.418426829995647,9.509922827646153e-05
21.36,-0.48942893529327736,-0.9550099363933057,-0.4108416420108426,9.489699074256823e-05
21.37,-0.4855511704299678,-0.9503579277506549,-0.40321804566609537,9.469135550201103e-05
21.38,-0.48176477608246127,-0.9457140786189268,-0.3955572344712019,9.448251825759459e-05
21.39,-0.4780693537975031,-0.9410792149903324,-0.3878603771444746,9.427066940162719e-05
21.400000000000002,-0.4744644879935766,-0.9364541505876566,-0.38012861806267406,9.405599382510737e-05
21.41,-0.4709497467191937,-0.9318396868197004,-0.37236307771731586,9.383867075457225e-05
21.42,-0.46752468239845474,-0.9272366127446502,-0.36456485317647286,9.361887361514368e-05
21.43,-0.4641888325637041,-0.9226457050411638,-0.3567350185512322,9.339676991832724e-05
21.44,-0.46094172057513244,-0.9180677279869712,-0.3488746254660031,9.317252117314037e-05
21.45,-0.45778285632719923,-0.9135034334447815,-0.3409847035319103,9.294628281918627e-05
21.46,-0.4547117369417713,-0.9089535608552931,-0.33306626082254187,9.271820418030462e-05
21.47,-0.4517278474478941,-0.9044188372371047,-0.32512028435135976,9.248842843748024e-05
21.48,-0.4488306614481329,-0.8998999771933228,-0.3171477405501123,9.225709261972043e-05
21.490000000000002,-0.44601964177143844,-0.8953976829246678,-0.3091495757476264,9.20243276116557e-05
21.5,-0.4432942411125119,-0.8909126442488773,-0.30112671664838775,9.179025817665226e-05
21.51,-0.44065390265765814,-0.8864455386262119,-0.2930800708103522,9.155500299426946e-05
21.52,-0.43809806069713425,-0.8819970311908668,-0.2850105271214631,9.13186747109494e-05
21.53,-0.4356261412240151,-0.8775677747880962,-0.2769189562743799,9.108138000284784e-05
21.54,-0.43323756251961043,-0.8731584100168608,-0.2688062112389554,9.084321964977929e-05
21.55,-0.4309317357254831,-0.8687695652778085,-0.2606731277320263,9.060428861928318e-05
21.56,-0.42870806540212936,-0.8644018568264035,-0.25252052468411357,9.036467615987252e-05
21.57,-0.4265659500743939,-0.8600558888310187,-0.24434920470265326,9.012446590255602e-05
21.580000000000002,-0.42450478276370346,-0.8557322534358122,-0.23615995453140864,8.988373596977811e-05
21.59,-0.42252395150721267,-0.8514315308282078,-0.2279535455057387,8.964255909097148e-05
21.6,-0.42062283986396537,-0.8471542893108056,-0.21973073400342377,8.940100272394357e-05
21.61,-0.4188008274081827,-0.8429010853775488,-0.2114922618907733,8.915912918137385e-05
21.62,-0.4170572902097982,-0.8386724637939772,-0.20323885696376445,8.891699576173111e-05
21.63,-0.41539160130236646,-0.8344689576814008,-0.19497123338398234,8.867465488397071e-05
21.64,-0.41380313113847944,-0.8302910886048294,-0.1866900921091545,8.843215422540206e-05
21.650000000000002,-0.4122912480328298,-0.8261393666644962,-0.17839612131809324,8.818953686215398e-05
21.66,-0.41085531859306734,-0.8220142905908197,-0.17008999682987938,8.794684141171321e-05
21.67,-0.4094947081385981,-0.8179163478426464,-0.16177238251713968,8.77041021770396e-05
21.68,-0.40820878110748177,-0.8138460147086245,-0.15344393071328902,8.746134929179308e-05
21.69,-0.4069969014515856,-0.8098037564115578,-0.14510528261362574,8.721860886624683e-05
21.7,-0.405858433020158,-0.8057900272155968,-0.1367570686701851,8.697590313349522e-05
21.71,-0.4047927399319862,-0.8018052705361217,-0.12839990898027207,8.673325059558898e-05
21.72,-0.4037991869363077,-0.7978499190521794,-0.12003441366860909,8.649066616926293e-05
21.73,-0.40287713976264405,-0.793924394821337,-0.11166118326305019,8.624816133095088e-05
21.740000000000002,-0.40202596545973146,-0.7900291093968197,-0.10328080906382493,8.600574426080739e-05
21.75,-0.4012450327237197,-0.7861644639468012,-0.09489387350628992,8.576341998548428e-05
21.76,-0.4005337122158164,-0.7823308493757205,-0.08650095051717717,8.552119051943226e-05
21.77,-0.3998913768695518,-0.7785286464475002,-0.07810260586434058,8.527905500451992e-05
21.78,-0.39931740218783984,-0.774758225910545,-0.06969939750001246,8.503700984778884e-05
21.79,-0.398811166530014,-0.7710199486244022,-0.06129187589759274,8.479504885718085e-05
21.8,-0.39837205138901327,-0.7673141656879685,-0.052880584382002736,8.455316337509193e-05
21.81,-0.3979994416588952,-0.7636412185691318,-0.044466059453644916,8.431134240963298e-05
21.82,-0.3976927258928533,-0.7600014392357357,-0.036048831106018274,8.40695727634855e-05
21.830000000000002,-0.3974512965519126,-0.7563951502877633,-0.02762942313704718,8.38278391602635e-05
21.84,-0.3972745502444793,-0.7528226650906332,-0.019208353454188767,8.35861243683084e-05
21.85,-0.39716188795691787,-0.7492842879095091,-0.01078613437339102,8.334440932185017e-05
21.86,-0.3971127152753278,-0.7457803140445222,-0.0023632729119800466,8.310267323949588e-05
21.87,-0.39712644259869107,-0.7423110299668122,0.006059728924439064,8.286089374000323e-05
21.88,-0.39720248534355973,-0.7388767134552937,0.01448237386097786,8.261904695532063e-05
21.89,-0.3973402641404521,-0.735477633734056,0.022904169078261753,8.237710764088336e-05
21.900000000000002,-0.39753920502212237,-0.7321140516103096,0.03132462594292933,8.213504928315861e-05
21.91,-0.39779873960386913,-0.7287862196127946,0.03974325974373008,8.189284420445383e-05
21.92,-0.3981183052560435,-0.7254943821305648,0.04815958943311317,8.165046366499814e-05
21.93,-0.3984973452689181,-0.7222387755520722,0.05657313737419624,8.140787796232785e-05
21.94,-0.39893530901007374,-0.7190196284044674,0.06498342909300056,8.116505652800465e-05
21.95,-0.3994316520744596,-0.7158371614930462,0.07338999303583581,8.092196802170473e-05
21.96,-0.39998583642728003,-0.7126915880407636,0.08179236033171565,8.067858042272532e-05
21.97,-0.40059733053985874,-0.709583113827748,0.09019006455968306,8.043486111895835e-05
21.98,-0.401265609518628,-0.7065119373307435,0.09858264152092278,8.019077699338839e-05
21.990000000000002,-0.40199015522738935,-0.7034782498624154,0.10696962901553657,7.994629450817369e-05
22.0,-0.40277045640298814,-0.7004822357104524,0.11535056662385623,7.970137978637611e-05
22.01,-0.40360600876454267,-0.6975240722764042,0.12372499549216776,7.945599869140658e-05
22.02,-0.40449631511636547,-0.6946039302141923,0.1320924581227199,7.921011690426197e-05
22.03,-0.4054408854447119,-0.6917219735682362,0.14045249816788996,7.896369999862407e-05
22.04,-0.40643923700848844,-0.6888783599111374,0.14880466022837857,7.871671351390028e-05
22.05,-0.4074908944240499,-0.686073240480867,0.1571484896553068,7.846912302628744e-05
22.06,-0.40859538974421283,-0.683306760317402,0.16548353235608748,7.822089421793573e-05
22.07,-0.4097522625316087,-0.6805790583987612,0.1738093346039439,7.797199294430308e-05
22.080000000000002,-0.4109610599264981,-0.6778902677763887,0.18212544285094973,7.772238529978172e-05
22.09,-0.4122213367091649,-0.6752405157098387,0.19043140354446403,7.747203768168318e-05
22.1,-0.4135326553570049,-0.6726299238007135,0.1987267629468369,7.722091685267163e-05
22.11,-0.4148945860964229,-0.6700586081258124,0.20701106695826174,7.696899000173207e-05
22.12,-0.41630670694964717,-0.667526679369445,0.21528386094265167,7.671622480376477e-05
22.13,-0.41776860377656927,-0.6650342429548699,0.22354468955641865,7.646258947789257e-05
22.14,-0.41927987031171243,-0.6625813991748177,0.2317930965800357,7.62080528445754e-05
22.150000000000002,-0.42084010819643125,-0.6601682433210584,0.2400286247522636,7.59525843816196e-05
22.16,-0.4224489270064403,-0.6577948658129772,0.24825081560692597,7.56961542791714e-05
22.17,-0.4241059442747682,-0.655461352325122,0.25645920931211696,7.543873349378922e-05
22.18,-0.4258107855102298,-0.6531677839136877,0.2646533445117297,7.518029380167901e-05
22.19,-0.42756308421150657,-0.6509142371419036,0.2728327581691934,7.492080785118985e-05
22.2,-0.42936248187692383,-0.6487007842042918,0.28099698541331064,7.466024921465444e-05
22.21,-0.43120862801000776,-0.646527493049766,0.28914555938608816,7.439859243966109e-05
22.22,-0.4331011801209054,-0.6443944275035389,0.2972780110924555,7.41358130998558e-05
22.23,-0.43503980372374695,-0.6423016473878117,0.3053938692517702,7.387188784535263e-05
22.240000000000002,-0.4370241723300253,-0.6402492086412156,0.3134926601510085,7.360679445284562e-05
22.25,-0.4390539674380687,-0.6382371634369799,0.3215739074995444,7.334051187550864e-05
22.26,-0.4411288785186759,-0.6362655602998003,0.3296371322854212,7.307302029276487e-05
22.27,-0.4432486029969825,-0.6343344442213826,0.3376818526330232,7.280430116001909e-05
22.28,-0.44541284623062466,-0.6324438567746377,0.345707583662057,7.253433725843229e-05
22.29,-0.44762132148426254,-0.6305938362265048,0.3537138373477547,7.226311274482323e-05
22.3,-0.44987374990052376,-0.6287844176493809,0.3617001223822138,7.199061320178122e-05
22.31,-0.45216986046742474,-0.6270156330311346,0.36966594403679176,7.171682568807277e-05
22.32,-0.45450938998232493,-0.6252875113836838,0.37761080402547526,7.144173878942376e-05
22.330000000000002,-0.456892083012466,-0.6236000788501171,0.38553420036914704,7.116534266975439e-05
22.34,-0.4593176918521457,-0.6219533588103406,0.3934356272606765,7.08876291229499e-05
22.35,-0.46178597647657427,-0.6203473719852299,0.4013145749307623,7.060859162524776e-05
22.36,-0.4642967044924563,-0.6187821365392708,0.409170529514459,7.032822538831425e-05
22.37,-0.46684965108534215,-0.6172576681816708,0.4170029729183214,7.004652741308994e-05
22.38,-0.4694445989637863,-0.6157739802659244,0.4248113826881045,6.976349654448031e-05
22.39,-0.4720813383003507,-0.614331083887817,0.4325952318769587,6.947913352696492e-05
22.400000000000002,-0.47475966666948693,-0.6129289879818502,0.440353988914064,6.919344106120245e-05
22.41,-0.47747938898232883,-0.6115676994160749,0.448087117473649,6.890642386170108e-05
22.42,-0.48024031741842516,-0.6102472230853161,0.4557940763443438,6.861808871562633e-05
22.43,-0.48304227135443845,-0.608967562002776,0.4634743192988198,6.832844454282016e-05
22.44,-0.48588507728983477,-0.6077287173900013,0.4711272949636707,6.803750245710003e-05
22.45,-0.48876856876958563,-0.6065306887652006,0.47875244668949396,6.774527582890341e-05
22.46,-0.49169258630390156,-0.6053734740298993,0.4863492124211345,6.745178034935045e-05
22.47,-0.4946569772850138,-0.6042570695539191,0.4939170245680545,6.71570340957893e-05
22.48,-0.4976615959010186,-0.6031814702586689,0.5014553098747985,6.686105759888539e-05
22.490000000000002,-0.5007063030467959,-0.602146669698735,0.5089634892915242,6.656387391132635e-05
22.5,-0.5037909662320111,-0.6011526601417593,0.5164409778445748,6.626550867820037e-05
22.51,-0.5069154594862089,-0.6001994326465919,0.5238871845070685,6.596599020910775e-05
22.52,-0.5100796632609998,-0.5992869771397077,0.53130151206949,6.566534955206957e-05
22.53,-0.5132834643293466,-0.5984152824898749,0.5386833570102647,6.536362056929508e-05
22.54,-0.5165267556819453,-0.5975843365810638,0.5460321093663082,6.506084001485199e-05
22.55,-0.5198094364207015,-0.596794126383585,0.5533471526035381,6.475704761430904e-05
22.56,-0.5231314116492961,-0.5960446380234448,0.5606278634873476,6.445228614640144e-05
22.57,-0.5264925923608311,-0.5953358568499073,0.5678736119530376,6.414660152676116e-05
22.580000000000002,-0.529892895322549,-0.5946677675012523,0.57508376097621,6.384004289377462e-05
22.59,-0.5333322429576107,-0.594040353968716,0.5822576664431283,6.35326626966128e-05
22.6,-0.5368105632239191,-0.5934535996586057,0.589394677021058,6.3224516785477e-05
22.61,-0.5403277894899708,-0.5929074874525746,0.5964941340285969,6.291566450410058e-05
22.62,-0.5438838604077179,-0.5924019997660483,0.6035553713060159,6.260616878455937e-05
22.63,-0.5474787197824166,-0.5919371186047885,0.6105777150856315,6.229609624441973e-05
22.64,-0.5511123164394415,-0.5915128256195842,0.6175604838622354,6.198551728626273e-05
22.650000000000002,-0.5547846040880373,-0.5911291021590586,0.6245029882636114,6.167450619962327e-05
22.66,-0.5584955411819819,-0.5907859293205789,0.6314045309211747,6.136314126536756e-05
22.67,-0.5622450907771287,-0.5904832879992585,0.6382644063407705,6.10515048625396e-05
22.68,-0.5660332203857976,-0.5902211589350372,0.6450819007736769,6.073968357770001e-05
22.69,-0.5698599018279785,-0.5899995227578293,0.6518562920878566,6.042776831677939e-05
22.7,-0.5737251110793112,-0.5898183600307254,0.6585868496395128,6.0115854419457924e-05
22.71,-0.5776288281158032,-0.5896776512912357,0.6652728341450027,5.98040417760884e-05
22.72,-0.5815710367552434,-0.5895773770905615,0.6719134975531725,5.949243494716824e-05
22.73,-0.58555172449527,-0.5895175180308804,0.6785080829181778,5.918114328536471e-05
22.740000000000002,-0.5895708823480476,-0.5894980548006341,0.6850558242728623,5.887028106009264e-05
22.75,-0.5936285046715041,-0.5895189682078016,0.6915559465027709,5.855996758463176e-05
22.76,-0.597724588997083,-0.589580239211145,0.698007665220877,5.825032734578025e-05
22.77,-0.6018591358539559,-0.5896818489494137,0.7044101866431131,5.794149013602287e-05
22.78,-0.6060321485896453,-0.5898237787684899,0.7107627074647948,5.763359118818449e-05
22.79,-0.6102436331870026,-0.590006010246462,0.7170644147380372,5.732677131254248e-05
22.8,-0.6144935980774848,-0.5902285252166087,0.7233144857502667,5.702117703636122e-05
22.81,-0.6187820539506723,-0.5904913057882774,0.7295120879039374,5.671696074579884e-05
22.82,-0.6231090135599684,-0.5907943343656409,0.7356563785975673,5.641428083013362e-05
22.830000000000002,-0.6274744915244193,-0.5911375936643155,0.7417465051082154,5.611330182825138e-05
22.84,-0.6318785041265921,-0.5915210667258208,0.7477816044755281,5.581419457731634e-05
22.85,-0.6363210691064466,-0.5919447369298658,0.7537608033874872,5.551713636355016e-05
22.86,-0.6408022054511354,-0.592408588004441,0.7596832180680012,5.522231107503282e-05
22.87,-0.6453219331806662,-0.5929126040336977,0.7655479541664869,5.492990935641545e-05
22.88,-0.6498802731293574,-0.5934567694635964,0.7713541066495946,5.464012876543837e-05
22.89,-0.6544772467230184,-0.5940410691053015,0.7771007596952382,5.4353173931130694e-05
22.900000000000002,-0.6591128757517853,-0.5946654881363053,0.7827869865890982,5.4069256713560416e-05
22.91,-0.6637871821385389,-0.5953300120992572,0.7884118496237734,5.378859636497973e-05
22.92,-0.6685001877028353,-0.5960346268984787,0.7939744000007635,5.351141969220684e-05
22.93,-0.6732519139202746,-0.5967793187941415,0.7994736777354733,5.323796122007037e-05
22.94,-0.6780423816772366,-0.5975640743940853,0.8049087115654374,5.296846335572159e-05
22.95,-0.6828716110209069,-0.5983888806432544,0.8102785188619709,5.27031765536121e-05
22.96,-0.6877396209045213,-0.5992537248107274,0.8155821055454608,5.2442359480911615e-05
22.97,-0.6926464289277545,-0.6001585944743177,0.8208184660045215,5.218627918312602e-05
22.98,-0.6975920510721761,-0.6011034775027192,0.8259865830192439,5.193521124965756e-05
22.990000000000002,-0.7025765014317024,-0.6020883620351718,0.8310854276887806,5.168943997903282e-05
23.0,-0.7075997919379672,-0.6031132364586235,0.8361139593635134,5.144925854349892e-05
23.01,-0.7126619320805401,-0.6041780893823602,0.8410711255820624,5.1214969152669576e-05
23.02,-0.7177629286219168,-0.6052829096100785,0.8459558620134023,5.098688321588964e-05
23.03,-0.7229027853072103,-0.6064276861093743,0.8507670924043635,5.0765321502952285e-05
23.04,-0.7280815025684703,-0.6076124079786193,0.8555037285328025,5.0550614302784255e-05
23.05,-0.7332990772235609,-0.6088370644111984,0.8601646701667371,5.034310157969351e-05
23.06,-0.7385555021695275,-0.6101016446570791,0.8647488050297515,5.014313312674782e-05
23.07,-0.7438507660703833,-0.6114061379816841,0.8692550087729866,4.9951068715822566e-05
23.080000000000002,-0.7491848530392522,-0.6127505336220394,0.8736821449540398,4.976727824383254e-05
23.09,-0.7545577423148022,-0.6141348207401665,0.8780290650231105,4.959214187463662e-05
23.1,-0.7599694079319077,-0.6155589883736909,0.8822946083167353,4.942605017606947e-05
23.11,-0.765419818386482,-0.6170230253836363,0.8864776020594712,4.9269404251528904e-05
23.12,-0.7709089362944234,-0.6185269203993725,0.890576861373891,4.9122615865520374e-05
23.13,-0.7764367180446216,-0.62007066176069,0.89459118929927,4.898610756251712e-05
23.14,-0.7820031134459738,-0.6216542374569671,0.8985193768193505,4.886031277846968e-05
23.150000000000002,-0.7876080653683649,-0.6232776350634003,0.9023602028995846,4.874567594427281e-05
23.16,-0.7932515093775685,-0.6249408416742671,0.9061124345342636,4.86426525804453e-05
23.17,-0.7989333733640318,-0.6266438438331892,0.909774826803955,4.8551709382251125e-05
23.18,-0.8046535771655098,-0.628386627460365,0.9133461229436798,4.8473324294468546e-05
23.19,-0.8104120321835212,-0.6301691777767418,0.9168250544222712,4.840798657495144e-05
23.2,-0.8162086409936029,-0.6319914792250934,0.9202103410333703,4.835619684610377e-05
23.21,-0.8220432969493453,-0.6338535153879756,0.9235006909985208,4.831846713335886e-05
23.22,-0.8279158837801981,-0.6357552689025266,0.9266948010828422,4.8295320889695706e-05
23.23,-0.8338262751830418,-0.6376967213720818,0.929791356723764,4.828729300519588e-05
23.240000000000002,-0.839774334407527,-0.6396778532745729,0.9327890321733214,4.829492980061457e-05
23.25,-0.8457599138351931,-0.641698643867683,0.9356864906545189,4.831878900388314e-05
23.26,-0.851782854552382,-0.6437590710907247,0.9384823845322809,4.8359439708421904e-05
23.27,-0.857842985916975,-0.6458591114632153,0.9411753554995188,4.841746231211969e-05
23.28,-0.8639401251189881,-0.6479987399801191,0.9437640347788528,4.849344843577093e-05
23.29,-0.8700740767350679,-0.65017793000373,0.9462470433405393,4.8588000819740485e-05
23.3,-0.8762446322769464,-0.6523966531521659,0.9486229921371606,4.870173319758131e-05
23.31,-0.8824515697339161,-0.6546548791844506,0.9508904823556479,4.8835270145280754e-05
23.32,-0.8886946531094034,-0.6569525758821575,0.9530481056872127,4.898924690478945e-05
23.330000000000002,-0.8949736319517264,-0.6592897089275892,0.955094444615774,4.9164309180439455e-05
23.34,-0.9012882408791377,-0.6616662417784738,0.9570280727254759,4.9361112906817146e-05
23.35,-0.9076381990992632,-0.664082135539152,0.9588475550278968,4.9580323986635415e-05
23.36,-0.9140232099230635,-0.6665373488282385,0.9605514483095609,4.98226179971022e-05
23.37,-0.9204429602734557,-0.669031837642736,0.9621383015003673,5.008867986325688e-05
23.38,-0.9268971201887516,-0.671565555218587,0.9636066560635601,5.037920349671617e-05
23.39,-0.9333853423210783,-0.6741384518876463,0.9649550464078662,5.069489139824345e-05
23.400000000000002,-0.9399072614299694,-0.6767504749310627,0.9661820003224347,5.1036454222528985e-05
23.41,-0.9464624938713249,-0.6794015684290559,0.9672860394352133,5.140461030354768e-05
23.42,-0.9530506370819601,-0.6820916731070826,0.9682656796954018,5.1800085138851046e-05
23.43,-0.9596712690599796,-0.6848207261783827,0.9691194318806254,5.2223610831117456e-05
23.44,-0.9663239478412291,-0.687588661182902,0.9698458021294697,5.2675925485291146e-05
23.45,-0.9730082109721018,-0.6903954078225897,0.9704432925000205,5.3157772559634056e-05
23.46,-0.9797235749789904,-0.693240891793073,0.9709104015550527,5.3669900169002114e-05
23.47,-0.9864695348347007,-0.6961250346117112,0.9712456249745067,5.421306033867718e-05
23.48,-0.9932455634221613,-0.6990477534420377,0.97144745619589,5.478800820708671e-05
23.490000000000002,-1.000051110995788,-0.7020089609146015,0.971514387083236,5.539550117576334e-05
23.5,-1.0068856046408814,-0.7050085649442205,0.9714449086252468,5.603629800493368e-05
23.51,-1.0137484477314644,-0.7080464685436668,0.9712375116632374,5.671115785313084e-05
23.52,-1.0206390193869832,-0.7111225696338054,0.970890687649492,5.742083925929179e-05
23.53,-1.0275566739283275,-0.7142367608502113,0.9704029294366302,5.816609906584488e-05
23.54,-1.0345007403336475,-0.7173889293462977,0.9697727320985682,5.894769128133694e-05
23.55,-1.0414705216944704,-0.7205789565929894,0.9689985937836489,5.976636588122715e-05
23.56,-1.048465294672649,-0.7238067181749805,0.9680790166004936,6.0622867545558256e-05
23.57,-1.055484308958699,-0.7270720835836235,0.9670125075371132,6.151793433230525e-05
23.580000000000002,-1.0625267867321146,-0.7303749160064983,0.9657975794137954,6.245229628527925e-05
23.59,-1.0695919221242738,-0.7337150721137174,0.9644327518702609,6.342667397561842e-05
23.6,-1.0766788806845808,-0.7370924018410296,0.9629165523875574,6.444177697599391e-05
23.61,-1.0837867988505194,-0.7405067481697875,0.9612475173451324,6.549830226679257e-05
23.62,-1.0909147834223203,-0.7439579469038544,0.959424193113497,6.659693257373268e-05
23.63,-1.0980619110429801,-0.7474458264435307,0.9574451371828584,6.773833463649155e-05
23.64,-1.105227227684398,-0.7509702075565843,0.9553089193280652,6.892315740813743e-05
23.650000000000002,-1.1124097481404285,-0.7545309031464803,0.9530141228101717,7.015203018533362e-05
23.66,-1.1196084555276804,-0.7581277180179118,0.9505593456148863,7.142556066952523e-05
23.67,-1.1268223007949265,-0.7617604486397372,0.9479432017281245,7.274433295953251e-05
23.68,-1.1340502022420176,-0.7654288829054426,0.9451643224488426,7.41089054762201e-05
23.69,-1.1412910450492306,-0.769132799891251,0.9422213577392757,7.551980882019586e-05
23.7,-1.1485436808180112,-0.7728719696120122,0.9391129776126524,7.697754356376742e-05
23.71,-1.1558069271241058,-0.7766461527750121,0.935837873558402,7.848257797867698e-05
23.72,-1.1630795670841096,-0.7804551005318517,0.9323947600048095,8.003534570147405e-05
23.73,-1.1703603489364909,-0.7842985542285531,0.9287823758190121,8.163624333871536e-05
23.740000000000002,-1.1776479856381834,-0.7881762451540597,0.9249994858441627,8.328562801452455e-05
23.75,-1.1849411544778736,-0.7920878942873072,0.9210448824735178,8.498381486345438e-05
23.76,-1.1922384967071376,-0.7960332120430516,0.9169173872611318,8.673107447194985e-05
23.77,-1.1995386171906175,-0.8000118980166495,0.9126158525687648,8.852763027213291e-05
23.78,-1.2068400840764562,-0.8040236407279975,0.9081391632485265,9.037365589207387e-05
23.79,-1.2141414284882392,-0.8080681173648456,0.9034862383607001,9.226927246714079e-05
23.8,-1.2214411442397244,-0.8121449935257129,0.8986560329260947,9.42145459174789e-05
23.81,-1.228737687573664,-0.816253922962641,0.893647539712191,9.620948419714779e-05
23.82,-1.2360294769260558,-0.8203945473240344,0.8884597910522422,9.825403452094594e-05
23.830000000000002,-1.2433148927171829,-0.8245664958978459,0.8830918606963982,0.00010034808057543578
23.84,-1.2505922771708269,-0.8287693853553777,0.877542865693818,0.00010249143972120651
23.85,-1.2578599341630645,-0.8330028194959791,0.8718119683046246,0.00010468386019392588
23.86,-1.2651161291020756,-0.8372663889929329,0.8658983779404542,0.00010692501831226308
23.87,-1.2723590888404135,-0.8415596711408359,0.8598013531322334,0.0001092145157013094
23.88,-1.2795870016212039,-0.8458822296047865,0.8535202035237032,0.0001115518765406464
23.89,-1.286798017059756,-0.8502336141717095,0.8470542918890911,0.0001139365448467679
23.900000000000002,-1.293990246162081,-0.8546133605041533,0.8404030361732082,0.00011636788180008662
23.91,-1.301161761381825,-0.8590209898969126,0.8335659115521237,0.00011884516312728318
23.92,-1.3083105967171296,-0.8634560090368362,0.8265424525124423,0.00012136757655030876
23.93,-1.3154347478489414,-0.8679179097661943,0.8193322549470793,0.00012393421931383616
23.94,-1.3225321723222903,-0.872406168849989,0.8119349782652951,0.00012654409580345583
23.95,-1.3296007897720568,-0.8769202477476045,0.8043503475146185,0.00012919611526742211
23.96,-1.3366384821947452,-0.8814595923892038,0.7965781555121486,0.0001318890896551655
23.97,-1.3436430942677677,-0.8860236329572904,0.7886182649825928,0.00013462173158625693
23.98,-1.350612433717735,-0.8906117836738623,0.7804706107002544,0.00013739265246388605
23.990000000000002,-1.3575442717392316,-0.8952234425936003,0.7721352016320482,0.0001402003607472751
24.0,-1.364436343465535,-0.8998579914035374,0.7636121230784814,0.00014304326039778358
24.01,-1.3712863484927094,-0.9045147952296706,0.7549015388093964,0.0001459196495137201
24.02,-1.3780919514584788,-0.9091932024509835,0.7460036931911356,0.00014882771916910462
24.03,-1.3848507826772505,-0.9138925445213582,0.7369189133016479,0.0001517655524717884
24.04,-1.3915604388326155,-0.9186121357998627,0.7276476110299214,0.0001547311238564392
24.05,-1.3982184837286145,-0.9233512733899099,0.7181902851559896,0.00015772229862793673
24.060000000000002,-1.4048224491010037,-0.9281092369877894,0.7085475234076304,0.00016073683277070298
24.07,-1.411369835489704,-0.9328852887410833,0.6987200044897411,0.00016377237303933902
24.080000000000002,-1.4178581131735501,-0.9376786731174812,0.688708500082254,0.00016682645734577433
24.09,-1.4242847231683984,-0.9424886167845159,0.6785138768023284,0.000169896515457848
24.1,-1.4306470782895713,-0.9473143285007474,0.6681370981264436,0.00017297987002383834
24.11,-1.4369425642795453,-0.9521549990189255,0.657579226267901,0.00017607373793700797
24.12,-1.4431685410017003,-0.9570098010016653,0.6468414240051406,0.00017917523205362442
24.13,-1.4493223437008613,-0.9618778889501712,0.6359249564561771,0.00018228136327725557
24.14,-1.455401284331264,-0.9667583991465494,0.6248311927943695,0.0001853890430213479
24.150000000000002,-1.4614026529524777,-0.9716504496102452,0.6135616079006526,0.0001884950860611447
24.16,-1.4673237191937045,-0.9765531400691446,0.602117783947288,0.00019159621378502938
24.17,-1.4731617337867635,-0.9814655519458751,0.5905014119081212,0.00019468905785422256
24.18,-1.478913930167946,-0.9863867483598395,0.5787142929902824,0.00019777016427847616
24.19,-1.4845775261487986,-0.9913157741455113,0.5667583399822183,0.00020083599791407896
24.2,-1.4901497256557625,-0.9962516558875167,0.5546355785129136,0.00020388294738895235
24.21,-1.4956277205384525,-1.0011934019730189,0.5423481482171395,0.00020690733045800164
24.22,-1.501008692446217,-1.0061400026619143,0.5298983038015579,0.0002099053997901955
24.23,-1.5062898147724721,-1.0110904301753416,0.5172884160065173,0.0002128733491869594
24.240000000000002,-1.511468254666142,-1.01604363880299,0.5045209724583979,0.0002158073202295478
24.25,-1.5165411751093794,-1.020998565029687,0.4915985784073969,0.00021870340935098483
24.26,-1.5215057370605731,-1.0259541276817246,0.4785239573456988,0.0002215576753260256
24.27,-1.5263591016614806,-1.030909228093374,0.46529995150104075,0.0002243661471703608
24.28,-1.5310984325071442,-1.03586275029402,0.4519295222007689,0.00022712483243792346
24.29,-1.5357208979770756,-1.0408135612163245,0.4384157501015825,0.00022982972590280865
24.3,-1.540223673626006,-1.0457605109258132,0.424761835280282,0.00023247681860984155
24.310000000000002,-1.544603944632318,-1.050702432872256,0.410971097180974,0.00023506210727533311
24.32,-1.5488589083020832,-1.055638144163187,0.3970469744143434,0.0002375816040170104
24.330000000000002,-1.5529857766264397,-1.060566445859885,0.3829930244047757,0.00024003134638958719
24.34,-1.5569817788898555,-1.065486123296113,0.36881292288130785,0.0002424074076998436
24.35,-1.5608441643266233,-1.0703959464198811,0.3545104632085979,0.000244705907572536
24.36,-1.5645702048227457,-1.075294670158468,0.34008955555433573,0.00024692302273598255
24.37,-1.5681571976601716,-1.080181034806911,0.32555422588976873,0.0002490549979936254
24.38,-1.5716024683001544,-1.0850537664401319,0.31090861482028775,0.0002510981573455223
24.39,-1.5749033732023103,-1.089911577348839,0.2961569762433058,0.00025304891522137635
24.400000000000002,-1.5780573026757663,-1.0947531664993047,0.2813036758309731,0.0002549037877844955
24.41,-1.5810616837586022,-1.0995772200170806,0.266353189335597,0.0002566594042640057
24.42,-1.5839139831216078,-1.1043824116946772,0.2513101007159803,0.00025831251827067916
24.43,-1.586611709992199,-1.1091674035231869,0.23617910008325482,0.00025986001905000457
24.44,-1.589152419094165,-1.1139308462477948,0.22096498146516394,0.0002612989426245069
24.45,-1.5915337135987504,-1.1186713799470727,0.20567264038814523,0.0002626264827759808
24.46,-1.5937532480824184,-1.1233876346359088,0.19030707127697266,0.00026384000181717775
24.47,-1.5958087314864884,-1.1280782308918849,0.17487336467214312,0.0002649370411015537
24.48,-1.5976979300736986,-1.1327417805048552,0.15937670426562994,0.0002659153312190895
24.490000000000002,-1.5994186703766102,-1.1373768871494458,0.14382236375607496,0.0002667728018258676
24.5,-1.6009688421326436,-1.1419821470801375,0.1282157035249521,0.00026750759105500973
24.51,-1.602346401200429,-1.146556149848546,0.11256216713570466,0.00026811805445688835
24.52,-1.6035493724520475,-1.1510974790424704,0.09686727765833701,0.00026860277341709496
24.53,-1.6045758526356522,-1.1556047130462213,0.08113663382242521,0.0002689605630015888
24.54,-1.6054240132028819,-1.1600764258216962,0.06537590600200079,0.000269190479179726
24.55,-1.606092103095422,-1.1645111877096193,0.04959083203625403,0.0002692918253774622
24.560000000000002,-1.6065784514850123,-1.1689075662503057,0.033787212890496784,0.0002692641583150146
24.57,-1.606881470461177,-1.1732641270232693,0.017970908162318174,0.0002691072930855571
24.580000000000002,-1.6069996576609302,-1.177579434504933,0.002147831438357388,0.00026882130743420345
24.59,-1.6069315988347141,-1.1818520529436598,-0.013676054492395874,0.0002684065451995078
24.6,-1.6066759703428373,-1.1860805472512648,-0.029494742562382402,0.0002678636188830439
24.61,-1.6062315415767214,-1.1902634839101285,-0.045302186479473254,0.0002671934113162776
24.62,-1.6055971772993116,-1.1943994318949769,-0.061092305903864316,0.0002663970763978637
24.63,-1.6047718398990718,-1.1984869636083506,-0.07685899174009256,0.0002654760388787491
24.64,-1.6037545915520792,-1.2025246558287412,-0.09259611153596653,0.0002644319931769278
24.650000000000002,-1.6025445962868325,-1.2065110906703256,-0.10829751497978579,0.0002632669012084206
24.66,-1.601141121946511,-1.210444856553189,-0.12395703948682463,0.0002619829892259884
24.67,-1.5995435420435655,-1.2143245491828876,-0.13956851586567678,0.00026058274366217305
24.68,-1.5977513375016783,-1.2181487725381595,-0.15512577405470174,0.0002590689059785318
24.69,-1.5957640982803096,-1.22191613986556,-0.1706226489184811,0.0002574444665282836
24.7,-1.5935815248772374,-1.22562527467976,-0.18605298609388868,0.00025571265744502253
24.71,-1.5912034297047137,-1.2292748117682157,-0.20141064787509938,0.00025387694457561797
24.72,-1.5886297383350891,-1.2328633981988875,-0.2166895191266149,0.0002519410184808957
24.73,-1.5858604906119966,-1.2363896943296586,-0.23188351321316653,0.0002499087845331226
24.740000000000002,-1.582895841623454,-1.239852374818083,-0.24698657793517137,0.0002477843521446184
24.75,-1.5797360625335148,-1.2432501296300633,-0.2619927014582677,0.00024557202316706825
24.76,-1.5763815412693885,-1.2465816650460528,-0.276895918225339,0.00024327627950612645
24.77,-1.5728327830612523,-1.2498457046633482,-0.291690314839357,0.00024090177000070308
24.78,-1.5690904108323005,-1.2530409903930373,-0.30637003590533046,0.00023845329662095633
24.79,-1.5651551654368903,-1.2561662834501524,-0.32092928981964164,0.00023593580004325343
24.8,-1.5610279057449952,-1.259220365335576,-0.33536235449508306,0.00023335434466434385
24.810000000000002,-1.5567096085715149,-1.262202038808246,-0.3496635830099801,0.00023071410312059702
24.82,-1.5522013684493483,-1.265110128846204,-0.3638274091698912,0.00022802034038136237
24.830000000000002,-1.5475043972454987,-1.2679434835950438,-0.37784835297052766,0.0002252783974883015
24.84,-1.5426200236198473,-1.2707009753023162,-0.3917210259507172,0.00022249367501488943
24.85,-1.5375496923266019,-1.2733815012364693,-0.4054401364244618,0.0002196716163221738
24.86,-1.532294963358804,-1.2759839845889105,-0.4190004945813977,0.00021681769068824974
24.87,-1.5268575109366544,-1.2785073753578018,-0.43239701744526454,0.0002139373763898348
24.88,-1.5212391223407886,-1.280950651212221,-0.4456247336803203,0.00021103614381470543
24.89,-1.5154416965920159,-1.2833128183353493,-0.45867878823600666,0.0002081194386836045
24.900000000000002,-1.509467242979404,-1.2855929122453738,-0.4715544468205673,0.00020519266545961836
24.91,-1.503317879438959,-1.28778999859283,-0.4842471001947524,0.00020226117102186734
24.92,-1.4969958307855145,-1.2899031739331452,-0.4967522682772032,0.00019933022867867228
24.93,-1.4905034268008006,-1.2919315664731805,-0.509065604053598,0.00019640502259322273
24.94,-1.4838431001810102,-1.2938743367906202,-0.5211828972821559,0.0001934906326921642
24.95,-1.4770173843475154,-1.2957306785250935,-0.5331000779886326,0.00019059202012442487
24.96,-1.4700289111247204,-1.2974998190399718,-0.5448132197445013,0.0001877140133341237
24.97,-1.4628804082893438,-1.29918102005383,-0.556318542722595,0.0001848612948074548
24.98,-1.4555746969957346,-1.3007735782406187,-0.5676124165250772,0.0001820383885492236
24.990000000000002,-1.4481146890821046,-1.3022768257976471,-0.5786913627792264,0.0001792496483400895
25.0,-1.4405033842628385,-1.3036901309805407,-0.5895520574971364,0.00017649924682063234
25.01,-1.4327438672122945,-1.3050128986043912,-0.6001913331960733,0.0001737911654432747
25.02,-1.424839304545749,-1.3062445705103893,-0.6106061807768673,0.00017112918532766907
25.03,-1.4167929417033565,-1.3073846259972826,-0.620793751158361,0.00016851687904965084
25.04,-1.4086080997431998,-1.3084325822170795,-0.6307513566665858,0.0001659576033881741
25.05,-1.4002881720496856,-1.3093879945344777,-0.6404764721779796,0.00016345449304894588
25.060000000000002,-1.3918366209637,-1.3102504568495703,-0.6499667360166044,0.0001610104553776367
25.07,-1.3832569743410865,-1.3110196018834457,-0.6592199506059543,0.00015862816606981593
25.080000000000002,-1.374552822046119,-1.311695101426375,-0.6682340828765782,0.00015631006587903928
25.09,-1.3657278123867522,-1.3122766665483412,-0.677007264431351,0.00015405835831886437
25.1,-1.3567856484985013,-1.312764047771744,-0.6855377914708366,0.00015187500834913239
25.11,-1.3477300846838611,-1.3131570352061763,-0.6938241244817711,0.00014976174203147938
25.12,-1.3385649227142162,-1.3134554586452452,-0.701864887692266,0.00014772004713398115
25.13,-1.3292940081011964,-1.3136591876254726,-0.7096588682978813,0.00014575117465998941
25.14,-1.319921226344434,-1.3137681314473884,-0.7172050154632503,0.0001438561412715949
25.150000000000002,-1.3104504991626487,-1.3137822391589877,-0.724502439104441,0.00014203573257388772
25.16,-1.3008857807149365,-1.3137014995017977,-0.7315504084577216,0.00014029050722229325
25.17,-1.2912310538190723,-1.3135259408198616,-0.7383483504408542,0.00013862080181158967
25.18,-1.2814903261735506,-1.3132556309320127,-0.7448958478134666,0.00013702673650201763
25.19,-1.2716676265899804,-1.312890676967874,-0.7511926371434491,0.00013550822133506218
25.2,-1.2617670012423303,-1.3124312251680812,-0.7572386065866967,0.00013406496318899445
25.21,-1.2517925099393756,-1.3118774606492811,-0.7630337934878508,0.00013269647332222448
25.22,-1.2417482224265481,-1.3112296071345222,-0.7685783818100032,0.0001314020754508587
25.23,-1.2316382147232106,-1.310487926649701,-0.7738726994016002,0.0001301809143055873
25.240000000000002,-1.2214665655011983,-1.3096527191867855,-0.7789172151090287,0.00012903196461215848
25.25,-1.2112373525102667,-1.3087243223345844,-0.7837125357435732,0.00012795404043924625
25.26,-1.200954649055873,-1.3077031108778792,-0.7882594029116164,0.00012694580485740685
25.27,-1.1906225205344954,-1.3065894963657811,-0.7925586897170958,0.00012600577985307903
25.28,-1.180245021031464,-1.3053839266502163,-0.7966113973453484,0.00012513235644221184
25.29,-1.1698261899860283,-1.304086885395482,-0.8004186515375552,0.00012432380492908437
25.3,-1.159370048928141,-1.302698891559853,-0.8039816989650482,0.0001235782852570687
25.310000000000002,-1.1488805982911783,-1.3012204988502534,-0.8073019035127657,0.00012289385739969888
25.32,-1.1383618143045506,-1.2996522951510325,-0.8103807424811319,0.00012226849174223122
25.330000000000002,-1.1278176459698952,-1.2979949019279227,-0.813219802715602,0.00012170007940586772
25.34,-1.1172520121242637,-1.2962489736082676,-0.8158207766730444,0.00012118644246917495
25.35,-1.1066687985934467,-1.2944151969386455,-0.8181854584340476,0.00012072534404363173
25.36,-1.0960718554383009,-1.2924942903210184,-0.8203157396701158,0.0001203144981628735
25.37,-1.0854649942966674,-1.2904870031285622,-0.8222136055745829,0.00011995157944801033
25.38,-1.0748519858231917,-1.2883941150023428,-0.8238811307659051,0.00011963423251420762
25.39,-1.0642365572290833,-1.286216435130011,-0.8253204751718141,0.00011936008108669017
25.400000000000002,-1.05362238992358,-1.283954801507702,-0.826533879902602,0.0001191267367973849
25.41,-1.0430131172586103,-1.2816100801863237,-0.8275236631215904,0.00011893180763642069
25.42,-1.0324123223778858,-1.2791831645034226,-0.828292215920594,0.00011877290603577854
25.43,-1.021823536171389,-1.2766749743018158,-0.8288419982079324,0.00011864765656545064
25.44,-1.011250235335974,-1.2740864551361732,-0.8291755346162772,0.00011855370322546204
25.45,-1.0006958405425426,-1.2714185774687277,-0.8292954104373367,0.00011848871632008537
25.46,-0.9901637147100185,-1.2686723358552827,-0.8292042675900861,0.00011845039890346002
25.47,-0.9796571613861098,-1.265848748122678,-0.8289048006289542,0.00011843649278865469
25.48,-0.9691794232346179,-1.2629488545388583,-0.8283997527980598,0.00011844478411489516
25.490000000000002,-0.9587336806288387,-1.2599737169766798,-0.8276919121372791,0.00011847310847028554
25.5,-0.9483230503503874,-1.256924418072564,-0.8267841076456015,0.00011851935556981287
25.51,-0.9379505843925814,-1.2538020603811002,-0.8256792055069034,0.00011858147349073612
25.52,-0.927619268867322,-1.2506077655266692,-0.8243801053829439,0.0001186574724696678
25.53,-0.9173320230142383,-1.2473426733531425,-0.822889736778055,0.00011874542826767972
25.54,-0.9070916983106805,-1.2440079410726872,-0.8212110554796697,0.0001188434851116396
25.55,-0.8969010776809933,-1.2406047424146802,-0.8193470400785022,0.00011894985822169875
25.560000000000002,-0.8867628748033479,-1.2371342667757113,-0.8173006885718705,0.00011906283593642327
25.57,-0.8766797335122691,-1.2335977183716242,-0.8150750150533256,0.00011918078144844897
25.580000000000002,-0.8666542272948655,-1.2299963153925206,-0.8126730464914361,0.0001193021341647726
25.59,-0.856688858878651,-1.226331289161615,-0.8100978196002641,0.00011942541070688109
25.6,-0.846786059908735,-1.222603883298807,-0.8073523778037561,0.00011954920556682641
25.61,-0.8369481907120606,-1.2188153528898,-0.804439768295982,0.00011967219143613022
25.62,-0.8271775401462796,-1.2149669636615639,-0.801363039198851,0.000119793119225041
25.63,-0.817476325530774,-1.2110599911649107,-0.7981252368186605,0.00011991081779012289
25.64,-0.8078466926572635,-1.2070957199649166,-0.7947294030025496,0.0001200241933885145
25.650000000000002,-0.7982907158773792,-1.203075442839889,-0.791178572595667,0.00012013222887742421
25.66,-0.78881039826453,-1.19900045998955,-0.7874757709996072,0.00012023398267751085
25.67,-0.779407671847348,-1.1948720782530664,-0.7836240118324187,0.00012032858751879859
25.68,-0.7700843979119653,-1.1906916103375291,-0.779626294690257,0.00012041524898764954
25.69,-0.7608423673703465,-1.1864603740574493,-0.7754856030105259,0.0001204932438931046
25.7,-0.7516833011918892,-1.1821796915858027,-0.771204902036139,0.0001205619184705893
25.71,-0.7426088508954879,-1.1778508887171262,-0.7667871368803293,0.00012062068644062048
25.72,-0.7336205990992614,-1.1734752941431303,-0.7622352306912424,0.00012066902693967191
25.73,-0.7247200601251427,-1.1690542387412672,-0.7575520829153695,0.00012070648233984236
25.740000000000002,-0.7159086806555456,-1.1645890548766535,-0.7527405676587038,0.00012073265597340535
25.75,-0.707187840439336,-1.1600810757177222,-0.7478035321443512,0.00012074720977767893
25.76,-0.6985588530443632,-1.155531634565942,-0.742743795265172,0.00012074986187500555
25.77,-0.690022966653831,-1.150942064199915,-0.7375641462298985,0.00012074038410193102
25.78,-0.6815813649038259,-1.1463136962341316,-0.7322673433010488,0.00012071859950093363
25.79,-0.6732351677593557,-1.1416478604926341,-0.7268561126228373,0.00012068437978733553
25.8,-0.6649854324262963,-1.13694588439781,-0.7213331471371833,0.00012063764280325311
25.810000000000002,-0.6568331542966919,-1.1322090923745092,-0.7157011055858213,0.00012057834996968226
25.82,-0.6487792679249024,-1.127438805269652,-0.7099626115964345,0.00012050650374705203
25.830000000000002,-0.6408246480321484,-1.1226363397874684,-0.704120252850656,0.00012042214511379122
25.84,-0.632970110537061,-1.1178030079404842,-0.69817658033172,0.00012032535107173571
25.85,-0.6252164136098998,-1.1129401165163435,-0.6921341076494844,0.00012021623218641711
25.86,-0.6175642587481718,-1.1080489665605344,-0.6859953104405028,0.00012009493016954198
25.87,-0.6100142918714401,-1.1031308528750619,-0.6797626258407822,0.0001199616155102751
25.88,-0.6025671044331831,-1.09818706353309,-0.67343845202883,0.00011981648516123849
25.89,-0.5952232345476293,-1.093218879409551,-0.6670251478365733,0.00011965976028443692
25.900000000000002,-0.5879831681295634,-1.0882275737277058,-0.6605250324257131,0.00011949168406169834
25.91,-0.580847340045167,-1.0832144116216125,-0.6539403850270696,0.00011931251957360463
25.92,-0.573816135272029,-1.0781806497144468,-0.6472734447404673,0.00011912254775025782
25.93,-0.5668898900665308,-1.0731275357125998,-0.6405264103927162,0.00011892206539669846
25.94,-0.5600688931368827,-1.0680563080154581,-0.6337014404512487,0.00011871138329522918
25.95,-0.5533533868201591,-1.0629681953407617,-0.6268006529909905,0.00011849082438641461
25.96,-0.54674356826175,-1.0578644163654132,-0.6198261257120591,0.00011826072203005553
25.97,-0.5402395905957177,-1.0527461793816029,-0.6127798960059077,0.00011802141834696574
25.98,-0.533841564124618,-1.0476146819680996,-0.6056639610675628,0.00011777326264200676
25.990000000000002,-0.527549557497413,-1.042471110676542,-0.5984802780516322,0.00011751660990844599
26.0,-0.5213635988841712,-1.0373166407325574,-0.5912307642697964,0.00011725181941331681
26.01,-0.5152836771463215,-1.0321524357515215,-0.5839172974275385,0.00011697925336319798
26.02,-0.5093097430012887,-1.0269796474687645,-0.576541715897904,0.00011669927564950775
26.03,-0.5034417101804074,-1.0217994154840158,-0.5691058190301318,0.00011641225067213009
26.04,-0.49767945657907386,-1.0166128670198764,-0.561611367491041,0.00011611854223998896
26.05,-0.4920228253981581,-1.0114211166940958,-0.5540600836371103,0.00011581851254695397
26.060000000000002,-0.48647162627575946,-1.006225266305424,-0.546453651915235,0.00011551252122127687
26.07,-0.4810256364084486,-1.0010264046328043,-0.5387937192902018,0.00011520092444660729
26.080000000000002,-0.4756846016611972,-0.9958256072476647,-0.5310818956969748,0.00011488407415248747
26.09,-0.4704482376652528,-0.9906239363390618,-0.5233197545159408,0.00011456231727210981
26.1,-0.4653162309032707,-0.9854224405514256,-0.5155088330693195,0.00011423599506503046
26.11,-0.4602882397810684,-0.9802221548346496,-0.5076506331370007,0.00011390544250243858
26.12,-0.4553638956854192,-0.9750241003062675,-0.49974662149012816,0.00011357098771253468
26.13,-0.45054280402735025,-0.9698292841254554,-0.4917982304408077,0.00011323295148352599
26.14,-0.44582454527045984,-0.9646386993785934,-0.4838068584063749,0.00011289164682169581
26.150000000000002,-0.4412086759438127,-0.9594533249761218,-0.47577387048671727,0.00011254737856201518
26.16,-0.4366947296390178,-0.9542741255604239,-0.4677005990532025,0.00011220044302875019
26.17,-0.4322822179911346,-0.9491020514244657,-0.4595883443478222,0.00011185112774352092
26.18,-0.4279706316430949,-0.9439380384409232,-0.45143837509121904,0.00011149971117829495
26.19,-0.4237594411933662,-0.9387830080015284,-0.443251929098321,0.00011114646255082294
26.2,-0.4196480981266191,-0.9336378669663634,-0.4350302139003636,0.00011079164166007138
26.21,-0.41563603572719726,-0.9285035076228337,-0.4267744073721354,0.00011043549875923274
26.22,-0.41172266997522294,-0.9233808076540525,-0.418485658363338,0.00011007827446395449
26.23,-0.40790740042520096,-0.9182706301163689,-0.41016508733300555,0.00010972019969349613
26.240000000000002,-0.40418961106701645,-0.9131738234257746,-0.40181378698598025,0.00010936149564256928
26.25,-0.4005686711692504,-0.9080912213529242,-0.39343282291049425,0.00010900237378168775
26.26,-0.3970439361047626,-0.9030236430265084,-0.3850232342159574,0.00010864303588392257
26.27,-0.39361474815852004,-0.8979718929447199,-0.37658603417010117,0.00010828367407603858
26.28,-0.39028043731767054,-0.8929367609945541,-0.3681222108346767,0.00010792447091205609
26.29,-0.38704032204388555,-0.8879190224786915,-0.35963272769895255,0.00010756559946735196
26.3,-0.3838937100280181,-0.8829194381497086,-0.35111852431030344,0.00010720722345150421
26.310000000000002,-0.38083989892714004,-0.8779387542513707,-0.34258051690122676,0.0001068494973381632
26.32,-0.3778781770840437,-0.8729777025667583,-0.3340195990121652,0.00010649256651029837
26.330000000000002,-0.37500782422930856,-0.8680370004729886,-0.32543664210955836,0.00010613656741925571
26.34,-0.3722281121660518,-0.8631173510022904,-0.3168324961985845,0.00010578162775614745
26.35,-0.36953830543749466,-0.8582194429091995,-0.3082079904300951,0.0001054278666341541
26.36,-0.3669376619774927,-0.8533439507436433,-0.2995639337012812,0.00010507539478041487
26.37,-0.36442543374418895,-0.848491534929686,-0.2909011152496482,0.0001047243147362453
26.38,-0.3620008673369616,-0.8436628418497121,-0.28222030523991104,0.00010437472106449442
26.39,-0.3596632045968495,-0.838858503933829,-0.27352225534345564,0.00010402670056293558
26.400000000000002,-0.35741168319064714,-0.8340791397542723,-0.26480769931004455,0.00010368033248264491
26.41,-0.3552455371788708,-0.829325354124603,-0.25607735353147737,0.00010333568875038913
26.42,-0.35316399756780514,-0.8245977382034897,-0.24733191759694584,0.00010299283419411642
26.43,-0.35116629284584705,-0.8198968696028731,-0.23857207483985238,0.0001026518267707077
26.44,-0.3492516495043699,-0.8152233125003128,-0.2297984928758886,0.00010231271779520045
26.45,-0.3474192925433371,-0.810577617755323,-0.22101182413219658,0.00010197555217075606
26.46,-0.34566844596189894,-0.805960323029507,-0.21221270636746112,0.00010164036861870646
26.47,-0.3439983332342106,-0.8013719529103037,-0.20340176318280453,0.00010130719990806379
26.48,-0.3424081777707136,-0.7968130190381643,-0.19457960452337922,0.00010097607308392726
26.490000000000002,-0.3408972033651255,-0.7922840202369824,-0.18574682717057395,0.00010064700969427628
26.5,-0.33946463462738574,-0.7877854426476039,-0.17690401522477112,0.00010032002601467654
26.51,-0.3381096974028062,-0.7833177598642466,-0.16805174057861155,9.999513327048164e-05
26.52,-0.33683161917767873,-0.7788814330736663,-0.15919056338074142,9.967233785614979e-05
26.53,-0.33562962947159064,-0.7744769111969069,-0.1503210324900339,9.935164155132874e-05
26.54,-0.33450296021670123,-0.7701046310334784,-0.14144368592029427,9.903304173340975e-05
26.55,-0.333450846124232,-0.765765017407811,-0.1325590512754727,9.87165315862841e-05
26.560000000000002,-0.33247252503842284,-0.7614584833178353,-0.12366764617542349,9.840210030506731e-05
26.57,-0.33156723827820667,-0.7571854300855445,-0.11476997867226303,9.808973329658532e-05
26.580000000000002,-0.3307342309668527,-0.7529462475093986,-0.10586654765739223,9.777941237545023e-05
26.59,-0.32997275234982915,-0.7487413140184331,-0.09695784325925995,9.74711159555858e-05
26.6,-0.32928205610113254,-0.7445709968279386,-0.08804434723195607,9.716481923707314e-05
26.61,-0.3286614006183313,-0.7404356520965842,-0.07912653333473282,9.686049438822573e-05
26.62,-0.3281100493065672,-0.7363356250848573,-0.07020486770256247,9.655811072282127e-05
26.63,-0.327627270851757,-0.7322712503146983,-0.0612798092078487,9.625763487243033e-05
26.64,-0.32721233948323536,-0.7282428517302139,-0.05235180981341675,9.595903095381555e-05
26.650000000000002,-0.3268645352260739,-0.7242507428593512,-0.04342131491691539,9.566226073137903e-05
26.66,-0.3265831441433134,-0.7202952269764249,-0.034488763686770334,9.53672837746585e-05
26.67,-0.3263674585683387,-0.716376597265387,-0.02555458938983507,9.507405761088846e-05
26.68,-0.32621677732762555,-0.712495136983737,-0.016619219710890958,9.478253787265341e-05
26.69,-0.32613040595408466,-0.7086511196269693,-0.007683077064153297,9.449267844067131e-05
26.7,-0.3261076568912244,-0.7048448090934624,0.0012534211030551107,9.420443158176354e-05
26.71,-0.3261478496883511,-0.7010764598497132,0.010189862014297361,9.391774808206884e-05
26.72,-0.3262503111870217,-0.6973463170958265,0.019125837275513632,9.363257737557652e-05
26.73,-0.32641437569896037,-0.6936546169311689,0.02806094259383783,9.334886766805599e-05
26.740000000000002,-0.32663938517564667,-0.6900015865201049,0.03699477750356464,9.306656605646844e-05
26.75,-0.32692468936977975,-0.6863874442577294,0.04592694509908958,9.27856186439607e-05
26.76,-0.32726964598881886,-0.6828123999355183,0.05485705177464286,9.250597065053347e-05
26.77,-0.32767362084079665,-0.6792766549068209,0.06378470697063611,9.222756651949441e-05
26.78,-0.3281359879725988,-0.6757804022521167,0.07270952292644006,9.195035001980193e-05
26.79,-0.32865612980089837,-0.6723238269439693,0.08163111443941024,9.167426434441438e-05
26.8,-0.3292334372359306,-0.6689071060116047,0.09054909862997726,9.139925220476324e-05
26.810000000000002,-0.32986730979828977,-0.6655304087050489,0.09946309471261812,9.112525592146549e-05
26.82,-0.3305571557289249,-0.6621938966587602,0.10837272377252463,9.085221751140127e-05
26.830000000000002,-0.3313023920925096,-0.6588977240546953,0.11727760854778593,9.058007877127872e-05
26.84,-0.33210244487435464,-0.6556420377847485,0.12617737321690198,9.030878135780955e-05
26.85,-0.3329567490710303,-0.6524269776125078,0.13507164319144604,9.003826686462664e-05
26.86,-0.33386474877486083,-0.6492526763342721,0.14396004491369527,8.976847689606598e-05
26.87,-0.3348258972524493,-0.6461192599392772,0.15284220565904894,8.949935313794097e-05
26.88,-0.33583965701738827,-0.6430268477690806,0.1617177533430565,8.923083742544024e-05
26.89,-0.33690549989730695,-0.639975552676054,0.1705863163328776,8.89628718082748e-05
26.900000000000002,-0.33802290709540295,-0.6369654811809398,0.17944752326299956,8.869539861320015e-05
26.91,-0.3391913692466018,-0.6339967336294241,0.18830100285503798,8.842836050404297e-05
26.92,-0.34041038646848504,-0.6310694043476853,0.19714638374144958,8.816170053935784e-05
26.93,-0.34167946840712277,-0.6281835817968755,0.2059832942929875,8.789536222783914e-05
26.94,-0.34299813427794446,-0.6253393487264962,0.21481136244973206,8.762928958161182e-05
26.95,-0.3443659129017768,-0.6225367823266308,0.2236302155555317,8.736342716752593e-05
26.96,-0.34578234273617503,-0.6197759543789967,0.2324394801956921,8.709772015657781e-05
26.97,-0.34724697190216985,-0.6170569314067835,0.2412387820377532,8.683211437157425e-05
26.98,-0.3487593582065493,-0.6143797748232445,0.25002774567519664,8.656655633316409e-05
26.990000000000002,-0.350319069159791,-0.6117445410790087,0.2588059944739292,8.63009933043542e-05
27.0,-0.35192568198975716,-0.6091512818080853,0.2675731504213899,8.603537333362493e-05
27.01,-0.35357878365126144,-0.6066000439725301,0.27632883397813146,8.576964529675943e-05
27.02,-0.3552779708316129,-0.604090870005748,0.2850726639317299,8.550375893750212e-05
27.03,-0.3570228499522399,-0.6016237979544053,0.2938042572528785,8.523766490716188e-05
27.04,-0.35881303716649293,-0.5991988616189268,0.3025232289535255,8.497131480326154e-05
27.05,-0.3606481583537223,-0.5968160906925537,0.31122919194691756,8.47046612073484e-05
27.060000000000002,-0.3625278491097237,-0.5944755108989423,0.3199217569094144,8.443765772207441e-05
27.07,-0.36445175473364066,-0.5921771441282796,0.32860053214394264,8.417025900764663e-05
27.080000000000002,-0.366419530211412,-0.5899210085718969,0.33726512344496007,8.390242081775678e-05
27.09,-0.3684308401958458,-0.5877071188553632,0.3459151339648042,8.363410003508875e-05
27.1,-0.3704853589834023,-0.5855354861700388,0.3545501640813026,8.33652547065103e-05
27.11,-0.3725827704877615,-0.5834061184030732,0.3631698112665249,8.309584407804394e-05
27.12,-0.37472276821025174,-0.5813190202658307,0.3717736699565603,8.28258286297147e-05
27.13,-0.37690505520720907,-0.5792741934207285,0.3803613314222053,8.25551701103794e-05
27.14,-0.3791293440543374,-0.5772716366064728,0.38893238364045285,8.228383157262615e-05
27.150000000000002,-0.3813953568081343,-0.5753113457616802,0.3974864111666739,8.201177740783831e-05
27.16,-0.3837028249644459,-0.5733933141468698,0.4060229950073866,8.173897338152067e-05
27.17,-0.38605148941421036,-0.571517532464816,0.41454171249351224,8.146538666897876e-05
27.18,-0.38844110039644736,-0.5696839889792487,0.4230421371540184,8.11909858914399e-05
27.19,-0.39087141744854803,-0.5678926696318922,0.43152383858985405,8.091574115270702e-05
27.2,-0.3933422093539165,-0.5661435581578309,0.4399863823480835,8.063962407643536e-05
27.21,-0.3958532540870122,-0.5644366361991932,0.4484293297961297,8.03626078441196e-05
27.22,-0.3984043387558386,-0.562771883417145,0.4568522379960397,8.008466723388006e-05
27.23,-0.40099525954192167,-0.5611492776021839,0.46525465957868883,7.980577866013e-05
27.240000000000002,-0.4036258216378191,-0.559568794782726,0.4736361426178421,7.952592021421156e-05
27.25,-0.406295839182197,-0.5580304093319791,0.4819962305039949,7.924507170609089e-05
27.26,-0.40900513519251014,-0.5565340940730935,0.4903344618179184,7.896321470718691e-05
27.27,-0.41175354149531734,-0.5550798203825861,0.4986503702038362,7.868033259442533e-05
27.28,-0.41454089865426247,-0.5536675582920291,0.5069434842421644,7.839641059559493e-05
27.29,-0.4173670558957472,-0.5522972765879997,0.5152133273217471,7.811143583609448e-05
27.3,-0.4202318710323203,-0.550968942910284,0.5234594175115249,7.782539738714829e-05
27.310000000000002,-0.423135210383805,-0.54968252384833,0.5316812674315751,7.753828631557039e-05
27.32,-0.4260769486961836,-0.5484379850359453,0.5398783841234652,7.72500957351671e-05
27.330000000000002,-0.42905696905825486,-0.5472352912442339,0.5480502689198667,7.696082085984754e-05
27.34,-0.4320751628160789,-0.546074406472768,0.5561964173133741,7.667045905853096e-05
27.35,-0.4351314294852198,-0.5449552940389907,0.5643163188244823,7.637900991192867e-05
27.36,-0.4382256766607947,-0.543877916665845,0.5724094568686752,7.608647527128037e-05
27.37,-0.4413578199253344,-0.542842236567624,0.5804753086225815,7.579285931912498e-05
27.38,-0.44452778275445953,-0.5418482155340408,0.5885133448891579,7.549816863218408e-05
27.39,-0.44773549642037175,-0.5408958150125109,0.5965230299618612,7.520241224644141e-05
27.400000000000002,-0.45098089989315815,-0.5399849961886457,0.6045038214877757,7.490560172449475e-05
27.41,-0.45426393973990375,-0.5391157200649516,0.6124551703296621,7.4607751225259e-05
27.42,-0.4575845700216047,-0.5382879475377313,0.6203765204269016,7.430887757610177e-05
27.43,-0.4609427521878714,-0.5375016394721841,0.6282673086553071,7.400900034748796e-05
27.44,-0.4643384549694098,-0.5367567567756983,0.6361269646857798,7.370814193021489e-05
27.45,-0.46777165426826356,-0.5360532604693352,0.6439549108417912,7.340632761531176e-05
27.46,-0.47124233304580054,-0.5353911117574972,0.6517505619556738,7.310358567668667e-05
27.47,-0.4747504812084215,-0.5347702720957778,0.6595133252237065,7.27999474565956e-05
27.48,-0.47829609549096797,-0.5341907032569868,0.667242600059985,7.249544745401423e-05
27.490000000000002,-0.48187917933780294,-0.5336523673953479,0.6749377779490698,7.21901234159885e-05
27.5,-0.48549974278153507,-0.5331552271088618,0.6825982422974078,7.188401643203515e-05
27.51,-0.4891578023193552,-0.53269924549983,0.6902233682835268,7.157717103167904e-05
27.52,-0.49285338078695057,-0.5322843862335354,0.6978125227070061,7.126963528519908e-05
27.53,-0.4965865072299597,-0.5319106135950696,0.70536506383623,7.096146090765156e-05
27.54,-0.5003572167729279,-0.5315778925443063,0.7128803412549326,7.065270336625191e-05
27.55,-0.5041655504857219,-0.5312861887690086,0.720357695707549,7.034342199119057e-05
27.560000000000002,-0.5080115552473569,-0.5310354687360671,0.7277964589433894,7.00336800899497e-05
27.57,-0.5118952836071894,-0.5308256997408604,0.735195953559657,6.972354506519225e-05
27.580000000000002,-0.5158167936434248,-0.5306568499547287,0.7425554928433347,6.941308853629721e-05
27.59,-0.5197761488188862,-0.5305288884705552,0.74987438061197,6.910238646461258e-05
27.6,-0.5237734178339889,-0.5304417853464436,0.7571519110533903,6.879151928248101e-05
27.61,-0.5278086744768609,-0.5303955116474841,0.7643873685643859,6.848057202611628e-05
27.62,-0.5318819974705493,-0.530390039485599,0.771580027588403,6.816963447238628e-05
27.63,-0.5359934703172474,-0.5304253420574557,0.7787291524522911,6.785880127956422e-05
27.64,-0.5401431811394755,-0.5305013936804376,0.7858339972021569,6.754817213211276e-05
27.650000000000002,-0.5443312225181465,-0.5306181698266614,0.7928938054383786,6.723785188954584e-05
27.66,-0.548557691327444,-0.5307756471550295,0.799907810149842,6.692795073942725e-05
27.67,-0.5528226885664377,-0.5309738035413027,0.8068752335474609,6.661858435455557e-05
27.68,-0.5571263191873574,-0.5312126181061835,0.8137952868970552,6.630987405437683e-05
27.69,-0.5614686919204481,-0.5314920712413925,0.8206671703516589,6.600194697066778e-05
27.7,-0.5658499190953202,-0.5318121446337271,0.8274900727833417,6.569493621752938e-05
27.71,-0.5702701164587114,-0.5321728212870832,0.8342631716146284,6.538898106571397e-05
27.72,-0.5747294029885708,-0.5325740855424287,0.8409856326496091,6.508422712131824e-05
27.73,-0.5792279007043757,-0.5330159230957074,0.8476566099048396,6.478082650886677e-05
27.740000000000002,-0.5837657344735869,-0.5334983210136598,0.8542752454401343,6.44789380587883e-05
27.75,-0.5883430318141469,-0.5340212677475401,0.8608406691893644,6.417872749930035e-05
27.76,-0.5929599226929229,-0.5345847531447121,0.8673519987913773,6.388036765270348e-05
27.77,-0.5976165393199939,-0.5351887684581029,0.873808339421162,6.35840386360665e-05
27.78,-0.602313015938679,-0.535833306353495,0.8802087836213919,6.328992806629665e-05
27.79,-0.6070494886112001,-0.5365183609146349,0.8865524111344824,6.299823126956838e-05
27.8,-0.6118260949998733,-0.5372439276461356,0.8928382887353102,6.270915149506512e-05
27.810000000000002,-0.616642974143717,-0.5380100034741506,0.8990654700647476,6.242290013299163e-05
27.82,-0.6215002662303659,-0.5388165867447954,0.9052329954641715,6.213969693680446e-05
27.830000000000002,-0.626398112363175,-0.5396636772202904,0.9113398918111199,6.185977024958334e-05
27.84,-0.6313366543233988,-0.5405512760728014,0.9173851723562709,6.158335723446115e-05
27.85,-0.6363160343273262,-0.5414793858759496,0.9233678365619331,6.131070410901284e-05
27.86,-0.6413363947782506,-0.5424480105939634,0.929286869942241,6.104206638349298e-05
27.87,-0.646397878013154,-0.5434571555684451,0.9351412439052621,6.077770910279438e-05
27.88,-0.6515006260439803,-0.5445068275027206,0.9409299155972298,6.051790709197868e-05
27.89,-0.6566447802933731,-0.5455970344437439,0.9466518277491253,6.026294520521372e-05
27.900000000000002,-0.6618304813247503,-0.5467277857615234,0.9523059085258431,6.001311857793819e-05
27.91,-0.6670578685665873,-0.5478990921260393,0.9578910713781862,5.976873288204741e-05
27.92,-0.6723270800307798,-0.5491109654816165,0.9634062148979441,5.9530104583876005e-05
27.93,-0.6776382520249548,-0.5503634190187218,0.968850222676321,5.929756120473203e-05
27.94,-0.6829915188585985,-0.5516564671431465,0.9742219631659923,5.907144158370066e-05
27.95,-0.6883870125428686,-0.5529901254425421,0.9795202895470768,5.885209614243322e-05
27.96,-0.6938248624839571,-0.5543644106502685,0.984744039597328,5.863988715158404e-05
27.97,-0.6993051951698717,-0.5557793406065192,0.989892035566855,5.843518899854752e-05
27.98,-0.7048281338504997,-0.557234934216683,0.9949630840577007,5.823838845611667e-05
27.990000000000002,-0.7103937982108232,-0.5587312114069022,0.9999559759086155,5.804988495163781e-05
28.0,-0.7160023040371487,-0.5602681930767873,1.0048694860853773,5.78700908362185e-05
28.01,-0.7216537628762205,-0.5618459010492456,1.0097023735770239,5.769943165351022e-05
28.02,-0.7273482816870832,-0.5634643580173808,1.0144533812983765,5.7538346407538224e-05
28.03,-0.733085962485562,-0.565123587488421,1.0191212359992472,5.738728782902171e-05
28.04,-0.7388669019812306,-0.5668236137246286,1.0237046481807373,5.7246722639597386e-05
28.05,-0.744691191206736,-0.5685644616811497,1.0282023120190502,5.711713181329134e-05
28.060000000000002,-0.7505589151393535,-0.5703461569407527,1.0326129052972548,5.69990108345614e-05
28.07,-0.756470152314646,-0.572168725645414,1.0369350893454508,5.6892869952184106e-05
28.080000000000002,-0.762424974432104,-0.5740321944246981,1.0411675089898063,5.679923442821151e-05
28.09,-0.768423445952646,-0.5759365903208876,1.0453087925109512,5.6718644781157714e-05
28.1,-0.7744656236878618,-0.5778819407108113,1.0493575516122233,5.665165702254643e-05
28.11,-0.7805515563808837,-0.5798682732243217,1.053312381398288,5.6598842885894574e-05
28.12,-0.7866812842787775,-0.5818956156593708,1.0571718603646616,5.6560790047132425e-05
28.13,-0.7928548386963448,-0.5839639958936339,1.0609345503986891,5.653810233541581e-05
28.14,-0.7990722415712369,-0.586073441792629,1.0645989967925438,5.653139993323606e-05
28.150000000000002,-0.8053335050102844,-0.58822398111428,1.0681637282688323,5.6541319564658006e-05
28.16,-0.8116386308269509,-0.5904156414098714,1.0716272570194085,5.656851467044819e-05
28.17,-0.8179876100698278,-0.5926484499213411,1.0749880787580126,5.661365556881093e-05
28.18,-0.8243804225420927,-0.5949224334748598,1.078244672787376,5.66774296003643e-05
28.19,-0.8308170363118599,-0.5972376183706408,1.0813955020814452,5.676054125593066e-05
28.2,-0.8372974072133629,-0.5995940302689299,1.084439013383398,5.686371228563172e-05
28.21,-0.8438214783389122,-0.6019916940721196,1.087373637320144,5.698768178772258e-05
28.22,-0.8503891795215861,-0.6044306338029358,1.0901977885340157,5.713320627551735e-05
28.23,-0.8570004268086177,-0.6069108724786422,1.0929098658323821,5.730105972068247e-05
28.240000000000002,-0.8636551219254538,-0.6094324319812101,1.095508252355925,5.7492033571102466e-05
28.25,-0.870353151730473,-0.6119953329234015,1.097991315766343,5.770693674143936e-05
28.26,-0.8770943876603592,-0.6145995945107116,1.1003574084542653,5.794659557443677e-05
28.27,-0.8838786851661429,-0.6172452343991203,1.1026048677681708,5.8211853770929675e-05
28.28,-0.8907058831399333,-0.6199322685486013,1.104732016265129,5.8503572286460556e-05
28.29,-0.8975758033323806,-0.622660711072338,1.1067371619841961,5.882262919230338e-05
28.3,-0.9044882497609205,-0.6254305740815981,1.1086185987433133,5.91699194986218e-05
28.310000000000002,-0.9114430081088694,-0.6282418675262169,1.1103746064605753,5.954635493742884e-05
28.32,-0.9184398451154588,-0.6310945990306449,1.112003451500748,5.995286370291056e-05
28.330000000000002,-0.9254785079569094,-0.6339887737255115,1.1135033870479316,6.0390390146613715e-05
28.34,-0.9325587236186677,-0.6369243940746631,1.1148726535052824,6.0859894424922725e-05
28.35,-0.9396801982589467,-0.639901459697631,1.1161094789227155,6.136235209617859e-05
28.36,-0.9468426165637338,-0.6429199671874924,1.1172120794535272,6.189875366471975e-05
28.37,-0.9540456410934474,-0.6459799099240819,1.1181786598408883,6.24701040690519e-05
28.38,-0.9612889116214488,-0.6490812778825213,1.1190074139351682,6.307742211130768e-05
28.39,-0.9685720444646408,-0.6522240574370327,1.1196965252430633,6.372173982508345e-05
28.400000000000002,-0.975894631806405,-0.6554082311600042,1.1202441675095092,6.440410177869097e-05
28.41,-0.9832562410121594,-0.6586337776162821,1.1206485053333661,6.512556431081642e-05
28.42,-0.9906564139378433,-0.6619006711526625,1.1209076948178742,6.588719469553162e-05
28.43,-0.9980946662316648,-0.6652088816825645,1.121019884256877,6.669007023357689e-05
28.44,-1.005570486629474,-0.6685583744658654,1.1209832148578187,6.753527726680138e-05
28.45,-1.013083336244159,-0.6719491098838849,1.1207958215025209,6.842391011262988e-05
28.46,-1.0206326478494894,-0.6753810432095104,1.1204558335467438,6.93570699154188e-05
28.47,-1.0282178251588663,-0.6788541243724578,1.1199613756595372,7.033586341158008e-05
28.48,-1.035838242099474,-0.6823682977196673,1.1193105687033802,7.136140160533728e-05
28.490000000000002,-1.0434932420823588,-0.6859235017708412,1.1185015306561024,7.243479835203622e-05
28.5,-1.0511821372690018,-0.6895196689691326,1.1175323775755737,7.355716884597155e-05
28.51,-1.0589042078349875,-0.6931567254270032,1.1164012246081347,7.472962800971667e-05
28.52,-1.0666587012314086,-0.6968345906672698,1.1151061870417287,7.595328878207342e-05
28.53,-1.0744448314446893,-0.7005531773593712,1.113645381404677,7.722926030179282e-05
28.54,-1.0822617782555473,-0.7043123910508884,1.1120169266110234,7.855864598437292e-05
28.55,-1.0901086864978622,-0.708112129894363,1.110218945153348,7.994254148935433e-05
28.560000000000002,-1.0979846653182554,-0.7119522843694609,1.108249564343923,8.138203257567218e-05
28.57,-1.1058887874372365,-0.7158327370005411,1.10610691760506,8.287819284282713e-05
28.580000000000002,-1.113820088412812,-0.7197533620696943,1.1037891458094562,8.443208135581722e-05
28.59,-1.1217775659075049,-0.7237140253253258,1.1012943986713188,8.604474015200685e-05
28.6,-1.1297601789597742,-0.7277145836863658,1.0986208361889984,8.771719162836751e-05
28.61,-1.13776684726088,-0.7317548849421998,1.095766630139822,8.945043580777593e-05
28.62,-1.1457964504382805,-0.7358347674484208,1.092729965627765,9.124544748340398e-05
28.63,-1.1538478273467077,-0.739954059818516,1.089509042684547,9.31031732405651e-05
28.64,-1.1619197753681103,-0.7441125806116106,1.0861020779246795,9.502452835571807e-05
28.650000000000002,-1.1700110497217109,-0.7483101380164016,1.0825073062549255,9.701039357279368e-05
28.66,-1.1781203627854733,-0.7525465295314285,1.0787229826385718,9.906161175741303e-05
28.67,-1.1862463834303316,-0.756821541641835,1.0747473839148287,0.00010117898443004104
28.68,-1.1943877363685824,-0.7611349494927926,1.0705788106736038,0.0001033632681796523
28.69,-1.2025430015178995,-0.7654865165597665,1.0662155891858058,0.00010561517096001243
28.7,-1.2107107133824806,-0.7698759943158182,1.0616560733892466,0.00010793534827127607
28.71,-1.2188893604528916,-0.774303121896153,1.0568986469301134,0.00011032439923023058
28.72,-1.2270773846262266,-0.7787676257601334,1.0519417252598802,0.00011278286253316351
28.73,-1.2352731806482569,-0.7832692193509937,1.046783757787424,0.00011531121231604408
28.740000000000002,-1.2434750955792928,-0.7878076027535075,1.0414232300859907,0.00011790985391743714
28.75,-1.2516814282855373,-0.7923824623498712,1.0358586661545433,0.00012057911955036701
28.76,-1.2598904289577604,-0.7969934704740858,1.0300886307328916,0.0001233192638901327
28.77,-1.2681002986591745,-0.8016402850651319,1.0241117316698773,0.00012613045958594259
28.78,-1.2763091889044411,-0.8063225493192506,1.0179266223437422,0.0001290127927051182
28.79,-1.2845152012717853,-0.8110398913416587,1.0115320041336684,0.00013196625811955756
28.8,-1.292716387050246,-0.8157919237980428,1.0049266289413237,0.0001349907548450562
28.810000000000002,-1.3009107469241277,-0.8205782435661959,0.998109301761089,0.0001380860813450717
28.82,-1.3090962306967668,-0.8253984313881735,0.9910788832974804,0.00014125193081156653
28.830000000000002,-1.3172707370557664,-0.8302520515233675,0.9838342926281072,0.00014448788643654686
28.84,-1.325432113381887,-0.8351386514029122,0.9763745099103325,0.00014779341668895871
28.85,-1.3335781556038189,-0.840057761285854,0.9686985791296181,0.00015116787061269385
28.86,-1.3417066081010922,-0.8450088939175346,0.9608056108873484,0.00015461047316251968
28.87,-1.3498151636574076,-0.8499915441906581,0.9526947852257341,0.00015812032059580157
28.88,-1.3579014634666973,-0.8550051888095256,0.9443653544871977,0.00016169637593899005
28.89,-1.3659630971942422,-0.8600492859579438,0.9358166462054355,0.0001653374645489055
28.900000000000002,-1.3739976030951921,-0.8651232749713311,0.9270480660251463,0.00016904226978990282
28.91,-1.3820024681928398,-0.8702265760135601,0.9180591006471999,0.00017280932884903316
28.92,-1.3899751285190116,-0.8753585897590981,0.9088493207958,0.00017663702871232518
28.93,-1.397912969418934,-0.8805186970810206,0.899418384203981,0.00018052360232628567
28.94,-1.4058133259229304,-0.8857062587454951,0.8897660386135443,0.0001844671249696246
28.95,-1.4136734831872912,-0.8909206151133445,0.8798921247853229,0.00018846551086107154
28.96,-1.4214906770066422,-0.8961610858493221,0.8697965795154262,0.00019251651002997764
28.97,-1.4292620944001093,-0.901426969639743,0.8594794386528919,0.00019661770547708068
28.98,-1.4369848742735476,-0.9067175439191353,0.8489408401139372,0.00020076651065346071
28.990000000000002,-1.444656108160061,-0.9120320646065876,0.8381810268877751,0.00020496016728627448
29.0,-1.4522728410409926,-0.9173697658524889,0.8272003500287258,0.0002091957435802441
29.01,-1.4598320722495075,-0.9227298597963657,0.8159992716291313,0.00021347013282418665
29.02,-1.4673307564588274,-0.9281115363365415,0.8045783677673497,0.0002177800524320848
29.03,-1.474765804757103,-0.9335139629123497,0.7929383314248867,0.000222122043448167
29.04,-1.4821340858108254,-0.9389362842996494,0.7810799753665038,0.0002264924705453618
29.05,-1.4894324271185873,-0.9443776224204005,0.7690042349769278,0.0002308875225462077
29.060000000000002,-1.496657616356905,-0.9498370761670659,0.7567121710475835,0.0002353032134947835
29.07,-1.503806402819697,-0.9553137212426183,0.7442049725065694,0.00023973538430757953
29.080000000000002,-1.5108754989528965,-0.9608066100169335,0.731483959084911,0.00024417970503033985
29.09,-1.5178615819855419,-0.9663147714003634,0.7185505839119423,0.00024863167772683155
29.1,-1.5247612956585463,-0.9718372107352817,0.7054064360324993,0.00025308664002417593
29.11,-1.531571252052198,-0.9773729097064019,0.692053242838456,0.0002575397693378515
29.12,-1.5382880335132747,-0.9829208262706667,0.6784928724069844,0.0002619860877976857
29.13,-1.5449081946824847,-0.98847989460751,0.664727335737799,0.000266420467894156
29.14,-1.5514282646227633,-0.9940490250902897,0.6507587888815316,0.0002708376388620249
29.150000000000002,-1.5578447490487517,-0.9996271042796852,0.6365895349512897,0.0002752321938158472
29.16,-1.5641541326575892,-1.0052129949398492,0.6222220260093747,0.00027959859764909
29.17,-1.5703528815609225,-1.0108055360780954,0.6076588648210866,0.00028393119570559904
29.18,-1.5764374458178192,-1.0164035430088934,0.592902806467502,0.0002882242232288691
29.19,-1.582404262068027,-1.0220058074429295,0.5779567598091091,0.0002924718155910499
29.2,-1.5882497562647808,-1.0276110976019812,0.5628237887921896,0.00029666801929988606
29.21,-1.5939703465061008,-1.033218158360331,0.5475071135898846,0.00030080680377777636
29.22,-1.5995624459632596,-1.038825711413431,0.5320101115699385,0.0003048820739029655
29.23,-1.6050224659048256,-1.044432455474505,0.5163363180812162,0.0003088876832984744
29.240000000000002,-1.6103468188144083,-1.0500370664997545,0.5004894270512027,0.0003128174483497793
29.25,-1.6155319215999424,-1.0556381979428016,0.48447329138685286,0.00031666516292750226
29.26,-1.6205741988920515,-1.0612344810389813,0.46829192317133417,0.0003204246137865152
29.27,-1.6254700864287366,-1.0668245251200559,0.4519494936494237,0.0003240895966078159
29.28,-1.630216034523323,-1.0724069179598932,0.4354503329945621,0.00032765393264447544
29.29,-1.634808511612293,-1.077980226151614,0.4187989298508469,0.0003311114859278027
29.3,-1.6392440078793196,-1.083542995516671,0.4019999306435581,0.00033445618098468065
29.310000000000002,-1.643519038951495,-1.08909375154628,0.3850581386521531,0.00033768202101193455
29.32,-1.6476301496634427,-1.094630999875578,0.36797851284004524,0.00034078310644845286
29.330000000000002,-1.6515739178846707,-1.1001532267908387,0.350766166435894,0.0003437536538807884
29.34,-1.6553469584052236,-1.1056588997700156,0.3334263652615778,0.00034658801521312416
29.35,-1.6589459268743654,-1.1111464680568401,0.31596452580250084,0.0003492806970277863
29.36,-1.662367523786723,-1.1166143632686387,0.29838621301639523,0.00035182638005805774
29.37,-1.6656084985100148,-1.122061000037977,0.28069713787732536,0.00035421993869084556
29.38,-1.668665653348188,-1.1274847766881775,0.2629031546521745,0.00035645646041291743
29.39,-1.6715358476335025,-1.1328840759426952,0.2450102579075008,0.0003585312651109291
29.400000000000002,-1.6742160018408134,-1.1382572656682677,0.22702457924528352,0.0003604399241323715
29.41,-1.676703101717038,-1.1436026996516888,0.2089523837667438,0.00036217827901198897
29.42,-1.6789942024185314,-1.1489187184099903,0.19080006626411194,0.0003637424597660803
29.43,-1.6810864326488526,-1.1542036500337356,0.17257414714092725,0.00036512890265552074
29.44,-1.6829769987891718,-1.1594558110630655,0.15428126806219128,0.00036633436731739797
29.45,-1.684663189013356,-1.1646735073960548,0.13592818733645132,0.00036735595316475696
29.46,-1.6861423773795774,-1.1698550352288661,0.11752177503266409,0.00036819111495426987
29.47,-1.6874120278901081,-1.1749986820271108,0.0990690078354785,0.00036883767742259806
29.48,-1.6884696985108159,-1.1801027275277447,0.08057696364337712,0.0003692938488939203
29.490000000000002,-1.6893130451417369,-1.185165444770755,0.062052815914926486,0.0003695582337634927
29.5,-1.6899398255299956,-1.1901851011598077,0.043503827769203626,0.0003696298437652402
29.51,-1.6903479031162547,-1.195159959550953,0.02493734584728569,0.0003695081079352916
29.52,-1.6905352508058187,-1.2000882793684016,0.006360793942509976,0.0003691928811879816
29.53,-1.690499954655485,-1.2049683177463104,-0.012218333591972434,0.0003686844514262089
29.54,-1.6902402174672275,-1.2097983306954345,-0.030792478649017418,0.00036798354511415006
29.55,-1.6897543622798246,-1.2145765742934276,-0.04935402637655284,0.00036709133124710787
29.560000000000002,-1.689040835749596,-1.2193013058974955,-0.06789531237897471,0.00036600942366074124
29.57,-1.6880982114114975,-1.223970785378034,-0.08640863009919658,0.00036473988163003817
29.580000000000002,-1.6869251928119322,-1.2285832763718063,-0.10488623836893188,0.00036328520871710396
29.59,-1.685520616504789,-1.2331370475531518,-0.12332036911407272,0.0003616483498360506
29.6,-1.6838834549023893,-1.237630373921637,-0.14170323520134204,0.000359832686513049
29.61,-1.6820128189732344,-1.2420615381045081,-0.1600270384117435,0.00035784203032974206
29.62,-1.6799079607786798,-1.2464288316722287,-0.17828397752571773,0.00035568061454872385
29.63,-1.6775682758409391,-1.250730556465334,-0.19646625650433885,0.00035335308393060887
29.64,-1.6749933053351167,-1.254965025930774,-0.21456609275035518,0.0003508644827631638
29.650000000000002,-1.672182738098296,-1.2591305664658654,-0.2325757254323942,0.00034822024113410926
29.66,-1.669136412449078,-1.2632255187679209,-0.2504874238552203,0.00034542615949029605
29.67,-1.6658543178113454,-1.2672482391875843,-0.2682934958585554,0.00034248839153703967
29.68,-1.6623365961364498,-1.2711971010838579,-0.28598629622664806,0.0003394134255422762
29.69,-1.6585835431184548,-1.2750704961787682,-0.30355823509051627,0.00033620806412084
29.7,-1.654595609197544,-1.2788668359095958,-0.3210017863045823,0.0003328794025844597
29.71,-1.6503734003471868,-1.2825845527765576,-0.33830949577928054,0.00032943480595293626
29.72,-1.6459176786411684,-1.286222101683819,-0.35547398975114214,0.0003258818847312627
29.73,-1.6412293625971286,-1.2897779612716938,-0.37248798297185043,0.0003222284695661334
29.740000000000002,-1.6363095272937973,-1.2932506352378808,-0.3893442867978167,0.0003184825849033431
29.75,-1.6311594042596882,-1.296638653645583,-0.4060358171619505,0.00031465242177474274
29.76,-1.6257803811315883,-1.299940574216357,-0.4225556024094885,0.0003107463098498025
29.77,-1.6201740010817784,-1.3031549836055496,-0.43889679098000434,0.00030677268889231236
29.78,-1.6143419620135182,-1.3062804986581875,-0.4550526589180478,0.00030274007976721607
29.79,-1.6082861155249397,-1.3093157676432137,-0.4710166171952508,0.00029865705514604476
29.8,-1.6020084656421092,-1.3122594714639801,-0.4867822188271958,0.0002945322100618375
29.810000000000002,-1.5955111673226292,-1.3151103248429463,-0.5023431657688594,0.0002903741324657645
29.82,-1.5887965247317721,-1.3178670774785637,-0.5176933155730252,0.00028619137393789767
29.830000000000002,-1.5818669892937451,-1.3205285151723745,-0.5328266877966993,0.0002819924207036968
29.84,-1.5747251575212944,-1.3230934609243963,-0.5477374701412571,0.0002777856651057941
29.85,-1.5673737686274554,-1.3255607759949246,-0.5624200243128009,0.0002735793776775791
29.86,-1.559815701923842,-1.327929360930937,-0.5768688915900063,0.0002693816799609585
29.87,-1.5520539740104415,-1.3301981565553553,-0.5910787980875821,0.0002652005182054699
29.88,-1.5440917357624433,-1.332366144917485,-0.6050446597043592,0.0002610436380797975
29.89,-1.5359322691201633,-1.3344323502030306,-0.6187615867459517,0.00025691856051964033
29.900000000000002,-1.527578983688655,-1.33639583960216,-0.6322248882128995,0.0002528325588278967
29.91,-1.5190354131540866,-1.3382557241341795,-0.6454300757461905,0.00024879263713443496
29.92,-1.5103052115244417,-1.3400111594274617,-0.6583728672230901,0.0002448055103131991
29.93,-1.5013921492025473,-1.3416613464533669,-0.6710491899972367,0.00024087758544433365
29.94,-1.4923001088998462,-1.3432055322129857,-0.6834551837780302,0.00023701494489836335
29.95,-1.4830330813997261,-1.3446430103756328,-0.6955872031454019,0.0002332233311083631
29.96,-1.4735951611795675,-1.345973121868121,-0.7074418196971389,0.000229508133084685
29.97,-1.463990541901,-1.3471952554139446,-0.7190158238270086,0.0002258743747150783
29.98,-1.4542235117781477,-1.3483088480216103,-0.7303062261330098,0.00022232670488125863
29.990000000000002,-1.4442984488338944,-1.3493133854214545,-0.7413102584561435,0.00021886938941112429
30.0,-1.434219816054426,-1.3502084024503984,-0.7520253745511528,0.00021550630487405712
30.01,-1.4239921564524838,-1.3509934833841986,-0.7624492503917226,0.00021224093421507226
30.02,-1.4136200880499155,-1.3516682622168577,-0.7725797841136469,0.00020907636421222374
30.03,-1.4031082987902148,-1.3522324228869744,-0.7824150956004646,0.00020601528473068376
30.04,-1.3924615413918193,-1.3526856994509149,-0.79195352571703,0.00020305998973626574
30.05,-1.3816846281529669,-1.3530278762027999,-0.8011936351974122,0.00020021238002108915
30.060000000000002,-1.3707824257189167,-1.3532587877414102,-0.8101342031944114,0.00019747396758460937
30.07,-1.3597598498223005,-1.3533783189842155,-0.8187742254988364,0.000194845881604354
30.080000000000002,-1.3486218600073019,-1.3533864051288402,-0.8271129124374912,0.0001923288759225675
30.09,-1.3373734543482543,-1.3532830315623814,-0.8351496864595884,0.00018992333796759173
30.1,-1.326019664173111,-1.3530682337190922,-0.8428841794220194,0.00018762929902218465
30.11,-1.3145655488020696,-1.3527420968870483,-0.850316229584575,0.0001854464457452335
30.12,-1.303016190311431,-1.3523047559645023,-0.857445878326824,0.0001833741328484085
30.13,-1.2913766883325437,-1.3517563951667293,-0.8642733665989148,0.00018141139682520825
30.14,-1.2796521548954236,-1.3510972476842533,-0.8707991311190658,0.0001795569706266983
30.150000000000002,-1.2678477093263558,-1.350327595293428,-0.8770238003309577,0.00017780929917593087
30.16,-1.2559684732084742,-1.3494477679204298,-0.8829481901346322,0.00017616655561152416
30.17,-1.2440195654139825,-1.3484581431597957,-0.8885732994048302,0.00017462665815028936
30.18,-1.2320060972163285,-1.3473591457487142,-0.8939003053109813,0.00017318728745896017
30.19,-1.2199331674902674,-1.3461512469983423,-0.8989305584532736,0.00017184590442604372
30.2,-1.2078058580073652,-1.3448349641834918,-0.9036655778293968,0.0001705997682264779
30.21,-1.195629228834086,-1.3434108598920824,-0.9081070456466569,0.00016944595457419812
30.22,-1.1834083138391902,-1.3418795413358187,-0.9122568019942173,0.00016838137406075286
30.23,-1.1711481163167434,-1.3402416596235929,-0.9161168393902206,0.00016740279048170023
30.240000000000002,-1.158853604730597,-1.3384979089991678,-0.9196892972184937,0.000166506839056712
30.25,-1.1465297085857589,-1.33664902604473,-0.9229764560694436,0.00016569004445394833
30.26,-1.134181314431622,-1.3346957888519386,-0.925980731999601,0.00016494883853434262
30.27,-1.121813262001566,-1.3326390161621324,-0.9287046707240789,0.00016427957773682952
30.28,-1.109430340492995,-1.3304795664773745,-0.9311509417559798,0.0001636785600312797
30.29,-1.0970372849914207,-1.3282183371440448,-0.9333223325065089,0.000163142041371913
30.3,-1.0846387730417462,-1.3258562634107005,-0.9352217423592409,0.00016266625159002836
30.310000000000002,-1.0722394213694655,-1.3233943174619396,-0.9368521767316389,0.00016224740967119646
30.32,-1.0598437827540454,-1.3208335074300097,-0.9382167411365442,0.00016188173836837263
30.330000000000002,-1.0474563430563266,-1.3181748763859076,-0.9393186352559499,0.00016156547810870873
30.34,-1.0350815184013527,-1.3154195013117127,-0.940161147038931,0.0001612949001581623
30.35,-1.0227236525176215,-1.3125684920558944,-0.9407476468351473,0.00016106631901419046
30.36,-1.010387014233347,-1.3096229902733207,-0.9410815815748531,0.00016087610400289886
30.37,-0.9980757951299263,-1.3065841683516852,-0.9411664690058493,0.0001607206900629236
30.38,-0.9857941073524281,-1.3034532283260498,-0.9410058919972987,0.00016059658770401384
30.39,-0.9735459815765544,-1.300231400783184,-0.9406034929197966,0.0001605003921337596
30.400000000000002,-0.9613353651311709,-1.2969199437573518,-0.9399629681105552,0.0001604287915510785
30.41,-0.9491661202751749,-1.293520141619175,-0.9390880624320085,0.000160378574609995
30.42,-0.9370420226271416,-1.290033303959171,-0.9379825639316015,0.00016034663706183337
30.43,-0.9249667597458952,-1.2864607644675257,-0.9366502986099695,0.00016032998758817998
30.44,-0.9129439298598596,-1.2828038798116361,-0.935095125304162,0.00016032575284093681
30.45,-0.9009770407427831,-1.2790640285129062,-0.9333209306920142,0.0001603311817093373
30.46,-0.8890695087331723,-1.2752426098242533,-0.9313316244232218,0.0001603436488370219
30.47,-0.8772246578945481,-1.2713410426097298,-0.9291311343821326,0.00016036065741514897
30.48,-0.8654457193134153,-1.267360764227626,-0.9267234020867345,0.00016037984128003114
30.490000000000002,-0.8537358305316443,-1.2633032294183737,-0.9241123782277963,0.00016039896634595835
30.5,-0.8420980351097835,-1.2591699091985247,-0.9213020183516015,0.00016041593140571624
30.51,-0.830535282317662,-1.2549622897620227,-0.9182962786892169,0.00016042876833278726
30.52,-0.8190504269484943,-1.2506818713899523,-0.9150991121347489,0.0001604356417204284
30.53,-0.8076462292525768,-1.2463301673698823,-0.9117144643745668,0.00016043484799369272
30.54,-0.7963253549865531,-1.2419087029258833,-0.9081462701690179,0.00016042481403104282
30.55,-0.7850903755741312,-1.2374190141602397,-0.904398449787717,0.00016040409533253828
30.560000000000002,-0.7739437683740588,-1.2328626470078303,-0.9004749055990717,0.0001603713737716331
30.57,-0.7628879170510994,-1.228241156204095,-0.8963795188143008,0.0001603254549674432
30.580000000000002,-0.7519251120457043,-1.2235561042674568,-0.8921161463858158,0.0001602652653139335
30.59,-0.7410575511380415,-1.218809060497018,-0.8876886180594723,0.00016018984870191342
30.6,-0.7302873401020208,-1.2140015999862923,-0.8831007335798482,0.00016009836296892064
30.61,-0.7196164934449506,-1.209135302653688,-0.8783562600473813,0.00015999007611115188
30.62,-0.7090469352284625,-1.2042117522904072,-0.8734589294258891,0.00015986436229051225
30.63,-0.6985804999663588,-1.1992325356263742,-0.8684124361987081,0.0001597206976686434
30.64,-0.6882189335950654,-1.1941992414147562,-0.8632204351714223,0.00015955865609850137
30.650000000000002,-0.6779638945124087,-1.1891134595355939,-0.8578865394189009,0.0001593779047026387
30.66,-0.6678169546804851,-1.1839767801190098,-0.8524143183741384,0.0001591781993658607
30.67,-0.6577796007884446,-1.178790792688417,-0.8468072960561808,0.00015895938016842405
30.68,-0.6478532354710778,-1.1735570853241033,-0.84106894943423,0.00015872136678436795
30.69,-0.6380391785791656,-1.1682772438475262,-0.8352027069248464,0.00015846415386794652
30.7,-0.6283386684976311,-1.162952851026604,-0.829211947019016,0.0001581878064495692
30.71,-0.618752863507617,-1.1575854858022532,-0.823099997035711,0.00015789245536098684
30.72,-0.609282843188706,-1.1521767225363777,-0.8168701319984525,0.00015757829270788857
30.73,-0.5999296098575927,-1.146728130281479,-0.8105255736312796,0.00015724556740650292
30.740000000000002,-0.5906940900396234,-1.1412412720720124,-0.8040694894704425,0.00015689458079918723
30.75,-0.5815771359697154,-1.1357177042375903,-0.7975049920880616,0.00015652568236252835
30.76,-0.5725795271192842,-1.1301589757380812,-0.7908351384239378,0.0001561392655199537
30.77,-0.5637019717459107,-1.1245666275206374,-0.7840629292216538,0.00015573576356944422
30.78,-0.5549451084625984,-1.1189421918986378,-0.7771913085650709,0.00015531564573556468
30.79,-0.5463095078235802,-1.1132871919525105,-0.7702231635113116,0.00015487941335369163
30.8,-0.5377956739237564,-1.1076031409523674,-0.7631613238163042,0.00015442759619309842
30.810000000000002,-0.5294040460089562,-1.1018915418023527,-0.7560085617489726,0.00015396074892433427
30.82,-0.5211350000943371,-1.096153886506587,-0.7487675919901648,0.0001534794477352251
30.830000000000002,-0.5129888505883523,-1.0903916556565576,-0.7414410716124379,0.00015298428709878246
30.84,-0.5049658519198318,-1.0846063179397862,-0.7340316001368468,0.00015247587669529178
30.85,-0.4970662001658434,-1.0787993296695804,-0.7265417196629269,0.00015195483848995752
30.86,-0.48929003467811194,-1.0729721343356566,-0.7189739150681043,0.0001514218039666409
30.87,-0.4816374397058909,-1.0671261621754018,-0.7113306142728238,0.00015087741151742227
30.88,-0.4741084460132943,-1.0612628297655222,-0.7036141885677463,0.0001503223039870184
30.89,-0.4667030324892071,-1.0553835396338138,-0.6958269529994302,0.00014975712637045694
30.900000000000002,-0.4594211277480016,-1.0494896798907685,-0.687971166810988,0.00014918252366179013
30.91,-0.45226261171939625,-1.0435826238807222,-0.6800490339342806,0.00014859913885113265
30.92,-0.44522731722589565,-1.037663729852232,-0.6720627035302961,0.00014800761106685713
30.93,-0.4383150315463552,-1.0317343406473605,-0.6640142705744408,0.00014740857385932927
30.94,-0.43152549796431294,-1.0257957834095353,-0.655905776483561,0.00014680265362224603
30.95,-0.42485841729982793,-1.0198493693096407,-0.6477392097815983,0.0001461904681473407
30.96,-0.4183134494236593,-1.0138963932899887,-0.639516506800881,0.00014557262530794448
30.970000000000002,-0.41189021475271137,-1.0079381338258127,-0.6312395524161396,0.00014494972186669715
30.98,-0.4055882957257589,-1.0019758527039149,-0.6229101808084356,0.00014432234240252068
30.990000000000002,-0.3994072382585511,-0.9960107948181004,-0.6145301762562876,0.00014369105835186584
31.0,-0.3933465531774767,-0.9900441879810167,-0.6061012739513736,0.00014305642715913334
31.01,-0.3874057176310497,-0.9840772427520222,-0.5976251608362889,0.0001424189915311069
31.02,-0.38158417647855386,-0.9781111522806983,-0.5891034764619342,0.0001417792787902305
31.03,-0.3758813436552545,-0.9721470921656189,-0.5805378138622067,0.00014113780032155079
31.04,-0.3702966035136576,-0.9661862203279911,-0.5719297204437637,0.00014049505110817453
31.05,-0.3648293121403628,-0.9602296768997771,-0.5632806988887235,0.00013985150935013428
31.060000000000002,-0.359478798648119,-0.9542785841259099,-0.5545922080682655,0.00013920763616165333
31.07,-0.35424436644275453,-0.9483340462802115,-0.5458656639651825,0.00013856387534185062
31.080000000000002,-0.3491252944647087,-0.9423971495946288,-0.5371024406035337,0.00013792065321405469
31.09,-0.3441208384049477,-0.9364689622013997,-0.5283038709836363,0.00013727837852901934
31.1,-0.33923023189510004,-0.9305505340877639,-0.5194712480207243,0.00013663744242745142
31.11,-0.33445268767169317,-0.924642897062838,-0.5106058254856902,0.00013599821845740082
31.12,-0.32978739871442225,-0.9187470647362752,-0.5017088189464124,0.00013536106264222126
31.13,-0.325233539358423,-0.9128640325083337,-0.49278140670825304,0.0001347263135949698
31.14,-0.32079026638056185,-0.9069947775709813,-0.4838247307523961,0.00013409429267524875
31.150000000000002,-0.3164567200597964,-0.9011402589196695,-0.4748398976707726,0.00013346530418469505
31.16,-0.3122320252116916,-0.8953014173754111,-0.4658279795963989,0.0001328396355974662
31.17,-0.30811529219721395,-0.8894791756168042,-0.4567900151280292,0.00013221755782223785
31.18,-0.3041056179059549,-0.8836744382216476,-0.44772701024809686,0.00013159932549241648
31.19,-0.3002020867139631,-0.8778880917177984,-0.43863993923298894,0.00013098517728142751
31.2,-0.29640377141639335,-0.8721210046429287,-0.4295297455547681,0.0001303753362401123
31.21,-0.292709734135203,-0.8663740276128434,-0.4203973427735212,0.00012977001015342622
31.220000000000002,-0.2891190272021499,-0.8606479933980257,-0.41124361541957877,0.0001291693919137999
31.23,-0.2856306940173657,-0.8549437170080859,-0.4020694198649094,0.00012857365990868978
31.240000000000002,-0.2822437698837988,-0.8492619957837925,-0.3928755851830538,0.00012798297841998843
31.25,-0.27895728281783566,-0.8436036094963703,-0.38366291399701935,0.0001273974980331275
31.26,-0.27577025433642666,-0.8379693204537604,-0.37443218331460976,0.00012681735605385414
31.27,-0.2726817002210554,-0.832359873613538,-0.36518414535071836,0.0001262426769307955
31.28,-0.269690631258903,-0.8267759967021953,-0.3559195283361613,0.00012567357268207293
31.29,-0.2667960539615687,-0.8212184003404988,-0.3466390373126768,0.0001251101433243551
31.3,-0.2639969712617192,-0.8156877781746421,-0.33734335491376033,0.0001245524773028728
31.310000000000002,-0.26129238318804626,-0.8101848070129157,-0.32803314213105006,0.000124000651921034
31.32,-0.2586812875189181,-0.8047101469676268,-0.31870903906601805,0.00012345473376839332
31.330000000000002,-0.25616268041511847,-0.7992644416020062,-0.3093716656667614,0.00012291477914584494
31.34,-0.2537355570320692,-0.7938483180818474,-0.30002162244972563,0.0001223808344870177
31.35,-0.2513989121119376,-0.7884623873316272,-0.2906594912062272,0.00012185293677493907
31.36,-0.24915174055603234,-0.7831072441948661,-0.28128583569367566,0.00012133111395313571
31.37,-0.2469930379778924,-0.7777834675984922,-0.27190120231142784,0.00012081538533043098
31.38,-0.24492180123747653,-0.7724916207209783,-0.26250612076123586,0.00012030576197878003
31.39,-0.2429370289568592,-0.7672322511640289,-0.25310110469227887,0.00011980224712355983
31.400000000000002,-0.24103772201783963,-0.7620058911275994,-0.24368665233079495,0.00011930483652580564
31.41,-0.2392228840418689,-0.756813057588037,-0.23426324709435437,0.00011881351885596506
31.42,-0.2374915218526988,-0.7516542524791376,-0.2248313581908382,0.00011832827605879005
31.43,-0.23584264592215357,-0.7465299628759209,-0.21539144120220843,0.00011784908370905469
31.44,-0.23427527079942262,-0.7414406611809287,-0.20594393865317587,0.00011737591135784422
31.45,-0.2327884155242701,-0.7363868053128619,-0.19648928056489023,0.00011690872286921178
31.46,-0.23138110402455203,-0.7313688388973729,-0.18702788499379563,0.00011644747674704084
31.470000000000002,-0.23005236549842897,-0.726387191459838,-0.17756015855580937,0.00011599212645200392
31.48,-0.22880123478165687,-0.7214422786199406,-0.16808649693599792,0.00011554262070854148
31.490000000000002,-0.22762675270033447,-0.7165345022879003,-0.1586072853839373,0.00011509890380182948
31.5,-0.22652796640948047,-0.7116642508621875,-0.14912289919495755,0.00011466091586472994
31.51,-0.22550392971780833,-0.7068318994285718,-0.13963370417748264,0.0001142285931547516
31.52,-0.22455370339906103,-0.7020378099603528,-0.13014005710668797,0.00011380186832108264
31.53,-0.22367635549026257,-0.6972823315196318,-0.12064230616470632,0.0001133806706617706
31.54,-0.22287096157723724,-0.6925658004594849,-0.11114079136762227,0.00011296492637116092
31.55,-0.22213660506774094,-0.6878885406269022,-0.10163584497950254,0.0001125545587777109
31.560000000000002,-0.22147237745254386,-0.6832508635663666,-0.09212779191371648,0.00011214948857232543
31.57,-0.22087737855479653,-0.6786530687239449,-0.08261695012180677,0.00011174963402737615
31.580000000000002,-0.22035071676800552,-0.6740954436517733,-0.07310363097017589,0.0001113549112065682
31.59,-0.2198915092829386,-0.6695782642128196,-0.06358813960485803,0.00011096523416584366
31.6,-0.21949888230377265,-0.6651017947858133,-0.05407077530465012,0.00011058051514551944
31.61,-0.21917197125379123,-0.6606662884702336,-0.04455183182287872,0.00011020066475385782
31.62,-0.21890992097093223,-0.6562719872912545,-0.03503159771808188,0.00010982559214228365
31.63,-0.21871188589347978,-0.6519191224045467,-0.025510356673887274,0.00010945520517246677
31.64,-0.2185770302361877,-0.6476079143008417,-0.01598838780836894,0.0001090894105754872
31.650000000000002,-0.21850452815711588,-0.6433385730101661,-0.006465965973166182,0.00010872811410331713
31.66,-0.21849356391545424,-0.6391112983056584,0.0030566379573517734,0.00010837122067284334
31.67,-0.2185433320206029,-0.6349262799068853,0.012579156806591562,0.00010801863450265983
31.68,-0.21865303737277034,-0.6307836976825751,0.022101326825628792,0.00010767025924286772
31.69,-0.21882189539534613,-0.6266837218526917,0.03162288743220614,0.00010732599809811225
31.7,-0.21904913215929742,-0.6226265131897752,0.04114358095855539,0.00010698575394408738
31.71,-0.2193339844998332,-0.6186122232194785,0.05066315240776392,0.0001066494294377419
31.720000000000002,-0.21967570012557444,-0.614640994420231,0.06018134921840822,0.00010631692712141312
31.73,-0.2200735377204611,-0.6107129604219667,0.0696979210371788,0.00010598814952111858
31.740000000000002,-0.22052676703862298,-0.6068282462038523,0.07921261949922395,0.00010566299923923165
31.75,-0.22103466899243412,-0.6029869682909589,0.08872519801594189,0.0001053413790417561
31.76,-0.22159653573396562,-0.5991892349498189,0.09823541156995426,0.00010502319194042662
31.77,-0.22221167073004594,-0.5954351463828162,0.10774301651699669,0.00010470834126984687
31.78,-0.2228793888311326,-0.5917247949213579,0.11724777039446589,0.00010439673075987432
31.79,-0.22359901633419335,-0.5880582652177787,0.12674943173636577,0.00010408826460346633
31.8,-0.22436989103979021,-0.5844356344359333,0.13624775989439922,0.00010378284752018472
31.810000000000002,-0.22519136230355422,-0.5808569724404313,0.1457425148649556,0.00010348038481555866
31.82,-0.22606279108223398,-0.5773223419844752,0.15523345712174796,0.00010318078243650512
31.830000000000002,-0.22698354997449602,-0.5738317988962601,0.1647203474538584,0.00010288394702299316
31.84,-0.22795302325665015,-0.5703853922639005,0.1742029468089534,0.00010258978595613889
31.85,-0.22897060691346838,-0.5669831646188469,0.1836810161414358,0.00010229820740291457
31.86,-0.23003570866426132,-0.5636251521177608,0.1931543162653041,0.00010200912035764597
31.87,-0.23114774798437132,-0.5603113847228162,0.2026226077114938,0.00010172243468047075
31.88,-0.2323061561222373,-0.5570418863803991,0.21208565058948034,0.0001014380611329267
31.89,-0.23351037611218192,-0.553816675198177,0.22154320445292736,0.00010115591141083278
31.900000000000002,-0.2347598627830675,-0.5506357636205131,0.23099502816916814,0.00010087589817462017
31.91,-0.2360540827629628,-0.5474991586022014,0.24044087979231307,0.00010059793507726929
31.92,-0.23739251447995874,-0.5444068617804998,0.24988051643977982,0.0001003219367900015
31.93,-0.23877464815926758,-0.5413588696454414,0.2593136941720479,0.00010004781902587127
31.94,-0.24019998581673555,-0.5383551737084044,0.2687401678754432,9.97754985614022e-05
31.95,-0.24166804124889568,-0.5353957606689218,0.27815969114776273,9.950489325639987e-05
31.96,-0.24317834001968358,-0.5324806125797173,0.28757201618655437,9.923592207207712e-05
31.970000000000002,-0.24473041944393517,-0.5296097070099494,0.29697689367987007,9.89685050876263e-05
31.98,-0.24632382856778234,-0.5267830172066514,0.30637407269931655,9.870256351535351e-05
31.990000000000002,-0.24795812814605844,-0.5240005122543565,0.31576330059522995,9.843801971450434e-05
32.0,-0.2496328906168223,-0.5212621572328933,0.3251443228938072,9.817479720389926e-05
32.01,-0.2513477000731064,-0.5185679133733452,0.3345168831960292,9.79128206734891e-05
32.02,-0.25310215223199106,-0.5159177382121631,0.34388072307821643,9.765201599494779e-05
32.03,-0.2548958544011036,-0.513311585743424,0.35323558199406085,9.739231023140515e-05
32.04,-0.2567284254426386,-0.5107494065692282,0.3625811971779819,9.713363164642883e-05
32.05,-0.258599495734991,-0.5082311480482314,0.3719173035496591,9.687590971235712e-05
32.06,-0.2605087071320934,-0.5057567544423048,0.3812436336195971,9.661907511808194e-05
32.07,-0.2624557129205417,-0.5033261670613197,0.39055991739558277,9.636305977637753e-05
32.08,-0.26444017777459533,-0.500939324406055,0.3998658822898972,9.610779683087034e-05
32.09,-0.2664617777091314,-0.498596162309225,0.4091612530271514,9.585322066274142e-05
32.1,-0.26852020003063115,-0.4962966140746246,0.418445751552614,9.559926689725148e-05
32.11,-0.2706151432862742,-0.49404061061439447,0.4277190969409076,9.534587241017629e-05
32.12,-0.2727463172112126,-0.49182808058440347,0.4369810053049496,9.509297533423477e-05
32.13,-0.2749134426740951,-0.48965895051775116,0.4462311897050194,9.484051506559608e-05
32.14,-0.277116251620908,-0.48753314495639144,0.455469360057836,9.458843227054547e-05
32.15,-0.2793544870171977,-0.4854505865808795,0.4646952230455335,9.433666889238973e-05
32.160000000000004,-0.28162790278873634,-0.4834111963382449,0.4739084820244252,9.408516815868022e-05
32.17,-0.28393626376069037,-0.481414893567995,0.48310883693344986,9.383387458882799e-05
32.18,-0.2862793455953481,-0.47946159612625117,0.49229598420219667,9.358273400218946e-05
32.19,-0.2886569347284611,-0.47755122050802423,0.5014696166584087,9.333169352669697e-05
32.2,-0.29106882830425085,-0.47568368196763244,0.5106294234348671,9.308070160810325e-05
32.21,-0.29351483410912993,-0.4738588946372685,0.5197750898755604,9.282970801991365e-05
32.22,-0.29599477050418477,-0.47207677164372086,0.5289062974410483,9.257866387408213e-05
32.230000000000004,-0.298508466356464,-0.4703372252232562,0.5380227236129282,9.232752163253586e-05
32.24,-0.3010557609691149,-0.468640166834669,0.547124041797319,9.207623511959708e-05
32.25,-0.30363650401040665,-0.4669855072705056,0.5562099212272762,9.182475953537916e-05
32.26,-0.30625055544167856,-0.46537315676647,0.5652800268640573,9.15730514702173e-05
32.27,-0.3088977854442473,-0.463803025109019,0.5743340192971558,9.132106892020964e-05
32.28,-0.3115780743453057,-0.46227502174115415,0.5833715546430274,9.106877130393107e-05
32.29,-0.31429131254284365,-0.46078905586641916,0.5923922844424319,9.081611948039213e-05
32.3,-0.3170374004296178,-0.4593450365511104,0.6013958555563178,9.056307576831515e-05
32.31,-0.31981624831619654,-0.45794287282470947,0.6103819100601781,9.030960396678185e-05
32.32,-0.3226277763531023,-0.456582473778546,0.6193500851368064,9.005566937734083e-05
32.33,-0.3254719144520722,-0.45526374866270003,0.6283000129673892,8.980123882762937e-05
32.34,-0.3283486022064552,-0.45398660698115184,0.6372313206208639,8.954628069658217e-05
32.35,-0.33125778881076173,-0.45275095858518927,0.6461436299414826,8.929076494130859e-05
32.36,-0.3341994329793792,-0.4515567137650806,0.6550365574345187,8.90346631256905e-05
32.37,-0.3371735028644645,-0.4504037833400225,0.6639097141500543,8.877794845078829e-05
32.38,-0.3401799759730225,-0.44929207874637195,0.6727627055647916,8.852059578711981e-05
32.39,-0.3432188390831769,-0.448221512124171,0.6815951314618304,8.826258170888511e-05
32.4,-0.3462900881596368,-0.44719199640197377,0.6904065858083569,8.80038845302228e-05
32.410000000000004,-0.3493937282683617,-0.4462034453799839,0.6991966566311896,8.77444843435564e-05
32.42,-0.352529773490423,-0.44525577381151193,0.7079649258901295,8.74843630601206e-05
32.43,-0.35569824683505974,-0.4443488974827609,0.7167109693490654,8.722350445274287e-05
32.44,-0.35889918015192135,-0.44348273329094917,0.7254343564447834,8.696189420095991e-05
32.45,-0.36213261404249114,-0.44265719932077835,0.7341346501534338,8.669951993855149e-05
32.46,-0.36539859777067835,-0.44187221491925494,0.7428114068546093,8.643637130356949e-05
32.47,-0.36869718917256605,-0.44112770076887375,0.7514641761929884,8.61724399909538e-05
32.480000000000004,-0.3720284545652993,-0.44042357895917095,0.7600925009375019,8.590771980782413e-05
32.49,-0.3753924686550952,-0.43975977305665376,0.7686959168379802,8.564220673152269e-05
32.5,-0.3787893144443536,-0.43913620817311516,0.77727395247924,8.537589897051327e-05
32.51,-0.38221908313784597,-0.43855281103233956,0.7858261291325729,8.510879702822234e-05
32.52,-0.385681874047955,-0.4380095100352067,0.794351960604596,8.484090376991728e-05
32.53,-0.3891777944989375,-0.4375062353232003,0.8028509530834314,8.45722244927199e-05
32.54,-0.3927069597301784,-0.43704291884032676,0.8113226049821758,8.430276699884972e-05
32.55,-0.39626949279840173,-0.4366194943934501,0.8197664067796312,8.403254167221213e-05
32.56,-0.39986552447880247,-0.4362358977110486,0.8281818408582617,8.376156155841796e-05
32.57,-0.40349519316505844,-0.4358920665003968,0.8365683813393482,8.348984244835047e-05
32.58,-0.40715864476818087,-0.43558794050317845,0.8449254939153108,8.321740296539086e-05
32.59,-0.4108560326141578,-0.43532346154953333,0.8532526356791741,8.294426465640542e-05
32.6,-0.4145875173403423,-0.43509857361054183,0.8615492549511474,8.26704520866186e-05
32.61,-0.4183532667905344,-0.4349132228491497,0.8698147911022992,8.2395992938479e-05
32.62,-0.42215345590870273,-0.4347673576695356,0.878048674375301,8.212091811464222e-05
32.63,-0.42598826663128886,-0.4346609287649228,0.8862503257022236,8.184526184519829e-05
32.64,-0.4298578877780346,-0.4345938891638362,0.8944191565193659,8.156906179925554e-05
32.65,-0.4337625149412684,-0.4345661942748053,0.9025545685791003,8.129235920102131e-05
32.660000000000004,-0.4377023503735859,-0.43457780192951284,0.9106559537587223,8.101519895049877e-05
32.67,-0.4416776028738539,-0.43462867242438796,0.9187226938662899,8.073762974894304e-05
32.68,-0.4456884876714663,-0.4347187685606429,0.926754160443446,8.045970422921078e-05
32.69,-0.4497352263087759,-0.43484805568275026,0.9347497145652155,8.018147909112769e-05
32.7,-0.45381804652162283,-0.4350165017153586,0.9427087066367709,7.990301524203322e-05
32.71,-0.4579371821178778,-0.43522407719864176,0.9506304761871673,7.9624377942642e-05
32.72,-0.46209287285391387,-0.4354707553220778,0.9585143516600457,7.934563695835395e-05
32.730000000000004,-0.4662853643089179,-0.43575651195665216,0.9663596502013068,7.906686671618021e-05
32.74,-0.47051490775694976,-0.43608132568547847,0.9741656774437646,7.878814646742783e-05
32.75,-0.4747817600366519,-0.43644517783283004,0.9819317272887875,7.850956045629082e-05
32.76,-0.4790861834185112,-0.436848052491574,0.9896570816849398,7.82311980945145e-05
32.77,-0.483428445469569,-0.437289936548999,0.9973410104036405,7.795315414227795e-05
32.78,-0.4878088189154723,-0.43777081971102666,1.004982770811859,7.767552889545887e-05
32.79,-0.4922275814997572,-0.43829069452479585,1.012581607641871,7.739842837945187e-05
32.8,-0.49668501584024843,-0.43884955639960765,1.0201367527581038,7.712196454967935e-05
32.81,-0.5011814092824585,-0.4394474036262185,1.0276474249211005,7.684625549897058e-05
32.82,-0.5057170537498635,-0.4400842373944667,1.0351128295486418,7.657142567198142e-05
32.83,-0.5102922455909321,-0.4407600618092185,1.0425321584740643,7.629760608680667e-05
32.84,-0.5149072854227749,-0.4414748839046156,1.0499045897018235,7.602493456394114e-05
32.85,-0.5195624779712839,-0.4422287136566089,1.0572292871603486,7.575355596277944e-05
32.86,-0.524258131907623,-0.44302156399375797,1.06450540045225,7.548362242580044e-05
32.87,-0.5289945596809292,-0.443853450806278,1.0717320646019375,7.521529363059201e-05
32.88,-0.5337720773470768,-0.44472439295331206,1.078908399800718,7.49487370499076e-05
32.89,-0.5385910043933582,-0.4456344122684072,1.0860335111494492,7.468412821987302e-05
32.9,-0.5434516635589256,-0.4465835335631708,1.0931064883988235,7.442165101653443e-05
32.910000000000004,-0.5483543806508362,-0.44757178462908165,1.1001264056873767,7.416149794089189e-05
32.92,-0.5532994843555389,-0.44859919623743044,1.10709232127731,7.390387041255029e-05
32.93,-0.5582873060456368,-0.44966580213736157,1.1140032772882291,7.364897907216387e-05
32.94,-0.5633181795817548,-0.45077163905198747,1.1208582994289102,7.33970440927913e-05
32.95,-0.5683924411093373,-0.45191674667254494,1.1276563967272095,7.314829550030032e-05
32.96,-0.5735104288501978,-0.45310116765056185,1.1343965612582423,7.290297350295632e-05
32.97,-0.5786724828886366,-0.4543249475880007,1.141077767870967,7.26613288303133e-05
32.980000000000004,-0.58387894495194,-0.4555881350253441,1.1476989739133185,7.242362308151301e-05
32.99,-0.5891301581850688,-0.45689078142758643,1.1542591189560447,7.219012908308214e-05
33.0,-0.5944264669193391,-0.4582329411680924,1.1607571245154078,7.196113125634883e-05
33.01,-0.5997682164348985,-0.4596146715102845,1.1671918937749304,7.173692599452445e-05
33.02,-0.605155752716789,-0.4610360325871175,1.1735623113063658,7.151782204952567e-05
33.03,-0.6105894222043913,-0.4624970873782964,1.179867242790095,7.13041409285912e-05
33.04,-0.6160695715340359,-0.46399790168519506,1.186105534735155,7.109621730070855e-05
33.05,-0.6215965472745649,-0.46553854410342765,1.1922760141991242,7.08943994128859e-05
33.06,-0.6271706956556236,-0.4671190859930263,1.1983774885080958,7.069904951623784e-05
33.07,-0.6327923622884548,-0.46873960144617444,1.2044087449769894,7.0510544301882e-05
33.08,-0.6384618918789706,-0.47040016725244477,1.210368550630464,7.032927534657499e-05
33.09,-0.644179627932865,-0.47210086286148895,1.2162556519247059,7.015564956801143e-05
33.1,-0.6499459124525323,-0.4738417703431234,1.2220687744703864,6.999008968970015e-05
33.11,-0.6557610856255517,-0.47562297434475487,1.2278066227570972,6.98330347152541e-05
33.12,-0.6616254855044917,-0.47744456204608693,1.2334678798795848,6.968494041194473e-05
33.13,-0.6675394476777893,-0.47930662311104677,1.2390512072661302,6.954627980331012e-05
33.14,-0.6735033049314514,-0.4812092496368703,1.244555244409426,6.94175436705764e-05
33.15,-0.6795173869013259,-0.48315253610028047,1.2499786086003364,6.929924106261636e-05
33.160000000000004,-0.6855820197156841,-0.4851365793006936,1.255319894664928,6.919189981410785e-05
33.17,-0.6916975256278558,-0.4871614783003847,1.260577674705194,6.909606707152942e-05
33.18,-0.6978642226386542,-0.4892273343615424,1.265750497843903,6.901230982657304e-05
33.19,-0.7040824241083257,-0.49133425088014127,1.270836889974033,6.894121545649243e-05
33.2,-0.7103524383577585,-0.49348233331655733,1.2758353535132672,6.888339227085677e-05
33.21,-0.7166745682586805,-0.4956716891228517,1.280744367164054,6.883947006412022e-05
33.22,-0.7230491108125762,-0.49790242766664405,1.285562385679755,6.881010067334511e-05
33.230000000000004,-0.7294763567180518,-0.500174660151496,1.2902878396374295,6.87959585403579e-05
33.24,-0.735956589926375,-0.502488499533724,1.2949191352178293,6.879774127754134e-05
33.25,-0.7424900871849172,-0.5048440604355564,1.2994546539932001,6.881617023637624e-05
33.26,-0.749077117568224,-0.5072414590545512,1.3038927527235156,6.885199107778911e-05
33.27,-0.7557179419964425,-0.509680813069186,1.3082317631617955,6.890597434325688e-05
33.28,-0.7624128127408307,-0.5121622415405317,1.3124699918691853,6.897891602552253e-05
33.29,-0.76916197291608,-0.5146858648099186,1.3166057200405064,6.907163813770962e-05
33.3,-0.77596565595918,-0.5172518043925026,1.320637203341011,6.91849892794929e-05
33.31,-0.7828240850945585,-0.5198601828666365,1.324562671755112,6.931984519887757e-05
33.32,-0.7897374727852323,-0.522511123758951,1.3283803294478798,6.947710934804674e-05
33.33,-0.7967060201697076,-0.5252047514250476,1.332088354640138,6.965771343160306e-05
33.34,-0.8037299164843724,-0.5279411909257027,1.3356848994980177,6.9862617945405e-05
33.35,-0.8108093384711292,-0.530720567898483,1.339168090037862,7.009281270407777e-05
33.36,-0.8179444497700203,-0.5335430084246706,1.342536026047409,7.03493173551439e-05
33.37,-0.8251354002966059,-0.536408638891392,1.3457867810242143,7.06331818775583e-05
33.38,-0.8323823256038599,-0.5393175858488466,1.3489184021323057,7.094548706231487e-05
33.39,-0.8396853462283598,-0.5422699758625296,1.3519289101781051,7.128734497261315e-05
33.4,-0.8470445670205511,-0.5452659353603394,1.354816299606681,7.165989938091985e-05
33.410000000000004,-0.8544600764588821,-0.5483055904744629,1.3575785385194374,7.206432618010226e-05
33.42,-0.8619319459476099,-0.551389066877928,1.3602135687143768,7.250183376563228e-05
33.43,-0.8694602290980956,-0.5545164896157133,1.3627193057501181,7.297366338567898e-05
33.44,-0.8770449609934156,-0.5576879829303046,1.3650936390348825,7.348108945572517e-05
33.45,-0.8846861574361323,-0.5609036700815854,1.3673344319417031,7.402541983416182e-05
33.46,-0.8923838141790834,-0.5641636731609505,1.3694395219511484,7.46079960551046e-05
33.47,-0.9001379061390621,-0.5674681128995305,1.3714067208228922,7.52301935144925e-05
33.480000000000004,-0.9079483865932835,-0.5708171084704142,1.3732338147974998,7.589342160530934e-05
33.49,-0.9158151863585486,-0.5742107772847582,1.374918564829837,7.659912379756609e-05
33.5,-0.9237382129530387,-0.5776492347816707,1.3764587068555507,7.734877765846759e-05
33.51,-0.9317173497406958,-0.5811325942117591,1.377851952092108,7.814389480797246e-05
33.52,-0.9397524550581696,-0.584660966414231,1.3790959873759154,7.898602080472313e-05
33.53,-0.9478433613243357,-0.5882344595874394,1.380188475537083,7.987673495711648e-05
33.54,-0.955989874132417,-0.5918531790527629,1.381127055813432,8.08176500540548e-05
33.55,-0.9641917713247726,-0.5955172270117169,1.3819093443053838,8.181041200967802e-05
33.56,-0.9724488020504444,-0.5992267022961882,1.3825329344734014,8.285669941617842e-05
33.57,-0.980760685805589,-0.6029817001116923,1.3829953976796954,8.395822299856299e-05
33.58,-0.9891271114569563,-0.606782311773553,1.3832942837759314,8.511672496499563e-05
33.59,-0.9975477362486114,-0.6106286244359067,1.3834271217387202,8.633397824616237e-05
33.6,-1.0060221847921376,-0.6145207208134373,1.383391420354693,8.76117856168701e-05
33.61,-1.0145500480405998,-0.6184586788957511,1.3831846689570022,8.895197869287751e-05
33.62,-1.0231308822465885,-0.6224425716543048,1.3828043382151083,9.035641679579074e-05
33.63,-1.0317642079047142,-0.6264724667418042,1.3822478809797494,9.182698567864909e-05
33.64,-1.0404495086789673,-0.630548426183996,1.3815127331850034,9.33655961046428e-05
33.65,-1.049186230315411,-0.6346705060637793,1.3805963148093812,9.497418227126285e-05
33.660000000000004,-1.0579737795407258,-0.6388387561975711,1.3794960308979045,9.665470007204072e-05
33.67,-1.0668115229471842,-0.6430532198038639,1.3782092726471395,9.840912518790674e-05
33.68,-1.075698785864686,-0.6473139331639213,1.3767334185551672,0.00010023945100007604
33.69,-1.0846348512205517,-0.6516209252745649,1.3750658356384815,0.0001021476863163327
33.7,-1.0936189583878315,-0.6559742174930131,1.3732038807178124,0.00010413585290249774
33.71,-1.1026503020229537,-0.66037382317374,1.3711449017748667,0.0001062059828108653
33.72,-1.1117280308936082,-0.664819747297333,1.3688862393819816,0.00010836011549740473
33.730000000000004,-1.120851246697828,-0.6693119860913354,1.366425228206673,0.00011060029471956046
33.74,-1.1300190028753099,-0.6738505266430724,1.363759198593046,0.00011292856520661763
33.75,-1.139230303412091,-0.6784353465044678,1.3608854782220199,0.00011534696909468674
33.76,-1.1484841016397778,-0.68306641328887,1.3578013938522875,0.00011785754211859343
33.77,-1.1577792990306084,-0.6877436842599215,1.3545042731439025,0.00012046230955315653
33.78,-1.167114743989711,-0.6924671059125136,1.350991446566348,0.00012316328189667606
33.79,-1.1764892306460137,-0.6972366135458858,1.3472602493928896,0.00012596245028980018
33.8,-1.18590149764335,-0.7020521308289424,1.3433080237829707,0.000128861781663337
33.81,-1.195350226933395,-0.7069135693578721,1.3391321209543374,0.00013186321360909918
33.82,-1.2048340425721686,-0.7118208282061768,1.3347299034465174,0.00013496864896843713
33.83,-1.214351509521934,-0.7167737934672266,1.3300987474771948,0.0001381799501337664
33.84,-1.2239011324604272,-0.7217723377894808,1.3252360453929366,0.00014149893305911494
33.85,-1.2334813545994507,-0.7268163199045299,1.320139208215626,0.00014492736097654525
33.86,-1.2430905565149706,-0.731905584148134,1.3148056682858549,0.00014846693781621394
33.87,-1.252727054990965,-0.7370399599744527,1.309232882004404,0.00015211930132887907
33.88,-1.2623891018793802,-0.7422192614636831,1.3034183326728124,0.00015588601591073355
33.89,-1.2720748829786577,-0.7474432868233436,1.2973595334338979,0.00015976856513164923
33.9,-1.281782516933409,-0.7527118178834642,1.2910540303129345,0.00016376834396932368
33.910000000000004,-1.2915100541579307,-0.7580246195859682,1.2844994053600312,0.00016788665075318516
33.92,-1.3012554757863584,-0.7633814394685536,1.2776932798940743,0.00017212467882346948
33.93,-1.3110166926523772,-0.7687820071434087,1.270633317848412,0.00017648350791261725
33.94,-1.3207915443015215,-0.7742260337711223,1.2633172292182449,0.00018096409525783708
33.95,-1.330577798039204,-0.779713211530176,1.2557427736094822,0.0001855672664556694
33.96,-1.3403731480177354,-0.7852432130824353,1.2479077638885778,0.00019029370607138372
33.97,-1.350175214365704,-0.7908156910350818,1.2398100699326258,0.00019514394801816305
33.980000000000004,-1.3599815423631938,-0.7964302773994628,1.2314476224787254,0.00020011836572336609
33.99,-1.3697896016664368,-0.8020865830473622,1.222818417071358,0.00020521716210146392
34.0,-1.3795967855855926,-0.8077841971652278,1.2139205181062238,0.00021044035935579187
34.01,-1.38940041041946,-0.8135226867069233,1.2047520629686816,0.00021578778863387516
34.02,-1.3991977148510233,-0.8193015958456068,1.1953112662646186,0.00022125907956373702
34.03,-1.4089858594078342,-0.8251204454253674,1.1855964241412373,0.00022685364970141298
34.04,-1.4187619259913196,-0.8309787324132893,1.1756059186949042,0.00023257069392285882
34.05,-1.428522917479201,-0.8368759293526452,1.1653382224628308,0.00023840917379627804
34.06,-1.438265757405282,-0.8428114838179567,1.154791902994992,0.0002443678069739567
34.07,-1.4479872897209454,-0.848784817872694,1.1439656275022818,0.00025044505664586234
34.08,-1.4576842786427648,-0.8547953275304248,1.132858167576509,0.0002566391211002093
34.09,-1.4673534085906952,-0.8608423822202547,1.1214684039774112,0.00026294792343939144
34.1,-1.4769912842213606,-0.866925324257443,1.1097953314814368,0.0002693691015028331
34.11,-1.4865944305609995,-0.8730434683201096,1.0978380637865988,0.0002758999980513241
34.12,-1.4961592932426568,-0.8791961009329872,1.085595838467249,0.00028253765127044103
34.13,-1.5056822388522357,-0.8853824799592086,1.0730680219721618,0.0002892787856536975
34.14,-1.5151595553880286,-0.891601834101157,1.0602541146588316,0.0002961198033288205
34.15,-1.5245874528383436,-0.8978533624114384,1.0471537558564212,0.000303056775893338
34.160000000000004,-1.533962063881826,-0.9041362338150765,1.0337667289492958,0.0003100854368282168
34.17,-1.5432794447150397,-0.9104495866440592,1.0200929664725926,0.00031720117456056904
34.18,-1.5525355760118256,-0.9167925281854054,1.0061325552107774,0.00032439902624870623
34.19,-1.561726364018895,-0.9231641342439485,0.9918857412896359,0.0003316736723645403
34.2,-1.5708476417920276,-0.9295634487210693,0.9773529352516558,0.0003390194321499459
34.21,-1.5798951705771505,-0.9359894832106391,0.9625347171042504,0.00034643026002488634
34.22,-1.5888646413404521,-0.9424412166134649,0.9474318413297885,0.00035389974302588937
34.230000000000004,-1.5977516764515551,-0.948917594771555,0.9320452418459023,0.0003614210993538639
34.24,-1.6065518315236025,-0.9554175301235504,0.9163760369040697,0.00036898717811014
34.25,-1.6152605974139465,-0.9619399013826915,0.9004255339139994,0.00037659046029901917
34.26,-1.6238734023889176,-0.9684835532387109,0.8841952341808927,0.0003842230611739621
34.27,-1.6323856144559363,-0.9750472960850638,0.867686837542219,0.00039187673400283213
34.28,-1.6407925438659787,-0.9816299057729233,0.8509022468902225,0.00039954287532518887
34.29,-1.6490894457891438,-0.988230123393385,0.8338435725659864,0.000407212531771648
34.300000000000004,-1.6572715231657718,-0.994846655089333,0.8165131366105022,0.00041487640851156366
34.31,-1.6653339297352492,-1.0014781718984314,0.7989134768578593,0.000422524879390855
34.32,-1.6732717732442957,-1.0081233096287077,0.7810473508553519,0.00043014799881661847
34.33,-1.6810801188361584,-1.0147806687681984,0.7629177395950288,0.00043773551543912657
34.34,-1.6887539926217525,-1.0214488144301224,0.744527851040975,0.00044527688767514003
34.35,-1.6962883854333703,-1.0281262763350418,0.725881123436415,0.0004527613011088749
34.36,-1.7036782567611428,-1.0348115488314633,0.7069812283745829,0.0004601776877985553
34.37,-1.710918538871973,-1.0415030909563103,0.6878320736171963,0.0004675147475074324
34.38,-1.7180041411101779,-1.048199326536686,0.6684378056443252,0.0004747609708681231
34.39,-1.7249299543785626,-1.054898644334314,0.648802811919449,0.0004819046644784693
34.4,-1.731690855798122,-1.0615993982340237,0.6289317228535587,0.0004889339779156598
34.410000000000004,-1.7382817135440134,-1.0682999074776036,0.608829413452284,0.0004958369326432161
34.42,-1.7446973918548692,-1.0749984569443138,0.5885010046302127,0.0005026014527726623
34.43,-1.7509327562119328,-1.0816932974793003,0.567951864176825,0.0005092153976283046
34.44,-1.7569826786838898,-1.0883826462711041,0.5471876073587882,0.0005156665960496418
34.45,-1.7628420434326444,-1.095064687279402,0.5262140971437541,0.0005219428823516033
34.46,-1.7685057523746577,-1.1017375717140554,0.5050374440312665,0.0005280321338480407
34.47,-1.7739687309918104,-1.1083994185664727,0.48366400547693766,0.0005339223098289721
34.480000000000004,-1.7792259342851025,-1.115048315194223,0.46210038489666766,0.0005396014918669983
34.49,-1.7842723528638302,-1.1216823179597533,0.440353430238384,0.0005450579253130907
34.5,-1.789103019162219,-1.1282994529239816,0.41843023210955727,0.0005502800618269687
34.51,-1.7937130137748114,-1.1348977165954437,0.39633812144960534,0.0005552566027724892
34.52,-1.7980974719012484,-1.1414750767355777,0.37408466673723817,0.0005599765432940391
34.53,-1.8022515898904081,-1.1480294732206264,0.35167767072380895,0.0005644292168760274
34.54,-1.8061706318732123,-1.1545588189605294,0.32912516668483316,0.0005686043401744183
34.550000000000004,-1.8098499364727578,-1.1610610008750646,0.3064354141830065,0.0005724920578968908
34.56,-1.8132849235797999,-1.1675338809273799,0.2836168943372969,0.0005760829874968975
34.57,-1.816471101180991,-1.1739752972149318,0.26067830459400243,0.0005793682634367147
34.58,-1.8194040722266875,-1.18038306511772,0.23762855299705218,0.0005823395807657802
34.59,-1.8220795415245556,-1.1867549785035723,0.21447675195627638,0.0005849892377532925
34.6,-1.824493322644673,-1.1930888109900977,0.19123221151388387,0.0005873101773083523
34.61,-1.8266413448212988,-1.199382317262788,0.16790443211095152,0.0005892960269170208
34.62,-1.828519659836017,-1.205633234448596,0.14450309685734924,0.0005909411368236906
34.63,-1.8301244488665076,-1.2118392835441771,0.12103806331018623,0.0005922406161842443
34.64,-1.831452029284815,-1.2179981708978285,0.097519354767567,0.0005931903669206348
34.65,-1.8324988613886246,-1.2241075897440057,0.07395715108617976,0.00059378711501099
34.660000000000004,-1.8332615550487588,-1.2301652217891457,0.05036177903299725,0.0005940284389560688
34.67,-1.8337368762558601,-1.2361687388473646,0.026743702183146582,0.0005939127951719797
34.68,-1.833921753549028,-1.2421158045244478,0.003113510377787676,0.0005934395400705545
34.69,-1.8338132843090496,-1.2480040759483897,-0.02051809124237552,0.000592608948602602
34.7,-1.833408740898789,-1.253831205544585,-0.04414029361055245,0.0005914222290554859
34.71,-1.8327055766332903,-1.2595948428536212,-0.06774219549513608,0.0005898815339149888
34.72,-1.8317014315622082,-1.2652926363894657,-0.09131281562790064,0.0005879899666221515
34.730000000000004,-1.8303941380473037,-1.270922235535693,-0.11484110517654976,0.000585751584078659
34.74,-1.82878172611794,-1.2764812924772495,-0.138315960537392,0.0005831713947792104
34.75,-1.8268624285877748,-1.2819674641651073,-0.1617262364223326,0.0005802553524759787
34.76,-1.824634685916185,-1.287378414311024,-0.18506075921284698,0.0005770103453086304
34.77,-1.8220971507983665,-1.292711815409487,-0.2083083405521558,0.0005734441803631174
34.78,-1.8192486924685338,-1.297965350783794,-0.23145779114545945,0.0005695655636534035
34.79,-1.8160884007011946,-1.3031367166531,-0.25449793473682325,0.0005653840755522229
34.800000000000004,-1.8126155894960976,-1.3082236242171457,-0.2774176222301419,0.0005609101417294653
34.81,-1.8088298004331453,-1.3132238017552742,-0.30020574592055893,0.000556154999689701
34.82,-1.8047308056843223,-1.3181349967362461,-0.32285125380178703,0.0005511306610333533
34.83,-1.8003186106705154,-1.3229549779352696,-0.34534316391396885,0.0005458498695986731
34.84,-1.795593456351991,-1.327681537554586,-0.36767057869604897,0.0005403260556737791
34.85,-1.790555821142247,-1.3323124933438768,-0.3898226993060964,0.0005345732864992192
34.86,-1.7852064224359558,-1.3368456907166986,-0.4117888398726338,0.0005286062133114457
34.87,-1.7795462177427823,-1.3412790048591061,-0.43355844163979346,0.0005224400152059217
34.88,-1.77357640541996,-1.3456103428265809,-0.4551210869690408,0.0005160903401251059
34.89,-1.7672984249976682,-1.3498376456253596,-0.4764665131602822,0.000509573243300874
34.9,-1.7607139570924355,-1.3539588902742412,-0.4975846260554078,0.0005029051235027724
34.910000000000004,-1.7538249229050291,-1.3579720918429483,-0.518465513387715,0.0004961026574627052
34.92,-1.746633483300535,-1.3618753054631305,-0.5390994578412112,0.0004891827328628862
34.93,-1.739142037469614,-1.365666628308117,-0.5594769497845081,0.00048216238028695715
34.94,-1.7313532211712122,-1.3693442015375625,-0.5795886996448847,0.0004750587045440409
34.95,-1.7232699045583053,-1.3729062122031812,-0.5994256498891203,0.00046788881578186216
34.96,-1.714895189589566,-1.376350895111814,-0.618978986578868,0.0004606697608079309
34.97,-1.7062324070311492,-1.3796765346421596,-0.6382401504696525,0.0004534184550371388
34.980000000000004,-1.6972851130540834,-1.3828814665115747,-0.6572008476240293,0.00044615161547980194
34.99,-1.6880570854340464,-1.3859640794894512,-0.6758530595110228,0.0004388856951763424
35.0,-1.678552319361557,-1.3889228170537813,-0.6941890525656698,0.00043163681947357255
35.01,-1.6687750228718483,-1.391756178987649,-0.7122013871843113,0.0004244207245227786
35.02,-1.658729611904894,-1.3944627229125095,-0.7298829261332037,0.0004172526983618933
35.03,-1.6484207050072113,-1.3970410657552637,-0.7472268423500387,0.00041014752492314594
35.04,-1.6378531176881834,-1.3994898851462836,-0.7642266261200652,0.0004031194312837549
35.050000000000004,-1.6270318564447033,-1.4018079207457081,-0.7808760916106863,0.00039618203845084355
35.06,-1.615962112468954,-1.4039939754954938,-0.7971693827506388,0.00038934831594317166
35.07,-1.6046492550550808,-1.4060469167948846,-0.8131009784421559,0.0003826305404016056
35.08,-1.5930988247213935,-1.4079656775971496,-0.8286656970968345,0.00037604025842788327
35.09,-1.5813165260655513,-1.4097492574256274,-0.8438587004882804,0.0003695882538176704
35.1,-1.5693082203709163,-1.4113967233073121,-0.8586754969169684,0.0003632845193192253
35.11,-1.5570799179829262,-1.4129072106224219,-0.8731119436851122,0.0003571382330137451
35.12,-1.5446377704749203,-1.4142799238685901,-0.8871642488816927,0.00035115773937798245
35.13,-1.5319880626233526,-1.4155141373385371,-0.9008289724801143,0.0003453505350542762
35.14,-1.5191372042127476,-1.4166091957102833,-0.9141030267532505,0.00033972325931818726
35.15,-1.5060917216910852,-1.4175645145491858,-0.9269836760128743,0.0003342816891997566
35.160000000000004,-1.4928582496965566,-1.4183795807212916,-0.9394685356826568,0.0003290307391812429
35.17,-1.479443522476794,-1.4190539527177133,-0.9515555707160215,0.00032397446536262006
35.18,-1.465854365221758,-1.4195872608899498,-0.9632430933721794,0.00031911607395605356
35.19,-1.4520976853314673,-1.4199792075962836,-0.9745297603656081,0.00031445793394253353
35.2,-1.438180463639663,-1.420229567259597,-0.9854145694060875,0.0003100015936979465
35.21,-1.4241097456143395,-1.4203381863371556,-0.9958968551481424,0.0003057478013723581
35.22,-1.409892632555827,-1.4203049832031047,-1.0059762845703744,0.0003016965287852928
35.230000000000004,-1.3955362728127858,-1.4201299479446294,-1.0156528518066743,0.00029784699858135275
35.24,-1.3810478530360852,-1.4198131420729114,-1.0249268724526948,0.0002941977143749915
35.25,-1.3664345894900725,-1.4193546981502068,-1.0337989773722247,0.00029074649360043915
35.26,-1.3517037194402062,-1.4187548193345458,-1.0422701060292345,0.0002874905027727703
35.27,-1.3368624926354429,-1.418013778843725,-1.050341499372361,0.0002844262948590004
35.28,-1.3219181629031094,-1.4171319193404275,-1.0580146922994578,0.0002815498484537317
35.29,-1.306877979873298,-1.4161096522404606,-1.065291505730568,0.00027885660845228857
35.300000000000004,-1.2917491808490635,-1.4149474569462464,-1.0721740383182619,0.0002763415279152529
35.31,-1.2765389828379152,-1.4136458800078378,-1.0786646578247383,0.0002739991108218508
35.32,-1.2612545747592532,-1.412205534213859,-1.0847659921954138,0.00027182345541563183
35.33,-1.2459031098415398,-1.4106270976148891,-1.0904809203589116,0.0002698082978538994
35.34,-1.2304916982220955,-1.4089113124819128,-1.0958125627834272,0.0002679470558825915
35.35,-1.2150273997614882,-1.4070589842025614,-1.1007642718193904,0.00026623287227031737
35.36,-1.1995172170835504,-1.4050709801179544,-1.1053396218581637,0.00026465865774887525
35.37,-1.183968088851099,-1.4029482283030277,-1.1095423993362206,0.0002632171332227344
35.38,-1.1683868832864766,-1.400691716293303,-1.1133765926138526,0.0002619008710262378
35.39,-1.1527803919450614,-1.3983024897611098,-1.116846381756943,0.0002607023350246237
35.4,-1.1371553237489322,-1.3957816511443135,-1.1199561282497466,0.00025961391937307296
35.410000000000004,-1.1215182992869068,-1.3931303582306462,-1.1227103646659249,0.0002586279857666881
35.42,-1.1058758453862252,-1.390349822700757,-1.1251137843243082,0.0002577368990333672
35.43,-1.0902343899602058,-1.3874413086331188,-1.1271712309550095,0.00025693306094078404
35.44,-1.0746002571352802,-1.3844061309739348,-1.1288876884005923,0.0002562089421079093
35.45,-1.0589796626599077,-1.3812456539751858,-1.1302682703760165,0.0002555571119305079
35.46,-1.0433787095969949,-1.3779612896039488,-1.1313182103100468,0.00025497026644879796
35.47,-1.0278033843005845,-1.3745544959260982,-1.1320428512897298,0.00025444125410354815
35.480000000000004,-1.012259552676763,-1.371026775467474,-1.1324476361284221,0.000253963099344462
35.49,-0.9967529567279343,-1.3673796735555652,-1.1325380975766937,0.0002535290240714894
35.5,-0.9812892113788532,-1.3636147766447135,-1.1323198486942525,0.00025313246690556097
35.51,-0.9658738015820875,-1.3597337106277967,-1.1317985733998377,0.00025276710030022325
35.52,-0.9505120796998906,-1.3557381391372878,-1.1309800172148097,0.00025242684551959015
35.53,-0.9352092631588179,-1.3516297618385322,-1.1298699782149517,0.00025210588552083746
35.54,-0.9199704323728145,-1.3474103127180113,-1.128474298203776,0.0002517986757912114
35.550000000000004,-0.904800528929931,-1.3430815583692903,-1.1267988541194114,0.0002514999532000971
35.56,-0.8897043540373,-1.3386452962792712,-1.1248495496859472,0.00025120474293607067
35.57,-0.8746865672185173,-1.3341033531172861,-1.1226323073189208,0.0002509083636071084
35.58,-0.8597516852571319,-1.3294575830294875,-1.1201530602934622,0.00025060643058919966
35.59,-0.8449040813795404,-1.3247098659408933,-1.1174177451824723,0.00025029485771455945
35.6,-0.8301479846702268,-1.319862105867363,-1.1144322945710907,0.00024996985739547044
35.61,-0.8154874797119581,-1.3149162292396757,-1.1112026300526265,0.0002496279392835411
35.62,-0.8009265064432749,-1.3098741832417962,-1.1077346555100758,0.00024926590756694914
35.63,-0.7864688602253627,-1.3047379341653056,-1.1040342506863379,0.00024888085701002186
35.64,-0.772118192110193,-1.299509465781881,-1.100107265045273,0.00024847016784034523
35.65,-0.7578780093016506,-1.2941907777356074,-1.0959595119248093,0.00024803149958869594
35.660000000000004,-0.7437516758012318,-1.2887838839567995,-1.091596762982427,0.00024756278398631315
35.67,-0.7297424132297988,-1.283290811098917,-1.0870247429325026,0.0002470622170225524
35.68,-0.7158533018168121,-1.27771359700005,-1.0822491245742043,0.00024652825026389585
35.69,-0.7020872815484238,-1.2720542891703563,-1.0772755241078804,0.0002459595815326313
35.7,-0.6884471534658143,-1.266314943306727,-1.0721094967371818,0.00024535514504029536
35.71,-0.674935581105172,-1.2604976218358632,-1.0667565325535078,0.0002447141010673846
35.72,-0.6615550920707702,-1.2546043924868495,-1.061222052698759,0.00024403582527684437
35.730000000000004,-0.6483080797326649,-1.248637326894208,-1.0555114058018231,0.00024331989774454334
35.74,-0.6351968050406357,-1.2425984992323333,-1.0496298646837043,0.0002425660917854046
35.75,-0.6222233984461095,-1.2364899848821085,-1.0435826233257475,0.00024177436264912383
35.76,-0.6093898619239432,-1.2303138591304146,-1.0373747940949798,0.0002409448361545098
35.77,-0.5966980710860967,-1.2240721959031644,-1.0310114052202242,0.00024007779732655333
35.78,-0.5841497773794018,-1.217767066532397,-1.0244973985122952,0.00023917367909532297
35.79,-0.5717466103598119,-1.2114005385578976,-1.017837627321303,0.00023823305111078294
35.800000000000004,-0.5594900800357245,-1.2049746745637198,-1.0110368547238335,0.00023725660872267793
35.81,-0.5473815792731719,-1.198491531049915,-1.0040997519325603,0.00023624516216976416
35.82,-0.5354223862558991,-1.1919531573397004,-0.9970308969206636,0.00023519962601790153
35.83,-0.5236136669935777,-1.1853615945222242,-0.9898347732532935,0.0002341210088818739
35.84,-0.5119564778716365,-1.17871887443102,-0.9825157691181985,0.0002330104034613722
35.85,-0.5004517682364361,-1.172027018658178,-0.9750781765475687,0.00023186897691723082
35.86,-0.4891003830097589,-1.1652880376042005,-0.967526190823092,0.00023069796160997308
35.87,-0.47790306532683385,-1.1585039295634463,-0.9598639100562016,0.00022949864621880085
35.88,-0.4668604591923723,-1.1516766798450193,-0.9520953349355004,0.00022827236725548247
35.89,-0.45597311214933994,-1.1448082599289005,-0.9442243686333774,0.0002270205009841967
35.9,-0.44524147795544644,-1.1379006266570724,-0.9362548168638876,0.00022574445575515944
35.910000000000004,-0.43466591926258535,-1.1309557214593429,-0.9281903880840348,0.0002244456647568472
35.92,-0.42424671029471045,-1.1239754696135296,-0.920034693830699,0.0002231255791889563
35.93,-0.4139840395198812,-1.1169617795396232,-0.9117912491855541,0.00022178566185567086
35.94,-0.40387801231245885,-1.109916542127518,-0.903463473360451,0.00022042738117653056
35.95,-0.39392865360167467,-1.1028416300978539,-0.8950546903958857,0.00021905220561017257
35.96,-0.3841359105030321,-1.0957388973954907,-0.8865681299653216,0.00021766159848431328
35.97,-0.374499654929236,-1.0886101786150995,-0.8780069282783045,0.00021625701322373084
35.980000000000004,-0.36501968617757224,-1.0814572884583347,-0.8693741290754832,0.00021483988896656964
35.99,-0.35569573349088146,-1.0742820212220232,-0.8606726847088347,0.00021341164655804066
36.0,-0.3465274585894883,-1.0670861503167848,-0.851905457300584,0.0002119736849095233
36.01,-0.3375144581716571,-1.0598714278154804,-0.8430752199745055,0.00021052737771016302
36.02,-0.32865626638034817,-1.0526395840308684,-0.8341846581535013,0.00020907407047735562
36.03,-0.3199523572342455,-1.0453923271218304,-0.8252363709175531,0.0002076150779319114
36.04,-0.31140214702121555,-1.0381313427275185,-0.8162328724163602,0.00020615168168323488
36.050000000000004,-0.3030049966525404,-1.0308582936287647,-0.8071765933311859,0.00020468512820955362
36.06,-0.2947602139764415,-1.023574819436082,-0.7980698823806491,0.00020321662711803758
36.07,-0.2866670560495801,-1.0162825363035823,-0.7889150078654141,0.00020174734966954213
36.08,-0.2787247313653789,-1.0089830366681267,-0.7797141592469429,0.00020027842755272407
36.09,-0.27093240203816354,-1.001677889013026,-0.7704694487556892,0.00019881095189237553
36.1,-0.26328918594226763,-0.9943686376556006,-0.7611829130243262,0.0001973459724769956
36.11,-0.25579415880538364,-0.9870568025579103,-0.751856514741805,0.0001958844971908569
36.12,-0.24844635625557318,-0.9797438791599672,-0.7424921443242537,0.00019442749163612683
36.13,-0.24124477582147347,-0.9724313382347429,-0.7330916215989233,0.0001929758789309764
36.14,-0.23418837888535524,-0.9651206257642859,-0.7236566974975932,0.00019153053966998197
36.15,-0.2272760925887962,-0.9578131628362692,-0.7141890557560409,0.00019009231203358885
36.160000000000004,-0.22050681169083883,-0.9505103455602919,-0.7046903146163723,0.00018866199203387656
36.17,-0.2138794003785973,-0.9432135450032667,-0.6951620285291991,0.00018724033388435157
36.18,-0.2073926940303698,-0.9359241071432278,-0.6856056898528265,0.00018582805048200613
36.19,-0.2010455009313968,-0.9286433528409067,-0.6760227305467997,0.00018442581399042354
36.2,-0.19483660394248384,-0.9213725778284274,-0.6664145238573199,0.00018303425651325752
36.21,-0.18876476212178075,-0.9141130527144836,-0.6567823859922163,0.00018165397084793686
36.22,-0.18282871230007644,-0.9068660230053692,-0.6471275777833154,0.0001802855113100069
36.230000000000004,-0.17702717061002918,-0.8996327091412442,-0.6374513063342089,0.00017892939461906402
36.24,-0.17135883396981041,-0.8924143065470278,-0.6277547266515678,0.00017758610083777582
36.25,-0.1658223815216904,-0.8852119856973238,-0.6180389432582999,0.00017625607435602135
36.26,-0.16041647602614198,-0.8780268921947907,-0.6083050117869802,0.00017493972491269296
36.27,-0.1551397652120803,-0.8708601468613847,-0.5985539405521247,0.0001736374286482148
36.28,-0.14999088308389538,-0.8637128458419148,-0.5887866921,0.0001723495291813421
36.29,-0.14496845118596724,-0.8565860607193594,-0.5790041847347851,0.00017107633870427344
36.300000000000004,-0.14007107982538453,-0.8494808386414092,-0.5692072940200209,0.00016981813909056618
36.31,-0.1352973692536131,-0.8423982024577118,-0.5593968542543919,0.00016857518301080502
36.32,-0.1306459108078844,-0.8353391508673071,-0.549573659920991,0.00016734769505140105
36.33,-0.12611528801309277,-0.8283046585757556,-0.5397384671093216,0.00016613587283229172
36.34,-0.12170407764500757,-0.8212956764614734,-0.5298919949093835,0.00016493988811972106
36.35,-0.11741085075561934,-0.8143131317508019,-0.520034926777285,0.00016375988793063302
36.36,-0.11323417366144997,-0.8073579282013531,-0.5101679118719047,0.00016259599562557696
36.37,-0.10917260889566527,-0.800430946293183,-0.5002915663622117,0.00016144831198734247
36.38,-0.10522471612483418,-0.7935330434273596,-0.49040647470492915,0.00016031691628286396
36.39,-0.10138905303118215,-0.7866650541315043,-0.4805131908922961,0.00015920186730621684
36.4,-0.09766417616118811,-0.7798277902718986,-0.4706122396697553,0.00015810320440080882
36.410000000000004,-0.09404864174137383,-0.7730220412717594,-0.4607041177234544,0.00015702094845913752
36.42,-0.09054100646213231,-0.7662485743352999,-0.45078929483751035,0.0001559551028986911
36.43,-0.08713982823043818,-0.7595081346772046,-0.4408682150210432,0.0001549056546128308
36.44,-0.08384366689227743,-0.7528014457571585,-0.43094129760503597,0.0001538725748956738
36.45,-0.08065108492562746,-0.7461292095190845,-0.42100893830912867,0.00015285582034018914
36.46,-0.07756064810481035,-0.739492106634751,-0.4110715102784981,0.00015185533370889917
36.47,-0.07457092613703299,-0.7328907967514279,-0.40112936509101804,0.0001508710447767341
36.480000000000004,-0.07168049327191789,-0.7263259187432761,-0.3911828337349337,0.00014990287114574174
36.49,-0.06888792888481718,-0.7197980909661695,-0.38123222755731895,0.00014895071903146917
36.5,-0.06619181803469074,-0.7133079115156582,-0.37127783918362034,0.0001480144840209773
36.51,-0.06359075199731642,-0.7068559584877919,-0.36131994340861917,0.00014709405180254328
36.52,-0.0610833287745876,-0.7004427902425346,-0.3513587980591734,0.0001461892988671993
36.53,-0.05866815358063889,-0.6940689456695093,-0.3413946448291249,0.00014530009318236423
36.54,-0.0563438393055273,-0.6877349444558227,-0.33142771008678035,0.0001444262948378836
36.550000000000004,-0.05410900695718074,-0.681441287355731,-0.32145820565539557,0.00014356775666486693
36.56,-0.051962286082311335,-0.675188456461913,-0.3114863295671104,0.00014272432482777324
36.57,-0.04990231516697537,-0.6689769154781317,-0.301512266790799,0.000141895839390253
36.58,-0.047927742017446345,-0.6628071099930685,-0.2915361899343132,0.0001410821348552911
36.59,-0.04603722412205201,-0.656679467755128,-0.2815582599216108,0.00014028304068023224
36.6,-0.04422942899461033,-0.6505943989480163,-0.2715786266452713,0.00013949838176731774
36.61,-0.042503034500083685,-0.644552296466905,-0.2615974295949099,0.00013872797893037283
36.62,-0.04085672916305465,-0.6385535361950023,-0.25161479846200957,0.0001379716493383123
36.63,-0.03928921245961103,-0.6325984772803573,-0.24163085372169754,0.00013722920693614224
36.64,-0.03779919509321191,-0.6266874624127355,-0.2316457071919963,0.00013650046284416158
36.65,-0.03638539925509106,-0.6208208181004053,-0.22165946257108426,0.00013578522573606127
36.660000000000004,-0.03504655886973821,-0.6149988549466877,-0.21167221595310376,0.0001350833021966238
36.67,-0.03378141982598376,-0.6092218679261241,-0.2016840563230546,0.00013439449705974243
36.68,-0.032588740194196886,-0.6034901366601262,-0.19169506603131325,0.00013371861372745577
36.69,-0.03146729043009234,-0.5978039256919773,-0.18170532124831626,0.00013305545447070958
36.7,-0.030415853565626327,-0.5921634847610598,-0.17171489239994572,0.00013240482071253887
36.71,-0.029433225387447404,-0.5865690490761921,-0.1617238445841523,0.0001317665132943525
36.72,-0.028518214603354044,-0.5810208395879602,-0.15173223796934826,0.00013114033272600795
36.730000000000004,-0.02766964299719658,-0.575519063259939,-0.14174012817509982,0.00013052607942033964
36.74,-0.026886345572647494,-0.5700639133386989,-0.13174756663564285,0.00012992355391278583
36.75,-0.02616717068625066,-0.5646555696225046,-0.12175460094674259,0.00012933255706676486
36.76,-0.02551098017014699,-0.5592941987286104,-0.11176127519641103,0.0001287528902654165
36.77,-0.024916649444861192,-0.5539799543590684,-0.10176763027999101,0.00012818435559031923
36.78,-0.024383067622521865,-0.5487129775649656,-0.0917737042001088,0.00012762675598777844
36.79,-0.02390913760087491,-0.5434933970090128,-0.08177953235199059,0.00012707989542325035
36.800000000000004,-0.023493776148438526,-0.538321329226412,-0.07178514779463122,0.0001265435790244729
36.81,-0.023135913981136444,-0.5331968788839321,-0.0617905815082956,0.00012601761321383412
36.82,-0.02283449583073488,-0.5281201390371288,-0.05179586263882589,0.00012550180583050137
36.83,-0.022588480505397832,-0.5230911913856462,-0.04180101872921925,0.00012499596624281967
36.84,-0.02239684094266479,-0.5181101065265424,-0.031806075938932615,0.00012449990545146584
36.85,-0.02225856425514469,-0.5131769442055857,-0.021811059251362758,0.00012401343618382449
36.86,-0.022172651769210017,-0.5082917535664692,-0.01181599266994086,0.0001235363729800397
36.87,-0.0221381190569654,-0.5034545733978976,-0.0018208994032722931,0.00012306853227118087
36.88,-0.022153995961755726,-0.4986654323785007,0.00817419796025677,0.0001226097324499357
36.89,-0.02221932661746983,-0.49392434931953283,0.018169277287993266,0.0001221597939342345
36.9,-0.022333169461887088,-0.4892313334053194,0.0281643167482482,0.0001217185392241898
36.910000000000004,-0.02249459724430597,-0.4845863844314153,0.03815929466485025,0.0001212857929527224
36.92,-0.022702697027685344,-0.47998949304044175,0.04815418938063692,0.00012086138193022548
36.93,-0.022956570185521684,-0.47544064095557176,0.05814897912950732,0.00012044513518360631
36.94,-0.023255332393677636,-0.47093980121163537,0.06814364191666988,0.00012003688399002975
36.95,-0.023598113617370256,-0.4664869383838204,0.07813815540672754,0.00011963646190567228
36.96,-0.023984058093520173,-0.4620820088139444,0.08813249681925213,0.0001192437047897843
36.97,-0.024412324308656155,-0.4577249608342775,0.09812664283150882,0.00011885845082433987
36.980000000000004,-0.024882084972563143,-0.4534157349888967,0.10812056948800058,0.00011848054052954742
36.99,-0.025392526987855494,-0.4491542642525553,0.11811425211651175,0.00011810981677547639
37.0,-0.025942851415651162,-0.44494047424705174,0.12810766525033848,0.00011774612479004289
37.01,-0.026532273437516813,-0.440774283455086,0.13810078255640307,0.00011738931216359319
37.02,-0.02716002231384821,-0.4366556034315908,0.14809357676895776,0.00011703922885030332
37.03,-0.027825341338844945,-0.4325843390125292,0.15808601962859214,0.00011669572716660603
37.04,-0.02852748779223337,-0.4285603885211501,0.1680780818262672,0.0001163586617868498
37.050000000000004,-0.02926573288788667,-0.4245836439716958,0.17806973295210718,0.0001160278897363789
37.06,-0.030039361719486242,-0.4206539912705562,0.18806094144868887,0.00011570327038221773
37.07,-0.030847673203364012,-0.41677131041486687,0.19805167456857636,0.00011538466542153076
37.08,-0.03168998001866084,-0.4129354756885487,0.20804189833585673,0.00011507193886802628
37.09,-0.03256560854493209,-0.40914635585578873,0.21803157751144098,0.00011476495703645525
37.1,-0.033473898797327165,-0.40540381435196265,0.2280206755619013,0.00011446358852535577
37.11,-0.0344142043594662,-0.40170770947200135,0.23800915463162442,0.00011416770419818518
37.12,-0.03538589231413299,-0.3980578945562039,0.24799697551806718,0.00011387717716297024
37.13,-0.03638834317190009,-0.394454218173502,0.25798409764990904,0.00011359188275060192
37.14,-0.037420950797797996,-0.3908965243021808,0.267970479067902,0.00011331169849189732
37.15,-0.0384831223361376,-0.3873846525080623,0.27795607640822695,0.00011303650409354073
37.160000000000004,-0.03957427813359135,-0.38391843812015947,0.28794084488817107,0.00011276618141300757
37.17,-0.040693851660635896,-0.3804977124038086,0.29792473829394817,0.00011250061443258048
37.18,-0.04184128943145577,-0.3771223027312896,0.30790770897049075,0.00011223968923254508
37.19,-0.0430160509224049,-0.3737920327499447,0.31788970781304776,0.00011198329396366289
37.2,-0.04421760848912006,-0.37050672254780576,0.3278706842604301,0.00011173131881900722
37.21,-0.04544544728237754,-0.36726618881674267,0.3378505862897499,0.00011148365600523633
37.22,-0.046699065162782,-0.36407024501314544,0.34782936041250734,0.00011124019971338827
37.230000000000004,-0.04797797261437386,-0.3609187015161529,0.35780695167188303,0.00011100084608926834
37.24,-0.049281692657239154,-0.3578113657834424,0.367783303641101,0.00011076549320349264
37.25,-0.05060976075920376,-0.3547480425045954,0.37775835842273114,0.00011053404102125819
37.26,-0.05196172474669136,-0.3517285337520538,0.38773205664880683,0.0001103063913718985
37.27,-0.05333714471482261,-0.3487526391296838,0.39770433748163736,0.00011008244791827703
37.28,-0.05473559293683081,-0.3458201559189631,0.40767513861520016,0.00010986211612608191
37.29,-0.05615665377286744,-0.3429308792228096,0.4176443962770031,0.00010964530323306378
37.300000000000004,-0.05759992357826892,-0.3400846021070684,0.4276120452303106,0.00010943191821826968
37.31,-0.05906501061135415,-0.3372811157396759,0.4375780187766331,0.00010922187177131458
37.32,-0.06055153494082046,-0.33452020952751993,0.4475422487583828,0.00010901507626173373
37.33,-0.06205912835280412,-0.3318016712510147,0.45750466556160296,0.00010881144570845772
37.34,-0.06358743425766938,-0.3291252871964107,0.467465198118683,0.0001086108957494434
37.35,-0.06513610759658889,-0.3264908422858596,0.47742377391097346,0.00010841334361149869
37.36,-0.06670481474797624,-0.32389812020525427,0.48738031897122147,0.00010821870808032942
37.37,-0.06829323343383022,-0.3213469035298656,0.4973347578857479,0.00010802690947084301
37.38,-0.06990105262604848,-0.31883697384779736,0.5072870137962935,0.00010783786959773494
37.39,-0.0715279724527672,-0.3163681118812799,0.5172370084014629,0.00010765151174638804
37.4,-0.07317370410478137,-0.3139400976058258,0.5271846619576998,0.00010746776064410328
37.410000000000004,-0.07483796974209961,-0.3115527103672695,0.5371298932797276,0.00010728654243168677
37.42,-0.07652050240068521,-0.3092057289967131,0.5470726197403966,0.00010710778463542069
37.43,-0.07822104589943452,-0.3068989319234019,0.5570127572698762,0.00010693141613943255
37.44,-0.07993935474744192,-0.3046320972855524,0.5669502203541394,0.00010675736715848144
37.45,-0.08167519405159959,-0.30240500303915685,0.5768849220326837,0.00010658556921117691
37.46,-0.08342833942457895,-0.30021742706478705,0.5868167738954384,0.00010641595509365208
37.47,-0.08519857689323934,-0.29806914727242245,0.5967456860788105,0.00010624845885370478
37.480000000000004,-0.08698570280750852,-0.2959599417043258,0.6066715672608217,0.000106083015765417
37.49,-0.08878952374977786,-0.29388958863599135,0.6165943246552927,0.00010591956230426467
37.5,-0.0906098564448547,-0.2918578666751894,0.6265138640050322,0.00010575803612273733
37.51,-0.09244652767051223,-0.289864554859133,0.6364300895739903,0.00010559837602647079
37.52,-0.09429937416867708,-0.2879094327497899,0.6463429041383376,0.00010544052195090554
37.53,-0.09616824255729287,-0.28599228052736686,0.6562522089764327,0.00010528441493848368
37.54,-0.09805298924289742,-0.2841128790819894,0.666157903857642,0.00010512999711638862
37.550000000000004,-0.09995348033394993,-0.2822710101036039,0.6760598870299792,0.00010497721167484056
37.56,-0.10186959155494345,-0.28046645617012606,0.6859580552065303,0.0001048260028459489
37.57,-0.10380120816133688,-0.2786990008338621,0.6958523035506324,0.00010467631588313506
37.58,-0.10574822485533984,-0.2769684287062278,0.7057425256597775,0.00010452809704113331
37.59,-0.10771054570258244,-0.2752745255407906,0.71562861354821,0.00010438129355656982
37.6,-0.10968808404970112,-0.2736170783146615,0.7255104576281912,0.00010423585362912703
37.61,-0.11168076244287078,-0.271995875308261,0.7353879466899021,0.00010409172640331054
37.62,-0.1136885125473123,-0.2704107061834864,0.7452609678799585,0.00010394886195081072
37.63,-0.11571127506780354,-0.26886136206030437,0.755129406678512,0.00010380721125346557
37.64,-0.11774899967022108,-0.26734763559179664,0.7649931468749119,0.00010366672618684292
37.65,-0.11980164490413879,-0.2658693210376828,0.7748520705419033,0.000103527359504432
37.660000000000004,-0.12186917812650858,-0.26442621433634717,0.7847060580083361,0.00010338906482246294
37.67,-0.12395157542644746,-0.26301811317539486,0.7945549878303632,0.0001032517966053527
37.68,-0.12604882155115438,-0.26164481706076304,0.8043987367611011,0.00010311551015177817
37.69,-0.12816090983297906,-0.2603061273844133,0.8142371797187331,0.00010298016158139467
37.7,-0.1302878421176645,-0.25900184749063043,0.8240701897530291,0.00010284570782219949
37.71,-0.13242962869378336,-0.25773178274095354,0.8338976380102608,0.00010271210659854556
37.72,-0.13458628822338814,-0.2564957405777649,0.8437193936964885,0.00010257931641980981
37.730000000000004,-0.13675784767389365,-0.2552935305865625,0.8535353240391966,0.00010244729656973317
37.74,-0.1389443422512095,-0.2541249645569408,0.8633452942472558,0.00010231600709642833
37.75,-0.14114581533413958,-0.25298985654230616,0.8731491674691868,0.00010218540880306605
37.76,-0.14336231841006455,-0.25188802291835183,0.8829468047497043,0.00010205546323925742
37.77,-0.145593911011922,-0.2508192824403171,0.8927380649845167,0.00010192613269312447
37.78,-0.14784066065649906,-0.24978345629905646,0.9025228048733569,0.00010179738018408002
37.79,-0.15010264278405,-0.2487803681759436,0.9123008788712217,0.00010166916945632823
37.800000000000004,-0.15237994069925187,-0.2478098442966346,0.9220721391377935,0.00010154146497308674
37.81,-0.15467264551350904,-0.24687171348371578,0.93183643548502,0.00010141423191154708
37.82,-0.15698085608861773,-0.24596580720825995,0.9415936153228258,0.0001012874361585896
37.83,-0.15930467898179979,-0.24509195964031633,0.9513435236029298,0.00010116104430725993
37.84,-0.1616442283921148,-0.2442500076983578,0.9610860027607421,0.00010103502365402339
37.85,-0.16399962610825838,-0.24343979109770986,0.9708208926553115,0.00010090934219680921
37.86,-0.16637100145775333,-0.2426611523979853,0.9805480305072969,0.00010078396863386291
37.87,-0.1687584912575404,-0.24191393704954828,0.9902672508349324,0.00010065887236342737
37.88,-0.17116223976597317,-0.24119799343903137,0.9999783853879569,0.00010053402348426188
37.89,-0.17358239863622202,-0.24051317293392915,1.0096812630794774,0.00010040939279702439
37.9,-0.17601912687108992,-0.2398593299262915,1.0193757099157341,0.00010028495180653276
37.910000000000004,-0.17847259077924307,-0.23923632187553948,1.0290615489237356,0.00010016067272493121
37.92,-0.18094296393285775,-0.23864400935042676,1.0387386000767294,0.00010003652847578631
37.93,-0.18343042712668395,-0.23808225607016933,1.048406680217475,9.991249269912332e-05
37.94,-0.18593516833852572,-0.23755092894476545,1.058065602979282,9.978853975744482e-05
37.95,-0.18845738269113685,-0.2370498981145284,1.067715178704779,9.966464474275165e-05
37.96,-0.19099727241552975,-0.2365790369888537,1.0773552143623717,9.954078348458553e-05
37.97,-0.19355504681569444,-0.23613822228424267,1.0869855134603563,9.941693255914855e-05
37.980000000000004,-0.19613092223472364,-0.23572733406160337,1.0966058759586441,9.929306929950576e-05
37.99,-0.1987251220223388,-0.23534625576285054,1.1062160981780569,9.91691718069093e-05
38.0,-0.201337876503811,-0.23499487424682505,1.1158159727071513,9.904521896329636e-05
38.01,-0.2039694229502697,-0.23467307982455377,1.1254052883065273,9.89211904449796e-05
38.02,-0.20662000555039156,-0.23438076629386984,1.1349838298105759,9.879706673758403e-05
38.03,-0.20928987538345947,-0.23411783097341385,1.1445513780266192,9.8672829152255e-05
38.04,-0.21197929039378263,-0.23388417473603523,1.1541077096313943,9.854845984319537e-05
38.050000000000004,-0.21468851536646563,-0.2336797020416136,1.1636525970648322,9.842394182657574e-05
38.06,-0.2174178219045146,-0.233504320969319,1.1731858084210796,9.829925900086378e-05
38.07,-0.22016748840726713,-0.23335794324933018,1.182707107336713,9.817439616862218e-05
38.08,-0.22293780005013092,-0.23324048429402885,1.1922162528760885,9.80493390598288e-05
38.09,-0.22572904876561603,-0.23315186322868875,1.201712999413773,9.792407435678065e-05
38.1,-0.22854153322564352,-0.23309200292167667,1.211197096514,9.77985897206302e-05
38.11,-0.23137555882511235,-0.23306083001418357,1.2206682888070897,9.76728738196372e-05
38.12,-0.23423143766670546,-0.2330582749495022,1.2301263158627747,9.754691635917111e-05
38.13,-0.2371094885469142,-0.23308427200186857,1.2395709120603668,9.742070811354977e-05
38.14,-0.2400100369432594,-0.23313875930488323,1.2490018064557036,9.729424095979694e-05
38.15,-0.2429334150026858,-0.23322167887952852,1.2584187226448067,9.716750791336557e-05
38.160000000000004,-0.24587996153110525,-0.2333329766617973,1.2678213786241865,9.704050316592247e-05
38.17,-0.24885002198406272,-0.23347260252994834,1.2772094866477224,9.691322212527957e-05
38.18,-0.25184394845849783,-0.23364051033140307,1.2865827530800484,9.678566145755548e-05
38.19,-0.2548620996855729,-0.23383665790929825,1.2959408782463728,9.665781913163654e-05
38.2,-0.2579048410245369,-0.23406100712870798,1.305283556278653,9.652969446606282e-05
38.21,-0.26097254445759416,-0.23431352390254903,1.3146104749580538,9.640128817842878e-05
38.22,-0.2640655885857428,-0.2345941782171821,1.3239213155536094,9.627260243738274e-05
38.230000000000004,-0.2671843586255494,-0.2349029441577216,1.3332157526570056,9.614364091735451e-05
38.24,-0.27032924640682143,-0.23523979993306604,1.3424934540134055,9.60144088561138e-05
38.25,-0.2735006503711397,-0.2356047279006606,1.3517540803482293,9.588491311528489e-05
38.26,-0.27669897557120976,-0.23599771459100266,1.360997285189807,9.575516224393294e-05
38.27,-0.27992463367099024,-0.23641875073190116,1.3702227146878114,9.562516654534829e-05
38.28,-0.28317804294655324,-0.2368678312724993,1.3794300074273858,9.549493814717067e-05
38.29,-0.28645962828763083,-0.2373449554070704,1.3886187942388695,9.536449107500458e-05
38.300000000000004,-0.28976982119979916,-0.23785012659859553,1.3977886980030336,9.523384132963865e-05
38.31,-0.29310905980724944,-0.23838335260213128,1.4069393334517242,9.510300696805627e-05
38.32,-0.296477788856093,-0.23894464548797523,1.4160703069638207,9.497200818838447e-05
38.33,-0.2998764597181454,-0.23953402166463628,1.4251812163564064,9.48408674189366e-05
38.34,-0.30330553039513225,-0.24015150190161622,1.4342716506710496,9.470960941155365e-05
38.35,-0.30676546552325623,-0.24079711135200835,1.4433411899550936,9.457826133938754e-05
38.36,-0.31025673637806384,-0.24147087957491817,1.4523894050378467,9.444685289934566e-05
38.37,-0.3137798208795457,-0.24217284055771066,1.4614158573015665,9.431541641938782e-05
38.38,-0.31733520359740347,-0.24290303273808778,1.4704200984471283,9.418398697086965e-05
38.39,-0.32092337575641205,-0.24366149902599935,1.4794016702542654,9.405260248616611e-05
38.4,-0.32454483524180416,-0.2444482868253893,1.4883601043362689,9.392130388178581e-05
38.410000000000004,-0.3282000866046,-0.24526344805577907,1.4972949218890297,9.379013518721457e-05
38.42,-0.3318896410668029,-0.24610703917368854,1.5062056334343072,9.365914367974417e-05
38.43,-0.33561401652637796,-0.2469791211938945,1.5150917385571052,9.35283800255189e-05
38.44,-0.3393737375619265,-0.2478797597105259,1.5239527256370324,9.339789842707842e-05
38.45,-0.34316933543696815,-0.2488090249179935,1.5327880715735276,9.32677567776774e-05
38.46,-0.34700134810373534,-0.2497669916317519,1.5415972415048227,9.313801682265583e-05
38.47,-0.3508703202063845,-0.2507537393088895,1.5503796885205192,9.300874432817581e-05
38.480000000000004,-0.3547768030835223,-0.25176935206854256,1.5591348533676501,9.288000925762736e-05
38.49,-0.35872135476994194,-0.2528139187121274,1.5678621641500978,9.275188595602406e-05
38.5,-0.3627045399974608,-0.2538875327433837,1.5765610360212379,9.262445334273916e-05
38.51,-0.366726930194745,-0.25499029238822263,1.5852308708696767,9.249779511292959e-05
38.52,-0.37078910348600447,-0.25612230061436925,1.5938710569979506,9.237199994800858e-05
38.53,-0.3748916446884344,-0.25728366515079104,1.6024809687940504,9.224716173555473e-05
38.54,-0.37903514530827714,-0.2584744985069006,1.6110599663956384,9.212337979905477e-05
38.550000000000004,-0.38322020353537134,-0.2596949179915205,1.6196073953468197,9.200075913788336e-05
38.56,-0.38744742423605166,-0.2609450457315977,1.6281225862473316,9.187941067795897e-05
38.57,-0.39171741894425594,-0.2622250086906515,1.6366048543940133,9.175945153351965e-05
38.58,-0.3960308058506919,-0.2635349386869405,1.6450534994144175,9.164100528047171e-05
38.59,-0.4003882097899098,-0.26487497241133034,1.6534678048924254,9.152420224180723e-05
38.6,-0.4047902622251209,-0.26624525144484423,1.6618470379857266,9.140917978557317e-05
38.61,-0.40923760123059616,-0.2676459222758756,1.6701904490350237,9.129608263592356e-05
38.62,-0.4137308714714736,-0.26907713631704167,1.678497271164825,9.118506319778787e-05
38.63,-0.4182707241807947,-0.2705390499216549,1.6867667198756855,9.107628189570978e-05
38.64,-0.422857817133586,-0.2720318243997872,1.69499799262776,9.096990752744363e-05
38.65,-0.42749281461779237,-0.2735556260339011,1.7031902684155302,9.086611763289253e-05
38.660000000000004,-0.4321763874018635,-0.27511062609401965,1.7113427073335705,9.076509887902867e-05
38.67,-0.43690921269878596,-0.2766970008524051,1.7194544501332203,9.066704746142732e-05
38.68,-0.4416919741263474,-0.27831493159771536,1.7275246177700276,9.057216952308338e-05
38.69,-0.4465253616634092,-0.2799646046486042,1.7355523109418363,9.048068159120335e-05
38.7,-0.451410071601958,-0.28164621136673046,1.7435366096173868,9.039281103267587e-05
38.71,-0.45634680649469644,-0.2833599481691386,1.7514765725553068,9.03087965289801e-05
38.72,-0.4613362750979258,-0.2851060165399713,1.75937123681337,9.022888857126761e-05
38.730000000000004,-0.466379192309463,-0.2868846230414725,1.7672196172479029,9.015334997642417e-05
38.74,-0.4714762791013271,-0.28869597932423785,1.775020706003227,9.008245642491923e-05
38.75,-0.476628262446918,-0.2905403021366656,1.782773471991026,9.001649702127662e-05
38.76,-0.4818358752424037,-0.29241781333356065,1.7904768603595327,8.995577487803998e-05
38.77,-0.4870998562220184,-0.2943287398838406,1.7981297919524366,8.990060772411362e-05
38.78,-0.49242094986696744,-0.29627331387729056,1.8057311627574193,8.98513285384065e-05
38.79,-0.4977999063076199,-0.2982517725303114,1.8132798433442296,8.980828620971128e-05
38.800000000000004,-0.5032374812186624,-0.3002643581906025,1.8207746782922212,8.977184622379684e-05
38.81,-0.5087344357068739,-0.30231131834071856,1.8282144856072784,8.974239137870426e-05
38.82,-0.5142915361911697,-0.3043929056004358,1.835598056128071,8.972032252928261e-05
38.83,-0.5199095542745524,-0.30650937772786124,1.8429241529215816,8.970605936198395e-05
38.84,-0.5255892666075926,-0.30866099761921467,1.850191510667864,8.970004120101416e-05
38.85,-0.5313314547430521,-0.310848033307211,1.8573988350339985,8.970272784693968e-05
38.86,-0.5371369049812459,-0.3130707579579659,1.8645448020372282,8.971460044884878e-05
38.87,-0.5430064082057301,-0.3153294498663461,1.8716280573972623,8.973616241122878e-05
38.88,-0.5489407597088843,-0.31762439244968066,1.8786472158777587,8.976794033672187e-05
38.89,-0.5549407590069472,-0.3199558742397475,1.8856008606170023,8.981048500594785e-05
38.9,-0.5610072096440454,-0.3223241888729445,1.8924875424478191,8.986437239559279e-05
38.910000000000004,-0.5671409189847454,-0.3247296350785519,1.8993057792067787,8.993020473599284e-05
38.92,-0.5733426979946386,-0.32717251666498787,1.906054055032756,9.00086116094457e-05
38.93,-0.5796133610084567,-0.32965314250395594,1.9127308196549462,9.01002510905038e-05
38.94,-0.5859537254851988,-0.33217182651237886,1.9193344876704426,9.020581092950716e-05
38.95,-0.5923646117497321,-0.3347288876320085,1.9258634378115136,9.032600978061916e-05
38.96,-0.5988468427203177,-0.33732464980659776,1.932316012202735,9.046159847565051e-05
38.97,-0.6054012436214888,-0.3399594419565164,1.938690515608162,9.061336134492247e-05
38.980000000000004,-0.6120286416816964,-0.3426335979506863,1.9449852146687494,9.078211758644335e-05
38.99,-0.6187298658151185,-0.3453474565757101,1.9511983371302581,9.09687226846645e-05
39.0,-0.6255057462870109,-0.3481013615020585,1.9573280710619168,9.117406988003919e-05
39.01,-0.6323571143619591,-0.35089566124718036,1.9633725640661364,9.139909169061597e-05
39.02,-0.6392848019343726,-0.35373070913539134,1.9693299224796132,9.164476148686784e-05
39.03,-0.6462896411405464,-0.356606863254394,1.9751982105661894,9.19120951209052e-05
39.04,-0.6533724639515905,-0.3595244864082757,1.9809754497018761,9.220215261119477e-05
39.050000000000004,-0.6605341017465151,-0.36248394606682544,1.9866596175524895,9.25160398838674e-05
39.06,-0.6677753848647351,-0.3654856143110052,1.992248647244387,9.285491057160395e-05
39.07,-0.6750971421372414,-0.3685298677744055,1.997740426528837,9.321996787106071e-05
39.08,-0.6825002003956638,-0.37161708758050915,2.0031327969406068,9.361246645967828e-05
39.09,-0.6899853839584337,-0.3747476592755806,2.0084235529513936,9.403371447265556e-05
39.1,-0.6975535140932319,-0.37792197275699313,2.0136104411187885,9.448507554074364e-05
39.11,-0.7052054084548903,-0.3811404221967986,2.0186911592315027,9.496797088941097e-05
39.12,-0.7129418804978941,-0.38440340596033895,2.023663355451661,9.548388149979368e-05
39.13,-0.7207637388626109,-0.3877113265196916,2.0285246274550115,9.60343503316616e-05
39.14,-0.7286717867343571,-0.39106459036173435,2.033272521569974,9.66209846085476e-05
39.15,-0.736666821174388,-0.3944636078906087,2.0379045319165185,9.724545816488598e-05
39.160000000000004,-0.7447496324218823,-0.3979087933243527,2.0424180995459227,9.790951385489313e-05
39.17,-0.7529210031659711,-0.40140056458546886,2.04681061158255,9.861496602265075e-05
39.18,-0.7611817077868434,-0.40493934318518415,2.051079400368848,9.936370303258743e-05
39.19,-0.769532511564942,-0.4085255541011521,2.0552217426148593,0.00010015768985933419
39.2,-0.7779741698572472,-0.41215962564834013,2.0592348585536238,0.00010099897073553965
39.21,-0.7865074272396264,-0.4158419893428374,2.0631159111039237,0.0001018896718559738
39.22,-0.7951330166142145,-0.4195730797583101,2.066862005041936,0.00010283200413584314
39.230000000000004,-0.8038516582807727,-0.42335333437482525,2.0704701861834365,0.00010382826602085263
39.24,-0.8126640589709591,-0.4271831934197543,2.073937440578307,0.00010488084634612693
39.25,-0.8215709108444331,-0.4310630997004615,2.0772606937192055,0.00010599222724061872
39.26,-0.8305728904457002,-0.43499349842847335,2.0804368097663573,0.00010716498707314462
39.27,-0.8396706576205955,-0.43897483703481754,2.083462590790549,0.00010840180343563103
39.28,-0.8488648543912951,-0.44300756497621285,2.0863347760365203,0.00010970545615856033
39.29,-0.8581561037887349,-0.447092133531782,2.08905004120907,0.0001110788303529731
39.300000000000004,-0.8675450086413112,-0.45122899558995283,2.0916049977843176,0.00011252491947271054
39.31,-0.8770321503187355,-0.4554186054252045,2.0939961923487074,0.00011404682838983016
39.32,-0.8866180874299103,-0.45966141846430847,2.096220105968451,0.00011564777647534329
39.33,-0.8963033544736971,-0.46395789104170465,2.098273153592277,0.00011733110067659636
39.34,-0.906088460441448,-0.4683084801436475,2.1001516834904743,0.0001191002585817094
39.35,-0.9159738873701794,-0.4727136431407479,2.1018519767333874,0.0001209588314605223
39.36,-0.9259600888452759,-0.477173837508529,2.1033702467126605,0.00012291052727048788
39.37,-0.9360474884516219,-0.48168952053560876,2.104702638708699,0.00012495918361486957
39.38,-0.9462364781720767,-0.4862611490191127,2.1058452295079726,0.00012710877063945694
39.39,-0.9565274167322274,-0.49088917894691525,2.1067940270739625,0.00012936339385277525
39.4,-0.966920627890376,-0.4955740651663007,2.1075449702757143,0.00013172729685350108
39.410000000000004,-0.9774163986717456,-0.500316261038629,2.1080939286781533,0.00013420486394744775
39.42,-0.9880149775459235,-0.5051162180795857,2.1084367023984854,0.00013680062263503502
39.43,-0.9987165725465954,-0.5099743855845901,2.1085690220332,0.00013951924594867056
39.44,-1.0095213493326667,-0.5148912102389296,2.108486548660379,0.0001423655546179128
39.45,-1.0204294291899165,-0.5198671357121866,2.1081848739222107,0.0001453445190386121
39.46,-1.0314408869723823,-0.5249026022365163,2.1076595201927955,0.00014846126102056021
39.47,-1.0425557489827364,-0.5299980461683345,2.1069059408365405,0.00015172105528634354
39.480000000000004,-1.0537739907909776,-0.5351538995329681,2.105919520562628,0.00015512933069226827
39.49,-1.0650955349908415,-0.5403705895518238,2.10469557588126,0.00015869167114031872
39.5,-1.0765202488934102,-0.5456485381516232,2.1032293556675663,0.00016241381614810597
39.51,-1.0880479421574938,-0.5509881614552582,2.1015160418392917,0.00016630166104174315
39.52,-1.099678364356454,-0.5563898692538183,2.09955075015456,0.00017036125673447743
39.53,-1.1114112024812481,-0.5618540644593417,2.0973285311362315,0.00017459880905179137
39.54,-1.1232460783795843,-0.5673811425378499,2.094844371129572,0.00017902067756149468
39.550000000000004,-1.1351825461312104,-0.5729714909222228,2.0920931935001463,0.00018363337386514343
39.56,-1.1472200893594897,-0.5786254884044831,2.0890698599790523,0.00018844355930487937
39.57,-1.1593581184795678,-0.5843435045070606,2.0857691721628075,0.0001934580420375701
39.58,-1.1715959678835899,-0.5901258988326168,2.082185873175385,0.00019868377342590552
39.59,-1.1839328930635986,-0.5959730203920205,2.078314649500077,0.0002041278436939076
39.6,-1.1963680676729247,-0.6018852069100754,2.0741501329890495,0.00020979747679216154
39.61,-1.208900580527076,-0.6078627841086132,2.069686903058604,0.00021570002441598403
39.62,-1.2215294325453396,-0.6139060649665823,2.0649194890783327,0.00022184295911770773
39.63,-1.234253533634528,-0.6200153489567776,2.0598423729624877,0.0002282338664523869
39.64,-1.2470716995165414,-0.6261909212588759,2.0544499919720196,0.0002348804360944505
39.65,-1.2599826485016627,-0.6324330519484637,2.0487367417358597,0.00024179045186120273
39.660000000000004,-1.2729849982097654,-0.6387419951617661,2.0426969795001146,0.0002489717805777021
39.67,-1.2860772622418972,-0.6451179882358133,2.036325027613924,0.0002564323597163022
39.68,-1.299257846804992,-0.6515612508238081,2.0296151772607933,0.00026418018374330804
39.69,-1.3125250472927767,-0.6580719839854897,2.02256169244424,0.0002722232891045486
39.7,-1.3258770448262636,-0.6646503692523243,2.015158814236616,0.0002805697377813657
39.71,-1.3393119027575602,-0.6712965676673878,2.007400765299941,0.00028922759934879767
39.72,-1.3528275631410924,-0.6780107187998484,1.9992817546875294,0.0002982049314682215
39.730000000000004,-1.3664218431767061,-0.684792939734,1.9907959829351276,0.000307509758747823
39.74,-1.3800924316295082,-0.6916433240328419,1.9819376474501407,0.0003171500499059911
39.75,-1.3938368852317178,-0.6985619406762545,1.972700948207388,0.00032713369317489375
39.76,-1.4076526250722188,-0.7055488329738718,1.9630800937596196,0.0003374684698844772
39.77,-1.4215369329799517,-0.7126040174528103,1.9530693075707835,0.0003481620261708497
39.78,-1.4354869479077381,-0.7197274827204758,1.9426628346797477,0.0003592218427573421
39.79,-1.4494996623236025,-0.7269191883027358,1.9318549487018348,0.0003706552027620005
39.800000000000004,-1.4635719186171483,-0.7341790634578129,1.920639959175132,0.00038246915749145307
39.81,-1.4777004055290437,-0.741507005966332,1.9090122192580874,0.00039467049018832907
39.82,-1.4918816546121927,-0.74890288089803,1.8969661337843895,0.00040726567770775664
39.83,-1.5061120367336926,-0.7563665193557203,1.8844961676805467,0.00042026085010783373
39.84,-1.5203877586272225,-0.7638977171971919,1.871596854750941,0.00043366174814966045
39.85,-1.534704859506057,-0.7714962337358157,1.8582628068344116,0.00044747367871427276
39.86,-1.54905920774746,-0.7791617904207243,1.8444887233356375,0.00046170146815700716
39.87,-1.5634464976597802,-0.7868940694975372,1.8302694011337197,0.0004763494136343332
39.88,-1.577862246344143,-0.7946927126507041,1.8155997448694188,0.0004914212324540386
39.89,-1.5923017906632115,-0.8025573196286545,1.8004747776114745,0.0005069200095169552
39.9,-1.6067602843300646,-0.810487446853053,1.784889651901321,0.0005228481429371009
39.910000000000004,-1.6212326951308162,-0.8184826060135809,1.7688396611743122,0.0005392072879473816
39.92,-1.635713802295177,-0.8265422626497916,1.752320251554274,0.0005559982992195942
39.93,-1.6501981940297188,-0.8346658347217095,1.7353270340168294,0.0005732211717504941
39.94,-1.6646802652291648,-0.8428526911709835,1.7178557969154584,0.0005908749804902822
39.95,-1.6791542153815635,-0.8511021504745355,1.6999025188626873,0.0006089578189155706
39.96,-1.6936140466837366,-0.8594134791927917,1.6814633819571447,0.0006274667367760417
39.97,-1.7080535623838902,-0.8677858905147243,1.6625347853454577,0.0006463976772723013
39.980000000000004,-1.7224663653687595,-0.8762185428020847,1.6431133591061124,0.0006657454139516817
39.99,-1.7368458570131067,-0.8847105381353539,1.6231959784404608,0.0006855034876390874
40.0,-1.7511852363098053,-0.8932609208640986,1.6027797781540163,0.0007056641437508035
40.01,-1.7654774992991216,-0.9018686761645688,1.581862167409063,0.000726218270370686
40.02,-1.7797154388161316,-0.9105327286075403,1.5604408447273894,0.0007471553375000133
40.03,-1.7938916445754973,-0.9192519407395584,1.538513813219671,0.0007684633379237908
40.04,-1.8079985036130486,-0.9280251116809038,1.5160793960156616,0.0007901287301678871
40.050000000000004,-1.8220282011037827,-0.9368509757437627,1.4931362518669171,0.0008121363840520883
40.06,-1.835972721575992,-0.945728201074243,1.4696833908912812,0.0008344695293738124
40.07,-1.8498238505412519,-0.9546553883220397,1.4457201904258077,0.0008571097082856018
40.08,-1.8635731765599506,-0.9636310693417095,1.4212464109522034,0.0008800367319557491
40.09,-1.8772120937618975,-0.9726537059296736,1.3962622120562413,0.0009032286421254757
40.1,-1.8907318048413173,-0.9817216886012142,1.3707681683799418,0.0009266616781970883
40.11,-1.9041233245452078,-0.9908333354118852,1.3447652855226582,0.0009503102505052064
40.12,-1.9173774836736028,-0.9999868908278952,1.3182550158445439,0.0009741469204368337
40.13,-1.9304849336097416,-1.0091805246501593,1.2912392741232368,0.0009981423880749973
40.14,-1.943436151397481,-1.018412330996847,1.263720453011998,0.0010222654880446946
40.15,-1.9562214453825124,-1.0276803273493695,1.2357014382449898,0.0010464831942380028
40.160000000000004,-1.9688309614330317,-1.0369824536668677,1.2071856235329002,0.0010707606340869284
40.17,-1.9812546897544756,-1.0463165715743548,1.1781769250897445,0.0010950611130374807
40.18,-1.9934824723117597,-1.0556804636297625,1.1486797957293953,0.0011193461498557645
40.19,-2.005504010871142,-1.0650718326752115,1.1186992384682681,0.0011435755233662373
40.2,-2.0173088756723754,-1.0744883012778872,1.08824081956861,0.0011677073311830127
40.21,-2.02888651474021,-1.0839274112659467,1.05731068095505,0.001191698060947006
40.22,-2.0402262638425572,-1.093386623364913,1.0259155519354881,0.0012155026745242197
40.230000000000004,-2.0513173571007273,-1.102863316940018,0.9940627601560453,0.0012390747055533993
40.24,-2.062148938255104,-1.1123547898499468,0.9617602417187094,0.0012623663706545626
40.25,-2.0727100725874323,-1.121858258417406,0.9290165503894975,0.0012853286945230832
40.26,-2.082989759498547,-1.1313708575218797,0.8958408658244578,0.001307911649037624
40.27,-2.0929769457378997,-1.140889640819868,0.8622430007406686,0.001330064306404111
40.28,-2.1026605392786166,-1.1504115810977908,0.8282334069595796,0.0013517350062425006
40.29,-2.1120294238290795,-1.1599335707626217,0.793823180250619,0.0013728715363989616
40.300000000000004,-2.121072473969147,-1.1694524224751557,0.7590240639039666,0.00139342132713373
40.31,-2.1297785708961445,-1.1789648699306363,0.7238484509627958,0.0014133316581952282
40.32,-2.138136618762674,-1.188467568791256,0.6883093850471426,0.0014325498781452613
40.33,-2.1461355615850954,-1.1979570977748046,0.6524205597038638,0.0014510236351489493
40.34,-2.1537644006982863,-1.2074299599034717,0.6161963162199452,0.0014687011182884604
40.35,-2.16101221272895,-1.2168825839165092,0.5796516398396935,0.0014855313083027817
40.36,-2.167868168056373,-1.2263113258501321,0.5428021543301301,0.0015014642364984962
40.37,-2.1743215497261312,-1.2357124707876732,0.5056641148431874,0.0015164512504209676
40.38,-2.180361772778822,-1.2450822347826194,0.46825439902810007,0.0015304452847230666
40.39,-2.1859784039525065,-1.2544167669567348,0.43059049635268615,0.001543401135522264
40.4,-2.191161181714162,-1.2637121517750296,0.39269049559800817,0.0015552757363985386
40.410000000000004,-2.195900036572128,-1.2729644114988483,0.3545730704971968,0.0015660284340574704
40.42,-2.2001851116182976,-1.2821695088178515,0.3162574634959849,0.001575621261567688
40.43,-2.204006783245656,-1.2913233496611267,0.2777634676197204,0.0015840192069817
40.44,-2.207355681983771,-1.3004217861871081,0.2391114064392803,0.0015911904750665336
40.45,-2.2102227133919805,-1.3094606199514018,0.20032211213636347,0.0015971067398077824
40.46,-2.2125990789473553,-1.3184356052510076,0.16141690167706113,0.0016017433853098284
40.47,-2.2144762968620495,-1.3273424526428073,0.12241755111135638,0.0016050797326980543
40.480000000000004,-2.215846222762423,-1.3361768326335484,0.08334626802523615,0.0016070992506376702
40.49,-2.216701070160351,-1.3449343795378947,0.04422566218136734,0.0016077897471197674
40.5,-2.217033430645448,-1.353610695500451,0.005078714393737048,0.001607143540229638
40.51,-2.2168362937255712,-1.3622013546769909,-0.03407125630877375,0.0016051576057060982
40.52,-2.2161030662419052,-1.3707019075694402,-0.0732006271652838,0.001601833699223915
40.53,-2.2148275912842617,-1.379107885508479,-0.11228550773804895,0.0015971784514846213
40.54,-2.213004166531897,-1.3874148052769526,-0.15130177745607032,0.0015912034343833854
40.550000000000004,-2.210627561945233,-1.3956181738665978,-0.1902251245539957,0.0015839251967304775
40.56,-2.2076930367343426,-1.4037134933599336,-0.22903108630395044,0.0015753652682437326
40.57,-2.204196355530956,-1.411696265928505,-0.26769509042904127,0.0015655501307913027
40.58,-2.200133803692076,-1.4195619989380404,-0.30619249757874917,0.0015545111561497283
40.59,-2.1955022016650387,-1.427306210150464,-0.3444986447383439,0.0015422845098478394
40.6,-2.1902989183460524,-1.4349244330121234,-0.38258888943688196,0.0015289110209891065
40.61,-2.1845218833668816,-1.442412222017027,-0.420438654611367,0.0015144360182800087
40.62,-2.1781695982473996,-1.4497651581333724,-0.4580234739783241,0.0014989091328356042
40.63,-2.1712411463552166,-1.4569788542811495,-0.49531903775843183,0.0014823840686815826
40.64,-2.1637362016174895,-1.4640489608481673,-0.5323012385950305,0.0014649183422197076
40.65,-2.1556550359343185,-1.4709711712314484,-0.5689462175033384,0.0014465729922662656
40.660000000000004,-2.1469985252477963,-1.4777412273905872,-0.6052304096841071,0.0014274122626057358
40.67,-2.1377681542258133,-1.4843549253993675,-0.6411305900332814,0.0014075032593195318
40.68,-2.127966019525074,-1.4908081209816924,-0.6766239181780269,0.0013869155854477717
40.69,-2.1175948316034274,-1.4970967350176905,-0.7116879828692886,0.0013657209558155152
40.7,-2.106657915057552,-1.5032167590057384,-0.7463008455618564,0.001343992795099827
40.71,-2.0951592074681615,-1.509164260466069,-0.7804410830147592,0.0013218058224260094
40.72,-2.083103256741263,-1.5149353882716352,-0.8140878287476817,0.001299235625957047
40.730000000000004,-2.070495216940478,-1.5205263778919562,-0.8472208131930017,0.0012763582310767144
40.74,-2.0573408426120365,-1.5259335565358034,-0.8798204023879564,0.0012532496658607985
40.75,-2.0436464816107276,-1.531153348178768,-0.9118676350573396,0.0012299855275815542
40.76,-2.0294190664417546,-1.5361822784620096,-0.9433442579439772,0.001206640553996017
40.77,-2.0146661041401175,-1.541016979448802,-0.9742327592519873,0.001183288203128778
40.78,-1.9993956647156979,-1.5456541942258766,-1.004516400076431,0.0011600002451746902
40.79,-1.9836163681986998,-1.5500907813370002,-1.0341792437023762,0.0011368463700176768
40.800000000000004,-1.9673373703263752,-1.554323719036732,-1.0632061826665224,0.0011138938136900465
40.81,-1.9505683469180461,-1.558350109352857,-1.0915829634853322,0.0010912070068847088
40.82,-1.9333194769912614,-1.5621671819466054,-1.119296208964975,0.0010688472483839709
40.83,-1.91560142467745,-1.565772297760435,-1.1463334380202475,0.001046872405986277
40.84,-1.897425320000635,-1.5691629524438513,-1.1726830829418922,0.0010253366472008508
40.85,-1.878802738587593,-1.5723367795485044,-1.1983345040642976,0.0010042902016441937
40.86,-1.8597456803822756,-1.575291553484581,-1.2232780017983436,0.000983779156716791
40.87,-1.8402665474413042,-1.5780251922313406,-1.247504826007047,0.0009638452877685911
40.88,-1.8203781208908876,-1.580535759795496,-1.2710071827145812,0.000944525923582768
40.89,-1.8000935371285822,-1.5828214684120172,-1.2937782381520755,0.0009258538476249844
40.9,-1.7794262633558866,-1.5848806804828317,-1.3158121201562705,0.0009078572351250733
40.910000000000004,-1.7583900725297241,-1.5867119102498124,-1.337103916949514,0.0008905596256847937
40.92,-1.7369990178224295,-1.5883138251993563,-1.3576496733416363,0.000873979930744447
40.93,-1.7152674066808842,-1.5896852471967875,-1.3774463844058662,0.0008581324748974221
40.94,-1.6932097745759698,-1.5908251533497377,-1.3964919866920686,0.0008430270697192832
40.95,-1.6708408585335126,-1.591732676600575,-1.41478534705111,0.0008286691184809845
40.96,-1.648175570537398,-1.5924071060488536,-1.4323262491540474,0.0008150597498472211
40.97,-1.6252289708945482,-1.5928478870056482,-1.4491153777990105,0.0008021959784240411
40.980000000000004,-1.6020162416499966,-1.5930546207825018,-1.4651543011070736,0.0007900708898166039
40.99,-1.5785526601383766,-1.5930270642185596,-1.4804454507160352,0.0007786738476897748
41.0,-1.5548535727558066,-1.592765128950268,-1.4949921000878157,0.0007679907201926621
41.01,-1.5309343690333996,-1.5922688804288059,-1.5087983410511188,0.0007580041230129816
41.02,-1.50681045609051,-1.5915385366911468,-1.521869058706054,0.0007486936762684283
41.03,-1.482497233542364,-1.5905744668913602,-1.5342099048215934,0.0007400362724192279
41.04,-1.4580100689329454,-1.5893771895994127,-1.5458272698600146,0.0007320063523971472
41.050000000000004,-1.433364273759958,-1.5879473708753469,-1.5567282537648817,0.0007245761871901814
41.06,-1.408575080154396,-1.586285822127279,-1.5669206356506524,0.0007177161621963787
41.07,-1.3836576182727538,-1.5843934977621728,-1.576412842532681,0.0007113950617621382
41.08,-1.3586268944552469,-1.5822714926388122,-1.5852139172362483,0.0007055803514474884
41.09,-1.3334977701986177,-1.5799210393328094,-1.5933334856223262,0.0007002384557098403
41.1,-1.3082849419872118,-1.5773435052238456,-1.6007817232661097,0.0006953350288654225
41.11,-1.2830029220210553,-1.574540389415649,-1.6075693217219578,0.0006908352173706895
41.12,-1.257666019874694,-1.5715133194994748,-1.6137074545053458,0.0006867039116612965
41.13,-1.2322883251155816,-1.5682640481720496,-1.6192077429187697,0.0006829059859902442
41.14,-1.2068836909058744,-1.564794449719102,-1.6240822218443252,0.0006794065249161328
41.15,-1.1814657186066373,-1.5611065163756999,-1.6283433056209673,0.000676171035304582
41.160000000000004,-1.1560477433986922,-1.557202354574667,-1.6320037541192822,0.0006731656429172601
41.17,-1.1306428209297086,-1.553084181094363,-1.6350766391210467,0.0006703572728711014
41.18,-1.1052637149926374,-1.5487543191170667,-1.6375753111049511,0.0006677138134529261
41.19,-1.079922886236267,-1.5442151942091218,-1.639513366533696,0.0006652042629692796
41.2,-1.0546324819045387,-1.5394693302338802,-1.6409046157312719,0.0006627988594961064
41.21,-1.0294043265973256,-1.534519345208315,-1.6417630514326749,0.0006604691935662013
41.22,-1.004249914041663,-1.529367947113975,-1.6421028180816353,0.000658188303992987
41.230000000000004,-0.9791803998589245,-1.5240179296727194,-1.6419381819451908,0.0006559307571757219
41.24,-0.9542065953101975,-1.5184721680974083,-1.6412835021071865,0.0006536727103633299
41.25,-0.9293389619990992,-1.5127336148274289,-1.6401532023960512,0.0006513919594709444
41.26,-0.9045876075085292,-1.5068052952586213,-1.6385617442955425,0.0006490679721446904
41.27,-0.8799622819453505,-1.5006903034768244,-1.636523600880608,0.0006466819068564014
41.28,-0.8554723753647495,-1.4943917980039003,-1.6340532318141054,0.0006442166188808773
41.29,-0.8311269160440306,-1.4879129975647176,-1.631165059433895,0.0006416566540644789
41.300000000000004,-0.8069345695738629,-1.4812571768831782,-1.6278734459538051,0.0006389882313357385
41.31,-0.7829036387334999,-1.4744276625149682,-1.6241926717961763,0.0006361992149372744
41.32,-0.7590420641152347,-1.4674278287242941,-1.6201369150681475,0.0006332790773740199
41.33,-0.7353574254623356,-1.4602610934114462,-1.615720232188591,0.0006302188540769017
41.34,-0.7118569436839045,-1.4529309140975983,-1.6109565396676113,0.0006270110907745797
41.35,-0.6885474835095171,-1.445440783972829,-1.6058595970358378,0.0006236497845494944
41.36,-0.6654355567461282,-1.4377942280129097,-1.6004429909163655,0.000620130319529649
41.37,-0.6425273260995371,-1.429994799169986,-1.5947201202281236,0.000616449398135242
41.38,-0.6198286095227072,-1.4220460746418404,-1.5887041825056987,0.0006126049687604472
41.39,-0.597344885053402,-1.4139516522240143,-1.5824081613171999,0.000608596150726488
41.4,-0.575081296103926,-1.4057151467486446,-1.5758448147586221,0.000604423157293717
41.410000000000004,-0.5530426571662319,-1.3973401866134698,-1.569026665000352,0.0006000872174685538
41.42,-0.5312334598962601,-1.3888304104040583,-1.5619659888589386,0.0005955904972868134
41.43,-0.5096578795421056,-1.3801894636119294,-1.5546748093650413,0.0005909360211990412
41.44,-0.48831978168144213,-1.3714209954508596,-1.547164888296529,0.0005861275941267691
41.45,-0.4672227292345676,-1.3625286557733076,-1.5394477196440537,0.0005811697247017418
41.46,-0.4463699897204525,-1.353516092088539,-1.5315345239750355,0.0005760675501438636
41.47,-0.42576454272426495,-1.3443869466837,-1.5234362436608577,0.0005708267631784138
41.480000000000004,-0.4054090875460011,-1.3351448538487676,-1.515163538931177,0.000565453541339395
41.49,-0.3853060510010567,-1.325793437205997,-1.5067267847185928,0.0005599544789542205
41.5,-0.36545759534482547,-1.3163363071442005,-1.4981360682564584,0.0005543365220557167
41.51,-0.3458656262946904,-1.3067770583579121,-1.4894011873923696,0.0005486069064206046
41.52,-0.32653180112408237,-1.297119267491239,-1.480531649579794,0.0005427730988897906
41.53,-0.30745753680459953,-1.2873664908859528,-1.4715366715104083,0.0005368427420849943
41.54,-0.28864401817351215,-1.2775222624331466,-1.4624251793499685,0.0005308236025983252
41.550000000000004,-0.2700922061053054,-1.267590091527576,-1.4532058095409406,0.0005247235226968914
41.56,-0.25180284566723665,-1.2575734611235976,-1.44388691013565,0.0005185503755530435
41.57,-0.2337764742401962,-1.247475825891443,-1.434476542624354,0.0005123120239824768
41.58,-0.21601342958745148,-1.237300610472396,-1.4249824842233934,0.0005060162826472332
41.59,-0.19851385785512898,-1.2270512078312903,-1.415412230589418,0.000499670883658386
41.6,-0.18127772148953047,-1.216730977704602,-1.4057729989266015,0.0004932834454938498
41.61,-0.16430480705759443,-1.2063432451422917,-1.3960717314547486,0.0004868614451301118
41.62,-0.1475947329579932,-1.195891299141435,-1.386315099207242,0.00048041219327274464
41.63,-0.13114695701149934,-1.1853783913695823,-1.376509506128867,0.00047394281255904596
41.64,-0.11496078392035791,-1.174807734975703,-1.366661093444684,0.00046746021859685926
41.65,-0.0990353725874637,-1.1641825034864903,-1.3567757442722705,0.0004609711036965746
41.660000000000004,-0.08336974328716215,-1.1535058297857432,-1.3468590884508445,0.0004544819231481007
41.67,-0.06796278468046771,-1.1427808051744837,-1.3369165075619571,0.0004479988838912284
41.68,-0.052813260668424164,-1.1320104785094274,-1.3269531401176586,0.00044152793542604504
41.69,-0.037919817078216296,-1.1211978554173887,-1.3169738868932244,0.00043507476280964285
41.7,-0.023280988177481747,-1.110345897583179,-1.306983416382731,0.0004286447815863847
41.71,-0.008895203013065435,-1.0994575221085354,-1.2969861703569476,0.0004222431345009776
41.72,0.00523920842879274,-1.0885356009396137,-1.286986369504178,0.00041587468984661727
41.730000000000004,0.019124009243143114,-1.0775829603605718,-1.276988019135834,0.0004095440413044068
41.74,0.0327610498095316,-1.0666023805507796,-1.266994914939642,0.0004032555091347049
41.75,0.04615226217875692,-1.0555965952031994,-1.2570106487644868,0.0003970131425862414
41.76,0.059299654643638657,-1.0445682912014989,-1.2470386144219612,0.0003908207233944795
41.77,0.07220530649372357,-1.0335201083534828,-1.2370820134907257,0.0003846817702466095
41.78,0.08487136295336625,-1.0224546391784537,-1.227143861110791,0.0003785995440968332
41.79,0.09730003030216793,-1.0113744287461444,-1.2172269917558007,0.00037257705422200484
41.800000000000004,0.1094935711763423,-1.0002819745649045,-1.2073340649723272,0.0003666170649142335
41.81,0.12145430004919865,-0.9891797265168564,-1.1974675710760883,0.00036072210271362293
41.82,0.13318457888858815,-0.9780700868377824,-1.187629836795854,0.00035489446409088467
41.83,0.14468681298884845,-0.9669554101395501,-1.1778230308566293,0.00034913622349602724
41.84,0.15596344697450207,-0.9558380034729286,-1.1680491694944868,0.000343449241695676
41.85,0.16701696097271485,-0.9447201264287001,-1.1583101218961658,0.00033783517432785633
41.86,0.1778498669512993,-0.9336039912750225,-1.1486076155572615,0.00033229548060901757
41.87,0.1884647052188546,-0.9224917631290519,-1.1389432415535008,0.000326831432133929
41.88,0.1988640410834654,-0.911385560160888,-1.1293184597202328,0.00032144412171465446
41.89,0.20905046166623797,-0.9002874538279624,-1.119734603735863,0.0003161344722101533
41.9,0.21902657286582947,-0.8891994691380446,-1.110192886105518,0.0003109032453031045
41.910000000000004,0.22879499647002519,-0.8781235849390987,-1.1006944030417602,0.00030575105018534876
41.92,0.23835836741033767,-0.8670617342342796,-1.0912401392396691,0.0003006783521178826
41.93,0.2477193311555377,-0.8560158045204168,-1.0818309725440596,0.00029568548083558013
41.94,0.25688054123998194,-0.8449876381483901,-1.0724676785070513,0.00029077263877079414
41.95,0.2658446569225708,-0.8339790327038576,-1.0631509348345953,0.00028593990907365606
41.96,0.2746143409721548,-0.822991741406857,-1.0538813257209443,0.0002811872634103769
41.97,0.28319225757520533,-0.8120274735288522,-1.0446593460703908,0.00027651456952399963
41.980000000000004,0.2915810703615745,-0.8010878948258578,-1.0354854056059228,0.00027192159854492093
41.99,0.29978344054419087,-0.7901746279863278,-1.026359832864737,0.0002674080320412619
42.0,0.3078020251685684,-0.7792892530925454,-1.0172828790808166,0.0002629734688015508
42.01,0.31563947546804594,-0.768433308094311,-1.0082547219550329,0.00025861743134437314
42.02,0.32329843532072366,-0.7576082892937719,-0.9992754693134474,0.00025433937215171555
42.03,0.33078153980411895,-0.7468156518402909,-0.9903451626547007,0.0002501386796244627
42.04,0.33809141384362623,-0.7360568102343024,-0.9814637805875561,0.00024601468376014385
42.050000000000004,0.3452306709509347,-0.7253331388391511,-0.9726312421598313,0.00024196666155446402
42.06,0.35220191204863077,-0.7146459723999583,-0.9638474100801037,0.00023799384212939243
42.07,0.3590077243772912,-0.7039966065686069,-0.9551120938337022,0.00023409541159170427
42.08,0.3656506804814533,-0.6933862984339809,-0.9464250526946212,0.00023027051762684143
42.09,0.3721333372709362,-0.6828162670566408,-0.9377859986350894,0.00022651827383375685
42.1,0.3784582351540732,-0.672287694007157,-0.929194599134622,0.00022283776380713067
42.11,0.3846278972395064,-0.6618017239073678,-0.9206504798904563,0.00021922804497394213
42.12,0.39064482860328764,-0.6513594649738649,-0.9121532274313406,0.00021568815219185055
42.13,0.396511515618121,-0.6409619895630518,-0.9037023916366976,0.00021221710111723
42.14,0.402230425341679,-0.6306103347171566,-0.8952974881632324,0.00020881389135101223
42.15,0.4078040049610184,-0.6203055027106148,-0.8869380007810866,0.00020547750937073258
42.160000000000004,0.4132346812902155,-0.6100484615962779,-0.878623383621671,0.00020220693125728507
42.17,0.41852486031843944,-0.5998401457509306,-0.8703530633393264,0.00019900112522503523
42.18,0.4236769268057722,-0.5896814564196373,-0.8621264411889754,0.0001958590539639414
42.19,0.4286932439241827,-0.5795732622584671,-0.8539428950219347,0.000192779676802335
42.2,0.4335761529411527,-0.5695163998751754,-0.845801781202054,0.00018976195169894934
42.21,0.43832797294354636,-0.5595116743674525,-0.8377024364443474,0.00018680483707268777
42.22,0.4429510005994057,-0.5495598598583715,-0.829644179578267,0.00018390729347848904
42.230000000000004,0.4474475099554449,-0.5396617000287005,-0.8216263132377576,0.00018106828513750133
42.24,0.4518197522681044,-0.5298179086457631,-0.8136481254802106,0.00017828678132957915
42.25,0.45606995586611204,-0.5200291700885591,-0.8057088913364135,0.00017556175765590085
42.26,0.4602003260425856,-0.5102961398688799,-0.7978078742935661,0.00017289219717932675
42.27,0.46421304497479166,-0.5006194451481717,-0.7899443277134041,0.00017027709144984394
42.28,0.46811027166975977,-0.49099968524992443,-0.7821174961874428,0.00016771544142218662
42.29,0.4718941419340287,-0.48143743216738205,-0.7743266168313201,0.00016520625827251215
42.300000000000004,0.47556676836587974,-0.4719332310663883,-0.7665709205201803,0.00016274856412071715
42.31,0.47913024036848784,-0.46248760078320117,-0.7588496330670074,0.00016034139266472234
42.32,0.48258662418249376,-0.45310103431712484,-0.7511619763457772,0.000157983789732779
42.33,0.48593796293657254,-0.4437739993178252,-0.7435071693612597,0.00015567481375960396
42.34,0.48918627671464293,-0.43450693856720907,-0.735884429267261,0.00015341353619186703
42.35,0.49233356263842826,-0.4253002704557626,-0.728292972335058,0.00015119904182828622
42.36,0.49538179496414586,-0.4161543894532569,-0.7207320148737331,0.00014903042909934723
42.37,0.4983329251921635,-0.4070696665737427,-0.7132007741040808,0.0001469068102913878
42.38,0.5011888821885226,-0.39804644983476684,-0.7056984689877104,0.00014482731171954467
42.39,0.5039515723172874,-0.38908506471075555,-0.6982243210129329,0.00014279107385381805
42.4,0.5066228795827333,-0.38018581458052003,-0.6907775549389753,0.0001407972514022682
42.410000000000004,0.5092046657804461,-0.3713489811688491,-0.6833573995000268,0.00013884501335512876
42.42,0.5116987706564516,-0.3625748249821637,-0.6759630880705778,0.00013693354299339276
42.43,0.5141070120735499,-0.3538635857382168,-0.6685938592934746,0.0001350620378652208
42.44,0.5164311861840741,-0.34521548278982983,-0.6612489576720711,0.00013322970973330954
42.45,0.5186730676083414,-0.3366307155426651,-0.6539276341278192,0.0001314357844961439
42.46,0.5208344096181087,-0.3281094638670402,-0.6466291465246005,0.00012967950208589695
42.47,0.5229169443243878,-0.3196518885037969,-0.6393527601610645,0.00012796011634551947
42.480000000000004,0.5249223828690174,-0.31125813146424386,-0.6320977482321993,0.00012627689488741567
42.49,0.5268524156194251,-0.3029283164241972,-0.6248633922613238,0.00012462911893591745
42.5,0.5287087123660558,-0.2946625491121486,-0.6176489825036552,0.00012301608315560934
42.51,0.530492922521973,-0.2864609176915957,-0.6104538183225686,0.00012143709546742511
42.52,0.5322066753241786,-0.2783234931375727,-0.603277208539632,0.00011989147685425886
42.53,0.533851580036226,-0.27025032960742507,-0.5961184717594634,0.0001183785611577218
42.54,0.5354292261517347,-0.2622414648058738,-0.5889769366704283,0.00011689769486754395
42.550000000000004,0.5369411835984441,-0.2542969203444193,-0.5818519423221564,0.00011544823690498953
42.56,0.5383890029424715,-0.24641670209513758,-0.5747428383808327,0.00011402955840154026
42.57,0.5397742155924672,-0.2386008005389238,-0.5676489853631801,0.00011264104247399582
42.58,0.5410983340033846,-0.2308491911082413,-0.5605697548500262,0.00011128208399704377
42.59,0.5423628518796084,-0.2231618345244354,-0.5535045296803147,0.00010995208937424118
42.6,0.543569244377205,-0.21553867712967414,-0.5464527041263938,0.00010865047630826923
42.61,0.5447189683050836,-0.2079796512135789,-0.5394136840513883,0.00010737667357123635
42.62,0.545813462324875,-0.20048467533460954,-0.532386887049434,0.00010613012077572829
42.63,0.5468541471493558,-0.1930536546362701,-0.5253717425695258,0.00010491026814722626
42.64,0.5478424257392627,-0.18568648115820188,-0.5183676920237089,0.00010371657629844525
42.65,0.548779683498362,-0.17838303414223097,-0.5113741888803158,0.00010254851600608237
42.660000000000004,0.5496672884666511,-0.17114318033343917,-0.5043906987429287,0.00010140556799040883
42.67,0.5505065915115879,-0.1639667742763264,-0.4974166994157237,0.00010028722269808012
42.68,0.5512989265172573,-0.15685365860613362,-0.4904516809558321,9.919298008848473e-05
42.69,0.5520456105713972,-0.1498036643353957,-0.4834951457133314,9.812234942391463e-05
42.7,0.5527479441502183,-0.14281661113579255,-0.47654660835945856,9.707484906378656e-05
42.71,0.5534072113009666,-0.13589230761536863,-0.4696055959036169,9.605000626311297e-05
42.72,0.5540246798221846,-0.12903055159118837,-0.46267164769973024,9.504735697537557e-05
42.730000000000004,0.5546016014416412,-0.12223113035749704,-0.4557443154424772,9.406644565992809e-05
42.74,0.555139211991907,-0.11549382094945448,-0.4488231631539213,9.310682509402041e-05
42.75,0.5556387315835628,-0.10881839040250943,-0.4419077671610351,9.216805618951161e-05
42.76,0.5561013647760353,-0.10220459600748143,-0.43499771606459786,9.124970781430996e-05
42.77,0.5565283007460631,-0.09565218556141655,-0.42809261069993226,9.035135661855767e-05
42.78,0.556920713453802,-0.08916089761428267,-0.4211920640899269,8.947258686555835e-05
42.79,0.5572797618065861,-0.08273046171156885,-0.414295701390778,8.861299026742428e-05
42.800000000000004,0.5576065898203657,-0.07636059863285316,-0.40740315983086767,8.777216582540637e-05
42.81,0.5579023267788494,-0.07005102062640167,-0.4005140886431816,8.694971967485463e-05
42.82,0.5581680873903819,-0.06380143163986106,-0.39362814899165516,8.614526493474069e-05
42.83,0.5584049719425938,-0.057611527547105926,-0.38674501389182375,8.535842156166855e-05
42.84,0.5586140664548634,-0.051480996371301116,-0.3798643681261392,8.458881620828771e-05
42.85,0.5587964428286349,-0.0454095185042382,-0.3729859081543019,8.383608208600865e-05
42.86,0.558953158995637,-0.039396766922004375,-0.3661093420189457,8.309985883192288e-05
42.87,0.5590852590640544,-0.03344240739704081,-0.3592343892470014,8.237979237981838e-05
42.88,0.5591937734627015,-0.02754609870664661,-0.35236078074705174,8.167553483517622e-05
42.89,0.5592797190832532,-0.021707492837983247,-0.3454882587029808,8.09867443540317e-05
42.9,0.5593440994205874,-0.015926235189633438,-0.3386165764642095,8.031308502558099e-05
42.910000000000004,0.5593879047112952,-0.010201964769767214,-0.33174549843279844,7.965422675841019e-05
42.92,0.559412112070419,-0.004534314390966878,-0.32487479994768836,7.90098451702232e-05
42.93,0.5594176856264736,0.0010770891382385368,-0.3180042671663404,7.837962148094513e-05
42.94,0.5594055766548127,0.006632624825079785,-0.3111336969440266,7.7763242409076e-05
42.95,0.5593767237093973,0.0121326773074465,-0.3042628967110138,7.716040007117158e-05
42.96,0.559332052753028,0.017577636671931476,-0.29739168434787355,7.657079188432865e-05
42.97,0.5592724772860996,0.02296789827497386,-0.29051988805914286,7.599412047155324e-05
42.980000000000004,0.5591988984739372,0.028303862567056002,-0.2836473462455518,7.543009356989222e-05
42.99,0.5591122052727724,0.03358593491990978,-0.2767739073750261,7.487842394121233e-05
43.0,0.5590132745544185,0.0388145254566892,-0.2698994298526638,7.433882928551015e-05
43.01,0.5589029712297017,0.0439900488850671,-0.26302378188987946,7.381103215664271e-05
43.02,0.5587821483707042,0.049112924333214736,-0.25614684137289934,7.329475988037165e-05
43.03,0.5586516473318763,0.054183575188624114,-0.24926849573078558,7.278974447461112e-05
43.04,0.5585122978700698,0.05920242893973368,-0.24238864180315967,7.229572257178151e-05
43.050000000000004,0.5583649182635472,0.06416991702031907,-0.23550718570778847,7.181243534316878e-05
43.06,0.5582103154300179,0.06908647465661152,-0.22862404270818984,7.133962842519612e-05
43.07,0.5580492850437522,0.07395254071710723,-0.22173913708140772,7.087705184751578e-05
43.08,0.5578826116518211,0.07876855756503215,-0.21485240198610128,7.042445996283388e-05
43.09,0.55771106878951,0.08353497091342714,-0.20796377933108565,6.998161137838632e-05
43.1,0.5575354190949511,0.08825222968281955,-0.2010732196444563,6.95482688889862e-05
43.11,0.5573564144230188,0.09292078586144789,-0.19418068194342333,6.912419941156621e-05
43.12,0.5571747959585306,0.09754109436800708,-0.18728613360497648,6.870917392114574e-05
43.13,0.5569912943287932,0.10211361291688244,-0.18038955023749556,6.830296738815528e-05
43.14,0.5568066297155329,0.10663880188584142,-0.17349091555341678,6.790535871705283e-05
43.15,0.5566215119662462,0.11111712418615262,-0.16659022124305944,6.751613068617433e-05
43.160000000000004,0.5564366407050075,0.11554904513510235,-0.15968746684971277,6.713506988875972e-05
43.17,0.5562527054427642,0.11993503233087965,-0.15278265964607815,6.676196667510282e-05
43.18,0.5560703856871521,0.1242755555298013,-0.1458758145121567,6.639661509577713e-05
43.19,0.5558903510518602,0.12857108652584878,-0.13896695381466811,6.603881284588913e-05
43.2,0.5557132613655723,0.1328220990324901,-0.13205610728808206,6.568836121031882e-05
43.21,0.5555397667805092,0.13702906856675925,-0.12514331191733902,6.534506500990769e-05
43.22,0.555370507880598,0.14119247233556748,-0.11822861182233346,6.500873254855816e-05
43.230000000000004,0.5552061157892885,0.1453127891242201,-0.11131205814422826,6.467917556121113e-05
43.24,0.5550472122770354,0.14939049918711386,-0.10439370893366504,6.435620916267202e-05
43.25,0.554894409868468,0.1534260841405896,-0.09747362904093163,6.403965179725915e-05
43.26,0.55474831194926,0.15742002685791615,-0.09055189000814398,6.372932518924703e-05
43.27,0.5546095128727153,0.1613728113663807,-0.08362856996349646,6.342505429408618e-05
43.28,0.5544785980660834,0.1652849227464629,-0.07670375351763065,6.312666725037756e-05
43.29,0.5543561441366135,0.1691568470330681,-0.06977753166216992,6.283399533258496e-05
43.300000000000004,0.5542427189773588,0.1729890711187979,-0.0628500016704634,6.254687290447168e-05
43.31,0.5541388818727357,0.1767820826592343,-0.05592126700057995,6.226513737324702e-05
43.32,0.5540451836038474,0.1805363699802157,-0.04899143720058984,6.198862914441392e-05
43.33,0.5539621665535723,0.1842524219870822,-0.04206062781616865,6.171719157730631e-05
43.34,0.5538903648114246,0.18793072807586853,-0.0351289603005553,6.14506709413114e-05
43.35,0.5538303042781832,0.19157177804642272,-0.028196561926893245,6.118891637277113e-05
43.36,0.5537825027702933,0.1951760620174294,-0.021263565702981328,6.093177983255784e-05
43.37,0.5537474701240357,0.19874407034331604,-0.014330110288458021,6.067911606432329e-05
43.38,0.5537257082994632,0.20227629353302154,-0.00739633991444062,6.043078255341927e-05
43.39,0.5537177114840973,0.20577322217060592,-0.00046240430563831893,6.018663948649103e-05
43.4,0.5537239661963813,0.2092353468376807,0.0064715413950440235,5.994654971174489e-05
43.410000000000004,0.5537449513888816,0.21266315803763913,0.013405336699396938,5.971037869989178e-05
43.42,0.5537811385512295,0.21605714612166596,0.02033881584427976,5.947799450577207e-05
43.43,0.5538329918127933,0.21941780121650636,0.02727180785946604,5.9249267730666224e-05
43.44,0.5539009680450709,0.22274561315397384,0.03420413663295253,5.902407148529556e-05
43.45,0.5539855169637895,0.22604107140217686,0.041135620973725195,5.880228135352095e-05
43.46,0.5540870812307014,0.22930466499844415,0.04806607467197755,5.858377535674674e-05
43.47,0.5542060965550606,0.2325368824839289,0.05499530655677826,5.8368433919036784e-05
43.480000000000004,0.5543429917947653,0.23573821183987145,0.06192312055118674,5.8156139832951686e-05
43.49,0.5544981890571511,0.2389091404255011,0.06884931572481692,5.794677822611705e-05
43.5,0.5546721037994169,0.24205015491755671,0.07577368634385108,5.774023652853012e-05
43.51,0.5548651449286667,0.2451617412514065,0.08269602191850674,5.753640444061781e-05
43.52,0.5550777149015482,0.24824438456374717,0.08961610724796154,5.7335173902054695e-05
43.53,0.5553102098234685,0.2512985691368625,0.0965337224627418,5.7136439061351664e-05
43.54,0.555563019547367,0.2543247783444215,0.10344864306458208,5.6940096246227785e-05
43.550000000000004,0.5558365277720247,0.2573234945987967,0.11036063996376405,5.674604393477534e-05
43.56,0.5561311121398878,0.26029519929988204,0.11726947951394441,5.655418272743121e-05
43.57,0.5564471443343822,0.2632403727853911,0.12417492354448235,5.636441531976467e-05
43.58,0.556784990176699,0.2661594942826154,0.1310767293902783,5.617664647609582e-05
43.59,0.5571450097220232,0.2690530418616234,0.13797464991913663,5.599078300395596e-05
43.6,0.5575275573551843,0.271921492389879,0.14486843355666584,5.580673372940231e-05
43.61,0.5579329818857033,0.2747653214882613,0.15175782430873105,5.562440947319943e-05
43.62,0.5583616266422093,0.277585003488464,0.15864256178147354,5.544372302788104e-05
43.63,0.5588138295662023,0.28038101139175475,0.1655223811989141,5.52645891357043e-05
43.64,0.5592899233051332,0.2831538168290751,0.1723970134181566,5.508692446751031e-05
43.65,0.5597902353047761,0.28590389002245953,0.1792661849422097,5.491064760250289e-05
43.660000000000004,0.5603150879008654,0.2886316997477541,0.18612961793044464,5.4735679008958215e-05
43.67,0.5608647984099682,0.29133771329861397,0.19298703020670835,5.4561941025880904e-05
43.68,0.5614396792195666,0.2940223964517595,0.1998381352651111,5.4389357845617664e-05
43.69,0.5620400378773197,0.29668621343347024,0.20668264227350888,5.4217855497442526e-05
43.7,0.5626661771794764,0.29932962688729653,0.21352025607470113,5.404736183212683e-05
43.71,0.5633183952584112,0.30195309784296737,0.2203506771853648,5.3877806507506584e-05
43.72,0.5639969856692519,0.30455708568647444,0.2271736017927464,5.370912097506276e-05
43.730000000000004,0.5647022374755707,0.307142048131311,0.23398872174913407,5.354123846752592e-05
43.74,0.5654344353341078,0.30970844119084484,0.240795724564132,5.337409398751996e-05
43.75,0.5661938595784974,0.31225671915180403,0.24759429339476033,5.3207624297258326e-05
43.76,0.566980786301966,0.31478733454885494,0.25438410703340325,5.30417679093053e-05
43.77,0.5677954874389703,0.31730073814025017,0.2611648398936296,5.287646507841815e-05
43.78,0.5686382308457463,0.31979737888452625,0.2679361619939092,5.271165779448322e-05
43.79,0.5695092803797355,0.32227770391822885,0.2746977389392497,5.2547289776559366e-05
43.800000000000004,0.5704088959778587,0.3247421585346442,0.28144923190077853,5.238330646804109e-05
43.81,0.5713373337336037,0.3271911861635153,0.2881902975932942,5.22196550329607e-05
43.82,0.5722948459728964,0.3296252283517205,0.2949205882508132,5.2056284353439176e-05
43.83,0.5732816813287217,0.3320447247448937,0.30163975160013723,5.189314502830104e-05
43.84,0.5742980848144631,0.33445011306996314,0.30834743083246696,5.173018937286734e-05
43.85,0.5753442978959262,0.336841829118587,0.31504326457308784,5.156737141994359e-05
43.86,0.5764205585620156,0.3392203067314643,0.32172688684915535,5.1404646922015514e-05
43.87,0.5775271013940294,0.3415859777834978,0.32839792705560517,5.1241973354666594e-05
43.88,0.5786641576335411,0.3439392721697874,0.3350560099192162,5.1079309921234296e-05
43.89,0.5798319552488314,0.34628061779243086,0.34170075546085293,5.091661755871866e-05
43.9,0.5810307189998398,0.34861044054810947,0.3483317789559154,5.075385894495972e-05
43.910000000000004,0.5822606705015999,0.3509291643164365,0.3549486908930236,5.0590998507096506e-05
43.92,0.583522028286124,0.35323721094904437,0.3615510969309659,5.0428002431327775e-05
43.93,0.5848150078627039,0.35553500025938883,0.3681385978539384,5.0264838673985205e-05
43.94,0.5861398217765922,0.3578229500132464,0.37471078952510556,5.0101476973935575e-05
43.95,0.5874966796660288,0.36010147591988184,0.3812672628385101,4.993788886633157e-05
43.96,0.5888857883175791,0.3623709916238629,0.38780760366936246,4.9774047697724454e-05
43.97,0.5903073517197465,0.36463190869749823,0.3943313928227397,4.960992864255265e-05
43.980000000000004,0.5917615711148244,0.3668846366338755,0.4008382059807242,4.944550872102504e-05
43.99,0.5932486450489526,0.36912958284047565,0.40732761364801273,4.9280766818416364e-05
44.0,0.59476876942034,0.3713671526333397,0.41379918109602776,4.911568370578808e-05
44.01,0.5963221375256187,0.37359774923176414,0.4202524683055626,4.89502420621509e-05
44.02,0.5979089401042925,0.37582177375350084,0.42668702990799257,4.8784426498090296e-05
44.03,0.5995293653812419,0.37803962521043744,0.4331024151250853,4.861822358086602e-05
44.04,0.6011835991072488,0.38025170050473367,0.439498167707444,4.845162186100112e-05
44.050000000000004,0.6028718245975038,0.3824583944253893,0.44587382587161695,4.8284611900385505e-05
44.06,0.6045942227680569,0.3846600996452195,0.4522289222359094,4.811718630190088e-05
44.07,0.6063509721701743,0.38685720671821217,0.45856298375493193,4.7949339740584784e-05
44.08,0.6081422490225623,0.389050104077243,0.46487553165292284,4.7781068996357004e-05
44.09,0.6099682272414187,0.39123917803212316,0.4711660813558809,4.761237298831598e-05
44.1,0.6118290784682738,0.3934248127679543,0.4774341424225467,4.7443252810623245e-05
44.11,0.6137249720955792,0.39560739034376613,0.4836792184742714,4.7273711769995326e-05
44.12,0.6156560752900067,0.3977872906914101,0.4899008071238126,4.710375542481204e-05
44.13,0.6176225530134144,0.399964891614685,0.4960983999030982,4.693339162585919e-05
44.14,0.6196245680414414,0.4021405687886678,0.5022714821899997,4.6762630558722604e-05
44.15,0.6216622809796877,0.404314695759224,0.508419533134159,4.6591484787840685e-05
44.160000000000004,0.6237358502774389,0.40648764394267217,0.5145420255819108,4.641996930223161e-05
44.17,0.6258454322388936,0.40865978262557534,0.5206384260003475,4.6248101562916065e-05
44.18,0.6279911810318499,0.41083147896463396,0.5267081944005737,4.607590155203183e-05
44.19,0.6301732486938094,0.4130030979866536,0.5327507842601955,4.590339182366162e-05
44.2,0.6323917851354542,0.4151750025885601,0.5387656424450972,4.573059755638728e-05
44.21,0.6346469381414532,0.4173475535374367,0.544752209130554,4.555754660756875e-05
44.22,0.636938853368554,0.4195211094705546,0.5507099177217345,4.5384269569365214e-05
44.230000000000004,0.639267674340915,0.42169602689537095,0.5566381947736456,4.521079982650185e-05
44.24,0.6416335424426324,0.42387266018946623,0.5625364599105772,4.503717361579068e-05
44.25,0.644036596907417,0.42605136160039403,0.5684041257451027,4.48634300874036e-05
44.26,0.646476974805374,0.42823248124541485,0.5742405977966955,4.468961136790769e-05
44.27,0.6489548110268395,0.4304163671110866,0.5800452744100226,4.4515762625062516e-05
44.28,0.6514702382632261,0.43260336505268343,0.5858175466729791,4.4341932134375886e-05
44.29,0.6540233869848312,0.4347938187934147,0.5915567983345278,4.4168171347417186e-05
44.300000000000004,0.6566143854155582,0.43698806992341543,0.5972624057224127,4.3994534961883656e-05
44.31,0.659243359504504,0.43918645789847977,0.6029337376608163,4.382108099341427e-05
44.32,0.661910432894362,0.4413893200385087,0.6085701553880316,4.3647870849142036e-05
44.33,0.6646157268865933,0.4435969915256424,0.6141710124742262,4.347496940296957e-05
44.34,0.6673593604033138,0.44580980540204856,0.6197356547393726,4.330244507255561e-05
44.35,0.6701414499458491,0.4480280925673368,0.6252634201714273,4.3130369897997366e-05
44.36,0.6729621095499058,0.4502521817755696,0.6307536388448401,4.295881962218337e-05
44.37,0.6758214507373069,0.45248239963184,0.6362056328394798,4.278787377279722e-05
44.38,0.6787195824642428,0.4547190705883857,0.6416187161600645,4.2617615745940776e-05
44.39,0.6816566110659824,0.45696251694020895,0.6469921946561881,4.2448132891348734e-05
44.4,0.6846326401979954,0.4592130588201729,0.6523253659430387,4.227951659915561e-05
44.410000000000004,0.687647770773431,0.46147101419354175,0.6576175193229057,4.211186238817661e-05
44.42,0.6907021008969015,0.46373669885193575,0.6628679357075777,4.194526999566061e-05
44.43,0.6937957257945179,0.46601042640666795,0.6680758875417367,4.1779843468461126e-05
44.44,0.6969287377401223,0.46829250828143304,0.6732406387274561,4.1615691255575526e-05
44.45,0.700101225977667,0.470583253704315,0.6783614445499159,4.145292630198777e-05
44.46,0.7033132766396827,0.47288296969908294,0.6834375516044507,4.129166614375161e-05
44.47,0.7065649726617853,0.47519196107574274,0.688468197725051,4.113203300424461e-05
44.480000000000004,0.709856393693166,0.4775105304203115,0.6934526119144407,4.097415389150959e-05
44.49,0.7131876160030101,0.47983897808378323,0.6983900142758622,4.08181606966019e-05
44.5,0.7165587123827921,0.48217760217025285,0.7032796159466977,4.0664190292852604e-05
44.51,0.7199697520443927,0.4845266985241649,0.708120619034068,4.0512384635942204e-05
44.52,0.723420800513983,0.4868865607166548,0.7129122165525469,4.0362890864683344e-05
44.53,0.7269119195216243,0.48925748003094854,0.7176535923641406,4.021586140239266e-05
44.54,0.7304431668865277,0.49163974544678757,0.7223439211206808,4.007145405873208e-05
44.550000000000004,0.7340145963979237,0.4940336436238455,0.726982368208789,3.992983213188484e-05
44.56,0.7376262576914858,0.4964394588841018,0.7315680896975733,3.9791164510918694e-05
44.57,0.7412781961212587,0.49885747319313933,0.736100232289222,3.9655625778191295e-05
44.58,0.7449704526270372,0.5012879661403308,0.7405779332726683,3.952339631163303e-05
44.59,0.7487030635971474,0.50373121491788,0.7450003204805009,3.9394662386732415e-05
44.6,0.7524760607265777,0.5061874942986829,0.7493665122493036,3.92696162780384e-05
44.61,0.7562894708704111,0.5086570766129747,0.7536756173836118,3.914845635998667e-05
44.62,0.7601433158925108,0.5111402317237257,0.7579267351236801,3.9031387206839914e-05
44.63,0.7640376125094109,0.5136372270007548,0.7621189551172601,3.8918619691519835e-05
44.64,0.767972372129366,0.516148327293521,0.7662513573955935,3.8810371083100394e-05
44.65,0.7719476006865148,0.5186737949025614,0.7703230123538334,3.870686514271119e-05
44.660000000000004,0.775963298470115,0.5212138895495378,0.7743329807361102,3.86083322175879e-05
44.67,0.7800194599488051,0.523768868345858,0.7782803136254671,3.851500933299921e-05
44.68,0.7841160735898548,0.5263389857598353,0.7821640524388942,3.842714028175491e-05
44.69,0.788253121673365,0.5289244935823517,0.7859832289276995,3.834497571098796e-05
44.7,0.7924305801013798,0.5315256408909883,0.7897368651834591,3.826877320588856e-05
44.71,0.7966484182018764,0.5341426740125876,0.793423973649797,3.819879737004856e-05
44.72,0.8009065985276012,0.5367758364842131,0.79704355714025,3.813531990206452e-05
44.730000000000004,0.8052050766497217,0.5394253690124688,0.8005946088624825,3.807861966801962e-05
44.74,0.8095438009462675,0.5420915094311454,0.8040761124491199,3.8028982769453825e-05
44.75,0.8139227123853351,0.5447744926571558,0.8074870419954786,3.798670260641405e-05
44.76,0.8183417443030365,0.5474745506447269,0.8108263621044751,3.795207993514935e-05
44.77,0.8228008221761729,0.5501919123378104,0.8140930279390062,3.792542292000796e-05
44.78,0.8272998633896184,0.5529268036206793,0.817285985282097,3.790704717906743e-05
44.79,0.8318387769984041,0.555679447266675,0.820404170605122,3.789727582299975e-05
44.800000000000004,0.8364174634844941,0.5584500628850707,0.8234465111444106,3.789643948667141e-05
44.81,0.8410358145082507,0.5612388668660169,0.8264119249865539,3.79048763529484e-05
44.82,0.8456937126545916,0.5640460723235348,0.829299321162742,3.792293216814789e-05
44.83,0.8503910311738431,0.5668718890365254,0.8321075997524595,3.795096024856948e-05
44.84,0.8551276337173017,0.5697165233877606,0.8348356519968823,3.798932147751084e-05
44.85,0.85990337406752,0.572580178300823,0.8374823604223184,3.803838429214747e-05
44.86,0.8647180958633375,0.5754630531749643,0.8400465989740473,3.809852465964579e-05
44.87,0.8695716323196845,0.5783653438178491,0.8425272331609164,3.817012604184804e-05
44.88,0.8744638059421926,0.5812872423761546,0.8449231202110595,3.825357934784057e-05
44.89,0.8793944282366505,0.5842289372639945,0.8472331092391104,3.8349282873712e-05
44.9,0.8843632994133513,0.5871906130891397,0.8494560414252882,3.8457642228772456e-05
44.910000000000004,0.8893702080863862,0.5901724505770055,0.8515907502067392,3.857907024748625e-05
44.92,0.8944149309679429,0.5931746264923783,0.8536360614815254,3.8713986886355426e-05
44.93,0.8994972325576785,0.5961973135588544,0.8555907938256533,3.88628191049603e-05
44.94,0.9046168648272424,0.5992406803759661,0.8574537587235457,3.9026000730357413e-05
44.95,0.9097735669000333,0.6023048913339686,0.8592237608123601,3.920397230400375e-05
44.96,0.914967064726285,0.6053901065262658,0.8608995981405649,3.939718091036292e-05
44.97,0.9201970707535814,0.6084964816594512,0.8624800624411884,3.9606079986329856e-05
44.980000000000004,0.925463283592914,0.6116241679609432,0.8639639394201565,3.983112911059802e-05
44.99,0.9307653876804026,0.6147733120841951,0.8653500090601459,4.007279377207323e-05
45.0,0.936103052934812,0.617944056011461,0.8666370459403727,4.033154511642323e-05
45.01,0.9414759344110057,0.6211365369541015,0.8678238195727486,4.060785966984909e-05
45.02,0.9468836719494927,0.6243508872504133,0.8689090947548317,4.090221903914134e-05
45.03,0.9523258898222298,0.6275872342609694,0.8698916319400062,4.121510958708042e-05
45.04,0.9578021963748575,0.6308457002614588,0.8707701876253217,4.1547022082238484e-05
45.050000000000004,0.9633121836655604,0.6341264023330152,0.871543514757426,4.1898451322234045e-05
45.06,0.9688554271007507,0.6374294522500281,0.8722103631570252,4.226989572947556e-05
45.07,0.9744314850677932,0.6407549563654298,0.8727694799623016,4.266185691845178e-05
45.08,0.980039898564999,0.6441030154934558,0.8732196100917213,4.3074839233617314e-05
45.09,0.9856801908291307,0.6474737247898775,0.8735594967266588,4.3509349256929055e-05
45.1,0.9913518669606779,0.6508671736297088,0.8737878818142624,4.396589528410447e-05
45.11,0.9970544135471726,0.6542834454823909,0.873903506590983,4.444498676868372e-05
45.12,1.0027872982848351,0.6577226177844628,0.8739051121271799,4.494713373299559e-05
45.13,1.0085499695988513,0.6611847618097263,0.8737914398932134,4.547284614515302e-05
45.14,1.0143418562626025,0.6646699425369198,0.873561232347427,4.6022633261219715e-05
45.15,1.0201623670161826,0.6681782185149157,0.8732132335464132,4.6597002931732976e-05
45.160000000000004,1.0260108901845566,0.6717096417254613,0.8727461897779467,4.7196460871808334e-05
45.17,1.0318867932957319,0.6752642574434864,0.8721588502169606,4.782150989407022e-05
45.18,1.0377894226993285,0.6788421040950021,0.8714499676049275,4.847264910371447e-05
45.19,1.0437181031859564,0.682443213112623,0.8706182989529955,4.915037305508189e-05
45.2,1.0496721376078257,0.6860676087887448,0.8696626062692131,4.9855170869143985e-05
45.21,1.0556508065010324,0.6897153081264163,0.8685816573101648,5.058752531138756e-05
45.22,1.0616533677099838,0.693386320687947,0.8673742263573171,5.134791182966905e-05
45.230000000000004,1.0676790560144476,0.6970806484412964,0.8660390950183602,5.2136797551661897e-05
45.24,1.073727082759726,0.7007982856042964,0.8645750530538076,5.295464024163253e-05
45.25,1.0797966354904793,0.7045392184867615,0.8629808992290958,5.380188721636716e-05
45.26,1.0858868775887416,0.7083034253305472,0.8612554421924012,5.4678974220171325e-05
45.27,1.0919969479166947,0.7120908761476206,0.8593975013783668,5.5586324258972794e-05
45.28,1.098125960464783,0.7159015325562142,0.8574059079379042,5.652434639369734e-05
45.29,1.1042730040057787,0.7197353476151387,0.8552795056942075,5.749343449318739e-05
45.300000000000004,1.1104371417554202,0.7235922656563327,0.8530171521250846,5.8493965947092695e-05
45.31,1.1166174110402785,0.7274722221157393,0.8506177193716784,5.9526300339304695e-05
45.32,1.1228128229735157,0.7313751433625978,0.8480800952736174,6.059077808265107e-05
45.33,1.129022362139232,0.7353009465272514,0.8454031844305958,6.168771901573814e-05
45.34,1.135244986286109,0.739249539327572,0.8425859092903473,6.281742096301437e-05
45.35,1.1414796260310889,0.7432208198941138,0.8396272112629333,6.398015825928874e-05
45.36,1.147725184573839,0.7472146765941113,0.8365260518612256,6.517618024014926e-05
45.37,1.1539805374227816,0.7512309878544442,0.833281413867417,6.640570969992128e-05
45.38,1.160244532133483,0.7552696219836987,0.8298923025253461,6.766894131901769e-05
45.39,1.1665159880602214,0.7593304369934617,0.8263577467583736,6.896604006275962e-05
45.4,1.1727936961215666,0.7634132804189895,0.8226768004124959,7.029713955395763e-05
45.410000000000004,1.1790764185808327,0.7675179891394024,0.8188485435243261,7.166234042180383e-05
45.42,1.1853628888422745,0.7716443891975616,0.814872083613519,7.306170862986122e-05
45.43,1.191651811263925,0.7757922956197925,0.8107465569991553,7.44952737861803e-05
45.44,1.1979418609879826,0.7799615122356255,0.806471130139542,7.59630274388521e-05
45.45,1.2042316837896794,0.7841518314977357,0.8020450009948216,7.746492136056433e-05
45.46,1.210519895945572,0.7883630343022646,0.7974674004117186,7.900086582599462e-05
45.47,1.2168050841222178,0.7925948898097211,0.7927375935296831,8.05707278861776e-05
45.480000000000004,1.223085805286208,0.7968471552666623,0.7878548812076234,8.217432964423444e-05
45.49,1.2293605866365476,0.8011195758283632,0.7828186014703474,8.381144653715454e-05
45.5,1.2356279255603786,0.805411884382695,0.7776281309737594,8.548180562861414e-05
45.51,1.2418862896130574,0.8097238013754338,0.7722828864877822,8.718508391810157e-05
45.52,1.2481341165236053,0.8140550346372369,0.7667823263958996,8.892090667190041e-05
45.53,1.254369814226559,0.8184052792125246,0.7611259522101321,9.06888457817788e-05
45.54,1.2605917609212522,0.822774217190517,0.7553133101001807,9.248841815751786e-05
45.550000000000004,1.2667983051595688,0.827161517538684,0.7493439924353893,9.431908415968455e-05
45.56,1.2729877659632012,0.8315668359388714,0.7432176393380938,9.6180246079351e-05
45.57,1.2791584329714616,0.8359898146263748,0.7369339402468387,9.807124667168635e-05
45.58,1.2853085666206776,0.8404300822322437,0.7304926354878588,9.999136775064906e-05
45.59,1.2914363983562123,0.8448872536291,0.7238935178531336,0.00010193982885223758
45.6,1.2975401308781354,0.849360929780768,0.7171364341832345,0.00010391578597395494
45.61,1.3036179384215667,0.8538506975960165,0.7102212869530964,0.00010591833039840537
45.62,1.3096679670727023,0.8583561297867228,0.703148035858757,0.00010794648760910952
45.63,1.3156883351215192,0.8628767847307747,0.6959166994030141,0.00010999921630678942
45.64,1.3216771334521387,0.8674122063400325,0.6885273564778674,0.00011207540753456081
45.65,1.3276324259718113,0.8719619239336811,0.6809801479415146,0.00011417388392055546
45.660000000000004,1.3335522500794603,0.876525452117307,0.6732752781875911,0.00011629339904660284
45.67,1.339434617174699,0.8811022906680415,0.6654130167042477,0.00011843263695169354
45.68,1.3452775132082082,0.8856919244261166,0.6573936996205775,0.00012059021177893279
45.69,1.3510788992743292,0.8902938231931866,0.6492177312378177,0.00012276466757472166
45.7,1.3568367122466893,0.8949074416377715,0.6408855855426655,0.00012495447824884066
45.71,1.3625488654576443,0.8995322192081825,0.6323978076999689,0.00012715804770403562
45.72,1.3682132494222772,0.9041675800532977,0.6237550155219713,0.00012937371014356576
45.730000000000004,1.3738277326076462,0.9088129329515534,0.6149579009112135,0.000131599730565008
45.74,1.3793901622479303,0.9134676712485253,0.6060072312741214,0.00013383430544838327
45.75,1.3848983652060634,0.9181311728034722,0.5969038509022402,0.00013607556364637883
45.76,1.3903501488823935,0.9228027999452192,0.5876486823180065,0.00013832156748414426
45.77,1.3957433021708454,0.9274818994377572,0.578242727581889,0.00014057031407572915
45.78,1.4010755964629975,0.932167802455938,0.5686870695576725,0.00014281973686378687
45.79,1.4063447867004166,0.9368598245716411,0.5589828731326031,0.00014506770738869756
45.800000000000004,1.4115486124755263,0.9415572657507915,0.5491313863890714,0.0001473120372926797
45.81,1.4166847991812035,0.9462594103616033,0.5391339417244635,0.00014955048056384607
45.82,1.4217510592092222,0.9509655271944235,0.5289919569157783,0.0001517807360244977
45.83,1.4267450931975787,0.9556748694935465,0.5187069361255808,0.00015400045006719
45.84,1.4316645913266475,0.9603866750013669,0.5082804708458396,0.0001562072196413052
45.85,1.4365072346640224,0.965100166015232,0.49771424077618215,0.0001583985954920396
45.86,1.4412706965578101,0.9698145494573526,0.48701001463309795,0.00016057208565273994
45.87,1.4459526440780373,0.9745290169581211,0.47616965088662105,0.00016272515919058103
45.88,1.4505507395057398,0.9792427449531814,0.46519509842103474,0.0001648552502045435
45.89,1.4550626418691917,0.9839548947945842,0.45408839711616206,0.0001669597620735461
45.9,1.4594860085266284,0.9886646128763551,0.4428516783458358,0.00016903607195146878
45.910000000000004,1.4638184967947063,0.9933710307747898,0.431487165390181,0.00017108153550460259
45.92,1.46805776562183,0.9980732654037815,0.41999717375839346,0.0001730934918858427
45.93,1.4722014773053596,1.0027704191854714,0.40838411141875713,0.00017506926893867718
45.94,1.4762472992515958,1.007461580236503,0.3966504789327153,0.0001770061886227246
45.95,1.4801929057773218,1.0121458225701427,0.3847988694898919,0.000178901572651235
45.96,1.4840359799515532,1.0168222063145163,0.37283196884105196,0.0001807527483296425
45.97,1.4877742154760327,1.0214897779471943,0.36075255512609655,0.00018255705458287757
45.980000000000004,1.4914053186028742,1.0261475705463416,0.34856349859430075,0.00018431184815778182
45.99,1.4949270100876426,1.0307946040586256,0.336267761214134,0.00018601450998560065
46.0,1.4983370271760246,1.0354298855840618,0.3238683961701392,0.00018766245168817222
46.01,1.501633125622124,1.0400524096779526,0.3113685472444997,0.00018925312221007307
46.02,1.5048130817362875,1.0446611586700525,0.2987714480810855,0.00019078401455767917
46.03,1.5078746944602415,1.0492551030010715,0.2860804213299448,0.00019225267262481187
46.04,1.5108157874672,1.0538332015766054,0.27329887767039335,0.00019365669808340473
46.050000000000004,1.5136342112844772,1.0583944021385545,0.26043031471105205,0.00019499375731644206
46.06,1.516327845436021,1.0629376416540688,0.24747831576539206,0.00019626158836930926
46.07,1.5188946006021626,1.067461846722029,0.23444654850156582,0.0001974580078946613
46.08,1.521332420793767,1.0719659339970482,0.22133876346553458,0.00019858091806494176
46.09,1.5236392855378493,1.076448810630947,0.20815879247674246,0.00019962831342584654
46.1,1.5258132120716226,1.0809093747316272,0.1949105468958386,0.00020059828766326763
46.11,1.527852257541831,1.0853465158392392,0.18159801576420884,0.0002014890402556164
46.12,1.5297545212061283,1.089759115419511,0.16822526381534755,0.00020229888298290238
46.13,1.5315181466331629,1.094146047374065,0.15479642935837698,0.00020302624626357835
46.14,1.5331413238979448,1.0985061785675307,0.1413157220343069,0.00020366968528992763
46.15,1.5346222917689885,1.1028383693712174,0.1277874204459185,0.00020422788593266636
46.160000000000004,1.5359593398836453,1.1071414742230836,0.11421586966245455,0.00020469967038551625
46.17,1.537150810907975,1.1114143422037068,0.10060547860060057,0.00020508400252072995
46.18,1.5381951026774419,1.1156558176279194,0.08696071728354968,0.00020537999292695485
46.19,1.5390906703146674,1.119864740651748,0.07328611398025422,0.00020558690360138892
46.2,1.539836028320429,1.1240399478942547,0.05958625222728119,0.00020570415226892782
46.21,1.5404297526340556,1.128180273073848,0.04586576773600311,0.00020573131630193428
46.22,1.5408704826593427,1.1322845476585943,0.032129345188171884,0.0002056681362153596
46.230000000000004,1.5411569232520965,1.1363516015300301,0.018381714923237598,0.00020551451871321242
46.24,1.541287846665405,1.1403802636599358,0.004627649521087712,0.00020527053926385595
46.25,1.5412620944487352,1.1443693627995077,-0.009128039715807914,0.00020493644418320255
46.26,1.541078579296974,1.1483177281803194,-0.02288050637655421,0.00020451265220669033
46.27,1.5407362868455474,1.1522241902264434,-0.03662487264769755,0.00020399975553288656
46.28,1.5402342774077913,1.156087581277064,-0.050356233105914416,0.0002033985203236341
46.29,1.539571687650788,1.159906736318882,-0.06406965859234756,0.00020270988664794362
46.300000000000004,1.5387477322059449,1.1636804937275866,-0.07776020016313696,0.00020193496785920337
46.31,1.537761705210654,1.1674076960176334,-0.09142289311042472,0.0002010750493977733
46.32,1.5366129817774514,1.1710871905995435,-0.10505276104785581,0.0002001315870136507
46.33,1.535301019387186,1.1747178305439103,-0.11864482005435212,0.00019910620440660238
46.34,1.53382535920281,1.1782984753512735,-0.1321940828697057,0.00019800069028393688
46.35,1.5321856273005101,1.1818279917269963,-0.14569556313532056,0.00019681699483892898
46.36,1.5303815358150306,1.1853052543602562,-0.1591442796732316,0.00019555722565580628
46.37,1.5284128839961626,1.1887291467062422,-0.17253526079634415,0.00019422364305012144
46.38,1.5262795591735285,1.1920985617706255,-0.18586354864267163,0.00019281865485623248
46.39,1.5239815376269374,1.1954124028953559,-0.19912420352620008,0.00019134481067654171
46.4,1.5215188853597577,1.1986695845448196,-0.2123123082968797,0.00018980479561000226
46.410000000000004,1.518891758772923,1.2018690330913748,-0.22542297270213477,0.00018820142348022185
46.42,1.516100405237372,1.205009687599274,-0.23845133774219573,0.00018653762958623522
46.43,1.513145163562917,1.2080905006059677,-0.2513925800114905,0.0001848164630016601
46.44,1.510026464361729,1.2111104388997753,-0.2642419160182884,0.00018304107845050195
46.45,1.506744830304844,1.2140684842929028,-0.2769946064747678,0.00018121472779025936
46.46,1.5033008762703008,1.2169636343887822,-0.2896459605496804,0.00017934075113523574
46.47,1.499695309381745,1.2197949033427047,-0.30219134007580817,0.00017742256765505696
46.480000000000004,1.4959289289365596,1.22256132261472,-0.3146261637044582,0.0001754636660852797
46.49,1.4920026262228148,1.2252619417137753,-0.3269459109993098,0.00017346759498866994
46.5,1.4879173842245597,1.2278958289320725,-0.33914612646202436,0.00017143795280722342
46.51,1.4836742772152236,1.2304620720686283,-0.3512224234821436,0.0001693783777462522
46.52,1.479274470239131,1.2329597791410318,-0.3631704882039452,0.00016729253753287459
46.53,1.4747192184813793,1.2353880790844038,-0.3749860833030851,0.00016518411909202896
46.54,1.4700098665265713,1.2377461224365778,-0.38666505166604265,0.00016305681818363474
46.550000000000004,1.465147847507139,1.240033082008536,-0.39820331996559105,0.0001609143290448029
46.56,1.4601346821422383,1.2422481535391539,-0.40959690212574335,0.00015876033408100297
46.57,1.4549719776684364,1.2443905563333277,-0.4208419026698722,0.00015659849364979024
46.58,1.4496614266636532,1.2464595338825772,-0.43193451994596926,0.00015443243598024206
46.59,1.4442048057660524,1.2484543544672482,-0.442871049223296,0.00015226574727042686
46.6,1.4386039742898145,1.250374311739459,-0.4536478856549805,0.00015010196200419097
46.61,1.4328608727399466,1.2522187252859693,-0.4642615271014349,0.0001479445535273101
46.62,1.42697752122851,1.2539869411701758,-0.4747085768098036,0.0001457969249215288
46.63,1.4209560177948581,1.255678332452477,-0.48498574594499977,0.00014366240021324597
46.64,1.4147985366326887,1.257292299688278,-0.49508985596825045,0.00014154421595169214
46.65,1.4085073262269143,1.258828271402949,-0.5050178408594432,0.0001394455131892869
46.660000000000004,1.4020847074035465,1.260285704543081,-0.5147667491799492,0.00013736932989453983
46.67,1.3955330712959708,1.2616640849034293,-0.52433374597299,0.00013531859382537371
46.68,1.3888548772311666,1.2629629275289704,-0.5337161144990122,0.0001332961158881024
46.69,1.3820526505395845,1.2641817770915431,-0.5429112578039406,0.00013130458400456338
46.7,1.375128980292548,1.2653202082405843,-0.551916700118583,0.00012934655750700732
46.71,1.3680865169711878,1.2663778259275182,-0.5607300880878774,0.0001274244620774345
46.72,1.3609279700710437,1.2673542657033983,-0.569349191829077,0.00012554058524503602
46.730000000000004,1.3536561056465866,1.2682491939894505,-0.5777719058183821,0.00012369707245234355
46.74,1.3462737438000192,1.2690623083202115,-0.5859962496059377,0.00012189592369764327
46.75,1.338783756118804,1.269793337559,-0.5940203683595169,0.00012013899075814045
46.76,1.3311890630664454,1.2704420420855118,-0.601842533237616,0.00011842797499529123
46.77,1.32349263133112,1.2710082139553711,-0.6094611415930754,0.00011676442574074644
46.78,1.3156974711368021,1.271491677031523,-0.616874717008729,0.00011514973925842029
46.79,1.3078066335215688,1.2718922870873954,-0.6240819091669639,0.00011358515827533214
46.800000000000004,1.2998232075877951,1.2722099318818099,-0.631081493555435,0.00011207177207112512
46.81,1.291750317728967,1.2724445312056647,-0.6378723710115356,0.00011061051711355097
46.82,1.2835911208378337,1.2725960369004645,-0.6444535671085717,0.00010920217822468875
46.83,1.2753488035006122,1.2726644328488108,-0.650824231386909,0.00010784739026033062
46.84,1.2670265791819328,1.2726497349370207,-0.656983636433684,0.00010654664028280092
46.85,1.25862768540517,1.2725519909900793,-0.6629311768149632,0.00010530027020542817
46.86,1.2501553809327592,1.2723712806791796,-0.6686663678645217,0.00010410847988505884
46.87,1.24161294295104,1.2721077154021458,-0.6741888443336739,0.00010297133063737891
46.88,1.233003664264084,1.2717614381370745,-0.6794983589068391,0.00010188874914834015
46.89,1.2243308505008939,1.2713326232695752,-0.6845947805877544,0.00010086053175375752
46.9,1.2155978173402562,1.2708214763940235,-0.6894780929614571,9.988634905805798e-05
46.910000000000004,1.2068078877574344,1.2702282340892863,-0.6941483923373507,9.896575086234023e-05
46.92,1.1979643892967689,1.2695531636694066,-0.6986058857788413,9.80981713712746e-05
46.93,1.1890706513741331,1.2687965629097773,-0.7028508890251843,9.728293464790067e-05
46.94,1.180130002613063,1.2679587597493636,-0.7068838243113148,9.651926028513153e-05
46.95,1.1711457682182393,1.2670401119695647,-0.7107052180915469,9.580626926273277e-05
46.96,1.1621212673898582,1.2660410068503383,-0.7143156986731238,9.51429899586748e-05
46.97,1.1530598107822734,1.2649618608042366,-0.7177159937656744,9.452836428404116e-05
46.980000000000004,1.143964698010137,1.2638031189890313,-0.7209069279526854,9.396125391116205e-05
46.99,1.1348392152051057,1.2625652548996278,-0.723889420091139,9.344044656527399e-05
47.0,1.1256866326260087,1.2612487699399935,-0.7266644806454798,9.29646623507943e-05
47.01,1.1165102023252096,1.2598541929758427,-0.7292332089620791,9.253256008418933e-05
47.02,1.1073131558737168,1.258382079868845,-0.7315967904903423,9.214274360650443e-05
47.03,1.0980987021474227,1.256833012993134,-0.733756493956577,9.179376804974495e-05
47.04,1.088870025176676,1.255207600734914,-0.7357136684966828,9.148414603256989e-05
47.050000000000004,1.0796302820612118,1.2535064769759727,-0.7374697407536607,9.121235376209666e-05
47.06,1.070382600952285,1.2517303005619198,-0.7390262119458588,9.097683702006645e-05
47.07,1.0611300791036737,1.2498797547559795,-0.7403846549117745,9.077601701307628e-05
47.08,1.0518757809930415,1.247955546679176,-0.7415467111371227,9.060829606812134e-05
47.09,1.0426227365149672,1.2459584067377523,-0.7425140877697626,9.047206315628211e-05
47.1,1.0333739392467811,1.243889088038667,-0.743288554627938,9.036569922897373e-05
47.11,1.024132344788165,1.241748365794021,-0.7438719412071425,9.028758235280683e-05
47.12,1.014900869175308,1.2395370367152576,-0.7442661336907687,9.023609263069059e-05
47.13,1.0056823873702427,1.2372559183979877,-0.7444730719695339,9.020961689845067e-05
47.14,0.9964797318258157,1.234905848698279,-0.7444947466745061,9.020655318781162e-05
47.15,0.9872956911265947,1.232487685101252,-0.7443331962283704,9.022531494815353e-05
47.160000000000004,0.97813300870585,1.230002304082815,-0.7439905039193948,9.026433502098157e-05
47.17,0.9689943816386029,1.2274506004653603,-0.7434687950023589,9.032206936252781e-05
47.18,0.9598824595105825,1.2248334867682433,-0.7427702338305139,9.039700051134266e-05
47.19,0.9507998433627937,1.2221518925538462,-0.7418970210224423,9.048764079910168e-05
47.2,0.9417490847112614,1.2194067637700212,-0.7408513906674803,9.059253530417546e-05
47.21,0.9327326846413863,1.2165990620896967,-0.7396356075731615,9.07102645487384e-05
47.22,0.9237530929762228,1.2137297642484106,-0.7382519645579307,9.083944694137669e-05
47.230000000000004,0.9148127075178711,1.210799861380526,-0.73670277979217,9.09787409682561e-05
47.24,0.9059138733610634,1.207810358354862,-0.7349903941903683,9.112684713691167e-05
47.25,0.8970588822779162,1.2047622731104637,-0.7331171688570585,9.128250967769181e-05
47.26,0.8882499721727233,1.2016566359932062,-0.7310854825889388,9.144451800872378e-05
47.27,0.8794893266055683,1.198494489093921,-0.7288977294353891,9.161170797104933e-05
47.28,0.8707790743834497,1.1952768855887053,-0.7265563163193894,9.178296284129355e-05
47.29,0.8621212892175286,1.1920048890820558,-0.7240636607206492,9.195721412983424e-05
47.300000000000004,0.853517989445038,1.1886795729534543,-0.7214221884225572,9.21334421729764e-05
47.31,0.8449711378143202,1.1853020197080013,-0.7186343313243705,9.231067652811297e-05
47.32,0.8364826413314003,1.1818733203316811,-0.7157025253198703,9.248799618121343e-05
47.33,0.8280543511664453,1.1783945736518158,-0.7126292082435317,9.26645295763165e-05
47.34,0.819688062618411,1.1748668857032418,-0.7094168178850719,9.283945447694011e-05
47.35,0.8113855151361316,1.171291369100726,-0.706067790073071,9.301199766948454e-05
47.36,0.8031483923940725,1.167669142418109,-0.7025845568281893,9.31814345188424e-05
47.37,0.7949783224209312,1.1640013295746443,-0.6989695445863459,9.334708838644908e-05
47.38,0.7868768777792453,1.1602890592289807,-0.695225172492064,9.350832992102038e-05
47.39,0.7788455757941459,1.1565334641812062,-0.6913538507620435,9.36645762321808e-05
47.4,0.770885878829376,1.1527356807833553,-0.6873579791188741,9.381528995703994e-05
47.410000000000004,0.7629991946086828,1.1488968483587574,-0.6832399452946692,9.395997822965112e-05
47.42,0.7551868765806875,1.1450181086305768,-0.6790021236042701,9.409819156310123e-05
47.43,0.7474502243253293,1.1411006051598807,-0.674646873587546,9.422952265373001e-05
47.44,0.7397904839999878,1.1371454827935388,-0.6701765387202018,9.435360511672532e-05
47.45,0.73220884882339,1.1331538871222477,-0.6655934451923939,9.447011216204485e-05
47.46,0.7247064595954182,1.1291269639489434,-0.6608999007543546,9.457875521931252e-05
47.47,0.7172844052509524,1.1250658587678446,-0.6560981936281253,9.467928251998643e-05
47.480000000000004,0.709943723445892,1.120971716254354,-0.6511905914844163,9.477147764473567e-05
47.49,0.7026854011735276,1.116845679766019,-0.6461793404835212,9.485515804360911e-05
47.5,0.6955103754094533,1.112688890854733,-0.6410666643791443,9.493017353617362e-05
47.51,0.6884195337832366,1.1085024887903447,-0.6358547636839252,9.499640479843774e-05
47.52,0.6814137152750938,1.1042876100958146,-0.6305458148953841,9.505376184294328e-05
47.53,0.6744937109358472,1.1000453880940464,-0.6251419697809525,9.510218249802906e-05
47.54,0.6676602646284757,1.0957769524665026,-0.6196453547207037,9.514163089187995e-05
47.550000000000004,0.6609140737896044,1.0914834288236879,-0.6140580701063513,9.517209594653899e-05
47.56,0.6542557902093167,1.0871659382875785,-0.608382189795043,9.519358988669747e-05
47.57,0.6476860208277113,1.0828255970860485,-0.6026197606164456,9.520614676767706e-05
47.58,0.6412053285466652,1.0784635161593368,-0.5967728019315826,9.520982102662705e-05
47.59,0.6348142330553072,1.0740808007785736,-0.5908433052418659,9.520468606058813e-05
47.6,0.6285132116677462,1.0696785501763815,-0.5848332338467426,9.519083283472294e-05
47.61,0.6223027001716464,1.0652578571895408,-0.5787445225483586,9.516836852364906e-05
47.62,0.616183093686278,1.060819807913703,-0.5725790774016377,9.513741518846173e-05
47.63,0.6101547475287262,1.0563654813701193,-0.5663387755081605,9.509810849172383e-05
47.64,0.6042179780869779,1.0518959491843394,-0.5600254648522303,9.505059645237518e-05
47.65,0.5983730636986558,1.0474122752768238,-0.5536409641775124,9.499503824222474e-05
47.660000000000004,0.5926202455342142,1.0429155155654013,-0.5471870629026373,9.493160302538809e-05
47.67,0.5869597284834547,1.0384067176794929,-0.5406655210741669,9.486046884178055e-05
47.68,0.581391682044268,1.0338869206860113,-0.5340780693553346,9.478182153551987e-05
47.69,0.5759162412125521,1.0293571548268385,-0.5274264090489836,9.469585372883985e-05
47.7,0.5705335073723015,1.0248184412677717,-0.5207122121531427,9.460276384191e-05
47.71,0.565243549184909,1.0202717918588202,-0.5139371214477022,9.450275515875028e-05
47.72,0.560046403476764,1.0157182089057295,-0.5071027506106699,9.43960349392276e-05
47.730000000000004,0.5549420761242753,1.0111586849525966,-0.5002106843625119,9.428281357693514e-05
47.74,0.54993054293549,1.00659420257544,-0.49326247863711126,9.416330380262328e-05
47.75,0.5450117505275234,1.0020257341865741,-0.48625966077790006,9.403771993267623e-05
47.76,0.540185617199053,0.9974542418496385,-0.47920372975775366,9.390627716200024e-05
47.77,0.5354520337971762,0.9928806771051198,-0.47209615642126346,9.376919090057691e-05
47.78,0.5308108645779652,0.9883059808062054,-0.4649383837480377,9.362667615281039e-05
47.79,0.526261948060097,0.9837310829647984,-0.45773182713571137,9.347894693872115e-05
47.800000000000004,0.5218050978709703,0.9791569026075221,-0.45047787470138084,9.332621575593492e-05
47.81,0.5174401035847628,0.974584347641536,-0.4431778876002131,9.316869308135022e-05
47.82,0.5131667315519138,0.9700143147299839,-0.43583320036001416,9.300658691131956e-05
47.83,0.5089847257195564,0.9654476891768897,-0.42844512123057754,9.284010233909782e-05
47.84,0.5048938084424548,0.9608853448213155,-0.42101493254666983,9.266944116828847e-05
47.85,0.5008936812840374,0.9563281439405918,-0.41354389110354683,9.249480156098215e-05
47.86,0.4969840258071478,0.9517769371624315,-0.4060332285439301,9.23163777192469e-05
47.870000000000005,0.4931645043541653,0.9472325633857323,-0.39848415175541135,9.213435959862145e-05
47.88,0.48943476081617915,0.9426958497098761,-0.3908978432772888,9.194893265224247e-05
47.89,0.48579442139092704,0.9381676113723293,-0.3832754617158762,9.176027760423444e-05
47.9,0.482243095329238,0.9336486516943484,-0.37561814216736167,9.156857025099702e-05
47.910000000000004,0.47878037566974474,0.929139762034595,-0.3679269966473319,9.137398128902556e-05
47.92,0.47540583996165825,0.9246417217504631,-0.3602031145261102,9.117667616790958e-05
47.93,0.4721190509754191,0.9201552981669232,-0.35244756296909596,9.097681496717823e-05
47.94,0.46891955740106633,0.9156812465526861,-0.3446613873813268,9.07745522956777e-05
47.95,0.4658068945341851,0.9112203101034911,-0.33684561185551964,9.057003721218403e-05
47.96,0.4627805849493168,0.9067732199323233,-0.32900123962288264,9.036341316599151e-05
47.97,0.45984013916073496,0.9023406950663657,-0.32112925350602195,9.015481795623704e-05
47.980000000000004,0.45698505627051084,0.8979234424504938,-0.31323061637330274,8.994438370876226e-05
47.99,0.45421482460380924,0.8935221569571195,-0.30530627159405416,8.973223686933826e-05
48.0,0.45152892233137476,0.8891375214021947,-0.29735714349404235,8.951849821212186e-05
48.01,0.4489268180791834,0.8847702065671861,-0.28938413781066485,8.930328286224919e-05
48.02,0.4464079715252511,0.8804208712268327,-0.28138814214735136,8.908670033150334e-05
48.03,0.44397183398360573,0.8760901621825019,-0.27337002642668545,8.886885456604418e-05
48.04,0.4416178489754424,0.8717787143009605,-0.2653306433417904,8.864984400521408e-05
48.050000000000004,0.43934545278749476,0.8674871505583792,-0.25727082880555113,8.842976165048443e-05
48.06,0.4371540750176695,0.8632160820893913,-0.24919140239727128,8.820869514364736e-05
48.07,0.43504313910799935,0.8589661082410294,-0.24109316780639092,8.798672685338847e-05
48.08,0.43301206286498367,0.8547378166313657,-0.23297691327291686,8.776393396942485e-05
48.09,0.4310602589673946,0.8505317832126836,-0.22484341202424157,8.754038860343443e-05
48.1,0.42918713546163556,0.8463485723390113,-0.2166934227080517,8.731615789603564e-05
48.11,0.427392096244749,0.8421887368378503,-0.20852768982105005,8.709130412911715e-05
48.120000000000005,0.42567454153517686,0.8380528180859362,-0.20034694413323745,8.686588484285584e-05
48.13,0.424033868331386,0.833941346088868,-0.19215190310752284,8.66399529568028e-05
48.14,0.4224694708584766,0.8298548395644495,-0.1839432713144505,8.64135568944485e-05
48.15,0.4209807410028982,0.8257938060295851,-0.17572174084185382,8.61867407107167e-05
48.160000000000004,0.41956706873540434,0.8217587418905781,-0.1674879916992636,8.595954422186608e-05
48.17,0.41822784252238115,0.8177501325366812,-0.1592426922169184,8.573200313732215e-05
48.18,0.41696244972568974,0.8137684524367509,-0.15098649943924117,8.550414919298631e-05
48.19,0.41577027699116764,0.8098141652388628,-0.14272005951266406,8.527601028560081e-05
48.2,0.41465071062593745,0.8058877238727452,-0.13444400806769907,8.504761060778706e-05
48.21,0.41360313696467393,0.8019895706548918,-0.12615897059516806,8.481897078339094e-05
48.22,0.41262694272498446,0.7981201373962201,-0.11786556281652004,8.459010800280454e-05
48.230000000000004,0.41172151535205986,0.7942798455121397,-0.10956439104817811,8.436103615796416e-05
48.24,0.4108862433527547,0.7904691061349027,-0.1012560525598713,8.41317659767424e-05
48.25,0.410120516619258,0.786688320228108,-0.09294113592691972,8.390230515647656e-05
48.26,0.4094237267425175,0.7829378787032355,-0.0846202213764531,8.3672658496406e-05
48.27,0.4087952673155799,0.7792181625380898,-0.07629388112755452,8.344282802881105e-05
48.28,0.4082345342270132,0.7755295428970331,-0.06796267972533145,8.321281314866048e-05
48.29,0.40774092594457456,0.7718723812528931,-0.05962717436892693,8.298261074160337e-05
48.300000000000004,0.4073138437892902,0.7682470295104327,-0.05128791523349277,8.275221531015611e-05
48.31,0.40695269220011276,0.7646538301312704,-0.042945445786156035,8.252161909795208e-05
48.32,0.40665687898932096,0.7610931162601462,-0.034600303096018296,8.229081221194188e-05
48.33,0.4064258155888265,0.7575652118524255,-0.02625301813823516,8.205978274244604e-05
48.34,0.40625891728755337,0.7540704318027417,-0.017904116092230887,8.182851688097833e-05
48.35,0.4061556034600521,0.7506090820746756,-0.009554116634109898,8.159699903576706e-05
48.36,0.4061152977865123,0.7471814598313777,-0.0012035342233333024,8.136521194492287e-05
48.370000000000005,0.40613742846433504,0.743787853567037,0.007147121616265467,8.113313678721187e-05
48.38,0.4062214284114248,0.7404285432391049,0.015497346021046311,8.090075329039538e-05
48.39,0.4063667354613603,0.7371038004011868,0.023846638517624766,8.066803983712287e-05
48.4,0.40657279255060164,0.733813888336513,0.03219450275834169,8.043497356836573e-05
48.410000000000004,0.40683904789788894,0.7305590621919046,0.040540446262046774,8.02015304843878e-05
48.42,0.4071649551759869,0.7273395691121547,0.04888398016009855,7.996768554326342e-05
48.43,0.4075499736759271,0.7241556483747427,0.05722461894747995,7.97334127569604e-05
48.44,0.40799356846389795,0.7210075315248055,0.06556188023892548,7.949868528500516e-05
48.45,0.4084952105309304,0.7178954425102917,0.07389528452995318,7.926347552576368e-05
48.46,0.40905437693552565,0.7148195978172246,0.08222435496269212,7.902775520537613e-05
48.47,0.4096705509393679,0.7117802066050037,0.09054861709639392,7.879149546438371e-05
48.480000000000004,0.41034322213626395,0.7087774708416769,0.0988675986825151,7.855466694209684e-05
48.49,0.41107188657444876,0.7058115854391157,0.10718082944425532,7.831723985875531e-05
48.5,0.4118560468723933,0.7028827383880314,0.11548784086043523,7.807918409554077e-05
48.51,0.4126952123282495,0.6999911108927662,0.12378816595359685,7.784046927249682e-05
48.52,0.41358889902306367,0.697136877505803,0.13208133908220818,7.760106482442185e-05
48.53,0.4145366299178875,0.694320206261932,0.14036689573685354,7.736094007480722e-05
48.54,0.41553793494491414,0.6915412588120191,0.14864437234029051,7.712006430788465e-05
48.550000000000004,0.41659235109276316,0.6888001905563208,0.15691330605125442,7.687840683885558e-05
48.56,0.4176994224860352,0.6860971507772927,0.16517323457189098,7.663593708238176e-05
48.57,0.41885870045925677,0.68343228277184,0.1734236959586985,7.639262461941226e-05
48.58,0.4200697436253304,0.6808057239829599,0.18166422843686092,7.61484392624226e-05
48.59,0.4213321179386041,0.6782176061307293,0.1898943702178539,7.59033511191492e-05
48.6,0.4226453967526715,0.6756680553425894,0.19811365932020666,7.565733065490038e-05
48.61,0.4240091608730106,0.6731571922828836,0.20632163339330334,7.541034875352462e-05
48.620000000000005,0.4254229986045671,0.6706851322816052,0.21451782954410875,7.516237677712046e-05
48.63,0.42688650579438503,0.6682519854623123,0.22270178416670416,7.491338662457199e-05
48.64,0.4283992858693854,0.6658578568691705,0.23087303277452054,7.466335078899453e-05
48.65,0.42996094986939015,0.6635028465930827,0.2390311098351577,7.441224241417483e-05
48.660000000000004,0.4315711164754864,0.6611870498968697,0.24717554860767973,7.416003535009062e-05
48.67,0.4332294120338237,0.6589105573394654,0.255305880982278,7.390670420759715e-05
48.68,0.4349354705749329,0.6566734548990887,0.263421637322196,7.365222441236267e-05
48.69,0.436688933828655,0.6544758240953623,0.27152234630781014,7.339657225814049e-05
48.7,0.43848945123476224,0.6523177421103415,0.27960753478276534,7.313972495946117e-05
48.71,0.44033667994935555,0.650199281908425,0.2876767276020629,7.288166070383132e-05
48.72,0.4422302848471146,0.6481205123551137,0.2957294474820033,7.262235870352071e-05
48.730000000000004,0.44416993851947867,0.6460814983345917,0.3037652148518863,7.236179924702477e-05
48.74,0.44615532126883134,0.644082300866098,0.31178354770737493,7.209996375028445e-05
48.75,0.44818612109875944,0.6421229772190631,0.3197839614654305,7.183683480774512e-05
48.76,0.45026203370045564,0.6402035810269842,0.32776596882072906,7.157239624334017e-05
48.77,0.4523827624353296,0.6383241624000124,0.33572907960347237,7.130663316147725e-05
48.78,0.45454801831389136,0.6364847680362289,0.3436728006385076,7.103953199811273e-05
48.79,0.4567575199709672,0.6346854413315843,0.35159663560567417,7.077108057198978e-05
48.800000000000004,0.4590109936373061,0.6329262224884806,0.3595000849012973,7.050126813612402e-05
48.81,0.4613081731076321,0.6312071486229716,0.36738264550075117,7.023008542961248e-05
48.82,0.4636487997051956,0.6295282538705617,0.3752438108220168,6.995752472984678e-05
48.83,0.4660326222428735,0.6278895694905821,0.38308307059016317,6.968357990520432e-05
48.84,0.4684593969808663,0.626291123969124,0.3908999107026814,6.940824646829641e-05
48.85,0.4709288875810372,0.6247329431205104,0.39869381309560636,6.91315216298501e-05
48.86,0.47344086505793564,0.6232150501872867,0.40646425561036165,6.885340435329363e-05
48.870000000000005,0.4759951077265462,0.6217374659387135,0.41421071186126657,6.857389541012191e-05
48.88,0.4785914011467992,0.6203002087677424,0.42193265110364764,6.829299743611737e-05
48.89,0.48122953806487995,0.6189032947864597,0.4296295381024995,6.801071498849314e-05
48.9,0.4839093183513674,0.6175467379199799,0.43730083300164235,6.772705460402997e-05
48.910000000000004,0.4866305489362342,0.6162305499987742,0.44494599119332745,6.744202485828012e-05
48.92,0.4893930437407344,0.6149547408494176,0.4525644631882437,6.715563642590445e-05
48.93,0.4921966236062055,0.6137193183837402,0.460155694485883,6.686790214220904e-05
48.94,0.4950411162198062,0.6125242886863679,0.4677191254452231,6.657883706594835e-05
48.95,0.49792635603721197,0.6113696561006374,0.4752541911556919,6.628845854346333e-05
48.96,0.500852184202285,0.6102554233128726,0.482760321308379,6.599678627421156e-05
48.97,0.5038184484637345,0.6091815914350079,0.49023694006746327,6.570384237776069e-05
48.980000000000004,0.5068250030887818,0.6081481600855451,0.49768346594183016,6.540965146230206e-05
48.99,0.5098717087738389,0.6071551274688307,0.5050993116568533,6.511424069473992e-05
49.0,0.512958432552211,0.6062024904526416,0.5124838840263201,6.48176398724252e-05
49.01,0.516085047698827,0.6052902446440647,0.5198365838244839,6.451988149658392e-05
49.02,0.5192514336320043,0.6044183844636588,0.5271568056582286,6.422100084749804e-05
49.03,0.5224574758122467,0.6035869032178871,0.5344439378393341,6.392103606149086e-05
49.04,0.5257030656380756,0.6027957931698066,0.5416973622568364,6.362002820977175e-05
49.050000000000004,0.528988100338892,0.6020450456080028,0.5489164542494788,6.331802137919277e-05
49.06,0.5323124828648623,0.6013346509137579,0.5561005824782527,6.301506275495891e-05
49.07,0.5356761217738205,0.6006645986264403,0.5632491087990333,6.271120270534599e-05
49.08,0.5390789311151772,0.6000348775071025,0.5703613881353166,6.240649486846713e-05
49.09,0.5425208303108228,0.5994454756002771,0.5774367683510678,6.210099624112932e-05
49.1,0.546001744033009,0.5988963802939568,0.5844745901236988,6.179476726982524e-05
49.11,0.5495216020791946,0.5983875783777481,0.5914741868171902,6.148787194389112e-05
49.120000000000005,0.5530803392438328,0.597919056099186,0.5984348843553826,6.118037789087096e-05
49.13,0.556677895187082,0.5974907992181963,0.6053560010954638,6.087235647411969e-05
49.14,0.5603142143004146,0.5971027930596948,0.6122368477016824,6.056388289266704e-05
49.15,0.5639892455690994,0.5967550225643112,0.6190767270193223,6.02550362833789e-05
49.160000000000004,0.567702942431529,0.5964474723372227,0.6258749339489788,5.994589982543335e-05
49.17,0.5714552626353631,0.5961801266950871,0.6326307553211793,5.963656084712794e-05
49.18,0.5752461680904554,0.5959529697110614,0.6393434697713963,5.932711093503961e-05
49.19,0.5790756247185304,0.5957659852578925,0.646012347615506,5.90176460455478e-05
49.2,0.5829436022995738,0.5956191570490676,0.6526366507257495,5.870826661872349e-05
49.21,0.5868500743148988,0.5955124686780102,0.6592156324072593,5.839907769459331e-05
49.22,0.5907950177868488,0.5954459036553069,0.6657485372752168,5.8090189031775186e-05
49.230000000000004,0.5947784131150944,0.595419445443953,0.6722346011327129,5.7781715228472024e-05
49.24,0.5988002439094796,0.5954330774926004,0.67867305084939,5.747377584582258e-05
49.25,0.6028604968193751,0.5954867832667956,0.6850631042409444,5.716649553358567e-05
49.26,0.6069591613594877,0.595580546278189,0.6914039699495796,5.686000415812993e-05
49.27,0.6110962297320787,0.5957143501117048,0.6976948473255005,5.655443693270719e-05
49.28,0.6152716966455407,0.595888178450652,0.7039349263095475,5.624993454996914e-05
49.29,0.6194855591292796,0.5961020150997625,0.7101233873170751,5.5946643316681456e-05
49.300000000000004,0.6237378163448476,0.5963558440061393,0.7162594011231833,5.564471529058243e-05
49.31,0.6280284693932728,0.5966496492780983,0.7223421287494162,5.5344308419334536e-05
49.32,0.6323575211185276,0.596983415201886,0.728370721352052,5.504558668149405e-05
49.33,0.6367249759070771,0.5973571262562561,0.7343443201121096,5.474872022942044e-05
49.34,0.6411308394834491,0.5977707671248865,0.740262056127205,5.445388553405025e-05
49.35,0.6455751187017632,0.5982243227066187,0.7461230503054006,5.4161265531426354e-05
49.36,0.6500578213331583,0.5987177781235009,0.751926413261191,5.387104977088029e-05
49.370000000000005,0.654578955849053,0.5992511187266146,0.7576712452137803,5.358343456475905e-05
49.38,0.6591385312001781,0.5998243300996662,0.7633566358878108,5.3298623139555164e-05
49.39,0.6637365565913117,0.6004373980603223,0.7689816644167109,5.301682578830426e-05
49.4,0.6683730412516548,0.6010903086592692,0.7745453992488359,5.2738260024100297e-05
49.410000000000004,0.673047994200778,0.6017830481769744,0.7800468980565837,5.2463150734554886e-05
49.42,0.6777614240100736,0.6025156031181298,0.7854852076486748,5.21917303370227e-05
49.43,0.6825133385596435,0.6032879602037529,0.790859363885794,5.192423893439793e-05
49.44,0.687303744790557,0.6041001063609255,0.796168391599797,5.1660924471269736e-05
49.45,0.6921326484524082,0.6049520287101456,0.8014113045166955,5.140204289020908e-05
49.46,0.6970000538461049,0.6058437145502699,0.8065871051836416,5.114785828794357e-05
49.47,0.701905963561821,0.6067751513410221,0.8116947849001398,5.0898643071159494e-05
49.480000000000004,0.7068503782120439,0.6077463266830445,0.8167333236537242,5.0654678111648925e-05
49.49,0.7118332961596482,0.6087572282954663,0.8217016900603467,5.041625290050342e-05
49.5,0.7168547132409293,0.6098078439909644,0.8265988413097307,5.018366570103823e-05
49.51,0.7219146224835296,0.6108981616482918,0.8314237231159544,4.9957223700102695e-05
49.52,0.7270130138191909,0.6120281691822459,0.8361752696735343,4.9737243157415496e-05
49.53,0.7321498737912696,0.6131978545110521,0.8408524036192929,4.952404955254628e-05
49.54,0.7373251852569488,0.6144072055211354,0.8454540360002999,4.931797772912999e-05
49.550000000000004,0.7425389270840874,0.6156562100292521,0.8499790662481868,4.911937203588546e-05
49.56,0.7477910738426446,0.6169448557419558,0.8544263821601464,4.892858646398271e-05
49.57,0.7530815954906211,0.6182731302123681,0.8587948598869357,4.874598478027196e-05
49.58,0.7584104570544609,0.619641020794228,0.8630833639282103,4.8571940655870396e-05
49.59,0.7637776183038593,0.6210485145931897,0.8672907471355321,4.840683778956847e-05
49.6,0.7691830334209266,0.6224955984153416,0.8714158507233978,4.825107002548598e-05
49.61,0.7746266506636578,0.6239822587129178,0.8754575042886468,4.8105041464388104e-05
49.620000000000005,0.7801084120236628,0.6255084815271714,0.8794145258386202,4.796916656803583e-05
49.63,0.7856282528781176,0.6270742524283833,0.8832857218284484,4.7843870255911194e-05
49.64,0.791186101635895,0.6286795564529747,0.8870698872078587,4.772958799363368e-05
49.65,0.7967818793778441,0.6303243780376957,0.8907658054779022,4.762676587234384e-05
49.660000000000004,0.8024154994911863,0.63200870095086,0.8943722487580118,4.7535860678302755e-05
49.67,0.8080868672980056,0.6337325082205969,0.8978879778638116,4.745733995191624e-05
49.68,0.8137958796778111,0.6354957820600902,0.9013117423961091,4.7391682035364953e-05
49.69,0.8195424246841593,0.6372985037897768,0.9046422808415132,4.7339376107984196e-05
49.7,0.8253263811553276,0.639140653756475,0.9078783206851283,4.730092220849002e-05
49.71,0.8311476183190362,0.6410222112494132,0.9110185785357886,4.727683124313448e-05
49.72,0.8370059953912231,0.6429431544131322,0.9140617602643049,4.7267624978817335e-05
49.730000000000004,0.8429013611688856,0.6449034601572322,0.9170065611552053,4.7273836020147485e-05
49.74,0.8488335536170042,0.6469031040629365,0.9198516660724647,4.729600776942478e-05
49.75,0.8548023994495797,0.6489420602864459,0.9225957496397232,4.733469436845528e-05
49.76,0.8608077137048161,0.6510203014590565,0.9252374764355071,4.739046062108634e-05
49.77,0.8668492993144952,0.6531377985840159,0.9277755012039731,4.7463881895316535e-05
49.78,0.8729269466675961,0.6552945209300909,0.9302084690817062,4.755554400378725e-05
49.79,0.8790404331682238,0.6574904359218254,0.9325350158411108,4.7666043061433936e-05
49.800000000000004,0.8851895227879202,0.6597255090264623,0.9347537681509432,4.779598531903596e-05
49.81,0.8913739656124424,0.6619997036375088,0.9368633438545411,4.794598697137284e-05
49.82,0.8975934973831056,0.6643129809549232,0.9388623522663132,4.811667393865888e-05
49.83,0.9038478390327971,0.6666652998619038,0.940749394487062,4.8308681619893956e-05
49.84,0.9101366962167844,0.669056616798261,0.9425230637387151,4.852265461674413e-05
49.85,0.9164597588384497,0.6714868856303547,0.944181945719052,4.875924642652473e-05
49.86,0.9228167005700986,0.6739560575175836,0.9457246189770135,4.9019119102844855e-05
49.870000000000005,0.9292071783690065,0.6764640807754091,0.9471496553091915,4.930294288243881e-05
49.88,0.9356308319888774,0.6790109007349056,0.948455620178096,4.961139577668612e-05
49.89,0.9420872834869094,0.6815964595988239,0.9496410731528055,4.994516312630975e-05
49.9,0.948576136726674,0.6842206962941616,0.9507045683726033,5.030493711771743e-05
49.910000000000004,0.9550969768770354,0.6868835463212339,0.9516446550342109,5.0691416259445966e-05
49.92,0.9616493699073534,0.6895849415992414,0.9524598779032261,5.1105304817152326e-05
49.93,0.9682328620792281,0.6923248103083347,0.953148777850375,5.154731220558855e-05
49.94,0.974846979435069,0.6951030767281766,0.9537098924131878,5.201815233601367e-05
49.95,0.9814912272837862,0.6979196610730081,0.9541417563837031,5.251854291747885e-05
49.96,0.9881650896839222,0.7007744793232238,0.9544429024228048,5.30492047104439e-05
49.97,0.9948680289245655,0.7036674430534703,0.9546118617017914,5.3610860731201296e-05
49.980000000000004,1.0015994850044057,0.7065984592572792,0.9546471645717683,5.420423540560061e-05
49.99,1.0083588751093147,0.7095674301682545,0.954547341261453,5.483005367060253e-05
50.0,1.015145593088859,0.7125742530778358,0.9543109226039659,5.54890400222188e-05
50.01,1.0219590089321733,0.7156188201496615,0.9539364407931775,5.618191750844404e-05
50.02,1.0287984682436455,0.7187010182305631,0.9534224301701664,5.6909406665854915e-05
50.03,1.0356632917188977,0.7218207286582243,0.9527674280403282,5.767222439858248e-05
50.04,1.0425527746215582,0.7249778270655436,0.9519699755216653,5.847108279845684e-05
50.050000000000004,1.0494661862613597,0.7281721831817424,0.9510286184247627,5.9306687905212087e-05
50.06,1.0564027694741165,0.7314036606302694,0.9499419081649438,6.017973840569734e-05
50.07,1.0633617401041622,0.7346721167235525,0.9487084027070722,6.109092427119329e-05
50.08,1.0703422864898609,0.7379774022546577,0.9473266675434462,6.20409253320116e-05
50.09,1.0773435689528272,0.7413193612859207,0.9457952767052058,6.303040978868195e-05
50.1,1.0843647192915236,0.7446978309346195,0.9441128138076442,6.406003265919531e-05
50.11,1.091404840279928,0.7481126411557663,0.9422778731297842,6.513043416191763e-05
50.120000000000005,1.098463005172001,0.7515636145220999,0.9402890607285496,6.624223803394089e-05
50.13,1.1055382572127044,0.7550505660013691,0.9381449955878242,6.739604978482999e-05
50.14,1.1126296091563557,0.7585733027310027,0.9358443108026532,6.859245488593413e-05
50.15,1.1197360427931378,0.7621316237902681,0.9333856547988023,6.983201689561383e-05
50.160000000000004,1.1268565084846056,0.7657253199700315,0.9307676925878441,7.111527552098871e-05
50.17,1.1339899247090703,0.7693541735402337,0.9279891070578964,7.244274461704612e-05
50.18,1.1411351776177676,0.7730179580152108,0.9250486003000877,7.381491012419432e-05
50.19,1.1482911206027486,0.7767164379169903,0.9219448949707706,7.523222794564673e-05
50.2,1.155456573877466,0.7804493685367059,0.9186767356894502,7.669512176629446e-05
50.21,1.1626303240710536,0.7842164956942799,0.9152428904723353,7.820398081504631e-05
50.22,1.1698111238373339,0.7880175554965329,0.9116421522013574,7.975915757293213e-05
50.230000000000004,1.1769976914796139,0.7918522740938875,0.9078733401284368,8.136096542960615e-05
50.24,1.1841887105923632,0.7957203674358426,0.9039353014147093,8.300967629126313e-05
50.25,1.1913828297208964,0.7996215410254043,0.8998269127043508,8.470551814333965e-05
50.26,1.1985786620402112,0.8035554896726682,0.8955470817325637,8.644867257175448e-05
50.27,1.2057747850541625,0.807521897247759,0.8910947489672125,8.823927224686929e-05
50.28,1.2129697403161797,0.8115204364333409,0.8864688892835089,9.007739837476326e-05
50.29,1.220162033172763,0.8155507684769244,0.8816685136710638,9.196307812084032e-05
50.300000000000004,1.2273501325310188,0.8196125429432038,0.8766926709725366,9.389628201125273e-05
50.31,1.2345324706515202,0.8237053974666718,0.8715404496530141,9.587692131805657e-05
50.32,1.2417074429678001,0.8278289575047655,0.866210979599162,9.790484543451165e-05
50.33,1.2488734079338106,0.8319828360918108,0.8607034339470868,9.997983924740745e-05
50.34,1.2560286869006978,0.8361666335940431,0.8550170309377486,0.00010210162051376849
50.35,1.2631715640242644,0.84037993746599,0.8491510357986568,0.00010426983724979887
50.36,1.2703002862045074,0.8446223220085172,0.8431047626504733,0.00010648406514042247
50.370000000000005,1.2774130630586327,0.8488933481288445,0.8368775764370353,0.00010874380497826093
50.38,1.2845080669289635,0.853192563102856,0.8304688948771969,0.00011104848014139034
50.39,1.2915834329271692,0.8575195003400311,0.8238781904367707,0.00011339743411971145
50.4,1.298637259016247,0.8618736791513443,0.817104992318731,0.00011578992810025028
50.410000000000004,1.3056676061316979,0.8662546045204821,0.8101488884697184,0.00011822513862218162
50.42,1.3126724983433393,0.8706617668787445,0.8030095276007629,0.00012070215531284127
50.43,1.3196499230591958,0.8750946418840049,0.7956866212200134,0.00012321997871641695
50.44,1.3265978312729065,0.8795526902041126,0.7881799456751386,0.00012577751822744873
50.45,1.3335141378560813,0.8840353573051369,0.7804893442029308,0.0001283735901416867
50.46,1.3403967218970259,0.8885420732448556,0.7726147289835168,0.0001310069158371817
50.47,1.3472434270872427,0.8930722524719059,0.7645560831964491,0.00013367612009889475
50.480000000000004,1.3540520621570982,0.8976252936310243,0.7563134630758176,0.0001363797296003626
50.49,1.3608204013620198,0.9022005793748087,0.7478869999613929,0.00013911617155622726
50.5,1.3675461850205646,0.9067974761824497,0.7392769023426793,0.00014188377255971172
50.51,1.3742271201056697,0.9114153341858826,0.730483457892627,0.00014468075761921528
50.52,1.3808608808903555,0.9160534870038236,0.7215070354876226,0.00014750524940837373
50.53,1.3874451096491176,0.9207112515841575,0.7123480872102492,0.000150355267743975
50.54,1.3939774174161952,0.9253879280551558,0.703007150331184,0.00015322872930608773
50.550000000000004,1.4004553848018542,0.9300827995860085,0.6934848492664751,0.0001561234476147045
50.56,1.406876562867768,0.9347951322571588,0.6837818975063236,0.00015903713327704847
50.57,1.413238474062519,0.9395241749409375,0.6738990995113749,0.0001619673945194455
50.58,1.4195386132181773,0.9442691591929966,0.6638373525724199,0.00016491173801735793
50.59,1.4257744486088406,0.9490292991550476,0.653597648629289,0.00016786757003677406
50.6,1.431943423071944,0.953803791469413,0.6431810760446305,0.0001708321978996538
50.61,1.4380429551930658,0.9585918152058995,0.6325888213281606,0.00017380283178553642
50.620000000000005,1.4440704405548623,0.9633925318015093,0.6218221708068902,0.00017677658688071537
50.63,1.4500232530506778,0.9682050850134974,0.6108825122367447,0.00017975048588563482
50.64,1.4558987462632689,0.9730286008862936,0.5997713363509273,0.00018272146189021946
50.65,1.46169425490898,0.9778621877327961,0.5884902383403022,0.00018568636162587712
50.660000000000004,1.4674070963475945,0.982704936130549,0.5770409192610256,0.00018864194910179273
50.67,1.473034572157968,0.9875559189333091,0.5654251873646015,0.00019158490963191432
50.68,1.4785739697794273,0.9924141912985025,0.553644959345505,0.0001945118542577172
50.69,1.484022564218788,0.997278790731068,0.5417022615014924,0.00019741932457038327
50.7,1.489377619822716,1.0021487371441746,0.5295992308017035,0.00020030379793449515
50.71,1.4946363921150072,1.0070230329372958,0.5173381158576618,0.00020316169311369143
50.72,1.4997961296982272,1.0119006630921064,0.5049212777922925,0.00020598937629701745
50.730000000000004,1.5048540762189937,1.0167805952866675,0.4923511910021031,0.00020878316752282245
50.74,1.5098074723960355,1.0216617800283432,0.47963044380771536,0.00021153934749512253
50.75,1.51465355811,1.0265431508058813,0.46676173898799,0.00021425416478535646
50.76,1.5193895745538182,1.0314236242610795,0.45374789419306116,0.00021692384341036214
50.77,1.5240127664422733,1.0363021003804354,0.44059184223168113,0.0002195445907751895
50.78,1.528520384279241,1.0411774627071633,0.4272966312283825,0.00022211260596719098
50.79,1.5329096866809029,1.0460485785739426,0.413865424646084,0.00022462408838553368
50.800000000000004,1.5371779427530552,1.0509142993567366,0.40030150116990443,0.000227075246687943
50.81,1.541322434520455,1.0557734607500022,0.38660825444810415,0.0002294623080341887
50.82,1.5453404594059696,1.0606248830635834,0.3727891926862462,0.00023178152760342007
50.83,1.5492293327571087,1.065467371541557,0.3588479380908603,0.00023402919836015883
50.84,1.5529863904173413,1.0702997167032704,0.34478822615910004,0.00023620166104138733
50.85,1.5566089913394123,1.075120694706783,0.33061390481111275,0.00023829531433488104
50.86,1.5600945202376948,1.0799290677348914,0.316328933362083,0.00024030662521669816
50.870000000000005,1.5634403902764327,1.084723584403885,0.301937381331176,0.000242232139413558
50.88,1.5666440457905466,1.0895029801951506,0.28744342708488463,0.00024406849195373408
50.89,1.5697029650355043,1.0942659779097006,0.2728513563125843,0.00024581241776811327
50.9,1.5726146629625763,1.0990112881456706,0.2581655603324111,0.00024746076230122
50.910000000000004,1.5753766940156333,1.1037376097987908,0.24339053422591306,0.00024901049209026917
50.92,1.577986654945474,1.1084436305857968,0.22853087480026896,0.00025045870526875904
50.93,1.5804421876375114,1.1131280275907056,0.21359127837723393,0.00025180264194974745
50.94,1.5827409819484923,1.1177894678338405,0.1985765384083467,0.0002530396944427816
50.95,1.5848807785477776,1.1224266088634463,0.18349154291632555,0.00025416741725747404
50.96,1.5868593717585695,1.1270380993696938,0.16834127176298422,0.0002551835368459956
50.97,1.5886746123943418,1.1316225798208237,0.15313079374441418,0.0002560859610362996
50.980000000000004,1.5903244105856058,1.1361786831211411,0.13786526351460782,0.00025687278810766187
50.99,1.5918067385920327,1.1407050352905206,0.12254991833913255,0.00025754231546016703
51.0,1.5931196335948479,1.1452002561650367,0.10719007468091149,0.0002580930478301613
51.01,1.5942612004643255,1.1496629601182886,0.09179112462061746,0.0002585237050043236
51.02,1.5952296144971296,1.1540917568029376,0.0763585321146449,0.0002588332289859671
51.03,1.596023124118181,1.1584852519119326,0.06089782909408527,0.0002590207905684514
51.04,1.5966400535416785,1.1628420479588444,0.045414611408595415,0.0002590857952721882
51.050000000000004,1.5970788053858591,1.167160745076688,0.02991453461951224,0.00025902788860362075
51.06,1.5973378632360606,1.1714399418345613,0.01440330964703084,0.00025884696059677684
51.07,1.5974157941506357,1.1756782360713787,-0.0011133017232765833,0.0002585431496005471
51.08,1.5973112511042735,1.1798742257459383,-0.01662949146886778,0.0002581168452776631
51.09,1.5970229753633054,1.184026509802506,-0.03213941008738087,0.00025756869078450226
51.1,1.5965497987876072,1.1881336890510608,-0.047637171475904544,0.0002568995841042772
51.11,1.5958906460537632,1.1921943670612976,-0.06311685792531398,0.0002561106785098409
51.120000000000005,1.5950445367942274,1.1962071510694416,-0.0785725252221996,0.00025520338213629983
51.13,1.5940105876473059,1.2001706528968845,-0.09399820785051193,0.00025417935664780135
51.14,1.5927880142128832,1.2040834898796116,-0.10938792428465699,0.0002530405149872438
51.15,1.5913761329089413,1.2079442858073506,-0.12473568236540665,0.0002517890182022362
51.160000000000004,1.5897743627240537,1.2117516718713353,-0.1400354847496373,0.00025042727134533694
51.17,1.5879822268611934,1.2155042876195359,-0.15528133442458134,0.00024895791845147477
51.18,1.5859993542683637,1.2192007819181838,-0.1704672402769694,0.0002473838366003715
51.19,1.5838254810517491,1.222839813918374,-0.18558722270716113,0.00024570812907679995
51.2,1.5814604517672857,1.22642005402651,-0.20063531927810654,0.00024393411764653776
51.21,1.5789042205867705,1.2299401848773217,-0.21560559038875438,0.00024206533397085994
51.22,1.5761568523348652,1.2333989023081635,-0.2304921249613261,0.00024010551018741188
51.230000000000004,1.5732185233935945,1.236794916333279,-0.24528904613170768,0.00023805856869016026
51.24,1.5700895224712041,1.2401269521166984,-0.25999051693207664,0.00023592861114585327
51.25,1.5667702512325234,1.243393750942417,-0.27459074595477956,0.00023371990678903667
51.26,1.563261224788257,1.2465940711804928,-0.2890839929864073,0.00023143688004204915
51.27,1.5595630720409375,1.249726689247685,-0.3034645746009816,0.00022908409751055885
51.28,1.5556765358855789,1.2527904005612562,-0.31772686970116687,0.00022666625440911323
51.29,1.5516024732633882,1.255784020484548,-0.3318653249964598,0.00022418816047473837
51.300000000000004,1.5473418550672242,1.2587063852629454,-0.3458744604073798,0.00022165472542986868
51.31,1.5428957658978273,1.2615563529488434,-0.3597488743847928,0.0002190709440587957
51.32,1.5382654036701837,1.2643328043142392,-0.3734832491336456,0.00021644188096431923
51.33,1.533452079069739,1.267034643749579,-0.38707235573056653,0.00021377265507335015
51.34,1.528457214858523,1.2696608001475007,-0.4005110591250038,0.00021106842396192754
51.35,1.5232823450316009,1.272210227770135,-0.41379432301382263,0.00020833436807129305
51.36,1.5179291138246258,1.2746819070986386,-0.42691721457956516,0.00020557567488742827
51.370000000000005,1.5123992745736146,1.2770748456636623,-0.4398749090828931,0.00020279752315679848
51.38,1.5066946884284271,1.2793880788554806,-0.452662694300082,0.00020000506721083418
51.39,1.5008173229217792,1.281620670712537,-0.4652759747968136,0.00019720342147105314
51.4,1.494769250395963,1.283771714687194,-0.4777102760299215,0.0001943976452056324
51.410000000000004,1.4885526462897942,1.2858403343875104,-0.4899612482691793,0.0001915927276066722
51.42,1.482169787288633,1.2878256842939073,-0.5020246703316836,0.00018879357325537127
51.43,1.4756230493406626,1.2897269504496274,-0.5138964531218683,0.00018600498803990345
51.44,1.4689149055429154,1.2915433511239327,-0.5255726429706941,0.00018323166558794073
51.45,1.462047923900853,1.2932741374470358,-0.5370494247680871,0.00018047817427252081
51.46,1.4550247649655967,1.2949185940158079,-0.5483231248832439,0.00017774894484635088
51.47,1.4478481793531914,1.296476039469358,-0.5593902138679826,0.00017504825875570777
51.480000000000004,1.4405210051505546,1.2979458270336324,-0.5702473089388979,0.000172380237180885
51.49,1.4330461652130155,1.2993273450342409,-0.5808911762346591,0.00016974883084557696
51.5,1.4254266643585944,1.3006200173767697,-0.5913187328453914,0.0001671578106329131
51.51,1.4176655864643881,1.301823303993907,-0.6015270486116774,0.00016461075904090759
51.52,1.409766091470642,1.3029367012587623,-0.6115133476913268,0.00016211106250499016
51.53,1.4017314122982716,1.3039597423638265,-0.6212750098926644,0.00015966190461013763
51.54,1.3935648516857704,1.304891997665086,-0.6308095717736975,0.00015726626020980393
51.550000000000004,1.385269778951592,1.305733074990859,-0.6401147275071246,0.00015492689046359002
51.56,1.3768496266882257,1.3064826199150033,-0.6491883295117462,0.00015264633880028927
51.57,1.3683078873942993,1.3071403159941912,-0.6580283888514267,0.00015042692780769948
51.58,1.3596481100511346,1.3077058849690362,-0.6666330754033394,0.0001482707570454401
51.59,1.350873896650256,1.3081790869288996,-0.6750007177977905,0.00014617970177197316
51.6,1.3419888986784039,1.308559720440292,-0.6831298031324721,0.00014415541257216722
51.61,1.3329968135666386,1.3088476226388353,-0.6910189764645323,0.0001421993158670418
51.620000000000005,1.3239013811101352,1.3090426692848285,-0.6986670400843661,0.0001403126152828851
51.63,1.3147063798652614,1.309144774782516,-0.7060729525755327,0.00013849629385271852
51.64,1.3054156235305059,1.3091538921632306,-0.7132358276656774,0.00013675111701913907
51.65,1.2960329573177816,1.3090700130326391,-0.7201549328737927,0.00013507763640396208
51.660000000000004,1.2865622543205626,1.3088931674823863,-0.7268296879595825,0.00013347619430674915
51.67,1.2770074118852348,1.3086234239664907,-0.7332596631810937,0.00013194692889131613
51.68,1.2673723479919405,1.308260889142908,-0.7394445773671596,0.0001304897800166997
51.69,1.2576609976510826,1.3078057076807306,-0.7453842958115446,0.0001291044956667632
51.7,1.2478773093215239,1.3072580620335552,-0.7510788279960037,0.00012779063893069597
51.71,1.2380252413563688,1.3066181721795977,-0.7565283251497571,0.00012654759548513472
51.72,1.2281087584820563,1.3058862953291905,-0.7617330776531461,0.00012537458152741355
51.730000000000004,1.2181318283163152,1.3050627256003453,-0.7666935122934633,0.00012427065210863033
51.74,1.2080984179303509,1.3041477936631138,-0.7714101893811539,0.00012323470981474193
51.75,1.19801249046043,1.3031418663535224,-0.7758837997347572,0.0001222655137437671
51.76,1.1878780017738215,1.3020453462578991,-0.7801151615430933,0.00012136168872739752
51.77,1.1776988971938356,1.3008586712684533,-0.7841052171133167,0.00012052173474581826
51.78,1.167479108288469,1.299582314111004,-0.7878550295135356,0.00011974403648535683
51.79,1.1572225497269388,1.2982167818457895,-0.791365779118751,0.00011902687298974504
51.800000000000004,1.146933116208134,1.2967626153423197,-0.7946387600688916,0.00011836842735711008
51.81,1.1366146794647758,1.2952203887292675,-0.7976753766477187,0.00011776679643644296
51.82,1.1262710853468199,1.2935907088204153,-0.8004771395913425,0.00011722000047915418
51.83,1.1159061509873816,1.2918742145177016,-0.8030456623350374,0.00011672599270338779
51.84,1.1055236620542015,1.290071576192433,-0.8053826572069606,0.0001162826687309523
51.85,1.0951273700894169,1.2881834950457411,-0.8074899315772727,0.00011588787585912047
51.86,1.0847209899401353,1.2862107024493847,-0.8093693839710335,0.00011553942213210333
51.870000000000005,1.074308197282052,1.2841539592680067,-0.8110230001530937,0.00011523508517952789
51.88,1.0638926262380917,1.282014055163966,-0.8124528491930345,0.00011497262079201592
51.89,1.0534778670937963,1.2797918078858734,-0.8136610795180215,0.00011474977120668492
51.9,1.043067464110931,1.2774880625419605,-0.814649914961227,0.00011456427307817902
51.910000000000004,1.032664913440521,1.2751036908594207,-0.815421650813259,0.00011441386511363358
51.92,1.022273661136297,1.2726395904308527,-0.8159786498837939,0.00011429629535279023
51.93,1.0118971012692737,1.270096683948939,-0.8163233385803601,0.00011420932807725532
51.94,1.001538574143958,1.2674759184304853,-0.8164582030109601,0.000114150750335565
51.95,0.991201364616453,1.2647782644309407,-0.8163857851169408,0.00011411837807347898
51.96,0.9808887005144957,1.2620047152505038,-0.816108678842245,0.00011411006186144689
51.97,0.9706037511592578,1.2591562861329177,-0.8156295263448816,0.00011412369221369033
51.980000000000004,0.960349625988528,1.2562340134580325,-0.8149510142561605,0.00011415720449581386
51.99,0.9501293732806941,1.2532389539292055,-0.8140758699929336,0.00011420858342007315
52.0,0.9399459789787535,1.25017218375659,-0.8130068581277792,0.00011427586712962497
52.01,0.9298023656133986,1.2470347978373435,-0.8117467768217574,0.00011435715087513064
52.02,0.9197013913240493,1.243827908933767,-0.810298454324058,0.00011445059028897085
52.03,0.9096458489765429,1.2405526468503627,-0.8086647455425477,0.00011455440426410464
52.04,0.8996384653760344,1.2372101576107786,-0.8068485286889208,0.00011466687744620805
52.050000000000004,0.8896819005735187,1.233801602635577,-0.8048527020018431,0.00011478636234921478
52.06,0.8797787472642483,1.2303281579217442,-0.8026801805511826,0.00011491128110570536
52.07,0.8699315302761962,1.2267910132248296,-0.8003338931261127,0.00011504012686476604
52.08,0.8601427061465962,1.223191371244572,-0.7978167792095829,0.00011517146485097298
52.09,0.8504146627844885,1.219530446814846,-0.79513178604136,0.00011530393309904935
52.1,0.8407497192171003,1.2158094660987322,-0.7922818657715583,0.00011543624287950287
52.11,0.8311501254178031,1.2120296657894787,-0.7892699727063005,0.00011556717883116086
52.120000000000005,0.8216180622133129,1.208192292318101,-0.7860990606468806,0.00011569559881701424
52.13,0.8121556412677275,1.2042986010683256,-0.7827720803235406,0.00011582043352013697
52.14,0.8027649051409371,1.2003498555995606,-0.7792919769247155,0.00011594068579669967
52.15,0.7934478274188912,1.1963473268785383,-0.7756616877223612,0.00011605542980321873
52.160000000000004,0.7842063129131651,1.192292292520247,-0.7718841397937415,0.0001161638099152253
52.17,0.7750421979272296,1.1881860360387362,-0.7679622478398281,0.00011626503945445034
52.18,0.7659572505868051,1.1840298461083472,-0.7638989121002495,0.00011635839924146836
52.19,0.7569531712316594,1.1798250158358894,-0.7596970163645209,0.00011644323599049696
52.2,0.7480315928661978,1.175572842044254,-0.7553594260790928,0.00011651896056272422
52.21,0.7391940816661879,1.1712746245679184,-0.7508889865495699,0.00011658504609414912
52.22,0.7304421375389649,1.1669316655607749,-0.7462885212372788,0.00011664102601347218
52.230000000000004,0.7217771947344683,1.1625452688166722,-0.7415608301491997,0.00011668649196506598
52.24,0.7132006225044786,1.1581167391030431,-0.7367086883201228,0.00011672109165149149
52.25,0.7047137258074385,1.15364738150795,-0.7317348443857491,0.00011674452660946046
52.26,0.696317746056271,1.1491385008008572,-0.7266420192453216,0.00011675654993250584
52.27,0.688013861906633,1.1445914008074085,-0.7214329048122504,0.00011675696395296658
52.28,0.6798031900830829,1.1400073837984595,-0.7161101628510848,0.00011674561789522616
52.29,0.6716867862406718,1.1353877498935885,-0.710676423899079,0.00011672240551146115
52.300000000000004,0.6636656458595191,1.1307337964792825,-0.7051342862705118,0.00011668726271045523
52.31,0.655740705169972,1.1260468176419667,-0.6994863151418282,0.00011664016518933169
52.32,0.6479128421060015,1.1213281036160248,-0.693735041715606,0.00011658112607736254
52.33,0.6401828772845416,1.1165789402469282,-0.6878829624612753,0.00011651019360030344
52.34,0.6325515750085275,1.1118006084695724,-0.6819325384304717,0.00011642744877301464
52.35,0.6250196442914542,1.1069943838018934,-0.6758861946448447,0.00011633300312747236
52.36,0.6175877399013273,1.102161535853815,-0.6697463195541111,0.00011622699648257612
52.370000000000005,0.6102564634219487,1.0973033278515585,-0.6635152645621043,0.00011610959476153292
52.38,0.6030263643295336,1.0924210161773225,-0.6571953436185449,0.00011598098786197015
52.39,0.5958979410827256,1.0875158499243256,-0.6507888328742414,0.00011584138758331781
52.4,0.5888716422241396,1.0825890704671792,-0.6442979703974143,0.00011569102561541687
52.410000000000004,0.5819478674916261,1.0776419110475477,-0.6377249559488326,0.00011553015159176656
52.42,0.5751269689375216,1.0726755963750279,-0.6310719508134488,0.00011535903121027614
52.43,0.5684092520542108,1.0676913422431706,-0.6243410776862272,0.00011517794442389079
52.44,0.5617949769043973,1.062690355160547,-0.6175344206098663,0.00011498718370298693
52.45,0.555284359254545,1.0576738319967494,-0.6106540249621352,0.00011478705237098007
52.46,0.5488775717100182,1.0526429596432005,-0.6037018974905597,0.00011457786301416906
52.47,0.5425747448505149,1.0475989146886382,-0.5966800063922223,0.00011435993596644447
52.480000000000004,0.5363759683644554,1.0425428631091198,-0.5895902814364629,0.00011413359786914079
52.49,0.5302812921810488,1.037475959972389,-0.5824346141283031,0.00011389918030594887
52.5,0.5242907275988286,1.032399349156433,-0.575214857910449,0.00011365701851252872
52.51,0.5184042484095096,1.027314163082044,-0.5679328284017648,0.00011340745016015039
52.52,0.51262179201608,1.0222215224592,-0.5605903036701531,0.0001131508142124504
52.53,0.506943260544105,1.0171225360470584,-0.5531890245378157,0.00011288744985417154
52.54,0.5013685219452756,1.0120183004273589,-0.5457306949169195,0.0001126176954905057
52.550000000000004,0.4958974110922989,1.006909899791019,-0.5382169821737329,0.00011234188781552775
52.56,0.4905297308642778,1.0017984057377007,-0.5306495175193523,0.00011206036094801153
52.57,0.48526525322178765,0.9966848770881195,-0.5230298964251846,0.00011177344563278107
52.58,0.48010372027090975,0.9915703597088651,-0.5153596790614051,0.00011148146850564977
52.59,0.475044845315535,0.9864558863494938,-0.5076403907566611,0.00011118475141987932
52.6,0.4700883138973004,0.9813424764916515,-0.4998735224773452,0.00011088361083201411
52.61,0.4652337848225725,0.9762311362099814,-0.4920605313248168,0.0001105783572448779
52.620000000000005,0.46048089117593793,0.9711228580445671,-0.4842028410490035,0.00011026929470547072
52.63,0.45582924131970803,0.9660186208846613,-0.4763018425768684,0.00010995672035546549
52.64,0.45127841987898887,0.9609193898634434,-0.46835889455428553,0.00010964092403197978
52.65,0.44682798871191043,0.9558261162635533,-0.4603753238999187,0.00010932218791628339
52.660000000000004,0.44247748786465024,0.9507397374331436,-0.4523524263697542,0.00010900078622811163
52.67,0.4382264365109257,0.945661176712192,-0.44429146713099193,0.00010867698496325972
52.68,0.43407433387566713,0.940591343368817,-0.4361936813440532,0.00010835104167214527
52.69,0.43002066014262064,0.9355311325453377,-0.42806027475151687,0.00010802320527706412
52.7,0.4260648773456626,0.9304814252138205,-0.4198924242728486,0.00010769371592590726
52.71,0.4222064302436425,0.9254430881408541,-0.4116912786038384,0.00010736280488012387
52.72,0.4184447471786004,0.9204169738612983,-0.40345795881971513,0.00010703069443478418
52.730000000000004,0.4147792409172369,0.9154039206607488,-0.3951935589809554,0.00010669759786864868
52.74,0.41120930947553996,0.9104047525664665,-0.38689914674085385,0.00010636371942219205
52.75,0.4077343369265013,0.9054202793465168,-0.37857576395397163,0.00010602925430161221
52.76,0.4043536941908791,0.9004512965168712,-0.3702244272846247,0.00010569438870689785
52.77,0.40106673981098895,0.8954985853562208,-0.361846128814623,0.00010535929988210972
52.78,0.39787282070752705,0.8905629129282582,-0.35344183664951495,0.0001050241561860992
52.79,0.3947712729194498,0.8856450321111823,-0.3450124955226352,0.00010468911718194256
52.800000000000004,0.3917614223269563,0.8807456816341889,-0.336559027396299,0.00010435433374346214
52.81,0.3888425853576365,0.8758655861207068,-0.3280823320595253,0.00010401994817725639
52.82,0.38601406967586654,0.8710054561381471,-0.31958328772171357,0.00010368609435875
52.83,0.3832751748555492,0.8661659882539335,-0.3110627516017368,0.00010335289788083837
52.84,0.38062519303631126,0.8613478650975872,-0.30252156051195234,0.00010302047621376552
52.85,0.37806340956328566,0.8565517554286401,-0.29396053143666845,0.0001026889388749625
52.86,0.375589103610617,0.8517783142101585,-0.2853804621046398,0.00010235838760762429
52.870000000000005,0.37320154878884293,0.8470281826876573,-0.2767821315551998,0.00010202891656688426
52.88,0.3709000137363141,0.8423019884731944,-0.2681663006976703,0.00010170061251250653
52.89,0.36868376269482495,0.8376003456344324,-0.2595337128637208,0.00010137355500708037
52.9,0.36655205606963825,0.8329238547884656,-0.2508850943523808,0.00010104781661876813
52.910000000000004,0.364504150974093,0.8282731032002076,-0.24222115496743668,0.00010072346312772
52.92,0.3625393017589943,0.8236486648851431,-0.23354258854697335,0.00010040055373532277
52.93,0.3606567605269893,0.8190511007162501,-0.2248500734848488,0.00010007914127551235
52.94,0.35885577763214066,0.8144809585349023,-0.21614427324391336,9.975927242743855e-05
52.95,0.3571356021649132,0.8099387732655657,-0.2074258368608116,9.944098792881311e-05
52.96,0.3554954824227945,0.8054250670341083,-0.19869539944222792,9.912432278933643e-05
52.97,0.3539346663667747,0.8009403492895442,-0.18995358265245882,9.880930650363643e-05
52.980000000000004,0.3524524020639134,0.7964851169290392,-0.18120099519221664,9.849596326320828e-05
52.99,0.35104793811622503,0.7920598544260081,-0.1724382332685892,9.81843121668854e-05
53.0,0.34972052407611653,0.7876650339611367,-0.16366588105609967,9.787436742940876e-05
53.01,0.3484694108486121,0.7833011155561688,-0.15488451114882848,9.756613858771488e-05
53.02,0.34729385108060273,0.7789685472102984,-0.14609468500357675,9.725963070458986e-05
53.03,0.3461930995373578,0.7746677650390156,-0.13729695337406664,9.695484456938075e-05
53.04,0.3451664134665371,0.770399193415253,-0.12849185673618965,9.665177689548494e-05
53.050000000000004,0.34421305294994226,0.7661632451126896,-0.11967992570432823,9.635042051436869e-05
53.06,0.3433322812432456,0.7619603214510687,-0.11086168143878936,9.605076456590952e-05
53.07,0.34252336510393416,0.7577908124433903,-0.102037636044402,9.575279468486829e-05
53.08,0.34178557510770624,0.7536550969448454,-0.09320829296034176,9.545649318333543e-05
53.09,0.3411181859535563,0.7495535428033594,-0.08437414734125759,9.516183922901823e-05
53.1,0.34052047675778224,0.7454865070116178,-0.07553568642978538,9.486880901925597e-05
53.11,0.3399917313371485,0.7414543358604507,-0.06669338992054347,9.457737595067841e-05
53.120000000000005,0.3395312384814357,0.7374573650934556,-0.05784773031571342,9.428751078443744e-05
53.13,0.33913829221560565,0.7334959200627408,-0.048999173272318244,9.399918180696151e-05
53.14,0.33881219205180874,0.7295703158856781,-0.04014817794131753,9.371235498620417e-05
53.15,0.3385522432314572,0.725680857602553,-0.03129519729864616,9.342699412337098e-05
53.160000000000004,0.33835775695758685,0.721827840335006,-0.022440678468329586,9.314306100012201e-05
53.17,0.3382280506177251,0.718011549445163,-0.013585063037814562,9.286051552126663e-05
53.18,0.33816244799748224,0.7142322606953521,-0.004728787365659504,9.257931585297325e-05
53.19,0.33816027948507826,0.7104902404083123,0.004127717118266563,9.229941855653452e-05
53.2,0.33822088226701547,0.7067857456277985,0.012984023619923218,9.202077871773498e-05
53.21,0.33834360051510326,0.7031190242794915,0.021839709695418964,9.174335007187578e-05
53.22,0.3385277855650394,0.6994903153321267,0.03069435697235222,9.146708512452731e-05
53.230000000000004,0.33877279608674654,0.6958998489587546,0.03954755087800964,9.119193526808176e-05
53.24,0.33907799824666224,0.6923478466980512,0.048398880374255916,9.091785089418471e-05
53.25,0.3394427658621742,0.6888345216155992,0.05724793769894702,9.064478150213537e-05
53.26,0.3398664805483919,0.6853600784650627,0.06609431811369708,9.037267580334617e-05
53.27,0.34034853185744,0.6819247138491812,0.07493761965782784,9.010148182196279e-05
53.28,0.3408883174104562,0.6785286163805104,0.08377744290832831,8.983114699174297e-05
53.29,0.3414852430224733,0.6751719668418429,0.09261339074565154,8.956161824929928e-05
53.300000000000004,0.34213872282036006,0.671854938346239,0.10144506812517518,8.929284212381896e-05
53.31,0.3428481793539937,0.6685776964966059,0.1102720818541518,8.902476482336887e-05
53.32,0.34361304370083134,0.6653403995447618,0.11909404037397565,8.87573323178999e-05
53.33,0.34443275556404584,0.6621431985499253,0.12791055354759223,8.849049041906881e-05
53.34,0.3453067633643865,0.6589862375365737,0.13672123245187795,8.822418485699077e-05
53.35,0.3462345243259223,0.6558696536516131,0.14552568917481776,8.795836135404583e-05
53.36,0.3472155045558215,0.6527935773208083,0.1543235366173098,8.769296569585592e-05
53.370000000000005,0.348249179118318,0.6497581324044213,0.16311438829942682,8.742794379954985e-05
53.38,0.3493350321030105,0.6467634363520078,0.17189785817096587,8.716324177944223e-05
53.39,0.3504725566876384,0.6438096003563271,0.18067356042611912,8.689880601024361e-05
53.4,0.3516612551954736,0.6408967295063158,0.1894411093221002,8.663458318791973e-05
53.410000000000004,0.35290063914746433,0.6380249229390867,0.19820011900156212,8.637052038832137e-05
53.42,0.3541902293092635,0.6351942739909071,0.20695020331864528,8.610656512370775e-05
53.43,0.35552955573327133,0.6324048703471177,0.21569097566849532,8.58426653972772e-05
53.44,0.3569181577958171,0.6296567941909545,0.22442204882009348,8.557876975582263e-05
53.45,0.3583555842296031,0.6269501223512363,0.23314303475224354,8.53148273406316e-05
53.46,0.3598413931515297,0.624284926448881,0.24185354449256255,8.505078793674884e-05
53.47,0.3613751520860163,0.6216612730422202,0.2505531879593245,8.478660202070827e-05
53.480000000000004,0.36295643798393196,0.6190792237710766,0.25924157380600854,8.452222080685635e-05
53.49,0.36458483723724344,0.6165388354995754,0.26791830926840615,8.425759629237723e-05
53.5,0.3662599456894873,0.6140401604576594,0.2765830000141443,8.399268130112426e-05
53.51,0.3679813686421679,0.6115832463812796,0.2852352499944838,8.372742952637827e-05
53.52,0.3697487208571818,0.6091681366512349,0.29387466129825535,8.346179557263526e-05
53.53,0.3715616265553633,0.6067948704306354,0.3025008340077987,8.319573499652891e-05
53.54,0.3734197194112458,0.6044634828009635,0.3111133660567719,8.292920434700009e-05
53.550000000000004,0.3753226425441279,0.6021740048967117,0.3197118530897024,8.266216120481193e-05
53.56,0.37727004850553136,0.5999264640385727,0.3282958883231524,8.239456422151766e-05
53.57,0.37926159926313546,0.597720883865163,0.3368650624083761,8.212637315798037e-05
53.58,0.3812969661812678,0.5955572844632573,0.3454189632953473,8.185754892254498e-05
53.59,0.38337582999802977,0.5934356824965176,0.35395717609803984,8.158805360896567e-05
53.6,0.385497880799132,0.5913560913326964,0.36247928296084614,8.131785053418249e-05
53.61,0.387662817988511,0.5893185211692982,0.37098486292602234,8.10469042760453e-05
53.620000000000005,0.3898703502557967,0.5873229791576817,0.37947349180205037,8.077518071107952e-05
53.63,0.39212019554069677,0.5853694695255898,0.38794474203281176,8.050264705239053e-05
53.64,0.3944120809943611,0.5834579936980886,0.39639818256746984,8.022927188779568e-05
53.65,0.39674574293778675,0.5815885504169059,0.4048333787309602,7.995502521827819e-05
53.660000000000004,0.3991209268173213,0.5797611358581528,0.4132498920949928,7.967987849685678e-05
53.67,0.401537387157319,0.577975743748417,0.42164728034947135,7.940380466795569e-05
53.68,0.403994887510002,0.5762323654792161,0.4300250971742389,7.912677820736426e-05
53.69,0.4064932004025758,0.5745309902197997,0.43838289211106146,7.884877516287902e-05
53.7,0.4090321072816455,0.5728716050282888,0.4467202104357644,7.85697731957106e-05
53.71,0.41161139845497624,0.5712541949611436,0.4550365930304396,7.828975162274229e-05
53.72,0.41423087303063916,0.5696787431809491,0.4633315762556439,7.800869145972867e-05
53.730000000000004,0.41689033885358096,0.56814523106251,0.47160469182251247,7.77265754655141e-05
53.74,0.41958961243965276,0.5666536382972464,0.4798554666647134,7.744338818735681e-05
53.75,0.4223285189071307,0.565203942995881,0.4880834228101737,7.715911600744716e-05
53.76,0.42510689190575907,0.5637961217894117,0.49628807725250873,7.687374719069223e-05
53.77,0.4279245735433429,0.5624301499283609,0.5044689418220901,7.658727193385685e-05
53.78,0.43078141430991496,0.5611060013802942,0.5126255230566915,7.629968241614017e-05
53.79,0.43367727299949954,0.5598236489256032,0.520757322071652,7.601097285126584e-05
53.800000000000004,0.43661201662949234,0.558583064251544,0.5288638344295029,7.572113954117029e-05
53.81,0.43958552035767284,0.5573842180445266,0.5369445500090034,7.543018093136707e-05
53.82,0.44259766739686424,0.5562270800806485,0.5449989528735373,7.51380976680682e-05
53.83,0.44564834892725175,0.5551116193144658,0.5530265211388213,7.484489265713443e-05
53.84,0.4487374640063684,0.5540378039659987,0.5610267268398834,7.455057112494258e-05
53.85,0.4518649194767545,0.5530056016059617,0.568999035797268,7.425514068124541e-05
53.86,0.4550306298712945,0.5520149792392174,0.5769429074824318,7.395861138409801e-05
53.870000000000005,0.4582345173162322,0.5510659033864456,0.5848577948822947,7.366099580693005e-05
53.88,0.4614765114318625,0.5501583401640228,0.5927431443629128,7.336230910783927e-05
53.89,0.46475654923089554,0.549292255362108,0.6005983955322456,7.306256910119163e-05
53.9,0.4680745750144862,0.548467614520928,0.6084229811019928,7.276179633159321e-05
53.910000000000004,0.47143054026591935,0.5476843830052576,0.6162163267484749,7.246001415030728e-05
53.92,0.4748244035419391,0.5469425260770894,0.6239778509725408,7.215724879421259e-05
53.93,0.47825613036170644,0.5462420089664869,0.631706964958485,7.18535294673519e-05
53.94,0.4817256930933682,0.5455827969406165,0.6394030724319614,7.154888842515922e-05
53.95,0.4852330708382176,0.5449648553709512,0.6470655695168838,7.124336106144129e-05
53.96,0.4887782493124227,0.5443881497986414,0.6546938445913068,7.09369859981758e-05
53.97,0.49236122072629845,0.5438526459980464,0.6622872781422838,7.062980517820875e-05
53.980000000000004,0.49598198366109336,0.5433583100384195,0.6698452426197028,7.032186396091929e-05
53.99,0.4996405429432607,0.5429051083437414,0.677367102289103,7.001321122091791e-05
54.0,0.5033369095161806,0.5424930077506939,0.6848522130834805,6.97038994498554e-05
54.01,0.5070711003092974,0.5421219755647683,0.6922999224540939,6.939398486140798e-05
54.02,0.510843138104633,0.5417919796144999,0.6997095692202835,6.908352749950434e-05
54.03,0.5146530514006364,0.5415029883038215,0.7070804834183247,6.877259134986535e-05
54.04,0.5185008742733233,0.5412549706625275,0.7144119861493362,6.846124445491488e-05
54.050000000000004,0.5223866462346612,0.5410478963948411,0.7217033894262694,6.814955903213e-05
54.06,0.5263104120881507,0.5408817359260748,0.7289539960200111,6.783761159589269e-05
54.07,0.5302722217815492,0.5407564604473756,0.7361630993046321,6.75254830828974e-05
54.08,0.5342721302566855,0.5406720419585447,0.743329983101822,6.721325898117355e-05
54.09,0.5383101972963061,0.5406284533089228,0.7504539215245524,6.690102946278051e-05
54.1,0.5423864873678943,0.5406256682363291,0.7575341788200168,6.658888952022573e-05
54.11,0.5465010694644001,0.5406636614040432,0.7645700092118999,6.627693910665418e-05
54.120000000000005,0.5506540169418158,0.5407424084358196,0.7715606567420318,6.59652832798537e-05
54.13,0.5548454073535295,0.5408618859489204,0.7785053551114914,6.56540323501266e-05
54.14,0.5590753222813877,0.541022071585156,0.7854033275212242,6.53433020320529e-05
54.15,0.5633438471633927,0.5412229440399183,0.7922537865122465,6.503321360019494e-05
54.160000000000004,0.5676510711179619,0.541464483089194,0.7990559338055155,6.472389404876418e-05
54.17,0.5719970867646692,0.5417466696145429,0.8058089601415455,6.441547625527537e-05
54.18,0.5763819900413906,0.5420694856260259,0.8125120451198605,6.410809914821246e-05
54.19,0.5808058800177693,0.5424329142830676,0.8191643570383774,6.3801907878721e-05
54.2,0.585268858704918,0.5428369399132368,0.8257650527328192,6.349705399633275e-05
54.21,0.5897710308612678,0.543281548028926,0.8323132774162655,6.3193695628719e-05
54.22,0.5943125037944775,0.5437667253419158,0.8388081645189528,6.289199766547804e-05
54.230000000000004,0.5988933871593085,0.5442924597758015,0.8452488355284437,6.259213194593867e-05
54.24,0.6035137927513726,0.544858740476265,0.8516343998302913,6.229427745095357e-05
54.25,0.6081738342966555,0.5454655578191716,0.8579639545493323,6.199862049865701e-05
54.26,0.6128736272367176,0.5461129034164701,0.864236584391747,6.1705354944147e-05
54.27,0.6176132885094707,0.5468007701198749,0.8704513614880367,6.141468238304019e-05
54.28,0.6223929363254295,0.5475291520223082,0.8766073452370705,6.112681235883603e-05
54.29,0.6272126899393295,0.5482980444570779,0.8827035821513664,6.0841962574019186e-05
54.300000000000004,0.632072669417009,0.5491074439947677,0.8887391057037763,6.056035910482138e-05
54.31,0.6369729953974422,0.5499573484378157,0.8947129361757562,6.0282236619532856e-05
54.32,0.6419137888498166,0.5508477568127526,0.9006240805074057,6.0007838600252347e-05
54.33,0.6468951708255399,0.5517786693600764,0.9064715321494768,5.9737417567957304e-05
54.34,0.6519172622050641,0.5527500875217339,0.912254270917556,5.947123531074158e-05
54.35,0.6569801834394111,0.5537620139261816,0.9179712628486335,5.920956311505999e-05
54.36,0.6620840542862844,0.554814452370996,0.9236214600602863,5.895268199980545e-05
54.370000000000005,0.6672289935406464,0.5559074078030042,0.9292038006127068,5.8700882953016545e-05
54.38,0.672415118759646,0.5570408862959031,0.9347172083738222,5.8454467170999266e-05
54.39,0.6776425459817735,0.5582148950253357,0.9401605928877601,5.821374629962504e-05
54.4,0.682911389440124,0.5594294422413919,0.9455328492469239,5.797904267753716e-05
54.410000000000004,0.6882217612696463,0.5606845372384994,0.950832857967955,5.775068958098344e-05
54.42,0.6935737712082573,0.5619801903226713,0.956059484871869,5.752903146996812e-05
54.43,0.698967526291697,0.5633164127760742,0.9612115809686647,5.731442423537746e-05
54.44,0.7044031305420043,0.5646932168188816,0.9662879823467162,5.7107235446719556e-05
54.45,0.7098806846494888,0.5661106155683738,0.971287510067271,5.6907844600081235e-05
54.46,0.7154002856480774,0.5675686229952481,0.9762089700643887,5.6716643365879516e-05
54.47,0.7209620265839141,0.5690672538770999,0.9810511530506681,5.6534035835946364e-05
54.480000000000004,0.7265659961770904,0.5706065237490345,0.9858128344291233,5.6360438769457415e-05
54.49,0.7322122784763881,0.5721864488513706,0.990492774211581,5.6196281837182676e-05
54.5,0.7379009525069135,0.5738070460743924,0.995089716943989,5.604200786349036e-05
54.51,0.7436320919105057,0.5754683329001103,0.999602391639033,5.589807306550411e-05
54.52,0.7494057645788046,0.5771703273409866,1.0040295117164801,5.5764947288771205e-05
54.53,0.7552220322788618,0.5789130478755816,1.0083697749516753,5.564311423875772e-05
54.54,0.7610809502711852,0.5806965133810791,1.0126218634326356,5.55330717074461e-05
54.550000000000004,0.7669825669201074,0.5825207430626428,1.0167844435262006,5.543533179426028e-05
54.56,0.7729269232963714,0.5843857563795611,1.0208561658537125,5.535042112049624e-05
54.57,0.7789140527718319,0.5862915729681331,1.024835665276714,5.5278881036390777e-05
54.58,0.7849439806061731,0.5882382125612485,1.0287215608931675,5.522126781991346e-05
54.59,0.7910167235255474,0.5902256949046172,1.0325124560447165,5.5178152866302996e-05
54.6,0.7971322892930465,0.5922540396695967,1.036206938335525,5.5150122867325925e-05
54.61,0.8032906762709179,0.594323266362574,1.0398035796632443,5.5137779979173714e-05
54.620000000000005,0.8094918729744486,0.5964333942308508,1.043300936262677,5.5141741977863325e-05
54.63,0.8157358576174417,0.5985844421649842,1.0466975487627213,5.5162642400941786e-05
54.64,0.8220225976492181,0.6007764285975348,1.0499919422571962,5.520113067422644e-05
54.65,0.8283520492830838,0.6030093713981728,1.0531826263901642,5.5257872222274444e-05
54.660000000000004,0.8347241570162091,0.6052832877650933,1.0562680954563857,5.5333548561187896e-05
54.67,0.8411388531408757,0.6075981941126912,1.0592468285175534,5.542885737230103e-05
54.68,0.8475960572470548,0.6099541059554482,1.0621172895349753,5.554451255524371e-05
54.69,0.8540956757162897,0.6123510377879817,1.0648779275193883,5.5681244258788364e-05
54.7,0.8606376012068655,0.6147890029612086,1.0675271766986014,5.583979888783e-05
54.71,0.8672217121302592,0.6172680135545746,1.0700634567036862,5.6020939084780386e-05
54.72,0.8738478721188759,0.619788080244302,1.0724851727744442,5.622544368358383e-05
54.730000000000004,0.8805159294850863,0.6223492121676095,1.0747907159849022,5.645410763448971e-05
54.74,0.887225716671595,0.6249514167828567,1.076978463489596,5.670774189765265e-05
54.75,0.8939770496931834,0.627594699725568,1.0790467787914257,5.6987173303558585e-05
54.76,0.9007697275698814,0.6302790646602926,1.0809940120318735,5.729324437819816e-05
54.77,0.9076035317516423,0.6330045131282547,1.0828185003043957,5.762681313084774e-05
54.78,0.914478225534606,0.635771044390754,1.0845185679918112,5.7988752802246614e-05
54.79,0.9213935534690558,0.6385786552682745,1.086092527128523,5.837995157089119e-05
54.800000000000004,0.9283492407591897,0.6414273399752618,1.0875386777884264,5.880131221509827e-05
54.81,0.9353449926548459,0.6443170899505326,1.0888553084993613,5.9253751728427814e-05
54.82,0.9423804938353424,0.6472478936832791,1.0900406966849883,5.97382008860003e-05
54.83,0.9494554077856081,0.6502197365346355,1.0910931091349716,6.0255603759174544e-05
54.84,0.9565693761648083,0.653232600554775,1.092010802504364,6.080691717600278e-05
54.85,0.963722018167685,0.6562864642955074,1.0927920238430995,6.139311012482927e-05
54.86,0.9709129298788585,0.659381302618352,1.0934350111565065,6.201516309835029e-05
54.870000000000005,0.9781416836203604,0.6625170864980607,1.0939379939977594,6.267406737542024e-05
54.88,0.9854078272926926,0.665693782821572,1.0942991940931939,6.337082423783483e-05
54.89,0.9927108837097334,0.6689113541823772,1.094516826001417,6.410644411931753e-05
54.9,1.0000503499278388,0.672169758670287,1.094589097807141,6.488194568390181e-05
54.910000000000004,1.0074256965695174,0.6754689496565855,1.0945142118506754,6.569835483088922e-05
54.92,1.0148363671420835,0.6788088755745679,1.0942903654940088,6.655670362355462e-05
54.93,1.0222817773517248,0.6821894796954593,1.0939157519244116,6.745802913879548e-05
54.94,1.0297613144134559,0.6856106998997161,1.0933885609964829,6.840337223492512e-05
54.95,1.0372743363574555,0.6890724684437199,1.0927069801135636,6.939377623482318e-05
54.96,1.0448201713323235,0.6925747117218739,1.0918691951494233,7.043028552173835e-05
54.97,1.0523981169058292,0.6961173500241206,1.0908733914111228,7.151394404506448e-05
54.980000000000004,1.0600074393637542,0.6997002972889057,1.0897177546439363,7.26457937334753e-05
54.99,1.0676473730074751,0.7033234608516159,1.0884004720792058,7.382687281291109e-05
55.0,1.075317119450966,0.7069867411885267,1.0869197335259766,7.505821402700493e-05
55.01,1.0830158469179412,0.7106900316563038,1.0852737325072452,7.634084275766085e-05
55.02,1.0907426895399002,0.7144332182271069,1.0834606674416234,7.767577504361824e-05
55.03,1.0984967466558757,0.7182161792193517,1.081478742871196,7.906401549502273e-05
55.04,1.1062770821147303,0.7220387850241958,1.079326170736319,8.050655510220092e-05
55.050000000000004,1.114082723580888,0.7259008978278207,1.0770011716980665,8.200436893701695e-05
55.06,1.121912661844433,0.7298023713295886,1.0745019765090005,8.355841374545431e-05
55.07,1.129765850136554,0.733743050456166,1.0718268274328946,8.516962543030628e-05
55.08,1.1376412034513528,0.7377227710717108,1.0689739797139932,8.683891642312983e-05
55.09,1.145537597875092,0.7417413596842314,1.0659417030963418,8.856717294492698e-05
55.1,1.1534538699239918,0.7457986331482344,1.0627282833936655,9.035525215537186e-05
55.11,1.1613888158917458,0.7498943983637901,1.0593320241102175,9.220397919075483e-05
55.120000000000005,1.169341191207964,0.7540284519721538,1.055751248112952,9.411414409120732e-05
55.13,1.1773097098088083,0.7582005800480905,1.0519842993553112,9.608649861821284e-05
55.14,1.1852930435211282,0.7624105577890662,1.048029544652838,9.812175296384801e-05
55.15,1.1932898214614582,0.7666581492014758,1.0438853755107538,0.00010022057235370234
55.160000000000004,1.2012986294512864,0.770943106784094,1.039550210003552,0.00010238357354597338
55.17,1.2093180094500537,0.7752651712089436,1.0350224947065738,0.00010461132122973822
55.18,1.2173464590073921,0.7796240709997931,1.0303007066794334,0.00010690432432604224
55.19,1.2253824307361598,0.7840195222085048,1.0253833555010663,0.0001092630321960554
55.2,1.2334243318078804,0.7884512280894701,1.0202689853560658,0.00011168783076120465
55.21,1.2414705234722412,0.7929188787723828,1.014956177171862,0.00011417903854089543
55.22,1.2495193206023532,0.7974221509336136,1.0094435508061828,0.0001167369026141331
55.230000000000004,1.257568991267521,0.8019607074664657,1.003729767284114,0.00011936159451215645
55.24,1.2656177563353197,0.8065341971506054,0.9978135310839477,0.00012205320604994714
55.25,1.2736637891048148,0.8111422543209745,0.9916935924708732,0.0001248117451053172
55.26,1.2817052149728103,0.8157844985365132,0.9853687498774271,0.0001276371313551106
55.27,1.2897401111350448,0.8204605342490285,0.978837852329473,0.00013052919197892952
55.28,1.2977665063243002,0.8251699504725678,0.9720998019163307,0.00013348765734170248
55.29,1.30578238058742,0.8299123204536684,0.9651535563035175,0.00013651215666730005
55.300000000000004,1.3137856651032729,0.8346872013428716,0.957998131286403,0.00013960221371635913
55.31,1.3217742420437248,0.8394941338679069,0.9506326033829098,0.0001427572424824034
55.32,1.3297459444797168,0.8443326420089677,0.9430561124632222,0.00014597654292131622
55.33,1.337698556334566,0.8492022326765164,0.9352678644142826,0.00014925929673015922
55.34,1.3456298123866344,0.8541023953920759,0.9272671338366777,0.00015260456319231205
55.35,1.353537398323526,0.8590326019724783,0.9190532667713246,0.000156011275106844
55.36,1.3614189508499874,0.8639923062180609,0.9106256834531773,0.00015947823482095186
55.370000000000005,1.3692720578516981,0.868980943605314,0.9019838810889781,0.00016300411038528182
55.38,1.3770942586171415,0.8739979309845058,0.893127436655877,0.00016658743185275863
55.39,1.3848830441197475,0.8790426662828209,0.8840560097175422,0.00017022658774247854
55.4,1.392635857362495,0.88411452821357,0.8747693452541754,0.00017391982169103604
55.410000000000004,1.4003500937871496,0.889212875992042,0.8652672765026411,0.00017766522931438023
55.42,1.4080231017502953,0.8943370490585868,0.855549727802706,0.0001814607553040824
55.43,1.415652183068301,0.8994863668095313,0.8456167174451751,0.000185304190782506
55.44,1.4232345936333273,0.904660128336548,0.8354683605174984,0.00018919317094194985
55.45,1.4307675441024466,0.9098576121751089,0.8251048717422106,0.0001931251729933233
55.46,1.4382482006619066,0.9150780760626719,0.8145265683033531,0.0001970975144503303
55.47,1.4456736858685157,0.9203207567072607,0.8037338726558209,0.00020110735177541008
55.480000000000004,1.45304107957007,0.9255848695671112,0.7927273153123644,0.00020515167941384353
55.49,1.4603474199066764,0.9308696086420711,0.7815075376027775,0.0002092273292425085
55.5,1.467589704394753,0.9361741462774489,0.7700752943995949,0.00021333097045965406
55.51,1.4747648910953992,0.9414976329810187,0.7584314568044335,0.00021745910994184855
55.52,1.4818698998687438,0.9468391972539001,0.7465770147889148,0.0002216080930938649
55.53,1.488901613715774,0.9521979454360353,0.7345130797839277,0.00022577410521665205
55.54,1.4958568802090355,0.9575729615669977,0.7222408872108104,0.0002299531734178836
55.550000000000004,1.5027325130134828,0.9629633072628688,0.7097617989478673,0.00023414116908861834
55.56,1.5095252934986199,0.9683680216099276,0.6970773057254748,0.00023833381096846905
55.57,1.5162319724429425,0.9737861210758976,0.6841890294428887,0.00024252666882039364
55.58,1.5228492718315358,0.9792165994394998,0.671098725399728,0.0002467151677346863
55.59,1.5293738867475313,0.9846584277390612,0.6578082844349911,0.00025089459308001835
55.6,1.535802487357954,0.990110554240924,0.6443197349663536,0.0002550600961174067
55.61,1.5421317209943168,0.995571904428401,0.6306352449224079,0.00025920670029082543
55.620000000000005,1.5483582143281263,1.0010413810120162,0.6167571235604261,0.00026332930820578975
55.63,1.5544785756412773,1.0065178639617627,0.6026878231621811,0.0002674227093045963
55.64,1.5604893971910974,1.0120002105621027,0.5884299406003135,0.00027148158824408914
55.65,1.5663872576695925,1.017487255490423,0.5739862187677262,0.00027550053397875306
55.660000000000004,1.572168724756223,1.022977810919646,0.5593595478624853,0.0002794740495486623
55.67,1.5778303577632984,1.0284706666456824,0.5445529665207419,0.0002833965625683505
55.68,1.5833687103728482,1.033964590240396,0.5295696627902342,0.0002872624364090184
55.69,1.5887803334635715,1.0394583272307274,0.5144129749370113,0.00029106598206259516
55.7,1.59406177802621,1.0449506013046075,0.49908639207812017,0.00029480147067220783
55.71,1.5992095981654346,1.0504401145442626,0.4835935546331253,0.000298463146709425
55.72,1.6042203541860551,1.0559255476874891,0.46793825458749,0.0003020452417743369
55.730000000000004,1.6090906157610996,1.0614055604174486,0.45212443556102966,0.000305541988990144
55.74,1.613816965179019,1.0668787916814968,0.43615619267486333,0.00030894763795940894
55.75,1.618396000667,1.072343860039534,0.4200377722105321,0.00031225647024459604
55.76,1.6228243397870699,1.0777993640423225,0.4037735710552261,0.0003154628153309141
55.77,1.6270986229014013,1.083243882640177,0.3873681359273649,0.00031856106702493034
55.78,1.6312155167029205,1.0886759756224011,0.3708261623771113,0.0003215457002378353
55.79,1.6351717178070428,1.0940941840877878,0.3541524935567616,0.00032441128809777343
55.800000000000004,1.638963956400059,1.0994970309464622,0.3373521187563518,0.00032715251933128396
55.81,1.6425889999394148,1.1048830214532976,0.3204301717002448,0.00032976421584964417
55.82,1.6460436569008325,1.1102506437730786,0.30339192860091896,0.00033224135047187216
55.83,1.6493247805669502,1.1155983695775364,0.2862428059666645,0.00033457906471230485
55.84,1.6524292728518641,1.120924654674327,0.2689883581604083,0.0003367726865571026
55.85,1.6553540881557047,1.126227939667957,0.2516342747074297,0.00033881774815076827
55.86,1.6580962372431,1.1315066506526148,0.23418637735030154,0.00034071000331084756
55.870000000000005,1.6606527911391364,1.136759199936788,0.21665061684998285,0.00034244544478645146
55.88,1.6630208850361767,1.1419839867995,0.19903306953261357,0.0003440203211741159
55.89,1.665197722204668,1.1471793982779175,0.1813399335822018,0.0003454311534028758
55.9,1.6671805779008517,1.152343809986027,0.1635775250800604,0.0003466747506992663
55.910000000000004,1.6689668032640816,1.1574755869640017,0.1457522737925333,0.00034774822594235135
55.92,1.6705538291962727,1.1625730845578126,0.1278707187092525,0.00034864901031880855
55.93,1.671939170215826,1.167634649328568,0.10993950333488423,0.000349374867188626
55.94,1.6731204282782246,1.1726586199909936,0.09196537073805082,0.0003499239050730891
55.95,1.674095296555363,1.1776433283803887,0.0739551583618552,0.0003502945896785083
55.96,1.6748615631655543,1.1825871004473292,0.055915792601180486,0.000350485754871546
55.97,1.6754171148460748,1.187488257279307,0.037854283152689364,0.0003504966125250342
55.980000000000004,1.6757599405600314,1.1923451161484262,0.019777717144200582,0.0003503267611569009
55.99,1.6758881350292962,1.1971559915842003,0.001693253050871292,0.0003499761932891902
56.0,1.6757999021852317,1.2019191964704277,-0.016391885593639056,0.0003494453014591585
56.01,1.675493558528935,1.2066330431650427,-0.03447041668210864,0.00034873488282006197
56.02,1.674967536392766,1.2112958446417743,-0.05253500620515464,0.00034784614227551804
56.03,1.6742203870949786,1.215905915652372,-0.07057827509874091,0.0003467806940981333
56.04,1.6732507839793629,1.2204615739080897,-0.08859280625674149,0.00034554056199047204
56.050000000000004,1.6720575253319268,1.2249611412790533,-0.10657115169683612,0.0003441281775543407
56.06,1.6706395371667793,1.2294029450100692,-0.12450583986736566,0.00034254637714269885
56.07,1.668995875873558,1.2337853189513726,-0.1423893830821545,0.00034079839707727195
56.08,1.6671257307189395,1.2381066048027503,-0.16021428506971905,0.0003388878672240654
56.09,1.665028426195004,1.2423651533694176,-0.17797304862272711,0.0003368188029283802
56.1,1.662703424207476,1.2465593258279737,-0.19565818333305818,0.00033459559532055504
56.11,1.6601503260971588,1.2506874950007076,-0.21326221339733917,0.00033222300001345244
56.120000000000005,1.6573688744881798,1.254748046636481,-0.23077768547740077,0.0003297061242225599
56.13,1.6543589549570141,1.2587393806963671,-0.24819717659971527,0.0003270504123494399
56.14,1.651120597516612,1.2626599126421878,-0.26551330207754303,0.0003242616300790431
56.15,1.647653977910347,1.266508074726054,-0.282718723439232,0.0003213458470509927
56.160000000000004,1.6439594187109148,1.2702823172789808,-0.29980615634588587,0.00031830941817436196
56.17,1.6400373902197498,1.2739811099966254,-0.3167683784814448,0.0003151589636644636
56.18,1.6358885111629815,1.2776029432201692,-0.3335982373981053,0.0003119013478888446
56.19,1.6315135491804282,1.2811463292103518,-0.3502886582999517,0.0003085436571178282
56.2,1.6269134211046248,1.2846098034126485,-0.36683265174767293,0.0003050931762825208
56.21,1.6220891930273844,1.287991925711581,-0.3832233212673031,0.0003015573648501977
56.22,1.617042080151926,1.2912912816721398,-0.39945387084604983,0.0002979438319332249
56.230000000000004,1.6117734464291318,1.2945064837663096,-0.41551761229846074,0.00029426031075321094
56.24,1.6062848039770459,1.2976361725826917,-0.4314079724864245,0.000290514632586753
56.25,1.6005778122832868,1.3006790180172314,-0.44711850037681383,0.00028671470032300204
56.26,1.5946542771906012,1.3036337204430817,-0.4626428739209437,0.0002828684617662121
56.27,1.5885161496663538,1.3064990118576543,-0.4779749067404455,0.00027898388281843116
56.28,1.5821655243573183,1.309273657004942,-0.4931085546046423,0.0002750689206785546
56.29,1.5756046379316953,1.3119564544712319,-0.5080379216850498,0.00027113149719406606
56.300000000000004,1.568835867210848,1.3145462377523696,-0.5227572665732199,0.0002671794725008502
56.31,1.5618617270938067,1.3170418762907765,-0.5372610080487887,0.0002632206190846622
56.32,1.5546848682781345,1.3194422764804816,-0.5515437305852832,0.0002592625963949909
56.33,1.5473080747812955,1.3217463826384763,-0.5656001895819762,0.00025531292613828834
56.34,1.539734261267187,1.323953177940766,-0.5794253163108649,0.0002513789683729214
56.35,1.5319664701830102,1.3260616853215577,-0.5930142225686593,0.0002474678985226801
56.36,1.5240078687121539,1.3280709683340886,-0.6063622050245301,0.0002435866854192994
56.370000000000005,1.515861745549237,1.3299801319716804,-0.619464749255243,0.00023974207047743355
56.38,1.5075315075039144,1.3317883234476746,-0.6323175334602261,0.00023594054809770318
56.39,1.4990206759404874,1.3334947329329911,-0.6449164318500503,0.00023218834738501592
56.4,1.4903328830607607,1.3350985942501334,-0.6572575177027594,0.00022849141526043502
56.410000000000004,1.4814718680379824,1.3365991855225543,-0.6693370660834578,0.00022485540103540387
56.42,1.4724414730100501,1.3379958297783834,-0.6811515562235452,0.00022128564250734295
56.43,1.4632456389405013,1.3392878955076128,-0.6926976735569751,0.00021778715362550971
56.44,1.4538884013560955,1.3404747971719337,-0.7039723114119034,0.00021436461376567095
56.45,1.4443738859700712,1.3415559956665095,-0.714972572357081,0.00021102235864165516
56.46,1.4347063042003891,1.3425309987330747,-0.7256957692033238,0.0002077643728714094
56.47,1.424889948592478,1.343399361323845,-0.7361394256613636,0.00020459428420469824
56.480000000000004,1.4149291881561683,1.3441606859158262,-0.7463012766583367,0.0002015153594092664
56.49,1.4048284636266366,1.3448146227752102,-0.7561792683161018,0.00019853050180224818
56.5,1.394592282659282,1.3453608701716495,-0.7657715575954928,0.00019564225040376887
56.51,1.3842252149685303,1.3457991745422984,-0.7750765116114939,0.0001928527806802746
56.52,1.373731887420592,1.346129330605616,-0.7840927066251842,0.00019016390683619414
56.53,1.3631169790902051,1.34635118142502,-0.7928189267191164,0.00018757708560401934
56.54,1.3523852162913645,1.3464646184225846,-0.8012541621635841,0.0001850934214750371
56.550000000000004,1.3415413675919712,1.3464695813430665,-0.8093976074819765,0.00018271367330562337
56.56,1.330590238822249,1.346366058168646,-0.8172486592241229,0.00018043826222740726
56.57,1.3195366680866456,1.3461540849848594,-0.8248069134571953,0.00017826728078368528
56.58,1.308385520788783,1.3458337457982879,-0.8320721629843467,0.0001762005032092203
56.59,1.2971416846788415,1.3454051723066642,-0.8390443943018355,0.00017423739676614836
56.6,1.2858100649325515,1.3448685436221364,-0.8457237843059001,0.0001723771340449681
56.61,1.2743955792707298,1.344224085948515,-0.8521106967611213,0.00017061860613664284
56.620000000000005,1.2629031531280455,1.3434720722134093,-0.8582056785424238,0.0001689604365796939
56.63,1.2513377148794094,1.3426128216562307,-0.8640094556632364,0.0001674009959846994
56.64,1.2397041911320863,1.341646699373121,-0.8695229291026428,0.00016593841723788595
56.65,1.2280075020913055,1.3405741158199223,-0.8747471704446198,0.0001645706111856122
56.660000000000004,1.2162525570068008,1.339395526274377,-0.8796834173426678,0.00016329528270215947
56.67,1.2044442497073642,1.338111430258806,-0.8843330688233004,0.00016210994704462638
56.68,1.1925874542301205,1.336722370924563,-0.888697680441969,0.0001610119464007385
56.69,1.1806870205508535,1.3352289343996255,-0.8927789593050555,0.00015999846653788198
56.7,1.168747770421321,1.3336317491007204,-0.8965787589715851,0.00015906655346481364
56.71,1.1567744933190927,1.3319314850114305,-0.900099074248268,0.00015821313002101662
56.72,1.1447719425150438,1.3301288529277686,-0.9033420358914049,0.00015743501231270943
56.730000000000004,1.1327448312632171,1.3282246036727319,-0.9063099052290676,0.0001567289259188719
56.74,1.1206978291173588,1.3262195272813915,-0.9090050687167973,0.00015609152179538857
56.75,1.1086355583780085,1.3241144521580843,-0.9114300324398643,0.00015551939181041426
56.76,1.0965625906736123,1.321910244207306,-0.913587416574889,0.00015500908384923816
56.77,1.0844834436787083,1.3196078059399123,-0.9154799498233469,0.00015455711643231842
56.78,1.0724025779718274,1.317208075556255,-0.9171104638291757,0.0001541599927957205
56.79,1.060324394035335,1.3147120260078802,-0.9184818875923589,0.00015381421438871652
56.800000000000004,1.0482532293990492,1.3121206640394285,-0.9195972418899975,0.00015351629374889703
56.81,1.0361933559290661,1.309435029212367,-0.9204596337159879,0.0001532627667208145
56.82,1.0241489772628452,1.3066561929121887,-0.9210722507500128,0.0001530502039895848
56.83,1.0121242263912265,1.3037852573406992,-0.9214383558661114,0.00015287522190637418
56.84,1.0001231633876893,1.3008233544950063,-0.9215612816906535,0.00015273449258797146
56.85,0.9881497732848051,1.2977716451348078,-0.9214444252190644,0.000152624753277712
56.86,0.976207964097501,1.2946313177395563,-0.9210912425001776,0.00015254281495998324
56.870000000000005,0.9643015649924159,1.291403587457062,-0.9205052433965967,0.00015248557022519616
56.88,0.9524343246023259,1.288089695045064,-0.9196899864289546,0.0001524500003865679
56.89,0.9406099094843068,1.2846909058072808,-0.9186490737114533,0.00015243318185421379
56.9,0.9288319027200268,1.281208508525414,-0.9173861459855625,0.00015243229177594933
56.910000000000004,0.9171038026562868,1.2776438143885518,-0.9159048777582489,0.00015244461295781228
56.92,0.9054290217836761,1.2739981559213858,-0.9142089725506005,0.00015246753808058992
56.93,0.8938108857509752,1.2702728859126098,-0.9123021582622073,0.00015249857323164338
56.94,0.8822526325127136,1.2664693763448431,-0.9101881826561619,0.00015253534077399434
56.95,0.8707574116070906,1.2625890173273693,-0.9078708089690488,0.00015257558157702656
56.96,0.859328283561275,1.258633216032948,-0.9053538116498091,0.00015261715663519865
56.97,0.8479682194209301,1.25460339563991,-0.9026409722308879,0.0001526580481029392
56.980000000000004,0.8366801004006553,1.2505009942807024,-0.8997360753346122,0.0001526963597753852
56.99,0.8254667176518931,1.2463274639980055,-0.8966429048172884,0.00015273031704578802
57.0,0.8143307721447289,1.2420842697094994,-0.8933652400530726,0.00015275826637133175
57.01,0.803274874659902,1.2377728881823054,-0.8899068523592398,0.00015277867427978235
57.02,0.7923015458872488,1.2333948070180873,-0.8862715015640645,0.0001527901259497632
57.03,0.7814132166267264,1.228951523649746,-0.8824629327181339,0.000152791323397661
57.04,0.7706122280880934,1.2244445443505887,-0.8784848729495315,0.00015278108330409864
57.050000000000004,0.7599008322852777,1.2198753832568185,-0.8743410284629692,0.00015275833451267192
57.06,0.7492811925214206,1.215245561404127,-0.8700350816825986,0.00015272211523325625
57.07,0.738755383960561,1.2105566057791346,-0.8655706885379054,0.00015267156998152926
57.08,0.7283253942819132,1.2058100483863725,-0.8609514758917817,0.0001526059462856622
57.09,0.717993124412685,1.2010074253314544,-0.856181039109576,0.00015252459119024676
57.1,0.7077603893353945,1.196150275921036,-0.8512629397676514,0.00015242694758650126
57.11,0.6976289189656648,1.1912401417801173,-0.8462007034997212,0.0001523125503967096
57.120000000000005,0.6876003590965016,1.186278565987197,-0.8409978179789971,0.00015218102263966817
57.13,0.6776762724050989,1.1812670922277444,-0.8356577310339636,0.00015203207140264996
57.14,0.6678581395182644,1.1762072639664043,-0.8301838488953884,0.0001518654837440652
57.15,0.6581473601326112,1.171100623638319,-0.8245795345719952,0.00015168112254964402
57.160000000000004,0.6485452541857224,1.1659487118598983,-0.8188481063520541,0.00015147892236357983
57.17,0.639053063074567,1.1607530666593353,-0.8129928364279954,0.0001512588852146488
57.18,0.6296719509175174,1.1555152227271208,-0.8070169496410148,0.00015102107645588556
57.19,0.6204030058563998,1.150236710686777,-0.8009236223425186,0.00015076562063499438
57.2,0.6112472413950962,1.1449190563859868,-0.794715981369151,0.00015049269741126712
57.21,0.6022055977713011,1.1395637802082637,-0.7883971031280571,0.000150202537533349
57.22,0.5932789433581367,1.1341723964052723,-0.7819700127889566,0.00014989541889086713
57.230000000000004,0.5844680760924209,1.1287464124498736,-0.7754376835795408,0.00014957166265159842
57.24,0.575773724926486,1.1232873284099383,-0.7688030361806556,0.00014923162949452985
57.25,0.5671965513005465,1.117796636342943,-0.7620689382176948,0.00014887571594796308
57.26,0.558737150632719,1.1122758197113296,-0.7552382038446009,0.00014850435084057105
57.27,0.5503960538239042,1.1067263528185844,-0.748313593416857,0.00014811799187218597
57.28,0.5421737287748444,1.1011497002659658,-0.7412978132498463,0.00014771712231001304
57.29,0.5340705819127813,1.0955473164297813,-0.7341935154589629,0.0001473022478148989
57.300000000000004,0.5260869597252449,1.0899206449590955,-0.7270032978778692,0.00014687389340134517
57.31,0.518223150298611,1.084271118293721,-0.7197297040513192,0.00014643260053401748
57.32,0.5104793848591754,1.0786001572023303,-0.7123752232989974,0.0001459789243626216
57.33,0.5028558393145969,1.0729091703405003,-0.7049422908468609,0.00014551343109626944
57.34,0.49535263579366895,1.0671995538284853,-0.6974332880225163,0.0001450366955176987
57.35,0.4879698441824847,1.0614726908484962,-0.6898505425112141,0.00014454929863701028
57.36,0.48070748365516214,1.055729951261246,-0.6821963286691017,0.00014405182548400244
57.370000000000005,0.47356552419740083,1.049972691241507,-0.6744728678904344,0.00014354486303760642
57.38,0.46654388812123865,1.0442022529324126,-0.6666823290255133,0.0001430289982904109
57.39,0.45964245156947753,1.0384199641182192,-0.6588268288461885,0.0001425048164458212
57.4,0.4528610460083423,1.032627137915237,-0.6509084325558394,0.00014197289924499344
57.410000000000004,0.4461994597070307,1.0268250724806232,-0.6429291543408224,0.0001414338234203259
57.42,0.43965743920290334,1.021015050738725,-0.6348909579604559,0.00014088815927198653
57.43,0.4332346907511531,1.0151983401246474,-0.6267957573726956,0.00014033646936369303
57.44,0.42693088175787747,1.0093761923447147,-0.6186454173927369,0.00013977930733373851
57.45,0.42074564219556265,1.0035498431534888,-0.6104417543818689,0.00013921721681707904
57.46,0.41467856600006886,0.9977205121469986,-0.6021865369639884,0.00013865073047414697
57.47,0.4087292124482837,0.9918894025718313,-0.593881486767276,0.0001380803691219453
57.480000000000004,0.4028971075156869,0.9860577011497318,-0.5855282791886207,0.00013750664096291428
57.49,0.39718174521314153,0.980226577917352,-0.5771285441784696,0.00013693004090698294
57.5,0.3915825889022966,0.9743971860807907,-0.5686838670438715,0.00013635104998222143
57.51,0.386099072589053,0.9685706618845592,-0.5601957892675684,0.00013577013482949258
57.52,0.38073060219460925,0.9627481244946108,-0.5516658093410802,0.00013518774727654624
57.53,0.3754765568036627,0.9569306758950666,-0.5430953836098147,0.00013460432398703032
57.54,0.3703362898894034,0.9511194007982745,-0.5344859271283223,0.00013402028617993207
57.550000000000004,0.3653091305149905,0.9453153665678341,-0.5258388145239028,0.0001334360394150987
57.56,0.3603943845112554,0.9395196231542245,-0.5171553808668525,0.00013285197344052238
57.57,0.3555913356304268,0.9337332030426719,-0.5084369225457287,0.00013226846209719596
57.58,0.35089924667571776,0.9279571212128951,-0.49968469814608635,0.0001316858632774822
57.59,0.3463173606066631,0.9221923751103701,-0.4908999293312253,0.0001311045189330234
57.6,0.3418449016201355,0.9164399446287589,-0.4820838017235637,0.00013052475512838308
57.61,0.33748107620700923,0.9107007921031465,-0.4732374657853307,0.00012994688213672904
57.620000000000005,0.33322507418447966,0.9049758623137392,-0.4643620376973477,0.00012937119457400765
57.63,0.32907606970407893,0.8992660824996758,-0.4554586002347388,0.00012879797156822208
57.64,0.3250332222354637,0.893572362382611,-0.446528203638485,0.0001282274769605468
57.65,0.321095677526081,0.8878955941997324,-0.4375718664818037,0.00012765995953518706
57.660000000000004,0.31726256853684565,0.8822366527458785,-0.42859057653040317,0.0001270956532750237
57.67,0.3135330163539917,0.8765963954244281,-0.4195852915957274,0.00012653477764023197
57.68,0.30990613107728243,0.8709756623066396,-0.4105569403803686,0.00012597753786722324
57.69,0.3063810126847879,0.8653752761991195,-0.40150642331488645,0.00012542412528539416
57.7,0.30295675187446003,0.8597960427191096,-0.3924346133853309,0.00012487471764931814
57.71,0.2996324308827526,0.8542387503772834,-0.38334235695082336,0.00012432947948414855
57.72,0.29640712428055344,0.8487041706677512,-0.37423047455060365,0.0001237885624421454
57.730000000000004,0.29327989974671004,0.8431930581649774,-0.36509976170000463,0.00012325210566837817
57.74,0.2902498188194455,0.8377061506273192,-0.3559509896748644,0.0001227202361737681
57.75,0.2873159376259737,0.8322441691069042,-0.34678490628393593,0.00012219306921378546
57.76,0.28447730759063483,0.8268078180655655,-0.33760223662889927,0.00012167070867122396
57.77,0.28173297612188264,0.8213977854965645,-0.3284036838516251,0.00012115324744158932
57.78,0.27908198727846256,0.8160147430518345,-0.31918992986838185,0.00012064076781976547
57.79,0.27652338241512947,0.810659346174484,-0.30996163609071703,0.00012013334188671625
57.800000000000004,0.2740562008082593,0.8053322342363061,-0.30071944413278345,0.0001196310318950979
57.81,0.2716794802617149,0.800034030680046,-0.29146397650491557,0.00011913389065274291
57.82,0.2693922576933302,0.7947653431661847,-0.28219583729329706,0.00011864196190307537
57.83,0.2671935697023825,0.7895267637240028,-0.27291561282559296,0.00011815528070161523
57.84,0.2650824531184234,0.7843188689066931,-0.2636238723224505,0.00011767387378779469
57.85,0.26305794553184164,0.779142219950302,-0.2543211685348025,0.00011719775995140822
57.86,0.2611190858065335,0.7739973629362764,-0.24500803836693488,0.0001167269503930873
57.870000000000005,0.2592649145750547,0.7688848289574086,-0.23568500348530494,0.00011626144907824924
57.88,0.25749447471663034,0.7638051342869705,-0.2263525709131235,0.00011580125308405809
57.89,0.25580681181839604,0.7587587805508371,-0.21701123361073507,0.0001153463529389845
57.9,0.2542009746202439,0.7537462549024051,-0.20766147104185306,0.00011489673295460339
57.910000000000004,0.25267601544364476,0.748768030200117,-0.19830374972572684,0.00011445237154933934
57.92,0.2512309906048156,0.7438245651874072,-0.1889385237753364,0.00011401324156391112
57.93,0.2498649608125977,0.7389163046748929,-0.17956623542172798,0.0001135793105682671
57.94,0.24857699155140997,0.7340436797246352,-0.17018731552462024,0.00011315054115986226
57.95,0.24736615344963542,0.7292071078363057,-0.16080218406942606,0.00011272689125315517
57.96,0.24623152263379788,0.7244069931350938,-0.1514112506508484,0.00011230831436023973
57.97,0.24517218106887967,0.7196437265612005,-0.14201491494322238,0.00011189475986257309
57.980000000000004,0.2441872168851275,0.7149176860607638,-0.13261356715778694,0.00011148617327377991
57.99,0.24327572469168937,0.7102292367780714,-0.12320758848708056,0.0001110824964935408
58.0,0.24243680587741948,0.7055787312489166,-0.11379735153666552,0.00011068366805260865
58.01,0.24166956889918423,0.7009665095949613,-0.10438322074439367,0.00011028962334901398
58.02,0.24097312955799605,0.6963928997189727,-0.09496555278743544,0.00010990029487553836
58.03,0.2403466112632972,0.691858217500805,-0.08554469697730058,0.00010951561243855844
58.04,0.23978914528570977,0.6873627669940043,-0.07612099564308555,0.00010913550336838222
58.050000000000004,0.23929987099856265,0.6829068406229144,-0.06669478450318872,0.00010875989272120266
58.06,0.23887793610850053,0.6784907193801712,-0.057266393025738806,0.00010838870347282378
58.07,0.23852249687547422,0.6741146730244728,-0.047836144777986866,0.00010802185670431368
58.08,0.23823271832240567,0.6697789602785191,-0.038404357764915464,0.00010765927177974966
58.09,0.23800777443481552,0.6654838290270181,-0.028971344757321906,0.00010730086651623934
58.1,0.23784684835069486,0.6612295165146589,-0.019537413609634766,0.00010694655734639637
58.11,0.23774913254089708,0.6570162495439571,-0.010102867567724955,0.00010659625947346253
58.120000000000005,0.23771382898031987,0.6528442446728804,-0.0006680055669739757,0.00010624988701927255
58.13,0.23774014931014173,0.648713708412166,0.008766877479137038,0.00010590735316526331
58.14,0.2378273149913711,0.644624837422246,0.018201490399653415,0.00010556857028672847
58.15,0.23797455744996088,0.6405778187096978,0.02763554549572399,0.00010523345008052213
58.160000000000004,0.23818111821373503,0.6365728298231441,0.03706875827886527,0.00010490190368642047
58.17,0.23844624904136852,0.6326100390485256,0.04650084721764959,0.00010457384180234981
58.18,0.23876921204365595,0.6286896056036755,0.0559315334925551,0.00010424917479368882
58.19,0.23914927979729864,0.6248116798321265,0.06536054075871685,0.00010392781279684771
58.2,0.23958573545143486,0.620976403396087,0.07478759491631991,0.00010360966581733631
58.21,0.2400778728271317,0.6171839094685199,0.08421242388837727,0.00010329464382252683
58.22,0.24062499651005229,0.6134343229242673,0.09363475740563762,0.0001029826568293085
58.230000000000004,0.2412264219365066,0.6097277605301615,0.10305432679837036,0.00010267361498684033
58.24,0.2418814754730885,0.6060643311340695,0.11247086479477796,0.0001023674286545996
58.25,0.2425894944900974,0.6024441358528166,0.12188410532578853,0.00010206400847592305
58.26,0.2433498274289366,0.5988672682589412,0.13129378333598454,0.00010176326544723057
58.27,0.24416183386367674,0.5953338145662326,0.14069963460042664,0.00010146511098312417
58.28,0.24502488455696683,0.5918438538140068,0.15010139554713509,0.00010116945697754937
58.29,0.24593836151047108,0.5883974580500781,0.15949880308499464,0.00010087621586119733
58.300000000000004,0.24690165801000494,0.5849946925123847,0.1688915944368521,0.00010058530065533251
58.31,0.2479141786655391,0.5816356158092306,0.1782795069775797,0.0001002966250222196
58.32,0.24897533944623557,0.578320280098108,0.1876622780768813,0.00010001010331231716
58.33,0.25008456771067566,0.575048731263064,0.19703964494662168,9.972565060841337e-05
58.34,0.25124130223243524,0.5718210090905804,0.2064113444924638,9.944318276686448e-05
58.35,0.2524449932211584,0.5686371474439351,0.2157771131696022,9.916261645609167e-05
58.36,0.2536951023392764,0.565497174436017,0.2251366868423856,9.888386919250167e-05
58.370000000000005,0.25499110271451475,0.5624011126005656,0.2344898006476244,9.860685937397603e-05
58.38,0.25633247894832717,0.559348979061812,0.24383618886138442,9.833150631107976e-05
58.39,0.257718727120391,0.5563407857024953,0.2531755847690712,9.805773025613833e-05
58.4,0.2591493547892957,0.5533765393302331,0.26250772053861376,9.778545243031614e-05
58.410000000000004,0.26062388098955047,0.5504562418422249,0.27183232709656036,9.751459504884001e-05
58.42,0.26214183622503584,0.5475798903882689,0.28114913400690356,9.724508134449982e-05
58.43,0.26370276245901747,0.5447474775320755,0.29045786935245554,9.697683558955472e-05
58.44,0.2653062131008398,0.5419589914108579,0.29975825961859837,9.670978311617637e-05
58.45,0.2669517529894109,0.5392144158931874,0.3090500295792389,9.644385033554461e-05
58.46,0.26863895837358903,0.5365137307350984,0.31833290218480065,9.617896475572301e-05
58.47,0.27036741688957583,0.533856911734429,0.32760659845209056,9.59150549984307e-05
58.480000000000004,0.2721367275354191,0.531243930883387,0.3368708373558809,9.56520508148183e-05
58.49,0.2739465006427245,0.5286747565193304,0.3461253357220517,9.538988310036324e-05
58.5,0.275796357845672,0.5261493534737522,0.3553698081221417,9.512848390899469e-05
58.51,0.2776859320474304,0.5236676832194617,0.36460396676916174,9.4867786466549e-05
58.52,0.27961486738405955,0.5212297040159539,0.373827521414525,9.460772518366016e-05
58.53,0.28158281918598704,0.5188353710529625,0.3830401792459558,9.434823566818512e-05
58.54,0.28358945393714347,0.5164846365921879,0.3922416447862389,9.408925473725939e-05
58.550000000000004,0.28563444923183673,0.5141774501071982,0.40143161979267794,9.383072042908552e-05
58.56,0.28771749372944394,0.5119137584214972,0.4106098031571325,9.357257201453874e-05
58.57,0.2898382871069954,0.5096935058447585,0.4197758908065087,9.331475000868459e-05
58.58,0.2919965400097235,0.5075166343072202,0.42892957560357975,9.305719618230203e-05
58.59,0.294191973999646,0.5053830834922421,0.4380705472480191,9.279985357349025e-05
58.6,0.29642432150224957,0.5032927909670225,0.4471984921775278,9.254266649945171e-05
58.61,0.2986933257513395,0.5012456923114735,0.45631309346894533,9.22855805685349e-05
58.620000000000005,0.30099874073211486,0.49924172124525784,0.46541403073923326,9.202854269261687e-05
58.63,0.30334033112252945,0.4972808097529856,0.4745009800462252,9.177150109990563e-05
58.64,0.30571787223299357,0.4953628882075742,0.4835736137890395,9.151440534824674e-05
58.65,0.30813114994447066,0.49348788549177214,0.4926316006080543,9.125720633901042e-05
58.660000000000004,0.3105799606450197,0.49165572911785066,0.5016746052843462,9.09998563316357e-05
58.67,0.3130641111648312,0.4898663453454647,0.5107022886384986,9.074230895890882e-05
58.68,0.31558341870980317,0.48811965929768786,0.5197143074286866,9.048451924305415e-05
58.69,0.3181377107937001,0.4864155950752247,0.5287103142479483,9.022644361271309e-05
58.7,0.3207268251689356,0.4847540758688047,0.5376899574205571,8.996803992087649e-05
58.71,0.3233506097560168,0.4831350240697624,0.546652880897408,8.970926746386046e-05
58.72,0.32600892257168707,0.4815583613788085,0.5555987241503383,8.9450087001386e-05
58.730000000000004,0.3287016316557992,0.48002400891299785,0.5645271220653003,8.919046077784145e-05
58.74,0.33142861499695075,0.4785318873108988,0.5734377048343117,8.893035254480448e-05
58.75,0.3341897604569097,0.4770819168359702,0.5823300978461053,8.866972758488763e-05
58.76,0.33698496569385555,0.475674017478152,0.5912039215754086,8.84085527369907e-05
58.77,0.33981413808446104,0.4743081090536756,0.600058791470779,8.814679642302405e-05
58.78,0.34267719464483326,0.47298411130309936,0.6088943178409296,8.788442867618687e-05
58.79,0.3455740619503344,0.47170194398757737,0.6177101057394769,8.762142117087105e-05
58.800000000000004,0.3485046760542976,0.47046152698336635,0.6265057548480472,8.735774725425455e-05
58.81,0.351468982405651,0.46926278037457814,0.6352808593576781,8.709338197967688e-05
58.82,0.35446693576546223,0.4681056245441842,0.6440350078484572,8.682830214185864e-05
58.83,0.3574985001224109,0.466989980263279,0.6527677831673363,8.656248631405138e-05
58.84,0.3605636486071959,0.46591576877860863,0.6614787623040674,8.629591488718938e-05
58.85,0.3636623634058812,0.4648829118983718,0.6701675162652045,8.602857011111745e-05
58.86,0.3667946356721809,0.46389133207629923,0.6788336099461184,8.576043613799042e-05
58.870000000000005,0.36996046543868283,0.46294095249401884,0.6874766020009743,8.549149906790378e-05
58.88,0.37315986152700614,0.46203169714171227,0.696096044710622,8.522174699685213e-05
58.89,0.37639284145688745,0.46116349089706987,0.7046914838483529,8.495117006709229e-05
58.9,0.3796594313541854,0.46033625960255004,0.7132624585434757,8.467976051999195e-05
58.910000000000004,0.3829596658577934,0.45954993014094897,0.7218085011426697,8.44075127514621e-05
58.92,0.3862935880254454,0.45880443050928676,0.7303291370690722,8.413442337004377e-05
58.93,0.3896612492383986,0.45809968989101546,0.7388238846790595,8.386049125774705e-05
58.94,0.3930627091049739,0.4574356387265546,0.7472922551166835,8.358571763373603e-05
58.95,0.3964980353629311,0.4568122087821594,0.7557337521657278,8.331010612094084e-05
58.96,0.39996730378065576,0.45622933321712594,0.7641478720993463,8.303366281569624e-05
58.97,0.4034705980571289,0.4556869466493393,0.7725341035272532,8.275639636050742e-05
58.980000000000004,0.4070080097206506,0.45518498521916706,0.7808919272404318,8.247831802003247e-05
58.99,0.41057963802628367,0.45472338665170353,0.7892208160533335,8.219944176038014e-05
59.0,0.414185589851983,0.45430209031736746,0.797520234643538,8.191978433183181e-05
59.01,0.4178259795933711,0.45392103729085664,0.8057896393888506,8.1639365355085e-05
59.02,0.4215009290571191,0.4535801704084619,0.8140284782018111,8.135820741112798e-05
59.03,0.4252105673528896,0.4532794343237428,0.8222361903615948,8.107633613484428e-05
59.04,0.42895503078379316,0.453018775561567,0.8304122063432828,8.079378031246362e-05
59.050000000000004,0.4327344627353102,0.452798142570514,0.8385559476444872,8.05105719829758e-05
59.06,0.43654901356262404,0.45261748577364463,0.8466668266093128,8.022674654360654e-05
59.07,0.4403988404763104,0.45247675761763617,0.8547442462496448,7.994234285948142e-05
59.08,0.44428410742632335,0.4523759126202823,0.8627876000637492,7.96574033775926e-05
59.09,0.44820498498421735,0.45231490741635805,0.8707962718521783,7.937197424519272e-05
59.1,0.45216165022353905,0.4522937008018466,0.8787696355309766,7.90861054327293e-05
59.11,0.4561542865983216,0.4523122537765272,0.8867070549421809,7.879985086144433e-05
59.120000000000005,0.4601830838196099,0.4523705295849201,0.8946078836616158,7.85132685357766e-05
59.13,0.46424823772994267,0.4524684937555857,0.9024714648039861,7.822642068068027e-05
59.14,0.4683499501757136,0.4526061141387729,0.9102971308252705,7.793937388399417e-05
59.15,0.4724884288773304,0.45278336094241217,0.9180842033224251,7.765219924399603e-05
59.160000000000004,0.4766638872970879,0.45300020676644714,0.925831992830407,7.736497252226889e-05
59.17,0.4808765445046681,0.45325662663549815,0.9335397986165326,7.707777430201673e-05
59.18,0.48512662504017506,0.45355259802985015,0.9412069084721889,7.679069015196296e-05
59.19,0.4894143587746118,0.45388810091475706,0.9488325985019176,7.65038107959714e-05
59.2,0.4937399807677005,0.454263117768053,0.9564161329098982,7.621723228852554e-05
59.21,0.49810373112294504,0.45467763360606017,0.9639567637838592,7.593105619619955e-05
59.22,0.5025058548398317,0.45513163600778295,0.9714537308764484,7.564538978526824e-05
59.230000000000004,0.5069466016630589,0.45562511513737575,0.9789062613841023,7.53603462155893e-05
59.24,0.5114262259286853,0.45615806376487195,0.9863135697234541,7.507604474089611e-05
59.25,0.515944986407079,0.45673047728515975,0.9936748573053271,7.479261091564752e-05
59.26,0.5205031461425514,0.45734235373519017,1.0009893123063662,7.451017680856325e-05
59.27,0.5251009722895511,0.4579936938094012,1.008256109438361,7.422888122298295e-05
59.28,0.5297387359452911,0.45868450087334084,1.0154744097153248,7.394886992419564e-05
59.29,0.5344167119786811,0.4594147809754708,1.0226433602183949,7.367029587385912e-05
59.300000000000004,0.5391351788554297,0.4601845428571318,1.0297620938586283,7.339331947164772e-05
59.31,0.5438944184591783,0.46099379796064976,1.0368297291377713,7.311810880426517e-05
59.32,0.5486947159085268,0.46184256043556104,1.0438453699070889,7.28448399019274e-05
59.33,0.5535363593698052,0.46273084714293433,1.0508081051243447,7.257369700245666e-05
59.34,0.5584196398654409,0.4636586776577645,1.0577170086090333,7.230487282309985e-05
59.35,0.563344851077771,0.46462607426941344,1.0645711387959675,7.203856884017138e-05
59.36,0.5683122891481411,0.4656330619800711,1.071369538487338,7.177499557663915e-05
59.370000000000005,0.5733222524711304,0.46667966850120834,1.0781112346033643,7.151437289775641e-05
59.38,0.5783750414837393,0.4677659242479932,1.0847952379316692,7.125693031481163e-05
59.39,0.5834709584493702,0.4688918623316387,1.0914205428755133,7.100290729709354e-05
59.4,0.5886103072364312,0.4700575185496512,1.0979861272010383,7.075255359215319e-05
59.410000000000004,0.5937933930913836,0.4712629313739449,1.1044909517836765,7.050612955440202e-05
59.42,0.5990205224060572,0.4725081419367883,1.110933960353891,7.026390648212035e-05
59.43,0.604292002479047,0.4737931940145457,1.1173140792424257,7.002616696290323e-05
59.44,0.6096081412710057,0.47511813400917635,1.1236302171252497,6.97932052275706e-05
59.45,0.6149692471536397,0.47648301092745093,1.1298812647683982,6.956532751255497e-05
59.46,0.6203756286522155,0.4778878763578461,1.1360660947729146,6.934285243075602e-05
59.47,0.6258275941813772,0.4793327844450727,1.14218356132012,6.912611135083895e-05
59.480000000000004,0.6313254517740734,0.4808177918621955,1.148232499917441,6.89154487849197e-05
59.49,0.6368695088033882,0.4823429577802969,1.1542117271450414,6.871122278459793e-05
59.5,0.6424600716970685,0.4839083438356395,1.1601200404035243,6.851380534522101e-05
59.51,0.6480974456445345,0.48551401409427697,1.1659562176629685,6.832358281827196e-05
59.52,0.6537819342961583,0.48716003501406335,1.171719017213596,6.814095633174899e-05
59.53,0.6595138394545933,0.4888464754040092,1.1774071774183683,6.796634221835197e-05
59.54,0.6652934607579324,0.49057340638093,1.183019416467832,6.780017245128458e-05
59.550000000000004,0.6711210953544706,0.4923409013233314,1.1885544321375479,6.764289508742837e-05
59.56,0.6769970375688459,0.49414903582247494,1.1940109015484532,6.749497471762215e-05
59.57,0.682921578559329,0.4959978876305642,1.1993874809305265,6.735689292373209e-05
59.58,0.68889500596603,0.49788753660599183,1.2046828053901386,6.722914874216445e-05
59.59,0.6949176035497884,0.4998180646555847,1.209895488681496,6.711225913342513e-05
59.6,0.7009896508215104,0.501789555673783,1.2150241229825973,6.700675945728009e-05
59.61,0.7071114226617171,0.5038020954786879,1.2200672786761453,6.69132039530272e-05
59.620000000000005,0.7132831889300632,0.5058557717449101,1.2250235041358777,6.683216622433376e-05
59.63,0.7195052140645871,0.5079506739331507,1.2298913255187987,6.67642397280363e-05
59.64,0.7257777566704519,0.5100868932164424,1.2346692465638156,6.671003826624526e-05
59.65,0.7321010690979337,0.5122645224029791,1.2393557483973083,6.66701964810239e-05
59.660000000000004,0.7384753970094187,0.5144836558554609,1.2439492893461777,6.664537035085114e-05
59.67,0.7449009789351635,0.5167443894068753,1.248448304758948,6.663623768800795e-05
59.68,0.751378045817581,0.5190468202726414,1.2528512068355186,6.664349863594797e-05
59.69,0.7579068205438091,0.521391046959034,1.2571563844661844,6.666787616563403e-05
59.7,0.7644875174663239,0.5237771691678096,1.2613622030805727,6.671011656974025e-05
59.71,0.7711203419113615,0.5262052876969495,1.2654670045071676,6.677098995353847e-05
59.72,0.7778054896749108,0.5286755043374392,1.2694691068441208,6.685129072117848e-05
59.730000000000004,0.7845431465060481,0.5311879217659956,1.273366804342072,6.695183805599579e-05
59.74,0.7913334875773821,0.5337426434336576,1.2771583672997362,6.707347639336898e-05
59.75,0.7981766769423871,0.5363397734501502,1.280842041973035,6.721707588453371e-05
59.76,0.805072866979402,0.5389794164639334,1.2844160504985858,6.738353284967469e-05
59.77,0.8120221978220804,0.5416616775378461,1.2878785908323866,6.757377021847541e-05
59.78,0.8190247967760851,0.54438666202025,1.2912278367045689,6.77887379561952e-05
59.79,0.8260807777218206,0.5471544754115836,1.2944619375911155,6.802941347322655e-05
59.800000000000004,0.8331902405030126,0.5499652232262304,1.2975790187034795,6.829680201594215e-05
59.81,0.8403532703009445,0.5528190108496064,1.3005771809970648,6.859193703650581e-05
59.82,0.8475699369941762,0.5557159433903707,1.3034545011995637,6.891588053919265e-05
59.83,0.8548402945035748,0.5586561255276632,1.3062090318601816,6.926972340060819e-05
59.84,0.8621643801225034,0.561639661353271,1.3088388014208057,6.96545856610436e-05
59.85,0.8695422138320205,0.5646666542086263,1.311341814310215,7.007161678406832e-05
59.86,0.8769737976009608,0.5677372065165365,1.3137160510624553,7.052199588127629e-05
59.870000000000005,0.8844591146707786,0.5708514196075493,1.3159594684605433,7.100693189894826e-05
59.88,0.8919981288250509,0.5740093935408522,1.3180699997066896,7.152766376324282e-05
59.89,0.8995907836435557,0.5772112269196098,1.3200455546202723,7.208546048032652e-05
59.9,0.9072370017408562,0.5804570167006383,1.321884019864821,7.268162118769655e-05
59.910000000000004,0.9149366839893418,0.5837468579983209,1.3235832592053067,7.331747515277287e-05
59.92,0.9226897087266971,0.5870808438826653,1.3251411137970672,7.399438171464208e-05
59.93,0.9304959309477907,0.5904590651714076,1.3265554025077286,7.471373016467025e-05
59.94,0.9383551814810012,0.5938816102160656,1.3278239222735202,7.54769395614991e-05
59.95,0.9462672661490189,0.5973485646818487,1.3289444484914066,7.628545847577028e-05
59.96,0.9542319649141923,0.6008600113213302,1.3299147354485006,7.714076465972445e-05
59.97,0.9622490310085111,0.6044160297417902,1.330732516790243,7.804436463664092e-05
59.980000000000004,0.970318190048353,0.6080166961661423,1.3313955060288731,7.899779320490565e-05
59.99,0.9784391391341466,0.6116620831873534,1.3319013970937372,8.000261285130421e-05
60.0,0.986611545935142,0.6153522595162758,1.3322478649250147,8.106041306796776e-05
60.01,0.9948350477595098,0.6190872897228077,1.3324325661124663,8.217280956721329e-05
60.02,1.0031092506100303,0.6228672339703042,1.3324531395808354,8.33414433883732e-05
60.03,1.0114337282256716,0.6266921477431652,1.3323072073235542,8.456797989053069e-05
60.04,1.0198080211093958,0.6305620815675276,1.3319923751864342,8.585410762493678e-05
60.050000000000004,1.0282316355425778,0.6344770807249966,1.3315062337030348,8.720153708073504e-05
60.06,1.0367040425864604,0.6384371849593536,1.330846358983424,8.861199929750756e-05
60.07,1.0452246770711253,0.6424424281761841,1.3300103136580623,9.008724433803674e-05
60.08,1.0537929365725003,0.6464928381353743,1.3289956478785494,9.162903961455328e-05
60.09,1.0624081803779788,0.6505884361364312,1.3277999003769858,9.323916806170363e-05
60.1,1.0710697284412818,0.6547292366965881,1.3264205995857101,9.491942614939815e-05
60.11,1.0797768603272473,0.6589152472216614,1.324855264819169,9.667162172863609e-05
60.120000000000005,1.0885288141472895,0.6631464676696373,1.3231014075196852,9.849757170342916e-05
60.13,1.0973247854863342,0.6674228902069694,1.321156532568878,0.00010039909952195276
60.14,1.1061639263220953,0.671744498857581,1.3190181396664853,0.0001023780324800974
60.15,1.1150453439376289,0.6761112691445709,1.3166837247783196,0.000104436198830671
60.160000000000004,1.1239680998281611,0.6805231677246356,1.31415078165508,0.00010657542469164354
60.17,1.1329312086032655,0.684980152015228,1.3114168034237073,0.00010879753074696779
60.18,1.141933636885529,0.6894821698144827,1.3084792842529536,0.00011110432873369735
60.19,1.150974302206929,0.6940291589139534,1.305335721094792,0.00011349761770943384
60.2,1.1600520719042133,0.6986210467042157,1.3019836155032591,0.00011597918009436062
60.21,1.169165762014662,0.7032577497734036,1.2984204755322724,0.00011855077748252524
60.22,1.1783141361736849,0.7079391734987622,1.2946438177139092,0.00012121414621742647
60.230000000000004,1.1874959045157962,0.7126652116313099,1.290651169118579,0.00012397099272743017
60.24,1.1967097225805952,0.7174357458737216,1.2864400694984424,0.00012682298861710857
60.25,1.205954190225464,0.7222506454515587,1.2820080735153625,0.00012977176551113497
60.26,1.2152278505467888,0.7271097666779873,1.2773527530545823,0.00013281890964812542
60.27,1.224529188811601,0.7320129525121438,1.272471699625232,0.00013596595622252566
60.28,1.2338566314016257,0.7369600321113247,1.2673625268486666,0.0001392143834734617
60.29,1.2432085447718235,0.7419508203771957,1.262022873035518,0.00014256560652043122
60.300000000000004,1.2525832344256036,0.7469851174962349,1.2564504038522315,0.00014602097094668014
60.31,1.2619789439089868,0.7520627084746435,1.2506428150777134,0.0001495817461322088
60.32,1.2713938538260932,0.7571833626679818,1.2445978354505853,0.00015324911833951307
60.33,1.2808260808784273,0.7623468333058042,1.238313229607378,0.00015702418355647527
60.34,1.290273676930537,0.7675528570115953,1.2317868011118374,0.00016090794010215794
60.35,1.2997346281047155,0.7728011533183273,1.225016395575338,0.00016490128100269698
60.36,1.3092068539075208,0.7780914241799876,1.217999903868212,0.00016900498614611328
60.370000000000005,1.318688206390983,0.7834233534794437,1.2107352654216015,0.0001732197142264576
60.38,1.328176469351469,0.7887966065330466,1.2032204716192283,0.00017754599448949047
60.39,1.337669357569271,0.7942108295923901,1.1954535692782557,0.00018198421829394764
60.4,1.3471645160920813,0.7996656493436787,1.1874326642181747,0.00018653463050436652
60.410000000000004,1.3566595195656086,0.8051606724051793,1.1791559249163999,0.00019119732073353456
60.42,1.366151871614685,0.8106954848232618,1.1706215862489986,0.00019597221445467853
60.43,1.3756390042782978,0.8162696515675615,1.1618279533147013,0.00020085906400579026
60.44,1.3851182775020705,0.8218827160258266,1.1527734053400525,0.0002058574395107223
60.45,1.394586978691793,0.8275341994990443,1.1434563996632612,0.00021096671974407707
60.46,1.4040423223316865,0.8332236006974658,1.1338754757939997,0.0002161860829693165
60.47,1.4134814496711519,0.8389503952381876,1.1240292595460695,0.0002215144977819984
60.480000000000004,1.4229014284838268,0.8447140351449707,1.1139164672395176,0.00022695071399257612
60.49,1.43229925290283,0.8505139483510166,1.1035359099684399,0.0002324932535857305
60.5,1.4416718433361326,0.8563495382054471,1.0928864979303412,0.00023814040179577454
60.51,1.451016046466038,0.8622201829842686,1.0819672448125568,0.000243890198340222
60.52,1.4603286353367941,0.8681252354066329,1.0707772722308526,0.00024974042885621777
60.53,1.469606309534395,0.874064022157239,1.059315814214933,0.0002556886165869627
60.54,1.4788456954626419,0.8800358434157528,1.0475822217351827,0.00026173201436779236
60.550000000000004,1.4880433467195568,0.8860399723941526,1.0355759672645608,0.0002678675969639586
60.56,1.4971957445782327,0.8920756548829398,1.0232966493691495,0.0002740920538143845
60.57,1.5062992985761974,0.8981421088071885,1.0107439973204377,0.00028040178223792624
60.58,1.5153503472173484,0.9042385237934323,0.9979178757219913,0.000286792881160628
60.59,1.5243451587904728,0.9103640607484244,0.9848182891427338,0.0002932611454243065
60.6,1.5332799323083246,0.9165178514508301,0.9714453867486262,0.0002998020607384586
60.61,1.5421507985711616,0.9226989981569432,0.9577994669241006,0.00030641079933887245
60.620000000000005,1.5509538213585705,0.9289065732215445,0.9438809818741706,0.0003130822164174586
60.63,1.559684998753309,0.9351396187350458,0.9296905421977097,0.0003198108473886275
60.64,1.5683402646007853,0.9413971461780906,0.9152289214219631,0.0003265909060581031
60.65,1.576915490107668,0.9476781360948036,0.9004970604879372,0.0003334162837601452
60.660000000000004,1.5854064855829695,0.9539815377859054,0.885496072175902,0.0003402805495289208
60.67,1.5938090023247848,0.9603062690229283,0.8702272454598367,0.00034717695136909585
60.68,1.6021187346556833,0.9666512157847863,0.854692049779263,0.00035409841868956583
60.69,1.6103313221095472,0.9730152320179734,0.8388921392165368,0.00036103756596259713
60.7,1.6184423517724282,0.9793971394216706,0.8228293565673104,0.0003679866976685185
60.71,1.6264473607797514,0.9857957272590621,0.8065057372915457,0.0003749378145834129
60.72,1.6343418389719317,0.9922097521961629,0.7899235133321433,0.0003818826214639612
60.730000000000004,1.6421212317101839,0.9986379381694724,0.7730851167879625,0.00038881253617973173
60.74,1.6497809428539987,1.005078976283766,0.7559931834277535,0.00039571870033874596
60.75,1.657316337901438,1.0115315247413406,0.7386505560312862,0.00040259199144703026
60.76,1.6647227472930475,1.0179942088040266,0.721060287543774,0.000409423036637103
60.77,1.6719954698798194,1.0244656207892688,0.7032256440295234,0.0004162022279939662
60.78,1.6791297765552506,1.0309443201015709,0.6851501074106265,0.00042291973950012434
60.79,1.6861209140511284,1.0374288333005834,0.6668373779764366,0.00042956554561344085
60.800000000000004,1.692964108896248,1.0439176542070958,0.6482913766495297,0.000436129441483362
60.81,1.6996545715368192,1.0504092440481705,0.6295162469938769,0.00044260106480204723
60.82,1.706187500616847,1.0569020316426299,0.6105163569510124,0.0004489699192774657
60.83,1.7125580874162907,1.0633944136280777,0.5912963002901053,0.0004552253997054212
60.84,1.7187615204443007,1.0698847547305963,0.5718608977580126,0.00046135681860680805
60.85,1.7247929901843155,1.0763713880782237,0.5522151979156268,0.00046735343438540606
60.86,1.7306476939872675,1.082852615559268,0.5323644776471177,0.00047320448094997415
60.870000000000005,1.7363208411086046,1.089326708226463,0.512314242329026,0.00047889919873258364
60.88,1.7418076578842736,1.0957919067479225,0.4920702256465772,0.00048442686702299283
60.89,1.7471033930402455,1.102246421905775,0.4716383890450685,0.000489776837526561
60.9,1.7522033231295935,1.1086884351433117,0.451024920804727,0.0004949385690407727
60.910000000000004,1.7571027580905458,1.1151160991613973,0.43023623472805206,0.0004999016631329911
60.92,1.7617970469183601,1.1215275385648233,0.4092789684293344,0.0005046559006897403
60.93,1.7662815834432746,1.1279208505592024,0.3881599812167962,0.0005091912791956146
60.94,1.7705518122062092,1.134294105698913,0.3668863515586114,0.0005134980505881519
60.95,1.7746032344233122,1.1406453486865173,0.3454653741249514,0.0005175667595235646
60.96,1.778431414029867,1.1469725992239763,0.32390455639915117,0.0005213882818773957
60.97,1.7820319837935124,1.153273852915887,0.3022116148521075,0.000524953863294055
60.980000000000004,1.785400651486178,1.159547082224862,0.2803944706751008,0.0005282551575898342
60.99,1.7885332061035915,1.16579023747906,0.2584612450673728,0.0005312842648056261
61.0,1.7914255241206978,1.1720012479317667,0.2364202540759927,0.0005340337686982966
61.01,1.7940735757708295,1.178178022872802,0.21428000298680053,0.0005364967734535324
61.02,1.7964734313359891,1.1843184527914152,0.1920491802665232,0.0005386669393982064
61.03,1.7986212674351583,1.1904204105901988,0.1697366510575176,0.0005405385174869691
61.04,1.8005133732971248,1.1964817528494267,0.14735145022799317,0.0005421063823359747
61.050000000000004,1.8021461570039379,1.2025003211410954,0.12490277498200808,0.0005433660635764688
61.06,1.8035161516907472,1.208473943391806,0.10239997703500493,0.0005443137753025341
61.07,1.804620021687475,1.2144004352934978,0.07985255436215456,0.0005449464433906654
61.08,1.8054545685874999,1.2202776017609052,0.0572701425282993,0.0005452617304740295
61.09,1.8060167372283062,1.2261032384344686,0.03466250560982631,0.0005452580583614068
61.1,1.8063036215688828,1.2318751332273,0.01203952672034887,0.0005449346276998313
61.11,1.8063124704485196,1.2375910679146578,-0.010588801846377456,0.0005442914346909034
61.120000000000005,1.8060406932115884,1.2432488197642524,-0.03321238884133415,0.0005433292846836334
61.13,1.8054858651828642,1.2488461632055643,-0.05582105463641587,0.0005420498024814329
61.14,1.8046457329779895,1.2543808715362255,-0.07840454213389723,0.0005404554392174229
61.15,1.8035182196337727,1.2598507186633754,-0.10095252798970661,0.0005385494756705618
61.160000000000004,1.8021014295431717,1.2652534808777782,-0.12345463412958356,0.0005363360219150322
61.17,1.8003936531800258,1.2705869386583535,-0.14590043953580273,0.0005338200132168293
61.18,1.798393371598875,1.2758488785046567,-0.16827949228080802,0.0005310072021143319
61.19,1.796099260695546,1.2810370947947183,-0.19058132178282386,0.000527904146643677
61.2,1.7935101952145838,1.2861493916655415,-0.2127954512573037,0.0005245181946948924
61.21,1.790625252490067,1.2911835849134443,-0.2349114103369483,0.0005208574645106466
61.22,1.7874437159068688,1.2961375039113332,-0.25691874783198315,0.0005169308213659928
61.230000000000004,1.7839650780700116,1.3010089935398943,-0.2788070446014363,0.0005127478504944141
61.24,1.7801890436703978,1.3057959161296013,-0.30056592650530684,0.000508318826352531
61.25,1.7761155320359043,1.3104961534103552,-0.32218507740677305,0.0005036546783427524
61.26,1.7717446793575797,1.3151076084654973,-0.3436542521929572,0.0004987669531397452
61.27,1.7670768405814887,1.3196282076868728,-0.3649632897822521,0.0004936677737925118
61.28,1.7621125909576074,1.3240559027275622,-0.3861021260858233,0.000488369795798921
61.29,1.7568527272380747,1.3283886724488534,-0.40706080689063756,0.00048288616037344464
61.300000000000004,1.7512982685180525,1.332624524857988,-0.42782950063123526,0.00047723044515132746
61.31,1.7454504567134357,1.336761499033188,-0.4483985110174625,0.00047141661259329516
61.32,1.7393107566706731,1.340797667032452,-0.46875828948551385,0.00046545895637387894
61.33,1.7328808559050173,1.3447311357826013,-0.4888994474399074,0.0004593720460533582
61.34,1.7261626639645982,1.3485600489450638,-0.5088127682544187,0.00045317067034793957
61.35,1.7191583114188242,1.3522825887548922,-0.5284892190005452,0.00044686977932499095
61.36,1.7118701484707275,1.3558969778295458,-0.5479199618727478,0.00044048442585974747
61.370000000000005,1.7043007431940087,1.3594014809439943,-0.5670963652805266,0.00043402970669680866
61.38,1.6964528793966702,1.3627944067687556,-0.5860100145783284,0.00042752070346383213
61.39,1.6883295541142695,1.3660741095675335,-0.6046527224053447,0.00042097242398603485
61.4,1.6799339747369608,1.3692389908511915,-0.6230165386084502,0.0004143997442485187
61.410000000000004,1.671269555775616,1.3722875009848805,-0.6410937597228259,0.00040781735134883104
61.42,1.662339915273432,1.3752181407452246,-0.6588769379862293,0.0004012396877747947
61.43,1.653148870870518,1.378029462824572,-0.6763588898643815,0.0003946808973324604
61.44,1.6437004355300278,1.3807200732794254,-0.6935327040665538,0.00038815477303616274
61.45,1.6339988129354286,1.3832886329202883,-0.7103917490321284,0.00038167470725719886
61.46,1.6240483925695053,1.385733858640288,-0.7269296798706857,0.0003752536444098343
61.47,1.6138537444866508,1.3880545246800766,-0.7431404447400093,0.0003689040364332504
61.480000000000004,1.6034196137909105,1.3902494638266507,-0.7590182906483073,0.0003626378013059371
61.49,1.5927509148331116,1.3923175685438889,-0.7745577686688971,0.00035646628480519294
61.5,1.5818527251412167,1.3942577920327577,-0.7897537385575961,0.00035040022569893584
61.51,1.5707302790987963,1.3960691492193074,-0.8046013727650798,0.00034444972453030113
61.52,1.5593889613872076,1.3977507176687454,-0.8190961598385118,0.0003386242161277801
61.53,1.5478343002076955,1.399301638424053,-0.833233907208796,0.0003329324459452127
61.54,1.5360719603001936,1.40072111676779,-0.8470107433618501,0.00032738245030695885
61.550000000000004,1.5241077357761021,1.4020084229059115,-0.8604231193943311,0.0003219815406045435
61.56,1.511947542782742,1.4031628925726145,-0.873467809956256,0.0003167362914621464
61.57,1.499597412017535,1.4041839275554104,-0.8861419135849384,0.00031165253285961726
61.58,1.4870634811102499,1.4050709961398162,-0.8984428524365984,0.0003067353461739189
61.59,1.4743519868918522,1.4058236334732415,-0.9103683714238848,0.0003019890640728724
61.6,1.4614692575686403,1.4064414418478417,-0.9219165367693776,0.00029741727416920114
61.61,1.4484217048204067,1.406924090902294,-0.9330857339868875,0.0002930228263185048
61.620000000000005,1.4352158158413582,1.4072713177426397,-0.9438746653040558,0.00028880784342185636
61.63,1.4218581453424475,1.4074829269825229,-0.954282346541345,0.00028477373557263085
61.64,1.4083553075336193,1.4075587907033351,-0.964308103464025,0.0002809212173679228
61.65,1.3947139681042597,1.4074988483349542,-0.9739515676251622,0.0002772503281877772
61.660000000000004,1.3809408362198545,1.40730310645794,-0.9832126717189346,0.0002737604552304154
61.67,1.3670426565525169,1.406971638528219,-0.9920916444647935,0.0002704503590787828
61.68,1.3530262013626444,1.4065045845254496,-1.0005890050440953,0.00026731820156319127
61.690000000000005,1.3388982626485029,1.4059021505264244,-1.0087055571118035,0.0002643615756765855
61.7,1.32466564438002,1.4051646082050084,-1.0164423824067368,0.00026157753729295967
61.71,1.3103351548325093,1.4042922942602647,-1.0238008339845897,0.000258962638435641
61.72,1.295913599035438,1.4032856097745499,-1.0307825290985946,0.00025651296184073973
61.730000000000004,1.281407771350695,1.402145019503495,-1.0373893417532138,0.0002542241565615923
61.74,1.2668244481941329,1.4008710510999054,-1.0436233949566613,0.00025209147436262554
61.75,1.2521703809134301,1.3994642942737308,-1.0494870526983446,0.00025010980665575124
61.76,1.2374522888345694,1.3979253998903565,-1.0549829116775036,0.0002482737217386856
61.77,1.2226768524884468,1.3962550790095682,-1.0601137928093904,0.00024657750210262244
61.78,1.2078507070283344,1.394454101867624,-1.0648827325353092,0.00024501518158631116
61.79,1.1929804358480933,1.3925232968049497,-1.069292973962689,0.00024358058216443227
61.800000000000004,1.1780725644102157,1.390463549142045,-1.0733479578611398,0.0002422673501703304
61.81,1.1631335542919277,1.3882758000062396,-1.0770513135401043,0.00024106899176621984
61.82,1.1481697974567526,1.385961045112001,-1.0804068496333088,0.00023997890748797944
61.83,1.1331876107580843,1.3835203334975295,-1.08341854481471,0.00023899042570634158
61.84,1.1181932306804854,1.3809547662204145,-1.08609053847006,0.00023809683486137188
61.85,1.1031928083235925,1.3782654950151505,-1.0884271213475585,0.00023729141434271182
61.86,1.0881924046326856,1.3754537209153244,-1.090432726210342,0.00023656746390366852
61.870000000000005,1.0731979858791751,1.3725206928433002,-1.0921119185127846,0.0002359183315130421
61.88,1.0582154193934603,1.3694677061702227,-1.093469387121748,0.00023533743956413744
61.89,1.0432504695518485,1.3662961012491537,-1.094509935103039,0.00023481830937578088
61.9,1.0283087940184652,1.3630072619241458,-1.0952384705924054,0.00023435458393520364
61.910000000000004,1.0133959402423636,1.3596026140180275,-1.0956599977694486,0.0002339400488471434
61.92,0.9985173422093379,1.3560836238016518,-1.0957796079518298,0.00023356865146746583
61.93,0.9836783174472759,1.35245179644732,-1.095602470826143,0.00023323451821291252
61.940000000000005,0.9688840642832394,1.3487086744690535,-1.0951338258307843,0.00023293197005110647
61.95,0.9541396593498552,1.344855836152338,-1.0943789737051124,0.00023265553618668767
61.96,0.9394500553380167,1.3408948939759082,-1.0933432682181266,0.0002323999659703593
61.97,0.9248200789923537,1.336827493028091,-1.0920321080888473,0.0002321602390675815
61.980000000000004,0.9102544293454184,1.3326553094201519,-1.090450929109518,0.00023193157393278509
61.99,0.8957576761860582,1.3283800486990296,-1.0886051964817043,0.00023170943464306609
62.0,0.8813342587570073,1.3240034442617732,-1.0865003973743337,0.00023148953615256563
62.01,0.8669884846763263,1.3195272557739137,-1.084142033711689,0.00023126784803500044
62.02,0.8527245290769454,1.3149532675939353,-1.081535615198376,0.0002310405967871403
62.03,0.8385464339582396,1.3102832872059227,-1.0786866525873,0.0002308042667704878
62.04,0.8244581077432602,1.3055191436623823,-1.0756006511957354,0.00023055559987198218
62.050000000000004,0.8104633250349863,1.3006626860391493,-1.0722831046736432,0.0002302915939672764
62.06,0.7965657265647272,1.295715781904206,-1.0687394890274982,0.00023000950027204873
62.07,0.7827688193256113,1.2906803158021525,-1.0649752569020274,0.00022970681966800354
62.08,0.7690759768839294,1.2855581877559754,-1.0609958321214286,0.00022938129809065342
62.09,0.7554904398609691,1.2803513117876797,-1.0568066044908517,0.00022903092106578389
62.1,0.7420153165778691,1.2750616144592521,-1.0524129248581717,0.00022865390748068198
62.11,0.7286535838559505,1.2696910334353413,-1.0478201004353644,0.00022824870267485853
62.120000000000005,0.715408087964931,1.2642415160689442,-1.0430333903781275,0.00022781397093314182
62.13,0.7022815457114093,1.2587150180113071,-1.0380580016217487,0.00022734858746168782
62.14,0.6892765456600068,1.2531135018471553,-1.032899084970633,0.00022685162992476846
62.15,0.6763955494795856,1.2474389357562834,-1.0275617314383445,0.00022632236961718817
62.160000000000004,0.6636408934070042,1.241693292202449,-1.0220509688345092,0.00022576026234383847
62.17,0.6510147898209485,1.2358785466504327,-1.016371758594446,0.0002251649390743397
62.18,0.63851932891846,1.2299966763120402,-1.0105289928469665,0.00022453619643700656
62.190000000000005,0.626156480486891,1.2240496589217458,-1.0045274917153837,0.00022387398711246873
62.2,0.6139280957641418,1.218039471542595,-0.9983720008464183,0.00022317841018328803
62.21,0.6018359093801694,1.2119680894029103,-0.9920671891613685,0.00022244970149190346
62.22,0.5898815413729116,1.2058374847642643,-0.9856176468236281,0.0002216882240551024
62.230000000000004,0.578066499271933,1.199649625821121,-0.9790278834163909,0.00022089445857920392
62.24,0.5663921802432746,1.193406475632467,-0.9723023263241626,0.00022006899411611586
62.25,0.5548598732891734,1.1871099910856948,-0.9654453193115222,0.00021921251889643427
62.26,0.5434707614965087,1.1807621218929296,-0.9584611212924251,0.00021832581137190739
62.27,0.5322259243280366,1.1743648096199342,-0.9513539052832171,0.00021740973149583597
62.28,0.5211263399506741,1.1679199867476635,-0.9441277575324382,0.00021646521226635043
62.29,0.51017288759531,1.161429575766486,-0.9367866768204304,0.00021549325155401336
62.300000000000004,0.4993663499428299,1.1548954883030322,-0.9293345739217217,0.00021449490423188384
62.31,0.48870741553126534,1.1483196242795821,-0.9217752712231427,0.00021347127462301434
62.32,0.47819668117919,1.1417038711058538,-0.9141125024906407,0.00021242350927737905
62.33,0.467834654420712,1.1350501029030087,-0.9063499127777792,0.00021135279008743554
62.34,0.4576217559476277,1.1283601797596452,-0.8984910584689607,0.00021026032774889458
62.35,0.4475583220545251,1.1216359470195139,-0.8905394074504722,0.00020914735557084544
62.36,0.43764460708284114,1.1148792346006469,-0.882498339402535,0.0002080151236371684
62.370000000000005,0.4278807858600956,1.1080918563455602,-0.8743711462056348,0.00020686489331908186
62.38,0.41826695613073783,1.101275609402153,-0.8661610324545194,0.000205697932136809
62.39,0.40880314097525233,1.0944322736348993,-0.8578711160733695,0.0002045155089666713
62.4,0.39948929121437815,1.0875636110658962,-0.849504429025786,0.0002033188895883616
62.410000000000004,0.39032528779549897,1.0806713653453106,-0.8410639181133747,0.0002021093325658282
62.42,0.38131094415845995,1.0737572612507393,-0.8325524458568638,0.00020088808545400458
62.43,0.3724460085782609,1.0668230042149778,-0.8239727914538492,0.0001996563813225626
62.440000000000005,0.3637301664822644,1.0598702798816722,-0.8153276518074241,0.00019841543558700268
62.45,0.3551630427397404,1.0529007536883142,-0.8066196426201256,0.00019716644313662706
62.46,0.346744203921746,1.0459160704760195,-0.7978512995478028,0.00019591057574831552
62.47,0.3384731605295119,1.0389178541255206,-0.7890250794081903,0.00019464897977455124
62.480000000000004,0.3303493691896716,1.0319077072187886,-0.7801433614391569,0.00019338277409371472
62.49,0.3223722348148298,1.024887210725695,-0.7712084486017758,0.0001921130483104058
62.5,0.31454111272811863,1.017857923715111,-0.7622225689235569,0.00019084086119338444
62.51,0.3068553107505396,1.0108213830898352,-0.7531878768773584,0.00018956723933858841
62.52,0.2993140912500274,1.0037791033447387,-0.7441064547916882,0.0001882931760446872
62.53,0.29191667315130787,0.996732576347512,-0.7349803142882847,0.00018701963038869127
62.54,0.28466223390575046,0.9896832711413909,-0.7258113977430539,0.0001857475264892398
62.550000000000004,0.2775499114205367,0.9826326337692451,-0.7166015797666212,0.00018447775294538942
62.56,0.2705788059465829,0.9755820871184073,-0.7073526687009327,0.00018321116243893835
62.57,0.26374798192476434,0.968533030785623,-0.6980664081285242,0.00018194857148859467
62.58,0.25705646979009245,0.9614868409615064,-0.6887444783912433,0.0001806907603446217
62.59,0.25050326773359394,0.9544448703338859,-0.6793884981153882,0.00017943847301292839
62.6,0.24408734342173263,0.9474084480094324,-0.6700000257403863,0.00017819241739794553
62.61,0.2378076356733021,0.940378879452962,-0.6605805610483083,0.0001769532655540162
62.620000000000005,0.23166305609379687,0.9333574464438181,-0.6511315466916642,0.00017572165403545586
62.63,0.22565249066734672,0.926345407048737,-0.6416543697170901,0.0001744981843358434
62.64,0.21977480130636798,0.9193439956106126,-0.6321503630826824,0.00017328342340755927
62.65,0.2140288273591518,0.912354422752583,-0.6226208071668807,0.00017207790425299851
62.660000000000004,0.20841338707566961,0.9053778753968685,-0.6130669312669494,0.00017088212657935146
62.67,0.2029272790319321,0.8984155167977999,-0.6034899150852364,0.00016969655750929388
62.68,0.1975692835132888,0.891468486588486,-0.5938908902015267,0.00016852163234032318
62.690000000000005,0.19233816385710334,0.8845379008405787,-0.5842709415299348,0.0001673577553459661
62.7,0.18723266775528147,0.8776248521366018,-0.5746311087588991,0.0001662053006124799
62.71,0.18225152851716872,0.8707304096543229,-0.5649723877729671,0.00016506461290508728
62.72,0.17739346629336886,0.8638556192626569,-0.5552957320551646,0.00016393600855820227
62.730000000000004,0.17265718926106677,0.8570015036285995,-0.5456020540688595,0.00016281977638448977
62.74,0.16804139477146693,0.8501690623347025,-0.5358922266181294,0.0001617161785980028
62.75,0.1635447704599838,0.8433592720066101,-0.5261670841857423,0.0001606254517469914
62.76,0.1591659953198423,0.8365730864501907,-0.5164274242479577,0.00015954780765233624
62.77,0.1549037407397652,0.8298114367978069,-0.5066740085654418,0.00015848343434791032
62.78,0.1507566715064408,0.8230752316632791,-0.49690756444967926,0.00015743249701949733
62.79,0.1467234467724773,0.8163653573051095,-0.487128786004345,0.00015639513893918702
62.800000000000004,0.14280272099056213,0.8096826777975441,-0.4773383353411761,0.00015537148239248318
62.81,0.13899314481455208,0.8030280352090624,-0.46753684376995885,0.00015436162959563381
62.82,0.1352933659682286,0.7964022497878952,-0.45772491296231466,0.00015336566360094487
62.83,0.1317020300824554,0.7898061201541827,-0.44790311608903366,0.000152383649188105
62.84,0.12821778150147953,0.7832404234983964,-0.43807199893076765,0.00015141563373977213
62.85,0.12483926405911785,0.776705915785658,-0.4282320809619516,0.00015046164809988605
62.86,0.12156512182557039,0.7702033319656024,-0.4183838564078777,0.00014952170741339382
62.870000000000005,0.11839399982559962,0.7637333861874397,-0.4085277952748972,0.0001485958119462457
62.88,0.11532454472881214,0.7572967720198834,-0.39866434435377346,0.00014768394788470773
62.89,0.11235540551277387,0.7508941626756235,-0.3887939281962538,0.0001467860881131979
62.9,0.10948523409968455,0.7445262112400307,-0.3789169500649708,0.00014590219297000434
62.910000000000004,0.10671268596733029,0.7381935509037924,-0.36903379285682075,0.00014503221098038612
62.92,0.10403642073502532,0.7318967951991866,-0.35914482000000497,0.00014417607956667729
62.93,0.10145510272524536,0.7256365382397147,-0.34925037632495115,0.00014333372573514832
62.940000000000005,0.09896740150164555,0.7194133549628186,-0.3393507889093644,0.00014250506673946567
62.95,0.09657199238414614,0.7132278013754217,-0.3294463678976845,0.000141690010720699
62.96,0.09426755694175795,0.7070804148020418,-0.31953740729525343,0.00014088845732392185
62.97,0.09205278346380885,0.700971714135228,-0.3096241857375188,0.0001401002982915077
62.980000000000004,0.08992636741022048,0.6949022000880923,-0.29970696723462326,0.00013932541803331362
62.99,0.08788701184147249,0.6888723554487055,-0.2897860018917464,0.00013856369417400205
63.0,0.08593342782887917,0.6828826453361416,-0.27986152660558644,0.00013781499807780133
63.01,0.08406433484579041,0.6769335174579617,-0.2699337657373818,0.00013707919535106366
63.02,0.08227846114031623,0.6710254023689356,-0.2600029317628894,0.000136356146323015
63.03,0.08057454409016078,0.6651587137308078,-0.2500692258997469,0.00013564570650513377
63.04,0.07895133054013857,0.6593338485729234,-0.24013283871265811,0.00013494772702962035
63.050000000000004,0.07740757712293225,0.6535511875535346,-0.23019395069685017,0.00013426205506745874
63.06,0.07594205056363781,0.6478110952216173,-0.2202527328402582,0.00013358853422658053
63.07,0.07455352796862977,0.6421139202790348,-0.21030934716490104,0.00013292700493066132
63.08,0.07324079709926534,0.6364599958428911,-0.20036394724791637,0.00013227730477910702
63.09,0.0720026566309334,0.6308496397079235,-0.19041667872272788,0.0001316392688887842
63.1,0.07083791639794045,0.6252831546087907,-0.18046767976082098,0.00013101273021805666
63.11,0.06974539762471307,0.6197608284821199,-0.17051708153460482,0.0001303975198737064
63.120000000000005,0.06872393314378283,0.6142829347281802,-0.16056500866184062,0.00012979346740130793
63.13,0.06777236760100694,0.6088497324720575,-0.15061157963211597,0.00012920040105963258
63.14,0.06688955764846523,0.6034614668242108,-0.14065690721584462,0.00012861814807964747
63.15,0.06607437212546133,0.5981183691402953,-0.13070109885627018,0.00012804653490868035
63.160000000000004,0.06532569222804364,0.5928206572801447,-0.12074425704494966,0.0001274853874403114
63.17,0.06464241166744954,0.5875685358658066,-0.11078647968119108,0.00012693453123054056
63.18,0.06402343681786422,0.5823621965385343,-0.10082786041591521,0.00012639379170078052
63.190000000000005,0.06346768685387422,0.5772018182146392,-0.09086848898040835,0.00012586299432820668
63.2,0.06297409387798357,0.5720875673401163,-0.08090845150042861,0.00012534196482398967
63.21,0.06254160303855019,0.567019598143956,-0.07094783079612316,0.00012483052929992353
63.22,0.062169172638488285,0.561998052890063,-0.06098670666820901,0.00012432851442395316
63.230000000000004,0.0618557742350725,0.5570230621277057,-0.051025156170864026,0.00012383574756508382
63.24,0.06160039273116886,0.5520947449404234,-0.04106325387176906,0.0001233520569281534
63.25,0.061402026458207325,0.5472132091933232,-0.031101072099735685,0.00012287727167892672
63.26,0.061259687251201074,0.542378551778702,-0.021138681180347445,0.00012241122205996084
63.27,0.0611724005161078,0.5375908588599327,-0.011176149660035715,0.00012195373949767845
63.28,0.061139205289819136,0.532850206113557,-0.0012135445190040884,0.00012150465670106434
63.29,0.061159154293055094,0.5281566589695303,0.008749068626592004,0.00012106380775240006
63.300000000000004,0.06123131397643162,0.5235102728495685,0.018711625332811267,0.00012063102819042332
63.31,0.06135476455996081,0.5189110934035485,0.028674062146046522,0.00012020615508629207
63.32,0.06152860006623506,0.5143591567439181,0.03863631643071496,0.00011978902711272396
63.33,0.06175192834753823,0.509854489678073,0.04859832620614262,0.00011937948460666092
63.34,0.06202387110711934,0.5053971099386618,0.05856002999227525,0.0001189773696257919
63.35,0.06234356391485658,0.5009870264117838,0.06852136666385548,0.00011858252599927064
63.36,0.06271015621753215,0.49662423936304395,0.07848227531271457,0.00011819479937293558
63.370000000000005,0.06312281134393148,0.49230874066143554,0.08844269511783476,0.00011781403724932997
63.38,0.06358070650497352,0.48804051400102094,0.09840256522284686,0.00011744008902281866
63.39,0.06408303278907199,0.4838195351203836,0.10836182462063533,0.00011707280601007137
63.4,0.06462899515292155,0.4796457720198277,0.11832041204473152,0.00011671204147618115
63.410000000000004,0.06521781240789623,0.47551918517630276,0.12827826586718394,0.00011635765065667075
63.42,0.06584871720224188,0.4714397277560332,0.13823532400260194,0.0001160094907756311
63.43,0.06652095599923834,0.4674073458248351,0.1481915238180781,0.00011566742106022351
63.440000000000005,0.06723378905150194,0.4634219785561033,0.1581468020487015,0.00011533130275176738
63.45,0.06798649037159318,0.45948355843645466,0.16810109471838278,0.00011500099911362751
63.46,0.06877834769908947,0.45559201146901557,0.17805433706571944,0.00011467637543610332
63.47,0.06960866246427794,0.4517472573743412,0.1880064634746372,0.00011435729903851418
63.480000000000004,0.07047674974861846,0.44794920978895875,0.19795740740955164,0.00011404363926866343
63.49,0.0713819382421224,0.4441977764615262,0.2079071013548009,0.00011373526749985996
63.5,0.07232357019778807,0.44049285944660005,0.21785547675810846,0.00011343205712566675
63.51,0.07330100138323001,0.43683435529600795,0.22780246397784215,0.00011313388355253409
63.52,0.07431360102963445,0.433222155247822,0.23774799223384224,0.00011284062419046894
63.53,0.0753607517781699,0.4296561454129315,0.24769198956159916,0.00011255215844189056
63.54,0.07644184962397751,0.42613620695921367,0.2576343827695681,0.00011226836768880925
63.550000000000004,0.07755630385786277,0.42266221629330275,0.2675750973994147,0.0001119891352784558
63.56,0.07870353700580562,0.4192340452399598,0.27751405768899196,0.00011171434650749356
63.57,0.0798829847664036,0.415851561219045,0.28745118653785673,0.00011144388860492948
63.58,0.08109409594635865,0.41251462742009715,0.2973864054751387,0.00011117765071383606
63.59,0.0823363323941153,0.4092231029745246,0.30731963462958234,0.00011091552387199516
63.6,0.08360916893175464,0.40597684312541366,0.3172507927015875,0.00011065740099156341
63.61,0.08491209328524599,0.402775699394962,0.3271797969370817,0.00011040317683785831
63.620000000000005,0.08624460601315449,0.3996195197495436,0.33710656310306103,0.00011015274800735674
63.63,0.08760622043390097,0.3965081487624149,0.3470310054646441,0.00010990601290499358
63.64,0.08899646255166689,0.3934414277740718,0.3569530367634883,0.00010966287172084668
63.65,0.09041487098103534,0.3904191950502666,0.3668725681974226,0.00010942322640627934
63.660000000000004,0.09186099687045585,0.3874412859376976,0.37678950940115724,0.00010918698064962354
63.67,0.09333440382461886,0.3845075330173821,0.3867037684279352,0.00010895403985147242
63.68,0.0948346678258231,0.3816177662557262,0.39661525173199536,0.00010872431109964669
63.690000000000005,0.0963613771544168,0.37877181315330394,0.40652386415172265,0.00010849770314390347
63.7,0.0979141323083915,0.3759694988913605,0.41642950889336416,0.00010827412637044183
63.71,0.09949254592220518,0.37321064647605345,0.4263320875151955,0.00010805349277626927
63.72,0.10109624268490916,0.37049507688044775,0.43623149991202614,0.00010783571594347989
63.730000000000004,0.10272485925765121,0.36782260918427984,0.44612764429993573,0.00010762071101349536
63.74,0.10437804419062541,0.36519306071150753,0.45602041720113917,0.00010740839466131678
63.75,0.10605545783953747,0.36260624716566237,0.46590971342888,0.00010719868506983582
63.76,0.10775677228165202,0.36006198276302187,0.47579542607225767,0.000106991501904251
63.77,0.10948167123148685,0.35756008036361964,0.48567744648089667,0.00010678676628662175
63.78,0.11122984995621725,0.35510035160011133,0.49555566424936875,0.00010658440077060755
63.79,0.11300101519085175,0.35268260700451565,0.5054299672012843,0.00010638432931642854
63.800000000000004,0.11479488505323891,0.35030665613284934,0.5153002413729708,0.00010618647726607704
63.81,0.11661118895896327,0.34797230768767556,0.5251663709966601,0.00010599077131881861
63.82,0.11844966753618673,0.345679369638586,0.535028238483109,0.00010579713950701521
63.83,0.12031007254049021,0.3434276493406365,0.5448857244035814,0.00010560551117229265
63.84,0.12219216676976882,0.34121695365075766,0.554738707471121,0.00010541581694209005
63.85,0.12409572397923227,0.3390470890421599,0.5645870645210486,0.00010522798870661316
63.86,0.12602052879656062,0.33691786171675614,0.5744306704906189,0.0001050419595962147
63.870000000000005,0.12796637663726432,0.3348290777156219,0.5842693983977748,0.00010485766395923625
63.88,0.12993307362029552,0.33278054302751575,0.594103119318939,0.00010467503734031999
63.89,0.13192043648395685,0.3307720636954814,0.6039317023657852,0.00010449401645922975
63.9,0.1339282925021518,0.3288034459215544,0.6137550146609342,0.00010431453919018879
63.910000000000004,0.13595647940102,0.3268744961695953,0.6235729213125191,0.00010413654454175685
63.92,0.138004845275999,0.324985021266272,0.6333852853875696,0.0001039599726372754
63.93,0.14007324850935304,0.323134828500215,0.6431919678841639,0.00010378476469588828
63.940000000000005,0.14216155768820762,0.32132372571936735,0.6529928277023004,0.00010361086301416715
63.95,0.14426965152312768,0.3195515214265531,0.6627877216134415,0.00010343821094834502
63.96,0.14639741876727605,0.3178180248732878,0.6725765042286835,0.00010326675289718878
63.97,0.14854475813618684,0.3161230461518543,0.6823590279655098,0.0001030964342855265
63.980000000000004,0.15071157822818806,0.3144663962856668,0.6921351430130819,0.00010292720154843128
63.99,0.15289779744550577,0.3128478873179476,0.7019046972960273,0.0001027590021160954
64.0,0.15510334391608124,0.3112673323987404,0.7116675364366843,0.0001025917843994066
64.01,0.15732815541613118,0.3097245458702828,0.7214235037157611,0.00010242549777623151
64.02,0.1595721792934799,0.30821934335076334,0.7311724400313717,0.00010226009257843431
64.03,0.16183537239169088,0.30675154181648556,0.7409141838564096,0.00010209552007964559
64.04,0.16411770097502462,0.30532095968246437,0.7506485711942215,0.00010193173248379028
64.05,0.16641914065424732,0.3039274168814774,0.760375435532543,0.00010176868291439339
64.06,0.16873967631331477,0.3025707349415965,0.7700946077956611,0.00010160632540468765
64.07000000000001,0.17107930203695423,0.3012507370622222,0.7798059162947648,0.00010144461488852787
64.08,0.1734380210391657,0.299967248188646,0.7895091866764504,0.00010128350719213651
64.09,0.17581584559266294,0.2987200950851637,0.7992042418693439,0.00010112295902669649
64.1,0.1782127969592737,0.2975091064067641,0.8088909020288053,0.00010096292798180749
64.11,0.18062890532131656,0.29633411276941685,0.8185689844796805,0.00010080337251982958
64.12,0.1830642097139718,0.2951949468189826,0.8282383036570641,0.00010064425197112351
64.13,0.1855187579586614,0.2940914432987701,0.8378986710450383,0.00010048552653021966
64.14,0.18799260659745265,0.2930234391157629,0.8475498951133535,0.00010032715725292436
64.15,0.19048582082849866,0.29199077340553975,0.8571917812520127,0.00010016910605439523
64.16,0.1929984744425276,0.2909932875959119,0.8668241317037265,0.00010001133570820165
64.17,0.19553064976039136,0.2900308254693004,0.8764467454942017,9.985380984639655e-05
64.18,0.1980824375716833,0.2891032332238767,0.8860594183602264,9.969649296062335e-05
64.19,0.20065393707443338,0.2882103595334895,0.8956619426755168,9.953935040427997e-05
64.2,0.20324525581588754,0.28735205560640065,0.9052541073742866,9.938234839577774e-05
64.21000000000001,0.20585650963437754,0.2865281752428529,0.9148356978725032,9.922545402290946e-05
64.22,0.20848782260228552,0.28573857489149174,0.9244064959867916,9.906863524836167e-05
64.23,0.21113932697010682,0.28498311370466384,0.9339662798509474,9.891186091640445e-05
64.24,0.21381116311161308,0.2842616535926142,0.9435148238300198,9.87551007607944e-05
64.25,0.21650347947011653,0.28357405927660384,0.9530518984319256,9.859832541391177e-05
64.26,0.21921643250583484,0.2829201983409698,0.9625772702165509,9.844150641717569e-05
64.27,0.22195018664435498,0.282299941284149,0.9720907017023023,9.828461623278097e-05
64.28,0.22470491422619285,0.28171316156868653,0.9815919512700626,9.812762825678342e-05
64.29,0.2274807954574443,0.28115973567025077,0.9910807730645101,9.79705168335801e-05
64.3,0.23027801836152187,0.2806395431256745,1.0005569168927555,9.781325727182729e-05
64.31,0.23309677873197024,0.28015246658004345,1.0100201281202523,9.765582586185347e-05
64.32000000000001,0.23593728008635154,0.27969839183285194,1.0194701475639367,9.749819989458655e-05
64.33,0.23879973362119117,0.27927720788324606,1.0289067113825456,9.734035768206866e-05
64.34,0.24168435816797243,0.2788888069743733,1.0383295509640698,9.718227857960995e-05
64.35,0.24459138015016732,0.2785330846368582,1.0477383928102892,9.702394300962306e-05
64.36,0.24752103354128954,0.27820993973142344,1.057132958418344,9.686533248720743e-05
64.37,0.2504735598239537,0.27791927449067366,1.0665129641592859,9.670642964752942e-05
64.38,0.2534492079499237,0.2776609945600619,1.075878121153561,9.65472182750854e-05
64.39,0.25644823430113156,0.2774350090380552,1.08522813514337,9.638768333488832e-05
64.4,0.2594709026516463,0.27724123051551786,1.0945627063618473,9.622781100565694e-05
64.41,0.262517484130571,0.27707957511432874,1.1038815293990099,9.606758871508372e-05
64.42,0.2655882571858446,0.27694996252524967,1.1131842930644111,9.590700517725226e-05
64.43,0.2686835075489228,0.27685231604506155,1.1224706802464472,9.574605043229045e-05
64.44,0.2718035282003118,0.2767865626129834,1.131740367768253,9.558471588832003e-05
64.45,0.2749486193359258,0.2767526328463907,1.1409930262401258,9.542299436581498e-05
64.46000000000001,0.27811908833423765,0.276750461075847,1.1502283199084182,9.526088014445757e-05
64.47,0.2813152497241907,0.2767799853794644,1.1594459065008327,9.50983690125556e-05
64.48,0.2845374251538377,0.27684114761660633,1.168645437068053,9.493545831915605e-05
64.49,0.28778594335967045,0.2769338934609462,1.1778265558216494,9.477214702894684e-05
64.5,0.2910611401366025,0.2770581724328956,1.186988899968186,9.46084357800305e-05
64.51,0.2943633583085645,0.27721393793141397,1.196132099539462,9.44443269447211e-05
64.52,0.2976929476996706,0.27740114726521226,1.2052557772188195,9.427982469345365e-05
64.53,0.30105026510591093,0.2776197616833616,1.2143595481634404,9.411493506193729e-05
64.54,0.3044356742673251,0.2778697464053184,1.2234430198225648,9.394966602168086e-05
64.55,0.3078495458406064,0.2781510706503761,1.2325057917515523,9.378402755401039e-05
64.56,0.31129225737208754,0.2784637076665527,1.2415474554217123,9.361803172774281e-05
64.57000000000001,0.31476419327105315,0.2788076347589245,1.2505675940258258,9.345169278063474e-05
64.58,0.3182657447833246,0.2791828333174131,1.2595657822792796,9.328502720477226e-05
64.59,0.3217973099650583,0.2795892888440346,1.268541586216734,9.311805383604929e-05
64.6,0.32535929365669697,0.2800269909796176,1.2774945629842416,9.295079394790209e-05
64.61,0.3289521074570104,0.2804959335299965,1.286424260626737,9.278327134947155e-05
64.62,0.3325761696971599,0.28099611449168665,1.2953302178708117,9.261551248836527e-05
64.63,0.33623190541471737,0.28152753607704495,1.3042119639026901,9.244754655820246e-05
64.64,0.3399197463275673,0.2820902047389218,1.3130690181413218,9.227940561114068e-05
64.65,0.34364013080761696,0.28268413119480684,1.3219008900065023,9.211112467558599e-05
64.66,0.34739350385423756,0.2833093304504714,1.3307070786819346,9.194274187927033e-05
64.67,0.3511803170673543,0.28396582182311025,1.3394870728731414,9.177429857794409e-05
64.68,0.3550010286201027,0.28465362896398283,1.3482403505601408,9.160583948988654e-05
64.69,0.3588561032309625,0.2853727798805547,1.3569663787447914,9.143741283646495e-05
64.7,0.3627460121352791,0.28612330695813853,1.3656646131927173,9.126907048900962e-05
64.71000000000001,0.3666712330560773,0.2869052469810328,1.3743344981697203,9.110086812222468e-05
64.72,0.37063225017407037,0.28771864115315593,1.382975466172586,9.093286537441316e-05
64.73,0.3746295540967612,0.2885635351181723,1.3915869376541898,9.076512601478646e-05
64.74,0.37866364182653095,0.28943997897910534,1.4001683207428104,9.059771811813745e-05
64.75,0.38273501672760485,0.29034802731743287,1.4087190109555543,9.043071424716301e-05
64.76,0.3868441884917815,0.2912877392116571,1.4172383909057977,9.026419164275023e-05
64.77,0.3909916731028073,0.292259178255343,1.425725830004552,9.009823242253231e-05
64.78,0.395177992799274,0.2932624125746144,1.4341806841556555,8.993292378804132e-05
64.79,0.3994036760359116,0.2942975148451,1.4426022954446989,8.976835824079712e-05
64.8,0.4036692574431454,0.29536456230831637,1.4509899918215894,8.960463380767501e-05
64.81,0.40797527778478104,0.29646363678747667,1.459343086776659,8.944185427593477e-05
64.82000000000001,0.4123222839136747,0.29759482470271087,1.4676608790102248,8.928012943824952e-05
64.83,0.4167108287252437,0.29875821708568295,1.475942652095506,8.911957534815342e-05
64.84,0.4211414711086641,0.29995390959358864,1.484187674134809,8.896031458630444e-05
64.85,0.4256147758955993,0.3011820025225161,1.4923951974088892,8.880247653796601e-05
64.86,0.4301313138062956,0.3024426008201505,1.5005644580193982,8.864619768213849e-05
64.87,0.4346916613928773,0.3037358140978022,1.5086946755243318,8.849162189278785e-05
64.88,0.439296400979666,0.305061756641736,1.5167850525663908,8.83389007526348e-05
64.89,0.4439461206003437,0.3064205474237786,1.524834774494173,8.818819387996196e-05
64.9,0.4486414139317732,0.3078123101111785,1.532843008976113,8.803966926893666e-05
64.91,0.4533828802242817,0.3092371730756919,1.5408089056070926,8.789350364394588e-05
64.92,0.4581711242282082,0.3106952694018663,1.5487315955076468,8.774988282846073e-05
64.93,0.4630067561165078,0.3121867368944911,1.5566101909156902,8.760900212897172e-05
64.94,0.4678903914031983,0.31371171808518333,1.5644437847706987,8.747106673453473e-05
64.95,0.472822650857429,0.3152703602380749,1.5722314502902797,8.733629213249101e-05
64.96000000000001,0.4778041604129422,0.3168628153545657,1.579972240539071,8.720490454093922e-05
64.97,0.48283555107269177,0.3184892401771039,1.5876651879899124,8.70771413585659e-05
64.98,0.48791745880837417,0.3201497961919554,1.5953093040772406,8.695325163244586e-05
64.99,0.49305052445462033,0.32184464963091874,1.6029035787426633,8.683349654441008e-05
65.0,0.4982353935975872,0.323573971471943,1.6104469799726715,8.671814991665826e-05
65.01,0.5034727164576805,0.3253379374386017,1.6179384533284613,8.660749873725949e-05
65.02,0.5087631477661313,0.3271367279983749,1.6253769214678384,8.650184370620382e-05
65.03,0.514107346635138,0.3289705283596883,1.6327612836591898,8.640149980270877e-05
65.04,0.5195059764212807,0.33083952846765635,1.6400904152875138,8.63067968744538e-05
65.05,0.5249597045818997,0.33274392299847394,1.6473631673525069,8.621808024949153e-05
65.06,0.5304692025241253,0.3346839113523987,1.6545783659587223,8.613571137153624e-05
65.07000000000001,0.5360351454462341,0.33665969764526255,1.6617348117978146,8.606006845936255e-05
65.08,0.5416582121709945,0.3386714906984499,1.6688312796229057,8.599154719108642e-05
65.09,0.5473390849706602,0.3407195040272757,1.6758665177151137,8.593056141407307e-05
65.1,0.5530784493832519,0.3428039558276952,1.6828392473423015,8.587754388123773e-05
65.11,0.5588769940197638,0.3449250689612722,1.6897481622101116,8.583294701451623e-05
65.12,0.5647354103619158,0.3470830709383324,1.6965919279053732,8.579724369628256e-05
65.13,0.5706543925500629,0.34927819389922327,1.7033691813319771,8.577092808950011e-05
65.14,0.576634637160862,0.3515106745935986,1.7100785301393353,8.575451648740193e-05
65.15,0.582676842974284,0.3537807543576451,1.716718552143555,8.574854819346184e-05
65.16,0.5887817107295471,0.356088679089162,1.7232877947414773,8.575358643245863e-05
65.17,0.5949499428695365,0.35843469922040294,1.729784774317749,8.577021929340799e-05
65.18,0.6011822432732621,0.36081906968858635,1.736207975645117,8.579906070512532e-05
65.19,0.6074793169758926,0.36324204990397496,1.7425558512781558,8.584075144518066e-05
65.2,0.6138418698758951,0.365703903715424,1.7488268209406612,8.589596018298827e-05
65.21000000000001,0.6202706084287917,0.3682048993732913,1.7550192709069676,8.59653845577586e-05
65.22,0.6267662393270368,0.3707453094896012,1.7611315533774727,8.604975229200331e-05
65.23,0.6333294691655013,0.3733254109953475,1.7671619858486776,8.614982234127115e-05
65.24,0.6399610040920388,0.37594548509481945,1.773108850478081,8.626638608075914e-05
65.25,0.6466615494425965,0.3786058172168286,1.7789703934442964,8.64002685293905e-05
65.26,0.6534318093603171,0.38130669696271074,1.7847448243027881,8.655232961191417e-05
65.27,0.6602724863980679,0.3840484180509731,1.7904303153376606,8.67234654595421e-05
65.28,0.6671842811038169,0.3868312782584528,1.796025000909967,8.691460974956361e-05
65.29,0.674167891588264,0.38965557935784684,1.8015269768030395,8.712673508431627e-05
65.3,0.681224013074121,0.3925216270514708,1.806934299565384,8.736085440981605e-05
65.31,0.6883533374264208,0.39542973090109795,1.812244985851718,8.761802247428456e-05
65.32000000000001,0.6955565526632231,0.3983802042537256,1.8174570117627777,8.789933732669313e-05
65.33,0.7028343424460688,0.4013733641631114,1.822568312184562,8.820594185535097e-05
65.34,0.710187385549525,0.4044095313069165,1.8275767801277243,8.853902536646415e-05
65.35,0.717616355309147,0.4074890298992879,1.832480266067879,8.889982520244203e-05
65.36,0.7251219190471718,0.4106121875987079,1.837276577287631,8.928962839960865e-05
65.37,0.7327047374752442,0.4137793354109312,1.8419634772211975,8.970977338482555e-05
65.38,0.7403654640734667,0.4169908075868287,1.8465386848025418,9.01616517103478e-05
65.39,0.7481047444450489,0.4202469415149469,1.8509998738179974,9.064670982607646e-05
65.4,0.7559232156458244,0.42354807760859137,1.8553446722644225,9.11664508881604e-05
65.41,0.7638215054878884,0.4268945591872334,1.8595706617139862,9.172243660269173e-05
65.42,0.7718002318166027,0.43028673235203607,1.8636753766867544,9.231628910300333e-05
65.43,0.7798600017602019,0.43372494585528865,1.867656304032309,9.294969285881917e-05
65.44,0.7880014109512269,0.43720955096353414,1.8715108823217081,9.362439661525444e-05
65.45,0.7962250427190036,0.4407409013141682,1.8752365012511667,9.434221535934315e-05
65.46000000000001,0.8045314672523769,0.44431935276528217,1.8788305010589132,9.510503231147178e-05
65.47,0.8129212407319025,0.4479452632385179,1.8822901719567595,9.591480093875177e-05
65.48,0.8213949044306976,0.45161899255469595,1.885612753577999,9.677354698699028e-05
65.49,0.8299529837831406,0.45534090226197266,1.8887954344433404,9.768337052753191e-05
65.5,0.8385959874206145,0.45911135545627735,1.891835351446665,9.864644801482884e-05
65.51,0.8473244061734804,0.462930716593774,1.894729589362493,9.966503435012985e-05
65.52,0.8561387120384729,0.4667993512950865,1.8974751803771341,0.00010074146494621231
65.53,0.8650393571107059,0.47071762614102197,1.9000691036456014,0.00010187815778756993
65.54,0.8740267724794845,0.4746859084595202,1.9025082848764583,0.00010307761547991636
65.55,0.8831013670871218,0.47870456610355205,1.9047895959468828,0.00010434242728228212
65.56,0.892263526549967,0.48277396721968574,1.9069098545503333,0.00010567527111438888
65.57000000000001,0.9015136119408603,0.48689448000703284,1.908865823879311,0.00010707891553131575
65.58,0.9108519585322439,0.4910664724662831,1.9106542123458283,0.00010855622165679232
65.59,0.9202788744991697,0.49529031213853053,1.9122716733423075,0.00011011014506572499
65.6,0.929794639581464,0.4995663658335902,1.9137148050457518,0.00011174373760580376
65.61,0.9393995037043286,0.5038949993475001,1.9149801502681525,0.0001134601491472333
65.62,0.9490936855566797,0.5082765771688986,1.916064196356221,0.00011526262924877918
65.63,0.958877371126556,0.512711462173964,1.916963375143659,0.00011715452872744506
65.64,0.9687507121929516,0.5172000153096008,1.9176740629593094,0.00011913930111816397
65.65,0.9787138247734694,0.5217425952645509,1.9181925806946638,0.00012122050400894394
65.66,0.9887667875272241,0.52633955812811,1.918515193934331,0.00012340180023586147
65.67,0.9989096401124674,0.5309912570361219,1.918638113153209,0.00012568695892128747
65.68,1.0091423814984535,0.5356980418039268,1.9185574939842402,0.00012807985633764906
65.69,1.019464968231116,0.5404602585459338,1.918269437560761,0.0001305844765778694
65.7,1.0298773126521814,0.545278249281491,1.9177699909376036,0.0001332049120125281
65.71000000000001,1.0403792810714052,0.5501523515267231,1.91705514759524,0.0001359453635125677
65.72,1.0509706918916877,0.5550828978720095,1.9161208480314,0.0001388101404151441
65.73,1.0616513136868924,0.5600702155447753,1.9149629804447348,0.0001418036602090052
65.74,1.0724208632322747,0.5651146259572708,1.9135773815152337,0.00014493044791449592
65.75,1.0832790034875097,0.5702164442390165,1.9119598372862403,0.0001481951351320194
65.76,1.094225341532402,0.5753759787535954,1.9101060841530475,0.0001516024587314792
65.77,1.1052594264554567,0.5805935305994779,1.908011809963185,0.0001551572591539177
65.78,1.1163807471955998,0.5858693930945716,1.9056726552336438,0.0001588644782952926
65.79,1.1275887303374446,0.5912038512441915,1.9030842144904034,0.00016272915694102606
65.8,1.1388827378606279,0.5965971811921583,1.9002420377357556,0.0001667564317186882
65.81,1.1502620648438646,0.602049649654737,1.897141632049028,0.00017095153153495673
65.82000000000001,1.1617259371245092,0.6075615133371404,1.8937784633264252,0.00017531977346175835
65.83,1.1732735089145585,0.6131330183323334,1.8901479581658078,0.0001798665580353673
65.84,1.1849038603741853,0.6187643995018849,1.8862455059023207,0.00018459736393116376
65.85,1.1966159951440587,0.6244558798386304,1.882066460800872,0.00018951774197573153
65.86,1.2084088378378797,0.6302076698109227,1.8776061444115368,0.00019463330845707086
65.87,1.2202812314967442,0.6360199666882663,1.872859848094024,0.00019994973769293
65.88,1.232231935007144,0.6418929538481495,1.8678228357173965,0.00020547275381657231
65.89,1.2442596204846135,0.6478268000639088,1.8624903465412717,0.00021120812173882678
65.9,1.2563628706252516,0.6538216587734852,1.8568575982847495,0.00021716163724493646
65.91,1.2685401760275712,0.6598776673289525,1.8509197903893233,0.00022333911618455796
65.92,1.2807899324873615,0.6659949462267285,1.844672107482012,0.0002297463827134243
65.93,1.2931104382685017,0.6721735983184073,1.8381097230449193,0.00023638925654549857
65.94,1.3054998913529174,0.6784137080021801,1.8312278032973728,0.00024327353917508792
65.95,1.317956386673142,0.6847153403948502,1.8240215112967135,0.00025040499902933243
65.96000000000001,1.330477913331225,0.6910785404844769,1.8164860112637062,0.0002577893555127572
65.97,1.3430623518080191,0.697503332263729,1.8086164731384078,0.00026543226190725816
65.98,1.355707471167182,0.7039897178440615,1.8004080773721738,0.0002733392870929161
65.99,1.3684109262585349,0.7105376765508802,1.7918560199612907,0.0002815158960575528
66.0,1.3811702549257496,0.7171471639998986,1.7829555177275005,0.0002899674291659067
66.01,1.3939828752236607,0.7238181111549459,1.773701813850426,0.0002986990801628124
66.02,1.4068460826508482,0.7305504233675314,1.7640901836566107,0.00030771587288875896
66.03,1.4197570474034817,0.7373439793985317,1.7541159406695557,0.00031702263669081766
66.04,1.432712811656779,0.7441986304224184,1.7437744429247561,0.0003266239805171555
66.05,1.4457102868807996,0.7511141990145103,1.7330610995533342,0.00033652426568920115
66.06,1.4587462511976672,0.7580904781217939,1.7219713776373915,0.00034672757735209356
66.07000000000001,1.471817346787698,0.7651272300179265,1.7105008093397025,0.00035723769461126737
66.08,1.4849200773522961,0.7722241852431033,1.6986449993098118,0.0003680580593710174
66.09,1.498050805641868,0.7793810415295458,1.6863996323679886,0.00037919174389965544
66.1,1.5112057510574035,0.7865974627134436,1.673760481467831,0.0003906414171553941
66.11,1.524380987334765,0.7938730776342625,1.6607234159375992,0.0004024093099174049
66.12,1.5375724403211206,0.8012074790224145,1.6472844099995825,0.00041449717877761153
66.13,1.550775885853355,0.80860022237637,1.633439551565982,0.0004269062690607833
66.14,1.5639869477486774,0.8160508248303836,1.6191850513088983,0.00043963727675322135
66.15,1.57720109591804,0.823558764014096,1.604517252001069,0.0004526903095338242
66.16,1.59041364461335,0.8311234769053677,1.589432638122999,0.00046606484701574284
66.17,1.6036197508198369,0.8387443586778013,1.5739278457310484,0.00047975970032184496
66.18,1.6168144128052877,0.8464207615445061,1.557999672579924,0.0004937729711330134
66.19,1.6299924688382141,0.8541519935997647,1.5416450884918238,0.0005081020103647623
66.2,1.6431485960873364,0.8619373176603631,1.5248612459632307,0.0005227433766446201
66.21000000000001,1.65627730971508,0.869775950108456,1.5076454909990469,0.0005376927947803088
66.22,1.6693729621780669,0.8776670597379466,1.489995374162381,0.0005529451144266984
66.23,1.6824297427478407,0.8856097666064712,1.4719086618268757,0.000568494269177741
66.24,1.6954416772652998,0.8936031408951912,1.4533833476169773,0.0005843332363279429
66.25,1.7084026281425033,0.9016462017787087,1.434417664020014,0.0006004539975665333
66.26,1.7213062946256878,0.9097379163075341,1.4150100941523556,0.0006168475008856934
66.27,1.7341462133334484,0.9178771983056506,1.3951593836603022,0.0006335036240021662
66.28,1.74691575908412,0.9260629072858326,1.374864552734666,0.0006504111396092461
66.29,1.7596081460264301,0.9342938473854886,1.354124908216299,0.0006675576827927055
66.3,1.7722164290874747,0.9425687663259131,1.3329400557680813,0.0006849297209601515
66.31,1.7847335057519986,0.9508863543979411,1.3113099120871026,0.00070251252664788
66.32000000000001,1.7971521181868293,0.9592452434771077,1.2892347171289913,0.0007202901535823379
66.33,1.8094648557241213,0.9676440060715231,1.2667150463145427,0.0007382454163847845
66.34,1.8216641577168102,0.9760811544057737,1.2437518226869946,0.0007563598743169768
66.35,1.833742316779343,0.9845551395442597,1.2203463289865057,0.000774613819472613
66.36,1.845691482426348,0.9930643505574748,1.196500219606615,0.0007929862698236474
66.37,1.8575036651214305,1.0016071137348206,1.1722155323957053,0.000811454967531868
66.38,1.869170740747713,1.010181691847632,1.1474947002647862,0.0008299963829340209
66.39,1.8806844555110942,1.0187862834661665,1.1223405625612466,0.0008485857246032498
66.4,1.8920364312864706,1.0274190223343758,1.09675637616663,0.0008671969558800082
66.41,1.9032181714163345,1.0360779768063424,1.0707458262749618,0.0008858028182518059
66.42,1.9142210669702522,1.0447611493483107,1.0443130368067297,0.000904374861942915
66.43,1.9250364034727125,1.0534664761102834,1.0174625804122843,0.0009228834840519673
66.44,1.9356553681057318,1.0621918265711863,0.9901994880172318,0.000941297974547493
66.45,1.9460690573913966,1.0709350032616165,0.9625292578613046,0.0009595865703981151
66.46000000000001,1.9562684853582268,1.079693741568203,0.9344578639812876,0.0009777165180755022
66.47,1.9662445921938432,1.088465709623591,0.9059917640878139,0.0009956541446243389
66.48,1.975988253384929,1.0972485082860444,0.8771379067852761,0.0010133649374439262
66.49,1.9854902893438864,1.1060396712126224,0.8479037380837244,0.001030813632871149
66.5,1.9947414755199033,1.1148366650298323,0.818297207151461,0.001047964313594287
66.51,2.0037325529903756,1.123636889605587,0.7883267712571107,0.0010647805148614963
66.52,2.0124542395267655,1.1324376784262153,0.7580013998502603,0.0010812253393773497
66.53,2.0208972411270385,1.1412362990821578,0.7273305777303299,0.0010972615807057352
66.54,2.029052264004798,1.150029953865867,0.6963243072541837,0.0011128518549178706
66.55,2.0369100270231466,1.158815780485278,0.664993109534114,0.0011279587401412656
66.56,2.044461274559149,1.1675908528960577,0.6333480245792559,0.001142544923579149
66.57000000000001,2.051696789782562,1.1763521822556553,0.6014006103352205,0.001156573355481281
66.58,2.058607408330242,1.185096718001974,0.5691629405787739,0.0011700074094568187
66.59,2.0651840323553348,1.193821349059258,0.5366476016267568,0.0011828110484288599
66.6,2.0714176449280566,1.2025229051735442,0.5038676878211281,0.0011949489954395862
66.61,2.077299324762513,1.211198158379765,0.4708367957550335,0.001206386908425334
66.62,2.0828202612416864,1.2198438246022953,0.43756901720814984,0.0012170915579938662
66.63,2.0879717697103923,1.2284565653904367,0.40407893076322937,0.001227031007152588
66.64,2.092745307003699,1.2370329897900036,0.3703815920797675,0.0012361747918576084
66.65,2.097132487176059,1.2455696563518255,0.3364925228050319,0.0012444941011809495
66.66,2.1011250973941804,1.2540630752776192,0.3024276981073107,0.0012519619558278353
66.67,2.1047151139545544,1.262509710703302,0.26820353282115234,0.001258553383679194
66.68,2.1078947183844883,1.2709059831194127,0.23383686619956073,0.0012642455909876774
66.69,2.1106563135835708,1.2792482719278937,0.19934494527355967,0.0012690181278196809
66.7,2.1129925399606653,1.2875329181340611,0.16474540682522962,0.0012728530463122524
66.71000000000001,2.114896291519851,1.2957562271721386,0.13005625798621906,0.0012757350503034635
66.72,2.1163607318471924,1.3039144718622802,0.09529585547981875,0.001277651634898753
66.73,2.1173793099488774,1.3120038954965434,0.06048288353092719,0.0012785932145547077
66.74,2.1179457758900684,1.3200207150507968,0.025636330474595397,0.0012785532382963804
66.75,2.118054196182862,1.3279611245190712,-0.009224535899713726,0.0012775282907350474
66.76,2.117698968870978,1.3358212983663782,-0.04408019422452372,0.0012755181776206292
66.77,2.116874838258294,1.343597395095537,-0.07891089660127298,0.0012725259947467182
66.78,2.115576909228035,1.3512855609230667,-0.11369669676118141,0.0012685581791263294
66.79,2.113800661099417,1.3588819335587194,-0.148417479277079,0.001263624541472531
66.8,2.1115419609687684,1.366382646082758,-0.18305298975695936,0.0012577382791494718
66.81,2.108797076482659,1.373783830914612,-0.2175828659439319,0.001250915968905074
66.82000000000001,2.105562687991347,1.3810816238660955,-0.25198666964137234,0.0012431775388555605
66.83,2.1018359000319315,1.3882721682719235,-0.28624391937646243,0.0012345462193627454
66.84,2.097614252091936,1.3953516191898427,-0.3203341237100073,0.0012250484726259343
66.85,2.0928957286057,1.4023161476622863,-0.3542368150954741,0.001214713900999457
66.86,2.087678768137875,1.4091619450310746,-0.3879315841856452,0.0012035751342422876
66.87,2.081962271710523,1.4158852272963303,-0.4213981144811726,0.0011916676961055994
66.88,2.0757456102328122,1.4224822395104366,-0.4546162172116904,0.0011790298508651132
66.89,2.06902863099504,1.4289492601975715,-0.4875658663370317,0.0011657024306052166
66.9,2.061811663191724,1.4352826057890704,-0.5202272335535352,0.0011517286442583885
66.91,2.0540955224417616,1.441478635064641,-0.5525807231884469,0.0011371538695940176
66.92,2.0458815142771347,1.4475337535892445,-0.5846070068640508,0.001122025429532546
66.93,2.037171436575322,1.4534444181352986,-0.6162870578124191,0.0011063923543313944
66.94,2.02796758091449,1.459207141079727,-0.6476021847215769,0.0010903051313460165
66.95,2.018272732834572,1.4648184947653045,-0.678534064994437,0.0010738154442102839
66.96000000000001,2.0080901709915695,1.4702751158156955,-0.7090647773030917,0.0010569759034031192
66.97,1.997423665196735,1.4755737093935906,-0.7391768333229431,0.0010398397702708288
66.98,1.9862774733367436,1.480711053391388,-0.7688532085337129,0.0010224606766556224
66.99,1.974656337175451,1.4856840025439577,-0.7980773719775887,0.001004892342338643
67.0,1.9625654770424024,1.490489492453154,-0.8268333148686192,0.0009871882925394696
67.01,1.9500105854178158,1.4951245435139255,-0.8551055779519419,0.00096940157772319
67.02,1.9369978194283253,1.499586264732087,-0.8828792775164971,0.0009515844979498867
67.03,1.9235337922722728,1.5038718574240828,-0.9101401299705133,0.0009337883339602252
67.04,1.9096255635977897,1.5079786187893776,-0.9368744748952056,0.000916063087124999
67.05,1.8952806288612367,1.5119039453464564,-0.9630692964987758,0.0008984572302967145
67.06,1.880506907697796,1.5156453362237992,-0.988712243399891,0.0008810174714889464
67.07000000000001,1.8653127313400513,1.519200396297619,-1.0137916466772996,0.0008637885321755894
67.08,1.8497068291242733,1.5225668391686127,-1.0382965361300704,0.0008468129418489475
67.09,1.833698314127791,1.525742489970458,-1.0622166547010545,0.0008301308503053651
67.1,1.817296667984261,1.5287252880033197,-1.085542471024516,0.0008137798589416389
67.11,1.8005117249268345,1.5315132891861718,-1.1082651900673985,0.0007977948721476114
67.12,1.7833536551121278,1.5341046683223134,-1.1303767618423295,0.0007822079696727529
67.13,1.765832947280529,1.5364977211730617,-1.1518698881791523,0.0007670483006299836
67.14,1.7479603908106878,1.5386908663352095,-1.1727380275504602,0.0007523419995813774
67.15,1.7297470572280444,1.5406826469184696,-1.1929753979552264,0.0007381121249306473
67.16,1.7112042812289219,1.54247173201977,-1.212576977873117,0.0007243786196292278
67.17,1.6923436412830584,1.544056917991913,-1.2315385053103942,0.0007111582939892178
67.18,1.673176939878457,1.5454371295047655,-1.2498564749663998,0.0006984648301900004
67.19,1.6537161834730985,1.5466114203978112,-1.267528133557405,0.0006863088078685792
67.2,1.6339735622183889,1.547578974323542,-1.284551473342083,0.0006746977499988803
67.21000000000001,1.6139614295192088,1.5483391051818274,-1.3009252238999527,0.0006636361880942925
67.22,1.5936922814950878,1.5488912573460318,-1.3166488422208038,0.0006531257456127082
67.23,1.5731787364063703,1.5492350056822934,-1.3317225011693499,0.0006431652383053969
67.24,1.5524335141082704,1.5493700553639824,-1.346147076395074,0.000633750790131656
67.25,1.5314694155944377,1.5492962414839673,-1.3599241317624646,0.0006248759632612265
67.26,1.5102993026901053,1.5490135284678905,-1.3730559033815228,0.0006165319006061432
67.27,1.488936077953069,1.5485220092922134,-1.3855452823225614,0.0006087074792638274
67.28,1.4673926648386746,1.5478219045113222,-1.397395796102889,0.0006013894732133747
67.29,1.4456819881826877,1.546913561098495,-1.4086115890359783,0.0005945627235868704
67.3,1.4238169550534059,1.5457974511060004,-1.419197401536141,0.0005882103148367654
67.31,1.4018104360216768,1.5444741701500473,-1.429158548473603,0.0005823137551377319
67.32000000000001,1.379675246894612,1.5429444357267161,-1.4385008966761506,0.0005768531593962419
67.33,1.3574241309557802,1.5412090853653861,-1.4472308416742763,0.0005718074332917944
67.34,1.3350697417515252,1.5392690746265116,-1.4553552837869395,0.0005671544568390392
67.35,1.3126246264598302,1.5371254749509171,-1.4628816036447478,0.0005628712660383341
67.36,1.2901012098748388,1.5347794713680503,-1.469817637246539,0.0005589342312719776
67.37,1.2675117790367862,1.5322323600708758,-1.4761716506440545,0.000555319231202619
67.38,1.2448684685337108,1.5294855458652923,-1.4819523143476545,0.0005520018210375177
67.39,1.2221832464979097,1.52654053950212,-1.4871686775438655,0.00054895739413552
67.4,1.199467901316727,1.5233989548998457,-1.4918301422130087,0.0005461613360513434
67.41,1.176734029073899,1.5200625062663977,-1.495946437232263,0.0005435891702319205
67.42,1.1539930217343817,1.5165330051282975,-1.4995275925462972,0.0005412166947008757
67.43,1.131256056082348,1.512812357275553,-1.502583913484108,0.0005390201091881384
67.44,1.1085340834188837,1.508902559630665,-1.5051259552969563,0.0005369761322804923
67.45,1.0858378200228582,1.50480569705008,-1.5071644979883245,0.0005350621082846675
67.46000000000001,1.0631777383754968,1.500523939066357,-1.508710521502685,0.0005332561036059034
67.47,1.0405640591463619,1.4960595365792335,-1.5097751813355809,0.0005315369925509318
67.48,1.0180067439357579,1.4914148185036498,-1.5103697846231294,0.0005298845325640787
67.49,0.9955154887660284,1.4865921883826485,-1.5105057667645847,0.0005282794289979199
67.5,0.9730997183118169,1.4815941209729082,-1.5101946686270786,0.0005267033896051941
67.51,0.9507685808571203,1.4764231588104726,-1.5094481143771272,0.0005251391690159499
67.52,0.9285309439648834,1.4710819087640377,-1.5082777899789626,0.000523570603532883
67.53,0.9063953908429638,1.46557303858293,-1.5066954223952733,0.0005219826366384163
67.54,0.8843702173885479,1.45989927344667,-1.5047127595215104,0.0005203613356592145
67.55,0.8624634298915101,1.454063392522761,-1.5023415508805815,0.0005186939000775414
67.56,0.840682743375792,1.448068225539073,-1.4995935291005307,0.0005169686620144796
67.57000000000001,0.8190355805566204,1.441916649376916,-1.496480392193692,0.0005151750794375908
67.58,0.7975290713902964,1.4356115846906108,-1.493013786651845,0.0005133037226656441
67.59,0.77617005319235,1.4291559925590678,-1.4892052913680907,0.0005113462547559366
67.6,0.7549650712990812,1.422552871174588,-1.4850664023925289,0.0005092954063658585
67.61,0.7339203802468772,1.4158052525737954,-1.4806085185253508,0.0005071449456802935
67.62,0.7130419454432156,1.4089161994153028,-1.4758429277476923,0.0005048896439908077
67.63,0.6923354453029131,1.4018888018084084,-1.4707807944875044,0.0005025252375017321
67.64,0.6718062738229714,1.3947261741968113,-1.465433147714815,0.0005000483859229212
67.65,0.6514595435692782,1.387431452301029,-1.4598108698580743,0.0004974566283897668
67.66,0.6313000890484509,1.3800077901228975,-1.453924686530789,0.0004947483372282674
67.67,0.6113324704382512,1.3724583570152376,-1.4477851570553795,0.0004919226700575448
67.68,0.5915609776502332,1.3647863348194724,-1.4414026657691048,0.0004889795206943642
67.69,0.571989634698628,1.3569949150736997,-1.4347874140950356,0.00048591946929458943
67.7,0.5526222043498852,1.349087296293433,-1.4279494133593567,0.0004827437321356401
67.71000000000001,0.5334621930277919,1.341066681326959,-1.4208984783347958,0.0004794541114121853
67.72,0.5145128559496598,1.3329362747869875,-1.4136442214886646,0.0004760529453850813
67.73,0.4957772024697076,1.324699280560015,-1.4061960479128666,0.00047254305919123256
67.74,0.4772580016064516,1.3163588993945736,-1.3985631509122678,0.0004689277165899939
67.75,0.4589577877316597,1.3079183265692997,-1.3907545082270356,0.00046521057289018806
67.76,0.440878866399203,1.2993807496415262,-1.38277887886391,0.000461395629271125
67.77,0.4230233202929557,1.2907493462768846,-1.3746448005108824,0.0004574871886813279
67.78,0.40539301527373856,1.2820272821601963,-1.366360587509414,0.00045348981347026165
67.79,0.3879896065061689,1.2732177089877315,-1.3579343293580954,0.00044940828488132024
67.8,0.37081454464716496,1.264323762540731,-1.3493738897215661,0.00044524756450873025
67.81,0.3538690820787488,1.2553485608399095,-1.3406869059185222,0.0004410127577971925
67.82000000000001,0.33715427916869584,1.2462952023804885,-1.3318807888627628,0.0004367090796407366
67.83,0.3206710105434836,1.2371667644471624,-1.3229627234314496,0.0004323418221167465
67.84,0.3044199713588959,1.227966301508246,-1.3139396692350538,0.0004279163243723031
67.85,0.2884016835545359,1.2186968436881254,-1.3048183617638551,0.00042343794466284635
67.86,0.27261650207938815,1.2093613953170075,-1.2956053138863102,0.0004189120345278116
67.87,0.25706462107644484,1.1999629335568511,-1.2863068176751302,0.00041434391507409225
67.88,0.2417460800152683,1.190504407102258,-1.276928946537485,0.0004097388553261503
67.89,0.2266607697622024,1.1809887349550063,-1.2674775576263713,0.0004051020525909899
67.9,0.21180843857876475,1.1714188052708292,-1.2579582945108552,0.00040043861477709753
67.91,0.19718869803954592,1.1617974742769563,-1.248376590083597,0.00039575354459885613
67.92,0.18280102886171465,1.152127565258878,-1.2387376696848016,0.000391051725591553
67.93,0.16864478663897248,1.1424118676147237,-1.229046554422491,0.0003863379098569807
67.94,0.15471920747351972,1.132653135975601,-1.2193080646697716,0.0003816167074557035
67.95,0.1410234135002842,1.1228540893901937,-1.209526823720551,0.00037689257735911086
67.96000000000001,0.12755641829832526,1.1130174105718829,-1.199707261585965,0.00037216981987248343
67.97,0.11431713218495725,1.1031457452066205,-1.1898536189145625,0.00036745257043921154
67.98,0.10130436738873773,1.0932417013197686,-1.1799699510201074,0.0003627447947359985
67.99,0.08851684309803842,1.083307848700092,-1.170060132001649,0.0003580502849693574
68.0,0.07595319038245787,1.0733467183790852,-1.1601278589413064,0.0003533726572847523
68.01,0.06361195698484728,1.063360802163806,-1.1501766561659903,0.00034871535020128793
68.02,0.05149161198220344,1.0533525522213856,-1.1402098795600626,0.0003440816239869392
68.03,0.03959055031413615,1.0433243807133925,-1.1302307209166849,0.00033947456089178466
68.04,0.02790709717804219,1.0332786594782284,-1.1202422123163494,0.0003348970661594928
68.05,0.016439512290514983,1.0232177197597503,-1.110247230521809,0.0003303518697403673
68.06,0.005185994014888191,1.0131438519803289,-1.1002485013793244,0.0003258415286325502
68.07000000000001,-0.005855316644845286,1.0030593055565677,-1.0902486042168311,0.0003213684297814751
68.08,-0.016686332183180635,0.9929662887559325,-1.0802499762302875,0.0003169347934711922
68.09,-0.027309014864464284,0.9828669685925631,-1.0702549168501052,0.00031254267714484927
68.1,-0.03772537312535434,0.9727634707605687,-1.0602655920801782,0.0003081939795953437
68.11,-0.0479374581070149,0.9626578796031358,-1.050284038802617,0.00030389044547084025
68.12,-0.057947360315458094,0.9525522381158074,-1.0403121690418629,0.00029963367004351904
68.13,-0.06775720640824616,0.9424485479823296,-1.0303517741824038,0.00029542510419358246
68.14,-0.07736915610558481,0.9323487696414924,-1.0204045291348245,0.00029126605956411795
68.15,-0.0867853992236771,0.922254822383429,-1.0104719964454278,0.0002871577138458409
68.16,-0.09600815282806338,0.9121685844738766,-1.00055563034513,0.000283101116154166
68.17,-0.10503965850454691,0.9020918933049368,-0.99065678073378,0.0002790971924643164
68.18,-0.11388217974519467,0.892026545570915,-0.980776697096481,0.00027514675107323614
68.19,-0.12253799944680861,0.881974297467858,-0.9709165323488872,0.00027125048806013214
68.2,-0.13100941751918282,0.8719368649154465,-0.9610773466088355,0.000267408992720293
68.21000000000001,-0.13929874860039596,0.861915923799943,-0.9512601108920201,0.0002636227529495249
68.22,-0.14740831987633468,0.851913110236933,-0.9414657107297609,0.00025989216055910416
68.23,-0.15534046900160278,0.8419300208526412,-0.9316949497072264,0.0002562175165035361
68.24,-0.16309754211893973,0.8319682130826426,-0.9219485529207696,0.00025259903600568644
68.25,-0.17068189197425293,0.8220292054868281,-0.9122271703533092,0.00024903685356592
68.26,-0.17809587612435676,0.8121144780795296,-0.9025313801669468,0.0002455310278438547
68.27,-0.1853418552345102,0.8022254726737422,-0.8928616919122474,0.0002420815464031655
68.28,-0.19242219146285083,0.7923635932384261,-0.8832185496538356,0.00023868833031151672
68.29,-0.19933924692883703,0.7825302062679076,-0.8736023350121622,0.00023535123858926913
68.3,-0.20609538226283008,0.7727266411624368,-0.864013370121487,0.00023207007250201868
68.31,-0.2126929552339753,0.7629541906189983,-0.8544519205042981,0.00022884457969328396
68.32000000000001,-0.21913431945357256,0.753214111031507,-0.8449181978625477,0.00022567445815487806
68.33,-0.22542182315116474,0.7435076228995599,-0.8354123627862324,0.00022255936003351818
68.34,-0.23155780802061338,0.7338359112449465,-0.8259345273799771,0.00021949889527318896
68.35000000000001,-0.237544608133477,0.7242001260351605,-0.8164847578084073,0.00021649263509364907
68.36,-0.24338454891705666,0.7146013826131838,-0.8070630767612013,0.00021354011530620476
68.37,-0.24907994619452542,0.7050407621328523,-0.7976694658388132,0.0002106408394685569
68.38,-0.25463310528461347,0.6955193119991405,-0.7883038678599499,0.0002077942818811069
68.39,-0.2600463201583778,0.6860380463127386,-0.7789661890919602,0.00020499989042763726
68.4,-0.26532187265064466,0.6765979463183199,-0.7696563014053671,0.00020225708926369676
68.41,-0.2704620317237736,0.6671999608559337,-0.7603740443538354,0.00019956528135642637
68.42,-0.27546905278145395,0.6578450068149788,-0.7511192271809205,0.00019692385087985157
68.43,-0.28034517703030826,0.64853396959025,-0.741891630754991,0.00019433216546993313
68.44,-0.2850926308871398,0.6392677035395679,-0.7326910094337562,0.00019178957834388934
68.45,-0.28971362542972723,0.6300470324425356,-0.7235170928598645,0.00018929543028844666
68.46000000000001,-0.2942103558891323,0.6208727499599866,-0.714369587689064,0.00018684905152181847
68.47,-0.29858500118155296,0.6117456200937141,-0.7052481792524384,0.00018444976343427678
68.48,-0.30283972347781696,0.6026663776460941,-0.6961525331542499,0.00018209688021222993
68.49,-0.3069766678086767,0.5936357286792403,-0.687082296806928,0.00017978971035075166
68.5,-0.3109979617041292,0.5846543509733458,-0.6780371009047574,0.00017752755805950624
68.51,-0.3149057148650481,0.5757228944838907,-0.6690165608378127,0.00017530972456694096
68.52,-0.3187020188654777,0.5668419817974136,-0.6600202780476958,0.00017313550932760764
68.53,-0.32238894688400005,0.5580122085855648,-0.6510478413266232,0.00017100421113739274
68.54,-0.3259685534626467,0.5492341440571746,-0.6420988280614047,0.00016891512916132145
68.55,-0.3294428742918875,0.540508331408093,-0.6331728054238475,0.00016686756387853942
68.56,-0.33281392602028564,0.531835288268567,-0.6242693315091037,0.0001648608179489355
68.57000000000001,-0.336083706087467,0.5232155071479443,-0.6153879564234714,0.00016289419700574886
68.58,-0.3392541925791073,0.5146494558765031,-0.606528223323136,0.00016096701037839582
68.59,-0.3423273441026953,0.5061375780442233,-0.5976896694053259,0.00015907857174957845
68.60000000000001,-0.345305099682884,0.49768029343633036,-0.5888718268533348,0.00015722819975062225
68.61,-0.3481893786752948,0.4892779984654532,-0.5800742237368435,0.00015541521849884898
68.62,-0.350982080697688,0.48093106660025287,-0.5712963848689473,0.000153638958080617
68.63,-0.35368508557746486,0.4726398487903882,-0.5625378326212792,0.00015189875498353432
68.64,-0.3563002533145133,0.4644046738876985,-0.5537980876985876,0.00015019395248119002
68.65,-0.3588294240584554,0.45622584906349295,-0.5450766698741067,0.0001485239009736066
68.66,-0.3612744180994004,0.4481036602218453,-0.5363730986870306,0.000146887958286465
68.67,-0.36363703587135066,0.44003837240880533,-0.5276868941033754,0.00014528548993200934
68.68,-0.3659190579674495,0.43203023021744474,-0.5190175771414878,0.0001437158693343907
68.69,-0.36812224516630115,0.42407945818866516,-0.5103646704634307,0.00014217847802207079
68.7,-0.37024833846863175,0.4161862612077041,-0.501727698933451,0.00014067270578976658
68.71000000000001,-0.37229905914359895,0.40835082489628227,-0.49310619014470447,0.00013919795083229314
68.72,-0.3742761087840933,0.40057331600034274,-0.484499674915387,0.00013775361985251367
68.73,-0.3761811693704103,0.39285388277333955,-0.4759076877553944,0.0001363391281454862
68.74,-0.3780159033417053,0.3851926553550398,-0.4673297673046038,0.0001349538996607868
68.75,-0.3797819536746762,0.37758974614580915,-0.4587654567438433,0.00013359736704484816
68.76,-0.38148094396894966,0.3700452501763562,-0.4502143041795894,0.00013226897166505446
68.77,-0.3831144785386766,0.36255924547291724,-0.44167586300340483,0.00013096816361722488
68.78,-0.3846841425098711,0.35513179341786655,-0.43314969222710137,0.00012969440171800112
68.79,-0.3861915019230545,0.34776293910574363,-0.42463535679458775,0.0001284471534835635
68.8,-0.38763810384079184,0.34045271169469166,-0.41613242787133514,0.00012722589509600823
68.81,-0.38902547645973384,0.3332011247533062,-0.40764048311236717,0.0001260301113586169
68.82000000000001,-0.39035512922680077,0.3260081766028973,-0.3991591069096561,0.0001248592956411659
68.83,-0.3916285529591671,0.3188738506551704,-0.3906878906197822,0.0001237129498163473
68.84,-0.3928472199677281,0.31179811574533584,-0.3822264327726873,0.00012259058418828686
68.85000000000001,-0.3940125841837498,0.30478092646065963,-0.3737743392623311,0.0001214917174140756
68.86,-0.39512608128842314,0.2978222234644697,-0.3653312235200332,0.00012041587641915797
68.87,-0.39618912884506247,0.29092193381563586,-0.35689670667126194,0.00011936259630735485
68.88,-0.39720312643370526,0.2840799712835438,-0.34847041767660697,0.00011833142026624217
68.89,-0.3981694557878876,0.277296236658584,-0.340051993457651,0.00011732189946853658
68.9,-0.3990894809333852,0.2705706180581809,-0.33164107900843404,0.00011633359297009578
68.91,-0.39996454832872524,0.26390299122838734,-0.32323732749318035,0.00011536606760508458
68.92,-0.40079598700728813,0.2572932198410719,-0.31484040033094063,0.00011441889787880725
68.93,-0.401585108720832,0.25074115578672795,-0.30644996726777735,0.00011349166585866785
68.94,-0.4023332080842852,0.24424663946293482,-0.2980657064371041,0.00011258396106366869
68.95,-0.40304156272166447,0.23780950005850213,-0.289687304408769,0.00011169538035282776
68.96000000000001,-0.40371143341298676,0.2314295558333301,-0.28131445622745244,0.00011082552781285576
68.97,-0.40434406424205416,0.22510661439401874,-0.2729468654409322,0.0001099740146453965
68.98,-0.4049406827450011,0.2188404729652604,-0.26458424411874915,0.00010914045905410297
68.99,-0.4055025000595017,0.21263091865705047,-0.25622631286179004,0.00010832448613179864
69.0,-0.40603071107454475,0.20647772872775175,-0.24787280080328614,0.00010752572774794058
69.01,-0.4065264945806909,0.20038067084304856,-0.23952344560170927,0.00010674382243657703
69.02,-0.4069910134207357,0.194339503330827,-0.2311779934260308,0.00010597841528497299
69.03,-0.4074254146407073,0.1883539754320183,-0.2228361989337926,0.00010522915782304901
69.04,-0.4078308296411363,0.1824238275474423,-0.21449782524242403,0.00010449570791376799
69.05,-0.4082083743285392,0.17654879148068867,-0.20616264389422256,0.00010377772964458079
69.06,-0.40855914926706444,0.1707285906770731,-0.19783043481540252,0.00010307489322002603
69.07000000000001,-0.4088842398302547,0.16496294045870658,-0.18950098626960035,0.00010238687485557047
69.08,-0.4091847163528826,0.1592515482557149,-0.18117409480621183,0.00010171335667275667
69.09,-0.40946163428282445,0.1535941138336467,-0.17284956520392256,0.0001010540265957123
69.10000000000001,-0.4097160343329368,0.14799032951710767,-0.1645272104097801,0.00010040857824907202
69.11,-0.4099489426329085,0.14243988040965802,-0.1562068514741428,9.977671085734598e-05
69.12,-0.41016137088106086,0.13694244461001176,-0.1478883174818281,9.915812914576307e-05
69.13,-0.41035431649607407,0.13149769342457424,-0.1395714454797711,9.855254324260939e-05
69.14,-0.41052876276861944,0.1261052915763559,-0.1312560804014917,9.795966858307428e-05
69.15,-0.41068567901288044,0.12076489741029896,-0.1229420749886578,9.737922581461218e-05
69.16,-0.4108260207179472,0.11547616309505414,-0.1146292897100206,9.681094070382105e-05
69.17,-0.41095072969907187,0.1102387348212438,-0.10631759267798692,9.62545440448353e-05
69.18,-0.4110607342487734,0.10505225299624818,-0.09800685956308361,9.57097715692263e-05
69.19,-0.4111569492877824,0.09991635243555069,-0.08969697350655802,9.517636385739911e-05
69.2,-0.41124027651581824,0.09483066255067825,-0.08138782503134939,9.465406625147342e-05
69.21000000000001,-0.41131160456219096,0.08979480753377211,-0.07307931195165591,9.414262876963211e-05
69.22,-0.4113718091362231,0.08480840653882464,-0.06477133928131301,9.364180602191969e-05
69.23,-0.4114217531774863,0.07987107385961688,-0.05646381914118939,9.315135712747172e-05
69.24,-0.41146228700584814,0.07498241910439174,-0.04815667066579853,9.267104563315373e-05
69.25,-0.41149424847132676,0.07014204736729707,-0.03984981990931493,9.220063943358776e-05
69.26,-0.4115184631037499,0.06534955939663278,-0.031543199751175977,9.173991069254553e-05
69.27,-0.41153574426221556,0.06060455175993571,-0.02323674980144253,9.12886357656835e-05
69.28,-0.4115468932843525,0.055906617005935674,-0.014930416306083443,9.084659512459775e-05
69.29,-0.4115526996353786,0.05125534382341594,-0.006624152052341773,9.041357328217517e-05
69.3,-0.4115539410569545,0.04665031719701082,0.001682083725666736,8.998935871921821e-05
69.31,-0.4115513837158312,0.04209111855997297,0.00998832544097939,8.957374381232008e-05
69.32000000000001,-0.41154578235228945,0.03757732594394259,0.01829460124729981,8.916652476296826e-05
69.33,-0.41153788042836825,0.0331085141257505,0.02660093313186849,8.87675015278548e-05
69.34,-0.4115284102758809,0.02868425477128656,0.03490733700756683,8.837647775037157e-05
69.35000000000001,-0.41151809324421507,0.024304116576464974,0.043213822804136964,8.799326069327079e-05
69.36,-0.4115076398479149,0.01996766540531733,0.05152039455840549,8.761766117247059e-05
69.37,-0.41149774991404087,0.015674464425244276,0.05982705050340515,8.724949349198663e-05
69.38,-0.4114891127293046,0.01142407423945627,0.06813378315629375,8.688857537997236e-05
69.39,-0.4114824071869739,0.0072160530166336416,0.07644057940497513,8.653472792584977e-05
69.4,-0.41147830193354373,0.0030499566178359564,0.0847474205933321,8.618777551851556e-05
69.41,-0.41147745551516834,-0.0010746612793096104,0.09305428260498598,8.584754578560647e-05
69.42,-0.41148051652384826,-0.0051582490591113965,0.10136113594550257,8.551386953380914e-05
69.43,-0.41148812374336735,-0.009201257048978635,0.10966794582296838,8.518658069020207e-05
69.44,-0.4115009062949721,-0.013204137403220087,0.11797467222686596,8.486551624461588e-05
69.45,-0.41151948378278713,-0.01716734398944711,0.12628127000518094,8.455051619300118e-05
69.46000000000001,-0.4115444664389587,-0.021091332277552607,0.13458768893967774,8.424142348179181e-05
69.47,-0.4115764552685184,-0.024976559231237455,0.14289387381928456,8.393808395325484e-05
69.48,-0.4116160421939582,-0.028823483202056265,0.15119976451153247,8.36403462918178e-05
69.49,-0.4116638101995079,-0.032632563825954454,0.15950529603199637,8.33480619713642e-05
69.5,-0.4117203334751046,-0.03640426192226888,0.16781039861168967,8.306108520348928e-05
69.51,-0.41178617756004543,-0.04013903939516435,0.1761149977623673,8.277927288671193e-05
69.52,-0.41186189948631047,-0.04383735913747861,0.18441901433969543,8.250248455663343e-05
69.53,-0.4119480479215471,-0.04749968493694852,0.19272236460424846,8.223058233703855e-05
69.54,-0.4120451633117021,-0.05112648138479021,0.20102496028029768,8.196343089193661e-05
69.55,-0.4121537780232902,-0.05471821378660633,0.20932670861235794,8.170089737853467e-05
69.56,-0.41227441648528595,-0.05827534807559354,0.2176275124194618,8.144285140114205e-05
69.57000000000001,-0.4124075953306263,-0.061798350728023456,0.22592727014713276,8.118916496600288e-05
69.58,-0.41255382353730946,-0.0652876886809706,0.234225875917032,8.093971243705346e-05
69.59,-0.4127136025690763,-0.06874382925226083,0.24252321957425466,8.069437049260404e-05
69.60000000000001,-0.41288742651566035,-0.07216724006261399,0.2508191867322545,8.045301808294281e-05
69.61,-0.4130757822325905,-0.07555838895995454,0.2591136588153774,8.021553638886182e-05
69.62,-0.4132791494805321,-0.07891774394586401,0.267406513098986,7.998180878110443e-05
69.63,-0.4134980010641504,-0.08224577310414952,0.2756976227471599,7.975172078073396e-05
69.64,-0.4137328029704799,-0.08554294453150213,0.2839868568479574,7.95251600204273e-05
69.65,-0.4139840145067843,-0.0888097262702196,0.292274080446226,7.930201620669057e-05
69.66,-0.4142520884378898,-0.09204658624296758,0.3005591545739514,7.908218108299881e-05
69.67,-0.4145374711229745,-0.09525399218955373,0.30884193627813433,7.88655483938656e-05
69.68,-0.4148406026517975,-0.09843241160568933,0.3171222786461882,7.86520138498409e-05
69.69,-0.41516191698034943,-0.10158231168371276,0.32540003082884933,7.844147509344174e-05
69.7,-0.41550184206590696,-0.10470415925524965,0.3336750380605949,7.823383166601891e-05
69.71000000000001,-0.41586080000147346,-0.1077984207357843,0.3419471416775629,7.802898497556235e-05
69.72,-0.4162392071495872,-0.11086556207111721,0.3502161791329707,7.782683826545031e-05
69.73,-0.4166374742754784,-0.11390604868568356,0.3584819840100289,7.762729658414537e-05
69.74,-0.4170560066795577,-0.11692034543270755,0.3667443860323482,7.743026675584362e-05
69.75,-0.41749520432921516,-0.1199089165461675,0.3750032110718382,7.723565735208173e-05
69.76,-0.4179554619899126,-0.12287222559454698,0.38325828115409655,7.704337866430648e-05
69.77,-0.4184371693555489,-0.12581073543634674,0.3915094144612889,7.68533426774142e-05
69.78,-0.41894071117807913,-0.12872490817733287,0.3997564253325194,7.666546304426451e-05
69.79,-0.4194664673963679,-0.1316152051294962,0.4079991242616927,7.647965506117746e-05
69.8,-0.4200148132642575,-0.1344820867716984,0.4162373178928681,7.629583564442216e-05
69.81,-0.4205861194778301,-0.13732601271197972,0.42447080901310824,7.611392330770078e-05
69.82000000000001,-0.42118075230184504,-0.14014744165150428,0.43269939654282275,7.59338381406395e-05
69.83,-0.42179907369533004,-0.14294683135011774,0.4409228755236098,7.575550178829468e-05
69.84,-0.4224414414363065,-0.14572463859349308,0.4491410371035971,7.557883743168368e-05
69.85000000000001,-0.42310820924562853,-0.14848131916184004,0.4573536685202846,7.540376976934768e-05
69.86,-0.42379972690991435,-0.15121732780015343,0.4655605530808911,7.523022499996221e-05
69.87,-0.42451634040355046,-0.15393311818997624,0.4737614701402077,7.505813080600287e-05
69.88,-0.4252583920097465,-0.15662914292265284,0.4819561950759589,7.488741633847555e-05
69.89,-0.4260262204406207,-0.15930585347404808,0.4901444992616751,7.471801220272989e-05
69.9,-0.4268201609562939,-0.1619637001807078,0.49832615003707753,7.454985044536533e-05
69.91,-0.42764054548297153,-0.16460313221743672,0.5065009106759781,7.438286454224439e-05
69.92,-0.428487702729992,-0.16722459757626898,0.5146685403516957,7.42169893876219e-05
69.93,-0.42936195830581864,-0.1698285430468075,0.52282879409999,7.40521612844171e-05
69.94,-0.4302636348329555,-0.17241541419790776,0.5309814227795149,7.388831793563836e-05
69.95,-0.43119305206176284,-0.1749856553606817,0.5391261730297928,7.372539843697233e-05
69.96000000000001,-0.4321505269831516,-0.17753970961279772,0.547262787226709,7.356334327056491e-05
69.97,-0.4331363739401335,-0.18007801876405255,0.5553910034355276,7.340209430000503e-05
69.98,-0.4341509047382049,-0.18260102334319078,0.5635105553614296,7.324159476653489e-05
69.99,-0.435194428754541,-0.185109162585948,0.5716211722975708,7.308178928651107e-05
70.0,-0.4362672530459775,-0.18760287442429338,0.5797225790706617,7.292262385012641e-05
70.01,-0.43736968245575625,-0.19008259547684758,0.587814495984065,7.276404582142463e-05
70.02,-0.4385020197190114,-0.19254876104045193,0.5958966387584117,7.260600393963343e-05
70.03,-0.4396645655669724,-0.19500180508286463,0.6039687184697329,7.244844832183068e-05
70.04,-0.4408576188298585,-0.19744216023656008,0.6120304414851041,7.229133046698065e-05
70.05,-0.44208147653844176,-0.199870257793607,0.6200815093958009,7.213460326136054e-05
70.06,-0.44333643402425227,-0.20228652770160147,0.6281216189479604,7.197822098540701e-05
70.07000000000001,-0.44462278501840113,-0.20469139856063034,0.6361504619707468,7.182213932201545e-05
70.08,-0.44594082174899513,-0.20708529762124167,0.6441677253020148,7.166631536632103e-05
70.09,-0.44729083503711686,-0.20946865078339696,0.652173090711468,7.15107076369942e-05
70.10000000000001,-0.4486731143913443,-0.211841882596382,0.6601662348213048,7.135527608908615e-05
70.11,-0.45008794810078173,-0.21420541625965148,0.6681468290243484,7.119998212845402e-05
70.12,-0.45153562332657604,-0.2165596736245833,0.6761145393996528,7.104478862780933e-05
70.13,-0.4530164261918885,-0.2189050751971187,0.6840690266255789,7.08896599444294e-05
70.14,-0.4545306418702947,-0.22124204014126295,0.6920099458903336,7.073456193956457e-05
70.15,-0.456078554672583,-0.22357098628342353,0.6999369467999645,7.057946199958331e-05
70.16,-0.45766044813192147,-0.22589233011756013,0.7078496732838011,7.042432905890964e-05
70.17,-0.4592766050873629,-0.22820648681112288,0.7157477634973355,7.026913362478652e-05
70.18,-0.46092730776565677,-0.23051387021175393,0.7236308497225327,7.0113847803914e-05
70.19,-0.4626128378613364,-0.2328148928547277,0.7314985582655619,6.99584453310182e-05
70.2,-0.464333476615048,-0.23510996597110542,0.7393505093519388,6.980290159939091e-05
70.21000000000001,-0.4660895048900888,-0.23739949949657888,0.7471863170190691,6.964719369346302e-05
70.22,-0.46788120324711985,-0.23968390208097876,0.7550055890061832,6.949130042345985e-05
70.23,-0.4697088520170175,-0.24196358109842245,0.7628079266416511,6.933520236219217e-05
70.24,-0.47157273137182903,-0.24423894265807647,0.7705929247276669,6.917888188405352e-05
70.25,-0.47347312139379366,-0.24651039161550806,0.7783601714222929,6.902232320627144e-05
70.26,-0.4754103021423921,-0.24877833158460091,0.7861092481188493,6.886551243248327e-05
70.27,-0.4773845537193852,-0.25104316495000956,0.7938397293226427,6.870843759870012e-05
70.28,-0.4793961563318013,-0.25330529288012654,0.8015511825250169,6.855108872172047e-05
70.29,-0.4814453903528317,-0.25556511534053716,0.8092431680747184,6.83934578500754e-05
70.3,-0.4835325363805906,-0.25782303110793564,0.8169152390465633,6.82355391175663e-05
70.31,-0.48565787529469767,-0.26007943778447645,0.8245669411073943,6.807732879947081e-05
70.32000000000001,-0.4878216883106363,-0.2623347318125351,0.8321978123793167,6.791882537150065e-05
70.33,-0.49002425703184305,-0.2645893084898513,0.8398073833002024,6.776002957158445e-05
70.34,-0.4922658634994796,-0.2668435619850288,0.8473951764814502,6.760094446455413e-05
70.35000000000001,-0.4945467902398389,-0.2690978853533638,0.8549607065629917,6.744157550982794e-05
70.36,-0.49686732030933456,-0.2713526705529761,0.8625034800655332,6.728193063217296e-05
70.37,-0.4992277373370223,-0.27360830846121487,0.870022995240023,6.712202029562962e-05
70.38,-0.5016283255645989,-0.2758651888913118,0.8775187419143339,6.696185758069738e-05
70.39,-0.5040693698838247,-0.27812370060925384,0.8849902013371529,6.680145826487939e-05
70.4,-0.506551155871312,-0.28038423135084733,0.8924368460190698,6.664084090667093e-05
70.41,-0.5090739698206218,-0.2826471678389449,0.8998581395708558,6.648002693309838e-05
70.42,-0.511638098771607,-0.2849128958008069,0.9072535365389263,6.631904073091436e-05
70.43,-0.5142438305369423,-0.28718179998556814,0.9146224822379817,6.615790974154724e-05
70.44,-0.516891453725775,-0.2894542641817801,0.9219644125808214,6.599666455991373e-05
70.45,-0.5195812577644315,-0.29173067123499985,0.9292787539053262,6.583533903720904e-05
70.46000000000001,-0.5223135329141116,-0.29401140306539464,0.936564922798608,6.567397038778023e-05
70.47,-0.5250885702855007,-0.2962968406853322,0.9438223259183238,6.55125993002031e-05
70.48,-0.5279066618502275,-0.29858736421692583,0.9510503598111553,6.535127005267954e-05
70.49,-0.5307681004490937,-0.30088335290950285,0.9582484107284547,6.51900306328746e-05
70.5,-0.5336731797969988,-0.30318518515696463,0.9654158544390615,6.502893286231596e-05
70.51,-0.5366221944844807,-0.3054932385150061,0.9725520560392936,6.486803252547827e-05
70.52,-0.5396154399757922,-0.3078078897181623,0.9796563697601207,6.470738950368727e-05
70.53,-0.5426532126034296,-0.3101295146966482,0.9867281387715295,6.454706791396628e-05
70.54,-0.5457358095590263,-0.31245848859295866,0.9937666949840916,6.438713625295627e-05
70.55,-0.5488635288805249,-0.3147951857781943,1.0007713588477476,6.422766754605143e-05
70.56,-0.5520366694355348,-0.31713997986807807,1.0077414391478248,6.406873950187705e-05
70.57000000000001,-0.5552555309007832,-0.31949324373862753,1.0146762327983065,6.39104346722478e-05
70.58,-0.5585204137375624,-0.32185534954144696,1.021575024632376,6.375284061774988e-05
70.59,-0.5618316191630741,-0.3242266687186026,1.0284370871902586,6.359605007909234e-05
70.60000000000001,-0.5651894491175689,-0.3266075720170439,1.0352616805043933,6.344016115435682e-05
70.61,-0.5685942062271763,-0.3289984295025327,1.0420480518819626,6.328527748228616e-05
70.62,-0.5720461937623179,-0.3313996105730426,1.048795435684818,6.313150843177544e-05
70.63,-0.575545715591592,-0.333811483971588,1.05550305310684,6.297896929769614e-05
70.64,-0.579093076131016,-0.33623441779844415,1.0621701119487774,6.282778150319197e-05
70.65,-0.5826885802885112,-0.3386687795227167,1.068795806390613,6.267807280859878e-05
70.66,-0.586332533403508,-0.3411149359932196,1.0753793167615064,6.252997752713211e-05
70.67,-0.5900252411815492,-0.3435732534486192,1.0819198093073772,6.238363674748829e-05
70.68,-0.5937670096237655,-0.34604409752680065,1.0884164359561845,6.223919856348717e-05
70.69,-0.5975581449510923,-0.34852783327341397,1.0948683340809755,6.20968183109042e-05
70.7,-0.6013989535230951,-0.35102482514955397,1.1012746262607742,6.195665881164386e-05
70.71000000000001,-0.6052897417512683,-0.3535354370385285,1.1076344200393926,6.181889062536565e-05
70.72,-0.6092308160066646,-0.35606003225166893,1.1139468076822474,6.168369230870045e-05
70.73,-0.6132224825217156,-0.3585989735331342,1.1202108659312764,6.155125068220223e-05
70.74,-0.6172650472860929,-0.3611526230636614,1.1264256557580545,6.142176110513869e-05
70.75,-0.6213588159364619,-0.3637213424632121,1.1325902221152147,6.129542775824498e-05
70.76,-0.625504093639974,-0.36630549279246405,1.1387035936862886,6.117246393456301e-05
70.77,-0.6297011849713382,-0.3689054345530975,1.1447647826340908,6.105309233845536e-05
70.78,-0.6339503937833137,-0.37152152768682245,1.1507727843477735,6.093754539289829e-05
70.79,-0.6382520230704563,-0.3741541315730936,1.1567265771886945,6.082606555515e-05
70.8,-0.6426063748259514,-0.37680360502545784,1.1626251222352442,6.071890564087151e-05
70.81,-0.6470137498913631,-0.3794703062864788,1.1684673630267912,6.061632915675677e-05
70.82000000000001,-0.6514744477991204,-0.38215459302118027,1.174252225306913,6.0518610641743746e-05
70.83,-0.6559887666075662,-0.3848568223089511,1.179978616766089,6.042603601684862e-05
70.84,-0.6605570027283812,-0.3875773506338511,1.1856454267840473,6.033890294364353e-05
70.85000000000001,-0.6651794507462013,-0.3903165338732583,1.1912515261719605,6.025752119141045e-05
70.86,-0.6698564032302355,-0.3930747272847934,1.1967957669147082,6.018221301295028e-05
70.87,-0.6745881505376924,-0.39585228549146034,1.202276981913424,6.0113313529033124e-05
70.88,-0.6793749806088181,-0.39864956246493644,1.207693984728567,6.005117112145533e-05
70.89,-0.6842171787533462,-0.40146691150694724,1.2130455693237663,5.999614783462742e-05
70.9,-0.6891150274281558,-0.4043046852286579,1.2183305098107007,5.994861978561585e-05
70.91,-0.6940688060059307,-0.40716323552801276,1.223547560195293,5.990897758252473e-05
70.92,-0.6990787905346108,-0.4100429135649524,1.2286954541255097,5.987762675106784e-05
70.93,-0.7041452534874224,-0.41294406973443787,1.2337729046410726,5.9854988169172194e-05
70.94,-0.7092684635032717,-0.4158670536372073,1.2387786039254078,5.984149850940408e-05
70.95,-0.7144486851172823,-0.418812214048192,1.2437112230601701,5.983761068898459e-05
70.96000000000001,-0.7196861784812575,-0.42177989888251566,1.2485694117827004,5.98437943271156e-05
70.97,-0.7249811990738404,-0.42477045515899875,1.2533517982467897,5.986053620929971e-05
70.98,-0.730333997400149,-0.42778422896109036,1.2580569887871424,5.988834075831376e-05
70.99,-0.7357448186806558,-0.43082156539514643,1.2626835676879526,5.99277305114155e-05
71.0,-0.7412139025290825,-0.43388280854597294,1.2672300969560197,5.997924660333801e-05
71.01,-0.7467414826190782,-0.43696830142955057,1.271695116098859,6.004344925458054e-05
71.02,-0.7523277863394474,-0.4400783859428567,1.2760771419082766,6.012091826443403e-05
71.03,-0.7579730344376928,-0.4432134028106977,1.2803746682499038,6.021225350811518e-05
71.04,-0.7636774406516383,-0.4463736915294645,1.2845861658592037,6.031807543734363e-05
71.05,-0.7694412113288954,-0.44955959030772163,1.288710082144491,6.0439025583626304e-05
71.06,-0.7752645450339365,-0.45277143600354014,1.2927448409975253,6.057576706342708e-05
71.07000000000001,-0.78114763214254,-0.45600956405848087,1.2966888426122638,6.072898508433402e-05
71.08,-0.7870906544233696,-0.45927430842813594,1.3005404633123845,6.089938745127097e-05
71.09,-0.7930937846064537,-0.4625660015091326,1.3042980553882153,6.108770507170997e-05
71.10000000000001,-0.7991571859383326,-0.4658849740625036,1.307959946943732,6.129469245873955e-05
71.11,-0.8052810117236381,-0.46923155513332626,1.311524441754313,6.152112823078394e-05
71.12,-0.81146540485288,-0.4726060719665309,1.3149898191359695,6.176781560665106e-05
71.13,-0.81771049731621,-0.4760088499187794,1.3183543338267927,6.203558289448754e-05
71.14,-0.8240164097029409,-0.4794402123663109,1.3216162158813956,6.232528397312131e-05
71.15,-0.8303832506866002,-0.48290048060865315,1.324773670579148,6.263779876416182e-05
71.16,-0.8368111164953065,-0.48638997376809506,1.3278248783470408,6.29740336931129e-05
71.17,-0.8433000903672552,-0.48990900868481546,1.330767994698042,6.333492213761907e-05
71.18,-0.8498502419911129,-0.49345789980756266,1.3336011501858398,6.372142486086496e-05
71.19,-0.8564616269311234,-0.49703695907977713,1.336322450376899,6.41345304279985e-05
71.2,-0.8631342860367344,-0.5006464958210505,1.3389299758407895,6.457525560331752e-05
71.21000000000001,-0.8698682448365669,-0.5042868166038112,1.3414217821597816,6.504464572581839e-05
71.22,-0.8766635129165535,-0.5079582251251294,1.343795899958727,6.554377506056372e-05
71.23,-0.8835200832820862,-0.5116610220735286,1.3460503349562922,6.607374712316432e-05
71.24,-0.8904379317040215,-0.5153955049906969,1.3481830680386313,6.663569497452411e-05
71.25,-0.897417016048408,-0.5191619681279854,1.350192055356628,6.723078148283033e-05
71.26,-0.9044572755898085,-0.5229607022975836,1.3520752284478696,6.786019954960021e-05
71.27,-0.9115586303081099,-0.5267919947182602,1.3538304943845485,6.852517229643795e-05
71.28,-0.9187209801687236,-0.5306561288555602,1.3554557359485233,6.922695320896485e-05
71.29,-0.9259442043861001,-0.5345533842563464,1.3569488118348094,6.996682623421634e-05
71.3,-0.9332281606704983,-0.5384840363775752,1.358307556884798,7.074610582761531e-05
71.31,-0.9405726844579685,-0.5424483564091993,1.3595297823505434,7.156613694543786e-05
71.32000000000001,-0.9479775881235311,-0.5464466110910846,1.3606132761914909,7.242829497850644e-05
71.33,-0.9554426601775524,-0.5504790625238385,1.3615558034050508,7.333398562265044e-05
71.34,-0.9629676644453463,-0.5545459679734387,1.362355106392463,7.428464468127964e-05
71.35000000000001,-0.9705523392300518,-0.5586475796695611,1.3630089053614238,7.528173779522231e-05
71.36,-0.9781963964588676,-0.5627841445975005,1.363514898766987,7.632676009479352e-05
71.37,-0.9858995208127512,-0.5669559042835849,1.363870763792277,7.742123576884373e-05
71.38,-0.99366136883972,-0.5711630945739833,1.3640741568705896,7.856671754536723e-05
71.39,-1.001481568051926,-0.5754059454068106,1.3641227142504817,7.976478607805346e-05
71.4,-1.0093597160067085,-0.5796846805774356,1.3640140526054823,8.101704923296616e-05
71.41,-1.0172953793718658,-0.583999517496902,1.3637457696900877,8.232514126938079e-05
71.42,-1.025288092975425,-0.5883506669433749,1.3633154450437266,8.36907219085934e-05
71.43,-1.0333373588402273,-0.592738332806529,1.3627206407444075,8.511547528439199e-05
71.44,-1.041442645203693,-0.5971627118248007,1.361958902213785,8.660110876869553e-05
71.45,-1.0496033855231666,-0.601623993315429,1.3610277590753996,8.814935166572006e-05
71.46000000000001,-1.0578189774672997,-0.6061223588972146,1.359924726067868,8.976195376791328e-05
71.47,-1.066088781893967,-0.6106579822059345,1.3586473040148124,9.144068376675936e-05
71.48,-1.0744121218152702,-0.6152310286023547,1.357192980853337,9.318732751146824e-05
71.49,-1.0827882813502328,-0.6198416548727863,1.3555592327228612,9.500368610846709e-05
71.5,-1.0912165046658469,-0.6244900089221425,1.3537435251161376,9.689157385457747e-05
71.51,-1.099695994907192,-0.6291762294594576,1.3517433140942745,9.885281599668657e-05
71.52,-1.1082259131174022,-0.633900445675839,1.349556047567591,0.0001008892463107273
71.53,-1.1168053771483246,-0.6386627769148293,1.3471791666441248,0.0001030027044928246
71.54,-1.1254334605627794,-0.6434633323351666,1.3446101070476044,0.00010519503335547317
71.55,-1.1341091915293915,-0.6483022105659405,1.341846300606683,0.00010746807582174257
71.56,-1.142831551711045,-0.6531794993541494,1.3388851768172136,0.00010982367171059934
71.57000000000001,-1.1515994751480747,-0.6580952752046778,1.3357241644793225,0.0001122636543066246
71.58,-1.1604118471373919,-0.6630496030127218,1.3323606934110042,0.00011478984670761873
71.59,-1.169267503108813,-0.6680425356887045,1.328792196239929,0.00011740405794384169
71.60000000000001,-1.1781652274999466,-0.6730741137757347,1.32501611027511,0.00012010807886296815
71.61,-1.1871037526310682,-0.6781443650596746,1.3210298794600277,0.00012290367777519255
71.62,-1.196081757581508,-0.6832533041718994,1.316830956408755,0.00012579259585338606
71.63,-1.2050978670691528,-0.6884009321848437,1.3124168045265583,0.00012877654228367176
71.64,-1.2141506503347606,-0.6935872362004442,1.3077849002163826,0.00013185718916238235
71.65,-1.2232386200328738,-0.6988121889316096,1.3029327351725468,0.00013503616613599187
71.66,-1.2323602311312116,-0.7040757482768584,1.2978578187628838,0.00013831505478132823
71.67,-1.2415138798205174,-0.709377856888289,1.292557680500467,0.00014169538272418918
71.68,-1.2506979024369322,-0.7147184417330623,1.2870298726059535,0.00014517861749534957
71.69,-1.2599105743990673,-0.7200974136485956,1.2812719726614559,0.00014876616012390761
71.7,-1.2691501091620438,-0.7255146668916893,1.2752815863567337,0.00015245933846900299
71.71000000000001,-1.2784146571908739,-0.7309700786818272,1.269056350328348,0.00015625940029207443
71.72,-1.287702304955654,-0.7364635087389115,1.262593935092281,0.00016016750607306587
71.73,-1.2970110739511491,-0.7419947988157198,1.2558920480703566,0.00016418472157535955
71.74,-1.3063389197434458,-0.7475637722253909,1.2489484367106305,0.00016831201016562564
71.75,-1.3156837310464564,-0.753170233364273,1.24176089170173,0.00017255022489637886
71.76,-1.3250433288311625,-0.7588139672304913,1.2343272502809295,0.0001769001003606297
71.77,-1.334415465470584,-0.7644947389386184,1.2266453996355386,0.0001813622443297963
71.78,-1.3437978239235662,-0.7702122932308566,1.2187132803969574,0.00018593712918791406
71.79,-1.3531880169605754,-0.7759663539851698,1.2105288902265192,0.0001906250831771032
71.8,-1.362583586434795,-0.7817566237208283,1.202090287491995,0.00019542628147135464
71.81,-1.3719820026019087,-0.7875827831018615,1.1933955950333681,0.00020034073709782304
71.82000000000001,-1.3813806634920558,-0.7934444904389392,1.1844430040162197,0.0002053682917270479
71.83,-1.3907768943375312,-0.7993413811902357,1.1752307778707731,0.00021050860635590544
71.84,-1.4001679470598953,-0.8052730674618584,1.1657572563143461,0.0002157611519094842
71.85000000000001,-1.409550999820242,-0.8112391375084558,1.1560208594546466,0.0002211251997905385
71.86,-1.4189231566364486,-0.8172391552346494,1.146020091971017,0.00022659981240778906
71.87,-1.4282814470713163,-0.8232726596979695,1.1357535473703972,0.000232183833716918
71.88,-1.4376228259955683,-0.8293391646140023,1.1252199123144169,0.00023787587981075357
71.89,-1.4469441734297428,-0.8354381578644927,1.114417971013668,0.000243674329597815
71.9,-1.4562422944690687,-0.841569101009179,1.1033466096848294,0.00024957731561114807
71.91,-1.4655139192954667,-0.8477314288021677,1.0920048210659266,0.00025558271499201055
71.92,-1.4747557032808494,-0.853924548713691,1.0803917089846087,0.00026168814069566073
71.93,-1.483964227185932,-0.8601478404581242,1.0685064929739216,0.0002678909329691931
71.94,-1.4931359974587834,-0.8664006555291708,1.0563485129296306,0.00027418815115385384
71.95,-1.5022674466373567,-0.8726823167431568,1.0439172338027234,0.00028057656586685575
71.96000000000001,-1.5113549338602374,-0.878992117791412,1.0312122503202896,0.00028705265162004014
71.97,-1.5203947454898379,-0.885329322802743,1.018233291727532,0.00029361257993498833
71.98,-1.5293830958522348,-0.8916931659170386,1.0049802265432195,0.00030025221301631524
71.99,-1.5383161280978108,-0.8980828508710781,0.9914530673204421,0.0003069670980467208
72.0,-1.547189915186809,-0.9044975505976431,0.9776519754040811,0.0003137524621690623
72.01,-1.5560004610038316,-0.9109364068390651,0.9635772656759494,0.00032060320822214626
72.02,-1.5647437016052423,-0.9173985297763649,0.9492294112781126,0.00032751391129803506
72.03,-1.5734155066033149,-0.9238829976751743,0.9346090483044501,0.00033447881618947915
72.04,-1.5820116806908655,-0.9303888565496493,0.9197169804500752,0.00034149183579654317
72.05,-1.59052796530996,-0.9369151198456128,0.904554183607794,0.0003485465505615094
72.06,-1.5989600404681341,-0.9434607681441873,0.8891218104003618,0.00035563620900082294
72.07000000000001,-1.6073035267053923,-0.9500247488871959,0.8734211946368736,0.0003627537294019726
72.08,-1.6155539872150524,-0.9566059761256323,0.8574538556812314,0.0003698917027518719
72.09,-1.6237069301212883,-0.9632033302925148,0.8412215027202381,0.00037704239696148285
72.10000000000001,-1.631757810915991,-0.9698156580014545,0.8247260389185079,0.0003841977624489724
72.11,-1.6397020350573035,-0.9764417718722782,0.8079695654470364,0.0003913494391407321
72.12,-1.647534960731915,-0.9830804503850574,0.7909543853719502,0.0003984887649459575
72.13,-1.6552519017828895,-0.9897304377638982,0.7736830073896688,0.00040560678575623913
72.14,-1.6628481308044913,-0.9963904438918512,0.7561581493944423,0.00041269426701674033
72.15,-1.670318882405116,-1.0030591442582983,0.7383827418640024,0.00041974170690994796
72.16,-1.677659356639075,-1.0097351799401728,0.7203599310488684,0.00042673935118672427
72.17,-1.6848647226075903,-1.0164171576183534,0.7020930819506942,0.00043367720967247474
72.18,-1.6919301222289473,-1.023103649630571,0.68358578107493,0.00044054507446861165
72.19,-1.6988506741773193,-1.029793194062143,0.6648418389430031,0.00044733253986120125
72.2,-1.705621477989331,-1.0364842948758335,0.645865292349201,0.00045402902393970026
72.21000000000001,-1.7122376183369505,-1.043175422082113,0.6266604063474699,0.0004606237919190691
72.22,-1.7186941694648081,-1.0498650119510613,0.607231675953425,0.00046710598114836475
72.23,-1.7249861997895377,-1.0565514672671228,0.587583827547007,0.0004734646277780477
72.24,-1.7311087766581983,-1.063233157627887,0.5677218199614174,0.0004796886950469451
72.25,-1.7370569712623007,-1.0699084197880226,0.547650845244222,0.00048576710313793495
72.26,-1.742825863703399,-1.0765755580494418,0.5273763290768362,0.0004916887605392225
72.27,-1.7484105482056398,-1.083232844698724,0.5069039308389858,0.0004974425968354576
72.28,-1.7538061384700772,-1.089878520492763,0.4862395433051978,0.0005030175968400601
72.29,-1.7590077731649736,-1.0965107951935413,0.4653892919608901,0.0005084028359671267
72.3,-1.764010621545701,-1.1031278481528637,0.44435953392622196,0.000513587516728139
72.31,-1.7688098891972563,-1.109727828947809,0.4231568564765284,0.0005185610062255817
72.32000000000001,-1.773400823891796,-1.1163088580675775,0.40178807514889164,0.0005233128745026318
72.33,-1.777778721552984,-1.1228690276523272,0.38026023142520593,0.0005278329335953677
72.34,-1.7819389323183428,-1.1294064022845007,0.3585805899829653,0.0005321112771215774
72.35000000000001,-1.7858768666901905,-1.1359190198330484,0.336756635505947,0.0005361383202284794
72.36,-1.7895880017651595,-1.1424048923508556,0.31479606904797547,0.0005399048397104326
72.37,-1.793067887531697,-1.1488620070255722,0.29270680394403387,0.000543402014097316
72.38,-1.7963121532243842,-1.1552883271839347,0.2704969612641332,0.0005466214635048145
72.39,-1.7993165137233547,-1.1616817933495576,0.24817486480656148,0.0005495552890293625
72.4,-1.802076775986553,-1.1680403243540474,0.22574903562840373,0.0005521961114632663
72.41,-1.8045888455020662,-1.1743618185011746,0.20322818611255103,0.0005545371090996343
72.42,-1.806848732747273,-1.180644154783709,0.18062121357179778,0.0005565720543922246
72.43,-1.8088525596410976,-1.1868851941523935,0.15793719339205547,0.000558295349232437
72.44,-1.8105965659752312,-1.1930827808363995,0.13518537171818523,0.0005597020586044468
72.45,-1.8120771158097975,-1.199234743714471,0.11237515768746391,0.0005607879423800111
72.46000000000001,-1.8132907038185835,-1.2053388977358246,0.08951611521724481,0.0005615494850168699
72.47,-1.814233961568656,-1.2113930453897315,0.0666179543549466,0.0005619839229290475
72.48,-1.814903663718917,-1.2173949782225715,0.04369052220009787,0.0005620892693036508
72.49,-1.8152967341219384,-1.223342478400998,0.02074379340977133,0.0005618643361471181
72.5,-1.8154102518132527,-1.229233320319717,-0.0022121396996449653,0.0005613087533542948
72.51,-1.8152414568721658,-1.2350652722522342,-0.025167077439780822,0.0005604229846061294
72.52,-1.8147877561381016,-1.2408360980427886,-0.048110723410560594,0.0005592083399162551
72.53,-1.8140467287664939,-1.2465435588375418,-0.07103269551567822,0.00055766698466313
72.54,-1.8130161316082987,-1.2521854148529572,-0.09392253731396705,0.0005558019449627805
72.55,-1.8116939043973288,-1.2577594271791686,-0.11676972968583707,0.0005536171092572653
72.56,-1.8100781747297952,-1.263263359615994,-0.13956370279247146,0.0005511172260158461
72.57000000000001,-1.8081672628206873,-1.2686949805391305,-0.1622938483040455,0.0005483078974692139
72.58,-1.8059596860219456,-1.2740520647939328,-0.18494953187186236,0.0005451955693218511
72.59,-1.8034541630877492,-1.2793323956140539,-0.20752010581800057,0.0005417875164136131
72.60000000000001,-1.8006496181726896,-1.2845337665621188,-0.22999492201484545,0.0005380918243285394
72.61,-1.7975451845491077,-1.2896539834894805,-0.25236334492573986,0.0005341173669766415
72.62,-1.7941402080304412,-1.2946908665120105,-0.2746147647769448,0.0005298737802027156
72.63,-1.790434250088062,-1.2996422519987754,-0.29673861083015785,0.0005253714315047571
72.64,-1.7864270906497777,-1.3045059945703612,-0.3187243647240007,0.0005206213859731571
72.65,-1.782118730568925,-1.3092799691035282,-0.34056157385216534,0.0005156353685901921
72.66,-1.7775093937537871,-1.313962072738801,-0.3622398647453076,0.0005104257230571308
72.67,-1.7725995289479357,-1.3185502268875404,-0.38374895642329876,0.0005050053673432714
72.68,-1.7673898111530106,-1.323042379234982,-0.4050786736841024,0.0004993877461771782
72.69,-1.7618811426864083,-1.3274365057356885,-0.42621896029533024,0.000493586780724961
72.7,-1.7560746538673584,-1.3317306125978257,-0.4471598920544581,0.0004876168157233501
72.71000000000001,-1.7499717033259137,-1.3359227382526426,-0.46789168968374795,0.000481492564356487
72.72,-1.743573877930453,-1.3400109553055355,-0.48840473152613156,0.00047522905118430357
72.73,-1.7368829923304143,-1.343993372465059,-0.5086895660086608,0.0004688415534470116
72.74,-1.7299010881121057,-1.3478681364462677,-0.5287369238406223,0.00046234554108447905
72.75,-1.722630432566603,-1.3516334338447866,-0.5485377299140517,0.0004557566158206621
72.76,-1.715073517069911,-1.3552874929780419,-0.5680831148751524,0.0004490904496719446
72.77,-1.7072330550767525,-1.358828585690125,-0.5873644263360414,0.0004423627232440356
72.78,-1.6991119797305312,-1.3622550291168234,-0.6063732396972851,0.00043558906418469034
72.79,-1.6907134410931997,-1.3655651874074064,-0.625101368552865,0.0004287849861592462
72.8,-1.6820408029999452,-1.3687574733998447,-0.6435408746505114,0.0004219658287124993
72.81,-1.6730976395447679,-1.3718303502462175,-0.6616840773817564,0.00041514669837400557
72.82000000000001,-1.6638877312041709,-1.374782332985169,-0.6795235627775901,0.00040834241135439495
72.83,-1.6544150606073098,-1.377611990058379,-0.6970521919872263,0.0004015674381678728
72.84,-1.6446838079620354,-1.3803179447681337,-0.7142631092192171,0.00039483585050098595
72.85000000000001,-1.6346983461473255,-1.3828988766732104,-0.7311497491259614,0.0003881612706297983
72.86,-1.6244632354836184,-1.3853535229204257,-0.7477058436145448,0.0003815568236674522
72.87,-1.6139832181935336,-1.3876806795093461,-0.763925428068802,0.00037503509290154384
72.88,-1.6032632125663862,-1.38987920248781,-0.7798028469695056,0.0003686080784561612
72.89,-1.5923083068407753,-1.3919480090760716,-0.7953327589016452,0.0003622871594872047
72.9,-1.5811237528203348,-1.3938860787175498,-0.8105101409398531,0.0003560830600918017
72.91,-1.5697149592384845,-1.3956924540543307,-0.8253302924051528,0.00035000581908365693
72.92,-1.5580874848887059,-1.3973662418257617,-0.8397888379883399,0.00034406476375627203
72.93,-1.5462470315374828,-1.398906613688651,-0.8538817302374363,0.00033826848772549646
72.94,-1.5341994366375937,-1.4003128069577786,-0.8676052514087884,0.0003326248329120831
72.95,-1.5219506658599167,-1.4015841252656158,-0.8809560146834847,0.0003271408756941259
72.96000000000001,-1.5095068054623075,-1.4027199391403435,-0.8939309647528452,0.0003218229172288104
72.97,-1.4968740545144381,-1.4037196865014538,-0.9065273777787725,0.000316676477913012
72.98,-1.4840587169977266,-1.4045828730724186,-0.9187428607367404,0.0003117062959232347
72.99,-1.4710671937996713,-1.4053090727101016,-0.9305753501511228,0.00030691632974759437
73.0,-1.4579059746219865,-1.405897927650791,-0.942023110234425,0.0003023097645960031
73.01,-1.444581629821969,-1.4063491486729178,-0.9530847304437612,0.0002978890225497918
73.02,-1.431100802206465,-1.406662515176725,-0.9637591224696195,0.00029365577628902024
73.03,-1.4174701987976823,-1.4068378751813346,-0.9740455166735619,0.0002896109662145293
73.04,-1.4036965825898917,-1.4068751452398536,-0.9839434579930145,0.0002857548207627778
73.05,-1.3897867643158046,-1.4067743102733323,-0.993452801332709,0.000282086879694859
73.06,-1.3757475942410655,-1.4065354233245768,-1.0025737064636306,0.00027860602012658744
73.07000000000001,-1.3615859540049144,-1.4061586052329773,-1.0113066324515143,0.0002753104850545036
73.08,-1.3473087485246102,-1.4056440442316913,-1.019652331637995,0.00027219791412317186
73.09,-1.3329228979806913,-1.4049919954686696,-1.0276118431984735,0.0002692653763718252
73.10000000000001,-1.3184353298995863,-1.404202780453172,-1.0351864863015792,0.0002665094046937813
73.11,-1.303852971349466,-1.403276786429564,-1.0423778528958316,0.00026392603173964915
73.12,-1.2891827412645664,-1.4022144656803175,-1.0491878001496775,0.00026151082699523006
73.13,-1.2744315429125113,-1.401016334760274,-1.0556184425715551,0.00025925893476717805
73.14,-1.2596062565184178,-1.3996829736643472,-1.0616721438369776,0.0002571651128137228
73.15,-1.2447137320587998,-1.3982150249309495,-1.0673515083498608,0.0002552237713639456
73.16,-1.2297607822374768,-1.3966131926835361,-1.0726593725654294,0.0002534290122770459
73.17,-1.2147541756548805,-1.3948782416127492,-1.0775987961020392,0.00025177466810283767
73.18,-1.1997006301812967,-1.3930109959017314,-1.0821730526691453,0.0002502543408158203
73.19,-1.184606806543728,-1.3910123380972526,-1.086385620838432,0.00024886144000762453
73.2,-1.1694793021351964,-1.3888832079293578,-1.0902401746848096,0.00024758922033638986
73.21000000000001,-1.1543246450544198,-1.386624601082305,-1.0937405743235786,0.00024643081804616397
73.22,-1.1391492883829324,-1.3842375679196013,-1.0968908563695607,0.0002453792863847563
73.23,-1.1239596047058333,-1.3817232121659937,-1.0996952243434206,0.0002444276297645356
73.24,-1.1087618808814852,-1.3790826895492896,-1.1021580390497443,0.0002435688365269794
73.25,-1.093562313064623,-1.3763172064049085,-1.1042838089507083,0.0002427959101884219
73.26,-1.0783670019864873,-1.3734280182460772,-1.1060771805583816,0.00024210189906118812
73.27,-1.0631819484947642,-1.3704164283025795,-1.1075429288678476,0.00024147992416088165
73.28,-1.0480130493553075,-1.3672837860309723,-1.1086859478524282,0.0002409232053270207
73.29,-1.0328660933168246,-1.36403148559916,-1.1095112410413408,0.00024042508550026705
73.3,-1.017746757438948,-1.360660964348203,-1.1100239121991224,0.00023997905311503936
73.31,-1.0026606036833747,-1.3571737012342089,-1.110229156125139,0.00023957876258129892
73.32000000000001,-0.9876130757670465,-1.353571215253112,-1.1101322495904358,0.00023921805284355744
73.33,-0.972609496275671,-1.3498550638511178,-1.109738542428121,0.00023889096401866406
73.34,-0.9576550640352347,-1.3460268413235275,-1.109053448792379,0.00023859175212665015
73.35000000000001,-0.9427548517385496,-1.3420881772046165,-1.1080824386001171,0.00023831490194062472
73.36,-0.9279138038232986,-1.3380407346511733,-1.106831029168144,0.000238055137992565
73.37,-0.9131367345975069,-1.333886208822245,-1.105304777057684,0.0002378074337817356
73.38,-0.8984283266078581,-1.3296263252575669,-1.1035092701369273,0.00023756701924127166
73.39,-0.8837931292458125,-1.325262838257082,-1.101450119871243,0.0002373293865263705
73.4,-0.869235557586051,-1.3207975292638758,-1.0991329538496046,0.0002370902941943881
73.41,-0.8547598914513765,-1.3162322052527788,-1.096563408554736,0.0002368457698529817
73.42,-0.8403702746978515,-1.3115686971268001,-1.0937471223834496,0.00023659211135737394
73.43,-0.8260707147136269,-1.3068088581234745,-1.0906897289226576,0.0002363258866417614
73.44,-0.8118650821246388,-1.3019545622331161,-1.087396850485558,0.0002360439322729464
73.45,-0.7977571107000996,-1.2970077026308855,-1.0838740919115597,0.0002357433508164749
73.46000000000001,-0.7837503974504981,-1.2919701901244804,-1.0801270346326057,0.00023542150710693252
73.47,-0.7698484029106446,-1.2868439516191787,-1.0761612310076814,0.00023507602351466078
73.48,-0.7560544516001494,-1.2816309286018592,-1.0719821989264642,0.00023470477430105204
73.49,-0.7423717326536107,-1.276333075645541,-1.0675954166822805,0.0002343058791538219
73.5,-0.7288033006127009,-1.2709523589358882,-1.0630063181137763,0.00023387769599228205
73.51,-0.7153520763722883,-1.2654907548210295,-1.058220288014007,0.000233418813130751
73.52,-0.7020208482726997,-1.259950248385958,-1.053242657804974,0.0002329280408858502
73.53,-0.6888122733302331,-1.2543328320526788,-1.0480787014750161,0.00023240440271059262
73.54,-0.6757288785980486,-1.2486405042071853,-1.0427336317758733,0.00023184712593502383
73.55,-0.6627730626496169,-1.2428752678542565,-1.037212596675705,0.0002312556321896729
73.56,-0.64994709717697,-1.237039129300977,-1.0315206760638402,0.0002306295275843024
73.57000000000001,-0.637253128696092,-1.2311340968698006,-1.025662878702581,0.00022996859271050138
73.58,-0.624693180351893,-1.2251621796418892,-1.0196441394209634,0.00022927277253254822
73.59,-0.6122691538153358,-1.2191253862313827,-1.0134693165450044,0.0002285421662267364
73.60000000000001,-0.5999828312654268,-1.2130257235911681,-1.0071431895586194,0.00022777701702503226
73.61,-0.5878358774489402,-1.2068651958506489,-1.0006704569891054,0.00022697770211464497
73.62,-0.575829841810908,-1.2006458031859286,-0.9940557345108105,0.00022614472264073022
73.63,-0.5639661606890969,-1.194369540722762,-0.9873035532603921,0.0002252786938551453
73.64,-0.5522461595658757,-1.188038397472547,-0.9804183583568679,0.0002243803354500077
73.65,-0.5406710553710838,-1.181654355301571,-0.9734045076195056,0.00022345046211062078
73.66,-0.5292419588297123,-1.1752193879336545,-0.966266270476468,0.0002224899743183583
73.67,-0.5179598768484278,-1.1687354599862771,-0.9590078270570301,0.00022149984943022123
73.68,-0.5068257149351856,-1.1622045260402105,-0.9516332674601162,0.00022048113305802696
73.69,-0.49584027964640187,-1.1556285297426259,-0.9441465911918575,0.00021943493076669485
73.7,-0.48500428105638205,-1.1490094029435904,-0.9365517067648557,0.0002183624001076859
73.71000000000001,-0.4743183352439293,-1.1423490648658172,-0.9288524314518382,0.00021726474300045288
73.72,-0.46378296679128767,-1.135649421307483,-0.9210524911864212,0.0002161431984717986
73.73,-0.4533986112908034,-1.1289123638778864,-0.91315552060374,0.00021499903576023148
73.74,-0.4431656178549172,-1.1221397692656718,-0.9051650632137739,0.0002138335477898087
73.75,-0.43308425162532826,-1.11533349853931,-0.8970845717002757,0.00021264804501556163
73.76,-0.4231546962773962,-1.1084953964794837,-0.8889174083383132,0.0002114438496404011
73.77,-0.41337705651607104,-1.101627290942998,-0.880666845523546,0.00021022229020142152
73.78,-0.4037513605598603,-1.0947309922577957,-0.8723360664064834,0.000208984696521672
73.79,-0.39427756260955915,-1.0878082926486368,-0.8639281656251119,0.00020773239502186062
73.8,-0.3849555452986817,-1.080860965692967,-0.8554461501294252,0.000206466704385028
73.81,-0.37578512212273724,-1.073890765806481,-0.8468929400915496,0.0002051889315659261
73.82000000000001,-0.36676603984469963,-1.0668994277578567,-0.8382713698953221,0.00020390036813575194
73.83,-0.35789798087421315,-1.0598886662121276,-0.8295841891993515,0.00020260228695191193
73.84,-0.34918056561827,-1.0528601753021285,-0.8208340640677708,0.00020129593914172195
73.85000000000001,-0.3406133548012796,-1.0458156282274464,-0.8120235781630728,0.00019998255138827236
73.86,-0.3321958517526291,-1.0387566768802854,-0.8031552339956064,0.00019866332350613856
73.87,-0.32392750466000786,-1.0316849514976465,-0.7942314542245019,0.00019733942629422137
73.88,-0.3158077087869332,-1.024602060339213,-0.7852545830049861,0.00019601199965271494
73.89,-0.3078358086530778,-1.017509589390321,-0.7762268873772376,0.00019468215095098227
73.9,-0.30001110017614935,-1.0104091020893888,-0.7671505586921327,0.00019335095363302342
73.91,-0.2923328327742218,-1.0033021390791752,-0.7580277140694187,0.0001920194460472082
73.92,-0.28480021142755735,-0.9961902179812293,-0.7488603978840501,0.00019068863048700543
73.93,-0.27741239869909146,-0.9890748331928957,-0.7396505832766114,0.00018935947242957804
73.94,-0.27016851671288095,-0.9819574557062338,-0.7304001736839412,0.00018803289995929587
73.95,-0.2630676490899352,-0.9748395329482137,-0.7211110043862603,0.000186709803363468
73.96000000000001,-0.25610884284096547,-0.9677224886415486,-0.7117848440672898,0.00018539103488789149
73.97,-0.24929111021569492,-0.9606077226855301,-0.7024233963840283,0.00018407740864015442
73.98,-0.24261343050847325,-0.9534966110562312,-0.6930283015430345,0.0001827697006289874
73.99,-0.23607475182003707,-0.9463905057254516,-0.6836011378802374,0.00018146864892836797
74.0,-0.22967399277534517,-0.939290734597779,-0.6741434234414643,0.00018017495395549735
74.01,-0.22341004419750357,-0.9321986014651517,-0.6646566175610471,0.00017888927885220825
74.02,-0.2172817707378728,-0.9251153859783093,-0.6551421224360248,0.00017761224995982834
74.03,-0.2112880124625235,-0.9180423436345314,-0.6456012846936199,0.00017634445737796465
74.04,-0.20542758639527395,-0.9109807057810655,-0.63603539694982,0.00017508645559816745
74.05,-0.1996992880176065,-0.9039316796336602,-0.6264456993570406,0.00017383876420389634
74.06,-0.1941018927258171,-0.8968964483096246,-0.6168333811389899,0.0001726018686286738
74.07000000000001,-0.18863415724580598,-0.889876170874846,-0.6071995821109947,0.00017137622096479024
74.08,-0.1832948210059663,-0.8828719824042087,-0.5975453941841781,0.0001701622408153856
74.09,-0.1780826074686713,-0.875884994054864,-0.5878718628520084,0.0001689603161831843
74.10000000000001,-0.1729962254209015,-0.868916293151817,-0.5781799886578614,0.00016777080438961349
74.11,-0.16803437022458995,-0.8619669432853017,-0.5684707286423547,0.00016659403301845028
74.12,-0.16319572502729499,-0.8550379844194304,-0.5587449977693304,0.00016543030087858452
74.13,-0.15847896193384056,-0.8481304330116133,-0.5490036703294628,0.00016427987898089282
74.14,-0.15388274313958847,-0.8412452821422559,-0.5392475813205788,0.00016314301152457755
74.15,-0.14940572202603003,-0.8343835016542543,-0.529477527803872,0.0001620199168887476
74.16,-0.14504654421940383,-0.8275460383018185,-0.519694270235288,0.00016091078862536122
74.17,-0.14080384861306236,-0.8207338159081671,-0.5098985337714457,0.00015981579644997826
74.18,-0.13667626835432511,-0.8139477355316483,-0.5000910095495456,0.00015873508722712745
74.19,-0.13266243179656562,-0.8071886756398533,-0.49027235594079616,0.00015766878594738752
74.2,-0.1287609634172899,-0.8004574922913003,-0.4804431997769643,0.0001566169966935784
74.21000000000001,-0.12497048470297005,-0.7937550193242799,-0.4706041375497294,0.00015557980359375231
74.22,-0.12128961500140091,-0.7870820685524632,-0.4607557365825871,0.00015455727175892018
74.23,-0.11771697234235114,-0.7804394299668851,-0.45089853617511355,0.00015354944820369053
74.24,-0.11425117422728007,-0.7738278719439302,-0.44103304871946086,0.00015255636274826373
74.25,-0.11089083838889152,-0.7672481414589547,-0.4311597607890106,0.00015157802890040033
74.26,-0.10763458352129293,-0.7607009643051938,-0.42127913419916563,0.0001506144447161912
74.27,-0.10448102998152461,-0.7541870453176135,-0.41139160704031025,0.0001496655936386771
74.28,-0.1014288004632189,-0.7477070686013743,-0.4014975946830135,0.0001487314453134919
74.29,-0.0984765206431424,-0.7412616977645905,-0.39159749075559547,0.00014781195638088692
74.3,-0.0956228198013676,-0.7348515761550738,-0.3816916680942152,0.00014690707124364385
74.31,-0.09286633141581133,-0.7284773271007637,-0.3717804796656758,0.00014601672281050278
74.32000000000001,-0.09020569373186875,-0.7221395541535574,-0.36186425946317796,0.0001451408332148706
74.33,-0.08763955030786126,-0.7158388413362592,-0.3519433233752829,0.000144279314508679
74.34,-0.08516655053700603,-0.7095757533923835,-0.3420179700283765,0.0001434320693313547
74.35000000000001,-0.08278535014660371,-0.7033508360385514,-0.3320884816029522,0.00014259899155397553
74.36,-0.08049461167512874,-0.6971646162192318,-0.32215512462405455,0.000141779966898751
74.37,-0.07829300492789437,-0.6910176023635883,-0.3122181507262481,0.00014097487353405144
74.38,-0.07617920741195182,-0.6849102846442001,-0.30227779739349503,0.00014018358264526656
74.39,-0.0741519047508698,-0.6788431352374348,-0.2923342886743448,0.00013940595898183215
74.4,-0.07220979108002715,-0.6728166085852603,-0.28238783587285343,0.00013864186138083084
74.41,-0.07035156942303779,-0.6668311416582902,-0.27243863821566555,0.00013789114326759057
74.42,-0.0685759520499134,-0.6608871542198659,-0.2624868834957043,0.0001371536531337649
74.43,-0.06688166081755505,-0.6549850490909862,-0.25253274869292575,0.00013642923499339912
74.44,-0.06526742749315118,-0.6491252124159032,-0.24257640057260343,0.00013571772881752067
74.45,-0.06373199406104532,-0.64330801392821,-0.23261799626161722,0.00013501897094780966
74.46000000000001,-0.06227411301362244,-0.6375338072172552,-0.22265768380322698,0.0001343327944899214
74.47,-0.0608925476267492,-0.6318029299947221,-0.2126956026908174,0.00013365902968706027
74.48,-0.059586072220289055,-0.6261157043612224,-0.20273188438110407,0.000132997504274396
74.49,-0.05835347240419946,-0.6204724370727568,-0.19276665278729482,0.0001323480438149326
74.5,-0.0571935453107044,-0.6148734198069025,-0.18280002475270155,0.0001317104720174426
74.51,-0.05610509981302197,-0.609318929428596,-0.1728321105052995,0.00013108461103707536
74.52,-0.05508695673111319,-0.603809228255382,-0.16286301409373113,0.0001304702817592545
74.53,-0.05413794902490483,-0.5983445643220071,-0.15289283380525062,0.00012986730406746737
74.54,-0.053256921975426,-0.5929251716442439,-0.14292166256610425,0.00012927549709555307
74.55,-0.05244273335428529,-0.5875512704818325,-0.13294958832483927,0.00012869467946508592
74.56,-0.05169425358190252,-0.5822230676004371,-0.12297669441903114,0.0001281246695084361
74.57000000000001,-0.05101036587489693,-0.5769407565325145,-0.11300305992591574,0.00012756528547808779
74.58,-0.05038996638302099,-0.5717045178370029,-0.10302875999740882,0.00012701634574278513
74.59,-0.04983196431601766,-0.5665145193577369,-0.09305386617999066,0.00012647766897105217
74.60000000000001,-0.049335282060766754,-0.5613709164805062,-0.08307844671992848,0.00012594907430263835
74.61,-0.04889885528907488,-0.5562738523886744,-0.07310256685430401,0.00012543038150841324
74.62,-0.04852163305645239,-0.5512234583172823,-0.0631262890883075,0.0001249214111392225
74.63,-0.04820257789220967,-0.5462198538055614,-0.05314967345925313,0.00012442198466421623
74.64,-0.04794066588119473,-0.5412631469477903,-0.04317277778776424,0.00012393192459912857
74.65,-0.04773488673748374,-0.5363534346424271,-0.03319565791656993,0.00012345105462497762
74.66,-0.0475842438703261,-0.5314908028394579,-0.02321836793734721,0.0001229791996976497
74.67,-0.04748775444263593,-0.5266753267859027,-0.013240960406035682,0.00012251618614880723
74.68,-0.047444449422312414,-0.5219070712694243,-0.0032634865470438992,0.0001220618417785438
74.69,-0.047453373626662444,-0.5171860908599899,0.006714003553241081,0.00012161599594020264
74.7,-0.04751358576018979,-0.5125124301495364,0.01669146076323752,0.00012117847961775427
74.71000000000001,-0.04762415844600675,-0.5078861239895949,0.026668836732850816,0.00012074912549611465
74.72,-0.04778417825111577,-0.5033071977268327,0.03664608372966609,0.00012032776802477271
74.73,-0.047992745705800345,-0.4987756674364743,0.046623154484272705,0.0001199142434750819
74.74,-0.04824897531735699,-0.494291540153563,0.05660000204435019,0.00011950838999155613
74.75,-0.04855199557839217,-0.4898548141020324,0.0665765796371533,0.00011911004763749611
74.76,-0.04890094896990117,-0.48546547892155345,0.07655284054004273,0.00011871905843525784
74.77,-0.04929499195933849,-0.48112351589213087,0.08652873795871596,0.00011833526640146569
74.78,-0.0497332949938827,-0.47682889815642115,0.09650422491280172,0.00011795851757745756
74.79,-0.05021504248909236,-0.4725815909397483,0.10647925412848945,0.00011758866005523607
74.8,-0.05073943281314267,-0.4683815517677952,0.11645377793787393,0.00011722554399919112
74.81,-0.05130567826682718,-0.46422873068195125,0.12642774818470343,0.00011686902166384392
74.82000000000001,-0.05191300505950221,-0.4601230704522972,0.13640111613622813,0.00011651894740785364
74.83,-0.05256065328114668,-0.45606450678821275,0.14637383240085367,0.00011617517770452033
74.84,-0.053247876870704015,-0.45205296854659105,0.1563458468513132,0.00011583757114899773
74.85000000000001,-0.05397394358086779,-0.44808837793764933,0.16631710855307888,0.00011550598846242996
74.86,-0.05473813493946767,-0.4441706507283236,0.17628756569774237,0.00011518029249321223
74.87,-0.05553974620760726,-0.44029969644323946,0.1862571655411013,0.00011486034821556155
74.88,-0.05637808633470073,-0.4364754185632508,0.19622585434569678,0.00011454602272558527
74.89,-0.05725247791055073,-0.4326977147215409,0.2061935773275546,0.00011423718523501707
74.9,-0.058162257114605355,-0.4289664768972814,0.21616027860689058,0.0001139337070627848
74.91,-0.059106773662528256,-0.4252815916068457,0.22612590116254738,0.00011363546162456849
74.92,-0.06008539075021134,-0.4216429400925753,0.2360903867899384,0.0001133423244204982
74.93,-0.06109748499535612,-0.41805039850909875,0.24605367606228068,0.00011305417302113165
74.94,-0.0621424463767456,-0.41450383810720365,0.2560157082949062,0.00011277088705184873
74.95,-0.06321967817132527,-0.411003125415264,0.2659764215124484,0.00011249234817579036
74.96000000000001,-0.06432859688920815,-0.4075481224182256,0.2759357524187059,0.00011221844007546095
74.97,-0.06546863220671532,-0.40413868673415393,0.2858936363689946,0.00011194904843311628
74.98,-0.06663922689756055,-0.4007746717883502,0.2958500073448036,0.00011168406091004243
74.99,-0.06783983676228396,-0.3974559269850407,0.3058047979305774,0.00011142336712482862
75.0,-0.0690699305560372,-0.39418229787664777,0.3157579392924542,0.00011116685863073582
75.01,-0.07032898991481924,-0.3909536263306503,0.32570936115879423,0.00011091442889225719
75.02,-0.07161650928025935,-0.3877697506940421,0.3356589918023398,0.00011066597326095223
75.03,-0.07293199582304105,-0.38463050595539927,0.34560675802385316,0.00011042138895064421
75.04,-0.07427496936505822,-0.38153572390456597,0.3555525851370846,0.00011018057501206289
75.05,-0.07564496230039201,-0.3784852332899714,0.36549639695492897,0.0001099434323070002
75.06,-0.07704151951519475,-0.37547885997358926,0.3754381157766329,0.00010970986348205608
75.07000000000001,-0.07846419830656463,-0.3725164270835532,0.38537766237592136,0.00010947977294204496
75.08,-0.07991256830049284,-0.3695977551644417,0.3953149559899173,0.00010925306682312107
75.09,-0.08138621136896244,-0.3667226623252471,0.40524991430873136,0.00010902965296568219
75.10000000000001,-0.08288472154627614,-0.36389096438504315,0.41518245346560556,0.0001088094408871181
75.11,-0.08440770494468813,-0.3611024750163676,0.4251124880274978,0.0001085923417544488
75.12,-0.08595477966941305,-0.35835700588633496,0.435039930985999,0.00010837826835690714
75.13,-0.08752557573308324,-0.3556543667954969,0.4449646937484796,0.00010816713507851659
75.14,-0.08911973496972359,-0.3529943658144673,0.45488668612936445,0.00010795885787070526
75.15,-0.09073691094831118,-0.35037680941833,0.46480581634144214,0.00010775335422500025
75.16,-0.09237676888598559,-0.3478015026188467,0.47472199098711465,0.00010755054314584533
75.17,-0.09403898556097334,-0.345268249094485,0.48463511504950113,0.00010735034512357976
75.18,-0.09572324922528906,-0.3427768513182847,0.49454509188330986,0.00010715268210761188
75.19,-0.09742925951727341,-0.3403271106835823,0.5044518232053978,0.00010695747747982289
75.2,-0.09915672737402684,-0.33791882762761366,0.5143552090849397,0.00010676465602823416
75.21000000000001,-0.10090537494379649,-0.3355518017530155,0.5242551479331317,0.0001065741439209679
75.22,-0.10267493549837171,-0.3332258319472459,0.5341515364923584,0.00010638586868052651
75.23,-0.10446515334554263,-0.33094071649994516,0.544044269824754,0.00010619975915842154
75.24,-0.10627578374167429,-0.3286962532182585,0.5539332413000916,0.00010601574551017777
75.25,-0.10810659280444777,-0.3264922395401421,0.5638183425829376,0.0001058337591707351
75.26,-0.109957357425818,-0.3243284726456745,0.5736994636190103,0.00010565373283026435
75.27,-0.11182786518523669,-0.3222047495663956,0.583576492620683,0.00010547560041043226
75.28,-0.11371791426318754,-0.32012086729269607,0.5934493160515787,0.000105299297041129
75.29,-0.1156273133550794,-0.3180766228792791,0.6033178186101983,0.00010512475903766386
75.3,-0.11755588158554157,-0.3160718135487186,0.6131818832125332,0.00010495192387847549
75.31,-0.11950344842316458,-0.31410623679313576,0.6230413909736121,0.00010478073018335235
75.32000000000001,-0.12146985359572812,-0.3121796904740185,0.6328962211879325,0.000104611117692179
75.33,-0.12345494700595654,-0.3102919729202065,0.6427462513087319,0.00010444302724424283
75.34,-0.12545858864784132,-0.3084428830240658,0.6525913569260531,0.0001042764007580953
75.35000000000001,-0.12748064852356852,-0.30663222033587706,0.6624314117435612,0.00010411118121199187
75.36,-0.1295210065610879,-0.30485978515646095,0.6722662875540697,0.0001039473126249269
75.37,-0.1315795525323594,-0.3031253786280652,0.6820958542137351,0.00010378474003826763
75.38,-0.13365618597231144,-0.3014288028235374,0.6919199796148818,0.00010362340949800933
75.39,-0.13575081609854417,-0.2997698608338076,0.7017385296574183,0.00010346326803766075
75.4,-0.13786336173180977,-0.29814835685370555,0.7115513682188076,0.00010330426366176912
75.41,-0.13999375121730068,-0.29656409626613695,0.7213583571225559,0.00010314634533010158
75.42,-0.14214192234677553,-0.29501688572464246,0.7311593561051848,0.00010298946294249205
75.43,-0.14430782228155148,-0.29350653323436554,0.7409542227816511,0.00010283356732436489
75.44,-0.14649140747639022,-0.292032848231452,0.7507428126091821,0.00010267861021295349
75.45,-0.1486926436043042,-0.29059564166090734,0.7605249788494917,0.0001025245442442131
75.46000000000001,-0.15091150548230828,-0.28919472605293567,0.7703005725293454,0.00010237132294045274
75.47,-0.15314797699814078,-0.2878299155977849,0.7800694423994421,0.00010221890069869566
75.48,-0.15540205103797733,-0.28650102621912343,0.7898314348915803,0.0001020672327797692
75.49,-0.15767372941515892,-0.28520787564597194,0.7995863940740768,0.00010191627529815303
75.5,-0.1599630227999555,-0.28395028348321605,0.8093341616054084,0.0001017659852125929
75.51,-0.1622699506503844,-0.28272807128072325,0.8190745766860427,0.00010161632031748522
75.52,-0.16459454114410269,-0.28154106260108924,0.8288074760084291,0.00010146723923505507
75.53,-0.16693683111139046,-0.280389083086038,0.8385326937051178,0.00010131870140834417
75.54,-0.16929686596924212,-0.2792719605214998,0.8482500612949762,0.00010117066709501636
75.55,-0.17167469965658064,-0.2781895249013912,0.8579594076274701,0.00010102309736200283
75.56,-0.17407039457060913,-0.2771416084901222,0.8676605588249816,0.00010087595408099245
75.57000000000001,-0.17648402150431305,-0.2761280458838528,0.8773533382231267,0.00010072919992480095
75.58,-0.17891565958512523,-0.27514867407052485,0.8870375663090462,0.00010058279836462423
75.59,-0.18136539621476438,-0.2742033324886915,0.8967130606576336,0.00010043671366819889
75.60000000000001,-0.18383332701025756,-0.2732918630851692,0.9063796358656694,0.00010029091089889214
75.61,-0.18631955574615486,-0.27241411037153435,0.9160371034838275,0.0001001453559157303
75.62,-0.1888241942979445,-0.2715699214794897,0.9256852719465202,0.0001000000153744097
75.63,-0.1913473625866748,-0.27075914621512204,0.9353239464995481,9.985485672929297e-05
75.64,-0.1938891885247884,-0.2699816371120754,0.9449529291255193,9.970984823642128e-05
75.65,-0.19644980796317327,-0.2692372494836624,0.9545720184670026,9.956495895757163e-05
75.66,-0.19902936463943396,-0.26852584147393593,0.9641810097473777,9.942015876538393e-05
75.67,-0.2016280101273848,-0.26784727410774445,0.9737796946893474,9.927541834958668e-05
75.68,-0.20424590378776633,-0.2672014113397923,0.9833678614310708,9.913070922434652e-05
75.69,-0.2068832127201849,-0.2665881201027282,0.9929452944398813,9.898600373678e-05
75.7,-0.20954011171627368,-0.26600727035428245,1.002511774423549,9.884127507666222e-05
75.71000000000001,-0.2122167832140732,-0.2654587351234757,1.0120670782390464,9.869649728735027e-05
75.72,-0.214913417253627,-0.2649423905559196,1.021610978798776,9.8551645277986e-05
75.73,-0.2176302114337883,-0.2644581159582315,1.0311432449742184,9.840669483699333e-05
75.74,-0.22036737087023078,-0.2640057938415826,1.0406636414969554,9.826162264691539e-05
75.75,-0.22312510815465678,-0.26358530996440194,1.050171928857025,9.811640630064824e-05
75.76,-0.2259036433151938,-0.2631965533742546,1.059667863198561,9.797102431909543e-05
75.77,-0.22870320377796993,-0.26283941644891595,1.0691511962126716,9.78254561703046e-05
75.78,-0.23152402432985658,-0.26251379493665966,1.078621675027508,9.767968229013273e-05
75.79,-0.2343663470823663,-0.2622195879957809,1.0880790420954731,9.753368410449323e-05
75.8,-0.23723042143669193,-0.26195669823337187,1.0975230350775218,9.738744405322901e-05
75.81,-0.24011650404987153,-0.2617250317433702,1.1069533867244972,9.724094561567757e-05
75.82000000000001,-0.24302485880206323,-0.26152449814389667,1.1163698247554525,9.70941733379976e-05
75.83,-0.2459557567649113,-0.26135501061390193,1.125772071732904,9.694711286229943e-05
75.84,-0.24890947617098447,-0.2612164859291389,1.135159844934956,9.67997509576574e-05
75.85000000000001,-0.2518863023842656,-0.2611088444974784,1.1445328562242443,9.665207555307619e-05
75.86,-0.2548865278716704,-0.26103201039358515,1.1538908119136364,9.650407577247008e-05
75.87,-0.2579104521755706,-0.2609859113929699,1.1632334126286301,9.635574197173834e-05
75.88,-0.26095838188729786,-0.26097047900543474,1.1725603531663864,9.620706577802986e-05
75.89,-0.2640306306215988,-0.26098564850792644,1.1818713223513373,9.605804013126026e-05
75.9,-0.267127518992015,-0.2610313589768134,1.1911660028873,9.59086593279579e-05
75.91,-0.27024937458715564,-0.26110755331960106,1.2004440712060322,9.575891906757309e-05
75.92,-0.2733965319478322,-0.2612141783060998,1.2097051973121644,9.560881650130631e-05
75.93,-0.27656933254502,-0.2613511845990594,1.218949044624433,9.545835028355994e-05
75.94,-0.2797681247586116,-0.2615185267842837,1.2281752698131507,9.530752062613647e-05
75.95,-0.28299326385692497,-0.26171616340023734,1.237383522633836,9.515632935527162e-05
75.96000000000001,-0.2862451119769256,-0.26194405696715806,1.2465734457569324,9.500477997162346e-05
75.97,-0.28952403810512256,-0.26220217401568596,1.2557446745935374,9.485287771333411e-05
75.98,-0.2928304180590942,-0.2624904851150209,1.2648968371170686,9.470062962229133e-05
75.99,-0.2961646344695982,-0.2628089649006185,1.2740295536807844,9.454804461371648e-05
76.0,-0.2995270767632182,-0.263157592101436,1.2831424368310824,9.439513354920382e-05
76.01,-0.3029181411454978,-0.2635363495667361,1.2922350911164904,9.42419093133709e-05
76.02,-0.30633823058450843,-0.26394522429245887,1.3013071128922697,9.408838689424289e-05
76.03,-0.30978775479479803,-0.2643842074471697,1.3103580901205434,9.3934583467543e-05
76.04,-0.3132671302216629,-0.2648532943975907,1.3193876021658646,9.378051848503736e-05
76.05,-0.31677678002568355,-0.2653524847337236,1.3283952195861357,9.362621376710165e-05
76.06,-0.32031713406746254,-0.2658817822935688,1.3373805039187905,9.3471693599689e-05
76.07000000000001,-0.3238886288925002,-0.2664411951874485,1.346343007462146,9.331698483586116e-05
76.08,-0.3274917077161403,-0.26703073582193687,1.3552822730518341,9.316211700209665e-05
76.09,-0.331126820408516,-0.26765042092340274,1.3641978338322167,9.300712240954726e-05
76.10000000000001,-0.3347944234794233,-0.26830027156116804,1.373089213022691,9.285203627045424e-05
76.11,-0.3384949800630455,-0.2689803131702842,1.381955923678787,9.269689681994647e-05
76.12,-0.3422289599024504,-0.26969057557392945,1.39079746844796,9.254174544342801e-05
76.13,-0.34599683933377706,-0.270431093005427,1.3996133393199786,9.238662680978026e-05
76.14,-0.3497991012700278,-0.2712019041298852,1.408403017371807,9.223158901063349e-05
76.15,-0.35363623518437526,-0.27200305206545866,1.417165972506882,9.207668370595073e-05
76.16,-0.35750873709289366,-0.2728345844042289,1.4259016631886796,9.192196627617227e-05
76.17,-0.36141710953661677,-0.2736965532327023,1.4346095361684696,9.176749598119011e-05
76.18,-0.36536186156282374,-0.2745890151519215,1.4432890262071507,9.16133361264528e-05
76.19,-0.3693435087054493,-0.27551203129718665,1.4519395557910644,9.145955423646342e-05
76.2,-0.37336257296451025,-0.2764656673573801,1.4605605348416772,9.130622223598727e-05
76.21000000000001,-0.37741958278443677,-0.2774499935938893,1.4691513604190287,9.115341663927443e-05
76.22,-0.381515073031193,-0.2784650848591196,1.4777114164188316,9.100121874763182e-05
76.23,-0.385649584968066,-0.2795110206145886,1.4862400732631236,9.084971485567327e-05
76.24,-0.389823666229999,-0.2805878849485926,1.4947366875843544,9.06989964665935e-05
76.25,-0.3940378707963383,-0.28169576659343387,1.5032006019028064,9.054916051685129e-05
76.26,-0.3982927589618611,-0.2828347589421972,1.5116311442972348,9.040030961061571e-05
76.27,-0.4025888973059436,-0.2840049600650615,1.5200276280686231,9.025255226436903e-05
76.28,-0.4069268586597254,-0.2852064727251332,1.528389351396941,9.010600316207882e-05
76.29,-0.4113072220711208,-0.2864394043937844,1.5367155969908006,8.996078342136913e-05
76.3,-0.4157305727675213,-0.28770386726547853,1.5450056317299015,8.981702087109519e-05
76.31,-0.42019750211602847,-0.28899997827206597,1.5532587063001584,8.967485034079574e-05
76.32000000000001,-0.4247086075810509,-0.2903278590965282,1.5614740548214066,8.953441396248747e-05
76.33,-0.4292644926790918,-0.29168763618614946,1.5696508944675793,8.939586148527356e-05
76.34,-0.4338657669305491,-0.293079440765093,1.5777884250792562,8.925935060327088e-05
76.35000000000001,-0.4385130458083424,-0.2945034088463568,1.5858858287684794,8.912504729736883e-05
76.36,-0.44320695068317406,-0.29595968124308236,1.5939422695157401,8.899312619135657e-05
76.37,-0.4479481087652276,-0.29744840357918906,1.601956892759038,8.886377092296732e-05
76.38,-0.4527371530420954,-0.2989697262993038,1.6099288249749188,8.873717453040128e-05
76.39,-0.4575747222127242,-0.3005238046779544,1.6178571732514002,8.861353985492071e-05
76.4,-0.4624614606171581,-0.30211079882799396,1.6257410248526958,8.849307996011697e-05
76.41,-0.4673980181618496,-0.30373087370821983,1.6335794467756548,8.837601856847012e-05
76.42,-0.4723850502403044,-0.30538419913015097,1.6413714852978363,8.82625905158545e-05
76.43,-0.47742321764881457,-0.3070709497639241,1.6491161655171422,8.815304222462632e-05
76.44,-0.4825131864970284,-0.3087913051432666,1.6568124908829376,8.80476321959952e-05
76.45,-0.4876556281130958,-0.31054544966950404,1.6644594427185935,8.794663152236657e-05
76.46000000000001,-0.49285121894311895,-0.3123335726145553,1.6720559797353918,8.785032442035883e-05
76.47,-0.4981006404446297,-0.31415586812286805,1.6796010375377382,8.775900878526196e-05
76.48,-0.5034045789738053,-0.3160125352122442,1.6870935281196386,8.767299676765703e-05
76.49,-0.5087637256661246,-0.3179037777735023,1.6945323393523974,8.75926153729749e-05
76.5,-0.5141787763101564,-0.31982980456892196,1.7019163344635073,8.751820708480731e-05
76.51,-0.5196504312141637,-0.3217908292294124,1.7092443515067097,8.745013051274854e-05
76.52,-0.5251793950651933,-0.3237870702503444,1.7165152028232111,8.738876106559722e-05
76.53,-0.5307663767803145,-0.32581875098598356,1.7237276744940528,8.733449165076605e-05
76.54,-0.5364120893496548,-0.3278860996424571,1.7308805257836422,8.728773340074846e-05
76.55,-0.5421172496708734,-0.3299893492691872,1.737972488574465,8.724891642750863e-05
76.56,-0.5478825783746994,-0.33212873774871843,1.74500226679301,8.721849060568649e-05
76.57000000000001,-0.5537087996411512,-0.33430450778486365,1.7519685358269532,8.71969263855001e-05
76.58,-0.5595966410060397,-0.33651690688909186,1.7588699419336569,8.718471563625368e-05
76.59,-0.56554683315735,-0.33876618736507563,1.7657051016400627,8.718237252137382e-05
76.60000000000001,-0.5715601097210775,-0.34105260629131434,1.7724726011340664,8.719043440588886e-05
76.61,-0.5776372070360876,-0.3433764255017447,1.7791709956474837,8.72094627972725e-05
76.62,-0.583778863917551,-0.3457379115642477,1.7857988088307322,8.724004432057817e-05
76.63,-0.589985821408496,-0.3481373357569569,1.7923545321193746,8.72827917288115e-05
76.64,-0.596258822519004,-0.35057497404226845,1.7988366240926918,8.733834494945142e-05
76.65,-0.6025986119525617,-0.3530511070384521,1.8052435098244715,8.740737216803506e-05
76.66,-0.6090059358190688,-0.3555660199887548,1.8115735802262236,8.749057094972148e-05
76.67,-0.6154815413339862,-0.3581200027278883,1.81782519138306,8.758866939974171e-05
76.68,-0.6220261765030962,-0.3607133496457846,1.8239966638824994,8.770242736359346e-05
76.69,-0.6286405897923293,-0.36334635964850226,1.8300862821364843,8.783263766784326e-05
76.7,-0.6353255297820999,-0.36601933611615883,1.8360922936969337,8.79801274023685e-05
76.71000000000001,-0.6420817448055771,-0.36873258685776356,1.8420129085651744,8.814575924483111e-05
76.72,-0.6489099825703017,-0.37148642406281746,1.847846298495637,8.833043282812455e-05
76.73,-0.6558109897625451,-0.3742811642495444,1.8535905962942283,8.85350861515133e-05
76.74,-0.662785511633792,-0.3771171282096122,1.8592438951118346,8.876069703611746e-05
76.75,-0.6698342915687104,-0.3799946409491975,1.8648042477334426,8.900828462532162e-05
76.76,-0.6769580706339621,-0.38291403162624327,1.8702696658634073,8.927891093064058e-05
76.77,-0.6841575871071832,-0.3858756334837529,1.8756381194074394,8.957368242347242e-05
76.78,-0.6914335759854588,-0.3888797837789598,1.8809075357519252,8.989375167309938e-05
76.79,-0.6987867684725921,-0.3919268237082058,1.88607579904124,9.024031903116599e-05
76.8,-0.7062178914444567,-0.39501709832735665,1.8911407494537658,9.061463436279082e-05
76.81,-0.7137276668917061,-0.39815095646757753,1.896100182477372,9.101799882431692e-05
76.82000000000001,-0.7213168113390974,-0.4013287506462853,1.9009518481851746,9.145176668755896e-05
76.83,-0.7289860352406722,-0.4045508369730896,1.9056934505124408,9.191734721028316e-05
76.84,-0.7367360423500231,-0.4078175750505277,1.9103226465355687,9.241620655246204e-05
76.85000000000001,-0.7445675290648608,-0.41112932786939455,1.9148370457541306,9.294986973766372e-05
76.86,-0.7524811837450802,-0.41448646169846043,1.9192342093770314,9.35199226587406e-05
76.87,-0.7604776860035141,-0.4178893459683657,1.9235116496139024,9.41280141267592e-05
76.88,-0.7685577059685463,-0.4213383531494737,1.9276668289729202,9.477585796186452e-05
76.89,-0.776721903517748,-0.42483385862345885,1.9316971595663102,9.546523512450108e-05
76.9,-0.7849709274816833,-0.4283762405483983,1.9356000024248725,9.619799588515315e-05
76.91,-0.7933054148170268,-0.4319658797171321,1.9393726668229483,9.697606203043354e-05
76.92,-0.8017259897481178,-0.4356031594086481,1.9430124096153203,9.780142910301547e-05
76.93,-0.8102332628760734,-0.43928846523224324,1.946516434587635,9.867616867255295e-05
76.94,-0.8188278302545694,-0.44302218496420565,1.9498818918220144,9.960243063432326e-05
76.95,-0.8275102724313935,-0.44680470837675546,1.953105877079625,0.00010058244553193018
76.96000000000001,-0.8362811534548704,-0.45063642705897716,1.9561854312020583,0.00010161852689993609
76.97,-0.8451410198442508,-0.45451773422946834,1.9591175395334852,0.00010271307362179928
76.98,-0.8540903995231559,-0.45844902454042447,1.9618991313656422,0.0001038685722979913
76.99,-0.863129800715167,-0.4624306938728729,1.9645270794078162,0.00010508759961861318
77.0,-0.872259710800651,-0.46646313912276277,1.9669981992841048,0.00010637282473420911
77.01,-0.8814805951339137,-0.4705467579776116,1.969309249060338,0.00010772701161786644
77.02,-0.890792895819778,-0.47468194868340324,1.9714569288031714,0.00010915302141102686
77.03,-0.9001970304486924,-0.47886910980142633,1.9734378801739716,0.00011065381474468324
77.04,-0.9096933907894815,-0.48310863995473563,1.9752486860602485,0.00011223245402690154
77.05,-0.9192823414388662,-0.48740093756391445,1.976885870247506,0.00011389210568680916
77.06,-0.9289642184268914,-0.49174640057180935,1.978345897134523,0.00011563604236431417
77.07000000000001,-0.9387393277774205,-0.4961454261569047,1.9796251714952025,0.00011746764503394881
77.08,-0.9486079440228771,-0.5005984104349984,1.9807200382902705,0.0001193904050502708
77.09,-0.9585703086724343,-0.5051057481488358,1.9816267825322418,0.00012140792610126623
77.10000000000001,-0.968626628632888,-0.5096678323453554,1.9823416292072145,0.00012352392605515284
77.11,-0.9787770745814741,-0.5142850540401942,1.9828607432572047,0.00012574223868489344
77.12,-0.989021779289935,-0.5189578018690983,1.983180229626876,0.00012806681525357998
77.13,-0.9993608358991724,-0.5236864617258803,1.9832961333786732,0.00013050172594266
77.14,-1.009794296143878,-0.5284714163865629,1.9832044398805242,0.0001330511611037531
77.15,-1.0203221685265782,-0.5333130451193459,1.9829010750704241,0.00013571943231347651
77.16,-1.0309444164405872,-0.5382117232800301,1.9823819058023797,0.00013851097320941613
77.17,-1.0416609562414254,-0.5431678218925351,1.9816427402783436,0.00014143034008396956
77.18,-1.0524716552663258,-0.5481817072141416,1.9806793285709305,0.0001444822122113673
77.19,-1.0633763298015266,-0.5532537402850937,1.9794873632418661,0.0001476713918817547
77.2,-1.0743747429971278,-0.5583842764621959,1.9780624800612785,0.00015100280411468962
77.21000000000001,-1.085466602729376,-0.5635736649360418,1.9764002588330978,0.00015448149602293156
77.22,-1.096651559410341,-0.5688222482315128,1.9744962243319928,0.00015811263579580359
77.23,-1.1079292037450401,-0.574130361691192,1.972345847357421,0.00016190151126990602
77.24,-1.1192990644361893,-0.5794983329413386,1.9699445459105285,0.0001658535280533815
77.25,-1.1307606058368669,-0.5849264813400791,1.9672876864997801,0.0001699742071683195
77.26,-1.1423132255515098,-0.590415117407475,1.9643705855813487,0.00017426918217437078
77.27,-1.153956251985795,-0.5959645422371345,1.961188511140431,0.0001787441957351201
77.28,-1.1656889418461067,-0.6015750468890487,1.9577366844197923,0.00018340509558721684
77.29,-1.1775104775894414,-0.6072469117633409,1.954010281801971,0.00018825782987080006
77.3,-1.189419964824772,-0.6129804059546292,1.9500044368516891,0.00019330844177841008
77.31,-1.2014164296670644,-0.6187757865867214,1.945714242525132,0.00019856306347819402
77.32000000000001,-1.213498816045326,-0.6246332981273695,1.9411347535528505,0.0002040279092660463
77.33,-1.225665982966268,-0.6305531716828361,1.9362609890031381,0.00020970926790014449
77.34,-1.2379167017353623,-0.6365356242720384,1.9310879350328,0.00021561349407043682
77.35000000000001,-1.2502496531373037,-0.6425808580800594,1.9256105478322982,0.000221746998954801
77.36,-1.2626634245781114,-0.6486890596908395,1.9198237567722969,0.00022811623981294584
77.37,-1.2751565071913542,-0.6548603992988843,1.9137224677586617,0.0002347277085687609
77.38,-1.2877272929112349,-0.6610950298998565,1.9073015668029714,0.00024158791933162176
77.39,-1.300374071515542,-0.667393086459944,1.900555923815586,0.00024870339480727804
77.4,-1.3130950276417537,-0.6737546850639342,1.8934803966282798,0.0002560806515493465
77.41,-1.3258882377798746,-0.6801799220419552,1.886069835253383,0.0002637261840032287
77.42,-1.3387516672458957,-0.6866688730748846,1.8783190863862884,0.00027164644729536205
77.43,-1.3516831671400775,-0.6932215922784657,1.8702229981580598,0.0002798478387222765
77.44,-1.3646804712945984,-0.6998381112662149,1.861776425144726,0.00028833667789595794
77.45,-1.3777411932154466,-0.7065184381912479,1.8529742336396677,0.0002971191855044849
77.46000000000001,-1.3908628230237945,-0.7132625567672058,1.8438113071952795,0.000306201460649985
77.47,-1.404042724402459,-0.7200704252685082,1.834282552439831,0.0003155894567295366
77.48,-1.417278131553433,-0.7269419755102215,1.82438290517516,0.0003252889558289379
77.49,-1.4305661461728658,-0.7338771118078867,1.8141073367604832,0.0003353055416041806
77.5,-1.443903734450264,-0.7408757099177113,1.8034508607872242,0.00034564457063101346
77.51,-1.4572877240991065,-0.7479376159575996,1.7924085400493333,0.0003563111422095019
77.52,-1.4707148014264764,-0.7550626453095599,1.780975493813077,0.00036731006661756035
77.53,-1.4841815084497492,-0.7622505815041042,1.7691469053897497,0.00037864583181551994
77.54,-1.4976842400688075,-0.7695011750873273,1.7569180300141614,0.00039032256861265297
77.55,-1.5112192413026955,-0.7768141424714357,1.7442842030311134,0.00040234401431636483
77.56,-1.5247826046000734,-0.7841891647695781,1.7312408483913628,0.0004147134748955607
77.57000000000001,-1.5383702672332806,-0.7916258866159164,1.7177834874578053,0.00042743378570132086
77.58,-1.5519780087862673,-0.7991239149719662,1.7039077481217795,0.0004405072708007278
77.59,-1.565601448747107,-0.8066828179203324,1.689609374228494,0.00045393570099336344
77.60000000000001,-1.5792360442162505,-0.8143021234470579,1.6748842353096147,0.00046772025059463145
77.61,-1.5928770877421266,-0.8219813182139114,1.6597283366200164,0.00048186145308572236
77.62,-1.6065197052961346,-0.8297198463220385,1.6441378294746036,0.000496359155746693
77.63,-1.6201588543995045,-0.8375171080685119,1.6281090218799268,0.0005112124734066494
77.64,-1.6337893224149158,-0.8453724586974265,1.6116383894540813,0.0005264197414634951
77.65,-1.6474057250161764,-0.8532852071472992,1.59472258662706,0.0005419784683450728
77.66,-1.661002504849643,-0.8612546147966479,1.5773584581123399,0.0005578852876035999
77.67,-1.6745739304014378,-0.8692798942097489,1.559543050639032,0.0005741359098560477
77.68,-1.6881140950848554,-0.8773602078846864,1.5412736249323922,0.000590725074804514
77.69,-1.7016169165626722,-0.8854946670059374,1.5225476679288974,0.0006076465035924983
77.7,-1.7150761363193516,-0.893682330203859,1.5033629052104285,0.0006248928517750883
77.71000000000001,-1.7284853194983953,-0.9019222023235699,1.4837173136403783,0.0006424556632033162
77.72,-1.7418378550202946,-0.9102132332058492,1.4636091341827178,0.0006603253251452999
77.73,-1.7551269559967086,-0.9185543164828027,1.4430368848832082,0.0006784910249887192
77.74,-1.768345660456617,-0.9269442883911745,1.4219993739900592,0.0006969407088906514
77.75,-1.7814868324002604,-0.9353819266063128,1.4004957131893865,0.0007156610427616571
77.76,-1.794543163196701,-0.9438659490999235,1.3785253309288497,0.0007346373759906848
77.77,-1.8075071733407808,-0.9523950130248736,1.3560879858008295,0.0007538537083358701
77.78,-1.8203712145851485,-0.9609677136304291,1.3331837799544692,0.0007732926604230288
77.79,-1.8331274724628388,-0.969582583211434,1.3098131725038484,0.0007929354483084895
77.8,-1.8457679692156321,-0.9782380900950549,1.2859769928974891,0.00081276186257548
77.81,-1.8582845671430863,-0.9869326376688297,1.2616764542123364,0.0008327502524428464
77.82000000000001,-1.8706689723867094,-0.9956645634538668,1.2369131663333084,0.0008528775153717845
77.83,-1.8829127391632399,-1.004432138227147,1.211689148977484,0.0008731190926593018
77.84,-1.895007274460394,-1.0132335651969737,1.186006844520021,0.000893448971506461
77.85000000000001,-1.906943843207749,-1.0220669792357087,1.1598691305769606,0.0009138396940445632
77.86,-1.9187135739346337,-1.0309304461740103,1.1332793322982166,0.0009342623737926274
77.87,-1.9303074649260017,-1.0398219621608658,1.106241234322266,0.0009546867200050117
77.88,-1.9417163908862536,-1.0487394530937644,1.0787590923423758,0.0009750810703478099
77.89,-1.9529311101198683,-1.0576807741234175,1.0508376442326384,0.000995412432316826
77.9,-1.9639422722364768,-1.066643709237461,1.022482120680656,0.0010156465337782528
77.91,-1.9747404263866792,-1.075625970927608,0.9936982552724289,0.001035747882974833
77.92,-1.985316030033459,-1.084625199944727,0.9644922939738984,0.0010556798382957253
77.93,-1.9956594582624856,-1.0936389651463172,0.9348710039526652,0.0010754046880571233
77.94,-2.0057610136329305,-1.1026647634408329,0.9048416816826922,0.001094883740482648
77.95,-2.0156109365686317,-1.111700019833274,0.8744121602743022,0.0011140774240077848
77.96000000000001,-2.0251994162875553,-1.1207420875764011,0.8435908159715415,0.0011329453979614277
77.97,-2.034516602265504,-1.1297882484318618,0.8123865737589855,0.0011514466735998278
77.98,-2.0435526162279216,-1.1388357130454239,0.7808089120203632,0.001169539745384148
77.99,-2.0522975646614467,-1.1478816214403922,0.7488678661919635,0.0011871827323032677
78.0,-2.0607415518345884,-1.1569230436331546,0.7165740313546916,0.0012043335289483581
78.01,-2.0688746933145175,-1.1659569803746461,0.6839385637098726,0.0012209499659459342
78.02,-2.076687129964525,-1.1749803640213385,0.6509731808854766,0.0012369899792525093
78.03,-2.084169042404194,-1.1839900595391617,0.617690161021359,0.001252411787707119
78.04,-2.091310665911751,-1.1929828656435395,0.5841023405844058,0.0012671740781289352
78.05,-2.0981023057454626,-1.201955516078471,0.5502231108671334,0.0012812361971372417
78.06,-2.1045343528582894,-1.2109046810373172,0.5160664131263321,0.001294558348761103
78.07000000000001,-2.110597299977354,-1.2198269687276573,0.4816467323217676,0.0013071017967975398
78.08,-2.1162817580171094,-1.228718927082257,0.44697908941875863,0.0013188290707713212
78.09,-2.121578472792438,-1.2375770456178503,0.41207903222263553,0.00132970417424806
78.10000000000001,-2.1264783419952873,-1.2463977574430691,0.3769626247176483,0.001339692794156661
78.11,-2.1309724323958665,-1.2551774414164654,0.34164643488782265,0.001348762509688844
78.12,-2.135051997226909,-1.2639124244551638,0.30614752100255016,0.0013568829992640851
78.13,-2.1387084937070644,-1.2725989839942504,0.2704834163553282,0.0013640262439795622
78.14,-2.141933600657161,-1.2812333505965514,0.23467211245001662,0.001370166725907903
78.15,-2.1447192361608445,-1.2898117107119926,0.19873204063523303,0.0013752816195623935
78.16,-2.14705757521904,-1.2983302095852403,0.16268205219403628,0.001379350974821229
78.17,-2.1489410673457594,-1.3067849543098267,0.12654139690282418,0.0013823578895906196
78.18,-2.1503624540510335,-1.3151720170264527,0.09032970008035969,0.0013842886704922741
78.19,-2.151314786155221,-1.3234874382626292,0.05406693815500683,0.0013851329798850935
78.2,-2.1517914408776067,-1.3317272304102934,0.017773412785561056,0.001384883967574479
78.21000000000001,-2.1517861386411226,-1.3398873813374903,-0.018530276421540565,0.0013835383856260885
78.22,-2.151292959534188,-1.3479638581296662,-0.0548232605483949,0.001381096684784677
78.23,-2.1503063593700804,-1.3559526109555802,-0.09108443129750718,0.0013775630911025108
78.24,-2.148821185283979,-1.3638495770522856,-0.1272924721542733,0.0013729456615059032
78.25,-2.1468326908078117,-1.3716506848231027,-0.16342589070767477,0.0013672563171718902
78.26,-2.1443365503633585,-1.3793518580419626,-0.19946305204963932,0.001360510853749103
78.27,-2.141328873114692,-1.3869490201569812,-0.23538221316657704,0.0013527289276364755
78.28,-2.1378062161219784,-1.3944380986856126,-0.2711615582299193,0.0013439340177287995
78.29,-2.1337655967399534,-1.401815029693235,-0.3067792346861231,0.0013341533622477433
78.3,-2.1292045042059917,-1.4090757623465464,-0.3422133900406103,0.0013234178704984785
78.31,-2.124120910364636,-1.4162162635326971,-0.377442209224539,0.0013117620096232622
78.32000000000001,-2.118513279477718,-1.423232522534656,-0.41244395242821297,0.001299223666661494
78.33,-2.11238057707181,-1.4301205557529093,-0.44719699328036044,0.0012858439864681123
78.34,-2.105722277777653,-1.4368764114632253,-0.48167985724851736,0.0012716671862856512
78.35000000000001,-2.098538372119436,-1.4434961745998816,-0.5158712601323597,0.0012567403480067425
78.36,-2.090829372215306,-1.4499759715534575,-0.5497501465190969,0.0012411131894000441
78.37,-2.082596316354298,-1.4563119749720381,-0.583295728067987,0.0012248378158003243
78.38,-2.0738407724189147,-1.4625004085544557,-0.6164875214897038,0.0012079684539794476
78.39,-2.0645648401268852,-1.4685375518240305,-0.6493053860856898,0.0011905611701160178
78.4,-2.054771152070141,-1.4744197448711382,-0.6817295607127961,0.001172673573964807
78.41,-2.0444628735337487,-1.4801433930528614,-0.7137407000394436,0.0011543645114895724
78.42,-2.0336437010823984,-1.4857049716379398,-0.7453199099612527,0.0011356937483621874
78.43,-2.0223178599070466,-1.4911010303852665,-0.7764487820465773,0.0011167216468447642
78.44,-2.010490099929415,-1.4963281980442342,-0.8071094268856326,0.001097508838657872
78.45,-1.9981656906672107,-1.501383186765361,-0.8372845062209232,0.0010781158964953954
78.46000000000001,-1.9853504148681518,-1.5062627964097939,-0.8669572637414213,0.0010586030068738708
78.47,-1.9720505609260837,-1.5109639187465065,-0.8961115544284021,0.0010390296470008822
78.48,-1.958272914097666,-1.5154835415262795,-0.924731872346973,0.0010194542683128881
78.49,-1.9440247465432157,-1.519818752421866,-0.9528033767841025,0.0009999339892679824
78.5,-1.9293138062203175,-1.523966742824115,-0.9803119166413096,0.0009805242998843287
78.51,-1.9141483046636965,-1.5279248114842312,-1.007244052998074,0.0009612787803917459
78.52,-1.8985369036895636,-1.5316903679928089,-1.0335870797704168,0.0009422488362134487
78.53,-1.882488701067174,-1.5352609360867706,-1.0593290423979085,0.0009234834513196228
78.54,-1.866013215204629,-1.5386341567758774,-1.0844587545015434,0.0009050289617968212
78.55,-1.8491203688999935,-1.5418077912810502,-1.1089658124643937,0.0008869288512594622
78.56,-1.8318204722125648,-1.5447797237773424,-1.1328406078966646,0.0008692235694956209
78.57000000000001,-1.8141242045125738,-1.5475479639350427,-1.1560743379566392,0.0008519503754918538
78.58,-1.796042595770736,-1.5501106492530448,-1.1786590135089636,0.0008351432057241944
78.59,-1.7775870071518451,-1.5524660471793048,-1.2005874651116981,0.0008188325683388031
78.60000000000001,-1.7587691109790284,-1.5546125570139107,-1.2218533468334891,0.0008030454635793529
78.61,-1.7396008701373264,-1.556548711591005,-1.2424511379120278,0.0007878053305525529
78.62,-1.720094516986928,-1.5582731787365323,-1.2623761422745772,0.0007731320201621054
78.63,-1.7002625318576634,-1.5597847624995171,-1.2816244859507229,0.0007590417937880561
78.64,-1.680117621197243,-1.5610824041553233,-1.300193112416556,0.0007455473470460204
78.65,-1.6596726954462142,-1.5621651829800778,-1.318079775918183,0.0007326578577322494
78.66,-1.6389408467127116,-1.5630323167961837,-1.3352830328307155,0.0007203790568484919
78.67,-1.617935326319788,-1.5636831622895704,-1.351802231116676,0.0007087133214076002
78.68,-1.596669522297451,-1.5641172151000433,-1.3676374979550299,0.0006976597875483951
78.69,-1.575156936890507,-1.5643341096867982,-1.3827897256187553,0.0006872144823383775
78.7,-1.553411164151941,-1.564333618971841,-1.3972605556849904,0.000677370472516731
78.71000000000001,-1.5314458676898486,-1.5641156537647165,-1.4110523616672963,0.0006681180283279752
78.72,-1.509274758633919,-1.5636802619725791,-1.424168230164442,0.0006594448005196216
78.73,-1.48691157388515,-1.5630276276002464,-1.4366119406243272,0.0006513360085248282
78.74,-1.4643700547098895,-1.5621580695454496,-1.448387943825205,0.0006437746378231363
78.75,-1.4416639257364656,-1.5610720401950378,-1.4595013391792477,0.0006367416444684082
78.76,-1.418806874409608,-1.5597701238284003,-1.4699578509657123,0.000630216164791572
78.77,-1.3958125309546126,-1.558253034834842,-1.479763803602514,0.000624175728325843
78.78,-1.3726944488997788,-1.556521615752078,-1.4889260960659287,0.0006185964720620847
78.79,-1.3494660862020822,-1.554576835133414,-1.497452175568419,0.000613453354219901
78.8,-1.3261407870173638,-1.5524197852515211,-1.5053500106042503,0.0006087203658142752
78.81,-1.3027317641525455,-1.5500516796470425,-1.5126280634716507,0.0006043707384058396
78.82000000000001,-1.2792520822335518,-1.547473850530525,-1.519295262378798,0.000600377146543073
78.83,-1.2557146416187428,-1.5446877460464137,-1.5253609732389315,0.0005967119035347402
78.84,-1.2321321630837887,-1.5416949274080312,-1.5308349712574074,0.0005933471493283901
78.85000000000001,-1.2085171733000422,-1.5384970659126125,-1.5357274124105935,0.0005902550294136804
78.86,-1.184881991124636,-1.5350959398455808,-1.5400488049131582,0.0005874078638153489
78.87,-1.1612387147167602,-1.5314934312833168,-1.5438099807666064,0.0005847783053881305
78.88,-1.1375992094908731,-1.5276915228037091,-1.5470220674778734,0.0005823394867726704
78.89,-1.1139750969140025,-1.5236922941137696,-1.5496964600324696,0.0005800651555156208
78.9,-1.0903777441508105,-1.5194979186035593,-1.5518447932020911,0.0005779297969974833
78.91,-1.0668182545567337,-1.5151106598355968,-1.5534789142618453,0.0005759087449464564
78.92,-1.043307459016306,-1.5105328679788186,-1.554610856187295,0.0005739782794445623
78.93,-1.0198559081207046,-1.505766976196025,-1.5552528113964699,0.0005721157124525727
78.94,-0.9964738651756772,-1.5008154969935847,-1.5554171060968347,0.0005702994609917024
78.95,-0.9731713000282881,-1.4956810185419769,-1.555116175292023,0.0005685091082222788
78.96000000000001,-0.9499578836983847,-1.490366200975545,-1.5543625384979194,0.0005667254527518146
78.97,-0.9268429837983378,-1.4848737726795922,-1.553168776212493,0.0005649305465869245
78.98,-0.9038356607224524,-1.4792065265726984,-1.55154750717864,0.0005631077222151544
78.99,-0.8809446645854768,-1.4733673163918644,-1.5495113664742304,0.0005612416093640562
79.0,-0.8581784328878679,-1.4673590529877971,-1.547072984458602,0.0005593181420357172
79.01,-0.8355450888838857,-1.4611847006373502,-1.5442449665999114,0.0005573245564558414
79.02,-0.8130524406272055,-1.4548472733798157,-1.5410398742030784,0.0005552493806077049
79.03,-0.7907079806675282,-1.448349831383441,-1.5374702060535503,0.0005530824160432514
79.04,-0.7685188863706525,-1.4416954773482111,-1.5335483809877892,0.0005508147126768487
79.05,-0.74649202083363,-1.434887352950597,-1.5292867213972625,0.0005484385372724407
79.06,-0.724633934365956,-1.4279286353356317,-1.5246974376688016,0.0005459473363325553
79.07000000000001,-0.7029508665072415,-1.4208225336613258,-1.5197926135605047,0.0005433356940885421
79.08,-0.6814487485514684,-1.4135722857000932,-1.5145841925088879,0.0005405992862763928
79.09,-0.6601332065477326,-1.4061811545015086,-1.5090839648597625,0.0005377348303620312
79.10000000000001,-0.6390095647473227,-1.3986524251203787,-1.5033035560123091,0.0005347400328548557
79.11,-0.6180828494670653,-1.3909894014137683,-1.497254415463064,0.0005316135343194101
79.12,-0.5973577933390627,-1.3831954029102866,-1.490947806734001,0.0005283548526627791
79.13,-0.5768388399172741,-1.375273761754614,-1.4843947981666017,0.0005249643252404767
79.14,-0.5565301486118067,-1.3672278197299235,-1.4776062545617439,0.0005214430502868155
79.15,-0.5364355999223087,-1.359060925360542,-1.4705928296433968,0.000517792828137627
79.16,-0.5165588009424589,-1.350776431096886,-1.463364959322497,0.0005140161026741245
79.17,-0.49690309110823505,-1.3423776905844167,-1.455932855735972,0.0005101159033773256
79.18,-0.4774715481633986,-1.3338680560180696,-1.4483065020346735,0.0005060957883433005
79.19,-0.4582669943164468,-1.3252508755833396,-1.4404956478929827,0.0005019597885706197
79.2,-0.4392920025641559,-1.316529490984943,-1.4325098057120285,0.0004977123537935272
79.21000000000001,-0.42054890315774973,-1.3077072350637176,-1.4243582474878183,0.0004933583000976
79.22,-0.4020397901886805,-1.2987874295021915,-1.416050002315112,0.0004889027595193034
79.23,-0.38376652827198854,-1.289773382619015,-1.4075938544975495,0.0004843511317971645
79.24,-0.3657307593062108,-1.2806683872522362,-1.3989983422343792,0.000479709038410322
79.25,-0.3479339092898299,-1.2714757187312002,-1.3902717568540972,0.0004749822790102761
79.26,-0.330377195175283,-1.262198632936654,-1.381422142565409,0.000470176790323697
79.27,-0.31306163174258694,-1.2528403644484654,-1.3724572966961301,0.0004652986075783219
79.28,-0.29598803847566985,-1.243404124780193,-1.3633847703909634,0.00046035382848022
79.29,-0.27915704642552835,-1.23389310069959,-1.3542118697395,0.0004553485797491072
79.3,-0.262569105045349,-1.2243104526339812,-1.344945657306295,0.00045028898619898545
79.31,-0.24622448898373844,-1.2146593131593197,-1.3355929540354399,0.00044518114233389023
79.32000000000001,-0.23012330482319432,-1.2049427855716088,-1.326160341502703,0.00044003108641321834
79.33,-0.214265497751918,-1.1951639425392644,-1.3166541644890095,0.0004348447769276505
79.34,-0.19865085815801292,-1.185325824834895,-1.3070805338497904,0.0004296280714151101
79.35000000000001,-0.18327902813603236,-1.1754314401448847,-1.2974453296555264,0.0004243867075364259
79.36,-0.16814950789673033,-1.1654837619550864,-1.2877542045796475,0.00041912628632215015
79.37,-0.1532616620717303,-1.155485728510865,-1.2780125875108155,0.0004138522574954742
79.38,-0.13861472590565663,-1.1454402418496652,-1.268225687367498,0.0004085699067710305
79.39,-0.12420781132907002,-1.1353501669042283,-1.2583984970936517,0.0004032843450255017
79.4,-0.11003991290631357,-1.1252183306745422,-1.2485357978152425,0.00039800049923344194
79.41,-0.09610991365310453,-1.1150475214665656,-1.2386421631382516,0.00039272310506017637
79.42,-0.08241659071940369,-1.104840488195746,-1.22872196356974,0.0003874567010031537
79.43,-0.06895862093375428,-1.0945999397533264,-1.2187793710444603,0.00038220562397355863
79.44,-0.055734586205909105,-1.0843285444334188,-1.2088183635404184,0.0003769740062111374
79.45,-0.042742978785155684,-1.0740289294188203,-1.1988427297676851,0.00037176577342704764
79.46000000000001,-0.029982206372306884,-1.063703680323538,-1.1888560739156528,0.0003665846440720148
79.47,-0.01745059708384783,-1.0533553407899947,-1.1788618204447965,0.0003614341296300494
79.48,-0.005146404267220284,-1.0429864121388965,-1.168863218909856,0.0003563175358413385
79.49,0.006932188833316711,-1.0325993530697517,-1.1588633488021884,0.0003512379647616467
79.5,0.01878706456038513,-1.0221965794100514,-1.1488651243998467,0.0003461983175696032
79.51,0.03042016647648542,-1.0117804639111383,-1.1388712996147292,0.00034120129803742093
79.52,0.0418334951456683,-1.0013533360888187,-1.128884472826905,0.0003362494165849848
79.53,0.05302910406292005,-0.9909174821067949,-1.118907091696951,0.00033134499484169277
79.54,0.06400909572999226,-0.9804751447010311,-1.1089414579478498,0.0003264901706449719
79.55,0.07477561787612592,-0.9700285231431945,-1.0989897321086683,0.0003216869034089105
79.56,0.08533085982186411,-0.9595797732413489,-1.0890539382128979,0.0003169369798009046
79.57000000000001,0.09567704898391668,-0.9491310073761183,-1.0791359684449522,0.0003122420196687278
79.58,0.10581644751883322,-0.9386842945705741,-1.0692375877289189,0.0003076034821647348
79.59,0.11575134910305508,-0.9282416605921405,-1.0593604382542237,0.0003030226720181484
79.60000000000001,0.12548407584675414,-0.9178050880848572,-1.0495060439334083,0.00029850074591051694
79.61,0.1350169753387215,-0.9073765167303771,-1.0396758147877312,0.00029403871891337636
79.62,0.14435241781944536,-0.8969578434361262,-1.0298710512567852,0.00028963747095094006
79.63,0.1534927934794094,-0.8865509225490914,-1.020092948428784,0.0002852977532543014
79.64,0.16244050987955416,-0.8761575660937538,-1.010342600188597,0.00028102019477706773
79.65,0.1711979894907683,-0.8657795440327242,-1.0006210032810225,0.0002768053085456245
79.66,0.17976766734921779,-0.8554185845486882,-0.9909290612871651,0.00027265349792030924
79.67,0.18815198882427436,-0.845076374346313,-0.9812675885121406,0.00026856506274669484
79.68,0.19635340749577224,-0.8347545589728101,-0.9716373137826696,0.0002645402053788982
79.69,0.20437438313729972,-0.8244547431559006,-0.962038884153424,0.00026057903655932386
79.7,0.21221737980222216,-0.8141784911579685,-0.9524728685212872,0.0002566815811416605
79.71000000000001,0.21988486400913249,-0.8039273271452368,-0.9429397611469533,0.0002528477836461093
79.72,0.22737930302343387,-0.7937027355708439,-0.9334399850835404,0.0002490775136378056
79.73,0.23470316323177634,-0.7835061615707403,-0.9239738955121237,0.00024537057092128504
79.74,0.24185890860609438,-0.7733390113713722,-0.9145417829843042,0.00024172669054548827
79.75,0.24884899925402384,-0.7632026527081589,-0.9051438765721248,0.000238145547615361
79.76,0.255675890052515,-0.7530984152538119,-0.895780346925822,0.00023462676190749552
79.77,0.2623420293615026,-0.7430275910555868,-0.8864513092400655,0.00023116990228849612
79.78,0.26884985781454157,-0.7329914349805974,-0.8771568261294841,0.0002277744909359062
79.79,0.27520180718337256,-0.7229911651683615,-0.8678969104144099,0.00022444000736250637
79.8,0.2814002993134359,-0.7130279634897855,-0.8586715278178961,0.00022116589224570354
79.81,0.28744774512741594,-0.7031029760118324,-0.8494805995751682,0.00021795155106453046
79.82000000000001,0.29334654369396007,-0.6932173134671538,-0.8403240049567653,0.00021479635754741025
79.83,0.2990990813587834,-0.6833720517280027,-0.8312015837067182,0.0002116996569344854
79.84,0.30470773093543824,-0.6735682322837767,-0.8221131383971786,0.00020866076905878855
79.85000000000001,0.3101748509530985,-0.6638068627215746,-0.8130584367009878,0.00020567899125096726
79.86,0.31550278495877937,-0.6540889172091839,-0.8040372135837214,0.00020275360107264154
79.87,0.32069386087148694,-0.6444153369799437,-0.7950491734168033,0.0001998838588837428
79.88,0.32575039038586395,-0.6347870308189609,-0.7860939920133154,0.0001970690102494304
79.89,0.33067466842297366,-0.6252048755501866,-0.777171318588169,0.00019430828819235916
79.9,0.33546897262593645,-0.6156697165238832,-0.7682807776443251,0.00019160091529618048
79.91,0.34013556289820895,-0.606182368104048,-0.7594219707867768,0.00018894610566625017
79.92,0.3446766809823686,-0.596743614155375,-0.7505944784660166,0.00018634306675357484
79.93,0.3490945500773409,-0.5873542085293708,-0.7417978616527258,0.0001837910010479891
79.94,0.35339137449207897,-0.5780148755492587,-0.7330316634454245,0.00018128910764658534
79.95,0.35756933933377705,-0.5687263104933294,-0.7242954106128233,0.00017883658370332792
79.96000000000001,0.36163061022877196,-0.5594891800764217,-0.7155886150726136,0.00017643262576571043
79.97,0.3655773330743558,-0.5503041229292319,-0.7069107753084258,0.0001740764310042246
79.98,0.3694116338197925,-0.541171750075179,-0.698261377726676,0.00017176719834029004
79.99,0.3731356182748996,-0.5320926454045632,-0.6896398979550055,0.00016950412947816144
80.0,0.37675137194462266,-0.5230673661457814,-0.6810458020840049,0.00016838782413906226
