t,x,y,z,speed_proxy
0.0,1.0,0.0,0.0,0.00010401686983858332
0.01,0.9999401219763215,0.010009806878333334,0.0019537273912535367,0.00010404302453084978
0.02,0.9997609654646664,0.020038456642498086,0.003817750122918121,0.00010412502017242228
0.03,0.9994632241400526,0.030084796532870217,0.005596177049613718,0.0001042416405081126
0.04,0.9990475630738276,0.040147678280993,0.0072929226589346875,0.00010438975747863924
0.05,0.9985146205858465,0.050225957841589536,0.008911716575490673,0.00010456651377021436
0.06,0.9978650100066466,0.060318495142124874,0.010456112580333089,0.00010476929839994032
0.07,0.9970993213541617,0.07042415384907483,0.011929497171849334,0.00010499572455378454
0.08,0.9962181229292738,0.08054180115010123,0.01333509769270652,0.00010524360946429561
0.09,0.9952219628342704,0.09067030755137359,0.014675990046019651,0.0001055109561358685
0.1,0.9941113704180564,0.1008085466893151,0.015955106022599374,0.00010579593674395747
0.11,0.9928868576517648,0.1109553951560872,0.01717524025989569,0.00010609687755137756
0.12,0.991548920438217,0.12110973233816075,0.018339056852091192,0.00010641224519991544
0.13,0.9900980398585018,0.13127044026735463,0.019449095629705013,0.00010674063424906422
0.14,0.9885346833587669,0.1414364034837526,0.02050777812604242,0.00010708075584595245
0.15,0.9868593058801575,0.15160650890993874,0.021517413246860375,0.00010743142742158818
0.16,0.9850723509346802,0.16177964573601888,0.022480202658712367,0.00010779156331851168
0.17,0.9831742516296272,0.17195470531492194,0.023398245910582652,0.00010816016626394736
0.18,0.9811654316430575,0.18213058106749905,0.0242735453026174,0.00010853631961066442
0.19,0.979046306152702,0.1923061683969624,0.02510801051500466,0.00010891918027510052
0.2,0.976817282720539,0.20248036461222757,0.025903463009343725,0.0001093079723089175
0.21,0.9744787621351674,0.21265206885974386,0.026661640214174546,0.00010970198104615157
0.22,0.9720311392139992,0.22282018206341803,0.02738419950570663,0.00011010054777353043
0.23,0.9694748035671868,0.23298360687225433,0.028072721994192116,0.00011050306487641756
0.24,0.9668101403251035,0.24314124761535305,0.028728716125826913,0.00011090897141727831
0.25,0.9640375308311018,0.2532920102639258,0.029353621109535245,0.00011131774910754945
0.26,0.96115735330119,0.2634348024000023,0.02994881017749413,0.00011172891863743007
0.27,0.9581699834521797,0.27356853319151925,0.030515593687783962,0.0001121420363313818
0.28,0.9550757950997812,0.28369211337349526,0.031055222077107376,0.00011255669110008966
0.29,0.9518751607280491,0.29380445523501036,0.03156888867109948,0.0001129725016623366
0.3,0.9485684520315091,0.30390447261172227,0.032057732359356904,0.00011338911401266283
0.31,0.9451560404312314,0.3139910808836626,0.032522840141939464,0.00011380619911289734
0.32,0.9416382975660509,0.3240631969780697,0.03296524955374515,0.00011422345078764584
0.33,0.9380155957600765,0.33411973937702394,0.03338595097282583,0.0001146405838056232
0.34,0.9342883084675747,0.34415962812966494,0.0337858898183957,0.00011505733213038024
0.35000000000000003,0.9304568106962561,0.35418178486877683,0.03416596864398672,0.00011547344732544429
0.36,0.9265214794099478,0.3641851328315403,0.03452704913092359,0.00011588869710025773
0.37,0.9224826939115802,0.3741685968842577,0.03486995398702428,0.00011630286398452216
0.38,0.9183408362073756,0.3841311035508662,0.03519546875518051,0.00011671574411966997
0.39,0.9140962913530788,0.3940715810450637,0.03550434353623394,0.00011712714615719517
0.4,0.9097494477830325,0.40398895930587747,0.03579729463033841,0.00011753689025449136
0.41000000000000003,0.9053006976228567,0.4138821700365163,0.036075006100785116,0.00011794480715968808
0.42,0.9007504369864583,0.4237501467463506,0.03633813126406568,0.00011835073737772023
0.43,0.896099066258058,0.43359182479587466,0.03658729410975654,0.0001187545304105612
0.44,0.8913469903598923,0.44340614144450935,0.03682309065362716,0.00011915604406518025
0.45,0.8864946190062122,0.45319203590111146,0.03704609022720308,0.00011955514382335198
0.46,0.8815423669441732,0.46294844937706053,0.03725683670685196,0.00011995170226794839
0.47000000000000003,0.876490654182182,0.47267432514180013,0.03745584968530739,0.00012034559856083359
0.48,0.8713399062062359,0.48236860858071523,0.03764362558839877,0.00012073671796790856
0.49,0.866090554184769,0.49203024725523353,0.03782063873961784,0.00012112495142722742
0.5,0.8607430351624904,0.501658190965042,0.03798734237502102,0.0001215101951564675
0.51,0.8552977922436804,0.511251391812315,0.03814416961084269,0.00012189235029637482
0.52,0.8497552747653849,0.520808804267855,0.03829153436607679,0.0001222713225870791
0.53,0.84411593846093,0.5303293852390507,0.03842983224217229,0.0001226470220744455
0.54,0.8383802456141568,0.5398120941395612,0.03855944136188226,0.00012301936284387876
0.55,0.8325486652047593,0.5492558929606386,0.03868072316920575,0.00012338826277922003
0.56,0.8266216730450884,0.5586597463440053,0.03879402319226646,0.00012375364334457395
0.5700000000000001,0.8205997519087684,0.5680226216562054,0.0388996717708816,0.0001241154293870854
0.58,0.8144833916514579,0.5773434890643532,0.03899798475048863,0.00012447354895885973
0.59,0.8082730893240675,0.586621321613203,0.03908926414401607,0.00012482793315637326
0.6,0.8019693492787369,0.5958550953034716,0.0391737987632073,0.00012517851597586516
0.61,0.7955726832678554,0.6050437891713422,0.03925186482083289,0.00012552523418330713
0.62,0.7890836105364003,0.6141863853690853,0.03932372650515725,0.00012586802719770276
0.63,0.7825026579078519,0.6232818692467337,0.03938963652795928,0.00012620683698654658
0.64,0.7758303598639331,0.6323292294347486,0.03944983664734394,0.00012654160797236137
0.65,0.7690672586184119,0.6413274579276205,0.039504558166521896,0.00012687228694936302
0.66,0.7622139041851895,0.6502755501683471,0.039554022409677723,0.0001271988230093437
0.67,0.7552708544408929,0.6591725051337347,0.039598441175993364,0.0001275211674759482
0.68,0.7482386751821731,0.668017325420469,0.03963801717284235,0.00012783927384660192
0.6900000000000001,0.7411179401779089,0.6768090173319077,0.039672944429121705,0.00012815309774139144
0.7000000000000001,0.7339092312165002,0.6855465909655435,0.03970340868964224,0.000128462596858266
0.71,0.7266131381484319,0.6942290603010925,0.03972958779145404,0.0001287677309339795
0.72,0.7192302589242764,0.702855443289162,0.03975165202294225,0.00012906846171023334
0.73,0.7117611996282993,0.7114247619404535,0.03976976446648867,0.0001293647529045342
0.74,0.7042065745078225,0.7199360424154596,0.0397840813254567,0.00012965657018530952
0.75,0.6965670059984943,0.7283883151146147,0.03979475223622169,0.00012994388115087661
0.76,0.688843124745606,0.7367806147688575,0.03980192056593438,0.00013022665531187402
0.77,0.681035569621594,0.7451119805305708,0.0398057236966728,0.00013050486407680315
0.78,0.6731449877398523,0.7533814560648588,0.039806293296607134,0.00013077848074036414
0.79,0.6651720344649841,0.7615880896411276,0.03980375557877284,0.00013104748047429164
0.8,0.6571173734196056,0.7697309342249348,0.03979823154801911,0.00013131184032040934
0.81,0.6489816764878195,0.7778090475700741,0.03978983723667367,0.0001315715391856529
0.8200000000000001,0.6407656238154623,0.7858214923108626,0.039778683929439174,0.00013182655783883796
0.8300000000000001,0.6324699038072328,0.7937673360546001,0.03976487837801284,0.0001320768789089492
0.84,0.6240952131207964,0.8016456514741691,0.03974852300589777,0.0001323224868847597
0.85,0.6156422566579637,0.8094555164007464,0.03972971610385284,0.00013256336811560092
0.86,0.6071117475530305,0.8171960139165984,0.039708552016407286,0.00013279951081311738
0.87,0.5985044071583688,0.8248662324479308,0.03968512131984625,0.00013303090505384233
0.88,0.589820965027349,0.8324652658577671,0.03965951099205502,0.00013325754278246612
0.89,0.581062158894675,0.839992213538829,0.03963180457459161,0.0001334794178156622
0.9,0.5722287346542069,0.847446180506393,0.03960208232734031,0.00013369652584634372
0.91,0.563321446334344,0.8548262774910987,0.03957042137608288,0.00013390886444824757
0.92,0.5543410560710396,0.8621316210316851,0.03953689585330822,0.00013411643308074584
0.93,0.5452883340785118,0.8693613335676299,0.03950157703256698,0.0001343192330937766
0.9400000000000001,0.536164058617718,0.8765145435316709,0.03946453345666341,0.00013451726773282716
0.9500000000000001,0.5269690159626498,0.8835903854421854,0.03942583105996342,0.00013471054214387015
0.96,0.5177040003645131,0.8905879999954063,0.03938553328508507,0.00013489906337819054
0.97,0.5083698140138452,0.897506534157455,0.03934370119422575,0.0001350828403970389
0.98,0.4989672670006252,0.904345141256168,0.03930039357536854,0.0001352618840760273
0.99,0.4894971772724311,0.9111029810726994,0.039255667043599396,0.00013543620720923863
1.0,0.4799603705906907,0.9177792199328767,0.03920957613775625,0.00013560582451297841
1.01,0.47035768048507753,0.9243730307982944,0.039162173412621105,0.00013577075262912163
1.02,0.4606899482060963,0.9308835933571226,0.039113509526856806,0.0001359310101280155
1.03,0.4509580226759027,0.9373100941146149,0.039063633326880814,0.00013608661751089273
1.04,0.44116276043740066,0.9436517264832959,0.0390125919268599,0.00013623759721176218
1.05,0.4313050256016583,0.949907690872812,0.0389604307850013,0.00013638397359873683
1.06,0.4213856897936817,0.9560771947794269,0.03890719377630797,0.00013652577297476698
1.07,0.4114056320965853,0.9621594528751453,0.03885292326195813,0.00013666302357775997
1.08,0.4013657389941953,0.9681536870964488,0.038797660155462044,0.0001367957555800479
1.09,0.3912669043121217,0.9740591267326272,0.038741443985742134,0.00013692400108718779
1.1,0.38111002915733283,0.9798750085136887,0.038684312957276173,0.0001370477941360658
1.11,0.37089602185626636,0.9856005766978345,0.03862630400743678,0.000137167170692291
1.12,0.36062579789150695,0.9912350831584813,0.0385674528611547,0.00013728216864686247
1.1300000000000001,0.350300279837063,0.9967777874708176,0.038507794083027666,0.00013739282781208555
1.1400000000000001,0.33992039729227114,1.002227956997878,0.03844736112699115,0.00013749918991673083
1.1500000000000001,0.3294870868143573,1.007584866976122,0.038386186383662126,0.00013760129860042672
1.16,0.3190012918496825,1.0128478006005024,0.03832430122546213,0.00013769919940725893
1.17,0.30846396266370013,1.0180160491090084,0.038261736049621194,0.00013779293977858023
1.18,0.29787605626965025,1.0230889118666722,0.03819852031915946,0.00013788256904502503
1.19,0.2872385363560168,1.0280656964490218,0.03813468260193944,0.00013796813841770805
1.2,0.2765523732127718,1.0329457187249704,0.038070250607877325,0.00013804970097861324
1.21,0.2658185436564301,1.0377283029391264,0.03800525122439817,0.00013812731167016354
1.22,0.2550380309539379,1.0424127817935125,0.03793971055021582,0.00013820102728396232
1.23,0.24421182474541778,1.0469984965286803,0.03787365392751489,0.00013827090644871884
1.24,0.2333409209657908,1.0514847970042096,0.03780710597260888,0.00013833700961734196
1.25,0.222426321765298,1.0558710417785777,0.03774009060514491,0.00013839939905319713
1.26,0.2114690354289412,1.060156598188387,0.037672631075922725,0.00013845813881554976
1.27,0.20047007629486313,1.0643408424269412,0.03760474999339251,0.00013851329474417307
1.28,0.1894304646716867,1.0684231596221556,0.037536469348893146,0.00013856493444312486
1.29,0.17835122675483203,1.0724029439137905,0.037467810540689955,0.0001386131272637095
1.3,0.16723339454183006,1.0762795985299973,0.0373987943968682,0.000138657944286614
1.31,0.1560780057466507,1.0800525358631647,0.03732944119713625,0.00013869945830322265
1.32,0.1448861037130633,1.0837211775450541,0.037259770693589885,0.00013873774379612405
1.33,0.13365873732704664,1.0872849545212144,0.03718980213048687,0.00013877287691880494
1.34,0.12239696092826557,1.0907433071246628,0.03711955426307887,0.00013880493547453995
1.35,0.11110183422063064,1.094095685148824,0.03704904537554552,0.00013883399889448537
1.36,0.09977442218195705,1.097341547919714,0.03697829329807368,0.00013886014821497912
1.37,0.08841579497273899,1.1004803643673613,0.03690731542312278,0.00013888346605405718
1.3800000000000001,0.07702702784405481,1.1035116130964526,0.03683612872091549,0.00013890403658718713
1.3900000000000001,0.06560920104461848,1.106434782456193,0.03676474975419103,0.00013892194552223957
1.4000000000000001,0.054163399726992405,1.1092493706093738,0.036693194692257014,0.00013893728007369332
1.41,0.042690713852976424,1.1119548856006327,0.036621479324373866,0.00013895012893608432
1.42,0.03119223809818766,1.1145508454239021,0.036549619072504404,0.00013896058225671676
1.43,0.0196690717558455,1.117036778089032,0.03647762900345977,0.00013896873160763393
1.44,0.008122318639775975,1.1194122216875788,0.036405523840471465,0.00013897466995686718
1.45,-0.0034469130133505266,1.1216767244577528,0.03633331797421776,0.00013897849163896776
1.46,-0.01503751064253441,1.123829844848511,0.0362610254733317,0.00013898029232483602
1.47,-0.026648357461701248,1.1258711515827904,0.03618866009441651,0.00013898016899085706
1.48,-0.03827833255968194,1.12780022371987,0.03611623529159303,0.00013897821988735138
1.49,-0.04992631100090533,1.1296166507168528,0.03604376422560288,0.0001389745445063591
1.5,-0.06159116392679014,1.1313200324892598,0.03597125977248963,0.000138969243548761
1.51,-0.0732717586578231,1.1329099794707271,0.035898734531879556,0.00013896241889075516
1.52,-0.08496695879631044,1.1343861126717973,0.035826200834882346,0.00013895417354969935
1.53,-0.09667562432979002,1.1357480637377964,0.0357536707516313,0.00013894461164933088
1.54,-0.1083966117350911,1.1369954750057887,0.03568115609848153,0.00013893383838437697
1.55,-0.12012877408302958,1.1381279995606002,0.03560866844488393,0.00013892195998457119
1.56,-0.13187096114372576,1.139145301289904,0.0355362191199518,0.00013890908367808767
1.57,-0.14362201949253264,1.1400470549383572,0.03546381921873611,0.00013889531765440657
1.58,-0.15538079261656199,1.140832946160785,0.03539147960822485,0.00013888077102662574
1.59,-0.1671461210217962,1.1415026715743992,0.03531921093308093,0.00013886555379323204
1.6,-0.1789168423407737,1.1420559388100493,0.03524702362113261,0.00013884977679934864
1.61,-0.19069179144083553,1.1424924665624927,0.0351749278886296,0.00013883355169746995
1.62,-0.2024698005329213,1.1428119846396811,0.03510293374527741,0.00013881699090770148
1.6300000000000001,-0.21424969928090226,1.1430142340110527,0.03503105099906198,0.0001388002075775189
1.6400000000000001,-0.2260303149114396,1.143098966854825,0.03495928926087586,0.00013878331554106104
1.6500000000000001,-0.23781047232435581,1.1430659466042787,0.03488765794895682,0.00013876642927797479
1.6600000000000001,-0.24958899420350755,1.1429149479930285,0.034816166293149126,0.00013874966387182434
1.67,-0.26136470112814764,1.1426457570992707,0.034744823338997276,0.0001387331349680834
1.68,-0.27313641168476477,1.1422581713890039,0.03467363795168141,0.00013871695873172247
1.69,-0.28490294257938853,1.1417519997582124,0.03460261881980323,0.00013870125180441437
1.7,-0.2966631087503486,1.1411270625740093,0.034531774459030766,0.00013868613126136734
1.71,-0.3084157234814756,1.1403831917147307,0.0344611132156099,0.00013867171456780682
1.72,-0.3201595985157323,1.1395202306089736,0.03439064326975015,0.00013865811953512
1.73,-0.3318935441692628,1.1385380342735738,0.03432037263889185,0.00013864546427667945
1.74,-0.34361636944584895,1.1374364693505163,0.03425030918086143,0.00013863386716337148
1.75,-0.35532688215176084,1.1362154141427705,0.03418046059692118,0.0001386234467788305
1.76,-0.36702388901099053,1.1348747586490466,0.0341108344347196,0.00013861432187441065
1.77,-0.37870619578085707,1.1334144045974661,0.03404143809114793,0.00013860661132390794
1.78,-0.39037260736797064,1.1318342654781406,0.033972278815108364,0.00013860043407804557
1.79,-0.4020219279445444,1.130134266574653,0.03390336371019901,0.0001385959091187482
1.8,-0.41365296106504207,1.1283143449944364,0.03383469973732038,0.000138593155413218
1.81,-0.42526450978314956,1.126374449698044,0.03376629371720804,0.00013859229186782967
1.82,-0.43685537676905845,1.1243145415273048,0.033698152332895595,0.00013859343728186475
1.83,-0.4484243644270499,1.1221345932323619,0.03363028213211219,0.0001385967103011059
1.84,-0.4599702750133672,1.1198345894975834,0.03356268952961818,0.00013860222937130161
1.85,-0.47149191075436425,1.1174145269663476,0.033495380809482736,0.00013861011269152425
1.86,-0.4829880739649195,1.1148744142646907,0.03342836212730653,0.00013862047816744663
1.87,-0.49445756716710193,1.1122142720238164,0.033361639512392925,0.0001386334433645397
1.8800000000000001,-0.5058991932090784,1.1094341329014623,0.03329521886987045,0.0001386491254612215
1.8900000000000001,-0.5173117553842494,1.1065340416021163,0.033229105982769444,0.00013866764120197813
1.9000000000000001,-0.5286940575506026,1.1035140548960807,0.033163306514055475,0.00013868910685046595
1.9100000000000001,-0.5400449042502703,1.1003742416373783,0.033097826008622,0.00013871363814261628
1.92,-0.5513631008292806,1.0971146827804967,0.03303266989524453,0.00013874135023976542
1.93,-0.5626474535574895,1.0937354713959668,0.032967843488498516,0.0001387723576818309
1.94,-0.5738967697486814,1.0902367126847705,0.03290335199064287,0.0001388067743405413
1.95,-0.5851098578808275,1.0866185239915749,0.03283920049347112,0.00013884471337274879
1.96,-0.5962855277164877,1.0828810348167877,0.0327753939801318,0.0001388862871738411
1.97,-0.6074225904233465,1.0790243868274318,0.0327119373269199,0.00013893160733126624
1.98,-0.6185198586948684,1.075048733866834,0.03264883530504062,0.00013898078457819804
1.99,-0.6295761468710626,1.0709542419631242,0.03258609258234715,0.0001390339287473541
2.0,-0.6405902710593433,1.0667410893365432,0.032523713725053506,0.00013909114872498807
2.0100000000000002,-0.6515610492554748,1.0624094664055548,0.03246170319942383,0.00013915255240507456
2.02,-0.6624873014645878,1.0579595757917584,0.03240006537343915,0.0001392182466437071
2.0300000000000002,-0.6733678498222562,1.0533916323236001,0.03233880451844269,0.00013928833721371802
2.04,-0.6842015187156201,1.0487058630388795,0.03227792481076469,0.00013936292875955844
2.05,-0.6949871349045457,1.0439025071860484,0.032217430333327586,0.00013944212475244138
2.06,-0.7057235276428062,1.0389818162242987,0.03215732507723238,0.00013952602744576694
2.07,-0.7164095287992751,1.0339440538224391,0.03209761294332694,0.00013961473783086214
2.08,-0.7270439729791163,1.0287894958565538,0.03203829774375688,0.00013970835559303315
2.09,-0.7376256976449608,1.0235184304064457,0.03197938320349969,0.00013980697906796895
2.1,-0.7481535432380574,1.018131157750859,0.03192087296188262,0.00013991070519850078
2.11,-0.7586263532993837,1.0126279903614788,0.0318627705740849,0.00014001962949173897
2.12,-0.7690429745907064,1.007009252895708,0.031805079512624734,0.00014013384597661487
2.13,-0.7794022572155783,1.0012752821882174,0.031747803168831405,0.0001402534471618319
2.14,-0.7897030547402589,0.9954264272412676,0.03169094485430303,0.0001403785239942488
2.15,-0.7999442243145466,0.9894630492138033,0.031634507802350186,0.00014050916581771926
2.16,-0.8101246267925102,0.9833855214093147,0.031578495169425735,0.0001406454603324007
2.17,-0.8202431268531071,0.9771942292624677,0.031522910036541146,0.0001407874935545467
2.18,-0.8302985931206757,0.9708895703245007,0.03146775541066952,0.00014093534977681053
2.19,-0.8402898982852894,0.9644719542473862,0.03141303422613554,0.00014108911152906293
2.2,-0.8502159192229604,0.9579418027667569,0.03135874934599256,0.0001412488595397576
2.21,-0.8600755371156791,0.9512995496835952,0.03130490356338693,0.00014141467269785496
2.22,-0.8698676375712796,0.9445456408446853,0.03125149960290977,0.00014158662801530938
2.23,-0.8795911107431154,0.9376805341218274,0.03119854012193625,0.00014176480059015768
2.24,-0.8892448514495347,0.9307046993898128,0.03114602771195246,0.00014194926357021716
2.25,-0.8988277592931435,0.9236186185031608,0.03109396489987007,0.00014214008811739727
2.2600000000000002,-0.9083387387798414,0.9164227852716158,0.031042354149328696,0.00014233734337266722
2.27,-0.9177766994376204,0.9091177054344046,0.030991197861986126,0.00014254109642166846
2.2800000000000002,-0.9271405559351121,0.9017038966332556,0.030940498378796397,0.00014275141226100717
2.29,-0.9364292281998724,0.8941818883841769,0.030890257981275777,0.00014296835376524043
2.3000000000000003,-0.9456416415363895,0.8865522220479967,0.030840478892756668,0.0001431919816545514
2.31,-0.9547767267438041,0.8788154507996638,0.030791163279629434,0.00014342235446316448
2.32,-0.9638334202333289,0.8709721395963108,0.03074231325257214,0.00014365952850848833
2.33,-0.9728106641453542,0.8630228651440782,0.03069393086776826,0.000143903557861002
2.34,-0.9817074064662286,0.8549682158637031,0.03064601812811226,0.00014415449431492085
2.35,-0.9905226011447001,0.8468087918548701,0.030598576984403117,0.00014441238735963353
2.36,-0.9992552082080081,0.8385452048593286,0.030551609336525707,0.00014467728415193547
2.37,-1.00790419387761,0.8301780782227742,0.03050511703462007,0.0001449492294890719
2.38,-1.0164685306845347,0.821708046855499,0.030459101880238513,0.0001452282657825995
2.39,-1.024947197584345,0.8131357571918092,0.030413565627490546,0.00014551443303309144
2.4,-1.033339180071702,0.804461867148213,0.030368509984175583,0.0001458077688056881
2.41,-1.0416434702945156,0.7956870460803802,0.030323936612903436,0.0001461083082065059
2.42,-1.0498590671676689,0.7868119747388749,0.030279847132202532,0.00014641608385991995
2.43,-1.057984976486305,0.7778373452236634,0.030236243117615854,0.00014673112588674337
2.44,-1.066020211038665,0.7687638609373998,0.030193126102784563,0.00014705346188330403
2.45,-1.073963790718462,0.7595922365374895,0.03015049758051928,0.00014738311690142233
2.46,-1.0818147426367812,0.7503231978869361,0.030108359003859008,0.00014772011342931886
2.47,-1.089572101233492,0.7409574820039706,0.03006671178711768,0.0001480644713734603
2.48,-1.0972349083881618,0.7314958370104677,0.03002555730691829,0.00014841620804133902
2.49,-1.1048022135304576,0.7219390220791516,0.02998489690321463,0.00014877533812521955
2.5,-1.1122730737500237,0.7122878073795923,0.02994473188030055,0.00014914187368684318
2.5100000000000002,-1.1196465539058238,0.7025429740229979,0.02990506350780683,0.00014951582414310407
2.52,-1.126921726734934,0.6927053140058039,0.029865893021685547,0.00014989719625272345
2.5300000000000002,-1.134097672960777,0.6827756301520634,0.029827221625182008,0.00015028599410390906
2.54,-1.1411734814007821,0.6727547360546415,0.029789050489794217,0.00015068221910301667
2.5500000000000003,-1.1481482490734625,0.6626434560152173,0.02975138075621987,0.0001510858699642234
2.56,-1.155021081304894,0.6524426249830967,0.02971421353529089,0.00015149694270022722
2.57,-1.1617910918345877,0.6421530884928398,0.029677549908895536,0.00015191543061396533
2.58,-1.16845740292074,0.6317757026007075,0.02964139093088802,0.00015234132429137016
2.59,-1.1750191454448509,0.6213113338199291,0.02960573762798574,0.00015277461159517088
2.6,-1.181475459015699,0.6107608590547978,0.02957059100065407,0.00015321527765973912
2.61,-1.1878254920726594,0.6001251655335955,0.02953595202397879,0.000153663304886987
2.62,-1.1940684019883534,0.5894051507403534,0.02950182164852609,0.00015411867294332811
2.63,-1.200203355170619,0.5786017223454508,0.029468200801190315,0.00015458135875771054
2.64,-1.2062295271637908,0.567715798135059,0.029435090386029317,0.00015505133652071046
2.65,-1.2121461027492753,0.5567483059394324,0.029402491285087574,0.00015552857768470478
2.66,-1.2179522760454125,0.5457001835600536,0.02937040435920706,0.00015601305096513024
2.67,-1.2236472506066116,0.5345723786956363,0.0293388304488259,0.00015650472234281622
2.68,-1.229230239521748,0.5233658488669919,0.02930777037476488,0.0001570035550674099
2.69,-1.234700465511812,0.5120815613407633,0.029277224939001832,0.00015750950966188993
2.7,-1.2400571610267954,0.5007204930520341,0.029247194925433952,0.00015802254392817554
2.71,-1.245299568341809,0.48928363052581525,0.02921768110062811,0.00015854261295383083
2.72,-1.250426939652414,0.47777196979741704,0.02918868421455918,0.0001590696691198602
2.73,-1.2554385371691594,0.4661865163317115,0.029160205001336488,0.0001596036621096066
2.74,-1.2603336332113158,0.45452828494129044,0.029132244179918387,0.00016014453891874565
2.75,-1.2651115102997892,0.4427982997035259,0.029104802454815067,0.00016069224386638692
2.7600000000000002,-1.26977146124921,0.4309975938765381,0.029077880516779606,0.00016124671860726393
2.77,-1.2743127892591801,0.41912720981407786,0.0290514790434874,0.00016180790214502722
2.7800000000000002,-1.2787348080046732,0.4071881988793297,0.029025598700203967,0.00016237573084664327
2.79,-1.2830368417255718,0.3951816213576412,0.029000240140441245,0.00016295013845788129
2.8000000000000003,-1.2872182253153344,0.3831085463681859,0.028975404006602413,0.00016353105611989453
2.81,-1.291278304408779,0.37097005177456677,0.028951090930615347,0.00016411841238690104
2.82,-1.2952164354689752,0.35876722409436557,0.028927301534554754,0.00016471213324495645
2.83,-1.2990319858732318,0.34650115840764645,0.028904036431253066,0.00016531214213180408
2.84,-1.3027243339981693,0.33417295826442006,0.028881296224900176,0.00016591835995781822
2.85,-1.3062928693038705,0.3217837355910753,0.02885908151163208,0.00016653070512802912
2.86,-1.3097369924170934,0.30933461059578626,0.028837392880108517,0.00016714909356521426
2.87,-1.3130561152135405,0.29682671167290137,0.02881623091207967,0.0001677734387340668
2.88,-1.3162496608991714,0.2842611753063226,0.028795596182942022,0.0001684036516664343
2.89,-1.319317064090551,0.27163914597188193,0.028775489262283425,0.00016903964098761006
2.9,-1.3222577708942207,0.25896177603872306,0.028755910714417483,0.00016968131294367987
2.91,-1.325071238985084,0.24623022566969596,0.028736861098907312,0.0001703285714299201
2.92,-1.327756937683797,0.23344566272077263,0.028718340971078775,0.0001709813180202339
2.93,-1.3303143480331523,0.22060926263949157,0.02870035088252325,0.00017163945199762118
2.94,-1.3327429628734484,0.20772220836243943,0.028682891381590022,0.00017230287038567235
2.95,-1.3350422869168335,0.19478569021177827,0.02866596301386839,0.00017297146798107998
2.96,-1.3372118368206145,0.1818009057908265,0.028649566322659546,0.00017364513738715926
2.97,-1.3392511412595225,0.1687690598787022,0.028633701849438302,0.00017432376904836713
2.98,-1.3411597409969236,0.15569136432403735,0.028618370134304794,0.00017500725128580914
2.99,-1.3429371889549673,0.14256903793777193,0.028603571716426166,0.00017569547033372663
3.0,-1.3445830502836629,0.1294033063850364,0.028589307134468372,0.00017638831037695412
3.0100000000000002,-1.346096902428874,0.11619540207613172,0.02857557692701813,0.0001770856535893324
3.02,-1.3474783351992228,0.102946564056616,0.028562381632995147,0.00017778738017306856
3.0300000000000002,-1.3487269508318942,0.08965803789650677,0.028549721792054634,0.0001784933683990313
3.04,-1.349842364057333,0.07633107557860838,0.02853759794498024,0.00017920349464796838
3.0500000000000003,-1.350824202162822,0.06296693538597375,0.02852601063406745,0.00017991763345263372
3.06,-1.3516721050549363,0.049566881788510014,0.02851496040349748,0.00018063565754081269
3.0700000000000003,-1.3523857253208609,0.036132185328737645,0.028504447799701852,0.0001813574378792292
3.08,-1.352964728288567,0.022664122506712847,0.02849447337171757,0.00018208284371832388
3.09,-1.353408792085837,0.009163975664122883,0.028485037671533077,0.0001828117426378864
3.1,-1.3537176076981277,-0.004366967132435642,0.02847614125442501,0.0001835440005935295
3.11,-1.3538908790252675,-0.017927412208985558,0.02846778467928582,0.000184279481963989
3.12,-1.3539283229369776,-0.03151606040249488,0.028459968508942328,0.00018501804959923337
3.13,-1.353829669327208,-0.04513160717998928,0.028452693310465252,0.00018575956486936807
3.14,-1.353594661167282,-0.058772742758440924,0.028445959655469817,0.00018650388771431915
3.15,-1.3532230545578408,-0.07243815222542342,0.02843976812040744,0.00018725087669427818
3.16,-1.3527146187795815,-0.08612651566052217,0.02843411928684858,0.0001880003890408913
3.17,-1.3520691363427793,-0.09983650825748955,0.028429013741756794,0.00018875228070917724
3.18,-1.3512864030355864,-0.11356680044713438,0.028424452077754073,0.00018950640643015487
3.19,-1.3503662279711033,-0.12731605802093465,0.028420434893377453,0.00019026261976416356
3.2,-1.3493084336332097,-0.14108294225536278,0.028416962793327005,0.00019102077315485535
3.21,-1.3481128559211544,-0.1548661100369122,0.0284140363887052,0.00019178071798384375
3.22,-1.3467793441928912,-0.16866421398781456,0.028411656297247723,0.0001925423046259882
3.23,-1.3453077613071585,-0.18247590259243585,0.02840982314354575,0.00019330538250529435
3.24,-1.3436979836642917,-0.19629982032434062,0.028408537559259744,0.00019406980015141464
3.25,-1.3419499012457659,-0.21013460777401285,0.028407800183324793,0.00019483540525672052
3.2600000000000002,-1.3400634176524586,-0.22397890177722168,0.0284076116621475,0.0001956020447339357
3.27,-1.338038450141628,-0.23783133554402094,0.028407972649794506,0.0001963695647743036
3.2800000000000002,-1.3358749296626005,-0.2516905387883705,0.02840888380817262,0.0001971378109062702
3.29,-1.3335728008911598,-0.26555513785836804,0.028410345807200584,0.0001979066280546631
3.3000000000000003,-1.331132022262633,-0.279423755867079,0.02841235932497255,0.00019867586060033963
3.31,-1.3285525660036668,-0.2932950128239534,0.0284149250479132,0.00019944535244028654
3.3200000000000003,-1.3258344181626884,-0.307167525766817,0.028418043670924573,0.0002002149470481517
3.33,-1.3229775786390447,-0.3210399088944251,0.02842171589752463,0.0002009844875351803
3.34,-1.3199820612108148,-0.3349107736995668,0.028425942439977512,0.0002017538167115322
3.35,-1.3168478935612902,-0.3487787291027076,0.028430724019415526,0.00020252277714796708
3.36,-1.3135751173041161,-0.3626423815861575,0.028436061365952867,0.0002032912112378617
3.37,-1.3101637880070918,-0.3765003353287534,0.028441955218791067,0.00020405896125954515
3.38,-1.3066139752146195,-0.3903511923410415,0.028448406326316164,0.00020482586943892667
3.39,-1.302925762468803,-0.4041935526009496,0.028455415446187588,0.00020559177801238805
3.4,-1.2990992473291862,-0.41802601418993435,0.028462983345418753,0.00020635652928992535
3.41,-1.2951345413911286,-0.43184717342959256,0.02847111080044935,0.00020711996571850695
3.42,-1.2910317703028142,-0.44565562501872263,0.028479798597209317,0.0002078819299456261
3.43,-1.2867910737808872,-0.4594499621708239,0.028489047531174462,0.0002086422648830317
3.44,-1.2824126056247112,-0.47322877675202113,0.028498858407413733,0.00020940081377059875
3.45,-1.2778965337292483,-0.4869906594194007,0.02850923204062809,0.00021015742024032367
3.46,-1.2732430400965522,-0.5007341997597456,0.028520169255180968,0.00021091192838041883
3.47,-1.2684523208458731,-0.514457986428657,0.02853167088512029,0.00021166418279947865
3.48,-1.2635245862223687,-0.5281606072900474,0.02854373777419199,0.00021241402869069228
3.49,-1.2584600606044194,-0.5418406495559942,0.028556370775845018,0.00021316131189607685
3.5,-1.253258982509543,-0.5554966999269391,0.028569570753227767,0.0002139058789707082
3.5100000000000002,-1.2479216045989059,-0.5691273447322202,0.028583338579175912,0.00021464757724693002
3.52,-1.2424481936804261,-0.5827311700709242,0.028597675136191568,0.00021538625489849665
3.5300000000000002,-1.2368390307104675,-0.5963067619530439,0.028612581316413744,0.00021612176100464122
3.54,-1.2310944107941195,-0.6098527064409283,0.02862805802158002,0.00021685394561404223
3.5500000000000003,-1.2252146431840611,-0.6233675897910119,0.028644106162979414,0.00021758265980865017
3.56,-1.2192000512780057,-0.6368499985958094,0.028660726661396334,0.00021830775576737023
3.5700000000000003,-1.213050972614723,-0.6502985199261612,0.028677920447045594,0.00021902908682954822
3.58,-1.2067677588686383,-0.6637117414737176,0.02869568845949839,0.00021974650755824917
3.59,-1.2003507758430043,-0.6770882516936466,0.028714031647599184,0.00022045987380331258
3.6,-1.1938004034616432,-0.690426639947552,0.028732950969373405,0.00022116904276413624
3.61,-1.1871170357592584,-0.7037254966465878,0.028752447391925888,0.00022187387305217768
3.62,-1.1803010808703132,-0.7169834133947548,0.028772521891329984,0.0002225742247531409
3.63,-1.173352961016474,-0.7301989831323661,0.028793175452507237,0.00022326995948882672
3.64,-1.1662731124926167,-0.7433708002796662,0.028814409069097522,0.00022396094047862178
3.65,-1.1590619856513962,-0.7564974608805911,0.02883622374331959,0.00022464703260058854
3.66,-1.151720044886374,-0.7695775627466539,0.028858620485821898,0.00022532810245214877
3.67,-1.1442477686137071,-0.7826097056009428,0.028881600315523594,0.00022600401841032334
3.68,-1.1366456492523929,-0.7955924912222165,0.028905164259445622,0.0002266746506915045
3.69,-1.128914193203072,-0.8085245235890839,0.028929313352531755,0.00022733987141073037
3.7,-1.1210539208253871,-0.8214044090242515,0.02895404863745952,0.0002279995546404499
3.71,-1.113065366413897,-0.8342307563388276,0.02897937116444082,0.0002286535764687455
3.72,-1.1049490781725444,-0.8470021769766657,0.029005281991012218,0.0002293018150569772
3.73,-1.0967056181876798,-0.8597172851587346,0.02903178218181468,0.00022994415069684473
3.74,-1.0883355623996371,-0.8723746980275001,0.029058872808362706,0.00023058046586682253
3.75,-1.0798395005728658,-0.8849730357913044,0.029086554948802672,0.00023121064528795537
3.7600000000000002,-1.0712180362646142,-0.8975109218687275,0.029114829687660305,0.00023183457597899038
3.77,-1.0624717867921682,-0.9099869830329178,0.029143698115577085,0.00023245214731080861
3.7800000000000002,-1.0536013831986444,-0.922399849555876,0.029173161329035486,0.000233063251060144
3.79,-1.0446074702173367,-0.9347481553526779,0.029203220430072882,0.0002336677814625675
3.8000000000000003,-1.035490706234619,-0.9470305381256227,0.029233876525983978,0.00023426563526469834
3.81,-1.0262517632514043,-0.9592456395082907,0.029265130729011598,0.0002348567117756315
3.8200000000000003,-1.0168913268431587,-0.9713921052094964,0.029296984156025715,0.0002354409129175497
3.83,-1.0074100961184758,-0.9834685851571223,0.02932943792819049,0.00023601814327550737
3.84,-0.9978087836762072,-0.9954737336418193,0.02936249317061923,0.00023658831014635443
3.85,-0.9880881155611558,-1.0074062094605576,0.029396151012017067,0.00023715132358677777
3.86,-0.9782488312183291,-1.019264676060015,0.02943041258431115,0.00023770709646043887
3.87,-0.968291683445756,-1.0310478016797868,0.02946527902226826,0.0002382555444841882
3.88,-0.9582174383458695,-1.0427542594954031,0.029500751463099568,0.00023879658627333763
3.89,-0.9480268752754549,-1.0543827277611384,0.029536831046052453,0.00023933014338595803
3.9,-0.9377207867941678,-1.0659318899525991,0.029573518911989113,0.0002398561403661825
3.91,-0.9272999786116226,-1.0774004349090736,0.029610816202951834,0.00024037450478651149
3.92,-0.9167652695330548,-1.0887870569756313,0.0296487240617147,0.000240885167289078
3.93,-0.9061174914035588,-1.1000904561449543,0.02968724363132155,0.0002413880616258617
3.94,-0.8953574890509037,-1.1113093381988883,0.02972637605460999,0.0002418831246978382
3.95,-0.8844861202269313,-1.1224424148496974,0.02976612247372126,0.00024237029659301696
3.96,-0.8735042555475367,-1.133488403881007,0.029806484029595747,0.00024284952062339016
3.97,-0.8624127784312376,-1.144446029288422,0.029847461861453924,0.00024332074336074752
3.98,-0.8512125850363323,-1.1553140214198052,0.029889057106262516,0.00024378391467132918
3.99,-0.839904584196652,-1.166091117115198,0.029931270898185692,0.000244238987749329
4.0,-0.8284896973559104,-1.176776059846374,0.029974104368021025,0.0002446859191491997
4.01,-0.8169688585006534,-1.1873675998560052,0.03001755864262005,0.0002451246688167624
4.0200000000000005,-0.8053430140918137,-1.1978644942964312,0.03006163484429315,0.0002455552001191014
4.03,-0.7936131229948736,-1.2082655073680115,0.03010633409019858,0.0002459774798732158
4.04,-0.7817801564086398,-1.2185694104570512,0.030151657491715375,0.0002463914783734249
4.05,-0.7698450977926357,-1.2287749822732812,0.03019760615379992,0.0002467971694175
4.0600000000000005,-0.7578089427931135,-1.2388810089868805,0.030244181174325955,0.0002471945303315202
4.07,-0.7456726991676931,-1.2488862843650255,0.030291383643407777,0.0002475835419934255
4.08,-0.7334373867086297,-1.258789609907951,0.030339214642706374,0.0002479641888552699
4.09,-0.7211040371647173,-1.2685897949845097,0.03038767524471829,0.0002483364589641322
4.1,-0.7086736941618315,-1.2782856569672132,0.03043676651204696,0.0002487003439816921
4.11,-0.6961474131221173,-1.2878760213667417,0.030486489496656253,0.00024905583920246634
4.12,-0.6835262611818268,-1.2973597219659079,0.030536845239106006,0.0002494029435706661
4.13,-0.6708113171078127,-1.3067356009530589,0.030587834767769283,0.00024974165969568447
4.14,-0.6580036712126823,-1.3160025090549035,0.030639459098031115,0.00025007199386619413
4.15,-0.6451044252686182,-1.3251593056687487,0.030691719231468455,0.0002503939560628476
4.16,-0.6321146924198715,-1.3342048589941324,0.030744616155011114,0.0002507075599695656
4.17,-0.6190355970939331,-1.343138046163836,0.03079815084008342,0.00025101282298340517
4.18,-0.6058682749113894,-1.3519577533742644,0.030852324241726334,0.00025130976622300943
4.19,-0.5926138725944686,-1.3606628760151782,0.030907137297699776,0.00025159841453560583
4.2,-0.5792735478742839,-1.369252318798763,0.030962590927564895,0.0002518787965025577
4.21,-0.5658484693967797,-1.3777249958880224,0.03101868603174604,0.0002521509444434771
4.22,-0.5523398166273887,-1.3860798310244802,0.03107542349057217,0.0002524148944188638
4.23,-0.5387487797544052,-1.3943157576551772,0.031132804163297428,0.0002526706862312749
4.24,-0.5250765595910817,-1.402431719058949,0.031190828887100647,0.0002529183634250368
4.25,-0.5113243674764573,-1.4104266684719702,0.03124949847606352,0.0002531579732844565
4.26,-0.4974934251749233,-1.4182995692125502,0.03130881372012716,0.0002533895668305558
4.2700000000000005,-0.48358496477453444,-1.4260493948051685,0.03136877538402684,0.00025361319881632096
4.28,-0.4696002285840727,-1.4336751291037324,0.0314293842062046,0.00025382892772045205
4.29,-0.4555404690288715,-1.4411757664140468,0.03149064089769952,0.00025403681573962815
4.3,-0.44140694854540824,-1.448550311615479,0.03155254614101536,0.00025423692877925573
4.3100000000000005,-0.42720093947467236,-1.455797780281806,0.031615100588965384,0.0002544293364427207
4.32,-0.412923723954318,-1.4629171988012306,0.03167830486349401,0.00025461411201914836
4.33,-0.39857659380960814,-1.4699076044955515,0.03174215955447518,0.0002547913324696454
4.34,-0.38416085044316,-1.476768045738475,0.0318066652184871,0.00025496107841204265
4.3500000000000005,-0.3696778047234985,-1.4834975820730543,0.031871822377563135,0.0002551234341041357
4.36,-0.3551287768724275,-1.4900952843282405,0.03193763151791866,0.0002552784874254147
4.37,-0.34051509635122745,-1.4965602347345361,0.03200409308865361,0.00025542632985729784
4.38,-0.32583810174568734,-1.5028915270387337,0.032071207500430465,0.00025556705646186025
4.39,-0.31109914064998107,-1.5090882666177274,0.03213897512412754,0.00025570076585906446
4.4,-0.29629956954939657,-1.5151495705913849,0.032207396289467255,0.0002558275602025029
4.41,-0.28144075370192706,-1.5210745679344655,0.03227647128361923,0.00025594754515363715
4.42,-0.2665240670187341,-1.5268623995875712,0.03234620034977802,0.00025606082985455883
4.43,-0.25155089194349145,-1.5325122185671183,0.03241658368571518,0.0002561675268992689
4.44,-0.23652261933061952,-1.5380231900743149,0.03248762144230565,0.0002562677523034689
4.45,-0.22144064832242047,-1.5433944916031326,0.03255931372202808,0.0002563616254728942
4.46,-0.20630638622512332,-1.5486253130472596,0.03263166057743901,0.0002564492691701801
4.47,-0.19112124838384933,-1.5537148568060208,0.03270466200962075,0.0002565308094802654
4.48,-0.17588665805650783,-1.5586623378892537,0.03277831796660274,0.00025660637577435314
4.49,-0.16060404628663247,-1.5634669840211257,0.032852628341756264,0.00025667610067243036
4.5,-0.14527485177516872,-1.568128035742883,0.0329275929721624,0.0002567401200043532
4.51,-0.12990052075122255,-1.5726447465145144,0.033003211636952974,0.0002567985727695091
4.5200000000000005,-0.11448250684178143,-1.57701638281532,0.03307948405562454,0.000256851601095078
4.53,-0.09902227094041802,-1.5812422242433748,0.03315640988632511,0.00025689935019287936
4.54,-0.0835212810749876,-1.5853215636138671,0.03323398872411368,0.00025694196831483837
4.55,-0.06798101227433033,-1.58925370705631,0.03331222009919235,0.00025697960670707315
4.5600000000000005,-0.0524029464339891,-1.5930379741106035,0.03339110347511103,0.0002570124195626131
4.57,-0.0367885721809546,-1.5966736978219431,0.03347063824694462,0.00025704056397277467
4.58,-0.021139384737448683,-1.600160224834558,0.03355082373944265,0.00025706419987719167
4.59,-0.005456885783757661,-1.60349691548427,0.033631659205151355,0.000257083490012522
4.6000000000000005,0.01025741667987302,-1.6066831438898574,0.0337131438225081,0.0002570985998598503
4.61,0.026002008472270875,-1.6097182980432185,0.033795276693908236,0.0002571096975907961
4.62,0.041775369371283524,-1.6126017798983159,0.033878056843744356,0.000257116954012342
4.63,0.05757597325462891,-1.6153330054588955,0.033961483216417954,0.00025712054251040255
4.64,0.07340228824163653,-1.6179114048649657,0.034045554674323616,0.0002571206389921517
4.65,0.08925277683586752,-1.6203364224780274,0.03413026999580576,0.0002571174218271195
4.66,0.1051258960686013,-1.6226075169650416,0.034215627873088,0.00025711107178708493
4.67,0.12102009764317641,-1.6247241613811252,0.0343016269101753,0.0002571017719847787
4.68,0.13693382808017296,-1.6266858432509632,0.03438826562072896,0.0002570897078114133
4.69,0.15286552886342417,-1.6284920646489265,0.03447554242591476,0.00025707506687306747
4.7,0.16881363658684426,-1.6301423422778838,0.03456345565222417,0.00025705803892593686
4.71,0.1847765831020597,-1.6316362075466988,0.03465200352926911,0.0002570388158104755
4.72,0.20075279566683102,-1.6329732066463996,0.0347411841875503,0.0002570175913844513
4.73,0.2167406970942522,-1.634152900625011,0.03483099565619953,0.00025699456145493455
4.74,0.23273870590271425,-1.6351748654610405,0.03492143586069607,0.00025696992370924235
4.75,0.24874523646661986,-1.6360386921356047,0.03501250262055762,0.0002569438776448596
4.76,0.2647586991678356,-1.6367439867031897,0.03510419364700605,0.0002569166244983652
4.7700000000000005,0.2807775005478686,-1.637290370361032,0.03519650654060834,0.0002568883671733839
4.78,0.29680004346075345,-1.637677479517112,0.035289438788893054,0.00025685931016758336
4.79,0.3128247272266363,-1.6379049658567504,0.03538298776394289,0.000256829659498749
4.8,0.3288499477860419,-1.6379724964077949,0.03547715071996366,0.00025679962262995936
4.8100000000000005,0.34487409785480994,-1.6378797536043925,0.03557192479083018,0.0002567694083938829
4.82,0.36089556707968673,-1.6376264353493342,0.035667306987609726,0.0002567392269162275
4.83,0.37691274219455784,-1.6372122550749633,0.0357632941960635,0.00025670928953836663
4.84,0.3929240071773078,-1.6366369418026387,0.035859883174126694,0.00025667980873916646
4.8500000000000005,0.40892774340729243,-1.6359002402007456,0.03595707054936789,0.00025665099805605065
4.86,0.4249223298234097,-1.6350019106412401,0.036054852816428395,0.0002566230720053145
4.87,0.44090614308275394,-1.633941729254725,0.03615322633444221,0.0002565962460017296
4.88,0.4568775577198397,-1.6327194879840419,0.03625218732443743,0.00025657073627746886
4.89,0.47283494630638,-1.6313349946363764,0.036351731866719916,0.0002565467598003603
4.9,0.48877667961160454,-1.6297880729338647,0.036451855898239884,0.00025652453419152565
4.91,0.5047011267631025,-1.6280785625626928,0.03655255520994256,0.00025650427764241547
4.92,0.5206066554081759,-1.6262063192206833,0.036653825444103595,0.0002564862088312761
4.93,0.5364916318756873,-1.6241712146633587,0.036755662091650376,0.00025647054683907534
4.94,0.552354421338388,-1.6219731367484753,0.036858060489470115,0.00025645751106492175
4.95,0.5681933879757104,-1.6196119894790177,0.03696101581770591,0.0002564473211410076
4.96,0.5840068951370099,-1.6170876930446487,0.03706452309704178,0.0002564401968470974
4.97,0.5997933055052405,-1.6144001838616056,0.03716857718597792,0.00025643635802460917
4.98,0.6155509812610491,-1.6115494146110354,0.037273172778097365,0.00025643602449030277
4.99,0.6312782842472727,-1.6085353542757634,0.03737830439932528,0.0002564394159496289
5.0,0.6469735761338229,-1.6053579881754854,0.037483966405182305,0.00025644675190974
5.01,0.6626352185829412,-1.6020173180003783,0.03759015297803321,0.0002564582515922202
5.0200000000000005,0.6782615734148112,-1.598513361843123,0.03769685812433237,0.000256474133845569
5.03,0.6938510027735099,-1.594846154229331,0.0378040756718675,0.0002564946170574413
5.04,0.7094018692932825,-1.591015746146369,0.037911799267003214,0.00025651991906671165
5.05,0.724912536265126,-1.5870222050705756,0.038020022371926004,0.00025655025707537805
5.0600000000000005,0.7403813678036631,-1.582865614992864,0.03812873826189226,0.00025658584756033917
5.07,0.755806729014293,-1.5785460764427026,0.038237940022481105,0.0002566269061850818
5.08,0.7711869861606,-1.5740637065104714,0.038347620546853776,0.0002566736477113114
5.09,0.7865205068320057,-1.569418638868184,0.0384577725330214,0.0002567262859105543
5.1000000000000005,0.8018056601116471,-1.5646110237885726,0.038568388481123046,0.0002567850334757815
5.11,0.8170408167444649,-1.5596410281625306,0.03867946069071605,0.000256850101933069
5.12,0.8322243493054846,-1.5545088355149046,0.038790981258080615,0.0002569217015533309
5.13,0.8473546323682741,-1.5492146460186345,0.03890294207354072,0.00025700004126417986
5.14,0.8624300426735618,-1.5437586765072338,0.0390153348188036,0.000257085328561922
5.15,0.8774489592979966,-1.5381411604856063,0.039128150964319916,0.00025717776942373825
5.16,0.8924097638230349,-1.5323623481391957,0.03924138176666689,0.00025727756822009043
5.17,0.9073108405039368,-1.5264225063414598,0.03935501826595685,0.00025738492762735865
5.18,0.9221505764388536,-1.520321918659671,0.03946905128327347,0.0002575000485407755
5.19,0.936927361737991,-1.5140608853590327,0.03958347141813825,0.0002576231299876888
5.2,0.9516395896928304,-1.507639723405111,0.03969826904600976,0.0002577543690411642
5.21,0.9662856569453905,-1.5010587664645783,0.039813434315818276,0.00025789396073398096
5.22,0.9808639636575125,-1.494318364904262,0.039928957147538434,0.00025804209797305257
5.23,0.9953729136801512,-1.487418885788499,0.04004482722980268,0.00025819897145431343
5.24,1.0098109147226553,-1.4803607128747878,0.04016103401755833,0.0002583647695780914
5.25,1.0241763785220181,-1.47314424660774,0.04027756672977103,0.0002585396783649991
5.26,1.0384677210120827,-1.465769904111324,0.0403944143471777,0.0002587238813724127
5.2700000000000005,1.052683362492683,-1.4582381191793998,0.0405115656100918,0.00025891755961152856
5.28,1.0668217277987027,-1.4505493422645437,0.040629009016264116,0.0002591208914650596
5.29,1.0808812464690363,-1.4427040404651565,0.04074673281880208,0.00025933405260558895
5.3,1.0948603529154315,-1.4347026975108577,0.04086472502415095,0.00025955721591463247
5.3100000000000005,1.1087574865911982,-1.4265458137461582,0.040982973390139975,0.00025979055140244094
5.32,1.122571092159764,-1.4182339061124154,0.041101465424096956,0.0002600342261285544
5.33,1.1362996196630595,-1.4097675081280632,0.041220188381034514,0.0002602884041231799
5.34,1.1499415246897147,-1.4011471698671187,0.04133912926191157,0.0002605532463093954
5.3500000000000005,1.1634952685430497,-1.392373457935964,0.04145827481197347,0.0002608289104262174
5.36,1.1769593184088396,-1.383446955448399,0.041577611519174315,0.0002611155509525754
5.37,1.190332147522837,-1.3743682619989697,0.04169712561268516,0.00026141331903224756
5.38,1.2036122353380345,-1.365137993634563,0.041816803061491666,0.0002617223623997418
5.39,1.216798067691647,-1.355756782824275,0.041936629573084964,0.0002620428253071775
5.4,1.2298881369717969,-1.3462252784275481,0.04205659059224947,0.0002623748484522206
5.41,1.2428809422838838,-1.3365441456605773,0.04217667129995146,0.00026271856890708794
5.42,1.2557749896166204,-1.3267140660609846,0.042296856612332255,0.0002630741200486463
5.43,1.2685687920077156,-1.316735737450764,0.042417131179809955,0.0002634416314896393
5.44,1.2812608697091867,-1.3066098738974945,0.04253747938629356,0.00026382122901109255
5.45,1.2938497503522832,-1.2963372056738234,0.04265788534851354,0.0002642130344959224
5.46,1.306333969112002,-1.2859184792152185,0.042778332915472804,0.0002646171658637542
5.47,1.3187120688711764,-1.2753544570759927,0.04289880566802217,0.00026503373700700444
5.48,1.3309826003841212,-1.264645917883599,0.04301928691856429,0.000265462857728285
5.49,1.3431441224398133,-1.2537936562911975,0.04313975971089022,0.0002659046336790906
5.5,1.355195202024591,-1.2427984829284995,0.0432602068201527,0.00026635916629985163
5.51,1.3671344144843525,-1.231661224350883,0.04338061075298025,0.00026682655276138805
5.5200000000000005,1.3789603436862348,-1.2203827229867885,0.04350095374773627,0.00026730688590775084
5.53,1.390671582179755,-1.2089638370833915,0.04362121777492725,0.0002678002542005136
5.54,1.4022667313573953,-1.1974054406505583,0.0437413845377642,0.0002683067416645415
5.55,1.4137444016146108,-1.1857084234030826,0.043861435472881585,0.00026882642783525524
5.5600000000000005,1.4251032125092453,-1.1738736907012093,0.043981351751217715,0.00026935938770741326
5.57,1.4363417929203328,-1.1619021634894464,0.04410111427906091,0.0002699056916854717
5.58,1.4474587812062678,-1.149794778233667,0.04422070369926543,0.00027046540553551343
5.59,1.4584528253623248,-1.1375524868565063,0.04434010039264128,0.0002710385903387743
5.6000000000000005,1.4693225831775085,-1.1251762566710557,0.04445928447952203,0.0002716253024468335
5.61,1.480066722390716,-1.1126670703128567,0.044578235821514614,0.00027222559343845866
5.62,1.490683920846192,-1.1000259256702,0.044696934023435136,0.0002728395100781263
5.63,1.5011728666482578,-1.0872538358127324,0.044815358435434625,0.0002734670942762713
5.64,1.5115322583152968,-1.0743518289183747,0.04493348815531864,0.0002741083830512777
5.65,1.5217608049329752,-1.0613209481985568,0.045051302031064604,0.0002747634084932251
5.66,1.5318572263066812,-1.048162251821773,0.0451687786635406,0.0002754321977294288
5.67,1.5418202531131637,-1.034876812835462,0.045285896409429385,0.00027611477289178675
5.68,1.5516486270513496,-1.0214657190862166,0.04540263338436122,0.00027681115108596846
5.69,1.5613411009923241,-1.0079300731383294,0.045518967466259094,0.00027752134436246576
5.7,1.5708964391284528,-0.9942709921906762,0.04563487629889976,0.0002782453596895083
5.71,1.5803134171216275,-0.9804896079919468,0.045750337295694006,0.00027898319892789484
5.72,1.5895908222506183,-0.9665870667542256,0.04586532764368939,0.00027973485880773854
5.73,1.59872745355751,-0.9525645290649282,0.04597982430779849,0.000280500330907158
5.74,1.6077221219932085,-0.9384231697971019,0.04609380403525584,0.0002812796016329366
5.75,1.6165736505619952,-0.9241641780180941,0.0462072433603063,0.00028207265220315674
5.76,1.625280874465112,-0.9097887568965952,0.04632011860912768,0.000282879458631833
5.7700000000000005,1.6338426412433575,-0.8952981236080639,0.04643240590499021,0.00028369999171557706
5.78,1.6422578109186792,-0.8806935092385405,0.04654408117365527,0.0002845342170222873
5.79,1.6505252561347366,-0.8659761586868552,0.046655120149015676,0.00028538209488189454
5.8,1.6586438622964244,-0.851147330565239,0.046765498378979656,0.0002862435803791865
5.8100000000000005,1.666612527708332,-0.8362082970983442,0.04687519123160041,0.00028711862334870555
5.82,1.6744301637121228,-0.8211603440206825,0.046984173901453014,0.0002880071683717528
5.83,1.6820956948228158,-0.8060047704724873,0.0470924214162602,0.0002889091547755099
5.84,1.6896080588639495,-0.7907428888940097,0.04719990864376838,0.00028982451663428635
5.8500000000000005,1.6969662071016114,-0.7753760249182551,0.04730661029887497,0.0002907531827729075
5.86,1.704169104377315,-0.7599055172621694,0.04741250095100802,0.00029169507677225865
5.87,1.711215729239705,-0.7443327176162828,0.04751755503175868,0.00029265011697698917
5.88,1.718105074075074,-0.728658990532821,0.04762174684276709,0.0002936182165054075
5.89,1.7248361452366736,-0.7128857133122906,0.04772505056386171,0.0002945992832615441
5.9,1.731407963172799,-0.6970142758885504,0.047827440261452164,0.00029559321994941407
5.91,1.7378195625536335,-0.6810460807123764,0.04792888989717514,0.00029659992408949995
5.92,1.7440699923968324,-0.6649825426335295,0.048029373336792795,0.0002976192880374258
5.93,1.7501583161918304,-0.6488250887813376,0.04812886435934274,0.0002986511990048523
5.94,1.7560836120228542,-0.6325751584437997,0.04822733666653847,0.00029969553908261535
5.95,1.7618449726906245,-0.6162342029452239,0.04832476389241866,0.00030075218526607364
5.96,1.7674415058327275,-0.5998036855224081,0.04842111961324363,0.0003018210094826952
5.97,1.772872334042643,-0.5832850811993756,0.04851637735763686,0.00030290187862188944
5.98,1.7781365949874088,-0.5666798766606742,0.048610510616969124,0.00030399465456707305
5.99,1.7832334415239055,-0.5499895701232516,0.04870349285598251,0.0003050991942299805
6.0,1.788162041813747,-0.5332156712069165,0.04879529752365123,0.0003062153495872198
6.01,1.792921579436757,-0.5163597008033979,0.048885898064275866,0.00030734296771906645
6.0200000000000005,1.797511253503019,-0.49942319094401316,0.04897526792880728,0.0003084818908505002
6.03,1.8019302787634803,-0.4824076846659571,0.04906338058639602,0.0003096319563944867
6.04,1.8061778857190955,-0.4653147358772232,0.04915020953616289,0.0003107929969974969
6.05,1.8102533207284948,-0.44814590922016917,0.04923572831918577,0.0003119648405872492
6.0600000000000005,1.8141558461141583,-0.43090277993373954,0.049319910530697515,0.00031314731042269363
6.07,1.817884740267085,-0.4135869337143566,0.04940272983248951,0.00031434022514621794
6.08,1.8214392977499383,-0.3961999665754931,0.049484159965514786,0.00031554339883805384
6.09,1.8248188293986523,-0.3787434847059388,0.049564174762684585,0.00031675664107291043
6.1000000000000005,1.8280226624224873,-0.36121910432677407,0.0496427481618516,0.00031797975697879993
6.11,1.8310501405025177,-0.34362845154706323,0.04971985421897292,0.00031921254729804665
6.12,1.833900623888536,-0.32597316221828143,0.04979546712144524,0.00032045480845048745
6.13,1.8365734894943637,-0.30825488178748744,0.04986956120160459,0.0003217063325988257
6.140000000000001,1.839068130991549,-0.2904752651492571,0.049942110950382326,0.00032296690771614015
6.15,1.8413839589014425,-0.2726359764963901,0.05001309103110901,0.0003242363176555406
6.16,1.8435204006856334,-0.2547386891694047,0.050082476293457016,0.0003255143422219385
6.17,1.8454769008347365,-0.23678508550483376,0.05015024178751286,0.00032680075724592767
6.18,1.8472529209555133,-0.21877685668233707,0.05021636277796933,0.00032809533465975345
6.19,1.8488479398563167,-0.2007157025706434,0.0502808147584276,0.00032939784257534987
6.2,1.8502614536308455,-0.18260333157233763,0.050343573465798784,0.0003307080453644282
6.21,1.8514929757401963,-0.1644414604675072,0.050404614894794295,0.0003320257037405947
6.22,1.852542037093202,-0.1462318142562627,0.050463915312493814,0.0003333505748434757
6.23,1.8534081861250424,-0.1279761260001475,0.05052145127297952,0.0003346824123248221
6.24,1.8540909888741186,-0.10967613666245202,0.050577199632024755,0.00033602096643657337
6.25,1.8545900290571757,-0.09133359494744728,0.05063113756182497,0.000337365984120856
6.26,1.8549049081426674,-0.07295025713855342,0.050683242565758596,0.0003387172091018845
6.2700000000000005,1.8550352454223475,-0.05452788693545882,0.05073349249316508,0.000340074381979739
6.28,1.8549806780810811,-0.036068255290205305,0.05078186555412698,0.0003414372403259905
6.29,1.8547408612648622,-0.01757314024225544,0.05082834033424286,0.000342805518781142
6.3,1.8543154681470306,0.0009556732474423173,0.05087289580937734,0.0003441789491538552
6.3100000000000005,1.853704189992677,0.019516393463374377,0.050915511360374394,0.00034555726052192546
6.32,1.852906736221226,0.03810722210335257,0.05095616678771987,0.0003469401793349761
6.33,1.8519228344671905,0.05672635444735814,0.050994842326138747,0.0003483274295188317
6.34,1.850752230639087,0.07537197952732269,0.0510315186591126,0.00034971873258153553
6.3500000000000005,1.8493946889765027,0.09404228029782952,0.05106617693330253,0.0003511138077209734
6.36,1.8478499921053098,0.11273543380771875,0.05109879877286248,0.00035251237193406544
6.37,1.8461179410910133,0.13144961137257935,0.05112936629362792,0.0003539141401274799
6.38,1.844198355490232,0.15018297874811107,0.05115786211716444,0.00035531882522983366
6.390000000000001,1.8420910734002987,0.1689336963043395,0.051184269384661016,0.0003567261383053358
6.4,1.8397959515069786,0.18769991920066692,0.051208571770652224,0.0003581357886688265
6.41,1.8373128651302946,0.20647979756174187,0.051230753496553906,0.00035954748400216576
6.42,1.8346417082684572,0.2252714766541299,0.051250799343996505,0.00036096093047193183
6.43,1.83178239363989,0.24407309706376834,0.05126869466794034,0.0003623758328483767
6.44,1.8287348527233485,0.26288279487418753,0.05128442540955706,0.0003637918946255874
6.45,1.8254990357961238,0.28169870184548074,0.05129797810886148,0.0003652088181428137
6.46,1.8220749119703288,0.30051894559400527,0.051309339917078034,0.000366626304706896
6.47,1.8184624692272613,0.3193416497727969,0.05131849860872614,0.0003680440547157533
6.48,1.8146617144498403,0.3381649342526798,0.05132544259340886,0.0003694617677828818
6.49,1.810672673453111,0.35698691530405435,0.051330160927289245,0.00037087914286279355
6.5,1.8064953910128152,0.37580570577934413,0.05133264332423899,0.0003722958783773524
6.51,1.802129930892026,0.39461941529608485,0.051332880166644106,0.00037371167234294877
6.5200000000000005,1.79757637586584,0.4134261504206365,0.0513308625158525,0.0003751262224984572
6.53,1.7928348277441282,0.4322240148525009,0.051326582122248506,0.0003765392264339204
6.54,1.7879054073923404,0.4510111096092261,0.05132003143493979,0.0003779503817198881
6.55,1.782788254750365,0.4697855332118795,0.05131120361104208,0.00037935938603737016
6.5600000000000005,1.7774835288494393,0.48854538187107166,0.05130009252454764,0.00038076593730833384
6.57,1.7719914078271093,0.5072887496735115,0.051286692774763644,0.0003821697338266799
6.58,1.7663120889402417,0.5260137287690753,0.05127099969430685,0.0003835704743896447
6.59,1.7604457885760825,0.5447184095583707,0.05125300935664156,0.0003849678584295554
6.6000000000000005,1.7543927422613663,0.5634008808807771,0.05123271858314796,0.0003863615861458891
6.61,1.7481532046694739,0.5820592302029439,0.05121012494970855,0.0003877513586375582
6.62,1.741727449625639,0.600691543807728,0.05118522679280079,0.0003891368780353593
6.63,1.7351157701102056,0.6192959069835521,0.05115802321508437,0.000390517847634527
6.640000000000001,1.7283184782599368,0.6378704042141644,0.05112851409047229,0.0003918939720273278
6.65,1.7213359053673745,0.6564131193687825,0.05109670006867517,0.00039326495723561884
6.66,1.7141684018782544,0.6749221358926009,0.05106258257920901,0.00039463051084331083
6.67,1.7068163373869765,0.6933955369976446,0.05102616383485689,0.00039599034212866734
6.68,1.6992801006301335,0.71183140585395,0.050987446834576004,0.0003973441621963728
6.69,1.6915600994780995,0.7302278257810539,0.05094643536584172,0.00039869168410930903
6.7,1.6836567609246818,0.7485828804397717,0.050903134006421276,0.0004000326230199609
6.71,1.6755705310748386,0.7668946540242467,0.05085754812557007,0.00040136669630138505
6.72,1.6673018751304662,0.7851612314542509,0.05080968388464451,0.000402693623677682
6.73,1.6588512773742585,0.8033806985677189,0.05075954823712575,0.00040401312735391257
6.74,1.6502192411516425,0.8215511423134968,0.050707148928049554,0.0004053249321453457
6.75,1.6414062888507954,0.8396706509442853,0.050652494492838214,0.0004066287656060292
6.76,1.6324129618807441,0.8577373142097603,0.050595594255531076,0.00040792435815659167
6.7700000000000005,1.623239820647555,0.8757492235498513,0.050536458326411175,0.0004092114432111834
6.78,1.6138874445286158,0.8937044722881586,0.050475097599026006,0.0004104897573035228
6.79,1.604356431845017,0.9116011558254908,0.05041152374660148,0.00041175904021197837
6.8,1.594647399832034,0.929437371833504,0.05034574921784872,0.0004130190350835969
6.8100000000000005,1.5847609846077202,0.9472112204484231,0.05027778723216417,0.0004142694885570291
6.82,1.5746978411396109,0.9649208044648284,0.05020765177422441,0.00041551015088430284
6.83,1.5644586432095478,0.9825642295294861,0.05013535758797776,0.00041674077605133715
6.84,1.554044083376628,1.000139604335206,0.05006092017003558,0.0004179611218971652
6.8500000000000005,1.5434548729382827,1.0176450408147069,0.049984355762467014,0.00041917095023180173
6.86,1.5326917418894928,1.0350786543344714,0.049905681345001854,0.00042037002695267077
6.87,1.5217554388801473,1.0524385638885712,0.049824914626646705,0.0004215581221595618
6.88,1.5106467311705494,1.0697228922924436,0.049742074036720804,0.00042273501026801754
6.890000000000001,1.499366404585079,1.0869297663766024,0.049657178715318454,0.00042390047012112953
6.9,1.4879152634640156,1.1040573171802637,0.049570248503205835,0.0004250542850996599
6.91,1.4762941306135298,1.121103680144866,0.04948130393116089,0.000426196243230422
6.92,1.4645038472538492,1.1380669953074702,0.04939036620876555,0.00042732613729289337
6.93,1.4525452729656068,1.1549454074940182,0.049297457212660656,0.00042844376492398215
6.94,1.4404192856343758,1.1717370665124311,0.04920259947427432,0.00042954892872089443
6.95,1.4281267813934015,1.1884401273455314,0.0491058161670356,0.00043064143634204713
6.96,1.4156686745645344,1.2050527503437678,0.049007131093085785,0.00043172110060600696
6.97,1.4030458975973719,1.2215731014177273,0.048906568669500564,0.00043278773958833395
6.98,1.3902594010066176,1.2379993522304127,0.04880415391403686,0.00043384117671633647
6.99,1.377310153307663,1.25432968038927,0.0486999124304189,0.00043488124086168474
7.0,1.3641991409503997,1.2705622696379468,0.04859387039317873,0.00043590776643081565
7.01,1.3509273682512692,1.2866953100477627,0.04848605453206708,0.00043692059345309557
7.0200000000000005,1.3374958573235578,1.3027269982088745,0.0483764921160509,0.0004379195676666755
7.03,1.323905648005943,1.318655537421117,0.04826521093691479,0.00043890454060203975
7.04,1.3101577977892997,1.3344791378845033,0.04815223929248383,0.0004398753696631579
7.05,1.296253381741772,1.3501960168893627,0.04803760596948596,0.00044083191820623157
7.0600000000000005,1.2821934924321192,1.3658043990061033,0.04792134022607268,0.0004417740556159824
7.07,1.2679792398513423,1.3813025162745762,0.04780347177401703,0.00044270165737945674
7.08,1.2536117513325988,1.396688608393028,0.04768403076060859,0.00044361460515730203
7.09,1.239092171469412,1.4119609229066192,0.04756304775026536,0.0004445127868524917
7.1000000000000005,1.224421662032183,1.4271177153954944,0.04744055370588294,0.00044539609667644645
7.11,1.209601401883012,1.4421572496623838,0.04731657996994173,0.0004462644352125338
7.12,1.1946325868888354,1.45707779791972,0.047191158245393106,0.00044711770947694515
7.13,1.1795164298328884,1.4718776409762513,0.047064320576345894,0.0004479558329768683
7.140000000000001,1.164254160324495,1.4865550684231332,0.046936099328574635,0.00044877872576595443
7.15,1.1488470247071985,1.5011083788194823,0.04680652716987137,0.00044958631449710395
7.16,1.1332962859652342,1.5155358798773735,0.04667563705026283,0.00045037853247245976
7.17,1.117603223628355,1.529835888646262,0.046543462182115,0.0004511553196906331
7.18,1.101769133675014,1.544006731696815,0.04641003602014713,0.00045191662289119984
7.19,1.0857953284339117,1.5580467453041336,0.046275392241377375,0.0004526623955963253
7.2,1.0696831364839172,1.5719542756303477,0.046139564725022134,0.00045339259814959886
7.21,1.0534339025523651,1.5857276789065666,0.04600258753237122,0.0004541071977520506
7.22,1.0370489874117392,1.5993653216141677,0.04586449488666092,0.00045480616849530715
7.23,1.020529767774747,1.612865580665406,0.04572532115296681,0.0004554894913919012
7.24,1.0038776361877924,1.6262268435833271,0.045585100818138206,0.0004561571544027025
7.25,0.9870940009228543,1.6394475086809654,0.04544386847079572,0.00045680915246149083
7.26,0.9701802858677754,1.6525259852398115,0.04530165878141345,0.00045744548749665037
7.2700000000000005,0.9531379304149689,1.66546069368753,0.045158506482506855,0.00045806616844997866
7.28,0.9359683893485495,1.678250065774912,0.045014446348947156,0.00045867121129261704
7.29,0.9186731327298953,1.6908925447520438,0.04486951317842282,0.0004592606390380826
7.3,0.9012536457816452,1.7033865855436745,0.04472374177206825,0.0004598344817524141
7.3100000000000005,0.8837114287701417,1.7157306549237665,0.0445771669152795,0.0004603927765614475
7.32,0.8660479968863212,1.7279232316892108,0.044429823358736326,0.0004609355676551927
7.33,0.8482648801250605,1.7399628068326891,0.04428174579964944,0.0004614629062893239
7.34,0.8303636231629867,1.7518478837146678,0.044132968863251486,0.00046197485078381024
7.3500000000000005,0.8123457852347535,1.7635769782345048,0.043983527084549515,0.000462471466518682
7.36,0.7942129400077929,1.775148619000653,0.04383345489035642,0.00046295282592690373
7.37,0.7759666754555478,1.7865613474999427,0.043682786581618095,0.0004634190084844251
7.38,0.7576085937291914,1.797813718265928,0.043531556316052475,0.00046387010069737157
7.390000000000001,0.7391403110278403,1.8089042990462758,0.04337979809111619,0.00046430619608640514
7.4,0.7205634574672659,1.8198316709691864,0.04322754572731367,0.0004647273951682672
7.41,0.7018796769471136,1.830594428708823,0.04307483285186307,0.00046513380543449574
7.42,0.6830906270166326,1.841191180649737,0.04292169288273269,0.0004655255413273729
7.43,0.6641979787389248,1.8516205490502713,0.04276815901306082,0.0004659027242130641
7.44,0.6452034165537194,1.8618811702049236,0.04261426419597121,0.00046626548235200973
7.45,0.6261086381386775,1.8719716946056546,0.042460041129795796,0.0004666139508665644
7.46,0.6069153542692358,1.8818907871021229,0.04230552224371547,0.0004669482717058884
7.47,0.5876252886769948,1.8916371270608305,0.04215073968382891,0.00046726859360813233
7.48,0.5682401779066575,1.9012094085231623,0.041995725299658865,0.0004675750720599379
7.49,0.5487617711715266,1.910606340362303,0.04184051063110444,0.0004678678692532538
7.5,0.529191830207566,1.919826646439014,0.04168512689584717,0.00046814715403947294
7.51,0.5095321291260346,1.9288690657562535,0.04152960497721802,0.00046841310188096324
7.5200000000000005,0.489784454264698,1.9377323526126267,0.04137397541253149,0.000468665894799967
7.53,0.4699506040376264,1.9464152767546425,0.04121826838189248,0.00046890572132489926
7.54,0.45003238878358537,1.9549166235277684,0.04106251369748056,0.0004691327764341029
7.55,0.4300316306130268,1.9632351940262607,0.04090674079331577,0.00046934726149702326
7.5600000000000005,0.4099501632536879,1.9713698052417572,0.04075097871550912,0.0004695493842128658
7.57,0.38978983189480537,1.9793192902106145,0.040595256113000314,0.00046973935854676633
7.58,0.36955249302995286,1.987082498159974,0.04043960122878458,0.00046991740466347204
7.59,0.3492400142985093,1.9946582946525404,0.04028404189162947,0.00047008374885857025
7.6000000000000005,0.3288542743257666,2.0020455617300565,0.040128605508282095,0.00047023862348728474
7.61,0.30839716256168437,2.0092431980554566,0.03997331905616637,0.00047038226689089137
7.62,0.2878705791183007,2.0162501190536863,0.03981820907656919,0.00047051492332074576
7.63,0.2672764346058068,2.023065257051168,0.03966330166831377,0.00047063684285994343
7.640000000000001,0.24661664996729488,2.0296875614138967,0.0395086224819178,0.0004707482813426915
7.65,0.22589315631218806,2.036115998684157,0.03935419671423325,0.00047084950027137393
7.66,0.2051078947483611,2.042349552715833,0.03920004910356428,0.0004709407667313306
7.67,0.18426281621296167,2.048387224808306,0.03904620392525882,0.00047102235330342415
7.68,0.1633598813019415,2.054228033838922,0.03889268498776901,0.00047109453797438637
7.69,0.1424010600983072,2.0598710163940055,0.038739515629175075,0.0004711576040449731
7.7,0.12138833199910057,2.0653152268984165,0.03858671871416658,0.00047121184003598513
7.71,0.10032368554111887,2.0705597377436256,0.03843431663147459,0.0004712575395921422
7.72,0.07920911822538503,2.075603639414293,0.0382823312917477,0.00047129500138388394
7.73,0.0580466363403788,2.0804460406133427,0.03813078412586443,0.0004713245290071003
7.74,0.03683825478403947,2.0850860683855053,0.037979696083674123,0.000471346430880827
7.75,0.01558599688455128,2.0895228682393263,0.037829087633157794,0.00047136102014293376
7.76,-0.005708105780077102,2.0937556042676135,0.0376789787600004,0.00047136861454384914
7.7700000000000005,-0.027042013563627475,2.097783459266317,0.03752938896756513,0.00047136953633835005
7.78,-0.04841367893446964,2.1016056348518224,0.037380337277260416,0.00047136411217542996
7.79,-0.06982104665952943,2.105221351576642,0.0372318422292897,0.00047135267298629714
7.8,-0.09126205398941493,2.1086298490434907,0.03708392188377389,0.00047133555387053697
7.8100000000000005,-0.11273463084468852,2.111830386017734,0.03693659382223608,0.0004713130939804596
7.82,-0.1342367000032715,2.114822240538187,0.03678987514943787,0.0004712856364036689
7.83,-0.15576617728896885,2.1176047100262556,0.036643782495556436,0.0004712535280438913
7.84,-0.17732097176110012,2.120177111393404,0.03649833201869125,0.00047121711950010226
7.8500000000000005,-0.19889898590522356,2.1225387811469325,0.03635353940768919,0.000471176764943972
7.86,-0.22049811582493908,2.1246890754940533,0.036209419885276685,0.0004711328219956767
7.87,-0.2421162514347563,2.126627370444249,0.036065988211487286,0.0004710856515981127
7.88,-0.2637512766540132,2.1283530619099005,0.035923258687373165,0.0004710356178895397
7.890000000000001,-0.2854010696018311,2.129865565805169,0.03578124515898869,0.0004709830880746917
7.9,-0.3070635027930901,2.131164318143121,0.03563996102163448,0.0004709284322944091
7.91,-0.3287364433354116,2.132248775131079,0.035499419224349994,0.0004708720234938096
7.92,-0.35041775312713075,2.133118413264189,0.03535963227464303,0.0004708142372890366
7.930000000000001,-0.3721052890562444,2.133772729417186,0.03522061224344417,0.0004707554518326443
7.94,-0.39379690320031807,2.134211240934348,0.035082370770274575,0.00047069604767763934
7.95,-0.4154904430273362,2.1344334857176253,0.03494491906861533,0.000470636407640227
7.96,-0.43718375159747913,2.134439022312929,0.03480826793146677,0.00047057691666129613
7.97,-0.4588746677658102,2.1342274299945694,0.03467242773708625,0.00047051796166669115
7.98,-0.480561026385856,2.133798308847831,0.03453740845489286,0.0004704599314263144
7.99,-0.5022406585140631,2.133151279849667,0.034403219651527865,0.0004704032164120933
8.0,-0.5239113916151134,2.132285984947508,0.03426987049705967,0.00047034820865485424
8.01,-0.5455710497680808,2.131202087136168,0.034137369771322326,0.0004702953016001589
8.02,-0.5672174538734118,2.1298992705328352,0.034005725870376646,0.000470244889963135
8.03,-0.588848421860711,2.1283772404501398,0.03387494681308345,0.00047019736958234476
8.040000000000001,-0.6104617688973136,2.1266357234672806,0.03374504024777829,0.00047015313727275757
8.05,-0.6320553075976282,2.1246744674992053,0.03361601345903754,0.00047011259067784324
8.06,-0.6536268482332276,2.12249324186383,0.03348787337452577,0.0004700761281208451
8.07,-0.6751741989436723,2.1200918373472826,0.03336062657191461,0.0004700441484552915
8.08,-0.6966951659480453,2.1174700662671695,0.0332342792858635,0.00047001705091477536
8.09,-0.71818755375718,2.114627762533842,0.03310883741505307,0.0004699952349620627
8.1,-0.7396491653865614,2.11156478170966,0.03298430652926209,0.00046997910013757047
8.11,-0.7610778025698803,2.1082810010662407,0.03286069187647909,0.0004699690459072578
8.120000000000001,-0.7824712659732215,2.1047763196396803,0.03273799839004021,0.0004699654715100088
8.13,-0.8038273554098654,2.1010506582837376,0.03261623069578505,0.00046996877580453294
8.14,-0.8251438700556832,2.097103959720974,0.032495393119222345,0.000469979357115823
8.15,-0.8464186086651044,2.0929361885918345,0.032375489692698003,0.00046999761308126104
8.16,-0.8676493697876365,2.088547331501663,0.032256524162557886,0.00047002394049639525
8.17,-0.8888339519849164,2.0839373970656427,0.03213849999629829,0.0004700587351604426
8.18,-0.909970154048272,2.0791064159516486,0.032021420389697255,0.0004701023917215804
8.19,-0.9310557752167725,2.0740544409210084,0.03190528827392014,0.00047015530352208365
8.2,-0.9520886153957482,2.068781546867159,0.031790106322593145,0.00047021786244335164
8.21,-0.9730664753757551,2.06328783085219,0.031675876958838826,0.0004702904587508724
8.22,-0.9939871570519655,2.057573412141267,0.03156260236226792,0.0004703734809392048
8.23,-1.0148484636439616,2.0516384322349257,0.03145028447592198,0.00047046731557703035
8.24,-1.035648199915911,2.0454830548992287,0.03133892501316174,0.00047057234715229724
8.25,-1.0563841723971006,2.0391074661937756,0.031228525464496355,0.00047068895791755027
8.26,-1.0770541896028087,2.0325118744975623,0.031119087104348863,0.0004708175277354856
8.27,-1.097656062255492,2.025696510532678,0.031010610997753634,0.0004709584339247939
8.28,-1.118187603506265,2.0186616273858338,0.03090309800698171,0.0004711120511063815
8.290000000000001,-1.1386466291566504,2.011407500527717,0.030796548798090278,0.0004712787510499496
8.3,-1.1590309578805764,2.003934427830163,0.03069096384739274,0.000471458902521045
8.31,-1.1793384114466,1.9962427295811365,0.030586343447846144,0.00047165287112866056
8.32,-1.1995668149403311,1.9883327484975206,0.030482687715352903,0.0004718610191734026
8.33,-1.2197139969870388,1.980204849735701,0.0303799965949741,0.0004720837054962871
8.34,-1.2397777899744105,1.9718594208999436,0.030278269867051757,0.0004723212853282417
8.35,-1.2597560302754476,1.9632968720485584,0.03017750715323784,0.00047257411014037834
8.36,-1.27964655847147,1.9545176356978442,0.030077707922427865,0.00047284252749507655
8.370000000000001,-1.299447219575208,1.9455221668238072,0.029978871496597278,0.00047312688089795005
8.38,-1.3191558632539584,1.9363109428616512,0.0298809970565389,0.0004734275096507635
8.39,-1.3387703440527814,1.9268844637030316,0.02978408364750008,0.0004737447487053174
8.4,-1.3582885216177134,1.91724325169107,0.029688130184718206,0.00047407892851842785
8.41,-1.377708260918976,1.907387851613125,0.029593135458853594,0.0004744303749080215
8.42,-1.397027432474152,1.8973188306913131,0.029499098141318826,0.00047479940891038725
8.43,-1.4162439125713118,1.8870367785707778,0.029406016789503886,0.00047518634663871377
8.44,-1.4353555834920597,1.876542307305702,0.029313889851896507,0.0004755914991428812
8.45,-1.4543603337344817,1.8658360513430599,0.029222715673097425,0.0004760151722706463
8.46,-1.4732560582359684,1.8549186675041054,0.029132492498730265,0.0004764576665302469
8.47,-1.49204065859589,1.8437908349635939,0.029043218480246068,0.0004769192769544716
8.48,-1.5107120432981005,1.8324532552267339,0.028954891679622455,0.00047740029296628345
8.49,-1.5292681279332443,1.8209066521038664,0.02886751007395772,0.0004779009982460456
8.5,-1.547706835420847,1.80915177168287,0.028781071559960125,0.0004784216706004094
8.51,-1.56602609623116,1.7971893822992873,0.028695573958332905,0.00047896258183290877
8.52,-1.584223848606741,1.7850202745041737,0.02861101501805553,0.00047952399761634347
8.53,-1.6022980387837416,1.7726452610296644,0.028527392420561924,0.00048010617736698004
8.540000000000001,-1.6202466212128812,1.7600651767522593,0.02844470378381641,0.0004807093741206815
8.55,-1.6380675587800844,1.7472808786538236,0.028362946666288257,0.00048133383441095577
8.56,-1.6557588230267528,1.7342932457803046,0.028282118570825816,0.0004819797981490101
8.57,-1.673318394369654,1.7211031791981615,0.028202216948431273,0.000482647498505906
8.58,-1.690744262320398,1.7077116019485092,0.02812323920193715,0.00048333716179678883
8.59,-1.708034425704483,1.6941194589989772,0.028045182689585745,0.00048404900736732204
8.6,-1.7251868928798804,1.6803277171932791,0.027968044728512803,0.0004847832474823504
8.61,-1.7421996819551404,1.6663373651984972,0.027891822598136693,0.0004855400872168237
8.620000000000001,-1.7590708210069923,1.6521494134500805,0.027816513543454498,0.00048631972434908264
8.63,-1.775798348297415,1.6377648940945568,0.02774211477824644,0.0004871223492565389
8.64,-1.7923803124901554,1.6231848609299604,0.027668623488190117,0.0004879481448137787
8.65,-1.8088147728666708,1.6084103893439752,0.02759603683388603,0.0004887972862931742
8.66,-1.8250997995414697,1.5934425762497961,0.027524351953796017,0.0004896699412680469
8.67,-1.8412334736768308,1.5782825400197098,0.027453565967096086,0.0004905662695184019
8.68,-1.857213887696872,1.5629314204163955,0.027383675976445334,0.0004914864229393323
8.69,-1.873039145500951,1.5473903785219496,0.027314679070672525,0.0004924305454521189
8.700000000000001,-1.8887073626763689,1.5316605966646346,0.02724657232738201,0.0004933987729180487
8.71,-1.9042166667103573,1.515743278343357,0.02717935281548065,0.0004943912330550443
8.72,-1.9195651972013223,1.4996396481498744,0.027113017597627395,0.0004954080453571149
8.73,-1.9347511060693252,1.483350951688737,0.02704756373260726,0.0004964493210166943
8.74,-1.949772557765772,1.4668784554949656,0.026982988277631324,0.0004975151628498929
8.75,-1.964627729482294,1.4502234469494697,0.026919288290564523,0.0004986056652247117
8.76,-1.9793148113587904,1.4333872341922098,0.02685646083208288,0.0004997209139922999
8.77,-1.993832006690615,1.4163711460331072,0.026794502967761896,0.000500860986421221
8.78,-2.0081775321348796,1.3991765318607063,0.02673341177009779,0.000502025951134812
8.790000000000001,-2.0223496179158533,1.3818047615485936,0.026673184320463283,0.0005032158680517009
8.8,-2.036346508029434,1.3642572253595766,0.026613817710999577,0.0005044307883294534
8.81,-2.050166460446669,1.3465353338476316,0.026555309046446225,0.0005056707543114525
8.82,-2.0638077473163023,1.328640517757619,0.026497655445910547,0.0005069357994769971
8.83,-2.077268655166324,1.3105742279227792,0.026440854044578205,0.0005082259483946802
8.84,-2.090547485104503,1.292337935160008,0.026384901995366587,0.0005095412166790764
8.85,-2.1036425530178757,1.2739331301629213,0.026329796470522592,0.0005108816109507411
8.86,-2.1165521897711685,1.2553613233927148,0.026275534663166435,0.0005122471287996399
8.870000000000001,-2.129274741404138,1.2366240449668224,0.026222113788782985,0.0005136377587518999
8.88,-2.141808569327796,1.2177228445453845,0.026169531086662246,0.0005150534802400232
8.89,-2.154152050519506,1.1986592912155283,0.026117783821290468,0.0005164942635765916
8.9,-2.166303577716924,1.17943497337347,0.0260668692836934,0.0005179600699313731
8.91,-2.1782615596107626,1.160051498604446,0.026016784792733182,0.000519450851311982
8.92,-2.1900244210363558,1.140510493560479,0.025967527696360286,0.0005209665505480697
8.93,-2.201590603164005,1.1208136038359897,0.025919095372822006,0.000522507101279044
8.94,-2.21295856368808,1.1009624938412577,0.025871485231828834,0.0005240724279453492
8.950000000000001,-2.2241267770148574,1.0809588466737452,0.025824694715680153,0.0005256624457833629
8.96,-2.235093734449069,1.0608043639872875,0.025778721300350558,0.000527277060823894
8.97,-2.2458579443791478,1.0405007658591612,0.025733562496538152,0.0005289161698942807
8.98,-2.2564179324611393,1.020049790655039,0.02568921585067614,0.0005305796606241336
8.99,-2.266772241801264,0.9994531948918393,0.025645678945908922,0.0005322674114547454
9.0,-2.2769194331371074,0.9787127530984812,0.025602949403034023,0.0005339792916521564
9.01,-2.2868580850174167,0.9578302576745534,0.02556102488141099,0.0005357151613238797
9.02,-2.296586793980482,0.9368075187469085,0.025519903079838514,0.0005374748714393184
9.03,-2.30610417473108,0.9156463640241899,0.02547958173740089,0.0005392582638538714
9.040000000000001,-2.3154088603159666,0.8943486386493057,0.025440058634284994,0.0005410651713367609
9.05,-2.3244995022978854,0.8729162050498563,0.02540133159256883,0.000542895417602521
9.06,-2.3333747709280823,0.8513509427865291,0.02536339847698281,0.0005447488173461909
9.07,-2.3420333553173,0.82965474839947,0.025326257195644727,0.0005466251762822582
9.08,-2.3504739636052325,0.8078295352526433,0.025289905700769527,0.0005485242911872736
9.09,-2.358695323128423,0.7858772333761924,0.025254341989354837,0.0005504459499461872
9.1,-2.3666961805865796,0.7637997893068105,0.025219564103843243,0.0005523899316023676
9.11,-2.374475302207291,0.7415991659261365,0.02518557013276227,0.000554356006411327
9.120000000000001,-2.382031473909125,0.719277342297186,0.02515235821134298,0.000556343935898172
9.13,-2.3893635014630856,0.6968363134988299,0.025119926522118093,0.000558353472918689
9.14,-2.3964702106524127,0.6742780904583349,0.025088273295500497,0.0005603843617241317
9.15,-2.4033504474307015,0.6516046997819762,0.02505739681034303,0.0005624363380296811
9.16,-2.4100030780783244,0.6288181835837381,0.025027295394480314,0.0005645091290865506
9.17,-2.4164269893571375,0.6059205993121131,0.024997967425253478,0.0005666024537577304
9.18,-2.4226210886634485,0.5829140195750155,0.024969411330018548,0.0005687160225973567
9.19,-2.4285843041792305,0.5598005319628218,0.02494162558663925,0.0005708495379337091
9.200000000000001,-2.4343155850215616,0.5365822388695507,0.02491460872396497,0.0005730026939557749
9.21,-2.4398139013902713,0.5132612573122004,0.024888359322294575,0.0005751751768033991
9.22,-2.445078244713777,0.4898397187482536,0.024862876013826814,0.0005773666646609884
9.23,-2.4501076277930887,0.466319768891367,0.024838157483097933,0.0005795768278547357
9.24,-2.4549010849439687,0.44270356752525974,0.0248142024674072,0.0005818053289533507
9.25,-2.4594576721372228,0.4189932883158153,0.02479100975723092,0.0005840518228722765
9.26,-2.463776467137109,0.3951911186214124,0.024768578196625604,0.0005863159569813516
9.27,-2.467856569637846,0.3712992593015002,0.02474690668362084,0.000588597371215895
9.28,-2.4716971013981985,0.3473199245234335,0.02472599417060248,0.000590895698191185
9.290000000000001,-2.4752972063741305,0.32325534156758357,0.024705839664686674,0.0005932105633203099
9.3,-2.4786560508495032,0.2991077506307405,0.02468644222808528,0.000595541584935331
9.31,-2.481772823564801,0.2748794046278243,0.024667800978463203,0.0005978883744117468
9.32,-2.4846467358438713,0.25057256899191926,0.024649915089288158,0.0006002505362962186
9.33,-2.487277021718658,0.2261895214726505,0.02463278379017331,0.0006026276684375114
9.34,-2.4896629380519175,0.2017325519329175,0.02461640636721331,0.0006050193621206199
9.35,-2.491803764657892,0.1772039621440029,0.024600782163314145,0.0006074252022040268
9.36,-2.4936988044209336,0.15260606557907347,0.02458591057851729,0.0006098447672600769
9.370000000000001,-2.4953473834120565,0.12794118720509018,0.024571791070318504,0.0006122776297183899
9.38,-2.496748851003404,0.103211663273146,0.02455842315398179,0.0006147233560122927
9.39,-2.4979025799806145,0.07841984110724812,0.024545806402848806,0.000617181506728219
9.4,-2.49880796665307,0.053568078891563356,0.024533940448644202,0.0006196516367580187
9.41,-2.4994644309620133,0.028658745456144698,0.024522824981777186,0.0006221332954541431
9.42,-2.499871416586518,0.0036942200611572475,0.02451245975163971,0.0006246260267876449
9.43,-2.5000283910472945,-0.021323107820377687,0.024502844566901605,0.0006271293695089493
9.44,-2.4999348458083217,-0.04639083872130172,0.024493979295803013,0.0006296428573113328
9.450000000000001,-2.4995902963762853,-0.07150656340048274,0.024485863866444395,0.0006321660189970693
9.46,-2.4989942823978115,-0.09666786306440338,0.024478498267074482,0.0006346983786461752
9.47,-2.498146367754479,-0.12187230959015533,0.024471882546376392,0.0006372394557877075
9.48,-2.4970461406555984,-0.14711746574982004,0.02446601681375227,0.000639788765573548
9.49,-2.4956932137287433,-0.17240088543621604,0.024460901239606665,0.0006423458189546171
9.5,-2.4940872241080205,-0.19772011388999314,0.02445653605562893,0.0006449101228594664
9.51,-2.4922278335200634,-0.22307268792805354,0.024452921555074905,0.0006474811803751672
9.52,-2.490114728367741,-0.2484561361732795,0.02445005809304811,0.000650058490930456
9.53,-2.4877476198115627,-0.2738679792855475,0.024447946086780678,0.000652641550481059
9.540000000000001,-2.4851262438487707,-0.299305730194008,0.02444658601591425,0.0006552298516971286
9.55,-2.4822503613901064,-0.3247668943306105,0.02444597842278105,0.000657822884152736
9.56,-2.4791197583342384,-0.35024896986485266,0.02444612391268536,0.0006604201345173457
9.57,-2.4757342456398392,-0.3757494479397329,0.02444702315418553,0.000663021086749207
9.58,-2.4720936593952985,-0.40126581290888486,0.024448676879376758,0.0006656252222905835
9.59,-2.4681978608860646,-0.42679554257487257,0.024451085884174814,0.0006682320202647688
9.6,-2.4640467366595975,-0.45233610842862504,0.024454251028600837,0.0006708409576747969
9.61,-2.4596401985879264,-0.47788497588998813,0.024458173237067397,0.0006734515096037906
9.620000000000001,-2.454978183927798,-0.5034396045493724,0.024462853498665966,0.0006760631494168659
9.63,-2.4500606553784063,-0.5289974484104746,0.024468292867455915,0.0006786753489645101
9.64,-2.4448876011366947,-0.5545559561340507,0.024474492462755203,0.0006812875787873865
9.65,-2.439459034950213,-0.5801125712827188,0.024481453469432844,0.0006838993083224695
9.66,-2.433774996167531,-0.6056647325667682,0.024489177138203325,0.0006865100061104096
9.67,-2.4278355497861854,-0.631209874090954,0.024497664785923013,0.0006891191400041089
9.68,-2.421640786498163,-0.656745425602252,0.024506917795888712,0.0006917261773783864
9.69,-2.4151908227329,-0.6822688127385541,0.02451693761813843,0.0006943305853406488
9.700000000000001,-2.408485800697794,-0.7077774572782779,0.02452772576975445,0.0006969318309425218
9.71,-2.401525888416221,-0.7332687773908705,0.0245392838351688,0.0006995293813923353
9.72,-2.3943112797630413,-0.7587401878881809,0.02455161346647114,0.0007021227042683763
9.73,-2.3868421944975955,-0.7841891004766788,0.0245647163837192,0.0007047112677328499
9.74,-2.379118878294174,-0.8096129240104961,0.024578594375251783,0.000707294540746461
9.75,-2.371141602769956,-0.8350090647452674,0.024593249298004376,0.0007098719932835118
9.76,-2.3629106655104097,-0.8603749265927451,0.02460868307782742,0.0007124430965474407
9.77,-2.354426390092147,-0.8857079113761663,0.024624897709807296,0.0007150073231867569
9.78,-2.345689126103221,-0.9110054190863474,0.024641895258589994,0.0007175641475112292
9.790000000000001,-2.3366992491608642,-0.9362648481384801,0.024659677858707558,0.0007201130457082589
9.8,-2.3274571609266594,-0.9614835956296082,0.024678247714907245,0.0007226534960593877
9.81,-2.3179632891191346,-0.9866590575967574,0.02469760710248346,0.0007251849791568151
9.82,-2.308218087523776,-1.0117886292756961,0.024717758367612416,0.0007277069781198423
9.83,-2.298222036000456,-1.0368697053603004,0.024738703927689547,0.000730218978811184
9.84,-2.2879756404882663,-1.0618996802625011,0.02476044627166962,0.000732720470053034
9.85,-2.277479433007753,-1.0868759483727852,0.02478298796040954,0.0007352109438427929
9.86,-2.2667339716605452,-1.1117959043212289,0.024806331627013813,0.0007376898955684067
9.870000000000001,-2.2557398406263798,-1.1366569432390363,0.024830479977182608,0.0007401568242232148
9.88,-2.2444976501575034,-1.1614564610205595,0.02485543578956237,0.0007426112326201663
9.89,-2.2330080365704643,-1.1861918545857728,0.024881201916098942,0.0007450526276053876
9.9,-2.2212716622352744,-1.2108605221431779,0.02490778128239312,0.000747480520271022
9.91,-2.209289215561947,-1.235459863453114,0.024935176888058536,0.0007498944261671626
9.92,-2.1970614109844018,-1.259987280091447,0.024963391807081837,0.0007522938655128696
9.93,-2.1845889889417354,-1.284440175713611,0.024992429188185023,0.0007546783634061741
9.94,-2.1718727158568534,-1.3088159563189807,0.025022292255189853,0.0007570474500329739
9.950000000000001,-2.15891338411246,-1.3331120305155428,0.025052984307384226,0.0007594006608746805
9.96,-2.1457118120244054,-1.3573258097848453,0.025084508719890392,0.0007617375369146311
9.97,-2.1322688438123825,-1.3814547087471971,0.02511686894403487,0.0007640576248431177
9.98,-2.1185853495679776,-1.405496145427092,0.025150068507719954,0.0007663604772609256
9.99,-2.104662225220068,-1.4294475415188306,0.02518411101579661,0.0007686456528813334
10.0,-2.090500392497567,-1.4533063226523142,0.02521900015043866,0.0007709127167304923
10.01,-2.0761007988895113,-1.4770699186589853,0.025254739671518055,0.0007731612403460801
10.02,-2.061464417602497,-1.5007357638378873,0.025291333416981043,0.0007753908019741433
10.03,-2.0465922475154534,-1.5243012972218177,0.02532878530322508,0.0007776009867640248
10.040000000000001,-2.0314853131317623,-1.5477639628435476,0.02536709932547624,0.0007797913869613366
10.05,-2.016144664528716,-1.571121210002082,0.02540627955816695,0.0007819616020988901
10.06,-2.0005713773043188,-1.594370493528934,0.02544633015531379,0.0007841112391854347
10.07,-1.984766552521426,-1.6175092740543862,0.025487255350895147,0.0007862399128921865
10.08,-1.9687313166492295,-1.6405350182737124,0.025529059459228464,0.0007883472457370478
10.09,-1.9524668215020806,-1.6634451992133337,0.02557174687534683,0.0007904328682664348
10.1,-1.9359742441756573,-1.6862372964968813,0.025615322075374616,0.0007924964192346046
10.11,-1.9192547869804755,-1.7089087966111396,0.025659789616901907,0.0007945375457804575
10.120000000000001,-1.9023096773727446,-1.7314571931718443,0.025705154139357388,0.0007965559036016787
10.13,-1.8851401678825699,-1.7538799871893047,0.0257514203643794,0.0007985511571261557
10.14,-1.8677475360395042,-1.7761746873338284,0.025798593096184833,0.0008005229796806308
10.15,-1.8501330842954482,-1.7983388102009172,0.0258466772219355,0.0008024710536564364
10.16,-1.8322981399449059,-1.8203698805762092,0.025895677712101633,0.0008043950706723218
10.17,-1.8142440550425936,-1.8422654317001406,0.025945599620822168,0.0008062947317342276
10.18,-1.7959722063184091,-1.8640230055322986,0.02599644808626135,0.0008081697473919418
10.19,-1.7774839950897618,-1.8856401530154394,0.026048228330961345,0.0008100198378926215
10.200000000000001,-1.7587808471712676,-1.9071144343391442,0.026100945662190362,0.0008118447333310415
10.21,-1.7398642127818127,-1.9284434192030855,0.026154605472285892,0.0008136441737965069
10.22,-1.7207355664489914,-1.9496246870798777,0.026209213238992588,0.0008154179095163832
10.23,-1.701396406910919,-1.970655827477483,0.026264774525794295,0.0008171657009961827
10.24,-1.6818482570154285,-1.9915344402011488,0.026321294982239785,0.0008188873191560983
10.25,-1.6620926636166506,-2.012258135614845,0.026378780344261624,0.000820582545463917
10.26,-1.6421311974689887,-2.032824534902177,0.026437236434487678,0.0008222511720643053
10.27,-1.6219654531184873,-2.053231270326749,0.0264966691625447,0.0008238930019043573
10.28,-1.601597048791605,-2.0734759854919442,0.026557084525353405,0.0008255078488553144
10.290000000000001,-1.5810276262813943,-2.0935563356001032,0.026618488607414455,0.00082709553783045
10.3,-1.5602588508310962,-2.1134699877110643,0.026680887581084733,0.0008286559048990351
10.31,-1.5392924110151547,-2.1332146210000467,0.02674428770684326,0.000830188797396313
10.32,-1.5181300186176596,-2.152787927014845,0.026808695333546097,0.0008316940740294543
10.33,-1.496773408508222,-2.1721876099323087,0.026874116898669552,0.0008331716049793789
10.34,-1.4752243385152923,-2.1914113868140803,0.02694055892854095,0.0008346212719984465
10.35,-1.4534845892969264,-2.210456987861564,0.02700802803855627,0.0008360429685039685
10.36,-1.4315559642090079,-2.229322156670099,0.02707653093338386,0.0008374365996673999
10.370000000000001,-1.4094402891709354,-2.2480046504823097,0.027146074407153453,0.0008388020824992757
10.38,-1.3871394125287817,-2.2665022404406066,0.027216665343629643,0.0008401393459297458
10.39,-1.364655204915934,-2.284812711838808,0.027288310716369016,0.0008414483308847208
10.4,-1.3419895591112243,-2.3029338643728616,0.027361017588860028,0.00084272899035755
10.41,-1.319144389894559,-2.320863512390632,0.027434793114644748,0.0008439812894762077
10.42,-1.2961216339000543,-2.3385994851407315,0.027509644537421513,0.0008452052055659596
10.43,-1.2729232494666922,-2.3561396270203696,0.027585579191127554,0.0008464007282073662
10.44,-1.2495512164865015,-2.373481797822186,0.02766260450000058,0.0008475678592897509
10.450000000000001,-1.2260075362502765,-2.3906238729800506,0.027740727978618287,0.0008487066130599491
10.46,-1.2022942312908442,-2.4075637438137956,0.027819957231914754,0.0008498170161663369
10.47,-1.1784133452238892,-2.424299317772858,0.027900299955172604,0.0008508991076981982
10.48,-1.1543669425863468,-2.440828518678804,0.027981763933989795,0.000851952939220258
10.49,-1.1301571086723772,-2.4571492869667106,0.028064357044219907,0.0008529785748024406
10.5,-1.1057859493669304,-2.473259579925373,0.02814808725188468,0.0008539760910447939
10.51,-1.0812555909769141,-2.4891573719363187,0.028232962613057574,0.0008549455770975486
10.52,-1.056568180059976,-2.504840654711595,0.028318991273717096,0.0008558871346763001
10.53,-1.0317258832509133,-2.5203074375303087,0.0284061814695685,0.0008568008780722962
10.540000000000001,-1.006730887085721,-2.535555747473891,0.0284945415258326,0.0008576869341577892
10.55,-0.9815853978232912,-2.5505836296600553,0.028584079857000184,0.0008585454423864184
10.56,-0.956291641264778,-2.5653891474754342,0.02867480496655066,0.0008593765547886465
10.57,-0.9308518625706386,-2.5799703828068563,0.02876672544663342,0.0008601804359622093
10.58,-0.9052683260753658,-2.5943254362712453,0.02885984997771037,0.0008609572630575713
10.59,-0.8795433150999248,-2.6084524274441145,0.028954187328158063,0.0008617072257583674
10.6,-0.8536791317619072,-2.622349495086628,0.02904974635382779,0.0008624305262568224
10.61,-0.8276780967834184,-2.6360147973712054,0.029146535997562,0.0008631273792241394
10.620000000000001,-0.8015425492967096,-2.649446512105644,0.02924456528866524,0.0008637980117758772
10.63,-0.7752748466475723,-2.6626428369557327,0.02934384334232795,0.0008644426634322543
10.64,-0.7488773641965067,-2.6756019896663323,0.029444379359001172,0.0008650615860734445
10.65,-0.7223524951176821,-2.6883222082808977,0.029546182623720406,0.0008656550438898067
10.66,-0.6957026501957015,-2.7008017513594145,0.0296492625053766,0.000866223313327097
10.67,-0.6689302576201885,-2.713038898194729,0.029753628455932345,0.0008667666830266295
10.68,-0.6420377627782102,-2.7250319490272417,0.029859290009581197,0.0008672854537604141
10.69,-0.6150276280445528,-2.736779225257945,0.029966256781848076,0.0008677799383612882
10.700000000000001,-0.5879023325698661,-2.7482790696597745,0.03007453846862855,0.0008682504616479916
10.71,-0.5606643720666935,-2.7595298465872533,0.030184144845164827,0.0008686973603452951
10.72,-0.5333162585934026,-2.770529942184404,0.030295085764956157,0.0008691209829991247
10.73,-0.5058605203360351,-2.7812777645909037,0.03040737115860135,0.000869521689886711
10.74,-0.4782997013880918,-2.7917717441464567,0.030521011032571,0.0008698998529217946
10.75,-0.4506363615282701,-2.8020103335933633,0.030636015467906952,0.0008702558555548897
10.76,-0.42287307599617185,-2.811992008277257,0.030752394618846556,0.0008705900926686538
10.77,-0.3950124352659989,-2.821715266345991,0.030870158711369042,0.0008709029704683877
10.78,-0.36705704481825374,-2.831178628946644,0.030989318041661454,0.0008711949063676457
10.790000000000001,-0.33900952490946457,-2.8403806404206304,0.031109882974501384,0.0008714663288690311
10.8,-0.3108725103399516,-2.84931986849688,0.03123186394155377,0.0008717176774402153
10.81,-0.28264865021965424,-2.857994904483076,0.03135527143957887,0.0008719494023851604
10.82,-0.25434060773203715,-2.866404363454918,0.031480116028548534,0.0008721619647106169
10.83,-0.2259510598960943,-2.874546884443391,0.031606408329667796,0.0008723558359879612
10.84,-0.19748269732647028,-2.882421130620023,0.03173415902329872,0.0008725314982103319
10.85,-0.16893822399171785,-2.890025789480095,0.03186337884678337,0.0008726894436451815
10.86,-0.14032035697071132,-2.8973595730237953,0.031994078592162745,0.0008728301746822553
10.870000000000001,-0.11163182620723569,-2.904421217935285,0.03212626910378839,0.0008729542036770158
10.88,-0.08287537426277089,-2.911209485759658,0.032259961275823326,0.000873062052789626
10.89,-0.05405375606749176,-2.9177231630777727,0.03239516604962899,0.0008731542538194733
10.9,-0.02516973866950362,-2.9239610616789284,0.032531894411034545,0.0008732313480353199
10.91,0.00377389901766597,-2.9299220187313746,0.032670157387485105,0.0008732938860011303
10.92,0.03277436646929871,-2.93560489695062,0.032809966045065274,0.000873342427397606
10.93,0.06182886180541955,-2.9410085847655276,0.0329513314853942,0.0008733775408395176
10.94,0.09093457204841204,-2.9461319964821713,0.0330942648423884,0.000873399803688875
10.950000000000001,0.12008867338229418,-2.950974072445434,0.033238777278888555,0.0008734098018639896
10.96,0.14928833141363315,-2.9555337791983263,0.03338487998314625,0.0008734081296444913
10.97,0.17853070143407768,-2.9598101096390006,0.033532584165166766,0.0008733953894723852
10.98,0.20781292868448628,-2.9638020831754495,0.033681901052903716,0.0008733721917491882
10.99,0.23713214862062948,-2.967508745877857,0.033832841888301525,0.0008733391546292139
11.0,0.26648548718044424,-2.9709291706285894,0.03398541792318139,0.0008732969038090957
11.01,0.29587006105281827,-2.9740624572698042,0.03413964041496651,0.0008732460723135961
11.02,0.3252829779478821,-2.976907732748655,0.034295520622242226,0.0008731873002777795
11.03,0.35472133686878604,-2.9794641512600735,0.034453069800146514,0.0008731212347256324
11.040000000000001,0.3841822283849403,-2.981730894387113,0.03461229919558652,0.0008730485293451916
11.05,0.4136627349066943,-2.983707171238826,0.03477322004227635,0.0008729698442602663
11.06,0.44315993096143336,-2.9853922185856647,0.03493584355559164,0.0008728858457988378
11.07,0.4726708834710693,-2.9867853009923793,0.03510018092723609,0.0008727972062581908
11.08,0.5021926520309014,-2.9878857109484,0.03526624331971523,0.0008727046036668904
11.09,0.5317222891898251,-2.9886927689956804,0.035434041860612615,0.0008726087215436678
11.1,0.5612568407318647,-2.989205823853985,0.03560358763666347,0.0008725102486532992
11.11,0.5907933459590056,-2.9894242525436057,0.035774891687620915,0.0008724098787595745
11.120000000000001,0.6203288379753042,-2.9893474605054813,0.03594796499990973,0.0008723083103754292
11.13,0.6498603439722501,-2.988974881718713,0.036122818500062624,0.0008722062465103403
11.14,0.6793848855153566,-2.988305978815448,0.03629946304793386,0.0008721043944150611
11.15,0.7088994788319565,-2.987340243193121,0.03647790942968515,0.0008720034653237964
11.16,0.7384011351001781,-2.9860771951240324,0.03665816835053857,0.0008719041741939016
11.17,0.7678868607390771,-2.9845163838622475,0.036840250427291284,0.0008718072394432179
11.18,0.7973536576999002,-2.9826573877478,0.03702416618058689,0.0008717133826851072
11.19,0.8267985237584558,-2.9804998143081844,0.03720992602693796,0.0008716233284612994
11.200000000000001,0.8562184528085669,-2.978043300357116,0.03739754027049462,0.000871537803972653
11.21,0.8856104351565816,-2.975287512090549,0.03758701909455366,0.0008714575388079099
11.22,0.9149714578169159,-2.9722321451799325,0.03777837255280306,0.0008713832646705639
11.23,0.944298504808605,-2.9688769248626907,0.03797161056029635,0.0008713157151039121
11.24,0.9735885574528358,-2.9652216060299086,0.03816674288415165,0.0008712556252144057
11.25,1.0028385946714373,-2.9612659733112117,0.038363779133969926,0.0008712037313934165
11.26,1.0320455932863035,-2.957009841156824,0.03856272875196717,0.0008711607710374927
11.27,1.0612065283197216,-2.952453053916786,0.03876360100281525,0.0008711274822672029
11.28,1.0903183732955821,-2.9475954859173226,0.0389664049631861,0.0008711046036447131
11.290000000000001,1.1193781005414443,-2.9424370415343435,0.03917114951099403,0.0008710928738901461
11.3,1.1483826814914309,-2.9369776552640636,0.03937784331433092,0.0008710930315968551
11.31,1.1773290869899273,-2.9312172917907278,0.039586494820089344,0.0008711058149457082
11.32,1.2062142875960584,-2.9251559460514285,0.039797112242268305,0.0008711319614185044
11.33,1.2350352538889178,-2.9187936432980006,0.0400097035499568,0.0008711722075106091
11.34,1.2637889567735228,-2.9121304391559812,0.04022427645499022,0.0008712272884429016
11.35,1.29247236778747,-2.905166419680622,0.040440838399274814,0.0008712979378731633
11.36,1.3210824594082642,-2.8979017014099404,0.04065939654177552,0.0008713848876070145
11.370000000000001,1.3496162053612943,-2.890336431414797,0.04087995774516264,0.0008714888673084852
11.38,1.3780705809284315,-2.8824707873459863,0.04110252856211288,0.0008716106042103195
11.39,1.4064425632572208,-2.8743049774783342,0.041327115221260535,0.0008717508228241698
11.4,1.434729131670642,-2.8658392407517796,0.04155372361279467,0.0008719102446507451
11.41,1.4629272679774117,-2.8570738468094388,0.04178235927369845,0.0008720895878900031
11.42,1.4910339567827993,-2.848009096032636,0.0420130273726268,0.0008722895671515344
11.43,1.519046185799933,-2.83864531957289,0.04224573269441893,0.0008725108931652039
11.44,1.546960946161565,-2.82898287938085,0.04248047962424251,0.0008727542724922149
11.450000000000001,1.5747752327322735,-2.819022168232159,0.0427172721313663,0.0008730204072366559
11.46,1.6024860444210698,-2.808763609750249,0.04295611375255866,0.0008733099947575903
11.47,1.6300903844943873,-2.7982076584260476,0.04319700757510931,0.0008736237273819218
11.48,1.6575852608894233,-2.787354799634588,0.043439956219472275,0.000873962292118015
11.49,1.6849676865278072,-2.7762055496485174,0.04368496182152809,0.0008743263703702201
11.5,1.7122346796295664,-2.7647604556484877,0.0439320260144638,0.0008747166376544612
11.51,1.7393832640273656,-2.753020095730425,0.04418114991026963,0.0008751337633148876
11.52,1.766410469480988,-2.7409850789096666,0.04443233408085158,0.0008755784102417596
11.53,1.7933133319920338,-2.7286560451219555,0.04468557853875957,0.0008760512345906625
11.540000000000001,1.8200888941188087,-2.7160336652212886,0.04494088271753136,0.0008765528855031314
11.55,1.8467342052913716,-2.703118640974606,0.04519824545165271,0.000877084004828821
11.56,1.8732463221267168,-2.689911705053315,0.045457664956134874,0.0008776452268492482
11.57,1.8996223087440616,-2.6764136210216414,0.04571913880571105,0.0008782371780033016
11.58,1.9258592370802112,-2.6626251833218046,0.04598266391365388,0.0008788604766145849
11.59,1.951954187204974,-2.6485472172560005,0.04624823651021664,0.0008795157326206093
11.6,1.9779042476365962,-2.6341805789651946,0.04651585212070149,0.000880203547304054
11.61,2.0037065156571923,-2.6195261554047145,0.04678550554315861,0.0008809245130261611
11.620000000000001,2.0293580976281382,-2.6045848643166347,0.047057190825720865,0.0008816792129622505
11.63,2.0548561093054007,-2.5893576541989516,0.04733090124357914,0.0008824682208395986
11.64,2.0801976761547762,-2.5738455042715396,0.047606629275604405,0.0008832921006777434
11.65,2.105379933667007,-2.558049424438883,0.04788436658062318,0.0008841514065311682
11.66,2.130400027672747,-2.541970455249583,0.048164103973353814,0.0008850466822346817
11.67,2.1552551146573524,-2.5256096678526263,0.048445831400011984,0.0008859784611513787
11.68,2.1799423620754586,-2.5089681639504224,0.04872953791359441,0.0008869472659233756
11.69,2.204458948665325,-2.492047075748595,0.049015211648850913,0.0008879536082254598
11.700000000000001,2.228802064762912,-2.474847565902527,0.04930283979695558,0.0008889979885215732
11.71,2.2529689126156587,-2.457370827460661,0.049592408579888995,0.0008900808958243658
11.72,2.276956706695941,-2.439618083804541,0.04988390322454429,0.0008912028074578808
11.73,2.300762674014169,-2.4215905885856013,0.050177307936570825,0.0008923641888233338
11.74,2.3243840544314995,-2.4032896256586973,0.050472605873970344,0.0008935654931682918
11.75,2.347818100972136,-2.384716509012372,0.05076977912046157,0.0008948071613591046
11.76,2.3710620801351787,-2.365872582695862,0.05106880865863025,0.0008960896216567698
11.77,2.3941132722059995,-2.3467592207428383,0.051369674342882754,0.0008974132894964375
11.78,2.416968971567109,-2.3273778270918744,0.051672354872222694,0.0008987785672703396
11.790000000000001,2.439626487008487,-2.307729835503655,0.05197682776287093,0.0009001858441144991
11.8,2.462083142037338,-2.2878167094749076,0.05228306932075088,0.0009016354956991189
11.81,2.4843362751872515,-2.26763994214907,0.052591054613862105,0.0009031278840228859
11.82,2.506383240326725,-2.247201056223681,0.05290075744456653,0.0009046633572110779
11.83,2.528221406967025,-2.226501603854508,0.053212150321812896,0.0009062422493176508
11.84,2.549848160569346,-2.205543166556399,0.05352520443332658,0.0009078648801314913
11.85,2.571260902851249,-2.1843273551008657,0.053839889617793096,0.0009095315549866005
11.86,2.5924570520923265,-2.1628558094104022,0.05415617433706511,0.0009112425645766055
11.870000000000001,2.6134340434390806,-2.1411301984495297,0.05447402564842427,0.0009129981847734559
11.88,2.634189329208967,-2.119152220112581,0.05479340917693043,0.0009147986764504643
11.89,2.6547203791935794,-2.0969236011082195,0.055114289087892704,0.0009166442853098262
11.9,2.675024680960937,-2.074446096840693,0.05543662805949778,0.0009185352417144155
11.91,2.695099740156839,-2.051721491287835,0.05576038725563293,0.0009204717605242707
11.92,2.7149430808052544,-2.028751596875805,0.05608552629894233,0.000922454040937666
11.93,2.7345522456077136,-2.0055382543505775,0.05641200324415716,0.0009244822663367405
11.94,2.7539247962416598,-1.9820833326461833,0.05673977455174121,0.0009265566041379734
11.950000000000001,2.7730583136577307,-1.9583887287497033,0.05706879506189559,0.0009286772056474044
11.96,2.791950398375932,-1.934456367563024,0.057399017968967514,0.0009308442059206839
11.97,2.810598670780665,-1.910288201761356,0.05773039479630979,0.0009330577236280819
11.98,2.829000771414571,-1.8858862116485229,0.05806287537163929,0.0009353178609245007
11.99,2.847154361271161,-1.8612524050090238,0.058396407802944104,0.0009376247033245034
12.0,2.865057122086182,-1.8363888169568776,0.05873093845499088,0.0009399783195824655
12.01,2.88270675662769,-1.811297509781255,0.05906641192648515,0.000942378761577919
12.02,2.900100988984791,-1.7859805727889029,0.059402771027939255,0.0009448260642061064
12.030000000000001,2.9172375648550015,-1.7604401221433719,0.05973995676030382,0.0009473202452738817
12.040000000000001,2.9341142518302,-1.7346783007010502,0.06007790829442031,0.0009498613054009661
12.05,2.9507288396811227,-1.7086972778440166,0.06041656295135377,0.0009524492279266206
12.06,2.967079140640364,-1.6824992493097162,0.060755856183666045,0.0009550839788218112
12.07,2.9831629896838376,-1.6560864370174715,0.06109572155769154,0.0009577655066069732
12.08,2.9989782448106648,-1.629461088891836,0.06143609073687853,0.0009604937422753652
12.09,3.014522787321434,-1.6026254786828005,0.06177689346626082,0.0009632685992221111
12.1,3.0297945220948033,-1.5755819057828628,0.06211805755812533,0.0009660899731790453
12.11,3.044791377862389,-1.5483326950409704,0.06245950887894276,0.0009689577421553188
12.120000000000001,3.0595113074819067,-1.5208801965733476,0.06280117133762946,0.0009718717663839147
12.13,3.073952288208513,-1.49322678557122,0.06314296687520958,0.0009748318882741549
12.14,3.0881123219643056,-1.4653748621054452,0.06348481545594793,0.00097783793237017
12.15,3.101989435605936,-1.4373268509280657,0.06382663506002434,0.0009808897053154985
12.16,3.1155816811902866,-1.4090852012707944,0.06416834167782161,0.0009839869958238486
12.17,3.1288871362381667,-1.3806523866404474,0.06450984930589955,0.0009871295746560543
12.18,3.14190390399598,-1.3520309046113383,0.06485106994472824,0.0009903171946033763
12.19,3.154630113695312,-1.3232232766146468,0.06519191359825423,0.0009935495904771418
12.200000000000001,3.167063920810393,-1.2942320477247786,0.06553228827537362,0.0009968264791048568
12.21,3.1792035073133853,-1.265059786442731,0.0658720999933863,0.001000147559332831
12.22,3.1910470819274437,-1.2357090844764809,0.06621125278350562,0.0010035125120353638
12.23,3.202592880377498,-1.2061825565184097,0.06654964869849783,0.0010069210001306234
12.24,3.2138391656387104,-1.1764828400197864,0.06688718782252522,0.0010103726686032898
12.25,3.224784228182551,-1.146612594962322,0.06722376828326672,0.0010138671445339732
12.26,3.235426386220444,-1.1165745036268167,0.06755928626638921,0.0010174040371355427
12.27,3.2457639859449245,-1.0863712703589161,0.06789363603244179,0.0010209829377964758
12.280000000000001,3.255795401768263,-1.0560056213319986,0.06822670993624472,0.0010246034201311968
12.290000000000001,3.2655190365584934,-1.0254803043072114,0.06855839844884336,0.0010282650400375906
12.3,3.2749333218727967,-0.9947980883906767,0.06888859018209652,0.0010319673357617263
12.31,3.284036718188183,-0.9639617637878901,0.0692171719159667,0.0010357098279698488
12.32,3.2928277151294156,-0.9329741415553303,0.06954402862857838,0.0010394920198278004
12.33,3.3013048316941243,-0.9018380533493054,0.06986904352910839,0.0010433133970878651
12.34,3.3094666164750497,-0.8705563511720569,0.07019209809357047,0.001047173428183155
12.35,3.317311647879362,-0.8391319071151448,0.07051307210355347,0.0010510715643296466
12.36,3.3248385343449973,-0.8075676131001395,0.07083184368797033,0.0010550072396359055
12.370000000000001,3.3320459145539565,-0.7758663806166428,0.07114828936787192,0.0010589798712205964
12.38,3.338932457642505,-0.7440311404576665,0.07146228410437694,0.001062988859337903
12.39,3.3454968634082203,-0.7120648424523909,0.0717737013497656,0.0010670335875108655
12.4,3.3517378625138257,-0.6799704551963333,0.0720824131017812,0.0010711134226727534
12.41,3.3576542166877537,-0.6477509657789516,0.07238828996118003,0.0010752277153165996
12.42,3.3632447189213823,-0.6154093795087118,0.07269120119256572,0.0010793757996529119
12.43,3.3685081936628833,-0.5829487196356467,0.07299101478854007,0.0010835569937756358
12.44,3.3734434970076252,-0.5503720270714375,0.07328759753719738,0.001087770599836515
12.450000000000001,3.3780495168850737,-0.5176823601070455,0.07358081509298478,0.001092015904227878
12.46,3.382325173242131,-0.4848827941279253,0.07387053205094572,0.0010962921777739167
12.47,3.3862694182228554,-0.45197642132685134,0.07415661202435837,0.0011005986759305634
12.48,3.389881236344503,-0.4189663504143884,0.07443891772577502,0.0011049346389940238
12.49,3.393159644669838,-0.3858557063270391,0.07471731105146265,0.0011092992923180168
12.5,3.396103692975649,-0.3526476299331011,0.07499165316923874,0.0011136918465398241
12.51,3.398712463917417,-0.319345277736268,0.07526180460968968,0.0011181114978151738
12.52,3.400985073190082,-0.28595182157700755,0.07552762536075279,0.0011225574280620445
12.530000000000001,3.4029206696848466,-0.25247044833175314,0.07578897496563583,0.001127028805213435
12.540000000000001,3.404518435641968,-0.21890435960994306,0.07604571262404075,0.001131524783479151
12.55,3.405777586799479,-0.18525677144894415,0.07629769729665122,0.0011360445036166698
12.56,3.4066973725377863,-0.15153091400689667,0.07654478781283564,0.0011405870932110988
12.57,3.407277076020098,-0.11773003125351766,0.07678684298150985,0.0011451516669642955
12.58,3.4075160143286207,-0.08385738065890067,0.07702372170509561,0.0011497373269931666
12.59,3.4074135385964817,-0.04991623288035043,0.07725528309650266,0.0011543431631371743
12.6,3.4069690341353254,-0.015909871447291758,0.07748138659905442,0.001158968253275075
12.61,3.406181920558535,0.01815840755570785,0.07770189210926814,0.0011636116636509035
12.620000000000001,3.4050516519000342,0.05228529580776155,0.07791666010239265,0.0011682724492092056
12.63,3.403577716728624,0.08646747307229163,0.07812555176059728,0.0011729496539395355
12.64,3.4017596382578055,0.120701607519422,0.07832842910369771,0.0011776423112301864
12.65,3.399596974451056,0.15498435605009245,0.07852515512229484,0.0011823494442311615
12.66,3.3970893181225095,0.18931236462185297,0.07871559391319452,0.0011870700662263533
12.67,3.3942362970330056,0.22368226857629475,0.07889961081696681,0.0011918031810148923
12.68,3.3910375739814724,0.25809069296807485,0.07907707255749463,0.0011965477833016374
12.69,3.3874928468916066,0.292534252895491,0.07924784738335287,0.0012013028590967443
12.700000000000001,3.383601848893815,0.32700955383256197,0.07941180521085016,0.0012060673861242531
12.71,3.3793643484023934,0.36151319196256926,0.07956881776855679,0.0012108403342396305
12.72,3.3747801491879095,0.3960417545130152,0.0797187587431339,0.001215620665856176
12.73,3.369849090444765,0.4305918200919522,0.07986150392627023,0.0012204073363801945
12.74,3.364571046853914,0.46515995902563695,0.07999693136252471,0.001225199294654836
12.75,3.3589459286407166,0.49974273369746475,0.08012492149786518,0.0012299954834124824
12.76,3.3529736816279097,0.5343366988881365,0.08024535732868521,0.0012347948397355424
12.77,3.346654287283676,0.5689384021170127,0.08035812455107402,0.0012395962955255295
12.780000000000001,3.339987762764804,0.6035443839846077,0.08046311171010685,0.0012443987779802437
12.790000000000001,3.3329741609549224,0.6381511785161764,0.08056021034891603,0.0012492012100788876
12.8,3.3256135704978074,0.6727553135063474,0.08064931515729695,0.0012540025110749364
12.81,3.3179061158257546,0.7073533108647546,0.08073032411959634,0.001258801596996591
12.82,3.309851957183015,0.7419416869626202,0.08080313866162478,0.00126359738115454
12.83,3.3014512906443003,0.7765169529802414,0.0808676637963301,0.001268388774656839
12.84,3.2927043481283547,0.8110756152553332,0.08092380826796335,0.0012731746869306614
12.85,3.2836113974066117,0.8456141756321803,0.0809714846944646,0.0012779540262506483
12.86,3.2741727421069373,0.8801291318115493,0.08101060970779256,0.0012827257002735984
12.870000000000001,3.264388721712481,0.914616977701315,0.0810411040919182,0.0012874886165791606
12.88,3.2542597115556506,0.9490742037677528,0.08106289291820046,0.0012922416832162839
12.89,3.243786122807228,0.983497297387449,0.08107590567786,0.001296983809255071
12.9,3.2329684024606578,1.0178827431997834,0.08108007641126573,0.0013017139053436494
12.91,3.221807033311532,1.052227023459936,0.08107534383374841,0.0013064308842697999
12.92,3.2103025339322997,1.0865266183923705,0.0810616514576554,0.0013111336615268807
12.93,3.198455458642243,1.1207780065447492,0.08103894771036205,0.001315821155883687
12.94,3.1862663974727505,1.1549776651422328,0.08100718604795644,0.0013204922899578634
12.950000000000001,3.1737359761279342,1.1891220704421173,0.08096632506431681,0.0013251459907924102
12.96,3.1608648559406283,1.2232076980887645,0.08091632859530408,0.0013297811904348553
12.97,3.1476537338238257,1.2572310234687796,0.08085716581779616,0.0013343968265186483
12.98,3.1341033422175952,1.2911885220663903,0.08078881134329519,0.0013389918428463499
12.99,3.1202144490315367,1.3250766698189858,0.08071124530584486,0.0013435651899739972
13.0,3.105987857582831,1.3588919434727658,0.08062445344400133,0.0013481158257962692
13.01,3.0914244065299448,1.3926308209384635,0.08052842717660838,0.0013526427161319892
13.02,3.0765249698020507,1.4262897816470934,0.08042316367213606,0.0013571448353092343
13.030000000000001,3.061290456524231,1.459865306905684,0.08030866591135065,0.001361621166749701
13.040000000000001,3.0457218109385304,1.4933538802529533,0.08018494274309373,0.0013660707035517154
13.05,3.0298200123209327,1.5267519878148859,0.08005200893295893,0.001370492449071322
13.06,3.013586074894328,1.5600561186601702,0.07990988520466606,0.0013748854175008787
13.07,2.9970210477375554,1.5932627651554572,0.07975859827394492,0.0013792486344445696
13.08,2.980126014690587,1.626368423320399,0.07959818087475373,0.0013835811374903586
13.09,2.9629020942559436,1.6593695931824326,0.07942867177767117,0.0013878819767775478
13.1,2.9453504394964223,1.692262779131266,0.07925011580031521,0.0013921502155595862
13.11,2.9274722379292095,1.725044490273034,0.07906256380965737,0.0013963849307614506
13.120000000000001,2.9092687114164795,1.7577112407840838,0.07886607271611651,0.0014005852135308863
13.13,2.8907411160525536,1.7902595502643586,0.07866070545933306,0.001404750169783031
13.14,2.871890742047713,1.8226859440903398,0.07844653098554127,0.0014088789207377815
13.15,2.8527189136087534,1.854986953767519,0.07822362421647502,0.001412970603449198
13.16,2.8332269888163704,1.8871591172823614,0.07799206600976023,0.001417024371326485
13.17,2.8134163594994672,1.9191989794537336,0.07775194311076615,0.0014210393946458928
13.18,2.793288451106474,1.9511030922837596,0.07750334809590596,0.0014250148610528354
13.19,2.772844722573773,1.9828680153080773,0.07724637930739701,0.0014289499760538455
13.200000000000001,2.7520866661913175,2.0144903159454666,0.0769811407795101,0.0014328439634975875
13.21,2.73101580746554,2.0459665698468155,0.0767077421563571,0.001436696066044471
13.22,2.709633704979635,2.077293361243402,0.07642629860128645,0.0014405055456243126
13.23,2.687941950251313,2.1084672832944604,0.0761369306979755,0.0014442716838814745
13.24,2.665942167588112,2.1394849384340096,0.07583976434332931,0.0014479937826069053
13.25,2.6436360139403545,2.170342938716911,0.07553493063231535,0.0014516711641566597
13.26,2.621025178751841,2.2010379061641414,0.07522256573488335,0.001455303171856448
13.27,2.5981113838083627,2.231566473107247,0.07490281076513966,0.0014588891703915872
13.280000000000001,2.5748963830841234,2.2619252825319642,0.0745758116429649,0.001462428546182011
13.290000000000001,2.5513819625861456,2.292110988420976,0.0742417189482829,0.0014659207077419942
13.3,2.5275699401967504,2.322120256095792,0.07390068776820802,0.0014693650860240512
13.31,2.5034621655141844,2.3519497625577244,0.07355287753731624,0.0014727611347467794
13.32,2.4790605196914717,2.3815961968279424,0.07319845187130364,0.0014761083307062348
13.33,2.454366915273566,2.411056260286587,0.072837578394313,0.001479406174070433
13.34,2.429383296032875,2.4403266670109236,0.07247042856022638,0.001482654188657015
13.35,2.404111636803221,2.469404144112522,0.07209717746823738,0.0014858519221935592
13.36,2.378553943312308,2.4982854320734362,0.07171800367303216,0.0014889989465603755
13.370000000000001,2.352712252012755,2.526967285081378,0.07133308898992312,0.0014920948580156976
13.38,2.3265886299117575,2.55544647136386,0.0709426182952922,0.001495139277403138
13.39,2.300185174399427,2.5837197735212976,0.07054677932271416,0.0014981318503411872
13.4,2.273504013075864,2.6117839888590524,0.07014576245514138,0.0015010722473948138
13.41,2.2465473035770147,2.6396359297184033,0.06973976051354275,0.0015039601642290845
13.42,2.219317233399351,2.6672724238064314,0.06932896854239877,0.0015067953217448404
13.43,2.1918160197234164,2.6946903145248045,0.06891358359246355,0.0015095774661964734
13.44,2.164045909236273,2.721886461297448,0.06849380450121154,0.0015123063692918186
13.450000000000001,2.1360091779528863,2.7488577398970886,0.06806983167139334,0.0015149818282744025
13.46,2.1077081310364676,2.7756010427706603,0.06764186684812987,0.0015176036659881515
13.47,2.0791451026178067,2.802113279363556,0.06721011289497743,0.001520171730924716
13.48,2.0503224556136077,2.8283913764427164,0.0667747735693995,0.0015226858972537027
13.49,2.0212425815438477,2.854432278418542,0.0663360532980816,0.0015251460648360027
13.5,1.9919079003481683,2.8802329476656165,0.06589415695252585,0.0015275521592206002
13.51,1.9623208602013058,2.90579036484223,0.06544928962536048,0.0015299041316251276
13.52,1.932483937327564,2.931101529208687,0.06500165640779684,0.0015322019589005076
13.530000000000001,1.9023996358143285,2.9561634589443946,0.06455146216866266,0.0015344456434801914
13.540000000000001,1.8720704874246155,2.9809731914637094,0.06409891133543502,0.0015366352133141705
13.55,1.8414990514086471,3.005527783730537,0.0636442076776904,0.001538770721788446
13.56,1.8106879143144379,3.029824312571672,0.063187554093381,0.0015408522476302877
13.57,1.7796396897973765,3.053859874988861,0.06272915239833846,0.0015428798947997606
13.58,1.7483570184287796,3.0776315884695817,0.06226920311939532,0.0015448537923680753
13.59,1.7168425675033943,3.1011365912965223,0.0618079052915043,0.001546774094383201
13.6,1.685099030845819,3.124372042855746,0.06134545625922241,0.0015486409797233814
13.61,1.6531291286158114,3.1473351239435328,0.06088205148291443,0.0015504546519390255
13.620000000000001,1.620935607112448,3.1700230370718776,0.06041788435001571,0.0015522153390834768
13.63,1.5885212385770955,3.192433006772635,0.059953145991679,0.001553923293533345
13.64,1.5558888209951527,3.2145622799002966,0.05948802510511434,0.0015555787917989074
13.65,1.52304117789652,3.236408125933379,0.05902270778191381,0.001557182134325101
13.66,1.4899811581547457,3.2579678372744145,0.05855737734263562,0.0015587336452837974
13.67,1.4567116357848024,3.2792387295485272,0.05809221417790354,0.0015602336723577505
13.68,1.4232355097394405,3.300218141900569,0.05762739559625893,0.0015616825865169663
13.69,1.389555703704063,3.320903437290811,0.05716309567898298,0.0015630807817879726
13.700000000000001,1.3556751658900679,3.341292002789162,0.056699485142087044,0.0015644286750164406
13.71,1.3215968688266,3.361381249867901,0.05623673120564853,0.001565726705623872
13.72,1.28732380915065,3.3811686146929043,0.055774997470649096,0.0015669753353587657
13.73,1.2528590073954449,3.400651558413342,0.05531444380345121,0.0015681750480427666
13.74,1.2182055077770633,3.4198275674498317,0.05485522622802792,0.0015693263493123514
13.75,1.183366377979218,3.4386941537810216,0.054397496826039574,0.001570429766356475
13.76,1.1483447089361385,3.457248855228584,0.053941403644830105,0.0015714858476506576
13.77,1.1131436146134923,3.4754892357405973,0.05348709061339444,0.0015724951626878705
13.780000000000001,1.0777662317872818,3.493412885673291,0.05303469746634752,0.0015734583017067436
13.790000000000001,1.0422157198206508,3.5110174220711303,0.052584359675904836,0.0015743758754174252
13.8,1.0064952604385398,3.52830048894522,0.05213620839186381,0.0015752485147253823
13.81,0.9706080575001259,3.545259757549995,0.05169037038955534,0.0015760768704536124
13.82,0.9345573367689849,3.561892926658178,0.05124696802571512,0.0015768616130634394
13.83,0.8983463456809146,3.578197722833975,0.05080611920220514,0.001577603432374211
13.84,0.8619783531093599,3.594171900704481,0.05036793733749717,0.0015783030372822134
13.85,0.8254566491283781,3.6098132432292678,0.049932531345812034,0.0015789611554789527
13.86,0.7887845447730901,3.62511956196813,0.049500005623791,0.0015795785331689843
13.870000000000001,0.7519653717975581,3.6400886973469517,0.0490704600445591,0.0015801559347874937
13.88,0.7150024824300382,3.654718518921672,0.048643989959024275,0.0015806941427177518
13.89,0.6778992491255544,3.669006925640314,0.048220686204241,0.0015811939570085699
13.9,0.6406590643157437,3.6829518461030495,0.04780063511865309,0.0015816561950917718
13.91,0.6032853401559243,3.696551238820263,0.04738391856401684,0.0015820816914998079
13.92,0.5657815082693419,3.7098030924685923,0.046970613953793185,0.0015824712975835275
13.93,0.5281510194885509,3.722705426144902,0.046560794287786256,0.001582825881230028
13.94,0.49039734359388854,3.7352562896181634,0.04615452819279491,0.0015831463265807096
13.950000000000001,0.4525239690490062,3.747453763579209,0.04575187996903448,0.001583433533749348
13.96,0.4145344027334218,3.75929595988832,0.04535290964207723,0.0015836884185401756
13.97,0.37643216967206095,3.7707810218206226,0.04495767302005253,0.0015839119121659321
13.98,0.3382208127617584,3.7819071243092477,0.04456622175584118,0.0015841049609656647
13.99,0.2999038924946935,3.7926724741862285,0.044178603413992545,0.0015842685261222558
14.0,0.2614849866787361,3.8030753104210953,0.043794861542088996,0.001584403583379502
14.01,0.22296769015468382,3.813113904357132,0.04341503574627802,0.001584511122758543
14.02,0.1843556145103735,3.82278655994526,0.043039161770690226,0.0015845921482735453
14.030000000000001,0.14565238779165335,3.832091613975515,0.042667271580459416,0.0015846476776464234
14.040000000000001,0.10686165421020558,3.841027436306075,0.04229939344806052,0.0015846787420203787
14.05,0.06798707384821218,3.8495924300898072,0.04193555204268103,0.0015846863856720916
14.06,0.029032322359860308,3.8577850319983,0.04157576852234294,0.001584671665722359
14.07,-0.009998909330313804,3.865603712443333,0.04122006062849382,0.0015846356518449249
14.08,-0.049102915332239816,3.8730469757957615,0.04086844278278878,0.001584579425973333
14.09,-0.08827597509828161,3.8801133606017686,0.0405209261857882,0.0015845040820055313
14.1,-0.1275143537343502,3.8868014397964514,0.040177518917300675,0.001584410725506057
14.11,-0.16681430231414965,3.8931098209147086,0.0398382260381055,0.001584300473405525
14.120000000000001,-0.20617205819654122,3.899037146299384,0.03950304969279475,0.001584174453697225
14.13,-0.24558384534600797,3.9045820933066384,0.03917198921348111,0.001584033805130641
14.14,-0.2850458746561996,3.909743374508508,0.038845041224124736,0.001583879676901597
14.15,-0.32455434427653396,3.9145197378926126,0.038522199745239634,0.0015837132283388958
14.16,-0.364105439941829,3.918909967058983,0.038203456298747954,0.001583535628587224
14.17,-0.4036953353049372,3.9229128814139633,0.03788880001275903,0.001583348056286102
14.18,-0.4433201922723504,3.9265273363611617,0.03757821772605852,0.0015831516992447267
14.19,-0.48297616134274224,3.9297522234894036,0.037271694092102306,0.0015829477541125239
14.200000000000001,-0.522659381948411,3.932586470757663,0.036969211682318925,0.0015827374260452278
14.21,-0.5623659827995859,3.9350290426769305,0.03667075108853418,0.0015825219283663332
14.22,-0.6020920822315555,3.937078940488981,0.03637629102434113,0.0015823024822238022
14.23,-0.6418337885545756,3.938735202342016,0.03608580842524893,0.001582080316241877
14.24,-0.6815872004065131,3.9399969034631384,0.035799278547453836,0.0015818566661678676
14.25,-0.7213484071081783,3.9408631563276297,0.03551667506508611,0.0015816327745138312
14.26,-0.7611134890212984,3.9413331108249947,0.0352379701657966,0.0015814098901930412
14.27,-0.800878517909082,3.941405954421745,0.03496313464455707,0.0015811892681511855
14.280000000000001,-0.840639557299324,3.9410809123208828,0.034692137995558536,0.0015809721689922205
14.290000000000001,-0.8803926628499972,3.9403572476180613,0.03442494850210193,0.0015807598585988148
14.3,-0.9201338827172773,3.939234261454382,0.03416153332438538,0.0015805536077473873
14.31,-0.9598592579259463,3.9377112931658034,0.03390185858510229,0.0015803546917177137
14.32,-0.9995648227421176,3.9357877204291296,0.033645889452774046,0.0015801643898970786
14.33,-1.0392466050482247,3.933462959404549,0.0333935902227505,0.0015799839853790003
14.34,-1.0789006267202175,3.930736464874694,0.03314492439582093,0.0015798147645565608
14.35,-1.1185229040069036,3.9276077303801897,0.03289985475438675,0.001579658016710369
14.36,-1.1581094479113787,3.9240762883516718,0.03265834343615622,0.001579515033591247
14.370000000000001,-1.197656264574483,3.9201417102382337,0.0324203520053298,0.0015793871089976657
14.38,-1.2371593556602234,3.9158036066322883,0.03218584152125262,0.0015792755383480122
14.39,-1.2766147187430994,3.9110616273908088,0.031954772604518726,0.0015791816182478492
14.4,-1.3160183476972729,3.905915461752927,0.03172710550051879,0.001579106646052228
14.41,-1.3553662330875171,3.900364838453862,0.031502800140430276,0.0015790519194231688
14.42,-1.3946543625618841,3.894409525835156,0.0312818161996557,0.001579018735882469
14.43,-1.4338787212460273,3.8880493319511897,0.031064113153720985,0.0015790083923599952
14.44,-1.4730352921391174,3.8812841046719586,0.03084965033165189,0.001579022184737584
14.450000000000001,-1.5121200565112878,3.874113731782081,0.03063838696685208,0.0015790614073887556
14.46,-1.5511289943025484,3.866538141076022,0.030430282245511663,0.0015791273527143907
14.47,-1.5900580845231036,3.8585573004495037,0.030225295352579847,0.0015792213106745666
14.48,-1.6289033056550137,3.8501712179870897,0.030023385515339913,0.001579344568316805
14.49,-1.6676606360551367,3.8413799420459123,0.02982451204462874,0.001579498409300838
14.5,-1.7063260543592882,3.832183561335532,0.029628634373746916,0.0015796841134201785
14.51,-1.7448955398875587,3.822582204993903,0.029435712095108906,0.0015799029561207093
14.52,-1.7833650730507262,3.8125760426594284,0.029245704994685682,0.001580156208016499
14.530000000000001,-1.8217306357577032,3.8021652845390883,0.029058573084295075,0.0015804451344031253
14.540000000000001,-1.8599882118239581,3.791350181472617,0.028874276631797355,0.001580770994768701
14.55,-1.8981337873808504,3.780131024992719,0.02869277618925569,0.0015811350423028082
14.56,-1.936163351285818,3.768508147381303,0.02851403261912286,0.0015815385234037565
14.57,-1.9740728955333628,3.7564819217217176,0.02833800711851699,0.0015819826771842737
14.58,-2.011858415666768,3.7440527619469743,0.028164661241650384,0.0015824687349759038
14.59,-2.049515911190495,3.7312211228839423,0.027993956920476244,0.0015829979198324364
14.6,-2.087041385983201,3.7179875002935017,0.027825856483618835,0.0015835714460326097
14.61,-2.124430848711316,3.704352430906638,0.027660322673653023,0.00158419051858236
14.620000000000001,-2.161680313243127,3.6903164924564673,0.02749731866279921,0.0015848563327168377
14.63,-2.1987857990633106,3.6758803037061787,0.027336808067099712,0.0015855700734025702
14.64,-2.23574333168786,3.6610445244728806,0.027178754959142307,0.0015863329148400114
14.65,-2.2725489430793506,3.645809855647339,0.027023123879396278,0.0015871460199665698
14.66,-2.309198672062485,3.6301770392095993,0.026869879846225637,0.0015880105399607137
14.67,-2.345688564739874,3.614146858240476,0.02671898836464339,0.0015889276137472568
14.68,-2.3820146749079867,3.597720136928903,0.02657041543386986,0.001589898367504019
14.69,-2.418173064473229,3.580897740575137,0.026424127553756924,0.001590923914170306
14.700000000000001,-2.454159803868087,3.563680575589797,0.026280091730138896,0.0015920053529573472
14.71,-2.4899709724672925,3.546069589488741,0.026138275479169474,0.0015931437688611477
14.72,-2.525602659003953,3.528065770883764,0.02599864683070277,0.0015943402321777517
14.73,-2.561050961985596,3.509670149469114,0.025861174330774957,0.0015955957980214423
14.74,-2.5963119901100806,3.490883796003813,0.025725827043241528,0.0015969115058460752
14.75,-2.6313818626813226,3.4717078222897872,0.025592574550623585,0.0015982883789697044
14.76,-2.6662567100247836,3.452143381145788,0.025461386954214793,0.0015997274241029023
14.77,-2.7009326739026767,3.4321916663771015,0.02533223487349909,0.0016012296308809957
14.780000000000001,-2.7354059079288398,3.4118539127410497,0.025205089444927355,0.0016027959714004765
14.790000000000001,-2.769672577983227,3.3911313959082645,0.025079922320099556,0.001604427399759736
14.8,-2.8037288626259693,3.3700254324197423,0.024956705663397097,0.0016061248516046384
14.81,-2.8375709535109612,3.3485373796396662,0.02483541214910828,0.0016078892436789645
14.82,-2.871195055798921,3.3266686357040003,0.024716014958088013,0.0016097214733799714
14.83,-2.904597388569882,3.3044206394648454,0.02459848777399113,0.0016116224183194878
14.84,-2.9377741852350634,3.28179487043056,0.02448280477911688,0.0016135929358906368
14.85,-2.970721693948083,3.258792848701641,0.02436894064990039,0.0016156338628404287
14.86,-3.0034361780154555,3.2354161349023625,0.024256870552085242,0.0016177460148485785
14.870000000000001,-3.0359139163063387,3.2116663301081734,0.024146570135609464,0.0016199301861127013
14.88,-3.0681512036614813,3.1875450757688526,0.02403801552923567,0.0016221871489400595
14.89,-3.100144351301324,3.1630540536274188,0.023931183334954413,0.0016245176533461582
14.9,-3.131889687233211,3.1381949856347995,0.02382605062218821,0.001626922426660421
14.91,-3.163383556657671,3.1129696338602564,0.023722594921822066,0.0016294021731391715
14.92,-3.194622322373719,3.08737980039757,0.02362079422008496,0.0016319575735860338
14.93,-3.2256023651831365,3.061427327266984,0.023520626952305116,0.0016345892849800525
14.94,-3.256320084293687,3.0351140963129115,0.023422071996560573,0.0016372979401117335
14.950000000000001,-3.286771897721225,3.0084420290974077,0.023325108667245114,0.001640084147227186
14.96,-3.3169542426906524,2.981413086789406,0.023229716708568347,0.0016429484896805283
14.97,-3.3468635760356817,2.9540292700497304,0.023135876288007392,0.0016458915255948504
14.98,-3.376496374597362,2.9262926189118756,0.023043567989726458,0.001648913787531808
14.99,-3.4058491356213247,2.8982052126585716,0.022952772807979378,0.0016520157821700815
15.0,-3.4349183771537106,2.869769169694127,0.022863472140509038,0.0016551979899929862
15.01,-3.4637006384357316,2.8409866474125627,0.022775647781956624,0.0016584608649851576
15.02,-3.492192480296826,2.811859842061538,0.022689281917292508,0.001661804834338715
15.030000000000001,-3.520390485546369,2.782390988602076,0.022604357115279652,0.0016652302981690066
15.040000000000001,-3.548291259363891,2.7525823605640967,0.02252085632197951,0.0016687376292400607
15.05,-3.57589142968777,2.722436269897757,0.022438762854309496,0.001672327172699939
15.06,-3.6031876476023474,2.691955066820617,0.022358060393660242,0.0016759992458261228
15.07,-3.6301765877234353,2.6611411396606286,0.022278732979580173,0.0016797541377811202
15.08,-3.6568549485821675,2.6299969146949596,0.02220076500353405,0.0016835921093783614
15.09,-3.683219453007157,2.5985248559846634,0.02212414120274156,0.0016875133928586365
15.1,-3.7092668485049174,2.5667274652051995,0.022048846654101336,0.0016915181916771524
15.11,-3.734993907638511,2.534607281472815,0.02197486676820513,0.0016956066803013338
15.120000000000001,-3.7603974284043753,2.502166881166798,0.021902187283446367,0.0016997790040194807
15.13,-3.785474234607301,2.4694088777476133,0.021830794260226733,0.0017040352787604817
15.14,-3.8102211762335045,2.4363359215709273,0.02176067407526396,0.001708375590924649
15.15,-3.834635129821771,2.4029506996975387,0.02169181341600348,0.0017127999972257764
15.16,-3.8587129988326176,2.369255935699222,0.021624199275136254,0.00171730852454455
15.17,-3.8824517140154393,2.3352543894604967,0.02155781894522461,0.0017219011697934487
15.18,-3.9058482337736025,2.3009488569763357,0.021492660013437612,0.001726577899793251
15.19,-3.928899544527441,2.266342170145823,0.02142871035639712,0.0017313386511610468
15.200000000000001,-3.9516026610751163,2.2314371965617785,0.021365958135135376,0.0017361833302101735
15.21,-3.9739546269513086,2.196236839296356,0.021304391790164717,0.0017411118128619453
15.22,-3.9959525147836894,2.160744036682635,0.021244000036659685,0.0017461239445691566
15.23,-4.017593426647146,2.1249617620922203,0.021184771859751626,0.001751219540251848
15.24,-4.0388744944157144,2.0888930237088568,0.02112669650993561,0.0017563983842450082
15.25,-4.059792880112186,2.0525408642980834,0.02106976349858937,0.0017616602302582985
15.26,-4.080345776255338,2.015908360972938,0.021013962593603684,0.0017670048013481929
15.27,-4.10053040620477,1.9789986249557279,0.020959283815123592,0.0017724317899023756
15.280000000000001,-4.120344024503291,1.9418148013358854,0.02090571743139959,0.001777940857636249
15.290000000000001,-4.139783917216819,1.9043600688239226,0.02085325395474786,0.0017835316356020169
15.3,-4.158847402271773,1.866637639501504,0.020801884137618524,0.0017892037242101492
15.31,-4.177531829789896,1.8286507585676548,0.020751598968770758,0.0017949566932631772
15.32,-4.195834582420489,1.7904027040811212,0.020702389669553522,0.0018007900820020935
15.33,-4.213753075670015,1.7518967866989046,0.02065424769029064,0.0018067033991653026
15.34,-4.231284758229026,1.7131363494109835,0.02060716470676886,0.0018126961230599994
15.35,-4.24842711229639,1.6741247672712476,0.02056113261682746,0.001818767701646148
15.36,-4.265177653900776,1.6348654471246604,0.020516143537048028,0.001824917552633097
15.370000000000001,-4.2815339332193485,1.5953618273306713,0.020472189799542833,0.0018311450635886952
15.38,-4.297493534893662,1.5556173774828985,0.020429263948840364,0.0018374495920610704
15.39,-4.313054078342689,1.515635598125102,0.020387358738866476,0.001843830465712958
15.4,-4.3282132180729675,1.4754200204634698,0.02034646713001963,0.0018502869824686327
15.41,-4.342968643985822,1.4349742060752375,0.020306582286338686,0.0018568184106733875
15.42,-4.3573180816816235,1.394301746613665,0.020267697572761693,0.0018634239892655953
15.43,-4.371259292761056,1.3534062635093898,0.020229806552474198,0.0018701029279612883
15.44,-4.384790075123349,1.312291407668185,0.0201929029843455,0.0018768544074513186
15.450000000000001,-4.397908263261454,1.2709608591651393,0.02015698082045138,0.0018836775796108815
15.46,-4.410611728554104,1.2294183269352872,0.02012203420368182,0.0018905715677215535
15.47,-4.422898379554758,1.1876675484607109,0.02008805746543223,0.00189753546670576
15.48,-4.4347661622773575,1.1457122894541405,0.020055045123376764,0.001904568343373538
15.49,-4.446213060478894,1.1035563435390752,0.02002299187932228,0.0019116692366816198
15.5,-4.457237095938733,1.0612035319264528,0.019991892617141613,0.0019188371580047714
15.51,-4.4678363287346645,1.018657703087891,0.019961742400784754,0.0019260710914193503
15.52,-4.4780088575156585,0.9759227324255286,0.01993253647236665,0.0019333699939989245
15.530000000000001,-4.4877528197712735,0.9330025219384923,0.019904270250330317,0.0019407327961219716
15.540000000000001,-4.497066392097701,0.8899009998860149,0.019876939327684022,0.0019481584017915308
15.55,-4.5059477904604055,0.8466221204472337,0.019850539470311342,0.0019556456889667615
15.56,-4.514395270453328,0.8031698633776959,0.01982506661535287,0.0019631935099062945
15.57,-4.522407127554625,0.7595482336625986,0.019800516869658488,0.0019708006915232874
15.58,-4.529981697378908,0.7157612611667923,0.01977688650830906,0.00197846603575208
15.59,-4.5371173559259494,0.6718130002815768,0.019754171973206502,0.0019861883199263717
15.6,-4.543812519825832,0.6277075295683177,0.019732369871731218,0.001993966297168822
15.610000000000001,-4.550065646580502,0.5834489513989136,0.019711476975465884,0.0020017986967918763
15.620000000000001,-4.5558752348016975,0.539041391593144,0.019691490218984666,0.0020096842247098136
15.63,-4.561239824445229,0.4944889990529272,0.019672406698706964,0.0020176215638618355
15.64,-4.566157997041569,0.44979594539351947,0.01965422367181479,0.0020256093746460575
15.65,-4.570628375922733,0.4049664245716865,0.019636938555232995,0.002033646295364303
15.66,-4.5746496264454155,0.36000465251087777,0.019620548924671525,0.0020417309426775452
15.67,-4.578220456210353,0.31491486672343566,0.019605052513728977,0.0020498619120718543
15.68,-4.581339615277886,0.26970132592987195,0.019590447213056743,0.002058037778334717
15.69,-4.584005896379694,0.22436830967524282,0.019576731069583055,0.002066257096041565
15.700000000000001,-4.586218135126667,0.17892011794265605,0.019563902285796343,0.0020745184000523545
15.71,-4.5879752102128935,0.13336107076394293,0.019551959219087256,0.0020828202060180537
15.72,-4.58927604361574,0.0876955078275284,0.01954090038114883,0.0020911610108968427
15.73,-4.590119600791982,0.0419277880835331,0.019530724437434286,0.002099539293479884
15.74,-4.590504890869968,-0.003937710653858693,0.01952143020667193,0.0021079535149264926
15.75,-4.590430966837796,-0.049896592106730746,0.019513016660436776,0.002116402119308485
15.76,-4.58989692572746,-0.09594444193643155,0.01950548292277844,0.0021248835341635764
15.77,-4.588901908794959,-0.14207682814920092,0.01949882826990494,0.0021333961710576156
15.780000000000001,-4.587445101696325,-0.18828930150439124,0.019493052129922066,0.0021419384261554416
15.790000000000001,-4.585525734659561,-0.23457739592524737,0.019488154082628027,0.0021505086808002206
15.8,-4.583143082652453,-0.2809366289122096,0.0194841338593631,0.002159105302101012
15.81,-4.580296465546235,-0.3273625019587031,0.019480991342914037,0.0021677266435283877
15.82,-4.576985248275086,-0.373850500969377,0.01947872656747308,0.0021763710455178892
15.83,-4.5732088409914295,-0.42039609668075667,0.019477339718651343,0.002185036836081106
15.84,-4.5689666992170155,-0.4669947450842715,0.019476831133546497,0.0021937223314241632
15.85,-4.564258323989764,-0.5136418878516207,0.01947720130086463,0.002202425836573414
15.860000000000001,-4.5590832620063395,-0.5603329527624392,0.019478450861096237,0.002211145646008061
15.870000000000001,-4.553441105760448,-0.6070633541342256,0.01948058060674628,0.002219880044299561
15.88,-4.547331493676814,-0.6538284932544938,0.019483591482618356,0.0022286273067575065
15.89,-4.540754110240841,-0.7006237588151085,0.019487484586152987,0.002237385700081776
15.9,-4.533708686123913,-0.7474445273487679,0.0194922611678201,0.002246153483020741
15.91,-4.526194998304328,-0.7942861636675906,0.019497922631565797,0.0022549289070352683
15.92,-4.51821287018384,-0.8411440213037716,0.019504470535313578,0.002263710216968227
15.93,-4.509762171699787,-0.8880134429522624,0.01951190659152012,0.0022724956517193528
15.94,-4.500842819432793,-0.9348897609154396,0.019520232667785874,0.0022812834449251465
15.950000000000001,-4.491454776710015,-0.981768297549719,0.01952945078752067,0.002290071825643511
15.96,-4.481598053703922,-1.028644365714074,0.019539563130664597,0.002298859019043017
15.97,-4.471272707526594,-1.0755132692204203,0.01955057203446446,0.002307643247096405
15.98,-4.460478842319501,-1.1223703032858217,0.019562479994306152,0.0023164227292780753
15.99,-4.449216609338779,-1.1692107549864779,0.01957528966460324,0.0023251956832653835
16.0,-4.437486207035948,-1.2160299037134532,0.019589003859742254,0.0023339603256433998
16.01,-4.4252878811340866,-1.2628230216301013,0.019603625555085002,0.002342714872612845
16.02,-4.412621924699429,-1.309585374131146,0.019619157888028427,0.002351457540700998
16.03,-4.399488678208375,-1.3563122203033748,0.01963560415912248,0.0023601865474753053
16.04,-4.385888529609897,-1.402998813387903,0.01965296783324652,0.0023689001122593383
16.05,-4.371821914383329,-1.449640401243964,0.019671252540844803,0.002377596456850792
16.06,-4.3572893155915216,-1.496232226814184,0.01969046207922165,0.0023862738062414785
16.07,-4.34229126392935,-1.5427695285912968,0.0197106004138969,0.002394930389338722
16.080000000000002,-4.326828337767565,-1.589247541086255,0.01973167168002234,0.0024035644396880637
16.09,-4.310901163191966,-1.635661495297695,0.019753680183859732,0.002412174196196958
16.1,-4.294510414037892,-1.6820066191827086,0.019776630404321257,0.0024207579038590878
16.11,-4.277656811920012,-1.7282781381288814,0.019800526994573027,0.0024293138144792113
16.12,-4.260341126257402,-1.7744712754275485,0.019825374783702557,0.002437840187397952
16.13,-4.242564174293912,-1.8205812527482261,0.019851178778450957,0.002446335290216498
16.14,-4.2243268211137845,-1.8666032906141736,0.01987794416501073,0.0024547973995207965
16.15,-4.205629979652543,-1.912532608879039,0.019905676310890102,0.002463224801604983
16.16,-4.186474610703123,-1.9583644272045457,0.019934380766844794,0.002471615793193804
16.17,-4.16686172291724,-2.0040939655391714,0.019964063268878212,0.0024799686821635
16.18,-4.146792372801986,-2.0497164445977756,0.019994729740311093,0.0024882817882611744
16.19,-4.126267664711653,-2.0952270863421303,0.02002638629392163,0.0024965534438222436
16.2,-4.105288750834756,-2.1406211144623057,0.020059039234157194,0.0025047819944854733
16.21,-4.0838568311762735,-2.185893754858867,0.02009269505941878,0.0025129657999055782
16.22,-4.061973153535076,-2.2310402361258332,0.020127360464419312,0.0025211032344629332
16.23,-4.039639013476552,-2.2760557900343534,0.020163042342617104,0.002529192687970152
16.240000000000002,-4.016855754300411,-2.320935652017055,0.020199747788725617,0.0025372325663752375
16.25,-3.9936247670036753,-2.365675061653012,0.020237484101300926,0.00254522129246087
16.26,-3.969947490238836,-2.410269263153292,0.02027625878540815,0.0025531573065398433
16.27,-3.9458254102671835,-2.4547135058470317,0.020316079555368263,0.002561039067146108
16.28,-3.9212600609072994,-2.4990030446679943,0.020356954337586733,0.0025688650517210233
16.29,-3.896253023478714,-2.5431331406415603,0.020398891273465426,0.002576633757294819
16.3,-3.8708059267407147,-2.5870990613721054,0.020441898722399314,0.0025843437011628598
16.31,-3.844920446826316,-2.630896081530718,0.02048598526485956,0.0025919934215563353
16.32,-3.8185983071713783,-2.674519483343208,0.02053115970556459,0.002599581478307155
16.330000000000002,-3.7918412784388766,-2.717964557078358,0.02057743107674081,0.002607106453506674
16.34,-3.764651178438323,-2.7612266015363685,0.020624808641474677,0.0026145669521581406
16.35,-3.7370298720403334,-2.804300924537454,0.02067330189715793,0.0026219616028223657
16.36,-3.7089792710863465,-2.8471828434105344,0.02072292057902774,0.0026292890582564755
16.37,-3.680501334293487,-2.8898676854819763,0.020773674663803685,0.002636547996045398
16.38,-3.651598067154584,-2.9323507885643396,0.02082557437342346,0.002643737119225776
16.39,-3.6222715218333343,-2.974627501445075,0.020878630178879316,0.002650855156902102
16.4,-3.5925237970546218,-3.0166931843751263,0.020932852804157243,0.002657900864854757
16.41,-3.562357037989989,-3.0585432095573895,0.020988253230280984,0.0026648730261395587
16.42,-3.531773436138269,-3.100172961634978,0.021044842699463072,0.002671770451678764
16.43,-3.500775229201374,-3.141577838179248,0.021102632719365032,0.0026785919808431954
16.44,-3.4693647009552513,-3.1827532501775324,0.02116163506746908,0.0026853364820249876
16.45,-3.4375441811160066,-3.2236946225205343,0.021221861795563613,0.0026920028532009025
16.46,-3.4053160452012015,-3.264397394489333,0.021283325234344893,0.002698590022486097
16.47,-3.3726827143863276,-3.3048570202419536,0.021346037998137394,0.0027050969486777095
16.48,-3.339646655356468,-3.3450689692994473,0.021410012989735317,0.00271152262178817
16.490000000000002,-3.306210380153147,-3.3850287270314383,0.021475263405367883,0.0027178660635680607
16.5,-3.2723764460163802,-3.424731795141083,0.021541802739791047,0.0027241263280182067
16.51,-3.2381474552219283,-3.464173692149399,0.021609644791508377,0.002730302501890874
16.52,-3.203526054913761,-3.503349953878906,0.02167880366812388,0.0027363937051793985
16.53,-3.168514936931749,-3.5422561339365393,0.021749293791829667,0.002742399091596433
16.54,-3.13311683763458,-3.5808878041957746,0.0218211299050314,0.002748317849040626
16.55,-3.097334537717918,-3.6192405552779285,0.021894327076114502,0.0027541492000511623
16.56,-3.061170862027809,-3.657309997032575,0.021968900705354313,0.0027598924022499685
16.57,-3.024628679369353,-3.695091759017031,0.022044866530973272,0.0027655467487716096
16.580000000000002,-2.987710902310642,-3.732581490974867,0.022122240635348452,0.0027711115686806557
16.59,-2.9504204869819803,-3.769774863313386,0.02220103945137275,0.0027765862273758596
16.6,-2.912760432870405,-3.806667567580026,0.02228127976897317,0.002781970126981367
16.61,-2.8747337826095083,-3.843255316937637,0.02236297874178969,0.002787262706724646
16.62,-2.836343621764586,-3.87953384663858,0.022446153894018304,0.002792463443300858
16.63,-2.7975930786131142,-3.9154989144976033,0.022530823127421943,0.0027975718512235673
16.64,-2.7584853239205804,-3.9511463013634445,0.022617004728513006,0.0028025874831613274
16.65,-2.719023570711674,-3.986471811589107,0.022704717375911385,0.002807509930260397
16.66,-2.6792110740368558,-4.021471273500768,0.022793980147881917,0.0028123388224530477
16.67,-2.639051130734325,-4.056140539865264,0.02288481253005533,0.002817073828751376
16.68,-2.5985470791873913,-4.090475488356105,0.022977234423336795,0.0028217146575263796
16.69,-2.55770229907728,-4.124472022017974,0.023071266152006352,0.002826261056772417
16.7,-2.5165202111313785,-4.158126069729653,0.023166928472015527,0.0028307128143565882
16.71,-2.4750042768669447,-4.191433586665342,0.023264242579484572,0.0028350697582526607
16.72,-2.4331579983303016,-4.224390554754302,0.02336323011940489,0.0028393317567601403
16.73,-2.3909849178315254,-4.256992983138795,0.02346391319455127,0.0028434987187076826
16.740000000000002,-2.3484886176746587,-4.289236908630259,0.023566314374608682,0.0028475705936407514
16.75,-2.3056727198834595,-4.321118396163672,0.023670456705518487,0.002851547371993746
16.76,-2.262540885922713,-4.35263353925006,0.023776363719049037,0.0028554290852461353
16.77,-2.219096816415123,-4.383778460427097,0.023884059442595723,0.002859215806062569
16.78,-2.1753442508538074,-4.414549311707754,0.023993568409215654,0.0028629076484170137
16.79,-2.131286967310417,-4.4449422750269445,0.02410491566790228,0.002866504767700495
16.8,-2.0869287821389033,-4.474953562686121,0.02421812679410535,0.0028700073608124953
16.81,-2.0422735496749587,-4.504579417795775,0.024333227900501755,0.0028734156662359924
16.82,-1.9973251619311474,-4.533816114715793,0.02445024564802286,0.002876729964095866
16.830000000000002,-1.9520875482877595,-4.562659959493618,0.02456920725714413,0.0028799505762007664
16.84,-1.9065646751794059,-4.591107290300177,0.024690140519442908,0.00288307786606822
16.85,-1.860760545777383,-4.61915447786352,0.024813073809430312,0.0028861122389328793
16.86,-1.8146791996678338,-4.646797925900128,0.024938036096663455,0.0028890541417379754
16.87,-1.768324712525728,-4.674034071543839,0.02506505695814413,0.002891904063109898
16.88,-1.7217011957846922,-4.700859385772351,0.02519416659101039,0.0028946625333156973
16.89,-1.6748127963027148,-4.727270373831255,0.0253253958255275,0.0028973301242035962
16.9,-1.6276636960237554,-4.753263575655543,0.02545877613838483,0.0028999074491264628
16.91,-1.5802581116352852,-4.7788355662885635,0.025594339666305484,0.0029023951628481624
16.92,-1.5326002942217896,-4.803982956298355,0.02573211921997547,0.0029047939614327578
16.93,-1.4846945289142615,-4.828702392191333,0.025872148298299435,0.0029071045821165943
16.94,-1.4365451345357148,-4.852990556823275,0.026014461102990025,0.0029093278031631724
16.95,-1.38815646324275,-4.8768441698075575,0.02615909255349814,0.0029114644437008962
16.96,-1.3395329001632021,-4.900259987920606,0.026306078302291414,0.002913515363543652
16.97,-1.2906788630299024,-4.9232348055045065,0.026455454750488376,0.0029154814629941935
16.98,-1.2415988018105872,-4.945765454866743,0.02660725906385595,0.002917363682630364
16.990000000000002,-1.1922971983339856,-4.967848806677004,0.026761529189177912,0.0029191630030742702
17.0,-1.1427785659121188,-4.989481770361031,0.026918303871002226,0.0029208804447443328
17.01,-1.0930474489588462,-5.0106612944914435,0.027077622668775142,0.002922517067590216
17.02,-1.0431084226046914,-5.031384367175525,0.02723952597437015,0.0029240739708108884
17.03,-0.992966092307983,-5.051648016439897,0.02740405503001995,0.0029255522925555884
17.04,-0.9426250934623465,-5.071449310612061,0.0275712519466597,0.0029269532096079446
17.05,-0.8920900910005803,-5.090785358698753,0.027741159722689986,0.0029282779370533294
17.06,-0.8413657789949567,-5.109653310761074,0.027913822263167905,0.002929527727929397
17.07,-0.7904568802539793,-5.128050358286355,0.02808928439943493,0.0029307038728599837
17.080000000000002,-0.7393681459156388,-5.145973734556707,0.028267591909190166,0.0029318076996724227
17.09,-0.6881043550372018,-5.163420715014223,0.0284487915370178,0.002932840572998349
17.1,-0.6366703141815726,-5.180388617622792,0.028632931015377533,0.0029338038938582166
17.11,-0.5850708570002663,-5.196874803226469,0.02882005908606697,0.0029346990992295285
17.12,-0.5333108438130321,-5.212876675904383,0.029010225522164885,0.0029355276615989118
17.13,-0.48139516118416753,-5.2283916833221245,0.029203481150464422,0.0029362910884982094
17.14,-0.42932872149556295,-5.2434173170795795,0.029399877874405348,0.0029369909220247122
17.150000000000002,-0.37711646251651765,-5.257951113055171,0.029599468697514418,0.002937628738345702
17.16,-0.32476334697036846,-5.271990651746467,0.02980230774736308,0.0029382061471873735
17.17,-0.27227436209797323,-5.285533558607118,0.030008450300051646,0.002938724791308398
17.18,-0.21965451921809054,-5.29857750438008,0.030217952805229143,0.0029391863459582754
17.19,-0.166908853284699,-5.311120205427093,0.030430872911658014,0.0029395925183206086
17.2,-0.11404242244129904,-5.3231594240543725,0.030647269493332838,0.0029399450469414948
17.21,-0.061060307572240916,-5.334692968834472,0.03086720267616216,0.0029402457011432964
17.22,-0.007967611851122984,-5.34571869492429,0.031090733865222573,0.0029404962804239036
17.23,0.045230539713695166,-5.356234504379176,0.031317925772593985,0.0029406986138417286
17.240000000000002,0.0985290007364197,-5.3662383464631,0.03154884244578505,0.0029408545593866894
17.25,0.1519226039139442,-5.375728217954851,0.03178354929675755,0.0029409660033373657
17.26,0.2054061614887199,-5.3847021634502354,0.03202211313155843,0.0029410348596045637
17.27,0.2589744657143286,-5.393158275660224,0.03226460218056798,0.002941063069061536
17.28,0.3126222893237106,-5.40109469570503,0.03251108612937262,0.002941052598861133
17.29,0.36634438600000185,-5.408509613404071,0.0327616361502703,0.0029410054417400707
17.3,0.4201354908499307,-5.415401267561787,0.03301632493441662,0.0029409236153106685
17.31,0.47399032087972803,-5.421767946249281,0.03327522672461916,0.0029408091613402783
17.32,0.5279035754735015,-5.427607987081742,0.03353841734878755,0.002940664145018683
17.330000000000002,0.5818699368740246,-5.432919777491631,0.0338059742540462,0.002940490654213783
17.34,0.6358840706658918,-5.437701754997582,0.034077976541516536,0.0029402907987158356
17.35,0.6899406262609908,-5.441952407468996,0.03435450500177481,0.002940066709470572
17.36,0.7440342373862399,-5.445670273386293,0.034635642150991575,0.0029398205378015022
17.37,0.7981595225735415,-5.448853942096796,0.03492147226775801,0.0029395544546217114
17.38,0.8523110856519018,-5.451502054066204,0.03521208143060401,0.0029392706496354985
17.39,0.906483516241663,-5.453613301125638,0.03550755755621224,0.002938971330530166
17.400000000000002,0.9606713902507986,-5.455186426714224,0.03580799043833187,0.0029386587221583494
17.41,1.01486927037322,-5.4562202261171775,0.036113471787394796,0.0029383350657111594
17.42,1.0690717065890407,-5.456713546699374,0.03642409527083666,0.0029380026178825805
17.43,1.1232732366667475,-5.456665288134366,0.03673995655412396,0.002937663650025421
17.44,1.1774683866672244,-5.456074402628824,0.03706115334248781,0.002937320447299249
17.45,1.2316516714495784,-5.454939895142368,0.03738778542336394,0.0029369753078106586
17.46,1.285817595178711,-5.4532608236027755,0.037719954709537484,0.002936630541746218
17.47,1.3399606518345843,-5.4510362991165255,0.03805776528298998,0.002936288470498594
17.48,1.3940753257231275,-5.448265486174655,0.03840132343944501,0.002935951425786179
17.490000000000002,1.4481560919887289,-5.444947602853914,0.03875073773360742,0.00293562174876665
17.5,1.5021974171282602,-5.441081921013177,0.03910611902508987,0.002935301789144826
17.51,1.5561937595065782,-5.4366677664851,0.03946758052501902,0.0029349939042753676
17.52,1.6101395698734506,-5.431704519262993,0.039835237843312075,0.002934700458260677
17.53,1.6640292918818493,-5.426191613682885,0.0402092090366127,0.0029344238210443825
17.54,1.7178573626075584,-5.420128538600756,0.040589614656873836,0.00293416636750094
17.55,1.7716182130700409,-5.413514837564922,0.04097657780057267,0.0029339304765217803
17.56,1.8253062687545099,-5.4063501089835375,0.041370224158541476,0.0029337185300984357
17.57,1.878915950135149,-5.398634006287211,0.04177068206639552,0.0029335329124030823
17.580000000000002,1.9324416731994263,-5.3903662380866955,0.04217808255553727,0.0029333760088671177
17.59,1.98587784997345,-5.381546568325642,0.04259255940471365,0.0029332502052580446
17.6,2.0392188890483056,-5.3721748164284,0.04301424919210048,0.002933157886755244
17.61,2.0924591961073253,-5.3622508574428345,0.04344329134788572,0.002933101437025186
17.62,2.145593174454231,-5.351774622178151,0.04387982820732016,0.0029330832372964155
17.63,2.1986152255420977,-5.340746097337702,0.044324005064201165,0.0029331056654350275
17.64,2.251519749503085,-5.3291653256467635,0.0447759702247521,0.0029331710950208875
17.650000000000002,2.3043011456788776,-5.317032405975261,0.045235875061856376,0.0029332818944252654
17.66,2.3569538131517858,-5.304347493455424,0.045703874069601816,0.0029334404258904564
17.67,2.40947215127645,-5.291110799594363,0.04618012491808701,0.002933649044611641
17.68,2.461850560212096,-5.277322592381542,0.04666478850843757,0.002933910097821829
17.69,2.5140834414552877,-5.2629831963911355,0.04715802902797581,0.002934225923880161
17.7,2.5661651983731275,-5.248092992879261,0.04766001400548328,0.0029345988513642856
17.71,2.6180902367368493,-5.232652419876059,0.04817091436649049,0.002935031198167216
17.72,2.669852965255753,-5.21666197227262,0.04869090448852377,0.0029355252705991373
17.73,2.7214477961114327,-5.200122201902737,0.04922016225623365,0.002936083362495041
17.740000000000002,2.772869145492243,-5.183033717619472,0.049758869116324066,0.0029367077543283123
17.75,2.8241114341279614,-5.165397185366531,0.05030721013219587,0.002937400712330965
17.76,2.8751690878245877,-5.1472133282444155,0.05086537403821217,0.0029381644876213062
17.77,2.926036537999246,-5.12848292657137,0.05143355329348687,0.0029390013153391442
17.78,2.9767082222151275,-5.109206817939082,0.05201194413509122,0.002939913413789326
17.79,3.027178584716441,-5.089385897263149,0.05260074663056631,0.002940902983594296
17.8,3.077442076963318,-5.069021116828284,0.053200164729622246,0.002941972206855856
17.81,3.1274931581666308,-5.048113486328264,0.05381040631489743,0.0029431232463268827
17.82,3.1773262958226836,-5.0266640729006,0.05443168325164331,0.0029443582445935006
17.830000000000002,3.226935966247731,-5.004674001155931,0.0550642114361919,0.002945679323268311
17.84,3.2763166551122858,-4.982144453202122,0.055708210843054884,0.0029470885821950813
17.85,3.3254628579751806,-4.959076668663065,0.056363905570494165,0.002948588098665436
17.86,3.3743690808173397,-4.935471944692173,0.05703152388439433,0.0029501799266482237
17.87,3.4230298405752335,-4.91133163598056,0.05771129826025814,0.002951866096031728
17.88,3.471439665673975,-4.8866571547599005,0.05840346542313579,0.0029536486118795936
17.89,3.5195930965600333,-4.861449970799955,0.05910826638528841,0.0029555294537008297
17.900000000000002,3.5674846862335277,-4.835711611400766,0.05982594648137547,0.002957510574734229
17.91,3.615109000780083,-4.809443661379513,0.060556755400944316,0.0029595939012477266
17.92,3.662460619902211,-4.782647763052011,0.06130094721798853,0.002961781331853378
17.93,3.7095341374502055,-4.755325616208864,0.062058780417329706,0.0029640747368381453
17.94,3.7563241619525205,-4.727478978086259,0.06283051791756458,0.0029664759575107544
17.95,3.802825317145621,-4.699109663331386,0.0636164270903067,0.002968986805565676
17.96,3.8490322425032892,-4.670219543962499,0.06441677977543822,0.0029716090624639
17.97,3.89493959376537,-4.640810549323595,0.06523185229207386,0.0029743444788311005
17.98,3.9405420434659533,-4.610884666033711,0.06606192544492445,0.0029771947738738477
17.990000000000002,3.9858342814609786,-4.580443937930842,0.06690728452573334,0.002980161634813641
18.0,4.030811015455268,-4.549490466010462,0.06776821930944335,0.002983246716339467
18.01,4.07546697152898,-4.51802640835865,0.06864502404473682,0.0029864516400790676
18.02,4.119796894663497,-4.486053980079821,0.06953799743857524,0.0029897779940888125
18.03,4.163795549266739,-4.453575453219042,0.07044744263434863,0.0029932273323628735
18.04,4.20745771969794,-4.420593156678944,0.07137366718322842,0.0029968011743614514
18.05,4.250778210791875,-4.387109476131214,0.07231698300830013,0.003000501004558433
18.06,4.293751848382581,-4.353126853922666,0.07327770636103513,0.003004328272008329
18.07,4.336373479826582,-4.318647788975883,0.07425615776964295,0.003008284389932613
18.080000000000002,4.3786379745256525,-4.283674836684426,0.0752526619788275,0.003012370735325744
18.09,4.420540224449158,-4.248210608802602,0.07626754788045248,0.0030165886485801264
18.1,4.462075144655999,-4.212257773329786,0.07730114843460252,0.0030209394331306215
18.11,4.503237673816219,-4.175819054389285,0.07835380058050824,0.0030254243551180544
18.12,4.544022774732313,-4.138897232101742,0.07942584513678415,0.003030044643071319
18.13,4.584425434860294,-4.101495142453074,0.08051762669040957,0.0030348014876082855
18.14,4.624440666830585,-4.06361567715692,0.08162949347386383,0.003039696041154883
18.150000000000002,4.664063508968798,-4.025261783511611,0.08276179722980757,0.0030447294176818526
18.16,4.70328902581647,-3.9864364642516312,0.08391489306268339,0.0030499026924587017
18.17,4.742112308651838,-3.9471427773935805,0.08508913927659,0.0030552169018245806
18.18,4.780528476010746,-3.9073838360766033,0.08628489719876535,0.003060673042975194
18.19,4.818532674207759,-3.867162808397291,0.087502530987996,0.003066272073764902
18.2,4.856120077857598,-3.8264829172390313,0.08874240742725155,0.0030720149125237103
18.21,4.893285890396997,-3.785347440095798,0.09000489569982588,0.0030779024378877378
18.22,4.9300253446070865,-3.7437597088903574,0.09129036714824938,0.003083935488642388
18.23,4.966333703136443,-3.701723109786883,0.09259919501522043,0.003090114863577514
18.240000000000002,5.002206259024911,-3.6592410829979523,0.09393175416578822,0.0030964413213528754
18.25,5.037638336228347,-3.6163171225859103,0.09528842079000488,0.0031029155803729068
18.26,5.072625290144418,-3.572954776258578,0.09666957208525062,0.0031095383186696564
18.27,5.107162508139619,-3.5291576451592817,0.09807558591742341,0.0031163101737922295
18.28,5.14124541007765,-3.4849293836511803,0.09950684046017326,0.003123231742701266
18.29,5.174869448849335,-3.4402736990958647,0.10096371381135151,0.0031303035816668276
18.3,5.208030110904248,-3.3951943516262006,0.10244658358583732,0.003137526206168223
18.31,5.240722916784238,-3.3496951539133857,0.10395582648389722,0.003144900090793708
18.32,5.272943421659025,-3.3037799709281885,0.10549181783422933,0.003152425669137958
18.330000000000002,5.3046872158640905,-3.2574527196963388,0.10705493111084144,0.003160103333696007
18.34,5.335949925441057,-3.210717369048031,0.10864553742291265,0.0031679334357510303
18.35,5.366727212680766,-3.163577939361502,0.11026400497679092,0.0031759162852537915
18.36,5.39701477666929,-3.1160385023006465,0.11191069850928449,0.003184052150691776
18.37,5.426808353837105,-3.068103180546627,0.1135859786914139,0.0031923412589456406
18.38,5.4561037185116605,-3.019776147523428,0.11529020150180332,0.0032007837951302763
18.39,5.484896683473598,-2.971061627117318,0.11702371756890527,0.00320937990241831
18.400000000000002,5.513183100516866,-2.921963893390156,0.11878687148127229,0.0032181296818435436
18.41,5.540958861013003,-2.872487270286502,0.12058000106511226,0.0032270331920814426
18.42,5.5682198964798495,-2.8226361313344683,0.12240343662839205,0.003236090449204253
18.43,5.594962179154961,-2.772414899340255,0.12425750017078611,0.003245301426408188
18.44,5.6211817225740175,-2.7218280460763125,0.12614250455880402,0.0032546660537098424
18.45,5.646874582154501,-2.670880091963059,0.12805875266547326,0.00326418421760905
18.46,5.672036855784944,-2.619575605744096,0.13000653647400143,0.003273855760715927
18.47,5.696664684420042,-2.5679192041548418,0.13198613614489538,0.003283680481338988
18.48,5.720754252681932,-2.5159155515845155,0.13399781904607458,0.0032936581330319232
18.490000000000002,5.744301789467943,-2.463569359731394,0.1360418387455821,0.003303788424096804
18.5,5.767303568565128,-2.4108853872512603,0.13811843396656895,0.003314071017040636
18.51,5.789755909271887,-2.3578684393989624,0.1402278275043072,0.003324505527983421
18.52,5.811655177026981,-2.304523367662994,0.14237022510507408,0.003335091526015348
18.53,5.832997784046276,-2.2508550693930114,0.14454581430684343,0.0033458285325010315
18.54,5.8537801899674955,-2.1968684874201876,0.14675476324182324,0.00335671602032887
18.55,5.873998902503312,-2.142568609670314,0.14899721940098734,0.00336775341310392
18.56,5.893650478103075,-2.087960468769545,0.15127330836086864,0.003378940084282996
18.57,5.9127315226234805,-2.033049141642686,0.15358313247300726,0.0033902753562502557
18.580000000000002,5.931238692008469,-1.977839749103918,0.15592676951658282,0.00340175849933312
18.59,5.949168692978658,-1.9223374554398476,0.15830427131490457,0.0034133887307575264
18.6,5.9665182837305695,-1.8665474679847762,0.16071566231658627,0.0034251652135422754
18.61,5.9832842746459365,-1.8104750366880653,0.16316093814239557,0.003437087055333011
18.62,5.999463529011338,-1.7541254536734858,0.1656400640989392,0.00344915330717603
18.63,6.015052963748415,-1.6975040527904295,0.16815297366052667,0.0034613629622333004
18.64,6.030049550154887,-1.6406162091568575,0.1706995669207456,0.003473714954440068
18.650000000000002,6.044450314656587,-1.5834673386938618,0.17327970901548115,0.0034862081571071356
18.66,6.058252339570705,-1.5260628976517114,0.17589322851932193,0.0034988413814705317
18.67,6.071452763880407,-1.4684083821272518,0.17853991581751158,0.00351161337519155
18.68,6.084048784020976,-1.410509327572528,0.18121952145583303,0.0035245228208111005
18.69,6.096037654677603,-1.3523713082944953,0.1839317544710475,0.003537568334162698
18.7,6.107416689594897,-1.2939999369456845,0.1866762807047544,0.003550748462749055
18.71,6.1181832623982055,-1.2354008640056855,0.18945272110378938,0.003564061684088075
18.72,6.128334807426734,-1.1765797772533118,0.1922606500105381,0.0035775064040344854
18.73,6.137868820578486,-1.1175424012293096,0.19509959344680752,0.003591080955084211
18.740000000000002,6.146782860166954,-1.0582944966894752,0.19796902739517072,0.003604783594669111
18.75,6.155074547789474,-0.9988418600480425,0.20086837608197725,0.0036186125034504105
18.76,6.162741569207112,-0.9391903228112074,0.20379701026650468,0.0036325657836199137
18.77,6.169781675235888,-0.8793457510006523,0.20675424554101265,0.0036466414572186405
18.78,6.1761926826491145,-0.8193140445669402,0.20973934064674982,0.003660837464483049
18.79,6.181972475090552,-0.7591011367926479,0.21275149581125488,0.0036751516622297634
18.8,6.187119003998043,-0.6987129936851099,0.21578985111258392,0.0036895818222901786
18.81,6.191630289537218,-0.638155613358651,0.2188534848763865,0.003704125630006781
18.82,6.195504421544813,-0.5774350254061871,0.22194141211204102,0.003718780682803425
18.830000000000002,6.1987395604810605,-0.5165572902600791,0.22505258299434375,0.003733544488842252
18.84,6.201333938390568,-0.45552849854213145,0.2281858813975249,0.0037484144657801365
18.85,6.203285859871007,-0.3943547704026304,0.2313401234886363,0.003763387939637697
18.86,6.204593703048877,-0.3330422548483272,0.23451405638761733,0.0037784621437940515
18.87,6.2052559205615285,-0.2715971290592763,0.23770635690159786,0.0037936342181204476
18.88,6.2052710405445515,-0.21002559769444779,0.24091563034123428,0.003808901208265723
18.89,6.204637667623557,-0.14833389218604354,0.24414040942709805,0.0038242600651062606
18.900000000000002,6.203354483909298,-0.086528270022455,0.24737915329434207,0.003839707644372708
18.91,6.2014202499949835,-0.024615014019812344,0.2506302466040552,0.003855240706465161
18.92,6.198833805954581,0.037399568417913816,0.25389199876987956,0.0038708559164677705
18.93,6.195594072340768,0.09950914605028442,0.25716264330860356,0.003886549844372833
18.94,6.191700051181164,0.16170736456325024,0.260440337323556,0.003902318965523462
18.95,6.187150826971333,0.22398784734349494,0.2637231611297085,0.0039181596612826485
18.96,6.181945567662989,0.28634419626424545,0.2670091180294439,0.0039340682199351575
18.97,6.176083525645743,0.3487699924825169,0.27029613424796234,0.003950040837827241
18.98,6.169564038720625,0.411258797247741,0.273582059037277,0.0039660736207473655
18.990000000000002,6.162386531063547,0.4738041527217097,0.2768646649576864,0.003982162585549371
19.0,6.1545505141767665,0.5363995828097462,0.2801416483455087,0.003998303662017403
19.01,6.146055587826349,0.5990385940029955,0.28341062997571226,0.0040144926949699814
19.02,6.136901440963501,0.6617146762317071,0.2866691559278818,0.004030725446598154
19.03,6.127087852627619,0.7244213037293579,0.28991469866371244,0.004046997599030391
19.04,6.116614692828769,0.7871519359074441,0.29314465832392883,0.004063304757114662
19.05,6.105481923407273,0.8499000182407461,0.2963563642521735,0.004079642451405257
19.06,6.093689598867983,0.9126589831628441,0.2995470767530053,0.004096006141339724
19.07,6.08123786718678,0.9754222509716421,0.30271398909068525,0.004112391218588774
19.080000000000002,6.068126970586738,1.0381832307446275,0.3058542297349066,0.004128793010559402
19.09,6.054357246281382,1.10093532126357,0.3089648648590475,0.004145206784029159
19.1,6.039929127182387,1.1636719119483367,0.31204290109588506,0.0041616277488870914
19.11,6.024843142569026,1.2263863837994708,0.31508528855501017,0.004178051061955061
19.12,6.009099918716657,1.2890721103491565,0.31808892410542366,0.004194471830860907
19.13,5.992700179481501,1.3517224586201617,0.3210506549259744,0.00421088511793318
19.14,5.975644746838928,1.4143307900923252,0.323967282325422,0.004227285944086051
19.150000000000002,5.957934541372506,1.4768904616761214,0.326835565832969,0.004243669292661599
19.16,5.939570582711007,1.5393948266928128,0.329652227559116,0.004260030113195999
19.17,5.920553989910642,1.601837235860667,0.332413956825643,0.004276363325075831
19.18,5.900885981779756,1.6642110382866873,0.33511741506242354,0.0042926638210510374
19.19,5.880567877143296,1.7265095824632823,0.3377592409676265,0.004308926470571206
19.2,5.859601095044394,1.7887262172692644,0.34033605592666816,0.00432514612291313
19.21,5.837987154880459,1.8508542929745437,0.3428444696840408,0.004341317610069629
19.22,5.815727676471247,1.9128871622478596,0.345281086260871,0.004357435749371108
19.23,5.7928243800564845,1.9748181811668581,0.3476425101097569,0.004373495345814705
19.240000000000002,5.769279086220675,2.0366407102298076,0.34992535249710144,0.004389491194078951
19.25,5.745093715742878,2.0983481153682124,0.3521262381018088,0.004405418080205773
19.26,5.720270289369336,2.159933768959566,0.3542418118178441,0.004421270782936297
19.27,5.694810927506993,2.2213910508394603,0.3562687457467852,0.004437044074691999
19.28,5.668717849836088,2.2827133493122527,0.3582037463651245,0.0044527327221982995
19.29,5.641993374840164,2.343894062159464,0.3600435618497135,0.004468331486753289
19.3,5.614639919252051,2.4049265976450718,0.3617849895433981,0.004483835124151662
19.31,5.586659997414529,2.465804375516846,0.36342488354157015,0.004499238384280133
19.32,5.558056220554615,2.526520828002856,0.36496016237907297,0.00451453601040763
19.330000000000002,5.52883129597064,2.587069400802276,0.36638781679565524,0.004529722738201426
19.34,5.498988026131489,2.647443554069592,0.3677049175569738,0.004544793294507287
19.35,5.468529307687653,2.707636763391328,0.3689086233070163,0.004559742395939558
19.36,5.437458130393981,2.767642520754381,0.3699961884267539,0.00457456474733421
19.37,5.405777575944278,2.827454335505074,0.37096497087285624,0.004589255040124904
19.38,5.37349081671819,2.8870657352980214,0.371812439969409,0.004603807950709119
19.39,5.340601114441096,2.9464702670339147,0.37253618412478534,0.004618218138877652
19.400000000000002,5.307111818757994,3.005661497785342,0.3731339184451379,0.004632480246386305
19.41,5.273026365722701,3.0646330157097585,0.3736034922154101,0.004646588895753369
19.42,5.238348276203968,3.1233784309487436,0.3739428962183242,0.004660538689371175
19.43,5.203081154210419,3.181891376512699,0.3741502698614892,0.0046743242090226
19.44,5.167228685136522,3.2401655091501516,0.3742239080826023,0.004687940015895112
19.45,5.130794633932151,3.298194510200853,0.37416226800268754,0.004701380651186488
19.46,5.0937828431985315,3.3559720864318967,0.37396397529744,0.004714640637395393
19.47,5.056197231213748,3.4134919708560902,0.3736278302570228,0.004727714480387826
19.48,5.018041789891233,3.470747923531867,0.37315281350510215,0.004740596672327577
19.490000000000002,4.97932058267499,3.527733732344041,0.372538091348508,0.00475328169555368
19.5,4.940037742375571,3.5844432137647586,0.3717830207296718,0.004765764027481725
19.51,4.900197468951123,3.6408702135940296,0.3708871537549254,0.004778038146597971
19.52,4.859804027238073,3.697008607679277,0.3698502417728412,0.004790098539605527
19.53,4.818861744636305,3.7528523026133778,0.3686722389780517,0.004801939709771678
19.54,4.7773750087538875,3.8083952364107225,0.36735330551741147,0.004813556186513278
19.55,4.735348265016674,3.863631379160874,0.3658938100769402,0.004824942536242742
19.56,4.69278601424829,3.9185547336594513,0.3642943319297183,0.004836093374484228
19.57,4.649692810226218,3.973159336015929,0.36255566242678394,0.004847003379253198
19.580000000000002,4.6060732572198635,4.027439256238097,0.36067880591509893,0.00485766730567568
19.59,4.56193200751664,4.081388598792974,0.35866498006879444,0.004868080001808379
19.6,4.5172737589422285,4.135001503144057,0.35651561562218,0.004878236425601617
19.61,4.472103252381288,4.188272144264812,0.3542323554953748,0.004888131662930479
19.62,4.426425269304958,4.241194733128405,0.35181705330589746,0.004897760946602761
19.63,4.380244629311553,4.293763517173729,0.3492717712621126,0.004907119676233738
19.64,4.333566187686881,4.345972780747833,0.34659877743706574,0.004916203438862319
19.650000000000002,4.286394832990608,4.397816845524948,0.34380054242392954,0.004925008030167226
19.66,4.238735484675072,4.449290070902339,0.3408797353770171,0.0049335294761273804
19.67,4.19059309074289,4.5003868543733105,0.337839219445077,0.0049417640549574765
19.68,4.141972625449612,4.55110163187773,0.334682046606355,0.004949708319137554
19.69,4.092879087057569,4.601428878130502,0.33141145191766846,0.004957359117346206
19.7,4.04331749564693,4.651363106928507,0.32803084719248027,0.004964713616099233
19.71,3.9932928909897885,4.700898871436545,0.3245438141256551,0.004971769320889405
19.72,3.9428103304929336,4.750030764452914,0.32095409688522386,0.004978524096620335
19.73,3.8918748872147124,4.798753418655298,0.3172655941940464,0.00498497618712577
19.740000000000002,3.8404916479611617,4.847061506827676,0.31348235092673765,0.004991124233568307
19.75,3.788665711466301,4.894949742069061,0.3096085492495918,0.004996967291515188
19.76,3.736402186661185,4.942412877984866,0.3056484993334805,0.005002504846495514
19.77,3.6837061910360047,4.989445708861803,0.3016066296718109,0.005007736827853043
19.78,3.630582849099165,5.036043069827206,0.29748747703758255,0.005012663620720436
19.79,3.5770372909369335,5.082199836993756,0.2932956761153715,0.005017286075955004
19.8,3.5230746508768584,5.127910927590597,0.2890359488456829,0.005021605517892398
19.81,3.4687000662577745,5.173171300081858,0.28471309352053675,0.005025623749793368
19.82,3.413918676308801,5.217975954273649,0.2803319736703765,0.005029343056878943
19.830000000000002,3.3587356211393287,5.262319931410602,0.2758975067834091,0.005032766206871375
19.84,3.3031560408415572,5.306198314263061,0.27141465289929095,0.0050358964479810175
19.85,3.2471850747067195,5.349606227206025,0.2668884031196581,0.005038737504304186
19.86,3.1908278605556823,5.392538836290979,0.26232376807836166,0.005041293568621197
19.87,3.134089534184182,5.434991349311738,0.2577257664144059,0.0050435692926097
19.88,3.076975228922504,5.476959015865451,0.2530994132904939,0.005045569774513244
19.89,3.0194900753089806,5.51843712740988,0.24844970899976723,0.005047300544330333
19.900000000000002,2.9616392008762458,5.559421017318093,0.24378162770278533,0.005048767546613618
19.91,2.903427730048759,5.599906060931693,0.23910010633602388,0.0050499771209918595
19.92,2.844860784149688,5.639887675613664,0.23441003373219432,0.005050935980550351
19.93,2.7859434815148334,5.679361320801939,0.2297162399914966,0.005051651188225299
19.94,2.726680937710887,5.718322498064734,0.22502348614152856,0.005052130131386964
19.95,2.667078265854929,5.756766751158694,0.22033645412199343,0.0050523804948032205
19.96,2.6071405770317075,5.794689666090838,0.2156597371285851,0.005052410232189629
19.97,2.5468729808049106,5.832086871185282,0.21099783034849948,0.005052227536564204
19.98,2.4862805858182973,5.868954037155667,0.20635512211793236,0.0050518408096351525
19.990000000000002,2.425368500482272,5.905286877184185,0.20173588552969549,0.005051258630456519
20.0,2.3641418337411952,5.94108114700803,0.19714427051672448,0.005050489723590901
20.01,2.302605695916479,5.976332645014102,0.19258429643478422,0.005049542927020699
20.02,2.240765199620277,6.011037212342687,0.18805984516511232,0.005048427160047619
20.03,2.17862546073439,6.0451907330008305,0.18357465475509815,0.005047151391416837
20.04,2.116191599448824,6.078789133986029,0.17913231361238896,0.005045724607896206
20.05,2.0534687413542936,6.111828385420849,0.17473625526506478,0.005044155783532259
20.06,1.9904620185828492,6.144304500698993,0.1703897536977462,0.005042453849794
20.07,1.9271765709907134,6.176213536643294,0.16609591927071077,0.005040627666802698
20.080000000000002,1.86361754737735,6.2075515936760475,0.16185769522631407,0.005038685995831648
20.09,1.7997901067347577,6.2383148160020525,0.15767785478425372,0.005036637473243171
20.1,1.7356994195209772,6.268499391804641,0.1535589988244987,0.005034490586013188
20.11,1.6713506689518178,6.298101553454953,0.14950355415404545,0.005032253648975092
20.12,1.6067490523048638,6.327117577734617,0.1455137723510737,0.005029934783894755
20.13,1.541899782229894,6.355543786071977,0.14159172917757115,0.005027541900469336
20.14,1.47680808805995,6.38337654479191,0.13773932454909257,0.005025082679322155
20.150000000000002,1.4114792171174078,6.410612265379251,0.13395828304802768,0.0050225645570454395
20.16,1.3459184360095655,6.437247404755768,0.1302501549645832,0.005019994713323187
20.17,1.280131031908417,6.463278465570587,0.12661631784765193,0.005017380060146732
20.18,1.214122313809478,6.488701996503914,0.12305797854585128,0.005014727233116819
20.19,1.1478976137647388,6.513514592583829,0.11957617571727612,0.0050120425848080765
20.2,1.081462288085035,6.5377128955159165,0.11617178278493191,0.005009332180154908
20.21,1.0148217185073827,6.5612935940254165,0.11284551131340025,0.005006601793802185
20.22,0.9479813133230602,6.584253424211552,0.10959791478104385,0.005003856909349794
20.23,0.8809465084625019,6.606589169913645,0.10642939272098613,0.005001102720407169
20.240000000000002,0.8137227685333327,6.6282976630886,0.1033401952032021,0.0049983441333625285
20.25,0.7463155878081659,6.64937578419927,0.1003304276293349,0.004995585771761986
20.26,0.6787304911590726,6.669820462613242,0.0974000558113037,0.004992831982185184
20.27,0.6109730349359309,6.689628677011482,0.09454891130439338,0.004990086841497595
20.28,0.5430488077861613,6.7087974558063115,0.09177669696531085,0.004987354165354753
20.29,0.47496343141365516,6.727323877568109,0.08908299270565316,0.004984637517830045
20.3,0.40672256127500717,6.7452050714601635,0.0864672614113543,0.004981940222035872
20.31,0.33833188721145724,6.762438217681042,0.08392885499895383,0.0049792653716071705
20.32,0.2697971340152477,6.779020547913838,0.08146702057995532,0.004976615842917371
20.330000000000002,0.20112406192938942,6.794949345781666,0.07908090670510771,0.004973994307898586
20.34,0.1323184670801173,6.810221947308723,0.07676956966114029,0.004971403247341107
20.35,0.06338618184159145,6.82483574138627,0.07453197979330245,0.004968844964551398
20.36,-0.005666924867329809,6.838788170242853,0.07236702782799363,0.004966321599252715
20.37,-0.07483494735416125,6.852076729918103,0.07027353117080667,0.00496383514161827
20.38,-0.14411194299137392,6.864698970739432,0.06825024015643885,0.004961387446333272
20.39,-0.21349193212192186,6.876652497800963,0.06629584422813838,0.004958980246589183
20.400000000000002,-0.28296889803092046,6.88793497144404,0.06440897802563969,0.004956615167920687
20.41,-0.3525367869824742,6.8985441077386485,0.06258822736188685,0.004954293741803585
20.42,-0.4221895083204549,6.908477678965113,0.0608321350702408,0.0049520174189395735
20.43,-0.49192093463184894,6.917733514095439,0.059139206705301255,0.00494978758216164
20.44,-0.5617249019711256,6.926309499273672,0.05750791608193803,0.004947605558901771
20.45,-0.6315952101439235,6.934203578294676,0.05593671063860836,0.004945472633170205
20.46,-0.7015256230482178,6.941413753080744,0.05442401661252652,0.004943390057003038
20.47,-0.7715098690710034,6.947938084155463,0.0529682440157404,0.004941359061342397
20.48,-0.8415416415384278,6.953774691114291,0.051567791402646564,0.004939380866320142
20.490000000000002,-0.911614599217208,6.958921753091315,0.05022105042093291,0.004937456690922818
20.5,-0.9817223668650928,6.963377509221668,0.04892641013936729,0.004935587762021801
20.51,-1.0518585358280663,6.967140259099134,0.047682261147244276,0.004933775322758226
20.52,-1.1220166646819358,6.970208363228465,0.046486999421653324,0.004932020640277861
20.53,-1.1921902799159172,6.972580243471966,0.045339029960033736,0.004930325012815874
20.54,-1.262372876655801,6.974254383489937,0.04423677017672897,0.004928689776135795
20.55,-1.3325579194242745,6.975229329174563,0.04317865306344066,0.004927116309331175
20.56,-1.4027388429359782,6.975503689076891,0.04216313011460574,0.004925606040001824
20.57,-1.47290905292488,6.97507613482654,0.04118867401977605,0.004924160448819668
20.580000000000002,-1.5430619270015833,6.973945401543812,0.04025378112606424,0.004922781073501743
20.59,-1.6131908155382038,6.972110288243915,0.03935697367463172,0.004921469512210465
20.6,-1.6832890425785068,6.969569658232999,0.03849680181603113,0.004920227426402939
20.61,-1.753349906771031,6.966322439495767,0.03767184540997691,0.004919056543152418
20.62,-1.8233666823229917,6.962367625074411,0.03688071561580246,0.004917958656966673
20.63,-1.893332619972815,6.957704273438663,0.03612205628047086,0.004916935631128545
20.64,-1.9632409479792272,6.952331508846769,0.03539454513153953,0.004915989398584559
20.650000000000002,-2.0330848731248925,6.946248521697208,0.034696894782938,0.004915121962407936
20.66,-2.102857581732679,6.939454568871005,0.03402785356180458,0.004914335395862423
20.67,-2.172552240692709,6.931948974064505,0.033386206164943165,0.004913631842093291
20.68,-2.242161998498437,6.923731128112478,0.0327707741537094,0.004913013513471325
20.69,-2.311679986290091,6.914800489301468,0.03218041629631769,0.004912482690615493
20.7,-2.381099318903893,6.905156583673293,0.03161402876668073,0.004912041721119473
20.71,-2.450413095925575,6.894799005318621,0.03107054520895452,0.004911693018006227
20.72,-2.5196144027467975,6.883727416660586,0.030548936676967762,0.004911439057934224
20.73,-2.588696311623153,6.871941548728374,0.03004821145766888,0.004911282379178097
20.740000000000002,-2.657651882732555,6.859441201420769,0.02956741478763034,0.004911225579405693
20.75,-2.7264741652328746,6.846226243759637,0.02910562847151266,0.004911271313272304
20.76,-2.795156198317795,6.832296614133335,0.028661970411213208,0.004911422289852055
20.77,-2.86369101226993,6.817652320530052,0.028235594054211617,0.00491168126992535
20.78,-2.9320716295103377,6.802293440761098,0.02782568776937859,0.004912051063140664
20.79,-3.0002910656436486,6.786220122674146,0.027431474158241535,0.004912534525067148
20.8,-3.0683423304980955,6.769432584356469,0.027052209309403084,0.004913134554154162
20.81,-3.136218429159819,6.751931114328207,0.0266871820034905,0.004913854088613002
20.82,-3.203912363000886,6.733716071725688,0.02633571287567917,0.004914696103234312
20.830000000000002,-3.2714171307005326,6.7147878864748645,0.025997153542484903,0.004915663606154697
20.84,-3.33872572925921,6.695147059454913,0.025670885699161358,0.004916759635584372
20.85,-3.405831155005069,6.674794162652043,0.02535632019367309,0.004917987256507109
20.86,-3.4727264045925774,6.65372983930358,0.025052896082845045,0.004919349557362863
20.87,-3.5394044759930274,6.631954804032379,0.024760079675917996,0.004920849646722898
20.88,-3.605858369476731,6.609469842971642,0.024477363570369115,0.0049224906499657625
20.89,-3.672081088586753,6.5862758138801825,0.024204265684490064,0.004924275705962195
20.900000000000002,-3.738065641104077,6.562373646248228,0.023940328290853435,0.004926207963776493
20.91,-3.803805040004139,6.537764341393811,0.0236851170544442,0.00492829057939066
20.92,-3.8692923044046945,6.51244897254982,0.023438220078887625,0.004930526712457254
20.93,-3.9345204605050257,6.486428684941784,0.023199246963870185,0.004932919523086423
20.94,-3.9994825425165255,6.459704695856454,0.022967827876527014,0.004935472168671799
20.95,-4.064171593584712,6.432278294701243,0.022743612639258868,0.004938187800759391
20.96,-4.1285806667027645,6.40415084305461,0.022526269836144832,0.004941069561962931
20.97,-4.192702825616679,6.37532377470743,0.022315485939834564,0.004944120582929445
20.98,-4.256531145722175,6.3457985956954355,0.022110964460536137,0.0049473439793576
20.990000000000002,-4.320058714953489,6.315576884322784,0.02191242511846321,0.00495074284907043
21.0,-4.383278634664202,6.284660291176815,0.021719603040868275,0.0049543202691454645
21.01,-4.44618402050027,6.2530505391340565,0.021532247984567418,0.004958079293103656
21.02,-4.508768003265428,6.220749423357549,0.021350123584656124,0.004962022948157568
21.03,-4.571023729779142,6.187758811285531,0.021173006629925297,0.004966154232520901
21.04,-4.632944363727297,6.154080642611556,0.021000686365311414,0.004970476112779498
21.05,-4.6945230865058,6.119716929256091,0.020832963821554355,0.00497499152132444
21.06,-4.755753098057293,6.084669755329639,0.020669651172090523,0.004979703353847443
21.07,-4.816627617701159,6.048941277087457,0.02051057111707696,0.004984614466898798
21.080000000000002,-4.877139884957007,6.012533722875903,0.0203555562943237,0.004989727675507569
21.09,-4.937283160361821,5.975449393070461,0.02020444871680608,0.004995045750863993
21.1,-4.997050726280958,5.937690660005502,0.02005709923633545,0.005000571418063631
21.11,-5.056435887713163,5.899259967895805,0.019913367032885213,0.005006307353912582
21.12,-5.11543197308978,5.860159832749902,0.019773119128998498,0.005012256184793672
21.13,-5.174032335068325,5.820392842275273,0.019636229928643605,0.005018420484592258
21.14,-5.232230351320569,5.779961655775432,0.019502580779832773,0.005024802772681492
21.150000000000002,-5.290019425315306,5.738869004038956,0.01937205956027835,0.005031405511966258
21.16,-5.347392987095932,5.697117689220466,0.019244560285327113,0.005038231106984271
21.17,-5.4043444940529834,5.654710584713628,0.019119982737388058,0.00504528190206419
21.18,-5.46086743169176,5.611650635016181,0.018998232116050305,0.0050525601795399925
21.19,-5.516955314395169,5.567940855587036,0.018879218708075775,0.005060068158019663
21.2,-5.572601686181885,5.523584332695482,0.01876285757644481,0.0050678079907086025
21.21,-5.6278001214599565,5.4785842232625175,0.018649068267631845,0.005075781763786144
21.22,-5.682544225775936,5.432943754694345,0.018537774536291712,0.005083991494834237
21.23,-5.736827636559644,5.3866662247080574,0.018428904086544733,0.00509243913131794
21.240000000000002,-5.790644023864643,5.339755001149541,0.01832238832906009,0.005101126549116492
21.25,-5.843987091104493,5.29221352180362,0.018218162153151234,0.005110055551104204
21.26,-5.896850575784867,5.244045294196477,0.018116163713114253,0.005119227865780793
21.27,-5.949228250231583,5.195253895390363,0.018016334228059462,0.005128645145949855
21.28,-6.001113922314608,5.145842971770637,0.017918617794507832,0.005138308967444891
21.29,-6.052501436168079,5.095816238825147,0.01782296121104662,0.005148220827902653
21.3,-6.103384672906383,5.045177480915982,0.0177293138143628,0.005158382145582881
21.31,-6.153757551336336,4.9939305510436185,0.017637627325997843,0.005168794258233729
21.32,-6.203614028665479,4.942079370603486,0.01754785570919316,0.005179458422002138
21.330000000000002,-6.252948101206517,4.889627929134978,0.017459955035221696,0.005190375810389455
21.34,-6.301753805077927,4.83658028406292,0.01737388335862753,0.0052015475132511455
21.35,-6.350025216900727,4.782940560431536,0.017289600600821835,0.005212974535840237
21.36,-6.397756454491435,4.728712950630915,0.017207068441509748,0.005224657797894021
21.37,-6.44494167755119,4.673901714116026,0.017126250217448808,0.005236598132764033
21.38,-6.491575088351068,4.61851117711828,0.0170471108280652,0.005248796286588843
21.39,-6.537650932413547,4.56254573234968,0.0169696166474791,0.00526125291750882
21.400000000000002,-6.583163499190138,4.506009838699574,0.016893735442514945,0.005273968594923452
21.41,-6.628107122735155,4.448908020924041,0.016819436296296203,0.005286943798790325
21.42,-6.672476182375599,4.391244869327921,0.016746689537047315,0.005300178918965671
21.43,-6.716265103377135,4.333025039439535,0.016675466671747637,0.005313674254586871
21.44,-6.759468357606156,4.274253251678096,0.016605740324303703,0.0053274300134957195
21.45,-6.802080464187869,4.2149342910138525,0.01653748417792661,0.005341446311703016
21.46,-6.844095990160396,4.1550730066209836,0.016470672921421015,0.005355723172894556
21.47,-6.885509551124855,4.094674311523268,0.01640528219911099,0.005370260527977589
21.48,-6.926315811891373,4.033743182232564,0.01634128856414582,0.005385058214668311
21.490000000000002,-6.966509487120992,3.9722846583801084,0.016278669434945894,0.005400115977120183
21.5,-7.006085341963444,3.9103038423406873,0.01621740305456484,0.005415433465592764
21.51,-7.0450381926907255,3.8478058988496766,0.016157468452759362,0.005431010236161525
21.52,-7.083362907326452,3.7847960546130044,0.016098845410572608,0.005446845750467965
21.53,-7.121054406270928,3.7212795979100504,0.01604151442725045,0.005462939375510323
21.54,-7.158107662921889,3.6572618781895154,0.015985456689322865,0.005479290383475102
21.55,-7.1945177042908774,3.59274830565829,0.01593065404169455,0.005495897951608774
21.56,-7.230279611615183,3.5277443508633537,0.015877088960600236,0.005512761162130058
21.57,-7.265388520965309,3.462255544266731,0.015824744528290614,0.005529879002182912
21.580000000000002,-7.2998396238479115,3.3962874758135415,0.01577360440932473,0.005547250363829747
21.59,-7.333628167804153,3.32984579449317,0.015723652828353894,0.005564874044085012
21.6,-7.366749457003414,3.262936207893594,0.0156748745492907,0.005582748744989342
21.61,-7.399198852832321,3.195564481748898,0.01562725485576486,0.005600873073724095
21.62,-7.430971774479018,3.1277364394800093,0.015580779532774848,0.005619245542766104
21.63,-7.462063699512638,3.0594579617286906,0.015535434849451512,0.005637864570082877
21.64,-7.492470164457913,2.9907349858848233,0.015491207542855972,0.005656728479367995
21.650000000000002,-7.522186765364867,2.9215735056070167,0.015448084802740326,0.005675835500316741
21.66,-7.551209158373531,2.8519795703365793,0.015406054257205076,0.005695183768941991
21.67,-7.57953306027363,2.781959284804891,0.015365103959192366,0.005714771327930061
21.68,-7.6071542490591755,2.71151880853421,0.015325222373758857,0.005734596127036768
21.69,-7.6340685644779125,2.640664355331957,0.01528639836607643,0.005754656023523397
21.7,-7.6602719085755595,2.5694021927785085,0.015248621190112985,0.005774948782632366
21.71,-7.685760246234784,2.49773864170855,0.01521188047794931,0.005795472078102981
21.72,-7.710529605708856,2.4256800756860146,0.015176166229691463,0.005816223492726532
21.73,-7.73457607914992,2.353232920472663,0.015141468803941308,0.005837200518941141
21.740000000000002,-7.757895823131832,2.280403653490332,0.015107778908790713,0.005858400559465962
21.75,-7.780485059167493,2.2071988032769037,0.01507508759330772,0.0058798209279744065
21.76,-7.802340074220636,2.1336249489360366,0.015043386239485373,0.005901458849806907
21.77,-7.823457221211995,2.0596887195806945,0.015012666554626287,0.00592331146272216
21.78,-7.843832919519809,1.9853967937705295,0.014982920564138063,0.005945375817687317
21.79,-7.863463655474595,1.910755898943151,0.014954140604716653,0.005967648879706708
21.8,-7.882345982848141,1.8357728108393374,0.014926319317896538,0.005990127528688703
21.81,-7.9004765233366525,1.7604543529222285,0.01489944964394823,0.0060128085603509485
21.82,-7.917851967038011,1.6848073957905487,0.01487352481610514,0.006035688687163224
21.830000000000002,-7.934469072923069,1.6088388565859089,0.014848538355103195,0.006058764539327901
21.84,-7.950324669300942,1.532555698394233,0.014824484064017958,0.006082032665797838
21.85,-7.96541565427823,1.4559649296413597,0.014801356023385084,0.0061054895353312745
21.86,-7.979738996212126,1.379073603482867,0.0147791485865911,0.006129131537583418
21.87,-7.993291734157344,1.3018888171881713,0.014757856375522488,0.006152954984234417
21.88,-8.006070978306816,1.224417711518951,0.01473747427646196,0.006176956110153571
21.89,-8.018073910426113,1.1466674701019444,0.014717997436221654,0.006201131074599206
21.900000000000002,-8.029297784281516,1.0686453187961764,0.014699421258503818,0.006225475962453893
21.91,-8.03973992606171,0.9903585250546647,0.014681741400480218,0.006249986785494805
21.92,-8.049397734793025,0.9118143972806593,0.014664953769582222,0.006274659483698645
21.93,-8.058268682748187,0.833020284178469,0.014649054520494097,0.006299489926580825
21.94,-8.066350315848513,0.7539835740989294,0.014634040052342685,0.0063244739145684415
21.95,-8.07364025405952,0.6747116943795677,0.014619907006077097,0.0063496071804066976
21.96,-8.080136191779868,0.5952121106795194,0.014606652262032614,0.006374885390598229
21.97,-8.085835898223623,0.515492326309254,0.014594272937673423,0.00640030414687489
21.98,-8.090737217795747,0.43555988155516573,0.014582766385509255,0.006425858987701633
21.990000000000002,-8.094838070460806,0.3554223529990876,0.01457213019118138,0.006451545389811835
22.0,-8.098136452104823,0.2750873528327866,0.014562362171713826,0.006477358769773684
22.01,-8.100630434890233,0.19456252816749897,0.014553460373926004,0.0065032944855870555
22.02,-8.102318167603897,0.1138555603385643,0.014545423073003284,0.0065293478383103756
22.03,-8.103197875998124,0.032974164205219314,0.014538248771222353,0.006555514073716901
22.04,-8.103267863124648,-0.04807391255438884,0.014531936196828504,0.006581788383979897
22.05,-8.102526509661537,-0.1292808901529084,0.01452648430306227,0.006608165909386088
22.06,-8.100972274232955,-0.21063895740814628,0.014521892267333096,0.00663464174007684
22.07,-8.098603693721763,-0.29214027246202656,0.014518159490537958,0.006661210917816466
22.080000000000002,-8.09541938357489,-0.37377696350408135,0.014515285596523132,0.00668786843778703
22.09,-8.091418038101457,-0.4555411294994105,0.014513270431687493,0.006714609250409023
22.1,-8.086598430763576,-0.5374248409210465,0.01451211406472598,0.006741428263187327
22.11,-8.080959414459825,-0.6194201404866596,0.014511816786512038,0.00676832034258172
22.12,-8.07449992180131,-0.7015190438995387,0.014512379110118106,0.006795280315901381
22.13,-8.067218965380322,-0.7837135405937818,0.014513801770973335,0.006822302973222581
22.14,-8.059115638031498,-0.8659955944836302,0.014516085727157998,0.006849383069329003
22.150000000000002,-8.050189113085493,-0.9483571447168792,0.01451923215983417,0.006876515325673958
22.16,-8.040438644615088,-1.0307901064322997,0.014523242473812469,0.006903694432363669
22.17,-8.029863567673726,-1.1132863715210009,0.01452811829825483,0.006930915050161079
22.18,-8.0184632985264,-1.1958378093916662,0.014533861487513426,0.006958171812509458
22.19,-8.006237334872905,-1.2784362677395964,0.014540474122106045,0.006985459327574765
22.2,-7.993185256063368,-1.3610735733194859,0.014547958509828407,0.007012772180306414
22.21,-7.979306723306061,-1.443741532721867,0.014556317187004026,0.007040104934515444
22.22,-7.964601479867431,-1.5264319331531486,0.014565552919872453,0.007067452134969289
22.23,-7.949069351264341,-1.6091365432191806,0.014575668706116825,0.007094808309502635
22.240000000000002,-7.932710245448456,-1.691847113712272,0.01458666777653187,0.007122167971143178
22.25,-7.91552415298278,-1.7745553784015904,0.014598553596833654,0.007149525620251785
22.26,-7.89751114721027,-1.8572530548268729,0.014611329869612505,0.007176875746676163
22.27,-7.878671384414537,-1.9399318450953724,0.014625000536430729,0.007204212831917116
22.28,-7.859005103972566,-2.0225834366819693,0.014639569780066922,0.007231531351306753
22.29,-7.838512628499456,-2.105199503232374,0.014655042026908784,0.0072588257761976695
22.3,-7.817194363985125,-2.187771705369345,0.014671421949496567,0.007286090576162091
22.31,-7.795050799922981,-2.27029169150185,0.01468871446921944,0.0073133202212006775
22.32,-7.7720825094304935,-2.352751098637095,0.01470692475916721,0.007340509183959529
22.330000000000002,-7.74829014936168,-2.4351415531953444,0.014726058247140038,0.007367651941954715
22.34,-7.723674460411449,-2.517454671827458,0.014746120618818942,0.007394742979803859
22.35,-7.69823626721179,-2.599682062235069,0.014767117821100092,0.007421776791463132
22.36,-7.6719764784197855,-2.6818153239933262,0.014789056065596048,0.007448747882469335
22.37,-7.6448960867974165,-2.763846049376121,0.014811941832307308,0.00747565077218621
22.38,-7.616996169283142,-2.8457658241837276,0.014835781873467737,0.007502479996053586
22.39,-7.588277887055228,-2.9275662285727724,0.01486058321756759,0.007529230107838943
22.400000000000002,-7.558742485586811,-3.009238837888459,0.014886353173558136,0.0075558956818904364
22.41,-7.528391294692667,-3.09077522349897,0.014913099335241995,0.00758247131539007
22.42,-7.49722572856767,-3.172166953631963,0.014940829585853606,0.007608951630606519
22.43,-7.465247285816927,-3.2534055942130884,0.014969552102834417,0.007635331277146615
22.44,-7.432457549477565,-3.334482709706442,0.014999275362807615,0.007661604934204253
22.45,-7.398858187032151,-3.4153898639568787,0.01503000814675747,0.007687767312806222
22.46,-7.364450950413739,-3.496118621034104,0.015061759545418602,0.0077138131580540515
22.47,-7.329237676002516,-3.5766605460784664,0.015094538964880725,0.007739737251360304
22.48,-7.293220284614044,-3.6570072061483625,0.01512835613241468,0.007765534412678837
22.490000000000002,-7.256400781479079,-3.7371501710691835,0.015163221102525846,0.007791199502728481
22.5,-7.218781256214951,-3.8170810142837146,0.015199144263241291,0.00781672742520843
22.51,-7.180363882788504,-3.896791313703909,0.015236136342637317,0.0078421131290049
22.52,-7.14115091947057,-3.976272652563954,0.015274208415614329,0.007867351610387796
22.53,-7.10114470878198,-4.0555166202745445,0.015313371910926297,0.007892437915196896
22.54,-7.060347677431103,-4.13451481327829,0.015353638618472387,0.007917367141016231
22.55,-7.0187623362428875,-4.213258835906159,0.01539502069685865,0.007942134439335632
22.56,-6.9763912800794206,-4.291740301234889,0.015437530681238043,0.007966735017699024
22.57,-6.933237187751986,-4.3699508319452764,0.015481181491437382,0.007991164141838083
22.580000000000002,-6.889302821924615,-4.447882061181259,0.015525986440380194,0.00801541713779039
22.59,-6.844591029009136,-4.525525633409713,0.015571959242814869,0.00803948939400113
22.6,-6.799104739051699,-4.602873205280876,0.015619114024357849,0.008063376363407808
22.61,-6.752846965610799,-4.679916446489314,0.01566746533086207,0.008087073565506381
22.62,-6.705820805626776,-4.756647040635355,0.015717028138121262,0.008110576588398246
22.63,-6.658029439282794,-4.833056686086882,0.015767817861921208,0.008133881090817413
22.64,-6.6094761298573115,-4.909137096841441,0.015819850368449486,0.008156982804136426
22.650000000000002,-6.5601642235680275,-4.984880003388531,0.01587314198507576,0.00817987753435023
22.66,-6.51009714940732,-5.060277153572033,0.015927709511515176,0.008202561164037628
22.67,-6.459278418969169,-5.135320313452668,0.015983570231387925,0.008225029654298542
22.68,-6.407711626267575,-5.210001268170411,0.016040741924188667,0.008247279046666662
22.69,-6.355400447546475,-5.284311822806764,0.01609924287768,0.00826930546499703
22.7,-6.302348641081164,-5.358243803246817,0.01615909190072486,0.00829110511732651
22.71,-6.248560046971228,-5.431789057041006,0.016220308336573244,0.008312674297707037
22.72,-6.194038586924992,-5.504939454266468,0.01628291207661949,0.008334009388011258
22.73,-6.138788264035504,-5.577686888387941,0.01634692357464683,0.008355106859708432
22.740000000000002,-6.082813162548051,-5.650023277118082,0.016412363861576837,0.008375963275610434
22.75,-6.026117447619233,-5.721940563277155,0.016479254560741986,0.008396575291587292
22.76,-5.968705365067589,-5.793430715651971,0.016547617903700476,0.008416939658250706
22.77,-5.910581241115806,-5.8644857298540245,0.01661747674661314,0.008437053222605255
22.78,-5.851749482124515,-5.9350976291767115,0.016688854587203254,0.008456912929666126
22.79,-5.792214574317695,-6.005258465451567,0.016761775582320896,0.008476515824042696
22.8,-5.731981083499694,-6.074960319903419,0.016836264566134372,0.008495859051487191
22.81,-5.671053654763892,-6.144195304004389,0.016912347068972388,0.008514939860407352
22.82,-5.609437012193024,-6.2129555603266295,0.016990049336841482,0.00853375560334264
22.830000000000002,-5.547135958551179,-6.281233263393745,0.01706939835164443,0.008552303738403088
22.84,-5.484155374967493,-6.34902062053078,0.017150421852126382,0.00857058183066977
22.85,-5.420500220611572,-6.416309872712704,0.017233148355576766,0.00858858755355633
22.86,-5.356175532360652,-6.483093295411307,0.01731760718031606,0.008606318690130947
22.87,-5.291186424458529,-6.5493631994404184,0.017403828468998007,0.008623773134397876
22.88,-5.225538088166285,-6.615111931799357,0.01749184321275907,0.008640948892537588
22.89,-5.1592357914048295,-6.680331876514541,0.01758168327624838,0.008657844084104915
22.900000000000002,-5.092284878389297,-6.745015455479154,0.0176733814235729,0.008674456943184732
22.91,-5.024690769255313,-6.809155129290803,0.01776697134519413,0.008690785819504415
22.92,-4.956458959677177,-6.872743398087058,0.01786248768581418,0.008706829179501838
22.93,-4.887595020477976,-6.935772802378818,0.017959966073290912,0.008722585607348822
22.94,-4.818104597231677,-6.998235923881387,0.018059443148623483,0.008738053805929498
22.95,-4.747993409857224,-7.060125386343202,0.01816095659705158,0.008753232597772146
22.96,-4.677267252204673,-7.121433856372113,0.018264545180313594,0.008768120925934634
22.97,-4.60593199163341,-7.182154044259134,0.01837024877011099,0.008782717854842442
22.98,-4.533993568582484,-7.242278704799579,0.018478108382828387,0.008797022571078552
22.990000000000002,-4.4614579961330945,-7.301800638111512,0.018588166215560992,0.00881103438412528
23.0,-4.388331359563277,-7.360712690451405,0.01870046568350358,0.008824752727056505
23.01,-4.314619815894826,-7.4190077550269375,0.01881505145875754,0.008838177157180407
23.02,-4.2403295934325,-7.476678772806852,0.018931969510615265,0.008851307356632126
23.03,-4.165466991295553,-7.533718733327776,0.019051267147383824,0.008864143132915081
23.04,-4.090038378941643,-7.590120675497932,0.019172993059812824,0.008876684419391297
23.05,-4.014050195683159,-7.645877688397655,0.01929719736619433,0.008888931275719937
23.06,-3.937508950196015,-7.700982912076631,0.019423931659205952,0.008900883888243297
23.07,-3.8604212200209753,-7.755429538347778,0.01955324905457156,0.008912542570319959
23.080000000000002,-3.782793651057545,-7.80921081157769,0.019685204241617592,0.008923907762604679
23.09,-3.704632957050494,-7.862320029473554,0.019819853535806602,0.008934980033274297
23.1,-3.6259459190690646,-7.914750543866473,0.01995725493333368,0.00894576007819964
23.11,-3.5467393849789186,-7.966495761491106,0.02009746816787532,0.008956248721062625
23.12,-3.4670202689068885,-8.017549144761539,0.0202405547695848,0.008966446913418231
23.13,-3.3867955506985887,-8.06790421254333,0.020386578126432457,0.00897635573470099
23.14,-3.306072275368953,-8.11755454092162,0.020535603547994222,0.008985976392175658
23.150000000000002,-3.2248575525457577,-8.166493763965263,0.0206876983317966,0.008995310220831668
23.16,-3.1431585559062065,-8.214715574486862,0.02084293183233168,0.009004358683220576
23.17,-3.060982522606634,-8.262213724798661,0.021001375532861244,0.00901312336923715
23.18,-2.9783367527054074,-8.308982027464218,0.02116310312013492,0.009021605995842978
23.19,-2.8952286085790933,-8.355014356045755,0.02132819056215346,0.00902980840673195
23.2,-2.811665514331967,-8.400304645847134,0.021496716189114706,0.009037732571938486
23.21,-2.727654955198941,-8.44484689465238,0.021668760777686626,0.009045380587387407
23.22,-2.6432044769419902,-8.48863516345967,0.021844407638758986,0.009052754674385073
23.23,-2.5583216852401547,-8.53166357721071,0.02202374270883283,0.009059857179052227
23.240000000000002,-2.473014245073206,-8.573926325515453,0.022206854645214838,0.009066690571697544
23.25,-2.387289880099063,-8.61541766337205,0.022393834925192146,0.009073257446132077
23.26,-2.30115637202504,-8.656131911881982,0.02258477794937199,0.009079560518924437
23.27,-2.214621559973029,-8.696063458960309,0.022779781149379924,0.009085602628596293
23.28,-2.1276933398387006,-8.735206760040947,0.02297894510012019,0.009091386734757907
23.29,-2.040379663644822,-8.773556338776915,0.02318237363681225,0.009096915917184029
23.3,-1.952688538888797,-8.811106787735485,0.023390173977028396,0.009102193374829589
23.31,-1.8646280278845233,-8.847852769088158,0.023602456847968956,0.009107222424784902
23.32,-1.7762062470986788,-8.883789015295417,0.023819336619223815,0.009112006501170616
23.330000000000002,-1.6874313664815406,-8.91891032978616,0.024040931441281815,0.009116549153972302
23.34,-1.5983116087924525,-8.953211587631788,0.024267363390063225,0.009120854047814332
23.35,-1.5088552489200562,-8.986687736214856,0.02449875861776477,0.009124924960672817
23.36,-1.4190706131974031,-9.019333795892226,0.024735247510321932,0.009128765782528138
23.37,-1.328966078712072,-9.05114486065268,0.02497696485180914,0.009132380513956335
23.38,-1.238550072611419,-9.082116098768907,0.025224049996115418,0.009135773264659527
23.39,-1.1478310714030902,-9.112242753443821,0.02547664704625088,0.009138948251935881
23.400000000000002,-1.0568176002509329,-9.14152014345116,0.02573490504165834,0.009141909799087999
23.41,-0.9655182322664435,-9.169943663770272,0.025998978153924174,0.009144662333770457
23.42,-0.8739415877958993,-9.197508786215083,0.026269025891303692,0.009147210386276673
23.43,-0.782096333703319,-9.22421106005715,0.02654521331249843,0.009149558587764272
23.44,-0.6899911826494106,-9.250046112642773,0.02682771125014643,0.009151711668419828
23.45,-0.5976348923666619,-9.275009650004096,0.02711669654451128,0.009153674455562717
23.46,-0.5050362649307407,-9.299097457464173,0.027412352287882174,0.009155451871687715
23.47,-0.4122041460283752,-9.322305400235916,0.027714868080224872,0.009157048932446985
23.48,-0.31914742422188985,-9.344629424014904,0.02802444029665301,0.009158470744571457
23.490000000000002,-0.22587503021058103,-9.36606555556601,0.028341272367320244,0.009159722503731286
23.5,-0.13239593608912076,-9.386609903303775,0.028665575070366715,0.009160809492335798
23.51,-0.03871915460318584,-9.406258657866521,0.02899756683858809,0.009161737077273127
23.52,0.055146261597484564,-9.425008092684147,0.02933747408053239,0.009162510707589562
23.53,0.1491912207083913,-9.442854564539564,0.029685531516768813,0.009163135912108659
23.54,0.24340659252171817,-9.45979451412376,0.030041982532114125,0.009163618296990401
23.55,0.3377832091796882,-9.475824466584418,0.030407079544645912,0.009163963543230779
23.56,0.43231186592959575,-9.490941032068118,0.030781084392378383,0.009164177404101753
23.57,0.5269833218802699,-9.505140906256024,0.031164268738525472,0.009164265702531905
23.580000000000002,0.621788300759712,-9.518420870893085,0.031556914496327935,0.009164234328428274
23.59,0.716717491673643,-9.530777794310707,0.031959314274476285,0.00916408923593941
23.6,0.8117615498646817,-9.542208631942863,0.03237177184421975,0.009163836440660243
23.61,0.906911097471869,-9.55271042683565,0.03279460262931319,0.009163482016779056
23.62,1.0021567242902343,-9.562280310150252,0.03322813422001953,0.009163032094166818
23.63,1.0974889885300931,-9.570915501659305,0.033672706912454706,0.009162492855409808
23.64,1.192898417575751,-9.578613310236674,0.03412867427463565,0.009161870532785788
23.650000000000002,1.2883755087432711,-9.585371134340607,0.03459640374067001,0.009161171405184196
23.66,1.3839107300369506,-9.59118646249027,0.03507627723460893,0.009160401794971325
23.67,1.4794945209041375,-9.596056873735701,0.03556869182557206,0.009159568064801296
23.68,1.5751172929879982,-9.599980038121123,0.036074060415846876,0.009158676614373364
23.69,1.6707694308778327,-9.602953717141686,0.0365928124637632,0.00915773387713666
23.7,1.7664412928565125,-9.604975764193616,0.03712539474324837,0.009156746316943642
23.71,1.8621232116446016,-9.606044125017808,0.03767227214207962,0.009155720424653119
23.72,1.9578054951406938,-9.606156838136865,0.0382339285009678,0.009154662714684394
23.73,2.0534784271574855,-9.60531203528563,0.038810867495731885,0.009153579721524032
23.740000000000002,2.149132268153073,-9.603507941835238,0.03940361356495582,0.009152477996186766
23.75,2.244757255956943,-9.600742877210713,0.040012712885660384,0.009151364102632687
23.76,2.340343606490102,-9.597015255302177,0.04063873439967164,0.009150244614142647
23.77,2.4358815144787527,-9.592323584869682,0.04128227089352619,0.009149126109654302
23.78,2.531361154160912,-9.586666469941774,0.04194394013492157,0.009148015170061502
23.79,2.6267726799853213,-9.580042610207796,0.042624386068898325,0.009146918374479937
23.8,2.722106227301973,-9.57245080140403,0.043324280077130066,0.00914584229648252
23.81,2.8173519130435474,-9.563889935693743,0.04404432230389848,0.00914479350030818
23.82,2.912499836397009,-9.55435900204123,0.044785243052543916,0.009143778537048446
23.830000000000002,3.0075400794645817,-9.54385708657992,0.045547804256408565,0.009142803940816345
23.84,3.1024627079132747,-9.53238337297467,0.0463328010285297,0.009141876224902905
23.85,3.197257771612094,-9.51993714277834,0.047141063294595796,0.009141001877927702
23.86,3.2919153052560257,-9.506517775782779,0.047973457513949234,0.009140187359989605
23.87,3.386425328975831,-9.49212475036431,0.048830888493707,0.009139439098825612
23.88,3.4807778489326395,-9.476757643823909,0.04971430130137611,0.009138763485985937
23.89,3.5749628578962764,-9.460416132722182,0.050624683281664744,0.009138166873034858
23.900000000000002,3.6689703358061996,-9.443099993209303,0.051563066183534116,0.009137655567788247
23.91,3.7627902503138637,-9.424809101350096,0.05253052840390132,0.00913723583059911
23.92,3.8564125573052634,-9.405543433444436,0.05352819735479122,0.009136913870704718
23.93,3.9498272014023383,-9.385303066343164,0.05455725196114686,0.009136695842650304
23.94,4.043024116441853,-9.364088177759733,0.05561892529694469,0.009136587842805863
23.95,4.135993225930289,-9.341899046577792,0.056714507367724314,0.009136595905994983
23.96,4.228724443473194,-9.318736053154968,0.05784534804813431,0.009136726002256186
23.97,4.321207673177373,-9.29459967962309,0.05901286018361765,0.009136984033760325
23.98,4.413432810024174,-9.269490510185129,0.06021852286591375,0.009137375831910925
23.990000000000002,4.505389740212075,-9.243409231409151,0.06146388489264157,0.00913790715465619
24.0,4.597068341466625,-9.216356632519593,0.06275056842185123,0.009138583684045277
24.01,4.688458483315723,-9.188333605686182,0.064080272833092,0.009139411024066221
24.02,4.7795500273280815,-9.15934114631087,0.06545477880724548,0.009140394698806587
24.03,4.870332827312602,-9.129380353313143,0.06687595263811466,0.009141540150982229
24.04,4.960796729476268,-9.098452429414117,0.06834575078954758,0.009142852740886229
24.05,5.0509315725380155,-9.066558681419831,0.06986622471270754,0.009144337745815818
24.060000000000002,5.140727187795895,-9.03370052050421,0.07143952593898605,0.009146000360040396
24.07,5.23017339914469,-8.999879462492158,0.07306791146499027,0.009147845695383799
24.080000000000002,5.319260023040984,-8.965097128143308,0.07475374944702791,0.00914987878250093
24.09,5.407976868412504,-8.929355243436962,0.0764995252235614,0.009152104572938476
24.1,5.496313736508377,-8.892655639858805,0.07830784768521334,0.009154527942080304
24.11,5.584260420686736,-8.855000254690001,0.08018145601307915,0.0091571536930902
24.12,5.671806706135924,-8.81639113129932,0.08212322680734484,0.009159986561977295
24.13,5.758942369525298,-8.776830419438992,0.08413618162951965,0.009163031223924352
24.14,5.845657178581417,-8.736320375545024,0.08622349498298003,0.009166292301036051
24.150000000000002,5.931940891585163,-8.694863363042737,0.08838850275798525,0.009169774371682845
24.16,6.017783256785051,-8.652461852658382,0.09063471116887022,0.009173481981635407
24.17,6.1031740117217375,-8.609118422737678,0.09296580621275063,0.009177419657208686
24.18,6.188102882458432,-8.564835759572228,0.09538566368079411,0.009181591920661026
24.19,6.272559582711603,-8.519616657734774,0.09789835975492052,0.009186003308120187
24.2,6.356533812876043,-8.473464020424359,0.10050818222470066,0.009190658390341265
24.21,6.440015258938022,-8.426380859822483,0.10321964236122681,0.009195561796638288
24.22,6.522993591269879,-8.378370297461451,0.10603748748683534,0.009200718242368958
24.23,6.6054584632990085,-8.329435564606136,0.10896671428177457,0.009206132560397337
24.240000000000002,6.6873995100438135,-8.279580002650498,0.11201258287123209,0.009211809737010353
24.25,6.768806346508739,-8.228807063530239,0.11518063173856856,0.009217754952815562
24.26,6.849668565930052,-8.177120310153105,0.11847669351315206,0.009223973629213266
24.27,6.92997573786356,-8.124523416848378,0.1219069116838498,0.00923047148110269
24.28,7.009717406104944,-8.071020169837247,0.12547775829201466,0.009237254576557935
24.29,7.088883086432831,-8.016614467725816,0.12919605266070308,0.009244329404297365
24.3,7.167462264164213,-7.961310322022614,0.13306898121987898,0.009251702949862179
24.310000000000002,7.245444391511171,-7.90511185768261,0.1371041184904943,0.009259382781527735
24.32,7.322818884727269,-7.848023313679805,0.14130944929358982,0.00926737714708963
24.330000000000002,7.399575121031328,-7.790049043610645,0.14569339225392572,0.00927569508279545
24.34,7.475702435295578,-7.7311935163306,0.15026482467112806,0.00928434653584143
24.35,7.551190116484498,-7.6714613166264085,0.15503310883491575,0.009293342502015182
24.36,7.626027403829846,-7.6108571459266185,0.16000811986464877,0.009302695180244605
24.37,7.700203482726647,-7.549385823053225,0.16520027515719926,0.009312418146015845
24.38,7.773707480334023,-7.487052285017352,0.17062056553098212,0.009322526545843868
24.39,7.84652846086391,-7.423861587862119,0.1762805881578754,0.009333037315226368
24.400000000000002,7.9186554205398005,-7.3598189075559795,0.18219258137869432,0.009343969422786596
24.41,7.990077282206704,-7.294929540940049,0.18836946150183487,0.009355344143611048
24.42,8.060782889572524,-7.229198906733107,0.19482486168864593,0.00936718536512533
24.43,8.130761001060065,-7.162632546598184,0.20157317303299502,0.009379519929222162
24.44,8.200000283247801,-7.095236126274869,0.20862958794632122,0.009392378014762188
24.45,8.268489303876452,-7.027015436781688,0.21601014596318255,0.009405793565021903
24.46,8.336216524397305,-6.957976395693172,0.22373178208585084,0.00941980476515997
24.47,8.40317029203706,-6.88812504849647,0.2318123777898317,0.009434454575318517
24.48,8.469338831352774,-6.81746757003263,0.24027081481522314,0.009449791325577337
24.490000000000002,8.534710235249284,-6.746010266027978,0.2491270318715023,0.009465869379638624
24.5,8.599272455430283,-6.67375957472128,0.25840208438555695,0.009482749874837349
24.51,8.663013292252904,-6.600722068592702,0.26811820742446413,0.009500501546862893
24.52,8.725920383954495,-6.526904456200916,0.2782988819255507,0.009519201648433185
24.53,8.787981195218928,-6.4523135841349815,0.288968904366525,0.009538936972094191
24.54,8.849183005048587,-6.376956439088047,0.3001544600078074,0.009559804988329024
24.55,8.9095128939069,-6.300840150060213,0.31188319983744883,0.009581915111251855
24.560000000000002,8.968957730095084,-6.22397199069832,0.32418432134603875,0.009605390105335964
24.57,9.027504155325591,-6.146359381780767,0.33708865325455933,0.00963036764788608
24.580000000000002,9.085138569453628,-6.0680098938559,0.3506287443120296,0.009657002063310147
24.59,9.141847114327092,-5.9889312500428975,0.36483895627174345,0.009685466246671028
24.6,9.197615656714284,-5.9091313290044996,0.37975556114466963,0.009715953795507557
24.61,9.25242977026797,-5.828618168101379,0.3954168428158392,0.009748681370492744
24.62,9.306274716483657,-5.747399966738354,0.4118632030939566,0.009783891307137674
24.63,9.359135424609455,-5.665485089913126,0.42913727224566056,0.00982185450243551
24.64,9.410996470464578,-5.582882071978641,0.4472840240434134,0.009862873602056909
24.650000000000002,9.461842054123524,-5.499599620630658,0.46635089532945495,0.009907286515422208
24.66,9.511655976423183,-5.415646621132527,0.4863879100671242,0.009955470287657588
24.67,9.56042161425075,-5.331032140789665,0.5074478078145734,0.010007845359046268
24.68,9.608121894571239,-5.245765433686618,0.529586176513886,0.010064880244060359
24.69,9.65473926715492,-5.159855945700074,0.5528615894402025,0.010127096663333189
24.7,9.70025567596686,-5.0733133198015725,0.5773357460999684,0.010195075162926427
24.71,9.7446525291834,-4.986147401664053,0.6030736168040656,0.010269461255859888
24.72,9.787910667803578,-4.898368245586783,0.6301435905695768,0.010350972120984663
24.73,9.830010332827538,-4.809986120753484,0.6586176259223766,0.01044040389374938
24.740000000000002,9.870931130978837,-4.721011517838804,0.6885714040807114,0.010538639582064031
24.75,9.910651998953451,-4.631455155978495,0.7200844838964461,0.010646657638104934
24.76,9.949151166185173,-4.541327990118834,0.7532404578146745,0.01076554121329537
24.77,9.986406116125346,-4.450641218760904,0.7881271079828321,0.010896488118569766
24.78,10.022393546044407,-4.359406292115381,0.8248365614961951,0.011040821505063666
24.79,10.057089325373763,-4.267634920683356,0.8634654436065444,0.011200001271220344
24.8,10.09046845261932,-4.175339084278516,0.9041150275436582,0.011375636190554688
24.810000000000002,10.122505010892574,-4.082531041505635,0.9468913794040061,0.011569496739509747
24.82,10.153172122121854,-3.9892233397098527,0.9919054963464164,0.011783528586474905
24.830000000000002,10.182441900025168,-3.895428825410478,1.0392734360994924,0.012019866680543414
24.84,10.21028540194752,-3.8011606552322075,1.0891164355291572,0.012280849851361771
24.85,10.236672579689506,-3.7064323073454957,1.1415610157360438,0.012569035798804825
24.86,10.261572229480953,-3.6112575934264575,1.1967390708508063,0.012887216312506855
24.87,10.284951941283357,-3.515650671145001,1.2547879373703428,0.01323843251577104
24.88,10.306778047638259,-3.419626057187912,1.3158504405292197,0.013625989875341079
24.89,10.32701557231566,-3.3231986408212704,1.380074913828459,0.01405347265724909
24.900000000000002,10.345628179057307,-3.2263836979938367,1.4476151874489749,0.014524757438798008
24.91,10.36257812075453,-3.1291969059798816,1.5186305408605518,0.01504402520714421
24.92,10.377826189449268,-3.031654358556289,1.5932856145012508,0.01561577148551838
24.93,10.39133166760041,-2.933772581704596,1.6717502749492816,0.01624481382868337
24.94,10.403052281115533,-2.835568549823901,1.7541994275433384,0.01693629591991742
24.95,10.412944154710754,-2.737059702435234,1.840812769933037,0.01769568738317335
24.96,10.420961770228768,-2.6382639613519685,1.9317744795644984,0.0185287782971854
24.97,10.427057928617183,-2.539199748284152,2.0272728276349254,0.019441667264935007
24.98,10.431183716345837,-2.4398860028371483,2.127499711593514,0.02044074175463432
24.990000000000002,10.43328847712277,-2.340342200856719,2.2326500978354105,0.021532649290852055
25.0,10.433319789853535,-2.2405883730635408,2.342921365843963,0.022724257941399022
25.01,10.431223453877061,-2.1406451239101516,2.4585125446998406,0.024022604423328348
25.02,10.42694348260284,-2.0405336505823777,2.5796234326117524,0.02543482804771005
25.03,10.420422106767644,-1.9402757620554218,2.706453589953325,0.026968088647337206
25.04,10.411599788624649,-1.8398938981019366,2.8392011962376835,0.028629466595789105
25.05,10.40041524847207,-1.7394111481355932,2.9780617615519267,0.03042584304397156
25.060000000000002,10.386805505020776,-1.6388512697588717,3.1232266832373,0.03236375858714071
25.07,10.370705931188976,-1.538238706868076,3.2748816390695934,0.034449248749285497
25.080000000000002,10.352050326994613,-1.4375986071519709,3.4332048089028775,0.03668765495220581
25.09,10.330771011290102,-1.3369568388030058,3.5983649177251205,0.03908341004467347
25.1,10.306798934146409,-1.2363400062419443,3.7705190943752394,0.041639798024423
25.11,10.28006381174092,-1.1357754646379745,3.9498105418274005,0.044358688313876245
25.12,10.250494285632334,-1.0352913329872213,4.136366016999617,0.04724024586941357
25.13,10.218018108311686,-0.9349165054932012,4.3302931205283235,0.0502826195303695
25.14,10.182562356897202,-0.8346806609734196,4.53167739990425,0.05348161235910544
25.150000000000002,10.144053676787028,-0.7346142699973052,4.740579272818408,0.0568303392909578
25.16,10.10241855699288,-0.6347485994423436,4.957030781544342,0.06031887919516814
25.17,10.057583638744115,-0.5351157141380353,5.181032193698263,0.06393393042354167
25.18,10.009476058770009,-0.43574847525159044,5.412548469774253,0.06765848105339962
25.19,9.958023828433129,-0.33668053505562223,5.651505623433641,0.07147150725511583
25.2,9.903156249593188,-0.23794632770705443,5.897787006603139,0.07534771544758181
25.21,9.844804367724274,-0.13958105565864382,6.151229557950053,0.07925734603585025
25.22,9.782901462384746,-0.04162067132058869,6.411620060173339,0.08316605841419361
25.23,9.717383574645456,0.05589814640965508,6.678691458665812,0.08703491839701194
25.240000000000002,9.64819007051649,0.15293802112527757,6.9521193013224085,0.09082051011593648
25.25,9.57526423877535,0.24946091375967958,7.23151836641487,0.09447519448039021
25.26,9.498553920892062,0.34542816365290097,7.5164395523118905,0.0979475353155784
25.27,9.41801216997342,0.4408005361539207,7.806367109147996,0.10118291204246657
25.28,9.333597934816163,0.5355382770435467,8.100716298053316,0.10412433404283152
25.29,9.245276764277154,0.6296011740196694,8.398831567940048,0.1067134664917818
25.3,9.153021526250447,0.7229486254345954,8.699985342767441,0.1088918703359548
25.310000000000002,9.05681313460314,0.8155397164127194,9.003377513329365,0.11060245023277868
25.32,8.95664127648369,0.9073333024057957,9.308135726579609,0.1117910937455088
25.330000000000002,8.852505131501426,0.9982881001626371,9.613316561995228,0.11240847315134177
25.34,8.744414073410724,1.0883627860005463,9.91790767817349,0.11241196826673383
25.35,8.632388344147142,1.177516101167783,10.220831003508732,0.11176765529647442
25.36,8.516459689387068,1.2657069639808365,10.520947032218306,0.11045229361095991
25.37,8.39667194427018,1.3528945883084482,10.817060271090536,0.10845523044011926
25.38,8.273081557568446,1.4390386078578135,11.1079258631346,0.10578013374761797
25.39,8.145758042438755,1.5240992055990976,11.392257391977424,0.10244645707826133
25.400000000000002,8.014784341988756,1.60803724754458,11.668735845678462,0.09849053800022317
25.41,7.880257098243222,1.6908144199809045,11.936019691080443,0.09396623482724806
25.42,7.742286813742056,1.7723933691398464,12.192755980504018,0.08894501532722832
25.43,7.600997895944646,1.852737842187647,12.437592382304091,0.08351542650826929
25.44,7.456528575863918,1.9318128283183662,12.669189996452802,0.07778189631402527
25.45,7.309030693902539,2.0095846986559223,12.886236786931882,0.07186284566124815
25.46,7.158669347697864,2.0860213436055046,13.08746143541828,0.06588812168923139
25.47,7.00562239887475,2.1610923062505973,13.271647396679711,0.059995798812259485
25.48,6.850079837917951,2.234768910369419,13.437646916391786,0.054328431151021414
25.490000000000002,6.692243008859344,2.3070243816461344,13.584394757801126,0.04902887578658818
25.5,6.532323698070462,2.377833960679238,13.710921375709566,0.04423583845360256
25.51,6.370543094090352,2.447175006442852,13.816365275369897,0.04007931919778917
25.52,6.207130628029022,2.5150270889364887,13.899984300544578,0.036676152832516344
25.53,6.042322706590822,2.5813720698644205,13.96116560937763,0.034125845871774675
25.54,5.876361352082677,2.64619417031587,13.999434118741718,0.03250690679752768
25.55,5.709492765834863,2.7094800245695025,14.014459226892079,0.031873849674276894
25.560000000000002,5.541965833198759,2.7712187193174005,14.006059659808438,0.03225502280848864
25.57,5.374030589637958,2.8314018177911997,13.974206327458658,0.03365137584258491
25.580000000000002,5.205936668349532,2.890023368472392,13.919023121043217,0.036036232683136424
25.59,5.037931750308798,2.947079898275394,13.840785629553015,0.03935608696030755
25.6,4.870260037607275,3.002570390301204,13.739917802048438,0.04353238468494207
25.61,4.703160770450016,3.05649624646643,13.616986629258783,0.04846420892100495
25.62,4.536866807212409,3.1088612355124985,13.472694962764136,0.05403173695659168
25.63,4.3716032855608455,3.159671427088414,13.307872630636988,0.06010030450554278
25.64,4.207586380863954,3.2089351127734456,13.12346604366391,0.06652488607376777
25.650000000000002,4.045022176020641,3.2566627150600236,12.92052651507086,0.07315478708680934
25.66,3.884105654476913,3.3028666854489668,12.700197538270404,0.0798383420665913
25.67,3.725019825669971,3.3475613929167545,12.463701281091485,0.0864274235116975
25.68,3.5679349895031645,3.3907630040964194,12.212324561128737,0.09278158680121905
25.69,3.4130081437960786,3.432489356569116,11.947404565462802,0.09877170537947712
25.7,3.260382536044064,3.4727598266925566,11.670314569548015,0.10428298522412266
25.71,3.1101873583282593,3.511595193396142,11.382449895276743,0.10921728549008164
25.72,2.962537581899739,3.5490174993520873,11.085214328040935,0.11349471062511751
25.73,2.817533925868794,3.585049910889214,10.780007188085282,0.11705447577365576
25.740000000000002,2.675262952600484,3.619716577953667,10.46821122372096,0.11985507992335573
25.75,2.5357972808768645,3.653042495341418,10.151181464198588,0.12187384850415367
25.76,2.3991959066496955,3.6850533663339253,9.83023513934101,0.12310592807248148
25.77,2.265504620279042,3.715775469763844,9.50664274244714,0.1235628299001193
25.78,2.134756508527378,3.745235531425171,9.181620283416391,0.12327062683041146
25.79,2.0069725292413145,3.7734606006247247,8.856322751286735,0.12226790917186567
25.8,1.8821621465826435,3.8004779325520732,8.531838780048583,0.12060360149045024
25.810000000000002,1.7603240148403887,3.8263148770255486,8.209186489150419,0.11833473396008984
25.82,1.641446699235443,3.8509987740550295,7.889310450850072,0.11552425055556025
25.830000000000002,1.5255094226864236,3.8745568565497157,7.573079720639504,0.11223892294527238
25.84,1.4124828282059843,3.897016160392749,7.261286854399318,0.10854742451143333
25.85,1.302329747407751,3.9184034420055465,6.95464782662683,0.10451860440983896
25.86,1.195005966493505,3.938745103434058,6.653802757840649,0.10021998773396698
25.87,1.0904609820286613,3.9580671249075126,6.359317355836647,0.09571651523987987
25.88,0.9886387397747736,3.9763950047479026,6.071684974546755,0.09106952511082604
25.89,0.8894783508072681,3.993753706445659,5.791329195494593,0.08633597011676672
25.900000000000002,0.7929147800848634,4.010167612663532,5.518606839899446,0.08156785633190224
25.91,0.6988795035376981,4.025660485886382,5.253811324003011,0.07681188427101056
25.92,0.6073011305909909,4.040255435398945,4.997176275846426,0.07210926976095158
25.93,0.5181059898303132,4.053974890246145,4.748879338195572,0.06749571988231172
25.94,0.43121867623645055,4.066840577810544,4.509046089317583,0.06300153866590066
25.95,0.3465625590682161,4.078873507628344,4.277754020601169,0.05865183766209142
25.96,0.2640602500486625,4.090093960058371,4.055036517373528,0.05446682777198776
25.97,0.1836340320140612,4.100521479416766,3.8408867965188827,0.05046217060701401
25.98,0.10520624861756883,4.110174871193218,3.6352617615039304,0.0466493699202523
25.990000000000002,0.028699656043732036,4.119072202971544,3.4380857420524276,0.04303618615006114
26.0,-0.04596226201007286,4.1272308086878455,3.249254091902607,0.03962705968662965
26.01,-0.11885501458878671,4.134667295872521,3.068636623771632,0.036423530998593044
26.02,-0.19005285728893778,4.141397555537673,2.896080865807752,0.0334246481522374
26.03,-0.2596285778025783,4.14743677438835,2.731415128419577,0.030627354458974947
26.04,-0.32765331128296316,4.152799449054099,2.5744513744348714,0.028026850959115283
26.05,-0.394196383563722,4.157499402056197,2.424987889073088,0.025616930171699796
26.060000000000002,-0.45932518024090185,4.161549799245159,2.2828117492405977,0.02339027900647984
26.07,-0.5231050396329167,4.1649631684625295,2.1477010942065,0.021338749951578403
26.080000000000002,-0.5855991676625503,4.167751419200214,2.019427201825826,0.019453600633752517
26.09,-0.6468685727535133,4.1699258630494915,1.897756376184787,0.017725702617718213
26.1,-0.7069720188978303,4.17149723475023,1.7824516538894268,0.016145720890166047
26.11,-0.7659659951261234,4.172475713668531,1.673274337244731,0.014704265887710849
26.12,-0.8239046996976316,4.172870945547957,1.5699853633149938,0.013392020200931805
26.13,-0.880840037417935,4.172692064395596,1.4723465183553865,0.012199842242699406
26.14,-0.9368216285875454,4.171947714379387,1.3801215073942916,0.011118849230280193
26.150000000000002,-0.9918968281818576,4.170646071627392,1.2930768888585542,0.010140481817260596
26.16,-1.0461107539607901,4.168794865832994,1.210982884098969,0.00925655264078249
26.17,-1.0995063223034267,4.16640140158236,1.1336140715178376,0.008459280937169321
26.18,-1.1521242906580262,4.163472579331901,1.0607499747481168,0.007741315237622177
26.19,-1.204003305590005,4.1600149159739965,0.992175554005572,0.007095745995941494
26.2,-1.2551799554992555,4.156034564938818,0.9276816093497755,0.006516109830816519
26.21,-1.3056888271629394,4.151537335788896,0.8670651041625971,0.0059963868929485825
26.22,-1.355562565340328,4.146528713270984,0.8101294166974967,0.00553099269738421
26.23,-1.404831934752128,4.141013875797011,0.7566845270808722,0.005114765597828243
26.240000000000002,-1.4535258838179002,4.134997713332325,0.7065471466673926,0.00474295092515201
26.25,-1.501671609601611,4.128484844675262,0.6595407961724665,0.004411182668638264
26.26,-1.5492946234770888,4.121479634117224,0.6154958385330342,0.004115463446794818
26.27,-1.5964188170822717,4.1139862074770095,0.5742494719877095,0.0038521433953056343
26.28,-1.6430665281837624,4.1060084675071975,0.5356456884227818,0.0036178984928997484
26.29,-1.6892586061215242,4.097550108673919,0.4995352016045951,0.0034097087512898216
26.3,-1.735014476547739,4.088614631314422,0.4657753495133873,0.003224836612301343
26.310000000000002,-1.7803522052141214,4.079205355179514,0.43422997461018,0.00306080582315268
26.32,-1.8252885605985576,4.069325432370257,0.40476928550751234,0.002915380998723278
26.330000000000002,-1.8698390751950447,4.0589778596802155,0.377269703177046,0.0027865480266755713
26.34,-1.9140181053207586,4.048165490356215,0.35161369451225,0.00267249542657385
26.35,-1.9578388893209242,4.036891045291905,0.32768959577213636,0.0025715967367816164
26.36,-2.001313604076195,4.025157123669516,0.30539142816175135,0.0024823939720622253
26.37,-2.0444534197387068,4.012966213066097,0.28461870755604723,0.002403582169648915
26.38,-2.087268552642037,4.000320699041175,0.26527625014494755,0.002333995021340483
26.39,-2.1297683163471945,3.9872228742232783,0.24727397556786984,0.0022725915732295064
26.400000000000002,-2.1719611708016466,3.973674946913111,0.2305267089146181,0.002218443962358896
26.41,-2.2138547696014537,3.959679049221353,0.21495398279531175,0.002170726150371277
26.42,-2.2554560053579893,3.9452372447591495,0.2004798405237749,0.002128703607566865
26.43,-2.2967710531806134,3.9303515358993124,0.18703264131548034,0.002091723896282493
26.44,-2.337805412295204,3.9150238706261464,0.17454486827165658,0.0020592080997643555
26.45,-2.37856394582575,3.8992561489916016,0.1629529398044908,0.0020306430413985312
26.46,-2.4190509187723963,3.8830502291951903,0.15219702505350038,0.002005574239001315
26.47,-2.4592700342245393,3.866407933304781,0.142220863749156,0.0019835995396111257
26.48,-2.4992244678518554,3.849331052635007,0.13297159089582142,0.0019643633816597275
26.490000000000002,-2.538916900719665,3.8318213527996052,0.12439956657118637,0.0019475516333580837
26.5,-2.578349550477817,3.813880578453577,0.11645821107281466,0.0019328869584671763
26.51,-2.617524200974448,3.795510457740558,0.10910384558347411,0.0019201246632158948
26.52,-2.6564422303475705,3.7767127064603208,0.10229553847486711,0.001909048980879409
26.53,-2.6951046376485475,3.7574890319708163,0.09599495732360556,0.0018994697533632628
26.54,-2.733512068052198,3.737841136838643,0.09016622667318082,0.0018912194719868359
26.55,-2.7716648367085623,3.7177707222513114,0.08477579154072638,0.001884150642475612
26.560000000000002,-2.809562951291325,3.697279491204152,0.07979228663705784,0.0018781334419170025
26.57,-2.847206133297565,3.676369151474186,0.07518641124234307,0.0018730536380806317
26.580000000000002,-2.884593838152942,3.6550414183927593,0.0709308096573861,0.0018688107440296411
26.59,-2.9217252741756337,3.633298017428233,0.06699995713151677,0.0018653163833420522
26.6,-2.958599420451384,3.6111406865895,0.06337005115211389,0.0018624928435105523
26.61,-2.995215043670908,3.588571178660624,0.0600189079675344,0.001860271797191084
26.62,-3.0315707139796606,3.5655912632763878,0.056925864204382434,0.0018585931729251592
26.63,-3.067664819888636,3.542202728848082,0.05407168343136704,0.0018574041587677225
26.64,-3.103495582293442,3.5184073843483903,0.05143846751522577,0.0018566583239172907
26.650000000000002,-3.139061067647414,3.494207060963787,0.04900957260911421,0.0018563148449716714
26.66,-3.1743592003329866,3.469603613622431,0.04676952961028337,0.0018563378248278777
26.67,-3.20938777427399,3.444598922405107,0.04470396892160776,0.0018566956935157709
26.68,-3.2441444638299424,3.4191948938463854,0.04279954935042596,0.001857360681408433
26.69,-3.2786268340118134,3.393393462132759,0.04104389097806663,0.0018583083562976415
26.7,-3.3128323500571373,3.3671965902041534,0.03942551183422442,0.0018595172167652915
26.71,-3.3467583864007664,3.340606270764853,0.037933768211903696,0.0018609683351312187
26.72,-3.3804022350759806,3.313624527209528,0.03655879846085586,0.0018626450440213285
26.73,-3.413761113579117,3.286253414469735,0.03529147010020329,0.001864532661283655
26.740000000000002,-3.4468321722293576,3.2584950197859355,0.03412333009418195,0.0018666182485919537
26.75,-3.479612501053824,3.2303514634097916,0.03304655813856895,0.0018688903996226414
26.76,-3.5120991362266585,3.201824899241199,0.032053922809321185,0.0018713390541776778
26.77,-3.544289066089364,3.1729175154042606,0.03113874042917438,0.001873955335058563
26.78,-3.5761792367782843,3.1436315347661345,0.030294836512383422,0.0018767314048811503
26.79,-3.60776655748378,3.113969215402452,0.02951650965237529,0.0018796603403610581
26.8,-3.639047905364343,3.0839328510127695,0.028798497721791556,0.0018827360219012296
26.810000000000002,-3.670020130137676,3.0535247712892963,0.028135946259179555,0.0018859530365793915
26.82,-3.700680058369522,3.022747342241931,0.027524378921415564,0.0018893065928677255
26.830000000000002,-3.7310244974799147,2.9916029664824477,0.026959669885779993,0.001892792445624372
26.84,-3.7610502394853746,2.960094083470487,0.026438018090426764,0.0018964068300785673
26.85,-3.790754064494538,2.9282231697238252,0.025955923206774305,0.0019001464036910813
26.86,-3.8201327439736765,2.8959927389952385,0.02551016324207373,0.0019040081949121246
26.87,-3.849183043797599,2.8634053424181203,0.025097773675063755,0.0019079895579824395
26.88,-3.8779017271004936,2.830463568622864,0.024716028032187164,0.0019120881330309681
26.89,-3.906285556940396,2.797170043825882,0.02436241981630783,0.0019163018108169002
26.900000000000002,-3.9343312987901125,2.763527431893016,0.024034645704220058,0.0019206287015468356
26.91,-3.9620357228666454,2.7295384343789513,0.023730589933475005,0.0019250671072698355
26.92,-3.989395606310397,2.6952057905441578,0.023448309803155324,0.0019296154974158962
26.93,-4.016407735224716,2.660532277350757,0.023186022217203502,0.0019342724870988826
26.94,-4.043068906585663,2.625520709438621,0.022942091202747962,0.001939036817852457
26.95,-4.069375930031239,2.5901739390829204,0.022715016339570744,0.0019439073405097468
26.96,-4.09532562953869,2.554494856134239,0.022503422040419854,0.0019488829999735095
26.97,-4.120914844997964,2.5184863879423114,0.022306047625287536,0.0019539628216555544
26.98,-4.146140433688797,2.482151499264339,0.02212173813605237,0.0019591458993918893
26.990000000000002,-4.17099927166846,2.4454931921587963,0.021949435841019497,0.0019644313846638446
27.0,-4.195488255076666,2.4085145058655453,0.021788172381890306,0.0019698184769766447
27.01,-4.219604301363703,2.371218516673044,0.021637061518552835,0.0019753064152649934
27.02,-4.243344350447451,2.333608337773352,0.021495292429809222,0.0019808944702112215
27.03,-4.2667053658044996,2.2956871191055974,0.02136212353074946,0.001986581937375396
27.04,-4.2896843355002545,2.2574580471885204,0.02123687676994493,0.0019923681310489647
27.05,-4.312278273162546,2.218924344942654,0.021118932371973726,0.001998252378753807
27.060000000000002,-4.33448421890292,2.1800892715026685,0.021007723993006582,0.002004234016318004
27.07,-4.356299240189502,2.140956122020365,0.02090273425928098,0.0020103123834676676
27.080000000000002,-4.377720432675033,2.101528227458762,0.02080349066027585,0.0020164868198809987
27.09,-4.398744920983388,2.0618089543776943,0.020709561770273926,0.0020227566616570986
27.1,-4.419369859457674,2.0218017047113013,0.020620553773768056,0.0020291212381574244
27.11,-4.439592432872732,1.9815099155377642,0.020536107271834907,0.0020355798691824635
27.12,-4.4594098571146885,1.9409370588416157,0.02045589434816975,0.0020421318624502176
27.13,-4.47881937982996,1.9000866412689266,0.020379615874952656,0.0020487765113471174
27.14,-4.497818281045962,1.858962203875649,0.02030699904010423,0.0020555130929248103
27.150000000000002,-4.516403873765571,1.8175673218693762,0.02023779507879177,0.0020623408661192685
27.16,-4.534573504537247,1.7759056043447572,0.020171777193268667,0.002069259070171389
27.17,-4.55232455400255,1.7339806940127895,0.020108738646274795,0.002076266923229943
27.18,-4.569654437422676,1.6917962669241957,0.020048491014297582,0.00208336362112013
27.19,-4.5865606051854595,1.6493560321870746,0.01999086258799595,0.0020905483362628156
27.2,-4.6030405432942345,1.6066637316790033,0.019935696908026424,0.002097820216730542
27.21,-4.619091773839761,1.563723139753756,0.019882851425385553,0.0021051783854283647
27.22,-4.634711855456392,1.5205380629427907,0.019832196276199004,0.0021126219393884527
27.23,-4.649898383763497,1.4771123396516463,0.019783613161648703,0.0021201499491685597
27.240000000000002,-4.664648991793125,1.4334498398513846,0.01973699432443811,0.002127761458345522
27.25,-4.678961350404761,1.3895544647651972,0.01969224161385536,0.002135455483095788
27.26,-4.692833168688002,1.3454301465502945,0.019649265632107577,0.0021432310118557193
27.27,-4.70626219435385,1.3010808479751854,0.019607984955169626,0.0021510870050549737
27.28,-4.719246214115332,1.2565105620924482,0.019568325421920177,0.002159022394917423
27.29,-4.731783054058015,1.2117233119070854,0.019530219485828976,0.0021670360853240007
27.3,-4.743870580001007,1.1667231500405564,0.019493605623914882,0.002175126951732649
27.310000000000002,-4.755506697848916,1.121514158390568,0.019458427798116216,0.0021832938411512097
27.32,-4.76668935393526,1.0761004477867038,0.01942463496460575,0.0021915355721591557
27.330000000000002,-4.777416535357715,1.0304861576419688,0.019392180626944335,0.0021998509349745476
27.34,-4.7876862703056,0.9846754556003191,0.019361022429301482,0.002208238691563099
27.35,-4.797496628379931,0.9386725371802447,0.019331121786280218,0.0022166975757864035
27.36,-4.806845720906366,0.8924816254144716,0.019302443546168845,0.002225226293586522
27.37,-4.815731701241308,0.8461069704858448,0.01927495568470559,0.0022338235232046122
27.38,-4.8241527650714335,0.7995528493594501,0.019248629026684953,0.002242487915431427
27.39,-4.832107150706863,0.7528235654110343,0.019223436992958386,0.0022512180938875797
27.400000000000002,-4.839593139368187,0.7059234480517771,0.019199355370588225,0.0022600126553318422
27.41,-4.846609055467534,0.6588568523494686,0.019176362104103454,0.0022688701699957823
27.42,-4.853153266883835,0.6116281586461445,0.019154437105980693,0.002277789181943207
27.43,-4.859224185232449,0.5642417721722288,0.01913356208463422,0.0022867682094530784
27.44,-4.864820266129267,0.516702122657232,0.019113720388346547,0.002295805745424639
27.45,-4.869940009449422,0.46901366393705396,0.019094896863706523,0.002304900257803512
27.46,-4.874581959580708,0.42118087355793726,0.01907707772724636,0.00231405019002779
27.47,-4.878744705671796,0.37320825237711736,0.019060250449083185,0.0023232539614931433
27.48,-4.8824268818753325,0.3251003241602137,0.019044403647475287,0.002332509968035998
27.490000000000002,-4.885627167585995,0.2768616351754073,0.019029526993299288,0.002341816582434006
27.5,-4.8883442876735606,0.22849675378444714,0.019015611123542175,0.002351172154923011
27.51,-4.890577012711047,0.1800102700305304,0.019002647562982693,0.002360575013729795
27.52,-4.89232415919797,0.13140679522309767,0.018990628653310197,0.002370023465619979
27.53,-4.8935845897787615,0.08269096151958663,0.018979547488996294,0.0023795157964604362
27.54,-4.894357213456379,0.033867421504186104,0.018969397859296293,0.0023890502717956374
27.55,-4.894640985801136,-0.015059152236367494,0.018960174195813598,0.0023986251374373867
27.560000000000002,-4.894434909154773,-0.06408406753990964,0.018951871525111613,0.002408238620067464
27.57,-4.893738032829803,-0.11320261309884125,0.01894448542590459,0.002417888927852646
27.580000000000002,-4.892549453304122,-0.16241005889295487,0.018938011990401637,0.0024275742510716783
27.59,-4.8908683144109215,-0.21170165662505197,0.01893244778941715,0.0024372927627537544
27.6,-4.888693807523893,-0.26107264015930975,0.018927789840896464,0.0024470426193280628
27.61,-4.886025171737739,-0.31051822596235595,0.018924035581537955,0.0024568219612840256
27.62,-4.882861694043987,-0.3600336135470102,0.018921182841222423,0.0024666289138418262
27.63,-4.879202709502116,-0.40961398591865006,0.01891922981998734,0.0024764615876328422
27.64,-4.875047601405982,-0.45925451002416035,0.01891817506730816,0.0024863180793896346
27.650000000000002,-4.870395801445548,-0.5089503372034234,0.018918017463471055,0.002496196472645107
27.66,-4.86524678986391,-0.5586966036433089,0.018918756202841756,0.002506094838440544
27.67,-4.8596000956096095,-0.6084884308341205,0.01892039077885356,0.0025160112360421145
27.68,-4.8534552964842295,-0.6583209260284579,0.018922920970554293,0.002525943713665539
27.69,-4.846812019285264,-0.7081891827024506,0.018926346830567216,0.0025358903092086204
27.7,-4.839669939944245,-0.7580882810193219,0.018930668674334714,0.0025458490509912522
27.71,-4.832028783660125,-0.8080132882952403,0.018935887070526066,0.002555817958502568
27.72,-4.823888325027896,-0.8579592594674137,0.01894200283250201,0.0025657950431549922
27.73,-4.815248388162444,-0.9079212375643854,0.018949017010739172,0.00257577830904484
27.740000000000002,-4.806108846817602,-0.957894254178487,0.018956930886126672,0.002585765753719071
27.75,-4.796469624500423,-1.007873329940405,0.018965745964055862,0.0025957553689479676
27.76,-4.786330694580631,-1.0578534749958177,0.018975463969231717,0.002605745141503404
27.77,-4.775692080395247,-1.107829689484057,0.018986086841141423,0.0026157330539423114
27.78,-4.764553855348383,-1.1577969640187513,0.01899761673012205,0.002625717085395117
27.79,-4.752916143006174,-1.2077502801704074,0.019010055993974855,0.00263569521235885
27.8,-4.740779117186854,-1.2576846109508824,0.019023407195078997,0.002645665409494457
27.810000000000002,-4.7281430020459405,-1.307594921299703,0.01903767309796211,0.00265562565042812
27.82,-4.715008072156532,-1.3574761685721872,0.01905285666728945,0.002665573908556311
27.830000000000002,-4.701374652584695,-1.4073233030293235,0.019068961066237143,0.0026755081578540485
27.84,-4.687243118959929,-1.4571312683293582,0.019085989655218565,0.002685426373686185
27.85,-4.672613897540696,-1.5068950020210494,0.01910394599093603,0.002695326533621535
27.86,-4.657487465275003,-1.5566094360385396,0.019122833825732818,0.00270520661824917
27.87,-4.641864349856021,-1.6062694971978,0.01914265710722312,0.002715064611996809
27.88,-4.625745129772728,-1.6558701076946012,0.01916341997817984,0.00272489850395099
27.89,-4.609130434355571,-1.7054061856039624,0.019185126776662318,0.002734706288678456
27.900000000000002,-4.592020943817121,-1.7548726453810326,0.019207782036367867,0.0027444859670487393
27.91,-4.574417389287723,-1.8042643983633566,0.019231390487192856,0.002754235547057378
27.92,-4.55632055284612,-1.8535763532744784,0.019255957055990567,0.002763953044649495
27.93,-4.537731267545042,-1.9028034167288337,0.019281486867514432,0.002773636484543456
27.94,-4.518650417431755,-1.9519404937378846,0.01930798524553665,0.0027832839010542235
27.95,-4.499078937563549,-2.000982488217448,0.01933545771413323,0.002792893338916164
27.96,-4.479017814018165,-2.049924303496169,0.01936390999912763,0.0028024628541046272
27.97,-4.458468083899143,-2.098760842825091,0.01939334802968608,0.002811990514656515
27.98,-4.43743083533609,-2.1474870098882755,0.01942377794005855,0.0028214744014892156
27.990000000000002,-4.415907207479852,-2.1960977093144196,0.0194552060714601,0.002830912609217234
28.0,-4.393898390492583,-2.244587847189425,0.01948763897408809,0.00284030324696681
28.01,-4.371405625532711,-2.2929523315698677,0.01952108340927133,0.0028496444391877926
28.02,-4.348430204734779,-2.3411860729973197,0.01955554635174788,0.00285893432646247
28.03,-4.324973471184167,-2.3892839850134733,0.01959103499206873,0.002868171066311156
28.04,-4.301036818886685,-2.4372409846760177,0.019627556739125043,0.0028773528339939678
28.05,-4.276621692733026,-2.485051993075218,0.019665119222797196,0.0028864778233087243
28.060000000000002,-4.251729588458076,-2.5327119358511476,0.019703730296724113,0.002895544247384429
28.07,-4.226362052595082,-2.580215743711522,0.019743398041191924,0.0029045503394700013
28.080000000000002,-4.200520682424664,-2.6275583529500857,0.019784130766141148,0.002913494353718137
28.09,-4.174207125918675,-2.6747347059655007,0.019825937014292114,0.0029223745659636403
28.1,-4.147423081678894,-2.721739751780685,0.01986882556438844,0.002931189274496071
28.11,-4.120170298870568,-2.768568446562553,0.019912805434558783,0.002939936800826473
28.12,-4.092450577150782,-2.815215754142103,0.019957885885797323,0.0029486154904476273
28.13,-4.064265766591658,-2.861676646534806,0.020004076425563535,0.002957223713587563
28.14,-4.035617767598398,-2.9079461044612387,0.02005138681150226,0.0029657598659561294
28.150000000000002,-4.006508530822144,-2.954019117867915,0.020099827055285055,0.0029742223694841714
28.16,-3.9769400570676745,-2.999890686448261,0.020149407426574173,0.0029826096730549167
28.17,-3.946914397195934,-3.0455558201636816,0.020200138457110578,0.002990920253227429
28.18,-3.916433652021386,-3.091009539764672,0.02025203094492769,0.002999152614951709
28.19,-3.885499972204202,-3.1362468773119176,0.02030509595869258,0.00300730529227508
28.2,-3.8541155581372832,-3.1812628766973305,0.02035934484217667,0.00301537684903952
28.21,-3.822282659828118,-3.2260525941649743,0.020414789218857962,0.0030233658795698276
28.22,-3.7900035767754754,-3.2706110988318233,0.0204714409966571,0.0030312710093521014
28.23,-3.7572806578409437,-3.314933473208304,0.020529312372809656,0.003039090895702158
28.240000000000002,-3.724116301115311,-3.3590148137185656,0.020588415838877164,0.0030468242284238424
28.25,-3.690512953779797,-3.4028502312204307,0.020648764185899598,0.0030544697304566667
28.26,-3.6564731119621405,-3.446434851524971,0.02071037050969206,0.0030620261585126646
28.27,-3.621999320587544,-3.4897638159156568,0.020773248216288683,0.0030694923037020852
28.28,-3.5870941732244863,-3.53283228166703,0.02083741102753671,0.0030768669921474438
28.29,-3.551760311925409,-3.5756354225628435,0.02090287298684407,0.003084149085586037
28.3,-3.516000427062278,-3.6181684294136196,0.02096964846508367,0.0030913374819602343
28.310000000000002,-3.479817257157039,-3.660426510573572,0.02103775216665788,0.003098431115995455
28.32,-3.443213588706962,-3.7024048924568405,0.02110719913572683,0.003105428959765645
28.330000000000002,-3.4061922560048954,-3.7440988200529857,0.02117800476260417,0.0031123300232456155
28.34,-3.368756140954431,-3.7855035574416895,0.02125018479032416,0.0031191333548503328
28.35,-3.3309081728799943,-3.8266143883066124,0.02132375532138401,0.003125838041960822
28.36,-3.2926513283318664,-3.867426616448352,0.02139873282466565,0.0031324432114361034
28.37,-3.2539886308861554,-3.907935566296451,0.02147513414254105,0.003138948030111355
28.38,-3.2149231509397205,-3.948136583420404,0.02155297649816553,0.0031453517052817802
28.39,-3.1754580055000674,-3.988025035039609,0.021632277502963527,0.0031516534851718154
28.400000000000002,-3.1355963579702255,-4.027596310532211,0.021713055164311445,0.0031578526593898045
28.41,-3.095341417928619,-4.066845821942785,0.02179532789342239,0.0031639485593674666
28.42,-3.0546964409039497,-4.10576900448881,0.02187911451343769,0.0031699405587842827
28.43,-3.0136647281450983,-4.144361317065875,0.021964434267730256,0.0031758280739764156
28.44,-2.9722496263860703,-4.1826182427515715,0.02205130682842503,0.0031816105643296994
28.45,-2.9304545276059915,-4.220535289308014,0.022139752305141838,0.003187287532656936
28.46,-2.888282868784177,-4.258107989682943,0.022229791253966215,0.003192858525558962
28.47,-2.8457381316502848,-4.29533190250935,0.02232144468665382,0.00319832313376928
28.48,-2.802823842429577,-4.3322026126035835,0.02241473408007434,0.003203680992482283
28.490000000000002,-2.7595435715832988,-4.368715731461871,0.022509681385900836,0.003208931781664643
28.5,-2.715900933544204,-4.40486689775522,0.022606309040550696,0.00321407522634966
28.51,-2.6718995864472372,-4.4406517778226275,0.022704639975384595,0.0032191110969145066
28.52,-2.6275432318553955,-4.47606606616257,0.02280469762716989,0.0032240392093401296
28.53,-2.5828356144807922,-4.511105485922696,0.022906505948815218,0.003228859425453705
28.54,-2.537780521900941,-4.5457657893876915,0.02301008942038311,0.0032335716531533784
28.55,-2.49238178427028,-4.580042758465258,0.02311547306038775,0.0032381758466151107
28.560000000000002,-2.4466432740269637,-4.613932205170149,0.023222682437385067,0.0032426720064815066
28.57,-2.40056890559494,-4.647429972106213,0.02333174368186265,0.0032470601800325457
28.580000000000002,-2.3541626350813374,-4.680531932946409,0.023442683498437148,0.0032513404613381015
28.59,-2.3074284599691843,-4.713233992910717,0.023555529178366934,0.0032555129913918422
28.6,-2.2603704188054916,-4.745532089241912,0.023670308612388204,0.0032595779582266066
28.61,-2.212992590884713,-4.777422191679147,0.02378705030388268,0.0032635355970112227
28.62,-2.1652990959276175,-4.808900302929286,0.023905783382385488,0.003267386190128392
28.63,-2.117294093755595,-4.83996245913595,0.024026537617441876,0.003271130067233787
28.64,-2.0689817839604245,-4.870604730346217,0.024149343432821737,0.003274767605295923
28.650000000000002,-2.020366405569531,-4.900823220974927,0.024274231921101102,0.0032782992286171427
28.66,-1.9714522367067584,-4.930614070266542,0.024401234858620013,0.0032817254088353905
28.67,-1.922243594248689,-4.959973452754517,0.02453038472082644,0.0032850466649065138
28.68,-1.8727448334765364,-4.988897578718125,0.0246617146980161,0.0032882635630673974
28.69,-1.8229603477236431,-5.017382694636688,0.02479525871147839,0.003291376716779692
28.7,-1.772894568018612,-5.045425083641176,0.02493105143005877,0.0032943867866540716
28.71,-1.722551962724103,-5.073021065963102,0.025069128287148298,0.0032972944803548684
28.72,-1.6719370371713278,-5.100166999380694,0.02520952549811126,0.0033001005524852874
28.73,-1.6210543332902707,-5.126859279662266,0.025352280078162055,0.003302805804453057
28.740000000000002,-1.5699084292356738,-5.153094341006765,0.02549742986070283,0.0033054110843163376
28.75,-1.5185039390088146,-5.178868656481428,0.025645013516133644,0.0033079172866100942
28.76,-1.4668455120751136,-5.204178738456509,0.025795070571147164,0.0033103253521529685
28.77,-1.414937832977604,-5.229021139037036,0.025947641428520254,0.003312636267834281
28.78,-1.3627856209462994,-5.2533924504915275,0.02610276738741505,0.0033148510663815493
28.79,-1.3103936295034966,-5.277289305677653,0.026260490664202482,0.0033169708261084462
28.8,-1.2577666460650463,-5.30070837846476,0.02642085441382143,0.0033189966706431507
28.810000000000002,-1.2049094915376322,-5.323646384153251,0.02658390275168708,0.0033209297686371147
28.82,-1.1518270199120928,-5.346100079890729,0.026749680776162296,0.0033227713334544108
28.830000000000002,-1.0985241178528273,-5.368066265084911,0.02691823459160619,0.0033245226228415968
28.84,-1.045005704283321,-5.389541781813213,0.02708961133201434,0.0033261849385781465
28.85,-0.991276729967831,-5.410523515229003,0.027263859185265485,0.0033277596261077147
28.86,-0.9373421770892729,-5.431008393964459,0.027441027417989795,0.0033292480741501044
28.87,-0.8832070588233466,-5.450993390529984,0.02762116640107418,0.0033306517142939595
28.88,-0.8288764189089446,-5.470475521710142,0.027804327635820414,0.0033319720205705833
28.89,-0.774355331214883,-5.489451848956071,0.027990563780772207,0.0033332105090087545
28.900000000000002,-0.7196488993029981,-5.507919478774317,0.028179928679227625,0.0033343687371706807
28.91,-0.6647622559876509,-5.525875563112071,0.028372477387453715,0.003335448303669234
28.92,-0.6097005628916838,-5.543317299738729,0.028568266203620383,0.0033364508476666555
28.93,-0.5544690099988726,-5.560241932623775,0.028767352697471025,0.003337378048354796
28.94,-0.49907281520291913,-5.576646752310906,0.028969795740747706,0.003338231624417038
28.95,-0.4435172238530296,-5.592529096288386,0.02917565553838898,0.0033390133334721826
28.96,-0.3878075082961243,-5.607886349355569,0.029384993660518877,0.0033397249715002046
28.97,-0.33194896741572527,-5.6227159439855585,0.029597873075245768,0.00334036837225036
28.98,-0.27594692616756905,-5.637015360683962,0.02981435818229033,0.0033409454066316846
28.990000000000002,-0.21980673511199222,-5.650782128343698,0.030034514847461988,0.00334145798208601
29.0,-0.16353376994313762,-5.664013824595818,0.030258410438003612,0.00334190804194381
29.01,-0.10713343101503042,-5.6767080761563,0.03048611385882462,0.0033422975647630832
29.02,-0.05061114286457344,-5.6888625591687765,0.030717695589642796,0.00334262856365143
29.03,0.006027646268488306,-5.700474999543164,0.030953227723055553,0.0033429030855716304
29.04,0.0627774649245832,-5.711543173290142,0.03119278400356165,0.003343123210630929
29.05,0.11963281891025761,-5.722064906851462,0.03143643986755457,0.00334329105135423
29.060000000000002,0.17658819178699736,-5.732038077426028,0.031684272484309176,0.0033434087519415684
29.07,0.2336380453628742,-5.741460613291734,0.031936360797983294,0.0033434784875100215
29.080000000000002,0.2907768201869636,-5.750330494122997,0.03219278557065644,0.00334350246332043
29.09,0.3479989360464812,-5.758645751303977,0.03245362942642777,0.003343482913989151
29.1,0.40529879246658257,-5.7664044682374245,0.0327189768965958,0.0033434221026851763
29.11,0.4626707692127729,-5.773604780649136,0.032988914465942515,0.0033433223203129126
29.12,0.5201092267958701,-5.780244876887973,0.033263530620144637,0.0033431858846809173
29.13,0.5776085069794664,-5.786322998221414,0.03354291589433507,0.003343015139656984
29.14,0.6351629332898311,-5.791837439126614,0.03382716292283745,0.0033428124543098394
29.150000000000002,0.6927668115281982,-5.796786547576921,0.03411636649009702,0.0033425802220378342
29.16,0.7504144302853811,-5.801168725323827,0.03441062358283093,0.0033423208596849788
29.17,0.8081000614586559,-5.804982428174332,0.03471003344342121,0.0033420368066447324
29.18,0.8658179607708552,-5.8082261662636645,0.035014697624573494,0.0033417305239518184
29.19,0.9235623682916125,-5.810898504323348,0.03532472004526461,0.0033414044933625145
29.2,0.9813275089606985,-5.812998061944577,0.03564020704800199,0.0033410612164238825
29.21,1.0391075931133875,-5.814523513836865,0.03596126745741771,0.0033407032135321663
29.22,1.096896817007794,-5.815473590081949,0.03628801264021972,0.0033403330229809735
29.23,1.1546893633541189,-5.815847076382911,0.03662055656652252,0.003339953199999503
29.240000000000002,1.2124794018457414,-5.8156428143084895,0.03695901587257941,0.003339566315781319
29.25,1.2702610896920965,-5.814859701532556,0.037303509924937604,0.003339174956504177
29.26,1.3280285721532732,-5.813496692068729,0.03765416088603757,0.0033387817223412388
29.27,1.3857759830762724,-5.8115527965000995,0.03801109378127688,0.003338389226464177
29.28,1.4434974454328577,-5.809027082204036,0.03837443656755869,0.0033380000940387115
29.29,1.5011870718589386,-5.805918673572052,0.03874432020334381,0.0033376169612130283
29.3,1.5588389651954178,-5.802226752224703,0.03912087872022487,0.0033372424740994873
29.310000000000002,1.6164472190304398,-5.7979505572215,0.03950424929603993,0.003336879287750241
29.32,1.6740059182429747,-5.793089385265799,0.03989457232954201,0.0033365300651272333
29.330000000000002,1.7315091395476714,-5.787642590904661,0.040291991516639744,0.003336197476067111
29.34,1.7889509520409128,-5.781609586723648,0.04069665392822323,0.0033358841962415633
29.35,1.8463254177480088,-5.774989843536537,0.041108710089587594,0.0033355929061136226
29.36,1.9036265921714575,-5.7677828905699355,0.041528314061465524,0.003335326289890566
29.37,1.9608485248402088,-5.759988315642765,0.04195562352267795,0.0033350870344738483
29.38,2.017985259859863,-5.751605765340612,0.04239079985441064,0.0033348778284067937
29.39,2.0750308364637355,-5.742634945184904,0.042834008226122176,0.003334701360820521
29.400000000000002,2.1319792895647214,-5.733075619796916,0.04328541768308671,0.0033345603203786423
29.41,2.188824650307888,-5.722927613056569,0.04374520123557252,0.003334457394221626
29.42,2.245560946623732,-5.712190808256013,0.044213535949654846,0.003334395266911062
29.43,2.302182203782029,-5.7008651482479795,0.04469060303965868,0.003334376619374702
29.44,2.358682444946208,-5.688950635588883,0.04517658796222415,0.0033344041278529214
29.45,2.4150556917281794,-5.676447332676654,0.045671680511983996,0.0033344804628470215
29.46,2.471295964743556,-5.663355361883297,0.046176074918839086,0.0033346082880702107
29.47,2.527397284167186,-5.6496749056821525,0.046689969946814194,0.003334790259402043
29.48,2.583353670288939,-5.63540620676985,0.04721356899447222,0.0033350290238467225
29.490000000000002,2.639159144069674,-5.620549568182944,0.04774708019686078,0.0033353272184959842
29.5,2.694807727697317,-5.605105353409213,0.048290716528960394,0.0033356874694974925
29.51,2.750293445142986,-5.58907398649362,0.048844695910598576,0.003336112391029264
29.52,2.8056103227170914,-5.572455952138916,0.04940924131278891,0.003336604584280784
29.53,2.8607523896253437,-5.555251795800877,0.04998458086544844,0.0033371666364417083
29.54,2.9157136785246065,-5.537462123778169,0.05057094796644075,0.003337801119698713
29.55,2.970488226078521,-5.519087603296829,0.051168581391885654,0.0033385105902412225
29.560000000000002,3.0250700735128397,-5.500128962589358,0.05177772540766964,0.0033392975872770674
29.57,3.079453267170407,-5.480586990968406,0.05239862988208385,0.003340164632058341
29.580000000000002,3.133631859065712,-5.4604625388950625,0.05303155039950873,0.0033411142269184585
29.59,3.18759990743896,-5.43975651804173,0.05367674837505619,0.003342148854321317
29.6,3.241351477309592,-5.418469901349578,0.054334491170071594,0.0033432709759231094
29.61,3.294880641029196,-5.396603723080574,0.05500505220838833,0.0033444830316475423
29.62,3.3481814788337414,-5.374159078864093,0.05568871109321841,0.0033457874387753843
29.63,3.4012480793950854,-5.351137125738091,0.05638575372455166,0.003347186591048998
29.64,3.4540745403716837,-5.327539082184845,0.05709647241692571,0.003348682857792753
29.650000000000002,3.5066549689584554,-5.30336622816126,0.057821166017416874,0.0033502785830499785
29.66,3.558983482435742,-5.278619905123729,0.05856014002369022,0.003351976084737306
29.67,3.611054208717309,-5.25330151604756,0.05931370670193411,0.0033537776538171936
29.68,3.662861286897335,-5.2274125254409585,0.06008218520449092,0.003355685553489199
29.69,3.7143988677963407,-5.200954459353569,0.060865901686981375,0.0033577020184012174
29.7,3.7656611145060075,-5.1739289053795705,0.06166518942470496,0.003359829253880986
29.71,3.8166422029328406,-5.146337512655336,0.06248038892808301,0.0033620694351888165
29.72,3.867336322340634,-5.118181991851647,0.06331184805689452,0.0033644247067924037
29.73,3.9177376758916935,-5.089464115160471,0.06415992213303726,0.003366897181664237
29.740000000000002,3.967840481186782,-5.060185716276298,0.0650249740515285,0.0033694889406024357
29.75,4.01763897080375,-5.0303486903720485,0.06590737438944068,0.0033722020315758825
29.76,4.067127392834825,-4.999954994069536,0.06680750151244683,0.003375038469094014
29.77,4.116300011422519,-4.969006645404511,0.0677257416786303,0.0033780002336020764
29.78,4.16515110729414,-4.937505723786275,0.06866248913919065,0.0033810892709027983
29.79,4.213674978294884,-4.905454369951862,0.06961814623565535,0.003384307491604676
29.8,4.261865939919491,-4.872854785914809,0.07059312349318238,0.003387656770597612
29.810000000000002,4.3097183258424385,-4.839709234908505,0.07158783970951464,0.0033911389465564445
29.82,4.35722648844669,-4.806020041324127,0.07260272203912049,0.003394755821473054
29.830000000000002,4.4043847993509715,-4.771789590643168,0.07363820607202815,0.0033985091602173854
29.84,4.451187649935589,-4.737020329364555,0.07469473590683356,0.0034024006901278367
29.85,4.497629451866791,-4.701714764926369,0.07577276421733224,0.0034064321006314078
29.86,4.543704637619692,-4.665875465622166,0.07687275231219515,0.0034106050428938588
29.87,4.589407660999767,-4.629505060511902,0.07799517018707798,0.0034149211295005522
29.88,4.634732997662956,-4.592606239327466,0.07914049656852022,0.003419381934167577
29.89,4.679675145634392,-4.555181752372828,0.08030921894895734,0.003423988991483744
29.900000000000002,4.724228625825808,-4.517234410418795,0.08150183361213471,0.0034287437966835175
29.91,4.76838798255166,-4.47876708459239,0.08271884564817646,0.003433647805450525
29.92,4.812147784044019,-4.439782706260846,0.08396076895752559,0.0034387024337519745
29.93,4.8555026229663,-4.400284266910221,0.0852281262429344,0.0034439090577034303
29.94,4.898447116925887,-4.360274818018631,0.08652144898864499,0.0034492690134640524
29.95,4.940975908985744,-4.319757470924104,0.08784127742586086,0.0034547835971614946
29.96,4.9830836681751,-4.278735396687056,0.08918816048356917,0.0034604540648460616
29.97,5.024765089999287,-4.2372118259473766,0.09056265572373265,0.0034662816324737655
29.98,5.066014896948867,-4.195190048776138,0.09196532925982716,0.0034722674759170872
29.990000000000002,5.106827839008145,-4.152673414521907,0.09339675565765887,0.003478412731002877
30.0,5.147198694163199,-4.109665331651663,0.0948575178173505,0.0034847184935763273
30.01,5.187122268909584,-4.066169267586318,0.0963482068353427,0.0034911858195893946
30.02,5.2265933987598325,-4.022188748530819,0.09786942184521152,0.0034978157252128395
30.03,5.265606948750946,-3.977727359298839,0.09942176983605823,0.003504609186970057
30.04,5.304157813952031,-3.932788743132027,0.10100586544718249,0.0035115671418911388
30.05,5.342240919972283,-3.887376601513822,0.10262233073770467,0.0035186904876851033
30.060000000000002,5.379851223469512,-3.841494693977801,0.10427179492975798,0.003525980082928032
30.07,5.416983712659434,-3.7951468379105515,0.10595489412382593,0.0035334367472653195
30.080000000000002,5.4536334078259525,-3.748336908349047,0.10767227098475661,0.0035410612616251637
30.09,5.489795361832681,-3.7010688377725014,0.1094245743969411,0.003548854368440507
30.1,5.525464660635964,-3.653346615888679,0.1112124590871005,0.0035568167718766017
30.11,5.560636423799676,-3.6051742894146366,0.11303658521308423,0.0035649491380609836
30.12,5.595305805012085,-3.5565559618518567,0.11489761791704196,0.0035732520953123555
30.13,5.629467992605098,-3.5074957932557513,0.1167962268412925,0.0035817262343647415
30.14,5.663118210076201,-3.45799799999949,0.11873308560517627,0.003590372108582969
30.150000000000002,5.6962517166134505,-3.4080668545321164,0.12070887124114366,0.0035991902341652197
30.16,5.728863807623862,-3.3577066851309088,0.12272426358829923,0.0036081810903283175
30.17,5.760949815265577,-3.306921875647937,0.12477994464159352,0.0036173451194711297
30.18,5.792505108984213,-3.2557168652507635,0.12687659785482808,0.0036266827273108014
30.19,5.823525096053788,-3.2040961481572365,0.12901490739561827,0.0036361942829868624
30.2,5.854005222122669,-3.152064273364309,0.13119555735044094,0.003645880119127804
30.21,5.8839409717649795,-3.099625844370827,0.1334192308778811,0.003655740531874444
30.22,5.91332786903795,-3.0467855188942097,0.13568660930818516,0.003665775780853864
30.23,5.94216147804567,-2.993548008580956,0.13799837118722594,0.003675986089098152
30.240000000000002,5.9704374035097745,-2.9399180787108903,0.1403551912629901,0.0036863716429014503
30.25,5.998151291347559,-2.885900547895069,0.14275773941270967,0.003696932591608545
30.26,6.025298829258086,-2.8315002877672555,0.14520667950877902,0.003707669047328976
30.27,6.051875747316818,-2.776722222668869,0.1477026682216256,0.0037185810845691172
30.28,6.077877818579371,-2.7215713293273023,0.15024635375773845,0.003729668739775571
30.29,6.103300859694962,-2.6660526365275072,0.15283837453110488,0.0037409320107829307
30.3,6.128140731530164,-2.6101712247767295,0.15547935776635946,0.003752370856158616
30.310000000000002,6.152393339803592,-2.5539322259622756,0.1581699180320176,0.00376398519443811
30.32,6.17605463573216,-2.497340823002181,0.16091065570224247,0.0037757749032430545
30.330000000000002,6.199120616689542,-2.440402249488653,0.1637021553456843,0.003787739818275537
30.34,6.221587326877526,-2.383121789324143,0.1665449840400345,0.003799879732181929
30.35,6.243450858010916,-2.3255047763499013,0.16943968961105307,0.0038121943932792335
30.36,6.2647073500166695,-2.267556593966865,0.17238679879495933,0.0038246835041381186
30.37,6.285352991747979,-2.209282674748711,0.1753868153232224,0.0038373467200162993
30.38,6.3053840217139765,-2.150688500046912,0.17844021792895007,0.003850183647136983
30.39,6.324796728825786,-2.0917795995876127,0.1815474582742538,0.003863193840807167
30.400000000000002,6.343587453159621,-2.0325615510601494,0.1847089587981642,0.0038763768033712254
30.41,6.361752586737652,-1.9730399796970175,0.18792511048488608,0.003889731981996362
30.42,6.379288574327335,-1.91322055784509,0.19119627055241534,0.0039032587662865617
30.43,6.3961919142599255,-1.8531090045278804,0.19452276006179342,0.003916956485722946
30.44,6.412459159268873,-1.792711084998638,0.1979048614475475,0.0039308244069294436
30.45,6.428086917348778,-1.7320326102840533,0.20134281597015863,0.003944861730763718
30.46,6.443071852635608,-1.6710794367183457,0.20483682109171486,0.003959067589234261
30.47,6.4574106863088225,-1.609857465467499,0.20838702777624213,0.003973441042246086
30.48,6.471100197516051,-1.5483726420434016,0.21199353771656443,0.003987981074178909
30.490000000000002,6.484137224320961,-1.4866309558076418,0.21565640048992502,0.004002686590302977
30.5,6.496518664674892,-1.4246384394647045,0.21937561064500258,0.004017556413039478
30.51,6.50824147741283,-1.3624011685443045,0.22315110472338204,0.004032589278074215
30.52,6.51930268327425,-1.2999252608725902,0.22698275821898636,0.0040477838303348635
30.53,6.529699365949312,-1.2372168760319444,0.2308703824794455,0.004063138619844387
30.54,6.539428673150853,-1.1742822148091008,0.23481372155386998,0.004078652097464778
30.55,6.548487817712578,-1.1111275186312957,0.2388124489920089,0.004094322610547618
30.560000000000002,6.5568740787137685,-1.0477590689901646,0.24286616460030538,0.004110148398510093
30.57,6.564584802630807,-0.9841831868530941,0.24697439116091569,0.004126127588357152
30.580000000000002,6.571617404515714,-0.9204062320617324,0.25113657112032994,0.004142258190172843
30.59,6.577969369201843,-0.8564346027173634,0.2553520632548214,0.00415853809260594
30.6,6.5836382525367885,-0.7922747345528448,0.2596201393205576,0.004174965058377362
30.61,6.588621682642489,-0.7279331002908119,0.263939980696825,0.004191536719838979
30.62,6.592917361202404,-0.6634162089878467,0.26831067503145295,0.004208250574615549
30.63,6.596523064775556,-0.5987306053643145,0.2727312128981644,0.00422510398136355
30.64,6.599436646137124,-0.5338828691195732,0.2772004844762314,0.004242094155682629
30.650000000000002,6.60165603564516,-0.4688796142322596,0.2817172762634708,0.004259218166217147
30.66,6.6031792426328835,-0.40372748824536736,0.2862802678342714,0.004276472930986909
30.67,6.604004356825901,-0.33843317153582997,0.29088802865500424,0.004293855213987483
30.68,6.60412954978354,-0.2730033765683345,0.2955390149698177,0.0043113616221016615
30.69,6.6035530763633785,-0.20744484713309666,0.3002315667704664,0.004328988602364381
30.7,6.602273276207893,-0.14176435756733816,0.3049639048644531,0.004346732439623904
30.71,6.600288575252004,-0.07596871196021864,0.30973412805638056,0.004364589254642097
30.72,6.597597487250142,-0.010064743340986351,0.31454021045800407,0.004382555002676338
30.73,6.594198615321301,0.05594068714987366,0.31937999894304303,0.0044006254725847075
30.740000000000002,6.590090653510376,0.12204069110669986,0.32425121076334934,0.004418796286494877
30.75,6.5852723883639115,0.18822835372211094,0.32915143134352826,0.004437062900075138
30.76,6.579742700518222,0.25449673466802814,0.3340781122715678,0.004455420603443705
30.77,6.573500566297646,0.3208388689944112,0.339028569503442,0.00447386452274931
30.78,6.5665450593205374,0.38724776804583283,0.3439999818000091,0.004492389622452463
30.79,6.558875352110388,0.4537164203959919,0.3489893894148231,0.0045109907083324945
30.8,6.55049071770931,0.5202377928002395,0.3539936930517052,0.004529662431240508
30.810000000000002,6.541390531290889,0.586804831166162,0.3590096531110797,0.0045483992916127034
30.82,6.531574271769271,0.6534104615422359,0.36403388924415614,0.004567195644752368
30.830000000000002,6.521041523401093,0.7200475911245359,0.3690628802340317,0.004586045706881908
30.84,6.509791977376747,0.7867091092814433,0.3740929642226894,0.004604943561958714
30.85,6.497825433397219,0.8533878885962662,0.37912033930266936,0.004623883169240578
30.86,6.485141801232601,0.9200767859276417,0.38414106449189045,0.004642858371577777
30.87,6.47174110225817,0.9867686434875538,0.3891510611096879,0.004661862904399921
30.88,6.457623470963761,1.0534562899367552,0.39414611457160703,0.004680890405356159
30.89,6.442789156431985,1.12013254149734,0.39912187661984794,0.004699934424557315
30.900000000000002,6.427238523780687,1.1867902030821633,0.40407386800548284,0.004718988435359102
30.91,6.410972055564884,1.2534220694407652,0.40899748163766986,0.004738045845615117
30.92,6.393990353133275,1.320020926321397,0.41388798621405243,0.004757100009318223
30.93,6.376294137934286,1.386579551648705,0.41874053034536507,0.0047761442385396615
30.94,6.357884252766498,1.4530907167165719,0.4235501471859598,0.004795171815565308
30.95,6.338761662968193,1.5195471873955624,0.4283117595805202,0.0048141760051197266
30.96,6.3189274575406715,1.5859417253543666,0.4330201857356451,0.004833150066560463
30.970000000000002,6.298382850199917,1.6522670892945799,0.4376701454232559,0.004852087265917676
30.98,6.2771291803511335,1.7185160361980996,0.4422562667209182,0.0048709808876477405
30.990000000000002,6.25516791398065,1.784681322586366,0.44677309329216786,0.004889824245964537
31.0,6.232500644459667,1.8507557057906159,0.45121509220779643,0.004908610695608408
31.01,6.209129093254332,1.91673194523226,0.4555766623067937,0.004927333641910609
31.02,6.185055110536682,1.9826028037124408,0.45985214309325845,0.004945986550011081
31.03,6.160280675691011,2.0483610487097685,0.46403582416309364,0.004964562953088613
31.04,6.1348078977103535,2.1139994536851785,0.46812195515169885,0.004983056459466548
31.05,6.1086390154778485,2.179510799392798,0.4721047561911712,0.005001460758463065
31.060000000000002,6.08177639792791,2.2448878751956567,0.4759784288627427,0.005019769624862881
31.07,6.054222544082287,2.3101234803850232,0.4797371676273238,0.0050379769218983905
31.080000000000002,6.025980082956313,2.375210425502097,0.4833751717141048,0.00505607660264097
31.09,5.997051773330836,2.44014153366074,0.4868866574442073,0.0050740627097185095
31.1,5.967440503385634,2.504909641869885,0.4902658709633873,0.00509192937329323
31.11,5.937149290190348,2.569507602354209,0.49350710135479336,0.005109670807253767
31.12,5.9061812790493295,2.633928283871631,0.49660469409978847,0.005127281303597845
31.13,5.874539742697138,2.6981645730261423,0.4995530648518822,0.005144755225006133
31.14,5.842228080341783,2.7622093755744506,0.5023467134859002,0.005162086995633916
31.150000000000002,5.809249816553246,2.826055617724895,0.5049802383816685,0.005179271090174897
31.16,5.775608599995216,2.8896962474270493,0.5074483508987313,0.005196302021279854
31.17,5.74130820199849,2.9531242356504217,0.5097458899959731,0.00521317432544321
31.18,5.70635251497491,3.0163325776506373,0.5118678369475024,0.005229882547500237
31.19,5.670745550671288,3.079314294221479,0.5138093301037969,0.0052464212239073495
31.2,5.634491438263277,3.1420624329311524,0.515565679644936,0.0052627848650091905
31.21,5.597594422289684,3.204570069341153,0.5171323822707653,0.005278967936523188
31.220000000000002,5.560058860428358,3.266830308206096,0.5185051357710895,0.005294964840500464
31.23,5.5218892211153054,3.3288362846529,0.5196798534174797,0.005310769896047869
31.240000000000002,5.48309008100936,3.3905811653377276,0.5206526781170352,0.005326377320117384
31.25,5.443666122305294,3.4520581495790985,0.5214199962674793,0.005341781208690373
31.26,5.403622129898929,3.513260470465632,0.5219784512523081,0.0053569755186995425
31.27,5.362962988408405,3.5741813959369093,0.5223249565143671,0.0053719540510440145
31.28,5.321693679056409,3.634814229835979,0.5224567081462155,0.005386710435060648
31.29,5.279819276418797,3.6951523129320907,0.5223711969359732,0.0054012381148177925
31.3,5.23734494504566,3.755189023912284,0.5220662198080255,0.00541553033759522
31.310000000000002,5.1942759359615,3.81491778034053,0.5215398905990085,0.005429580144906115
31.32,5.15061758305179,3.874332039583185,0.5207906501109142,0.005443380366403626
31.330000000000002,5.106375299343779,3.9334252996995906,0.5198172753849323,0.005456923616995534
31.34,5.061554573189938,3.992191100296731,0.5186188881418047,0.00547020229746528
31.35,5.016160964363043,4.050623023346952,0.5171949623369856,0.005483208598866399
31.36,4.970200100072335,4.108714693967821,0.5155453307817842,0.005495934510922395
31.37,4.923677670910729,4.166459781163322,0.5136701907849025,0.005508371834621256
31.38,4.876599426743471,4.223851998525658,0.5115701087723561,0.005520512199148381
31.39,4.828971172549034,4.280885104897062,0.5092460238476709,0.005532347083250259
31.400000000000002,4.78079876422345,4.337552904991102,0.5066992502584613,0.005543867841067286
31.41,4.732088104359555,4.393849249973101,0.5039314787399957,0.0055550657324168725
31.42,4.682845138012917,4.44976803799939,0.5009447767111258,0.005565931957446677
31.43,4.6330758484664445,4.505303214715239,0.49774158730296253,0.005576457695518146
31.44,4.582786253005834,4.560448773711438,0.4943247272059018,0.005586634148117742
31.45,4.531982398718132,4.615198756939605,0.49069738332600726,0.005596452585531483
31.46,4.480670358325761,4.669547255086437,0.4868631082473069,0.005605904396958432
31.470000000000002,4.428856226068344,4.723488407907241,0.4828258145022295,0.005614981143680568
31.48,4.376546113644621,4.777016404519194,0.47858976765815214,0.005623674614852367
31.490000000000002,4.323746146226628,4.8301254836549266,0.47415957823381993,0.005631976885421453
31.5,4.270462458558148,4.882809933877123,0.4695401924651945,0.005639880375647549
31.51,4.216701191149196,4.935064093754971,0.4647368819460464,0.005647377911647355
31.52,4.162468486578017,4.986882352003395,0.4597552321742964,0.005654462786358976
31.53,4.107770485911737,5.038259147586144,0.45460113004068786,0.005661128820295468
31.54,4.052613325256386,5.089188969783884,0.4492807503017982,0.005667370421439767
31.55,3.99700313244656,5.1396663582285935,0.4438005410846407,0.005673182643622924
31.560000000000002,3.9409460238844827,5.189685902905621,0.43816720847512175,0.005678561242728318
31.57,3.8844481015376675,5.239242244124903,0.4323877002473794,0.005683502730073107
31.580000000000002,3.8275154501037574,5.288330072462888,0.42646918879549184,0.005688004422335406
31.59,3.770154134350488,5.336944128676845,0.4204190533331882,0.005692064487422592
31.6,3.71237019663801,5.385079203593273,0.41424486143098066,0.005695681985709819
31.61,3.6541696546300924,5.432730137972229,0.40795434996354696,0.005698856906122569
31.62,3.5955584991999534,5.4798918223494395,0.4015554055431943,0.005701590196586565
31.63,3.5365426925356824,5.526559196858137,0.39505604451781867,0.005703883788425736
31.64,3.4771281664494005,5.572727251032575,0.3884643926139068,0.005705740614353811
31.650000000000002,3.4173208208934707,5.618391023595275,0.381788664306811,0.005707164619772747
31.66,3.3571265226862237,5.663545602230031,0.37503714200173566,0.005708160767164676
31.67,3.2965511044488003,5.708186123342763,0.3682181551096114,0.005708735033440711
31.68,3.235600363753854,5.752307771812308,0.3613400591022883,0.00570889440018751
31.69,3.174280062485986,5.795905780733253,0.35441121463125314,0.005708646836832428
31.7,3.112595926412932,5.838975431152899,0.34743996679337635,0.005708001276826634
31.71,3.0505536449656603,5.881512051804466,0.34043462462601914,0.005706967587023122
31.720000000000002,2.9881588712247176,5.923511018838588,0.3334034409122002,0.005705556530501736
31.73,2.9254172221093246,5.96496775555515,0.32635459237444087,0.005703779723164772
31.740000000000002,2.8623342787649464,6.005877732137484,0.31929616033339736,0.005701649584493553
31.75,2.798915587144283,6.046236465390883,0.31223611190446793,0.005699179282918086
31.76,2.7351666587758965,6.086039518487347,0.30518228180225404,0.005696382676306607
31.77,2.6710929717139904,6.1252825007184315,0.29814235481908247,0.005693274248129883
31.78,2.6066999716621977,6.163961067257977,0.29112384903978783,0.005689869039896563
31.79,2.5419930732636096,6.202070918936459,0.2841340998506413,0.005686182580487206
31.8,2.476977661548715,6.239607802028589,0.27718024479572434,0.005682230813039428
31.810000000000002,2.4116590935323847,6.276567508055742,0.2702692093292161,0.005678030020052476
31.82,2.3460426999505635,6.3129458736046855,0.2634076935070282,0.005673596747385698
31.830000000000002,2.280133787126917,6.348738780163977,0.256602159656012,0.005668947727825019
31.84,2.2139376389593,6.383942153979336,0.24985882105362178,0.005664099804881794
31.85,2.147459519015604,6.418551965929167,0.2431836316454731,0.005659069857470378
31.86,2.080704672728286,6.452564231421309,0.23658227682273353,0.005653874726086096
31.87,2.01367832967668,6.485975010312004,0.23006016527575,0.005648531141074414
31.88,1.9463857059460326,6.518780406847932,0.22362242193479742,0.005643055653543148
31.89,1.878832006552136,6.550976569632084,0.2172738820033571,0.005637464569426745
31.900000000000002,1.8110224279203813,6.5825596916141285,0.21101908608393602,0.005631773887163698
31.91,1.7429621604080825,6.613526010105786,0.20486227639115412,0.005625999239396
31.92,1.6746563908589942,6.64387180682166,0.19880739404168438,0.005620155839045242
31.93,1.6061103051790702,6.673593407945838,0.19285807740566277,0.005614258430062217
31.94,1.5373290909226873,6.702687184224464,0.18701766149941734,0.005608321243089433
31.95,1.4683179398787811,6.731149551084399,0.1812891783948249,0.005602357956216845
31.96,1.3990820506466048,6.758976968777956,0.17567535861631353,0.005596381660952993
31.970000000000002,1.3296266311911407,6.786165942553626,0.1701786334925096,0.005590404833476584
31.98,1.2599569013685354,6.8127130228525665,0.16480113842579908,0.0055844393111785405
31.990000000000002,1.1900780954123251,6.83861480553059,0.15954471703965023,0.005578496274451919
32.0,1.1199954643716301,6.863867932105245,0.15441092616044239,0.005572586233636953
32.01,1.049714278492956,6.8884690900275185,0.14940104158777312,0.005566719020983231
32.02,0.9792398295377134,6.912415012977615,0.14451606460478447,0.005560903787448905
32.03,0.908577433028066,6.935702481184171,0.13975672917796086,0.005555149004118908
32.04,0.837732430414247,6.958328321766202,0.13512350979411264,0.005549462467991483
32.05,0.7667101911570112,6.980289409097011,0.13061662988086786,0.005543851311854072
32.06,0.6955161147194473,7.001582665189219,0.12623607075595203,0.005538322017946204
32.07,0.6241556324629324,7.02220506010003,0.12198158104983296,0.005532880435088603
32.08,0.5526342094425752,7.042153612355791,0.11785268654594311,0.0055275317989437675
32.09,0.4809573460980643,7.061425389394845,0.11384870038265242,0.005522280755064534
32.1,0.409130579836403,7.080017508027669,0.10996873356144246,0.005517131384382342
32.11,0.33715948650357863,7.097927134913211,0.10621170570631315,0.0055120872307864955
32.12,0.2650496817427667,7.115151487050357,0.10257635602032339,0.005507151330449289
32.13,0.19280682223721984,7.131687832283397,0.09906125438630958,0.005502326242558908
32.14,0.12043660683652428,7.147533489820358,0.09566481256022441,0.005497614081132429
32.15,0.04794477756542548,7.162685830763068,0.09238529540717362,0.005493016547594264
32.160000000000004,-0.024662879485073327,7.1771422786477865,0.08922083213208146,0.005488534963821216
32.17,-0.097380533384154,7.190900309995252,0.08616942745896526,0.005484170305372903
32.18,-0.1702023077045217,7.203957454868984,0.0832289727150256,0.005479923234645492
32.19,-0.24312227998155367,7.2163112974407,0.08039725677813893,0.005475794133707851
32.2,-0.31613448128676214,7.2279594765617,0.07767197684885267,0.005471783136600248
32.21,-0.38923289591368604,7.2388996863391055,0.07505074901060738,0.005467890160898129
32.22,-0.46241146117396764,7.2491296767158415,0.07253111854462349,0.005464114938365862
32.230000000000004,-0.5356640673010354,7.258647254053277,0.07011056996867233,0.005460457044547531
32.24,-0.6089845574585122,7.267450281715473,0.06778653677177844,0.005456915927163872
32.25,-0.6823667278501898,7.275536680654006,0.0655564108197554,0.0054534909332058555
32.26,-0.7558043279281672,7.282904429992361,0.06341755140933851,0.00545018133463578
32.27,-0.829291060695528,7.289551567608944,0.06136729395152636,0.005446986352626488
32.28,-0.902820583099747,7.2954761907177685,0.059402958267562526,0.005443905180287763
32.29,-0.976386506512852,7.300676456445929,0.0575218564837602,0.005440937003846056
32.3,-1.0499823972942368,7.305150582407013,0.05572130051408178,0.00543808102225966
32.31,-1.1236017774319125,7.3088968472696205,0.05399860912201705,0.005435336465265855
32.32,-1.1972381252579052,7.311913591320242,0.05235111455584496,0.00543270260986975
32.33,-1.2708848762334564,7.3141992170197385,0.05077616875380275,0.005430178795296041
32.34,-1.344535423799648,7.315752189552747,0.04927114911801221,0.00542776443643518
32.35,-1.4181831202890707,7.316571037369364,0.047833463858216366,0.0054254590358243735
32.36,-1.4918212778941653,7.316654352718504,0.04646055690845394,0.0054232621942111635
32.37,-1.565443169687907,7.316000792172358,0.04514991242173616,0.005421173619753773
32.38,-1.639042030692551,7.314609077141447,0.04389905884958668,0.0054191931359173565
32.39,-1.7126110589922354,7.312477994379787,0.042705572614956055,0.005417320688129038
32.4,-1.7861434168853196,7.309606396479721,0.041567081388525766,0.005415556349257918
32.410000000000004,-1.859632232072447,7.305993202356026,0.040481266979770704,0.005413900323987742
32.42,-1.9330705988764283,7.301637397718942,0.039445867855355095,0.005412352952151164
32.43,-2.006451579490176,7.296538035535778,0.038458681298494043,0.005410914711095004
32.44,-2.079768205249055,7.2906942364808405,0.03751756522382509,0.005409586217145402
32.45,-2.1530134779241634,7.284105189373411,0.036620439663103375,0.00540836822624097
32.46,-2.2261803710332093,7.2767701516035626,0.035765287937664474,0.005407261633800289
32.47,-2.2992618311658104,7.268688449545642,0.03495015753409554,0.0054062674738889595
32.480000000000004,-2.3722507793202103,7.259859478959238,0.0341731606999232,0.00540538691774865
32.49,-2.445140112248568,7.250282705377544,0.03343247477637207,0.005404621271748145
32.5,-2.5179227038081526,7.239957664482986,0.03272634228537704,0.00540397197481435
32.51,-2.5905914063159434,7.228883962470067,0.03205307078805277,0.005403440595397634
32.52,-2.663139051904307,7.2170612763953645,0.03141103253174264,0.0054030288280236555
32.53,-2.735558453875597,7.20448935451467,0.03079866390259385,0.005402738489480312
32.54,-2.8078424080536766,7.191168016607248,0.030214464700343977,0.005402571514686079
32.55,-2.879983694130558,7.177097154287248,0.02965699725166411,0.005402529952282297
32.56,-2.9519750770064737,7.162276731302283,0.029124885377993452,0.005402615959989655
32.57,-3.0238093081218906,7.146706783819239,0.028616813233327296,0.005402831799766226
32.58,-3.0954791267801083,7.13038742069736,0.02813152402689268,0.005403179832801044
32.59,-3.166977261459235,7.1133188237487035,0.027667818645071222,0.005403662514375339
32.6,-3.2382964311124787,7.09550124798603,0.02722455418631423,0.005404282388620284
32.61,-3.3094293464558246,7.076935021858248,0.026800642422148205,0.005405042083198091
32.62,-3.380368711242296,7.057620547473497,0.026395048196696195,0.005405944303930904
32.63,-3.4511072235221234,7.037558300809996,0.026006787776448655,0.0054069918293993685
32.64,-3.5216375768882546,7.016748831914774,0.025634927161312725,0.005408187505531174
32.65,-3.5919524617067555,6.995192765090403,0.025278580367256723,0.005409534240197517
32.660000000000004,-3.6620445663317396,6.972890799069866,0.024936907690152898,0.005411034997833589
32.67,-3.7319065783045713,6.9498437071796975,0.02460911395971051,0.005412692794098155
32.68,-3.8015311855371676,6.926052337491517,0.02429444679168826,0.00541451069058445
32.69,-3.8709110774793007,6.901517612962107,0.02399219484588333,0.005416491789593878
32.7,-3.9400389462698824,6.876240531562169,0.02370168609671824,0.005418639228983228
32.71,-4.008907487872277,6.850222166393884,0.02342228612258888,0.005420956177093302
32.72,-4.077509403193741,6.823463665797435,0.02315339641950079,0.005423445827766775
32.730000000000004,-4.145837399189157,6.795966253446604,0.02289445274390814,0.0054261113954619
32.74,-4.213884189949257,6.767731228433599,0.022644923489083015,0.005428956110467117
32.75,-4.2816424977735945,6.738759965343228,0.02240430809878321,0.005431983214221366
32.76,-4.3491050542285326,6.7090539143165655,0.022172135521455937,0.005435195954743362
32.77,-4.416264601190582,6.678614601104216,0.021947962707713816,0.005438597582173396
32.78,-4.483113891875418,6.647443627109322,0.021731373153348634,0.00544219134442894
32.79,-4.549645691852944,6.615542669420426,0.021521975489708228,0.005445980482975749
32.8,-4.615852780048772,6.582913480834305,0.021319402122852348,0.005449968228716166
32.81,-4.681727949732535,6.549557889868891,0.021123307922524457,0.005454157797993801
32.82,-4.747264009493409,6.515477800766388,0.02093336896162775,0.005458552388715537
32.83,-4.812453784203276,6.4806751934867,0.020749281306574524,0.005463155176589835
32.84,-4.877290115967923,6.445152123691253,0.02057075985858793,0.005467969311480513
32.85,-4.941765865066706,6.408910722717331,0.020397537245772937,0.005472997913875174
32.86,-5.005873910881079,6.371953197543004,0.020229362765538123,0.005478244071466106
32.87,-5.069607152812402,6.334281830742748,0.02006600137674069,0.005483710835842727
32.88,-5.132958511189422,6.295898980433846,0.019907232740742502,0.005489401219293414
32.89,-5.195920928165825,6.256807080213635,0.019752850310403768,0.005495318191714135
32.9,-5.258487368608244,6.2170086390877035,0.019602660465901988,0.005501464677622271
32.910000000000004,-5.320650820975083,6.176506241389096,0.0194564816961455,0.00550784355327331
32.92,-5.382404298186534,6.135302546688606,0.019314143824452127,0.005514457643877378
32.93,-5.44374083848612,6.09340028969622,0.01917548727708263,0.005521309720913651
32.94,-5.504653506294098,6.050802280153784,0.019040362393154528,0.0055284024995400525
32.95,-5.565135393053059,6.007511402718951,0.018908628774413096,0.005535738636095329
32.96,-5.625179618065993,5.963530616840469,0.018780154673301602,0.0055433207256917255
32.97,-5.684779329327152,5.918862956624869,0.01865481641775084,0.005551151299895043
32.980000000000004,-5.743927704345945,5.873511530694599,0.018532497871097543,0.005559232824489557
32.99,-5.802617950964151,5.827479522037667,0.018413089925541117,0.005567567697325958
33.0,-5.860843308166671,5.7807701878488285,0.018296490027557167,0.005576158246249485
33.01,-5.918597046886071,5.73338685936238,0.018182601733703466,0.0055850067271059145
33.02,-5.975872470801102,5.6853329416765845,0.018071334295278244,0.005594115321823371
33.03,-6.032662917129414,5.636611913569792,0.01796260227032112,0.005603486136567671
33.04,-6.088961757414641,5.587227327308272,0.017856325161482604,0.005613121199968753
33.05,-6.144762398308017,5.53718280844583,0.017752427078328154,0.005623022461416956
33.06,-6.200058282344699,5.4864820556152,0.017650836422686535,0.005633191789426691
33.07,-6.254842888714915,5.435128840311298,0.017551485595698788,0.005643630970065758
33.08,-6.309109734030085,5.383127006666331,0.017454310725273127,0.005654341705448623
33.09,-6.362852373084019,5.330480471216822,0.017359251412701643,0.0056653256122921
33.1,-6.416064399609305,5.277193222662566,0.017266250497246564,0.005676584220531811
33.11,-6.468739447028977,5.223269321617563,0.017175253837556265,0.005688118971998037
33.12,-6.520871189203542,5.168712900352942,0.017086210108824003,0.00569993121914975
33.13,-6.572453341173451,5.113528162531923,0.01699907061465502,0.0057120222238650495
33.14,-6.623479659897056,5.057719382936839,0.01691378911265981,0.00572439315628791
33.15,-6.673943944984132,5.001290907188241,0.016830321652842924,0.005737045093728686
33.160000000000004,-6.723840039424982,4.944247151456125,0.016748626427907084,0.005749979019618678
33.17,-6.773161830315185,4.886592602163302,0.016668663634641808,0.0057631958225174045
33.18,-6.821903249575992,4.828331815680943,0.016590395345613625,0.0057766962951711675
33.19,-6.87005827467042,4.769469418016324,0.016513785390421525,0.005790481133623132
33.2,-6.917620929315027,4.710010104492799,0.016438799245826037,0.005804550936373566
33.21,-6.964585284187399,4.649958639422029,0.016365403934103614,0.005818906203589766
33.22,-7.010945457629343,4.589319855768496,0.016293567929019235,0.00583354733636511
33.230000000000004,-7.056695616345776,4.528098654806324,0.016223261068849887,0.005848474636026646
33.24,-7.101829976099314,4.466300005768444,0.016154454475929197,0.005863688303490917
33.25,-7.146342802400537,4.403928945488119,0.016087120482219497,0.005879188438667499
33.26,-7.1902284111939165,4.340990578032872,0.016021232560451574,0.005894975039909573
33.27,-7.23348116953938,4.277490074330826,0.01595676526040477,0.005911048003512057
33.28,-7.27609549628949,4.213432671789505,0.015893694149930367,0.0059274071232558595
33.29,-7.318065862762204,4.14882367390711,0.015831995760350152,0.005944052089998763
33.3,-7.359386793409184,4.083668449876306,0.01577164753588886,0.005960982491312782
33.31,-7.4000528664796255,4.0179724341805505,0.01571262778682475,0.005978197811167035
33.32,-7.44005871467955,3.9517411261829865,0.01565491564606626,0.005995697429656771
33.33,-7.4793990258265435,3.8849800897079416,0.01559849102888497,0.006013480622777928
33.34,-7.518068543499877,3.8176949526150543,0.015543334595555902,0.006031546562247222
33.35,-7.556062067685974,3.749891406366064,0.015489427716675589,0.0060498943153675135
33.36,-7.593374455419178,3.681575205584299,0.015436752440946357,0.0060685228449384445
33.37,-7.63000062141776,3.6127521676068866,0.015385291465232123,0.006087431009212514
33.38,-7.665935538715133,3.5434281720297296,0.015335028106706543,0.006106617561895755
33.39,-7.701174239286204,3.473609160245276,0.015285946276928865,0.0061260811521937075
33.4,-7.735711814668821,3.4033011349731153,0.015238030457696158,0.006145820324902234
33.410000000000004,-7.769543416580253,3.3325101597834434,0.01519126567853306,0.0061658335205429585
33.42,-7.802664257528661,3.261242358613426,0.015145637495691564,0.006186119075543696
33.43,-7.835069611419483,3.1895039152764952,0.01510113197254396,0.006206675222463344
33.44,-7.866754814156695,3.1173010729646253,0.015057735661261786,0.006227500090261317
33.45,-7.897715264238879,3.044640133743614,0.015015435585682583,0.006248591704611604
33.46,-7.927946423350043,2.971527458041417,0.01497421922527455,0.006269947988261112
33.47,-7.9574438169451405,2.8979694641295652,0.014934074500116716,0.006291566761432285
33.480000000000004,-7.986203034830214,2.8239726275977173,0.014894989756819275,0.006313445742269894
33.49,-8.014219731737121,2.749543480821372,0.014856953755315075,0.006335582547331994
33.5,-8.041489627892778,2.6746886124227958,0.014819955656459155,0.0063579746921246655
33.51,-8.068008509582844,2.5994146667251954,0.014783985010378552,0.006380619591680816
33.52,-8.093772229709824,2.5237283432001876,0.014749031745519574,0.006403514561182422
33.53,-8.118776708345482,2.447636395908602,0.014715086158344198,0.006426656816626362
33.54,-8.14301793327755,2.3711456329346636,0.014682138903631375,0.006450043475533665
33.55,-8.166491960550632,2.2942629158135994,0.014650180985342829,0.0064736715577019145
33.56,-8.189194915001284,2.216995158952714,0.014619203748016327,0.006497537986000764
33.57,-8.211122990787173,2.1393493290459777,0.014589198868652594,0.006521639587209911
33.58,-8.232272451910275,2.0613324444821797,0.014560158349064876,0.0065459730929000185
33.59,-8.252639632734049,1.9829515747466833,0.014532074508662826,0.006570535140355806
33.6,-8.272220938494527,1.9042138398168427,0.01450493997764473,0.006595322273541327
33.61,-8.291012845805264,1.82512640955112,0.014478747690574346,0.006620330944107043
33.62,-8.309011903156076,1.7456965030719578,0.014453490880320548,0.006645557512438395
33.63,-8.326214731405525,1.6659313881424547,0.014429163072339879,0.0066709982487458235
33.64,-8.342618024267082,1.5858383805368943,0.014405758079283702,0.00669664933419566
33.65,-8.358218548788916,1.50542484340518,0.014383269995913227,0.006722506862081699
33.660000000000004,-8.373013145827233,1.424698186631226,0.014361693194307041,0.0067485668390371255
33.67,-8.386998730513147,1.343665866185359,0.014341022319347058,0.0067748251862863925
33.68,-8.400172292712979,1.2623353834707827,0.014321252284469973,0.006801277740936724
33.69,-8.412530897481961,1.1807142846641576,0.014302378267672371,0.006827920257308799
33.7,-8.42407168551128,1.098810160050356,0.014284395707758591,0.00685474840830633
33.71,-8.434791873568393,1.0166306433514392,0.01426730030082139,0.006881757786823958
33.72,-8.444688754930581,0.9341834110499219,0.014251087996946235,0.006908943907193255
33.730000000000004,-8.453759699811672,0.851476181706373,0.014235754997130812,0.006936302206666191
33.74,-8.462002155781871,0.7685167152714144,0.014221297750412061,0.006963828046935622
33.75,-8.469413648180678,0.6853128123921748,0.014207712951193649,0.006991516715692504
33.76,-8.475991780522795,0.6018723137132556,0.01419499753676741,0.007019363428219094
33.77,-8.481734234897003,0.5182030991722703,0.014183148685022826,0.007047363329017741
33.78,-8.486638772357937,0.4343130872900161,0.014172163812339126,0.007075511493474837
33.79,-8.490703233310732,0.3502102344553383,0.014162040571655016,0.007103802929559219
33.8,-8.493925537888456,0.26590253420474824,0.014152776850711556,0.00713223257955452
33.81,-8.496303686322303,0.18139801649685816,0.014144370770464048,0.007160795321824966
33.82,-8.49783575930449,0.09670474698169325,0.014136820683659202,0.0071894859726139414
33.83,-8.49851991834381,0.01183082626494572,0.014130125173574195,0.007218299287874762
33.84,-8.498354406113789,-0.0732156108327666,0.01412428305291458,0.007247229965133052
33.85,-8.497337546793396,-0.15842639602157244,0.014119293362868305,0.0072762726453800405
33.86,-8.495467746400275,-0.243793328292885,0.0141151553723134,0.007305421914996184
33.87,-8.492743493116423,-0.32930817467474066,0.014111868577177175,0.007334672307704427
33.88,-8.489163357606307,-0.4149626709918719,0.014109432699945034,0.0073640183065524206
33.89,-8.48472599332733,-0.5007485226304481,0.01410784768931724,0.007393454345923016
33.9,-8.479430136832644,-0.5866574053074167,0.014107113720012276,0.007422974813572341
33.910000000000004,-8.473274608066225,-0.6726809658443774,0.014107231192715574,0.0074525740526947175
33.92,-8.466258310650213,-0.7588108229459205,0.014108200734172701,0.007482246364013661
33.93,-8.458380232164423,-0.8450385679823602,0.01411002319742626,0.00751198600789834
33.94,-8.449639444418024,-0.9313557657767946,0.01411269966219596,0.007541787206504588
33.95,-8.440035103713328,-1.0177539553964206,0.014116231435401548,0.007571644145939789
33.96,-8.429566451101648,-1.1042246509480345,0.01412062005182846,0.0076015509784507955
33.97,-8.418232812631194,-1.1907593423776464,0.014125867274936265,0.007631501824634067
33.980000000000004,-8.406033599586953,-1.2773494962741359,0.014131975097810114,0.007661490775667418
33.99,-8.39296830872253,-1.3639865566768794,0.014138945744255678,0.0076915118955623125
34.0,-8.379036522483899,-1.4506619458872736,0.014146781670038138,0.0077215592234357875
34.01,-8.364237909225041,-1.5373670652840818,0.014155485564266058,0.007751626775801719
34.02,-8.348572223415411,-1.624093296142533,0.01416506035092108,0.007781708548879974
34.03,-8.332039305839226,-1.7108320004570938,0.014175509190534622,0.007811798520922534
34.04,-8.314639083786515,-1.7975745217678427,0.014186835482012885,0.007841890654556533
34.05,-8.296371571235913,-1.88431218599037,0.014199042864611669,0.007871978899142477
34.06,-8.27723686902915,-1.9710363022491264,0.01421213522006271,0.007902057193146919
34.07,-8.257235165037224,-2.0577381637141463,0.014226116674853352,0.007932119466529098
34.08,-8.236366734318207,-2.1444090484410667,0.014240991602661636,0.007962159643140228
34.09,-8.214631939266651,-2.2310402202143664,0.014256764626949001,0.00799217164313439
34.1,-8.192031229754596,-2.317622929393745,0.014273440623713027,0.0080221493853908
34.11,-8.1685651432641,-2.4041484137635694,0.014291024724402789,0.00805208678994571
34.12,-8.144234305011313,-2.4906078993853,0.014309522318999613,0.008081977780433305
34.13,-8.119039428062024,-2.576992601452827,0.01432893905926623,0.008111816286534944
34.14,-8.092981313438688,-2.6632937251506315,0.014349280862167465,0.008141596246435167
34.15,-8.06606085021889,-2.7495024665146937,0.014370553913465863,0.008171311609284011
34.160000000000004,-8.03827901562521,-2.8356100132960647,0.014392764671495821,0.008200956337664508
34.17,-8.009636875106507,-2.9216075458270288,0.014415919871120014,0.008230524410064183
34.18,-7.980135582410534,-3.007486237889765,0.014440026527872121,0.00826000982334998
34.19,-7.949776379647923,-3.093237257587435,0.014465091942290087,0.008289406595245108
34.2,-7.91856059734748,-3.1788517682176103,0.014491123704444357,0.008318708766807166
34.21,-7.8864896545027845,-3.264320929147958,0.014518129698665791,0.008347910404906565
34.22,-7.853565058610066,-3.3496358966941027,0.014546118108478175,0.008377005604703846
34.230000000000004,-7.819788405697344,-3.4347878249995825,0.014575097421740516,0.008405988492125522
34.24,-7.785161380344814,-3.5197678669178134,0.014605076436004557,0.008434853226336622
34.25,-7.749685755696451,-3.6045671748959784,0.014636064264093201,0.008463594002209687
34.26,-7.713363393462828,-3.6891769018607614,0.014668070339905836,0.008492205052788736
34.27,-7.676196243915128,-3.773588202105836,0.01470110442445681,0.008520680651747273
34.28,-7.638186345870328,-3.857792232181027,0.014735176612153603,0.0085490151158393
34.29,-7.599335826667554,-3.9417801517830626,0.01477029733732157,0.008577202807342336
34.300000000000004,-7.559646902135584,-4.0255431246478235,0.014806477380982407,0.008605238136491571
34.31,-7.519121876551491,-4.109072319444014,0.01484372787789385,0.008633115563903806
34.32,-7.477763142590415,-4.192358910668161,0.01488206032385844,0.00866082960299021
34.33,-7.435573181266453,-4.275394079540859,0.014921486583309542,0.008688374822356919
34.34,-7.392554561864657,-4.35816901490417,0.014962018897183186,0.008715745848192824
34.35,-7.348709941864132,-4.440674914120099,0.015003669891084643,0.00874293736664288
34.36,-7.304042066852233,-4.522902983970054,0.015046452583759095,0.008769944126166048
34.37,-7.258553770429841,-4.604844441555197,0.015090380395876117,0.008796760939877248
34.38,-7.212247974107726,-4.686490515197612,0.015135467159138154,0.008823382687871854
34.39,-7.165127687193986,-4.767832445342192,0.015181727125723613,0.008849804319531748
34.4,-7.117196006672563,-4.848861485459159,0.01522917497807564,0.008876020855812254
34.410000000000004,-7.068456117072822,-4.929568902947134,0.015277825839048152,0.008902027391508686
34.42,-7.0189112903302115,-5.009945980036657,0.015327695282421195,0.008927819097501151
34.43,-6.968564885637987,-5.089984014694089,0.015378799343798209,0.00895339122297727
34.44,-6.917420349290005,-5.169674321525781,0.015431154531898365,0.008978739097631378
34.45,-6.865481214514592,-5.249008232682443,0.015484777840257657,0.00900385813383922
34.46,-6.812751101299487,-5.327977098763617,0.015539686759353088,0.009028743828807148
34.47,-6.759233716207861,-5.406572289722154,0.015595899289164855,0.009053391766694905
34.480000000000004,-6.704932852185426,-5.484785195768631,0.015653433952192146,0.009077797620711273
34.49,-6.649852388358622,-5.562607228275588,0.015712309806938773,0.009101957155180758
34.5,-6.593996289823912,-5.6400298206815185,0.015772546461885664,0.009125866227580949
34.51,-6.537368607428174,-5.717044429394517,0.015834164089967857,0.009149520790550036
34.52,-6.479973477540206,-5.793642534695488,0.015897183443574554,0.009172916893862222
34.53,-6.421815121813357,-5.869815641640836,0.015961625870091485,0.009196050686371183
34.54,-6.362897846939293,-5.945555280964538,0.01602751332800574,0.009218918417920425
34.550000000000004,-6.303226044392905,-6.020853009979518,0.01609486840359411,0.009241516441218827
34.56,-6.24280419016838,-6.095700413478226,0.016163714328216873,0.00926384121368156
34.57,-6.181636844506449,-6.170089104632328,0.01623407499623997,0.009285889299234686
34.58,-6.119728651612819,-6.2440107258914335,0.016305974983609504,0.009307657370082812
34.59,-6.05708433936782,-6.317456949880755,0.016379439567103565,0.009329142208438663
34.6,-5.993708719027268,-6.390419480297611,0.016454494744287507,0.009350340708213762
34.61,-5.929606684914582,-6.462890052806688,0.016531167254199963,0.009371249876669685
34.62,-5.864783214104158,-6.534860435933971,0.016609484598798074,0.009391866836028549
34.63,-5.799243366096032,-6.60632243195925,0.016689475065191754,0.009412188825041802
34.64,-5.732992282481856,-6.677267877807112,0.016771167748698083,0.009432213200517027
34.65,-5.666035186602194,-6.747688645936328,0.016854592576748387,0.009451937438801288
34.660000000000004,-5.598377383195193,-6.817576645227551,0.016939780333681972,0.009471359137220253
34.67,-5.530024258036626,-6.88692382186923,0.01702676268646209,0.009490476015473004
34.68,-5.460981277571351,-6.955722160241647,0.01711557221135128,0.009509285916980754
34.69,-5.391253988536214,-7.023963683799001,0.017206242421584982,0.009527786810189088
34.7,-5.320848017574415,-7.091640455949428,0.017298807796084024,0.009545976789823033
34.71,-5.2497690708413876,-7.158744580932896,0.01739330380924856,0.009563854078093976
34.72,-5.178022933602207,-7.225268204696852,0.017489766961877904,0.00958141702585782
34.730000000000004,-5.105615469820568,-7.291203515769566,0.017588234813262823,0.00959866411372336
34.74,-5.032552621739374,-7.356542746131055,0.01768874601449901,0.009615593953110738
34.75,-4.9588404094529634,-7.42127817208152,0.017791340343072698,0.009632205287258565
34.76,-4.884484930471018,-7.485402115107189,0.017896058738771817,0.00964849699217902
34.77,-4.809492359274195,-7.548906942743496,0.018002943340978586,0.009664468077561134
34.78,-4.733868946861516,-7.6117850694354905,0.01811203752740201,0.00968011768762039
34.79,-4.6576210202895645,-7.6740289573954,0.018223385954311642,0.009695445101894486
34.800000000000004,-4.580754982203536,-7.735631117457262,0.01833703459833681,0.009710449735985095
34.81,-4.503277310360173,-7.796584109928523,0.0184530307998985,0.00972513114224409
34.82,-4.42519455714265,-7.856880545438533,0.018571423308344524,0.009739489010403961
34.83,-4.346513349067449,-7.916513085783838,0.018692262328861727,0.009753523168152213
34.84,-4.267240386283274,-7.975474444770196,0.01881559957124278,0.009767233581648568
34.85,-4.187382442062061,-8.033757389051212,0.018941488300588692,0.009780620355984676
34.86,-4.106946362282136,-8.091354738963531,0.019069983390032224,0.009793683735585717
34.87,-4.025939064903573,-8.14825936935848,0.019201141375571502,0.009806424104553022
34.88,-3.9443675394358233,-8.204464210430084,0.0193350205131075,0.009818841986947904
34.89,-3.86223884639765,-8.259962248539384,0.019471680837783674,0.00983093804701586
34.9,-3.779560116769454,-8.31474652703495,0.01961118422573092,0.009842713089349975
34.910000000000004,-3.6963385514380436,-8.368810147069517,0.019753594458326043,0.009854168058993834
34.92,-3.612581420633907,-8.422146268412668,0.019898977289077434,0.009865304041483353
34.93,-3.5282960633610663,-8.474748110259464,0.020047400513257232,0.009876122262826746
34.94,-3.4434898868195747,-8.526608952034959,0.02019893404040526,0.009886624089422475
34.95,-3.358170365820728,-8.5777221341945,0.020353649969836345,0.009896811027914548
34.96,-3.272345042195067,-8.628081059019749,0.020511622669289253,0.00990668472498473
34.97,-3.1860215241932437,-8.67767919141032,0.02067292885686252,0.009916246967081372
34.980000000000004,-3.099207485879829,-8.726510059670987,0.020837647686389793,0.009925499680084604
34.99,-3.0119106665201443,-8.774567256294356,0.021005860836415185,0.009934444928907434
35.0,-2.9241388699601942,-8.821844438738928,0.021177652602937275,0.009943084917031827
35.01,-2.835899963999794,-8.86833533020249,0.021353109996099184,0.009951421985980192
35.02,-2.747201879758971,-8.91403372039073,0.021532322841011253,0.009959458614721894
35.03,-2.6580526110377325,-8.958933466281033,0.02171538388290253,0.009967197419013677
35.04,-2.568460213669298,-9.003028492881349,0.02190238889680758,0.009974641150674713
35.050000000000004,-2.478432804866886,-9.046312793984082,0.022093436802005838,0.009981792696795062
35.06,-2.3879785625641556,-9.088780432914918,0.022288629781442162,0.009988655078877983
35.07,-2.2971057247494064,-9.130425543276514,0.022488073406369363,0.009995231451915481
35.08,-2.2058225887936413,-9.171242329686983,0.022691876766466102,0.010001525103396735
35.09,-2.1141375107726006,-9.211225068513103,0.022900152605697142,0.010007539452249603
35.1,-2.0220589047828774,-9.250368108598177,0.02311301746419707,0.010013278047714194
35.11,-1.9295952422522347,-9.288665871984472,0.023330591826473727,0.010018744568149097
35.12,-1.8367550512442368,-9.326112854630173,0.023553000276243463,0.010023942819769652
35.13,-1.7435469157573247,-9.362703627120787,0.023780371658227162,0.010028876735318134
35.14,-1.6499794750184584,-9.398432835374928,0.024012839247253854,0.010033550372665529
35.15,-1.556061422771459,-9.433295201344412,0.024250540925037492,0.010037967913344801
35.160000000000004,-1.4618015065601861,-9.46728552370861,0.024493619365012497,0.010042133661015718
35.17,-1.367208527006691,-9.500398678562982,0.02474222222563472,0.010046052039860734
35.18,-1.2722913370844913,-9.532629620101758,0.024996502352576905,0.0100497275929117
35.19,-1.1770588413871168,-9.56397338129466,0.0252566179902713,0.010053164980307734
35.2,-1.0815199953920815,-9.594425074557657,0.025522733003277263,0.010056368977483824
35.21,-0.9856838047204437,-9.623979892417662,0.025795017107978137,0.010059344473289853
35.22,-0.8895593243921198,-9.652633108171129,0.026073646115139924,0.010062096468040205
35.230000000000004,-0.7931556580771261,-9.680380076536494,0.026358802183894012,0.010064630071493849
35.24,-0.6964819573429255,-9.70721623430041,0.026650674087737847,0.010066950500764532
35.25,-0.5995474208980668,-9.73313710095771,0.026949457493180985,0.010069063078161255
35.26,-0.5023612938323073,-9.758138279345088,0.02725535525169937,0.010070973228959019
35.27,-0.4049328668534203,-9.782215456268396,0.02756857770569849,0.010072686479099268
35.28,-0.30727147552089346,-9.805364403123564,0.027889343009225853,0.010074208452820456
35.29,-0.20938649947673496,-9.827580976511063,0.028217877464215783,0.010075544870218648
35.300000000000004,-0.11128736167361043,-9.848861118843898,0.028554415873094294,0.010076701544737813
35.31,-0.012983527600544387,-9.869200858949064,0.028899201908619717,0.010077684380590141
35.32,0.08551549549357204,-9.888596312662465,0.029252488501885228,0.010078499370105949
35.33,0.1842001593784145,-9.907043683417214,0.02961453824946328,0.010079152591013583
35.34,0.2830608756223373,-9.92453926282534,0.029985623840728982,0.010079650203649274
35.35,0.3820880163738906,-9.941079431252817,0.030366028506460075,0.010079998448096624
35.36,0.4812719151444573,-9.956660658387936,0.030756046489875493,0.010080203641256204
35.37,0.5806028675917121,-9.97127950380296,0.031155983541342937,0.010080272173845209
35.38,0.6800711323035934,-9.98493261750907,0.031566157438058455,0.010080210507327256
35.39,0.7796669315824631,-9.99761674050457,0.03198689853007821,0.010080025170772399
35.4,0.8793804522291166,-10.009328705316335,0.032418550314164726,0.010079722757647775
35.410000000000004,0.9792018463262897,-10.020065436534502,0.03286147003699695,0.010079309922539012
35.42,1.0791212320212926,-10.029823951340395,0.03331602932938623,0.01007879337780258
35.43,1.1791286943073855,-10.038601360027675,0.03378261487323887,0.010078179890149608
35.44,1.2792142858034903,-10.046394866516719,0.03426162910311064,0.01007747627716147
35.45,1.3793680275318152,-10.053201768862236,0.03475349094431001,0.010076689403737705
35.46,1.4795799096929505,-10.059019459754127,0.03525863658962568,0.010075826178476945
35.47,1.579839892437969,-10.063845427011607,0.035777520316879634,0.010074893549991278
35.480000000000004,1.6801379066370448,-10.067677254070595,0.03631061534964158,0.010073898503155139
35.49,1.7804638546440785,-10.070512620464418,0.036858414763582995,0.010072848055289633
35.5,1.8808076110567957,-10.072349302297832,0.03742143244110131,0.010071749252283243
35.51,1.9811590234717504,-10.073185172714421,0.038000204077006154,0.010070609164650447
35.52,2.0815079132336476,-10.073018202357394,0.038595288238231946,0.010069434883529437
35.53,2.1818440761783577,-10.071846459823842,0.03920726748072437,0.01006823351662113
35.54,2.282157283368977,-10.06966811211249,0.039836749526843296,0.010067012184071064
35.550000000000004,2.382437281824237,-10.066481425065028,0.04048436850683279,0.010065778014296338
35.56,2.4826737952385485,-10.062284763801062,0.041150786268129805,0.01006453813976103
35.57,2.582856524692912,-10.057076593146785,0.041836693756519265,0.010063299692702192
35.58,2.6829751493558964,-10.050855478057438,0.04254281247339406,0.01006206980081044
35.59,2.7830193271738417,-10.04362008403364,0.04326989601364613,0.010060855582869151
35.6,2.8829786955493892,-10.035369177531715,0.04401873168899974,0.010059664144356273
35.61,2.982842872007406,-10.026101626368106,0.044790142241901816,0.010058502573014563
35.62,3.08260145484731,-10.015816400117998,0.04558498765540761,0.010057377934395834
35.63,3.1822440237807488,-10.004512570508282,0.046404167064844924,0.010056297267386077
35.64,3.2817601405535317,-9.992189311805003,0.0472486207774076,0.010055267579719055
35.65,3.3811393495506445,-9.978845901195436,0.048119332406220544,0.010054295843487033
35.660000000000004,3.4803711783831184,-9.96448171916497,0.04901733112583607,0.010053388990658677
35.67,3.579445138455448,-9.94909624986896,0.0499436940565663,0.010052553908615411
35.68,3.678350725512187,-9.932689081499747,0.050899548785530595,0.010051797435718877
35.69,3.7770774201622555,-9.915259906649057,0.05188607603280264,0.010051126356923939
35.7,3.875614688379434,-9.89680852266599,0.052904512471580636,0.010050547399453737
35.71,3.9739519819773967,-9.877334832010849,0.053956153711878715,0.010050067228555627
35.72,4.072078739057573,-9.856838842605038,0.05504235745785,0.010049692443358264
35.730000000000004,4.169984384427998,-9.83532066817735,0.056164546849504705,0.010049429572854268
35.74,4.26765832999123,-9.812780528606881,0.05732421400028258,0.010049285072035497
35.75,4.3650899750992656,-9.789218750262933,0.05852292374268094,0.010049265318210921
35.76,4.462268706873303,-9.764635766342197,0.05976231759493032,0.010049376607541172
35.77,4.559183900486023,-9.739032117203617,0.06104411796255266,0.010049625151829023
35.78,4.655824919403964,-9.712408450701282,0.06237013258953553,0.010050017075610169
35.79,4.752181115587395,-9.684765522515777,0.06374225927481329,0.0100505584135923
35.800000000000004,4.84824182964493,-9.65610419648441,0.06516249087076649,0.010051255108499198
35.81,4.943996390939976,-9.626425444930808,0.06663292058153833,0.010052113009383287
35.82,5.039434117645913,-9.59573034899434,0.06815574758012544,0.01005313787047601
35.83,5.134544316746727,-9.56402009895994,0.06973328296443446,0.010054335350657048
35.84,5.229316283979587,-9.53129599458885,0.07136795607381081,0.010055711013633555
35.85,5.323739303715695,-9.497559445450921,0.07306232118894607,0.01005727032892899
35.86,5.417802648775432,-9.46281197125909,0.07481906463956156,0.010059018673797599
35.87,5.511495580173652,-9.427055202206724,0.0766410123458532,0.010060961336193414
35.88,5.6048073467906665,-9.390290879308559,0.07853113782137217,0.010063103518938967
35.89,5.6977271849641955,-9.352520854746006,0.08049257066681431,0.010065450345258376
35.9,5.790244317997285,-9.313747092217644,0.08252860558610406,0.010068006865858112
35.910000000000004,5.8823479555768365,-9.273971667295793,0.08464271195819346,0.010070778067764916
35.92,5.9740272930971035,-9.233196767790078,0.08683854400016018,0.010073768885154407
35.93,6.065271510882111,-9.19142469411901,0.0891199515594881,0.010076984212433842
35.94,6.156069773300602,-9.148657859690614,0.09149099157585744,0.010080428919877165
35.95,6.246411227766697,-9.104898791293245,0.09395594025536648,0.010084107872145826
35.96,6.336285003619026,-9.060150129497801,0.09651930600286206,0.010088025950073123
35.97,6.425680210870627,-9.014414629072592,0.09918584316097986,0.01009218807613509
35.980000000000004,6.514585938821423,-8.967695159412237,0.10196056660759654,0.010096599244086577
35.99,6.602991254524574,-8.919994704982031,0.1048487672666826,0.01010126455330018
36.0,6.690885201097439,-8.871316365779327,0.10785602859102798,0.010106189248412594
36.01,6.778256795867291,-8.821663357813563,0.11098824407899906,0.010111378764961215
36.02,6.865095028341333,-8.77103901360668,0.11425163589138691,0.010116838781777538
36.03,6.951388857989862,-8.719446782715796,0.11765277463853108,0.010122575281001012
36.04,7.037127211830747,-8.666890232280087,0.12119860041225919,0.010128594616686519
36.050000000000004,7.122298981802638,-8.613373047594004,0.12489644514178128,0.010134903593099128
36.06,7.20689302191352,-8.558899032709032,0.12875405635752502,0.010141509553928044
36.07,7.290898145150386,-8.503472111066388,0.1327796224520048,0.010148420483807413
36.08,7.374303120134928,-8.447096326163171,0.13698179953218906,0.010155645123702067
36.09,7.457096667509158,-8.389775842254663,0.14136973996347527,0.010163193101914405
36.1,7.539267456033919,-8.331514945095638,0.14595312271130473,0.010171075082688575
36.11,7.620804098382139,-8.272318042723722,0.1507421855926543,0.010179302934632942
36.12,7.701695146607593,-8.212189666288033,0.15574775955613374,0.01018788992146001
36.13,7.781929087268725,-8.15113447092655,0.16098130511619357,0.010196850917854028
36.14,7.861494336185839,-8.089157236695867,0.16645495107401032,0.010206202653627986
36.15,7.940379232808645,-8.026262869557206,0.1721815356649569,0.01021596398972083
36.160000000000004,8.018572034169747,-7.962456402422858,0.17817465028018012,0.01022615623002871
36.17,8.09606090839818,-7.897742996267403,0.18444868591768085,0.010236803473556454
36.18,8.17283392776557,-7.832127941308404,0.19101888252641006,0.010247933011926714
36.19,8.248879061235852,-7.765616658261544,0.1979013814152336,0.010259575777907209
36.2,8.324184166487766,-7.698214699675443,0.20511328090715186,0.0102717668513059
36.21,8.398736981377574,-7.629927751351798,0.2126726954278504,0.01028454602935965
36.22,8.472525114807551,-7.5607616338567505,0.2205988182264626,0.010297958469608815
36.230000000000004,8.545536036963847,-7.490722304129818,0.22891198793528883,0.010312055414214517
36.24,8.617757068885265,-7.41981585719708,0.23763375918407423,0.010326895005754375
36.25,8.68917537132237,-7.348048527995724,0.24678697749322182,0.010342543205732599
36.26,8.759777932844157,-7.2754266933174945,0.2563958586789143,0.010359074828373687
36.27,8.829551557147138,-7.201956873879037,0.2664860730114294,0.010376574703754806
36.28,8.898482849519443,-7.12764573652761,0.27708483437582926,0.010395138985976963
36.29,8.96655820241,-7.0525000965911415,0.28822099469153545,0.010414876623895314
36.300000000000004,9.03376378005039,-6.976526920382138,0.2999251438538924,0.010435911013946636
36.31,9.100085502074403,-6.89973332786551,0.31222971546647155,0.010458381856832687
36.32,9.165509026077746,-6.822126595500961,0.325169098637343,0.010482447242264627
36.33,9.23001972905763,-6.743714159271197,0.3387797561155725,0.010508285988660498
36.34,9.293602687669416,-6.66450361790785,0.353100349045483,0.010536100267627604
36.35,9.356242657234771,-6.58450273632769,0.3681718686154007,0.0105661185462709
36.36,9.417924049433188,-6.503719449292365,0.38403777487428353,0.010598598883859167
36.37,9.478630908606158,-6.422161865305665,0.4007441429833547,0.01063383262316064
36.38,9.5383468866008,-6.339838270763024,0.4183398171601187,0.01067214852083439
36.39,9.59705521607738,-6.256757134368766,0.4368765725583401,0.010713917365634226
36.4,9.65473868220298,-6.172927111837403,0.4564092853090621,0.010759557137838115
36.410000000000004,9.711379592651623,-6.088357050896086,0.47699611092379557,0.010809538768244734
36.42,9.766959745829407,-6.003055996606192,0.4986986712307931,0.010864392560246166
36.43,9.821460397241953,-5.917033197022852,0.5215822499779129,0.01092471534385039
36.44,9.87486222392045,-5.830298109212116,0.545715997189945,0.01099117843602736
36.45,9.927145286822253,-5.742860405646321,0.5711731423132683,0.011064536487296146
36.46,9.978288991122119,-5.654729980999125,0.5980312161150666,0.01114563729994709
36.47,10.028272044311162,-5.565916959362517,0.6263722812266437,0.011235432708548437
36.480000000000004,10.07707241202232,-5.476431701909028,0.6562831711291017,0.01133499061822906
36.49,10.124667271503933,-5.386284815023158,0.6878557372730802,0.011445508300413281
36.5,10.171032962666967,-5.295487158926907,0.7211871039005389,0.011568327048907381
36.51,10.216144936636669,-5.204049856825008,0.7563799299936877,0.011704948301123553
36.52,10.259977701746262,-5.111984304596227,0.7935426776119234,0.011857051329313858
36.53,10.302504766918867,-5.019302181057692,0.832789885689658,0.012026512604426089
36.54,10.343698582394412,-4.926015458829771,0.8742424481536963,0.012215426929909172
36.550000000000004,10.383530477771208,-4.832136415829441,0.9180278949756147,0.012426130433693925
36.56,10.421970597347306,-4.737677647420381,0.9642806744995691,0.01266122549271926
36.57,10.458987832765162,-4.642652079248118,1.013142435076113,0.012923607644656528
36.58,10.494549752984836,-4.547072980788506,1.0647623036848146,0.013216494514625983
36.59,10.52862253163628,-4.450953979637454,1.119297158839554,0.013543456749223484
36.6,10.561170871830766,-4.354309076569263,1.1769118946370987,0.013908450904395185
36.61,10.592157928545525,-4.257152661390004,1.2377796723287433,0.014315854175713044
36.62,10.621545228734718,-4.159499529611083,1.3020821552633168,0.014770500787287692
36.63,10.649292589364538,-4.061364899966451,1.3700097224648642,0.015277719766569539
36.64,10.675358033620967,-3.9627644327947187,1.4417616554672061,0.01584337372409652
36.65,10.699697705596128,-3.863714249304737,1.5175462923282959,0.01647389812714934
36.660000000000004,10.722265783823893,-3.7642309517398274,1.5975811419883865,0.017176340401468936
36.67,10.743014394107902,-3.664331644451832,1.6820929513169243,0.017958398012850894
36.68,10.761893522166167,-3.5640339558913423,1.7713177163143514,0.018828454467835334
36.69,10.778850926706413,-3.4633560615147743,1.8655006279985915,0.01979561192740268
36.7,10.793832053645938,-3.362316707602336,1.9648959425156416,0.0208697188475856
36.71,10.806779952299372,-3.2609352359732275,2.069766763975285,0.022061390745003677
36.72,10.817635194477969,-3.159231609575554,2.1803847274349444,0.023382021833421567
36.730000000000004,10.82633579757498,-3.0572264389183013,2.2970295683487185,0.02484378489097202
36.74,10.83281715285379,-2.9549410093011845,2.4199885636799023,0.026459616300195422
36.75,10.837011960308498,-2.8523973087851804,2.54955582876331,0.028243182760757362
36.76,10.838850171630627,-2.7496180568318898,2.6860314529228955,0.030208825717248554
36.77,10.838258942989908,-2.6466267335235414,2.82972045583047,0.03237147908572357
36.78,10.835162599521002,-2.543447609257247,2.9809315456690695,0.03474655542159169
36.79,10.82948261360023,-2.4401057747870163,3.1399756593828956,0.03734979527317832
36.800000000000004,10.821137599195373,-2.3366271714649387,3.3071642647056145,0.04019707414179087
36.81,10.810043324774957,-2.2330386215087663,3.482807403319149,0.043304161260373904
36.82,10.796112747468529,-2.1293678580968742,3.6672114544734886,0.04668642435735219
36.83,10.779256071372421,-2.0256435550632195,3.86067659877094,0.05035847474759573
36.84,10.75938083309228,-1.921895355934489,4.063493962670757,0.05433374755517104
36.85,10.736392017798694,-1.8181539020192379,4.275942425695816,0.058624012697606566
36.86,10.71019220923948,-1.7144508592245846,4.498285074422904,0.06323881353056413
36.87,10.680681777294241,-1.610818943240172,4.730765290219221,0.06818483185099444
36.88,10.647759106765339,-1.5072919426919207,4.973602461460707,0.07346518037203137
36.89,10.611320871164853,-1.4039047398299545,5.226987315744238,0.07907862689423358
36.9,10.571262355269035,-1.3006933282764663,5.4910768734938635,0.08501875827196281
36.910000000000004,10.527477830158286,-1.197694827320798,5.765989031460977,0.0912730969538258
36.92,10.479860984329592,-1.094947492211344,6.051796793014793,0.09782218836973322
36.93,10.428305414245989,-0.992490719857925,6.348522171875681,0.10463868370197227
36.94,10.372705177360555,-0.8903650493249518,6.65612980709175,0.11168644950593544
36.95,10.31295541020653,-0.7886121564661921,6.974520339589582,0.11891974304781229
36.96,10.248953013567029,-0.687274842027483,7.303523614482229,0.12628249981342074
36.97,10.180597406014824,-0.5863970125257196,7.642891788367285,0.13370778701407032
36.980000000000004,10.107791346233903,-0.4860236532024136,7.99229243689546,0.1411174835501302
36.99,10.03044182349123,-0.38620079234966675,8.351301774649764,0.14842225214573435
37.0,9.948461014414507,-0.2869754563172484,8.719398116464822,0.15552187247924928
37.01,9.861767302848506,-0.18839561453331927,9.095955726248752,0.16230600425275457
37.02,9.770286358013683,-0.09051011390993188,9.480239215552038,0.1686554453676329
37.03,9.673952264487077,0.006631397940610018,9.871398668857246,0.17444394180945996
37.04,9.572708695685781,0.10297856117963253,10.26846568503842,0.17954059169112022
37.050000000000004,9.466510120584536,0.19848040431536235,10.67035053377191,0.1838128655478184
37.06,9.355323031377612,0.29308545717269696,11.075840630921961,0.18713023812019208
37.07,9.239127177747092,0.38674187642391056,11.483600537096148,0.1893683936366744
37.08,9.117916791380692,0.47939758369138624,11.892173677704527,0.19041392770744914
37.09,8.99170178245755,0.5710004160600174,12.299985970066862,0.19016942572792284
37.1,8.860508888063205,0.6614982886446317,12.705351522629558,0.18855875225004765
37.11,8.724382750985678,0.7508393686487009,13.106480542612106,0.18553234094784876
37.12,8.583386906167398,0.83897226012757,13.501489551106786,0.18107223408657452
37.13,8.437604651328593,0.9258461984362034,13.888413958851045,0.17519658782349995
37.14,8.28713977801985,1.0114112531025834,14.265223002030663,0.1679633394918762
37.15,8.13211713968141,1.0956185376288028,14.62983697645988,0.15947272940228113
37.160000000000004,7.972683034249221,1.1784204244886967,14.980146641714805,0.14986838623207469
37.17,7.809005380501319,1.259770763370248,15.314034596151716,0.13933672430576077
37.18,7.641273669710102,1.3396251005100865,15.629398351568279,0.12810446399805123
37.19,7.469698677257868,1.4179408967934408,15.924174765308898,0.11643417215711413
37.2,7.294511922657396,1.494677742153043,16.19636542091971,0.10461782464364028
37.21,7.115964870837141,1.5697975637014583,16.444062489231335,0.09296851228568564
37.22,6.934327872510808,1.643264824979114,16.665474553190638,0.08181053709062142
37.230000000000004,6.7498888468309834,1.7150467136998664,16.85895184488543,0.07146826808373138
37.24,6.562951715175458,1.7851133154308378,17.023010324623822,0.062254235360643194
37.25,6.373834600658564,1.8534377707554404,17.156354031671786,0.05445702655722653
37.26,6.182867813607445,1.9199964136380818,17.257895155585206,0.04832960275280904
37.27,5.990391648595606,1.9847688889341943,17.32677131636556,0.0440786637979518
37.28,5.796754023485369,2.047738247266094,17.36235960030553,0.04185566227650585
37.29,5.6023079951104515,2.1088910158079868,17.364286974749277,0.04174999062894832
37.300000000000004,5.407409189564204,2.1682172438846283,17.332436796484956,0.04378475128346342
37.31,5.21241318741306,2.2257105226786282,17.266951231679386,0.047915372729707334
37.32,5.017672905431197,2.281367978750887,17.16822951604876,0.054031166313479435
37.33,4.823536016597776,2.335190241496123,17.03692209778487,0.06195974229116384
37.34,4.630342449105599,2.3871813850694847,16.873920817892362,0.07147403338177513
37.35,4.4384220030399,2.4373488457196517,16.680345388405886,0.08230152314087212
37.36,4.248092120283522,2.4857033158379327,16.45752652417959,0.09413515647153806
37.37,4.059655839214896,2.5322586163721414,16.20698616491686,0.10664532894880138
37.38,3.8733999610460645,2.5770315495502176,15.930415287979702,0.11949231503646954
37.39,3.6895934493812406,2.6200417341052313,15.629649857365065,0.13233850330635188
37.4,3.5084860789583776,2.661311425385913,15.306645479144567,0.1448598561089599
37.410000000000004,3.3303073437671777,2.70086532287259,14.963451338718194,0.1567560951564
37.42,3.155265629011726,2.738730367696727,14.602183981448235,0.16775922411476782
37.43,2.9835476458849106,2.774935532784428,14.225001467442366,0.17764012418525346
37.44,2.8153181230037667,2.809511608213162,13.834078385914042,0.18621308817914656
37.45,2.65071974375149,2.842490984291105,13.431582157587998,0.19333828294810354
37.46,2.4898733147840186,2.8739074347453366,13.019650988216455,0.19892224099427339
37.47,2.3328781476553364,2.9037959022452533,12.600373765665264,0.20291657355750933
37.480000000000004,2.179812632932675,2.9321922882978146,12.175772120341282,0.20531516573194789
37.49,2.0307349843170277,2.959133249338962,11.747784796822515,0.20615015781879592
37.5,1.8856841291355235,2.9846560006177927,11.318254415906651,0.2054870368870123
37.51,1.744680721087103,3.0087981292337513,10.88891664294727,0.20341916078485697
37.52,1.6077282512405502,3.0315974174485016,10.461391721848269,0.20006201721014916
37.53,1.4748142339300443,3.053091677158973,10.037178285491002,0.19554748717110038
37.54,1.3459114452856564,3.0733185961911946,9.617649313261206,0.19001833972222076
37.550000000000004,1.2209791935884864,3.0923155968599976,9.204050074885354,0.18362313751713732
37.56,1.0999646023665057,3.1101197070407016,8.797497876777129,0.17651168426797265
37.57,0.9828038890652573,3.1267674438178217,8.39898341203789,0.16883109874426883
37.58,0.8694236241610926,3.1422947096142466,8.009373507432697,0.16072255781748712
37.59,0.759741957665298,3.1567367005630675,7.629415059206118,0.15231871481829432
37.6,0.653669802036159,3.170127826763489,7.259739953553592,0.14374176996591584
37.61,0.5511119625233671,3.1825016439617198,6.900870775938172,0.13510214708243243
37.62,0.4519682078756374,3.1938907961165985,6.553227125269238,0.12649771496549528
37.63,0.35613427611791526,3.2043269682468853,6.217132363322787,0.11801348205413649
37.64,0.2635028117278084,3.213840848911189,5.8928206458454815,0.10972168855228961
37.65,0.17396423199852412,3.2224621016409123,5.580444098807508,0.10168222002694707
37.660000000000004,0.08740752166112473,3.2302193446296537,5.280080020619669,0.09394326970220133
37.67,0.003720955951635893,3.2371401379775406,4.991738008284462,0.08654218230068449
37.68,-0.07720724674751574,3.243250977794286,4.715366921992083,0.07950641950529401
37.69,-0.15548834077940543,3.248577296478715,4.45086161828301,0.07285459521093637
37.7,-0.231232535053317,3.25314346851357,4.198069396351926,0.06659753712401527
37.71,-0.30454853781584956,3.256972821141134,3.956796115215694,0.060739339493623055
37.72,-0.3755431609450395,3.2600876493162967,3.726811951230673,0.055278379492810004
37.730000000000004,-0.44432098010203624,3.2625092343679665,3.507856775797576,0.05020827678961543
37.74,-0.5109840469136993,3.2642578658361643,3.299645142055775,0.04551878202634119
37.75,-0.5756316492815898,3.2653528659898337,3.1018708769978987,0.041196585206476136
37.76,-0.6383601159052587,3.265812616568574,2.91421128180953,0.037226039373246235
37.77,-0.6992626611584001,3.2656545873295517,2.736330948454471,0.033589798494713365
37.78,-0.7584292665543009,3.264895366018199,2.5678852046904383,0.030269371218097908
37.79,-0.8159465951720886,3.2635506894175683,2.408523202925088,0.027245594207489385
37.800000000000004,-0.8718979355787431,3.2616354751660497,2.2578906707202226,0.02449903022887373
37.81,-0.9263631719659301,3.2591638540663115,2.1156323424322663,0.022010297089897643
37.82,-0.9794187774187878,3.25614920263963,1.9813940925436302,0.019760334070575276
37.83,-1.031137827440175,3.252604175709117,1.8548247917892595,0.01773061267967714
37.84,-1.0815900310638356,3.248540738822656,1.7355779073042248,0.01590329851530919
37.85,-1.130841777099554,3.243970200351641,1.623312867791632,0.014261370762792278
37.86,-1.1789561932595376,3.2389032431248115,1.5176962142065178,0.0127887054839775
37.87,-1.2259932161154776,3.233349955477749,1.4184025557330937,0.011470128385554168
37.88,-1.272009670028143,3.2273198616178966,1.3251153499537147,0.01029144223680405
37.89,-1.317059353374538,3.2208219512224496,1.237527525114411,0.009239433568762832
37.9,-1.3611931305706635,3.213864708202181,1.1553419613226588,0.008301862749075368
37.910000000000004,-1.4044590285501397,3.206456138578359,1.0782718464006658,0.007467441006298817
37.92,-1.446902336510079,3.1986037974324444,1.0060409209883454,0.006725797485451546
37.93,-1.4885657078755559,3.1903148148993585,0.9383836263657124,0.006067438960683787
37.94,-1.5294892635629407,3.181595921184917,0.8750451673615608,0.005483704415365052
37.95,-1.569710695740506,3.172453470596563,0.8157815016469527,0.004966716326504979
37.96,-1.6092653713924687,3.162893464584018,0.7603592656879771,0.0045093301592742515
37.97,-1.6481864350904658,3.152921573792885,0.7085556466593396,0.004105083287164688
37.980000000000004,-1.6865049104649044,3.14254315913978,0.6601582087032194,0.0037481443017935235
37.99,-1.7242497999482327,3.1317632919222413,0.6149646810591775,0.0034332634606966195
38.0,-1.7614481824335528,3.1205867729806336,0.5727827147918823,0.0031557248385114273
38.01,-1.7981253085556983,3.1090181509325214,0.5334296141039603,0.002911300593426292
38.02,-1.834304693358543,3.0970617395026885,0.4967320475403484,0.0026962076333756817
38.03,-1.870008206162446,3.0847216339741244,0.4625257437663624,0.002507066862007459
38.04,-1.9052561574899287,3.072001726786987,0.43065517603199543,0.002340865099932952
38.050000000000004,-1.9400673829464514,3.0589057223138307,0.40097323891702924,0.0021949197094118197
38.06,-1.974459323987002,3.045437150840308,0.37334092048244866,0.0020668458978873685
38.07,-2.0084481055286125,3.0315993817811377,0.34762697253030256,0.001954526635395946
38.08,-2.042048610394295,3.017395636161488,0.3237075812934092,0.0018560850908043566
38.09,-2.075274550595672,3.0028289983939884,0.30146604053501946,0.0017698594703046853
38.1,-2.1081385354801254,2.987902427381499,0.2807924287336425,0.0016943801270697155
38.11,-2.1406521367839493,2.9726187669754736,0.2615832917567191,0.0016283488021124025
38.12,-2.172825950646107,2.9569807558193344,0.24374133218583255,0.0015706198520589396
38.13,-2.2046696566480133,2.940991036605737,0.2271751062429613,0.001520183318772141
38.14,-2.236192073953588,2.9246521647759485,0.2117987290793355,0.001476149697738262
38.15,-2.2674012146308806,2.9079666166888534,0.19753158902336437,0.0014377362661800734
38.160000000000004,-2.298304334242052,2.890936797286307,0.1842980712396252,0.001404254837424654
38.17,-2.3289079797926577,2.8735650472807155,0.17202729112497694,0.0013751008146774487
38.18,-2.359218035134106,2.8558536498898563,0.16065283765858207,0.001349743424667855
38.19,-2.389239763915122,2.8378048371430467,0.15011252682824,0.001327717019338801
38.2,-2.4189778501790715,2.8194207957818516,0.14034816517435894,0.0013086133416204168
38.21,-2.448436436704296,2.800703672777599,0.1313053234236613,0.0012920746591760924
38.22,-2.4776191611842413,2.781655580487042,0.1229331201260101,0.0012777876776994823
38.230000000000004,-2.5065291903432567,2.76227860146659,0.11518401515836159,0.0012654781527717625
38.24,-2.5351692520825595,2.7425747929646085,0.10801361291870754,0.001254906126386871
38.25,-2.563541665749116,2.722546191110402,0.10138047499899508,0.0012458617209694439
38.26,-2.5916483706181093,2.7021948148176045,0.09524594209852374,0.0012381614300152226
38.27,-2.6194909526773413,2.681522669418842,0.08957396491742955,0.0012316448503616791
38.28,-2.647070669799392,2.6605317500476975,0.08433094375287044,0.0012261718065432045
38.29,-2.674388475384669,2.6392240447831923,0.07948557650779331,0.0012216198227058606
38.300000000000004,-2.701445040555679,2.61760153757121,0.0750087148131297,0.0012178819021631652
38.31,-2.728240774979981,2.595666210936527,0.07087322795843104,0.0012148645788825835
38.32,-2.7547758463963277,2.5734200484983876,0.06705387432287185,0.001212486209022974
38.33,-2.7810501989155574,2.5508650373018447,0.06352717999782487,0.0012106754741178923
38.34,-2.80706357016483,2.528003169976418,0.06027132429349337,0.0012093700706407732
38.35,-2.832815507340846,2.504836446732975,0.057266031825067454,0.0012085155635210166
38.36,-2.858305382234776,2.4813668772091124,0.05449247087827553,0.001208064383726968
38.37,-2.883532405288748,2.457596482172723,0.051933157759792396,0.001207974952316534
38.38,-2.908495638740929,2.4335272950928797,0.04957186684452793,0.0012082109154008941
38.39,-2.9331940089134667,2.4091613635866094,0.047393546039170974,0.0012087404762929088
38.4,-2.9576263176948965,2.384500750749638,0.045384237389339346,0.0012095358127394026
38.410000000000004,-2.9817912532659867,2.359547536378682,0.04353100256614748,0.0012105725685839933
38.42,-3.005687400115494,2.334303818092413,0.04182185297682484,0.0012118294104928903
38.43,-3.0293132483898426,2.308771712357779,0.040245684253094695,0.0012132876415158786
38.44,-3.0526672026184034,2.2829533554279444,0.03879221488026125,0.0012149308642631824
38.45,-3.075747589853775,2.2568509041977296,0.037451928739274595,0.0012167446873705301
38.46,-3.0985526672643036,2.230466536982048,0.03621602134337898,0.0012187164697113407
38.47,-3.1210806292139863,2.2038024542224943,0.03507634956024306,0.0012208350975082332
38.480000000000004,-3.1433296138629143,2.1768608791269033,0.03402538461967141,0.0012230907901064555
38.49,-3.1652977093195003,2.1496440582463854,0.03305616821606354,0.001225474930707959
38.5,-3.1869829593739207,2.1221542619940545,0.03216227152368583,0.0012279799188359502
38.51,-3.2083833688404586,2.0943937851093795,0.03133775695152432,0.0012305990417126834
38.52,-3.229496908534792,2.066364947071839,0.030577142472969346,0.0012333263620953481
38.53,-3.250321519910695,2.0380700924673016,0.029875368373828436,0.0012361566204312717
38.54,-3.270855119379129,2.0095115913103383,0.029227766270156823,0.0012390851494706286
38.550000000000004,-3.2910956023312865,1.9806918393254411,0.02863003025512505,0.0012421077997170347
38.56,-3.311040846885811,1.9516132581899317,0.028078190041602558,0.0012452208743069762
38.57,-3.3306887173791386,1.9222782957411473,0.027568585974319812,0.0012484210720933404
38.58,-3.3500370676167135,1.8926894261503138,0.02709784579237688,0.0012517054378688882
38.59,-3.369083743901691,1.862849150065349,0.026662863029492518,0.0012550713188048653
38.6,-3.387826587856668,1.8327599947246818,0.026260776945735972,0.0012585163263015295
38.61,-3.4062634390529674,1.8024245140440294,0.02588895389055601,0.0012620383025531109
38.62,-3.4243921374610578,1.7718452886779341,0.02554497000272231,0.0012656352912215549
38.63,-3.4422105257347773,1.7410249260577366,0.02522659515832732,0.0012693055116929906
38.64,-3.459716451341197,1.7099660604075422,0.024931778083268415,0.0012730473364602755
38.65,-3.476907768547159,1.6786713527396249,0.024658632551646062,0.0012768592712350494
38.660000000000004,-3.4937823402727743,1.6471434908306108,0.02440542459628153,0.0012807399374446277
38.67,-3.5103380398214674,1.6153851891796864,0.024170560662083784,0.001284688056814562
38.68,-3.5265727524954937,1.5833991889499845,0.023952576637288194,0.001288702437776722
38.69,-3.542484377105237,1.5511882578942207,0.023750127701656663,0.0012927819634766997
38.7,-3.5580708273800155,1.5187551902655707,0.023561978934578502,0.0012969255811838608
38.71,-3.573330033287587,1.4861028067147117,0.023386996629651498,0.0013011322929328457
38.72,-3.5882599422690213,1.4532339541738757,0.02322414026576183,0.0013054011472474216
38.730000000000004,-3.602858520395155,1.4201515057287084,0.02307245508792775,0.0013097312318167814
38.74,-3.6171237534503753,1.3868583604786635,0.02293106525423357,0.0013141216670109956
38.75,-3.631053647949088,1.35335744338661,0.022799167508065554,0.0013185716001367287
38.76,-3.6446462320898134,1.319651705118279,0.022676025337577954,0.00132308020034684
38.77,-3.6578995566515164,1.2857441218721322,0.02256096358687305,0.001327646654128302
38.78,-3.6708116958364143,1.2516376952001873,0.022453363485782002,0.0013322701613023365
38.79,-3.6833807480632164,1.2173354518203017,0.022352658067390428,0.0013369499314788544
38.800000000000004,-3.695604836714437,1.1828404434203699,0.022258327944571558,0.0013416851809142955
38.81,-3.7074821108411604,1.1481557464548664,0.022169897418777472,0.0013464751297282843
38.82,-3.719010745828378,1.1132844619341247,0.022086930896202235,0.0013513189994398189
38.83,-3.7301889440237876,1.0782297152067204,0.02200902958817616,0.0013562160107884037
38.84,-3.7410149353327147,1.0429946557352956,0.021935828474284505,0.0013611653818097276
38.85,-3.7514869777816258,1.0075824568661387,0.021866993508232492,0.0013661663261388664
38.86,-3.7616033580524975,0.9719963155928093,0.02180221904790785,0.0013712180515173297
38.87,-3.7713623919901464,0.9362394523140787,0.021741225492427345,0.0013763197584828843
38.88,-3.780762425084448,0.9003151105864334,0.02168375711020083,0.0013814706392234523
38.89,-3.7898018329292253,0.8642265568713755,0.021629580043209796,0.0013866698765785937
38.9,-3.7984790216594577,0.8279770802777324,0.021578480473782875,0.0013919166431738503
38.910000000000004,-3.8067924283683094,0.7915699922991772,0.02153026294116211,0.0013972101006748474
38.92,-3.8147405215053793,0.7550086265471436,0.021484748796096277,0.0014025493991495074
38.93,-3.8223218012574462,0.7182963384793085,0.02144177478257478,0.0014079336765279828
38.94,-3.8295347999128886,0.6814365051238025,0.02140119173663208,0.0014133620581510324
38.95,-3.83637808221086,0.6444325247992974,0.02136286339291183,0.0014188336563985388
38.96,-3.842850245676214,0.6072878168311098,0.021326665290385467,0.001424347570390729
38.97,-3.848949920941089,0.570005821263452,0.021292483769275814,0.0014299028857554306
38.980000000000004,-3.854675772053994,0.5325899985679506,0.021260215051844777,0.0014354986744554348
38.99,-3.8600264967771563,0.4950438293485466,0.021229764400269205,0.0014411339946705903
39.0,-3.8650008268728424,0.4573708140428844,0.02120104534535301,0.0014468078907297764
39.01,-3.86959752837929,0.41957447262028913,0.021173978980309385,0.0014525193930884541
39.02,-3.8738154018768447,0.38165834427642736,0.021148493314297186,0.0014582675183478933
39.03,-3.877653282744842,0.34362598712473824,0.021124522680812344,0.0014640512693125367
39.04,-3.8811100414097237,0.3054809778847205,0.021102007196421343,0.0014698696350823384
39.050000000000004,-3.8841845835848483,0.2672269115671534,0.021080892265680783,0.0014757215911772067
39.06,-3.8868758505023977,0.22886740115632684,0.021061128128417442,0.001481606099690957
39.07,-3.8891828191377646,0.19040607728935194,0.02104266944584861,0.001487522109472425
39.08,-3.8911045024267588,0.15184658793261963,0.021025474922304683,0.0014934685563316337
39.09,-3.8926399494759485,0.11319259805547174,0.02100950695957651,0.0014994443632690608
39.1,-3.893788245766418,0.0744477893011467,0.02099473134115079,0.0015054484407262705
39.11,-3.8945485133512037,0.03561585965505846,0.020981116943818694,0.0015114796868563344
39.12,-3.8949199110466415,-0.003299476889534303,0.02096863547434782,0.001517536987812576
39.13,-3.894901634617845,-0.04229449066841413,0.02095726122909644,0.0015236192180543265
39.14,-3.8944929169585,-0.08136543668579324,0.02094697087462304,0.0015297252406684995
39.15,-3.8936930282651603,-0.12050855495615359,0.020937743247504543,0.0015358539077058803
39.160000000000004,-3.8925012762061986,-0.15972007084848905,0.02092955917172436,0.0015420040605311316
39.17,-3.890917006085558,-0.1989961954329018,0.020922401292127264,0.001548174530185589
39.18,-3.8889396010014368,-0.23833312582950658,0.020916253922563296,0.0015543641377620129
39.19,-3.8865684820000217,-0.27772704555959654,0.020911102907457988,0.0015605716947905044
39.2,-3.883803108224375,-0.3171741248990271,0.020906935495651997,0.0015667960036348909
39.21,-3.8806429770585753,-0.3566705212337735,0.020903740225450513,0.0015730358578989053
39.22,-3.877087624267191,-0.39621237941762016,0.020901506819912274,0.0015792900428415418
39.230000000000004,-3.873136624130168,-0.43579583213193823,0.02090022609148998,0.0015855573358010472
39.24,-3.868789589573202,-0.4754170002475122,0.020899889855209457,0.0015918365066269781
39.25,-3.864046172293648,-0.5150719931883726,0.020900490849643957,0.001598126318119876
39.26,-3.8589060628820326,-0.554756909297596,0.020902022665003624,0.0016044255264780587
39.27,-3.853368990939211,-0.5944678362050315,0.020904479677718274,0.0016107328817511128
39.28,-3.8474347251892103,-0.6342008511969147,0.020907856990945117,0.0016170471282996863
39.29,-3.8411030735878056,-0.6739520215873298,0.020912150380482,0.0016233670052611593
39.300000000000004,-3.8343738834268515,-0.7137174050914807,0.02091735624561159,0.0016296912470208874
39.31,-3.827247041434405,-0.7534930502007333,0.020923471564443012,0.0016360185836886193
39.32,-3.8197224738706645,-0.7932749965593892,0.020930493853355145,0.001642347741579749
39.33,-3.8118001466197446,-0.8330592753431535,0.0209384211301802,0.0016486774437011256
39.34,-3.803480065277308,-0.8728419096392585,0.020947251880797737,0.00165500641024111
39.35,-3.7947622752340684,-0.9126189148282043,0.020956985028838197,0.0016613333590635357
39.36,-3.785646861755182,-0.9523862989670799,0.02096761990822134,0.0016676570062053202
39.37,-3.776133950055534,-0.9921400631744244,0.02097915623827925,0.0016739760663774812
39.38,-3.766223705370933,-1.031876202016593,0.020991594101235467,0.0016802892534692527
39.39,-3.7559163330252203,-1.0715907038955892,0.021004933921832208,0.0016865952810550039
39.4,-3.745212078493301,-1.1112795514383227,0.021019176448915853,0.0016928928629037579
39.410000000000004,-3.7341112274600987,-1.150938721887259,0.021034322738807867,0.0016991807134911227
39.42,-3.722614105875438,-1.190564187492421,0.02105037414030365,0.001705457548513206
39.43,-3.710721080004861,-1.2301519159047027,0.021067332281155884,0.0017117220854023776
39.44,-3.6984325564763747,-1.2696978705704596,0.021085199055911736,0.00171797304384475
39.45,-3.6857489823231293,-1.3091980111273376,0.021103976614985004,0.0017242091462989077
39.46,-3.6726708450220307,-1.3486482938012994,0.021123667354854974,0.0017304291185158008
39.47,-3.6591986725282832,-1.3880446718048132,0.021144273909293503,0.0017366316900596125
39.480000000000004,-3.6453330333058616,-1.4273830957361635,0.021165799141530682,0.0017428155948292102
39.49,-3.6310745363539105,-1.4666595139798462,0.021188246137277617,0.0017489795715800761
39.5,-3.6164238312290706,-1.5058698731080087,0.0212116181985322,0.0017551223644464613
39.51,-3.6013816080637246,-1.5450101182828975,0.02123591883810047,0.0017612427234635446
39.52,-3.585948597580163,-1.5840761936602727,0.021261151774772356,0.0017673394050893266
39.53,-3.5701255711006668,-1.6230640427937528,0.02128732092909612,0.0017734111727261105
39.54,-3.5539133405535024,-1.6619696090400482,0.021314430419700974,0.0017794567972412958
39.550000000000004,-3.5373127584748247,-1.7007888359650465,0.021342484560121937,0.0017854750574872239
39.56,-3.520324718006488,-1.7395176677507087,0.02137148785608528,0.0017914647408199876
39.57,-3.5029501528897566,-1.7781520496027383,0.0214014450032167,0.0017974246436168774
39.58,-3.485190037454915,-1.8166879281589823,0.02143236088513789,0.0018033535717922144
39.59,-3.4670453866067734,-1.8551212518985252,0.021464240571920427,0.0018092503413114718
39.6,-3.448517255806067,-1.8934479715514378,0.021497089318868644,0.0018151137787033793
39.61,-3.4296067410467397,-1.9316640405091379,0.021530912565606027,0.0018209427215698038
39.62,-3.4103149788291187,-1.9697654152353248,0.021565715935441848,0.0018267360190932355
39.63,-3.390643146128968,-2.0077480556774487,0.021601505234997122,0.001832492532541599
39.64,-3.3705924603624235,-2.0456079256786723,0.021638286454070833,0.0018382111357702108
39.65,-3.3501641793468075,-2.083340993390286,0.0216760657657293,0.0018438907157205984
39.660000000000004,-3.3293596012573174,-2.120943231684534,0.021714849526603113,0.0018495301729161443
39.67,-3.308180064579587,-2.1584106185678165,0.021754644277377617,0.001855128421954193
39.68,-3.2866269480581227,-2.1957391375942206,0.021795456743464284,0.0018606843919943567
39.69,-3.264701670640609,-2.2329247782793433,0.02183729383584155,0.0018661970272429939
39.7,-3.242405691418082,-2.2699635365143647,0.021880162652054797,0.001871665287433429
39.71,-3.2197405095609772,-2.3068514149803296,0.021924070477366258,0.0018770881483019426
39.72,-3.196707664251038,-2.3435844235626,0.02196902478604646,0.0018824646020591943
39.730000000000004,-3.1733087346091002,-2.380158579765433,0.022015033242799794,0.0018877936578567728
39.74,-3.1495453396187396,-2.4165699091266473,0.022062103704317413,0.0018930743422488259
39.75,-3.125419138045792,-2.45281444563233,0.02211024422095156,0.0018983056996485313
39.76,-3.1009318283537426,-2.488888232131555,0.022159463038505876,0.0019034867927792
39.77,-3.076085148614986,-2.524787320751057,0.022209768600136973,0.00190861670311972
39.78,-3.0508808764179607,-2.560507773309831,0.02226116954836298,0.0019136945313442788
39.79,-3.0253208287701567,-2.59604566173361,0.02231367472717534,0.0019187193977560529
39.800000000000004,-2.999406861997004,-2.63139706846918,0.022367293184250493,0.0019236904427147319
39.81,-2.973140871636638,-2.666558086898495,0.02242203417325856,0.0019286068270576993
39.82,-2.9465247923305506,-2.701524821752544,0.02247790715626645,0.001933467732514521
39.83,-2.9195605977101295,-2.7362933895249317,0.022534921806233153,0.0019382723621147932
39.84,-2.892250300279085,-2.770859918885133,0.022593088009595343,0.00194301994058899
39.85,-2.8645959512917756,-2.8052205510913746,0.022652415868941574,0.001947709714762096
39.86,-2.836599640627434,-2.8393714404031063,0.022712915705773756,0.0019523409539400577
39.87,-2.8082634966602953,-2.87330875449302,0.022774598063354665,0.001956912950288531
39.88,-2.7795896861256417,-2.9070286748585685,0.0228374737096406,0.001961425019204027
39.89,-2.750580413981759,-2.9405273972329526,0.02290155364029837,0.001965876499677233
39.9,-2.7212379232678203,-2.973801131995524,0.022966849081806073,0.001970266754648185
39.910000000000004,-2.691564494957699,-3.0068461045815704,0.023033371494637158,0.0019745951713532367
39.92,-2.661562447809719,-3.039658555891434,0.023101132576527576,0.0019788611616636323
39.93,-2.6312341382123514,-3.0722347426989276,0.023170144265825796,0.001983064162415534
39.94,-2.6005819600258633,-3.1045709380590023,0.023240418744925675,0.001987203635731276
39.95,-2.56960834441993,-3.1366634317146262,0.023311968443782277,0.001991279069331761
39.96,-2.538315759707217,-3.168508530502832,0.023384806043510797,0.001995289976839721
39.97,-2.506706711172943,-3.2001025587598906,0.02345894448006885,0.001999235898073885
39.980000000000004,-2.4747837409004325,-3.2314418587255727,0.023534396948022528,0.0020031163993336756
39.99,-2.442549427592668,-3.262522790946449,0.023611176904396586,0.0020069310736743856
40.0,-2.410006386389855,-3.2933417346781955,0.023689298072609333,0.0020106795411727416
40.01,-2.377157268683007,-3.323895088286856,0.023768774446492707,0.0020143614491826617
40.02,-2.344004761923565,-3.3541792696490234,0.023849620294398247,0.0020179764725809938
40.03,-2.3105515894290622,-3.384190716550895,0.023931850163389553,0.0020215243140032178
40.04,-2.2768005101848443,-3.413925887086163,0.024015478883522,0.002025004704068936
40.050000000000004,-2.2427543186418633,-3.4433812600526976,0.02410052157221046,0.0020284174015968983
40.06,-2.208415844510553,-3.472553335347978,0.024186993638685834,0.0020317621938096947
40.07,-2.1737879525508026,-3.5014386343632347,0.024274910788541205,0.0020350388965278054
40.08,-2.1388735423580387,-3.5300337003762587,0.024364289028368506,0.002038247354352895
40.09,-2.103675548145437,-3.558335098942836,0.024455144670486588,0.0020413874408402354
40.1,-2.0681969385222714,-3.5863394182867654,0.024547494337761572,0.002044459058660268
40.11,-2.03244071626842,-3.6140432696884197,0.024641354968520456,0.002047462139749141
40.12,-1.9964099181050419,-3.641443287871811,0.024736743821558892,0.0020503966454479498
40.13,-1.960107614461443,-3.668536131390112,0.024833678481244122,0.00205326256663082
40.14,-1.9235369092381442,-3.6953184830095993,0.024932176862714,0.0020560599238216744
40.15,-1.8867009395661714,-3.721787050091973,0.02503225721717313,0.002058788767299482
40.160000000000004,-1.8496028755625846,-3.7479385649750165,0.02513393813728704,0.002061449177192064
40.17,-1.8122459200822627,-3.773769785351548,0.025237238562675436,0.0020640412635582078
40.18,-1.7746333084659631,-3.7992774946466303,0.025342177785505432,0.0020665651664581778
40.19,-1.7367683082846743,-3.8244585023929956,0.025448775456185797,0.002069021056012479
40.2,-1.6986542190802811,-3.849309644604642,0.02555705158916314,0.002071409132448751
40.21,-1.6602943721025616,-3.873827784148567,0.025667026568820982,0.0020737296261367777
40.22,-1.6216921300425355,-3.8980098111145893,0.025778721155482676,0.0020759827976116296
40.230000000000004,-1.582850886762185,-3.9218526431832306,0.025892156491519033,0.002078168937584765
40.24,-1.5437740670205682,-3.9453532259916027,0.02600735410756161,0.002080288366943058
40.25,-1.5044651261963455,-3.9685085334972734,0.026124335928822455,0.0020823414367358477
40.26,-1.4649275500067436,-3.9913155683400636,0.026243124281521223,0.0020843285281497608
40.27,-1.4251648542229738,-4.013771362201736,0.026363741899420375,0.0020862500524714022
40.28,-1.3851805843821325,-4.035872976163541,0.02648621193046929,0.002088106451037911
40.29,-1.3449783154956034,-4.057617501061571,0.026610557943558,0.002089898195175272
40.300000000000004,-1.3045616517539846,-4.079002057839903,0.026736803935381193,0.002091625786124337
40.31,-1.263934226228566,-4.100023797901455,0.02686497433741315,0.002093289754954773
40.32,-1.2230997005693782,-4.120679903456567,0.026995094022994166,0.002094890662466589
40.33,-1.1820617646998413,-4.140967587869215,0.027127188314528986,0.0020964290990794355
40.34,-1.1408241365080325,-4.16088409600086,0.027261282990797664,0.0020979056847097947
40.35,-1.099390561534605,-4.1804267045518735,0.027397404294379292,0.0020993210686357493
40.36,-1.0577648126573753,-4.199592722400506,0.027535578939188836,0.0021006759293496114
40.37,-1.0159506897726138,-4.21837949093936,0.027675834118127348,0.002101970974398323
40.38,-0.9739520194730561,-4.236784384409332,0.027818197510845678,0.0021032069402116232
40.39,-0.9317726547226688,-4.254804810230979,0.027962697291621708,0.0021043845919181195
40.4,-0.889416474528193,-4.272438209333283,0.028109362137351105,0.0021055047231491853
40.410000000000004,-0.8468873836074935,-4.289682056479765,0.028258221235651387,0.002106568155830763
40.42,-0.8041893120547425,-4.306533860591917,0.028409304293079037,0.0021075757399630995
40.43,-0.761326215002465,-4.322991165069916,0.02856264154345929,0.002108528353388509
40.44,-0.7183020722804743,-4.3390515481105805,0.028718263756328057,0.002109426901547236
40.45,-0.6751208880717277,-4.354712623022535,0.028876202245485316,0.002110272317221328
40.46,-0.6317866905651298,-4.369972038538543,0.029036488877659198,0.002111065560266718
40.47,-0.588303531605315,-4.384827479124975,0.029199156081279768,0.0021118076173336476
40.480000000000004,-0.5446754863394367,-4.39927666528838,0.029364236855361412,0.002112499501575301
40.49,-0.5009066528609964,-4.4133173538791155,0.029531764778492522,0.002113142252344864
40.5,-0.45700115185074036,-4.426947338392003,0.029701774017931008,0.0021137369348811753
40.51,-0.41296312621465714,-4.440164449263985,0.02987429933880395,0.00211428463998283
40.52,-0.36879674071910573,-4.452966554168734,0.030049376113409527,0.002114786483671028
40.53,-0.32450618162310685,-4.465351558308181,0.030227040330619136,0.0021152436068412567
40.54,-0.2800956563078285,-4.477317404700943,0.030407328605377353,0.0021156571749037932
40.550000000000004,-0.235569392903299,-4.4888620744675976,0.030590278188297203,0.002116028377413214
40.56,-0.1909316399123791,-4.499983587112777,0.030775926975347895,0.0021163584276870885
40.57,-0.14618666583202672,-4.510680000804058,0.03096431351763196,0.002116648562413922
40.58,-0.10133875877188725,-4.520949412647596,0.031155477031248404,0.002116900041250396
40.59,-0.05639222607024278,-4.530789958960485,0.03134945740723823,0.002117114146408228
40.6,-0.011351393907354214,-4.540199815539806,0.031546295221608324,0.0021172921822306305
40.61,0.03377939308376984,-4.549177197928326,0.0317460317454294,0.002117435474758561
40.62,0.07899577220914294,-4.557720361676827,0.03194870895500342,0.0021175453712869888
40.63,0.12429336310807501,-4.565827602603017,0.03215436954209536,0.002117623239911194
40.64,0.1696677681499158,-4.573497257047008,0.03236305692422396,0.002117670469063388
40.65,0.2151145728332326,-4.580727702123322,0.03257481525500579,0.0021176884670397523
40.660000000000004,0.2606293461873869,-4.587517355969384,0.03278968943454613,0.002117678661518064
40.67,0.30620764117647425,-4.593864677990494,0.03300772511987033,0.0021176424990661438
40.68,0.3518449951055914,-4.599768169101225,0.03322896873538827,0.0021175814446412304
40.69,0.39753693002939494,-4.605226371963228,0.03345346748338445,0.00211749698108052
40.7,0.44327895316291444,-4.610237871219418,0.033681269354525575,0.0021173906085830475
40.71,0.4890665572945848,-4.6148012937244935,0.03391242313837693,0.0021172638441830987
40.72,0.5348952212014595,-4.618915308771785,0.03414697843391845,0.0021171182212153523
40.730000000000004,0.580760410066569,-4.622578628316384,0.03438498566005059,0.0021169552887719805
40.74,0.626657575898387,-4.625790007194526,0.0346264960660797,0.0021167766111518734
40.75,0.6725821579523665,-4.628548243339217,0.03487156174217182,0.0021165837673022556
40.76,0.7185295831545094,-4.630852177992046,0.03512023562976329,0.0021163783502528644
40.77,0.7644952665269306,-4.6327006959111845,0.03537257153191565,0.0021161619665429395
40.78,0.81047461161538,-4.634092725575524,0.035628624123601904,0.002115936235641267
40.79,0.8564630109186847,-4.635027239384938,0.03588844896191017,0.002115702789359451
40.800000000000004,0.9024558463200711,-4.6355032538566325,0.036152102496150154,0.0021154632712587287
40.81,0.9484484895203323,-4.635519829817571,0.0364196420778469,0.0021152193360504876
40.82,0.9944363024727989,-4.635076072592928,0.03669112597060561,0.0021149726489907844
40.83,1.0404146378200776,-4.634171132190567,0.036966613359830244,0.002114724885269121
40.84,1.086378839332518,-4.632804203481502,0.03724616436227783,0.0021144777293916743
40.85,1.132324242348369,-4.630974526376323,0.037529840035429356,0.0021142328745592507
40.86,1.1782461742155863,-4.628681385997563,0.037817702386657166,0.002113992022040287
40.87,1.224139954735253,-4.625924112847978,0.03810981438216772,0.0021137568805390966
40.88,1.270000896606574,-4.622702082974717,0.03840623995569752,0.0021135291655596275
40.89,1.315824305873406,-4.619014718129358,0.03870704401693887,0.0021133105987649987
40.9,1.3616054823722843,-4.614861485923789,0.03901229245967087,0.0021131029073331717
40.910000000000004,1.4073397201819073,-4.610241899981907,0.03932205216957007,0.0021129078233089143
40.92,1.4530223080740416,-4.605155520087119,0.03963639103167372,0.002112727082952352
40.93,1.498648529965807,-4.599601952325609,0.03995537793746733,0.0021125624260845194
40.94,1.544213665373305,-4.593580849225365,0.040279082791566986,0.0021124155954300055
40.95,1.5897129898665512,-4.587091909890934,0.040607576517965295,0.0021122883359570906
40.96,1.6351417755256739,-4.5801348801338895,0.04094093106580865,0.002112182394215676
40.97,1.68049529139834,-4.572709552598981,0.04127921941467165,0.002112099517673234
40.980000000000004,1.7257688039583716,-4.5648157668859595,0.04162251557929335,0.0021120414540490677
40.99,1.770957577565514,-4.556453409667044,0.04197089461373812,0.002112009950647217
41.0,1.816056874926317,-4.547622414800017,0.042324432614942384,0.0021120067536883414
41.01,1.8610619575560958,-4.538322763436931,0.042683206725606826,0.00211203360764074
41.02,1.9059680862419277,-4.5285544841283984,0.04304729513639173,0.0021120922545509214
41.03,1.9507705215066544,-4.518317652923451,0.043416777087371586,0.002112184433374028
41.04,1.9954645240738484,-4.507612393464953,0.04379173286870292,0.002112311879304309
41.050000000000004,2.0400453553337097,-4.4964388770805455,0.044172243820457625,0.0021124763231060053
41.06,2.0845082778098534,-4.484797322869101,0.04455839233157196,0.0021126794904450124
41.07,2.128848555626958,-4.4726879977826774,0.04495026183785944,0.0021129231012214753
41.08,2.1730614549792318,-4.460111216703954,0.04534793681903367,0.0021132088689036848
41.09,2.2171422445996685,-4.447067342519119,0.04575150279468511,0.002113538499863677
41.1,2.2610861962300537,-4.433556786186216,0.0461610463191535,0.002113913692714628
41.11,2.304888585091689,-4.4195800067989035,0.046576654975235506,0.0021143361376504445
41.12,2.348544690356799,-4.4051375116456395,0.04699841736666472,0.002114807515787917
41.13,2.392049795620591,-4.3902298562642565,0.047426423109298975,0.0021153294985115983
41.14,2.4353991893739297,-4.374857644491917,0.047860762820947284,0.0021159037468217587
41.15,2.4785881654765998,-4.3590215285104374,0.048301528109766546,0.002116531910685682
41.160000000000004,2.5216120236311177,-4.3427222088869595,0.04874881156115536,0.0021172156283926547
41.17,2.5644660698570716,-4.325960434609962,0.049202706723070005,0.002117956525912908
41.18,2.607145616965948,-4.308737003120585,0.049663308089684804,0.0021187562162606395
41.19,2.649645985036424,-4.2910527603392765,0.05013071108331667,0.002119616298861554
41.2,2.6919625018900875,-4.272908600687714,0.050605012034530786,0.0021205383589252224
41.21,2.734090503567567,-4.254305467106023,0.05108630816034178,0.002121523966822437
41.22,2.776025334805034,-4.235244351065251,0.05157469754042186,0.0021225746774678404
41.230000000000004,2.817762349511057,-4.2157262925751,0.052070279091224844,0.0021236920297080424
41.24,2.859296911243776,-4.195752380186896,0.05257315253793185,0.0021248775457155464
41.25,2.900624393688377,-4.175323750991788,0.05308341838412204,0.002126132730388667
41.26,2.9417401811348385,-4.154441590614169,0.05360117787906857,0.0021274590707578587
41.27,2.9826396689559282,-4.133107133200286,0.054126532982557284,0.002128858035398424
41.28,3.023318264085426,-4.111321661402054,0.05465958632712283,0.0021303310738498738
41.29,3.063771385496552,-4.089086506356044,0.055200441177593935,0.0021318796160424247
41.300000000000004,3.103994464680579,-4.066403047657641,0.05574920138783676,0.002133505071730448
41.31,3.143982946125609,-4.043272713330355,0.056305971354582623,0.002135208829933402
41.32,3.183732287795495,-4.019696979790282,0.056870855968223305,0.0021369922583842835
41.33,3.223237961608894,-3.9956773718056984,0.057443960560454616,0.0021388567029856963
41.34,3.2624954539184254,-3.9712154624517715,0.058025390848646184,0.0021408034872739162
41.35,3.301500265989931,-3.946312873060393,0.05861525287681263,0.0021428339118909727
41.36,3.3402479144818127,-3.9209712731651085,0.05921365295305893,0.002144949254064875
41.37,3.3787339319244416,-3.895192380441138,0.05982069758337011,0.0021471507670983232
41.38,3.416953867199622,-3.868977960640478,0.060436493401613084,0.002149439679865751
41.39,3.4549032860201008,-3.8423298275220756,0.06106114709561621,0.002151817196318928
41.4,3.4925777714091155,-3.8152498427770603,0.06169476532918982,0.00215428449500137
41.410000000000004,3.529972924179968,-3.7877399159490266,0.062337454659949075,0.0021568427285713937
41.42,3.5670843634156206,-3.759802004349358,0.06298932145279863,0.0021594930233341516
41.43,3.6039077269483095,-3.7314381129675764,0.0636504717889368,0.002162236478782486
41.44,3.6404386718391675,-3.7026502943767166,0.06432101137023538,0.0021650741671466597
41.45,3.676672874857856,-3.6734406486337052,0.06500104541885017,0.002168007132953256
41.46,3.7126060329622055,-3.643811323174743,0.06569067857191595,0.002171036392592958
41.47,3.748233863777861,-3.613764512705673,0.06639001477117888,0.002174162933897413
41.480000000000004,3.7835521060779387,-3.5833024590873297,0.06709915714741893,0.002177387715724983
41.49,3.8185565202626885,-3.55242745121586,0.06781820789951433,0.0021807116675555513
41.5,3.853242888839177,-3.521141824897996,0.0685472681680005,0.0021841356890943088
41.51,3.8876070169009873,-3.4894479627212838,0.06928643790297603,0.0021876606498841865
41.52,3.921644732607944,-3.457348293919245,0.07003581572620923,0.0021912873889272572
41.53,3.9553518876658784,-3.424845294231471,0.0707954987872998,0.0021950167143148327
41.54,3.988724357806432,-3.39194148575863,0.07156558261375201,0.0021988494028660245
41.550000000000004,4.021758043266919,-3.3586394368123824,0.07234616095481773,0.002202786199774758
41.56,4.054448869270254,-3.3249417617601944,0.07313732561896999,0.002206827818265285
41.57,4.08679278650496,-3.290851120865031,0.07393916630487138,0.002210974939255583
41.58,4.118785771605271,-3.256370220119928,0.07475177042570469,0.002215228211028837
41.59,4.150423827631347,-3.2215018110774247,0.07557522292673771,0.0022195882489128454
41.6,4.181702984549615,-3.1862486906738456,0.07640960609599892,0.002224055634966728
41.61,4.21261929971325,-3.1506137010484236,0.07725499936794625,0.0022286309176750897
41.62,4.243168858342831,-3.114599729357251,0.07811147912001726,0.00223331461164943
41.63,4.273347774007174,-3.078209707582044,0.07897911846195625,0.002238107197336283
41.64,4.303152189104369,-3.0414466123337096,0.07985798701782114,0.002243009120731824
41.65,4.332578275343048,-3.0043134646507075,0.08074815070058174,0.0022480207931029994
41.660000000000004,4.361622234223896,-2.9668133297921835,0.08164967147923025,0.0022531425907146058
41.67,4.390280297521443,-2.9289493170258725,0.08256260713833519,0.002258374854562076
41.68,4.418548727766141,-2.890724579410749,0.08348701102998084,0.002263717890109618
41.69,4.4464238187267675,-2.8521423135744177,0.08442293181804655,0.0022691719670335205
41.7,4.473901895893168,-2.8132057594852276,0.08537041321479355,0.002274737318970153
41.71,4.500979316959367,-2.773918200219094,0.08632949370974044,0.0022804141432684224
41.72,4.527652472307073,-2.734282961721018,0.08730020629082445,0.0022862026007463487
41.730000000000004,4.553917785489595,-2.6943034125612852,0.08828257815786134,0.0022921028154512355
41.74,4.579771713716202,-2.6539829636863317,0.08927663042833438,0.002298114874423332
41.75,4.605210748336937,-2.6133250681642575,0.09028237783556164,0.002304238827462643
41.76,4.6302314153279305,-2.5723332209249783,0.09129982841931039,0.0023104746868982326
41.77,4.654830275777203,-2.531010958494996,0.0923289832089486,0.002316822427359999
41.78,4.679003926371005,-2.4893618587267703,0.09336983589924587,0.0023232819855526087
41.79,4.702748999880694,-2.4473895405226807,0.09442237251895966,0.002329853260030939
41.800000000000004,4.726062165650184,-2.4050976635535566,0.0954865710923676,0.0023365361109770884
41.81,4.74894013008396,-2.362489927971765,0.09656240129393312,0.002343330359978436
41.82,4.7713796371356905,-2.319570074118831,0.09764982409631887,0.002350235789806537
41.83,4.79337746879744,-2.2763418822275856,0.09874879141199189,0.0023572521441966522
41.84,4.814930445589489,-2.2328091721188086,0.0998592457286943,0.0023643791276275554
41.85,4.836035427050768,-2.1889758028923674,0.10098111973908543,0.0023716164051015044
41.86,4.856689312229905,-2.144845672612817,0.1021143359648942,0.002378963601924187
41.87,4.876889040176892,-2.1004227179894577,0.10325880637595508,0.002386420303484327
41.88,4.896631590435348,-2.0557109140508243,0.10441443200453672,0.0023939860550331073
41.89,4.915913983535384,-2.010714273813595,0.1055811025554097,0.0024016603614631523
41.9,4.934733281487047,-1.9654368479459003,0.10675869601213814,0.002409442687087037
41.910000000000004,4.953086588274323,-1.919882724425015,0.10794707824011959,0.002417332455415278
41.92,4.970971050349671,-1.8740560281894179,0.10914610258693905,0.002425329048933957
41.93,4.988383857129053,-1.8279609207852028,0.11035560948064446,0.0024334318088820727
41.94,5.005322241487435,-1.7816016000068229,0.11157542602659505,0.0024416400350286104
41.95,5.021783480254692,-1.7349822995321542,0.11280536560357772,0.0024499529854497405
41.96,5.037764894711882,-1.6881072885518624,0.11404522745993237,0.0024583698763062357
41.97,5.053263851087816,-1.6409808713930587,0.11529479631047312,0.0024668898816213713
41.980000000000004,5.068277761055862,-1.5936073871372305,0.11655384193503963,0.0024755121330599307
41.99,5.082804082230903,-1.5459912092324324,0.11782211877956024,0.0024842357197084855
42.0,5.096840318666356,-1.4981367450997272,0.11909936556055727,0.0024930596878575814
42.01,5.110384021351165,-1.4500484357338626,0.12038530487407328,0.0025019830407863996
42.02,5.123432788706658,-1.401730755298175,0.12167964281004653,0.0025110047385503557
42.03,5.135984267083143,-1.3531882107137099,0.12298206857321256,0.00252012369777256
42.04,5.148036151256121,-1.30442534124255,0.12429225411165866,0.0025293387914397786
42.050000000000004,5.15958618492198,-1.2554467180653446,0.1256098537542063,0.002538648848703654
42.06,5.170632161193007,-1.206256943853036,0.12693450385784572,0.002548052654688212
42.07,5.18117192309156,-1.156860652332775,0.12826582246649426,0.0025575489503045254
42.08,5.191203364043219,-1.1072625078480278,0.12960340898239778,0.0025671364320735183
42.09,5.200724428368731,-1.057467204912871,0.13094684385153982,0.002576813751958151
42.1,5.209733111774528,-1.007479467760476,0.13229568826446864,0.0025865795172059364
42.11,5.218227461841627,-0.9573040498857881,0.1336494838739945,0.0025964322902030275
42.12,5.226205578512641,-0.9069457335824065,0.1350077525312519,0.0026063705883412175
42.13,5.233665614576684,-0.8564093294736699,0.13636999604165959,0.002616392883899075
42.14,5.24060577615189,-0.8056996760379632,0.1377356959423485,0.0026264976039384897
42.15,5.2470243231652605,-0.7548216391282563,0.1391043133026617,0.0026366831302181183
42.160000000000004,5.2529195698295625,-0.7037801114858921,0.1404752885493609,0.002646947799125112
42.17,5.258289885116947,-0.6525800122486438,0.1418480413182018,0.0026572899016264577
42.18,5.263133693228964,-0.6012262864530639,0.1432219703335648,0.0026677076832415172
42.19,5.26744947406263,-0.5497239045311514,0.14459645331784604,0.0026781993440372002
42.2,5.2712357636721885,-0.498077861801368,0.14597084693233073,0.00268876303864719
42.21,5.274491154726172,-0.44629317795403506,0.1473444867512791,0.002699396876316769
42.22,5.2772142969593805,-0.3943748965311514,0.1487166872709629,0.0027100989209746565
42.230000000000004,5.279403897619357,-0.3423280844006716,0.1500867419553883,0.002720867191333375
42.24,5.281058721906929,-0.2901578312252926,0.15145392332043595,0.0027316996610194967
42.25,5.282177593410373,-0.2378692489257983,0.15281748305813697,0.0027425942587352226
42.26,5.282759394532732,-0.1854674711390174,0.1541766522027838,0.002753548868452635
42.27,5.28280306691181,-0.13295765267045523,0.1555306413405499,0.0027645613296419184
42.28,5.282307611832344,-0.08034496894166406,0.15687864086425946,0.002775629437534824
42.29,5.28127209062985,-0.027634615432422523,0.1582198212749066,0.002786750943424556
42.300000000000004,5.279695625085598,0.025168192882200284,0.15955333353147638,0.0027979235550032082
42.31,5.277577397812199,0.07805822209981488,0.16087830945056214,0.002809144936737794
42.32,5.274916652629229,0.13103021996362893,0.16219386215720935,0.0028204127102858787
42.33,5.271712694928329,0.18407891644021962,0.16349908658834178,0.002831724454951622
42.34,5.267964892027205,0.2371990243020622,0.16479306005004296,0.0028430777081831183
42.35,5.26367267351193,0.29038523971471036,0.16607484282987411,0.0028544699661117016
42.36,5.258835531566947,0.3436322428285177,0.1673434788653083,0.0028658986841338264
42.37,5.253453021292166,0.39693469837478274,0.16859799646924956,0.0028773612775360455
42.38,5.247524761006533,0.4502872562661947,0.16983740911348574,0.0028888551221635988
42.39,5.241050432537445,0.5036845522014497,0.17106071627079328,0.0029003775551328746
42.4,5.234029781495388,0.5571212082739011,0.17226690431627317,0.002911925875588019
42.410000000000004,5.226462617533145,0.6105918335841005,0.1734549474883476,0.0029234973455020017
42.42,5.218348814588963,0.6640910248560807,0.17462380890968834,0.0029350891905220904
42.43,5.209688311113022,0.7176133670572228,0.1757724416681795,0.0029466986008598946
42.44,5.200481110276582,0.7711534340215453,0.17689978995784075,0.002958322732225974
42.45,5.190727280163173,0.8247057890762458,0.17800479027944965,0.002969958706808976
42.46,5.180426953941198,0.8782649856713173,0.17908637270040853,0.0029816036142992774
42.47,5.169580330017333,0.9318255680120584,0.18014346217319666,0.0029932545129569537
42.480000000000004,5.158187672170121,0.985382071694286,0.18117497991153889,0.003004908430724054
42.49,5.146249309663148,1.0389290243420553,0.182179844823203,0.003016562366381251
42.5,5.133765637337223,1.0924609462476849,0.18315697499811368,0.0030282132907486787
42.51,5.120737115681008,1.145972351013879,0.18410528925023933,0.003039858147931012
42.52,5.10716427087952,1.199457746197732,0.18502370871147283,0.003051493856606974
42.53,5.093047694840006,1.2529116339563933,0.1859111584754848,0.0030631173113634374
42.54,5.078388045194673,1.306328511694171,0.18676656928928476,0.0030747253840743673
42.550000000000004,5.063186045279791,1.359702872710839,0.18758887928997692,0.0030863149253249895
42.56,5.047442484090734,1.4130292068509125,0.18837703578394854,0.00309788276588191
42.57,5.031158216212524,1.466302001153653,0.18912999706547817,0.0031094257182096743
42.58,5.014334161725511,1.5195157405035526,0.189846734271501,0.0031209405780346726
42.59,4.99697130608583,1.572664908281053,0.19052623326902018,0.0031324241259575785
42.6,4.9790706999803245,1.6257439870132415,0.19116749657140672,0.003143873129115374
42.61,4.96063345915568,1.6787474590242686,0.19176954527958806,0.0031552843428943934
42.62,4.941660764221533,1.7316698070852288,0.19233142104388912,0.003166654512695985
42.63,4.9221538604273825,1.784505515063239,0.1928521880420579,0.0031779803757566254
42.64,4.902114057413174,1.8372490685694527,0.19333093496878603,0.003189258663024262
42.65,4.88154272893348,1.8898949556057423,0.19376677703182044,0.0032004861010931206
42.660000000000004,4.8604413125552455,1.9424376672097825,0.1941588579495593,0.003211659414199316
42.67,4.838811309329129,1.9948716980982686,0.19450635194483526,0.0032227753262793614
42.68,4.8166542834345325,2.0471915473079996,0.19480846572941052,0.003233830563094383
42.69,4.793971861798449,2.099391718834561,0.19506444047354665,0.003244821854422408
42.7,4.770765733688344,2.151466722268341,0.1952735537548651,0.003255745936321369
42.71,4.747037650279333,2.2034110734276147,0.19543512148058612,0.0032665995534654877
42.72,4.722789424195974,2.2552192949884384,0.19554849977712366,0.0032773794615574598
42.730000000000004,4.698022929029073,2.30688591711109,0.19561308684092488,0.0032880824298189525
42.74,4.6727400988279575,2.3584054780628056,0.19562832474437422,0.0032987052435616646
42.75,4.646942927568728,2.409772524836558,0.1955937011905373,0.003309244706841033
42.76,4.620633468599084,2.4609816137656364,0.19550875121049766,0.0033196976451943853
42.77,4.5938138340603585,2.5120273111337807,0.19537305879704306,0.003330060908464923
42.78,4.566486194287489,2.5629041937806454,0.1951862584684861,0.0033403313737124887
42.79,4.538652777187687,2.613606849702357,0.19494803675645958,0.003350505948211863
42.800000000000004,4.510315867598662,2.664129878646955,0.19465813361160889,0.003360581572538323
42.81,4.481477806627294,2.7144678927045027,0.19431634372121406,0.0033705552237399137
42.82,4.452140990969717,2.76461551689166,0.1939225177329117,0.0033804239185951713
42.83,4.422307872213847,2.81456738973054,0.19347656337885322,0.003390184716953877
42.84,4.391980956125425,2.8643181638216517,0.19297844649483156,0.003399834725158264
42.85,4.361162801918722,2.913862506410771,0.1924281919291307,0.0034093710995405867
42.86,4.329856021513082,2.9631950999495715,0.19182588433610465,0.0034187910499922525
42.87,4.298063278776564,3.0123106426498705,0.19117166884977224,0.0034280918435990477
42.88,4.265787288757937,3.061203849031355,0.19046575163302024,0.0034372708083351858
42.89,4.233030816908402,3.109869450462662,0.18970840029834166,0.003446325336808752
42.9,4.199796678294363,3.15830219569571,0.18889994419639572,0.0034552528900492854
42.910000000000004,4.1660877368027,3.2064968513931733,0.18804077456905965,0.003464051001327687
42.92,4.131906904339943,3.254448202649036,0.18713134456405087,0.0034727172799973397
42.93,4.097257140026846,3.302151053502137,0.1861721691086285,0.0034812494153438926
42.94,4.062141449389827,3.3496002274426715,0.18516382464033315,0.0034896451804311305
42.95,4.0265628835508,3.396790567911601,0.18410694869319474,0.0034979024359281675
42.96,3.990524538416907,3.44371693879295,0.18300223933832382,0.0035060191339030284
42.97,3.954029553871693,3.490374224898985,0.18185045447830467,0.003513993321566595
42.980000000000004,3.917081112969251,3.5367573324482833,0.18065241099532287,0.0035218231449499517
42.99,3.8796824411328665,3.58286118953671,0.1794089837534851,0.003529506852498018
43.0,3.8418368053596947,3.6286807466013498,0.17812110445632337,0.0035370427985609494
43.01,3.803547513432973,3.6742109768774376,0.17678976036101426,0.003544429446764921
43.02,3.7648179131432653,3.7194468768483673,0.17541599285138698,0.003551665373243632
43.03,3.725651391520207,3.764383466688853,0.1740008958723363,0.003558749269711437
43.04,3.686051374076186,3.8090157907013498,0.17254561422879752,0.003565679946358973
43.050000000000004,3.646021324063367,3.8533389177458397,0.1710513417529755,0.003572456334552396
43.06,3.605564741745419,3.897347941663115,0.16951931934404804,0.0035790774893180643
43.07,3.5646851636852626,3.9410379816916974,0.16795083288508034,0.0035855425915942395
43.08,3.5233861620501017,3.9844041828785492,0.16634721104239086,0.0035918509502324532
43.09,3.481671343934952,4.0274417164837395,0.16470982295309616,0.0035980020037322076
43.1,3.4395443507058063,4.070145780379246,0.16304007580703,0.0036039953216936123
43.11,3.3970088573635246,4.112511599442087,0.1613394123296793,0.003609830605973283
43.12,3.354068571929456,4.154534425941977,0.15960930817320082,0.0036155076915308573
43.13,3.310727234853728,4.196209539923723,0.1578512692229791,0.003621026546954658
43.14,3.2669886184470625,4.237532249584579,0.1560668288275516,0.0036263872746568507
43.15,3.2228565263368925,4.278497891646788,0.15425754496006347,0.003631590110730199
43.160000000000004,3.1783347929484687,4.319101831725559,0.15242499731971507,0.003636635424459965
43.17,3.1334272830115584,4.359339464692701,0.15057078438193344,0.003641523717487675
43.18,3.088137891093245,4.399206215036184,0.14869652040622777,0.0036462556226246525
43.19,3.042470541157246,4.438697537215881,0.1468038324108812,0.003650831902315167
43.2,2.996429186150072,4.477808916015732,0.14489435712378274,0.0036552534467524244
43.21,2.950017807614255,4.516535866892617,0.1429697379188141,0.003659521271652223
43.22,2.903240415328768,4.554873936322188,0.14103162174727676,0.0036636365156907194
43.230000000000004,2.856101046976675,4.592818702141928,0.13908165607387066,0.0036676004376162818
43.24,2.8086037678399385,4.630365773891709,0.13712148582672193,0.0036714144130467474
43.25,2.7607526705212235,4.667510793152112,0.13515275037089938,0.00367507993096575
43.26,2.7125518746924384,4.70424943388077,0.13317708051475882,0.003678598589934012
43.27,2.6640055268696536,4.740577402747006,0.13119609555831294,0.003681972094033191
43.28,2.61511780021395,4.77649043946501,0.12921140039264084,0.0036852022485617275
43.29,2.5658928943576558,4.811984317125826,0.12722458265912776,0.0036882909555041297
43.300000000000004,2.516335035255342,4.8470548425283795,0.1252372099770619,0.00369124020879641
43.31,2.4664484750588582,4.881697856509805,0.1232508272478153,0.003694052089411361
43.32,2.4162374920156116,4.915909234275295,0.12126695404349766,0.0036967287602896167
43.33,2.3657063903892057,4.949684885727708,0.11928708208760076,0.003699272461142148
43.34,2.31485950040149,4.9830207557971455,0.11731267283474739,0.003701685503151087
43.35,2.263701178194989,5.015912824770719,0.11534515515622402,0.0037039702635966935
43.36,2.2122358058146263,5.0483571086226915,0.11338592313751517,0.0037061291804378746
43.37,2.1604677912075783,5.080349659345187,0.11143633399356967,0.0037081647468741965
43.38,2.1084015682400614,5.111886565279658,0.10949770610702043,0.003710079505917245
43.39,2.0560415967297767,5.142963951449249,0.10757131719404914,0.0037118760449981834
43.4,2.0033923624927166,5.173577979892237,0.10565840260204223,0.0037135569906384855
43.410000000000004,1.9504583774029771,5.203724849996665,0.10376015374262469,0.0037151250032098695
43.42,1.8972441794641985,5.233400798836305,0.1018777166630879,0.0037165827718080406
43.43,1.8437543328912231,5.262602101508064,0.10001219075865052,0.0037179330092643047
43.44,1.7899934282005352,5.291325071470928,0.09816462762740918,0.003719178447317184
43.45,1.7359660823080365,5.3195660608865225,0.0963360300692527,0.0037203218319651946
43.46,1.6816769386326942,5.34732146096137,0.09452735122943247,0.003721365919019938
43.47,1.6271306672045993,5.374587702290895,0.09273949388690522,0.0037223134698768363
43.480000000000004,1.572331964775969,5.401361255205202,0.09097330988699655,0.003723167247519615
43.49,1.5172855549336395,5.427638630116687,0.089229599717376,0.0037239300127719327
43.5,1.461996188211602,5.45341637786945,0.0875091122257912,0.0037246045208079565
43.51,1.4064686422021586,5.478691090090548,0.08581254447748175,0.0037251935179315548
43.52,1.3507077216642953,5.503459399543034,0.08414054174968509,0.0037256997386317984
43.53,1.2947182586278962,5.5277179804807774,0.08249369766016067,0.003726125902920502
43.54,1.238505112492461,5.551463549005014,0.08087255442619543,0.003726474713954919
43.550000000000004,1.1820731701190235,5.574692863422554,0.07927760325011673,0.0037267488559475388
43.56,1.1254273459140074,5.5974027246055975,0.07770928482692938,0.003726950992362481
43.57,1.0685725819038132,5.619589976353065,0.07616798996931298,0.0037270837643959354
43.58,1.011513847798965,5.641251505753335,0.07465406034486684,0.003727149789736905
43.59,0.9542561410467145,5.662384243548309,0.07316778932017148,0.003727151661602251
43.6,0.8968044868710473,5.682985164498658,0.07170942290595186,0.003727091948038711
43.61,0.839163938299097,5.703051287750137,0.07027916079737624,0.00372697319148297
43.62,0.7813395761730406,5.722579677200827,0.0688771575033085,0.0037267979085697346
43.63,0.7233365091466054,5.741567441869152,0.06750352355814977,0.0037265685901762377
43.64,0.6651598736653885,5.760011736262522,0.06615832680975836,0.0037262877016906682
43.65,0.6068148339302557,5.777909760746426,0.06484159377682476,0.0037259576834913085
43.660000000000004,0.548306581843154,5.7952587619138205,0.06355331106900063,0.0037255809516218343
43.67,0.48964033693474346,5.812056032954612,0.06229342686303667,0.003725159898648126
43.68,0.4308213462733209,5.828298914025068,0.06106185242817363,0.0037246968946812887
43.69,0.3718548843545782,5.8439847926169675,0.05985846369405184,0.0037241942885508435
43.7,0.3127462529718077,5.859111103926272,0.05868310285445778,0.0037236544091123055
43.71,0.2535007810662352,5.873675331221156,0.05753558000030839,0.003723079566673058
43.72,0.19412382455722724,5.887675006209157,0.05641567477538517,0.003722472054520313
43.730000000000004,0.13462076615218807,5.901107709403277,0.055323138048468494,0.0037218341505353466
43.74,0.0749970151360239,5.913971070486797,0.05425769359568584,0.0037211681188781868
43.75,0.015258007140116915,5.92626276867662,0.053219039787075255,0.003720476211727453
43.76,-0.04459079610918842,5.937980533084925,0.052206851271574276,0.0037197606710603496
43.77,-0.10454390706252498,5.949122143078926,0.05122078065487342,0.0037190237304583432
43.78,-0.16459581263975048,5.95968542863852,0.05026046016482047,0.0037182676169248037
43.79,-0.2247409745423308,5.969668270711639,0.04932550329932436,0.00371749455270113
43.800000000000004,-0.2849738295856357,5.979068601567072,0.048415506451984114,0.003716706757069086
43.81,-0.3452887900508758,5.987884405144578,0.0475300505109568,0.0037159064481274437
43.82,-0.4056802440563632,5.996113717402073,0.04666870242687646,0.003715095844531849
43.83,-0.46614255594773696,6.0037546266597115,0.04583101674594187,0.0037142771671878033
43.84,-0.5266700667067544,6.010805273940642,0.045016537104602634,0.003713452640887355
43.85,-0.5872570943782145,6.017263853308277,0.044224797682587996,0.0037126244958808003
43.86,-0.6478979345145439,6.023128612199864,0.04345532461134034,0.003711794969375805
43.87,-0.7085868606375517,6.0283978517561945,0.04270763733523185,0.0037109663069569525
43.88,-0.7693181247168258,6.033069927147267,0.041981249923258426,0.0037101407639195524
43.89,-0.8300859576642268,6.037143247893726,0.041275672329216626,0.0037093206065125736
43.9,-0.8908845698439112,6.040616278183927,0.04059041159867609,0.0037085081130860537
43.910000000000004,-0.9517081515973008,6.0434875371864445,0.03992497302136032,0.0037077055751392426
43.92,-1.0125508737823996,6.045755599357885,0.03927886122784091,0.0037069152982664695
43.93,-1.0734068883268495,6.047419094745847,0.03865158122973362,0.003706139602998427
43.94,-1.1342703287941085,6.048476709286888,0.03804263940285771,0.0037053808255371645
43.95,-1.195135310962128,6.04892718509935,0.03745154441308156,0.0037046413183836908
43.96,-1.2559959334139037,6.048769320770925,0.03687780808482713,0.0037039234508578107
43.97,-1.3168462781392734,6.04800197164083,0.03632094621244246,0.003703229609510302
43.980000000000004,-1.3776804111473406,6.04662405007646,0.03578047931487419,0.003702562198428002
43.99,-1.4384923830889023,6.044634525744423,0.035255933334281134,0.0037019236394328038
44.0,-1.4992762298882656,6.042032425875838,0.03474684027942396,0.0037013163721761823
44.01,-1.5600259733838528,6.038816835525789,0.03425273881484573,0.0037007428541311316
44.02,-1.6207356219769955,6.03498689782685,0.03377317479702223,0.0037002055604837035
44.03,-1.6813991712883358,6.030541814236587,0.03330770175881034,0.0036997069839267683
44.04,-1.742010604821265,6.025480844778942,0.03285588134365714,0.0036992496343588345
44.050000000000004,-1.8025638946318414,6.019803308279431,0.032417283691151176,0.003698836038490976
44.06,-1.8630530020046496,6.013508582594077,0.0319914877756023,0.0036984687393651784
44.07,-1.9234718781340738,6.006596104832005,0.03157808169942598,0.003698150295787657
44.08,-1.9838144648104827,5.999065371571645,0.03117666294318421,0.0036978832816806375
44.09,-2.0440746951108344,5.990915939070467,0.03078683857419682,0.003697670285356411
44.1,-2.1042464940932337,5.982147423468208,0.030408225415686548,0.003697513908717455
44.11,-2.1643237794949917,5.972759500983542,0.030040450178456916,0.003697416766386561
44.12,-2.224300462433756,5.962751908104124,0.029683149557126604,0.003697381484770908
44.13,-2.284170448111304,5.9521244417700006,0.029335970292956686,0.0036974107010638497
44.14,-2.343927636519603,5.940876959550316,0.02899856920530918,0.0036975070621885196
44.15,-2.403565923148773,5.929009379813307,0.028670613193767406,0.003697673223687304
44.160000000000004,-2.463079199696597,5.916521681889534,0.028351779212931274,0.003697911848560826
44.17,-2.522461354779251,5.903413906228334,0.028041754221874767,0.0036982256060603116
44.18,-2.5817062746429387,5.889686154547468,0.027740235110218923,0.0036986171704372563
44.19,-2.64080784387614,5.875338589975943,0.027446928602732765,0.003699089219654064
44.2,-2.699759946122205,5.860371437189981,0.02716155114432713,0.0036996444340590315
44.21,-2.7585564647920227,5.844784982542135,0.02688382876725326,0.00370028549502954
44.22,-2.8171912837765496,5.828579574183529,0.02661349694225993,0.0037010150835866565
44.230000000000004,-2.875658288158954,5.811755622179204,0.026350300415400395,0.0037018358789843893
44.24,-2.933951364926188,5.794313598616579,0.026093993032114418,0.003702750557277036
44.25,-2.9920644036797914,5.776254037707006,0.025844337550141566,0.0037037617898673905
44.26,-3.049991297345758,5.757577535880415,0.025601105442750415,0.0037048722420388773
44.27,-3.1077259428833006,5.738284751873054,0.02536407669369508,0.0037060845714745843
44.28,-3.165262241992375,5.718376406808308,0.02513303958523593,0.003707401426765605
44.29,-3.2225941018198268,5.697853284270615,0.024907790480485997,0.003708825445911465
44.300000000000004,-3.2797154356640466,5.676716230372459,0.024688133601269143,0.0037103592548149026
44.31,-3.3366201636780146,5.654966153814454,0.024473880802600496,0.0037120054657734883
44.32,-3.3933022135706508,5.632604025938526,0.024264851344825082,0.0037137666759702592
44.33,-3.4497555213063715,5.609630880774176,0.024060871664376607,0.003715645465965102
44.34,-3.5059740318027806,5.586047815077861,0.023861775144045912,0.0037176443981893777
44.35,-3.561951699626422,5.561855988365459,0.02366740188357768,0.0037197660154452837
44.36,-3.6176824896865374,5.537056622937863,0.023477598471344934,0.0037220128394115995
44.37,-3.673160377926763,5.511651003899677,0.023292217757783947,0.0037243873691575925
44.38,-3.7283793520147324,5.485640479171048,0.023111118631207572,0.003726892079666675
44.39,-3.7833334120295303,5.4590264594926206,0.022934165796552778,0.003729529420370998
44.4,-3.83801657114697,5.4318104184236375,0.022761229557558722,0.003732301813698354
44.410000000000004,-3.8924228563226535,5.403993892333182,0.022592185602814813,0.0037352116536326987
44.42,-3.9465463089727963,5.37557848038458,0.02242691479606419,0.0037382613042892384
44.43,-4.000380985652783,5.346565844512966,0.02226530297109697,0.0037414530985054
44.44,-4.0539209587334435,5.316957709396027,0.022107240731519238,0.0037447893364483628
44.45,-4.107160317075017,5.2867558624179205,0.02195262325563851,0.003748272284240215
44.46,-4.1600931666988075,5.255962153626397,0.02180135010666395,0.0037519041726015315
44.47,-4.212713631456494,5.224578495683116,0.021653325048379912,0.0037556871955139026
44.480000000000004,-4.265015853697104,5.192606863807179,0.02150845586641492,0.003759623508902656
44.49,-4.316993994931625,5.160049295711885,0.02136665419519396,0.00376371522933979
44.5,-4.368642236495247,5.126907891534715,0.021227835350630934,0.0037679644327681637
44.51,-4.419954780207231,5.093184813760561,0.02109191816858946,0.0037723731532471215
44.52,-4.470925849028386,5.058882287138213,0.020958824849114124,0.003776943381720278
44.53,-4.521549687716147,5.0240025985901,0.020828480806410785,0.003781677064805969
44.54,-4.571820563477252,4.988548097115309,0.020700814524533175,0.0037865761036107027
44.550000000000004,-4.621732766617993,4.952521193685896,0.02057575741871412,0.0037916423525657193
44.56,-4.6712806111920395,4.915924361136478,0.020453243702262834,0.0037968776182874123
44.57,-4.720458435645827,4.878760134047144,0.020333210258934815,0.0038022836584620237
44.58,-4.7692606034614835,4.84103110861968,0.020215596520667994,0.003807862180754176
44.59,-4.817681503797292,4.802739942547116,0.02010034435056757,0.0038136148417404797
44.6,-4.865715552125675,4.763889354876627,0.019987397931012514,0.003819543245867867
44.61,-4.913357190868671,4.724482125865769,0.019876703656748738,0.0038256489444368756
44.62,-4.960600890030905,4.684521096832097,0.01976821003282743,0.0038319334346105165
44.63,-5.007441147830023,4.644009169996139,0.019661867577241938,0.0038383981584486004
44.64,-5.053872491324564,4.6029493083177755,0.019557628728112574,0.003845044501967783
44.65,-5.099889477039271,4.561344535326006,0.01945544775526592,0.003851873794227575
44.660000000000004,-5.1454866915877915,4.519197934942138,0.019355280676053417,0.003858887306442621
44.67,-5.190658752292762,4.476512651296395,0.01925708517525312,0.0038660862511209594
44.68,-5.235400307803244,4.433291888537968,0.01916082052889848,0.003873471781229029
44.69,-5.279706038709481,4.3895389106385165,0.01906644753187863,0.003881044989383395
44.7,-5.323570658154961,4.345257041189137,0.018973928429156173,0.0038888069070687494
44.71,-5.366988912445732,4.300449663190811,0.018883226850450168,0.0038967585038833996
44.72,-5.40995558165697,4.2551202188383535,0.0187943077482347,0.003904900686811468
44.730000000000004,-5.45246548023673,4.209272209297862,0.018707137338906152,0.003913234299522623
44.74,-5.494513457606887,4.162909194477698,0.018621683046975628,0.003921760121698949
44.75,-5.536094398761195,4.1160347927930045,0.01853791345214655,0.003930478868389337
44.76,-5.577203224860451,4.068652680923783,0.018455798239141286,0.003939391189391714
44.77,-5.617834893824717,4.020766593566542,0.018375308150144813,0.003948497668662854
44.78,-5.657984400922564,3.972380323179532,0.0182964149397375,0.003957798823756114
44.79,-5.697646779357299,3.923497719721595,0.018219091332193627,0.003967295105287353
44.800000000000004,-5.736817100850129,3.87412269038463,0.018143310981026593,0.00397698689642899
44.81,-5.775490476220228,3.824259199319706,0.01806904843066631,0.003986874512432203
44.82,-5.813662055961657,3.7739112673568327,0.01799627908015882,0.0039969582001778345
44.83,-5.851327030817103,3.7230829717184135,0.017924979148782667,0.0040072381377555
44.84,-5.888480632348375,3.6717784457263978,0.01785512564348109,0.00401771443407169
44.85,-5.925118133503637,3.620001878503151,0.017786696328013555,0.0040283871284865595
44.86,-5.961234849181307,3.5677575146660643,0.01771966969373448,0.004039256190479405
44.87,-5.996826136790592,3.5150496540159284,0.017654024931911406,0.00405032151934342
44.88,-6.031887396808605,3.4618826512190854,0.017589741907498985,0.004061582943909443
44.89,-6.066414073334015,3.4082609154833867,0.017526801134289314,0.004073040222298917
44.9,-6.1004016546371895,3.3541889102279785,0.017465183751363137,0.0040846930417061875
44.910000000000004,-6.133845673706767,3.2996711527469356,0.017404871500770257,0.004096541018210123
44.92,-6.166741708792623,3.2447122138667694,0.017345846706371314,0.004108583696615358
44.93,-6.199085383945175,3.1893167175978334,0.017288092253776595,0.004120820550323076
44.94,-6.230872369550975,3.13348934077965,0.017231591571321123,0.004133250981231193
44.95,-6.262098382864534,3.0772348127201856,0.017176328612018496,0.00414587431966455
44.96,-6.292759188536341,3.020557914829101,0.017122287836439213,0.004158689824334901
44.97,-6.322850599137018,2.9634634802449957,0.017069454196462268,0.004171696682330439
44.980000000000004,-6.35236847567755,2.905956393456685,0.017017813119851687,0.004184894009135427
44.99,-6.381308728125558,2.8480415899185276,0.016967350495612495,0.004198280848679753
45.0,-6.409667315917546,2.789724055659835,0.016918052660083206,0.004211856173418282
45.01,-6.437440248467083,2.731008826888395,0.01686990638372455,0.00422561888444041
45.02,-6.464623585668855,2.6719009895881314,0.01682289885856637,0.004239567811609472
45.03,-6.49121343839855,2.6124056791109345,0.016777017686277106,0.004253701713732155
45.04,-6.517205969008507,2.5525280797626935,0.01673225086682225,0.004268019278757967
45.050000000000004,-6.542597391819096,2.4922734243835585,0.016688586787680273,0.004282519124008688
45.06,-6.567383973605756,2.4316469939224645,0.016646014213586465,0.004297199796437904
45.07,-6.591562034081662,2.3706541170059525,0.01660452227677688,0.004312059772920356
45.08,-6.61512794637594,2.3093001695013147,0.016564100467706355,0.004327097460571269
45.09,-6.638078137507414,2.247590574074104,0.016524738626216152,0.004342311197095589
45.1,-6.6604090888537995,2.185530799740036,0.01648642693312828,0.004357699251166925
45.11,-6.682117336616312,2.1231263614113214,0.016449155902245032,0.004373259822836427
45.12,-6.703199472279628,2.0603828194374607,0.016412916372733576,0.0043889910439713
45.13,-6.723652143067166,1.9973057791405413,0.016377699501876737,0.00440489097872272
45.14,-6.7434720523916,1.933900890345069,0.01634349675817226,0.0044209576240234316
45.15,-6.762655960300599,1.8701738469023725,0.016310299914764004,0.004437188910114733
45.160000000000004,-6.781200683917704,1.8061303862096196,0.01627810104318954,0.004453582701102668
45.17,-6.799103097878317,1.7417762887234793,0.01624689250742959,0.004470136795543341
45.18,-6.816360134760734,1.6771173774684731,0.01621666695824577,0.004486848927057276
45.19,-6.832968785512187,1.612159517540051,0.016187417327793774,0.004503716764972641
45.2,-6.848926099869836,1.5469086156024334,0.0161591368245002,0.004520737914997085
45.21,-6.864229186776656,1.4813706193812597,0.01613181892819173,0.004537909919918163
45.22,-6.878875214792194,1.4155515171510826,0.01610545738546631,0.004555230260332093
45.230000000000004,-6.8928614124981085,1.3494573372177514,0.01608004620529644,0.004572696355400518
45.24,-6.906185068898484,1.2830941473957262,0.01605557965485555,0.0045903055636353374
45.25,-6.918843533814842,1.2164680544803643,0.01603205225555876,0.004608055183711227
45.26,-6.930834218275813,1.1495852037152228,0.016009458779310135,0.004625942455305575
45.27,-6.9421545949014245,1.0824517782544207,0.015987794244948856,0.0046439645599656776
45.28,-6.952802198281947,1.015073998620107,0.01596705391488736,0.004662118622002944
45.29,-6.962774625351262,0.9474581221550742,0.015947233291934877,0.004680401709413806
45.300000000000004,-6.972069535754702,0.8796104424705702,0.015928328116300277,0.004698810834827054
45.31,-6.9806846522113135,0.8115372888893475,0.01591033436276848,0.004717342956477391
45.32,-6.988617760870498,0.7432450258840007,0.015893248238045155,0.004735994979204782
45.33,-6.99586671166299,0.6747400525106371,0.01587706617826471,0.004754763755479429
45.34,-7.002429418646127,0.6060288018379294,0.015861784846656953,0.004773646086451928
45.35,-7.008303860343355,0.5371177403715977,0.01584740113136811,0.004792638723028358
45.36,-7.013488080077949,0.4680133674743693,0.01583391214343223,0.004811738366969923
45.37,-7.017980186300876,0.39872221478146713,0.015821315214889203,0.004830941672016819
45.38,-7.021778352912785,0.3292508456116744,0.015809607897045993,0.004850245245035974
45.39,-7.024880819580064,0.25960585437402695,0.015798787958877857,0.004869645647192203
45.4,-7.027285892044925,0.18979386597018422,0.015788853385566626,0.004889139395142507
45.410000000000004,-7.0289919424294816,0.11982153519252967,0.015779802377173302,0.004908722962253057
45.42,-7.02999740953377,0.04969554611805252,0.015771633347442516,0.0049283927798384666
45.43,-7.030300799127681,-0.020577388501936536,0.0157643449227365,0.004948145238422937
45.44,-7.029900684236753,-0.0909905278562031,0.01575793594109653,0.004967976689022861
45.45,-7.028795705421799,-0.1615371036920467,0.01575240545142993,0.004987883444450426
45.46,-7.026984571052312,-0.23221032093776478,0.015747752712820903,0.005007861780637816
45.47,-7.024466057573629,-0.3030033583290681,0.015743977193963695,0.00502790793798147
45.480000000000004,-7.021239009767801,-0.3739093690393934,0.01574107857271667,0.005048018122706037
45.49,-7.01730234100814,-0.4449214813140575,0.01573905673577614,0.005068188508247481
45.5,-7.012655033507397,-0.5160327991081972,0.01573791177846886,0.005088415236654885
45.51,-7.007296138559548,-0.5872364027284388,0.015737644004662335,0.005108694420010385
45.52,-7.001224776775137,-0.6585253494782397,0.01573825392679217,0.00512902214186686
45.53,-6.994440138310157,-0.7298926743068465,0.01573974226600585,0.005149394458702774
45.54,-6.986941483088417,-0.8013313904618097,0.015742109952422513,0.005169807401393642
45.550000000000004,-6.978728141017375,-0.8728344901449989,0.015745358125508386,0.00519025697669966
45.56,-6.969799512197396,-0.9443949451720588,0.01574948813456768,0.0052107391687688746
45.57,-6.960155067124403,-1.0160057076352462,0.015754501539348893,0.005231249940655378
45.58,-6.949794346885894,-1.0876597105695904,0.0157604001107666,0.005251785235852086
45.59,-6.93871696335028,-1.159349868622316,0.01576718583173893,0.005272340979837273
45.6,-6.926922599349533,-1.2310690787254668,0.015774860898141018,0.005292913081634537
45.61,-6.914411008855093,-1.3028102207716716,0.015783427719874926,0.005313497435385553
45.62,-6.901182017147018,-1.3745661582929902,0.015792888922056596,0.00533408992193492
45.63,-6.8872355209763425,-1.4463297391427767,0.015803247346320517,0.005354686410426662
45.64,-6.87257148872061,-1.5180937961804997,0.015814506052242917,0.0053752827599116764
45.65,-6.85718996053257,-1.589851147959456,0.015826668318884463,0.00539587482096559
45.660000000000004,-6.841091048481985,-1.6615945994173156,0.015839737646453467,0.005416458437316291
45.67,-6.82427493669055,-1.7333169425694335,0.015853717758090868,0.005437029447480658
45.68,-6.806741881459871,-1.8050109572048654,0.015868612601778208,0.005457583686409848
45.69,-6.788492211392498,-1.8766694115850238,0.015884426352370112,0.005478116987142345
45.7,-6.769526327505976,-1.9482850631449087,0.015901163413752778,0.005498625182464319
45.71,-6.749844703339895,-2.0198506591968495,0.015918828421130193,0.005519104106576619
45.72,-6.729447885055912,-2.091358937636692,0.015937426243439887,0.005539549596767571
45.730000000000004,-6.708336491530723,-2.162802627652364,0.015956961985900138,0.005559957495091114
45.74,-6.686511214441971,-2.234174450434757,0.01597744099269073,0.0055803236500497205
45.75,-6.663972818347053,-2.305467119890854,0.015998868849769466,0.005600643918281044
45.76,-6.640722140754814,-2.3766733433590375,0.01602125138782676,0.0056209141662480104
45.77,-6.616760092190116,-2.4477858223265145,0.01604459468538083,0.005641130271931481
45.78,-6.592087656251245,-2.518797253148785,0.016068905072016058,0.0056612881265248405
45.79,-6.566705889660148,-2.5897003277710926,0.016094189131767314,0.005681383636129848
45.800000000000004,-6.540615922305489,-2.6604877344517823,0.016120453706653177,0.005701412723453074
45.81,-6.513818957278485,-2.731152158487507,0.016147705900361076,0.005721371329502346
45.82,-6.486316270901527,-2.8016862829402034,0.01617595308208758,0.00574125541528217
45.83,-6.458109212749564,-2.872082789365777,0.016205202890537236,0.005761060963487712
45.84,-6.429199205664222,-2.9423343585444206,0.016235463238083468,0.0057807839801968155
45.85,-6.399587745760667,-3.012433671212504,0.01626674231509526,0.005800420496558822
45.86,-6.369276402427177,-3.0823734087959562,0.016299048594433475,0.005819966570480012
45.87,-6.338266818317422,-3.15214625414508,0.016332390836120897,0.005839418288304748
45.88,-6.306560709335437,-3.2217448922707215,0.016366778092190216,0.00585877176649139
45.89,-6.2741598646132735,-3.2911620110817235,0.016402219711714357,0.005878023153282787
45.9,-6.2410661464813275,-3.360390302123601,0.01643872534602382,0.0058971686303703925
45.910000000000004,-6.207281490431319,-3.429422461318358,0.016476304954115787,0.005916204414551108
45.92,-6.17280790507193,-3.498251189705378,0.016514968808260064,0.0059351267593761746
45.93,-6.137647472077087,-3.5668691941833175,0.01655472749980706,0.0059539319567920215
45.94,-6.1018023461268704,-3.635269188252932,0.01659559194520327,0.005972616338771518
45.95,-6.065274754841061,-3.703443892760757,0.016637573392219943,0.005991176278935436
45.96,-6.028066998705304,-3.7713860366435794,0.016680683426400836,0.006009608194163255
45.97,-5.990181450989894,-3.8390883576736217,0.01672493397773521,0.006027908546192575
45.980000000000004,-5.951620557661168,-3.906543603204367,0.016770337327562494,0.006046073843206686
45.99,-5.9123868372855135,-3.9737445309169557,0.01681690611571528,0.006064100641409253
46.0,-5.872482880925977,-4.040683909567077,0.016864653347907547,0.0060819855465856386
46.01,-5.831911352031481,-4.107354519732285,0.016913592403375387,0.006099725215649943
46.02,-5.790674986318639,-4.173749154559659,0.01696373704277771,0.006117316358177652
46.03,-5.748776591646179,-4.239860620513755,0.017015101416364736,0.00613475573792227
46.04,-5.706219047881963,-4.305681738124743,0.017067700072422375,0.0061520401743160496
46.050000000000004,-5.663005306762616,-4.371205342736687,0.017121547966000978,0.006169166543953754
46.06,-5.619138391745756,-4.43642428525587,0.017176660467937192,0.006186131782058832
46.07,-5.574621397854836,-4.501331432899115,0.017233053374178076,0.00620293288393175
46.08,-5.5294574915165935,-4.5659196699420015,0.017290742915416928,0.006219566906378692
46.09,-5.483649910391123,-4.630181898466919,0.017349745767050718,0.006236030969121309
46.1,-5.437201963194565,-4.6941110391108865,0.017410079059469372,0.0062523222561859815
46.11,-5.390117029514425,-4.757700031813049,0.017471760388687543,0.006268438017271995
46.12,-5.342398559617527,-4.820941836561788,0.01753480782732997,0.00628437556909872
46.13,-5.29405007425061,-4.883829434141372,0.017599239935981944,0.006300132296730139
46.14,-5.245075164433575,-4.946355826878063,0.01766507577491683,0.006315705654876463
46.15,-5.195477491245399,-5.0085140393856165,0.017732334916213118,0.006331093169172642
46.160000000000004,-5.1452607856027095,-5.070297119310086,0.01780103745627394,0.0063462924374326265
46.17,-5.0944288480310504,-5.131698138073878,0.017871204028762487,0.006361301130878761
46.18,-5.042985548428843,-5.192710191618956,0.017942855817967344,0.006376116995345886
46.19,-4.9909348258240485,-5.253326401149145,0.018016014572612263,0.006390737852459672
46.2,-4.938280688123562,-5.313539913871445,0.01809070262012551,0.006405161600788004
46.21,-4.885027211855338,-5.373343903736277,0.018166942881384512,0.006419386216965608
46.22,-4.831178541903266,-5.432731572176611,0.018244758885952148,0.006433409756790938
46.230000000000004,-4.776738891234824,-5.4916961488458655,0.018324174787821716,0.006447230356294229
46.24,-4.721712540621513,-5.550230892354531,0.018405215381688232,0.0064608462327771015
46.25,-4.6661038383521,-5.60832909100543,0.018487906119764478,0.006474255685822661
46.26,-4.609917199938687,-5.665984063527551,0.01857227312916096,0.00648745709827563
46.27,-4.553157107815621,-5.723189159808361,0.01865834322984964,0.00650044893719151
46.28,-4.495828111031279,-5.7799377616245415,0.018746143953232198,0.006513229754755059
46.29,-4.4379348249327375,-5.83622328337107,0.01883570356133434,0.006525798189167226
46.300000000000004,-4.379481930843356,-5.892039172788562,0.018927051066648624,0.006538152965499408
46.31,-4.320474175733299,-5.947378911688807,0.0190202162526491,0.006550292896515535
46.32,-4.260916371883018,-6.002236016678432,0.019115229695002064,0.006562216883460914
46.33,-4.200813396539724,-6.056604039880599,0.01921212278349823,0.0065739239168172165
46.34,-4.140170191566879,-6.110476569654684,0.019310927744732587,0.0065854130770236574
46.35,-4.078991763086726,-6.1638472313138415,0.019411677665559398,0.006596683535163221
46.36,-4.017283181115895,-6.216709687840406,0.019514406517350803,0.006607734553614178
46.37,-3.9550495791941165,-6.2690576405990335,0.019619149181088757,0.006618565486666105
46.38,-3.892296154006065,-6.320884830047525,0.019725941473321233,0.006629175781099527
46.39,-3.8290281649963744,-6.372185036445251,0.019834820173014862,0.006639564976729728
46.4,-3.76525093397785,-6.4229520805591065,0.019945823049337598,0.006649732706913693
46.410000000000004,-3.7009698447329216,-6.473179824366925,0.02005898889040633,0.006659678699019615
46.42,-3.636190342608364,-6.522862171758278,0.020174357533035828,0.006669402774859171
46.43,-3.5709179341033273,-6.571993069232585,0.020291969893527,0.006678904851081806
46.44,-3.5051581864507124,-6.620566506594468,0.02041186799953391,0.006688184939530423
46.45,-3.4389167271919314,-6.668576517646266,0.02053409502305082,0.006697243147558805
46.46,-3.3721992437450936,-6.7160171808776585,0.02065869531456211,0.0067060796783100455
46.47,-3.305011482966656,-6.762882620152304,0.020785714438399862,0.0067146948309551695
46.480000000000004,-3.237359250706585,-6.809167005391436,0.020915199209355737,0.00672308900089287
46.49,-3.1692484113570667,-6.854864553254348,0.02104719773059576,0.006731262679908784
46.5,-3.1006848873948183,-6.899969527815681,0.02118175943292875,0.00673921645629455
46.51,-3.031674658917038,-6.944476241239463,0.021318935115481188,0.006746951014926733
46.52,-2.9622237631710497,-6.988379054449814,0.02145877698783379,0.006754467137304704
46.53,-2.8923382940776823,-7.031672377798261,0.021601338713677174,0.006761765701547566
46.54,-2.82202440174844,-7.07435067172758,0.0217466754560467,0.006768847682349796
46.550000000000004,-2.751288291996513,-7.116408447432111,0.021894843924199048,0.006775714150895513
46.56,-2.6801362258416765,-7.157840267514457,0.022045902422195847,0.006782366274731075
46.57,-2.608574519009141,-7.198640746638529,0.022199910899262508,0.0067888053175957355
46.58,-2.5366095414223975,-7.238804552178833,0.02235693100199339,0.006795032639210099
46.59,-2.4642477166901267,-7.278326404865966,0.022517026128477537,0.006801049695022734
46.6,-2.3914955215872187,-7.31720107942823,0.02268026148442246,0.006806858035914137
46.61,-2.31835948552997,-7.355423405229308,0.022846704141356925,0.00681245930785809
46.62,-2.244846190045517,-7.392988266901936,0.023016423096997134,0.006817855251540575
46.63,-2.170962268235566,-7.429890604977503,0.023189489337864588,0.006823047701935984
46.64,-2.096714404234487,-7.466125416511516,0.023365975904247698,0.006828038587840219
46.65,-2.0221093326618362,-7.501687755704862,0.02354595795760339,0.0068328299313609574
46.660000000000004,-1.9471538380693716,-7.53657273452081,0.02372951285049918,0.006837423847365065
46.67,-1.8718547543826347,-7.570775523297684,0.02391672019920073,0.00684182254288275
46.68,-1.796218964337166,-7.6042913513571415,0.02410766195901461,0.0068460283164686895
46.69,-1.720253398909428,-7.63711550760801,0.024302422502500833,0.006850043557520039
46.7,-1.6439650367425087,-7.6692433411456,0.024501088700675022,0.006853870745551263
46.71,-1.5673609035666831,-7.700670261846444,0.02470375000732537,0.0068575124494257705
46.72,-1.4904480716149096,-7.731391740958408,0.024910498546575267,0.006860971326544641
46.730000000000004,-1.41323365903334,-7.761403311686102,0.025121429203828434,0.006864250121992185
46.74,-1.3357248292869277,-7.79070056977154,0.025336639720239543,0.006867351667638205
46.75,-1.2579287905602152,-7.819279174069985,0.025556230790859936,0.006870278881197666
46.76,-1.1798527951533884,-7.8471348471209295,0.0257803061666148,0.006873034765247315
46.77,-1.1015041388736846,-7.874263375714148,0.026008972760275393,0.006875622406199374
46.78,-1.0228901604222465,-7.900660611450767,0.026242340756597343,0.006878044973232728
46.79,-0.9440182407765122,-7.926322471299299,0.026480523726804046,0.006880305717181507
46.800000000000004,-0.8648958025682388,-7.951244938146589,0.026723638747602318,0.006882407969381184
46.81,-0.7855303094572551,-7.975424061343609,0.026971806524926204,0.006884355140472383
46.82,-0.7059292655010443,-7.998855957246061,0.027225151522613893,0.006886150719162735
46.83,-0.6261002145202592,-8.021536809749731,0.027483802096232204,0.006887798270946762
46.84,-0.5460507394602758,-8.043462870820546,0.027747890632273144,0.006889301436783925
46.85,-0.4657884617488921,-8.064630461019272,0.02801755369295744,0.0068906639317353096
46.86,-0.38532104065028416,-8.085035970020824,0.028292932166890994,0.006891889543559133
46.87,-0.3046561726153335,-8.104675857128129,0.028574171425831744,0.006892982131265228
46.88,-0.22380159062844213,-8.123546651780494,0.02886142148783641,0.006893945623628775
46.89,-0.14276506355095636,-8.141644954056439,0.029154837187069422,0.006894784017663527
46.9,-0.06155439546132291,-8.158967435170942,0.029454578350569558,0.006895501377055216
46.910000000000004,0.019822575007896012,-8.17551083796707,0.029760809982283722,0.006896101830554996
46.92,0.10135797533601726,-8.191271977401929,0.030073702454692108,0.006896589570333443
46.93,0.18304389978310678,-8.20624774102692,0.030393431708364182,0.006896968850295572
46.94,0.2648724100615869,-8.220435089462228,0.030720179459801177,0.006897243984357308
46.95,0.346835536010438,-8.233831056865553,0.03105413341793761,0.006897419344683569
46.96,0.42892527627184873,-8.246432751394986,0.03139548750969219,0.0068974993598885795
46.97,0.5111335989701632,-8.258237355666052,0.03174444211497704,0.006897488513198982
46.980000000000004,0.5934524423929697,-8.269242127202853,0.03210120431159371,0.006897391340579999
46.99,0.6758737156741716,-8.279444398883276,0.03246598813046506,0.006897212428825289
47.0,0.7583892994788741,-8.288841579378266,0.03283901482167351,0.006896956413611102
47.01,0.8409910466899175,-8.297431153585094,0.03322051313179884,0.00689662797751517
47.02,0.9236707830958814,-8.305210683054627,0.033610719593072415,0.006896231848001038
47.03,1.0064203080803775,-8.312177806412553,0.03400987882488948,0.006895772795368477
47.04,1.0892313953124473,-8.318330239774543,0.034418243848247564,0.006895255630670569
47.050000000000004,1.1720957934378664,-8.323665777155334,0.034836076413706056,0.006894685203598353
47.06,1.2550052267711627,-8.328182290871704,0.03526364734349117,0.006894066400333561
47.07,1.337951395988136,-8.331877731939324,0.03570123688840031,0.00689340414137044
47.08,1.4209259788186728,-8.334750130463469,0.03614913510019186,0.0068927033793073885
47.09,1.50392063073963,-8.336797596023578,0.03660764222017938,0.0068919690966093876
47.1,1.5869269856675658,-8.33801831805165,0.03707706908478415,0.006891206303342213
47.11,1.669936656651079,-8.338410566204466,0.03755773754883671,0.006890420034879184
47.12,1.7529412365625134,-8.337972690729615,0.0380499809274561,0.006889615349581925
47.13,1.8359322987887792,-8.336703122825355,0.038554144457376094,0.006888797326455994
47.14,1.918901397921024,-8.334600374994272,0.03907058577862969,0.006887971062782696
47.15,2.0018400704428907,-8.331663041390748,0.039599675437547645,0.006887141671728417
47.160000000000004,2.084739835417075,-8.32788979816225,0.04014179741207294,0.006886314279932728
47.17,2.167592195169898,-8.323279403784438,0.04069734966044226,0.006885494025076936
47.18,2.25038863597359,-8.317830699390102,0.04126674469433616,0.006884686053434628
47.19,2.333120628725974,-8.311542609091939,0.04185041017765348,0.006883895517405826
47.2,2.415779629627227,-8.304414140299185,0.04244878955212156,0.006883127573036533
47.21,2.498357080853378,-8.296444384028135,0.04306234269101269,0.006882387377525872
47.22,2.580844411226202,-8.287632515206539,0.04369154658229895,0.006881680086722787
47.230000000000004,2.6632330368791384,-8.277977792971944,0.04433689604264208,0.00688101085261438
47.24,2.7455143619188664,-8.267479560963974,0.04499890446368293,0.0068803848208086275
47.25,2.8276797790821395,-8.256137247610601,0.04567810459216581,0.006879807128014066
47.26,2.9097206703874767,-8.243950366408441,0.046375049345507346,0.0068792828995191645
47.27,2.9916284077812882,-8.23091851619711,0.04709031266449741,0.006878817246674289
47.28,3.0733943537779926,-8.217041381427702,0.04782449040490078,0.006878415264379998
47.29,3.155009862093674,-8.202318732425411,0.048578201269813756,0.0068780820285851306
47.300000000000004,3.2364662782728,-8.186750425646387,0.049352087784718925,0.006877822593797823
47.31,3.3177549403075055,-8.170336403928868,0.050146817317274495,0.006877641990614868
47.32,3.3988671792489322,-8.15307669673864,0.05096308314397231,0.0068775452232733725
47.33,3.4797943198100825,-8.13497142040893,0.05180160556590056,0.006877537267228977
47.34,3.5605276809596313,-8.116020778374772,0.05266313307595368,0.0068776230667670765
47.35,3.6410585765061168,-8.096225061401965,0.05354844357994342,0.0068778075326523065
47.36,3.7213783156719002,-8.075584647810675,0.054458345674181174,0.006878095539822582
47.37,3.8014782036562695,-8.054100003693803,0.05539367998222317,0.006878491925134528
47.38,3.881349542187022,-8.0317716831302,0.05635532055359665,0.00687900148516759
47.39,3.960983630059847,-8.008600328392868,0.05734417632745734,0.0068796289740953465
47.4,4.040371763664791,-7.984586670152218,0.05836119266426625,0.006880379101632336
47.410000000000004,4.119505237499062,-7.959731527674555,0.059407352948717185,0.0068812565310660415
47.42,4.1983753446653935,-7.934035809015881,0.060483680267295996,0.006882265877384592
47.43,4.276973377355161,-7.9075005112111825,0.06159123916400798,0.006883411705511315
47.44,4.35529062731541,-7.880126720459342,0.06273113747797172,0.006884698528658373
47.45,4.433318386298904,-7.85191561230382,0.06390452826674581,0.006886130806813146
47.46,4.5110479464962845,-7.8228684518092955,0.06511261181942948,0.0068877129453715205
47.47,4.588470600949379,-7.792986593734413,0.06635663776375993,0.0068894492939344295
47.480000000000004,4.665577643944661,-7.762271482700848,0.06763790727161652,0.006891344145284681
47.49,4.742360371385811,-7.730724653358872,0.06895777536753774,0.00689340173456274
47.5,4.818810081144303,-7.698347730549628,0.07031765334505793,0.006895626238662453
47.51,4.894918073386872,-7.6651424294643355,0.07171901129588003,0.006898021775868504
47.52,4.970675650878681,-7.631110555800661,0.07316338075711581,0.006900592405760504
47.53,5.046074119260951,-7.59625400591649,0.07465235748204817,0.006903342129409919
47.54,5.121104787301777,-7.560574766981359,0.07618760434009897,0.006906274889898782
47.550000000000004,5.195758967118767,-7.524074917125827,0.07777085435192257,0.006909394573191456
47.56,5.270027974372115,-7.486756625589057,0.07940391386578757,0.006912705009394393
47.57,5.343903128426656,-7.448622152864915,0.08108866588165889,0.0069162099744406015
47.58,5.4173757524813535,-7.409673850846908,0.08282707352964741,0.006919913192239499
47.59,5.490437173664657,-7.369914162972276,0.08462118370975556,0.006923818337337073
47.6,5.563078723094061,-7.329345624365602,0.08647313090011394,0.006927929038133798
47.61,5.635291735898144,-7.287970861982296,0.0883851411411753,0.006932248880713287
47.62,5.7070675511992865,-7.245792594752344,0.09035953620360813,0.006936781413338615
47.63,5.778397512055204,-7.20281363372472,0.09239873794791151,0.0069415301516786865
47.64,5.8492729653573345,-7.159036882212885,0.09450527288405484,0.00694649858483166
47.65,5.9196852616840605,-7.114465335941827,0.09668177693973058,0.006951690182220053
47.660000000000004,5.989625755106646,-7.069102083197085,0.09893100044609242,0.006957108401436504
47.67,6.059085802945693,-7.022950304976273,0.10125581335013631,0.006962756697127375
47.68,6.128056765475832,-6.976013275143598,0.10365921066316393,0.006968638531009272
47.69,6.196530005576273,-6.928294360587907,0.10614431815504734,0.006974757383120046
47.7,6.264496888324734,-6.87979702138484,0.10871439830428763,0.006981116764416837
47.71,6.331948780532205,-6.830524810963652,0.11137285651412632,0.006987720230841109
47.72,6.39887705021586,-6.7804813762793525,0.11412324760522581,0.006994571398982338
47.730000000000004,6.465273066007369,-6.729670457990764,0.1169692825956792,0.007001673963482922
47.74,6.531128196493746,-6.678095890645215,0.11991483577933978,0.007009031716337907
47.75,6.596433809487748,-6.625761602870539,0.12296395211367186,0.007016648568257145
47.76,6.661181271224767,-6.5726716175751285,0.12612085492851363,0.007024528572270504
47.77,6.725361945483027,-6.518830052156814,0.12938995396730715,0.007032675949771846
47.78,6.788967192623789,-6.46424111872136,0.13277585377248383,0.007041095119213451
47.79,6.851988368548171,-6.408909124311423,0.13628336242679223,0.00704979072767968
47.800000000000004,6.9144168235670715,-6.352838471146841,0.1399175006624139,0.007058767685586472
47.81,6.9762439011805775,-6.296033656877169,0.14368351134972487,0.0070680312047733986
47.82,7.037460936763126,-6.238499274847401,0.14758686937752036,0.007077586840274974
47.83,7.098059256150587,-6.180240014377877,0.1516332919364203,0.007087440536080251
47.84,7.158030174125319,-6.121260661059401,0.1558287492170067,0.007097598675213917
47.85,7.217364992795155,-6.06156609706464,0.16017947553400003,0.00710806813449548
47.86,7.2760549998621755,-6.001161301476919,0.16469198088745537,0.007118856344360379
47.870000000000005,7.334091466777012,-5.940051350637579,0.16937306297153581,0.007129971354154022
47.88,7.391465646774359,-5.878241418513092,0.1742298196408921,0.007141421903338969
47.89,7.448168772785271,-5.815736777083186,0.17926966184403223,0.0071532174990852375
47.9,7.504192055221744,-5.752542796751286,0.1845003270322877,0.007165368500745896
47.910000000000004,7.559526679629017,-5.688664946778611,0.189929893052063,0.007177886211753047
47.92,7.614163804200974,-5.624108795743312,0.195566792526975,0.007190782979501804
47.93,7.668094557153975,-5.558880012026116,0.20141982773523315,0.007204072303826313
47.94,7.721310033954417,-5.492984364323955,0.20749818598616465,0.007217768954706076
47.95,7.773801294395298,-5.42642772219312,0.21381145549812802,0.007231889099876875
47.96,7.825559359517092,-5.359216056623553,0.22036964177816865,0.007246450443056973
47.97,7.876575208368217,-5.291355440645898,0.2271831845016255,0.00726147237353349
47.980000000000004,7.926839774600475,-5.222852049973024,0.23426297488747921,0.007276976127889753
47.99,7.976343942894876,-5.153712163677757,0.24162037356251126,0.007292984964686986
48.0,8.025078545213388,-5.083942164908605,0.2492672289042985,0.0073095243529436305
48.01,8.073034356872265,-5.013548541645339,0.2572158958496673,0.0073266221752852564
48.02,8.120202092432802,-4.942537887496291,0.26547925515144877,0.007344308946660752
48.03,8.166572401405555,-4.8709169025393155,0.27407073306218016,0.007362618049538014
48.04,8.212135863764333,-4.798692394208388,0.28300432141875487,0.007381585986506313
48.050000000000004,8.256882985266564,-4.725871278227842,0.29229459809690067,0.007401252651215821
48.06,8.300804192577017,-4.652460579596311,0.3019567477987276,0.007421661618577169
48.07,8.343889828192241,-4.5784674336224365,0.31200658313039525,0.00744286045512837
48.08,8.386130145163621,-4.503899087014468,0.3224605659201676,0.007464901050442748
48.09,8.427515301617452,-4.428762899025882,0.33333582871970935,0.007487839970402523
48.1,8.468035355071098,-4.353066342659164,0.34465019642339473,0.007511738833095438
48.11,8.50768025654501,-4.276817005929921,0.35642220793159923,0.007536664707998087
48.120000000000005,8.54643984447119,-4.20002259319348,0.36867113777439453,0.0075626905389925584
48.13,8.584303838399588,-4.1226909265361344,0.3814170176017128,0.0075898955916131865
48.14,8.621261832504945,-4.044829947233173,0.3946806574348572,0.0076183659247356
48.15,8.657303288897715,-3.966447717275809,0.4084836665621597,0.007648194886696399
48.160000000000004,8.692417530743974,-3.887552420969086,0.42284847394859243,0.007679483635560369
48.17,8.726593735200595,-3.80815236660278,0.43779834801517853,0.007712341682931665
48.18,8.759820926173528,-3.7282559881972577,0.4533574156290916,0.0077468874603250125
48.19,8.79208796690868,-3.647871847326171,0.46955068012934464,0.00778324890667026
48.2,8.823383552426773,-3.567008635017749,0.48640403819591754,0.007821564075007748
48.21,8.853696201815577,-3.4856751737363565,0.5039442953520394,0.007861981755837725
48.22,8.88301425039513,-3.403880419445818,0.5221991798701042,0.007904662113906152
48.230000000000004,8.911325841773952,-3.3216334637558655,0.5411973548313521,0.007949777334432596
48.24,8.938618919816903,-3.238943536152856,0.5609684280679913,0.00799751227390797
48.25,8.964881220548161,-3.1558200063157056,0.5815429596938781,0.008048065109599219
48.26,8.99010026401584,-3.072272386517727,0.6029524669062449,0.008101647980789798
48.27,9.014263346148109,-2.9883103341147783,0.6252294257162982,0.008158487613551419
48.28,9.037357530634193,-2.9039436541198165,0.6484072692408744,0.008218825919474837
48.29,9.05936964086746,-2.8191823018636026,0.6725203821607985,0.008282920557284431
48.300000000000004,9.080286251991879,-2.7340363857409002,0.6976040909242595,0.00835104544461752
48.31,9.10009368309745,-2.64851617004108,0.7236946492455113,0.0084234912054608
48.32,9.118777989614886,-2.5626320778615654,0.7508292184206874,0.008500565536810074
48.33,9.136324955964692,-2.476394694102012,0.7790458419536764,0.008582593476053807
48.34,9.152720088520983,-2.389814768536544,0.8083834139560593,0.008669917548389083
48.35,9.167948608955875,-2.3029032189607284,0.8388816407563248,0.008762897771272914
48.36,9.18199544803603,-2.2156711344092663,0.8705809951252753,0.008861911490509515
48.370000000000005,9.194845239948947,-2.1281297784396465,0.9035226624970463,0.0089673530201062
48.38,9.206482317242891,-2.0402905924761634,0.9377484785389184,0.00907963305552719
48.39,9.216890706470883,-1.9521651992078406,0.9733008573985517,0.009199177827481716
48.4,9.226054124635938,-1.8637654060328337,1.0102227099349395,0.009326427960953817
48.410000000000004,9.233955976541674,-1.775103208540873,1.0485573512198616,0.009461837001881555
48.42,9.24057935315956,-1.6861907940242065,1.088348396580551,0.009605869571802263
48.43,9.245907031131333,-1.5970405450063399,1.129639645442409,0.009758999108989095
48.44,9.249921473532423,-1.507665042776619,1.1724749522237,0.009921705153221579
48.45,9.252604832029618,-1.4180770709173856,1.2168980835330911,0.010094470130481292
48.46,9.253938950573511,-1.3282896188090376,1.2629525609266268,0.01027777559368386
48.47,9.253905370773511,-1.238315885096853,1.310681488494241,0.010472097876206
48.480000000000004,9.252485339110192,-1.1481692811018889,1.3601273645683136,0.010677903116614785
48.49,9.249659816146544,-1.057863434156651,1.4113318768791976,0.010895641615843048
48.5,9.245409487905956,-0.9674121908445369,1.4643356805263177,0.011125741492281753
48.51,9.239714779590683,-0.8768296201203084,1.5191781581896096,0.011368601606089991
48.52,9.232555871819613,-0.7861300162870358,1.575897162076038,0.011624583731674791
48.53,9.223912719568657,-0.6953279018030936,1.6345287371810384,0.01189400396698787
48.54,9.213765074000397,-0.6044380298908831,1.6951068255462831,0.012177123380241166
48.550000000000004,9.20209250737206,-0.5134753869170203,1.757662951314522,0.012474137909061015
48.56,9.188874441211777,-0.4224551945117645,1.8222258865206418,0.012785167544162377
48.57,9.174090177952683,-0.33139291139350324,1.8888212977167471,0.01311024484947507
48.58,9.157718936212131,-0.24030423486214894,1.9574713737090927,0.01344930289339071
48.59,9.139739889899182,-0.14920510192337655,2.028194434887011,0.013802162691452938
48.6,9.120132211327256,-0.05811169000375045,2.1010045248493814,0.014168520289337058
48.61,9.098875118500077,0.03295958278501902,2.1759109852831595,0.014547933646205616
48.620000000000005,9.075947926727805,0.12399205787616309,2.2529180153212485,0.014939809512215184
48.63,9.051330104716,0.2149688370173472,2.3320242169034304,0.015343390529673356
48.64,9.025001335252842,0.3058727836260655,2.413222127983605,0.015757742824531795
48.65,8.996941580599417,0.3966865247786814,2.496497745768173,0.016181744392799645
48.660000000000004,8.967131152663729,0.48739245388188585,2.5818300425324763,0.016614074624120182
48.67,8.935550788011314,0.5779727340761146,2.669190476942512,0.017053205341024814
48.68,8.90218172773351,0.6684093024209362,2.758542504204888,0.017497393765884516
48.69,8.867005802158754,0.7586838749125621,2.8498410887754093,0.017944677856743786
48.7,8.830005520352366,0.8487779523833829,2.9430322237715174,0.018392874476266842
48.71,8.791164164306217,0.9386728273327772,3.038052461650657,0.0188395808729801
48.72,8.750465887671593,1.0283495917373089,3.1348284611294797,0.019282179958769186
48.730000000000004,8.7078958188362,1.1177891458868014,3.233276555720564,0.01971784985898032
48.74,8.663440168090208,1.2069722082906007,3.3333023496461283,0.020143578189278588
48.75,8.617086338566343,1.2958793266955737,3.434800347243381,0.020556181474476992
48.76,8.568823040575888,1.3844908902540098,3.537653622294039,0.0209523300668933
48.77,8.518640408896351,1.4727871428755546,3.6417335339810673,0.021328578843726326
48.78,8.466530122498135,1.560748197792583,3.746899496387882,0.02168140386320075
48.79,8.412485526127298,1.648354053363002,3.8529988085980387,0.022007245037125832
48.800000000000004,8.356501753090368,1.7355846101283212,3.959866552515207,0.0223025547330647
48.81,8.298575848515851,1.8224196891379743,4.067325565492668,0.0225638520534232
48.82,8.238706892296753,1.9088390515432667,4.175186494727489,0.022787782353355324
48.83,8.176896120849976,1.9948224194560387,4.28324794012637,0.022971181357490343
48.84,8.113147046763249,2.080349498058128,4.391296691978422,0.023111143021374736
48.85,8.04746557533949,2.165399998938093,4.499108069266516,0.023205090062735106
48.86,7.979860116993574,2.2499536646214016,4.606446363806876,0.023250845866986312
48.870000000000005,7.910341694408736,2.333990294249536,4.71306539462191,0.02324670625880526
48.88,7.838924043320871,2.4174897703522165,4.818709176022056,0.02319150943605828
48.89,7.765623705770052,2.5004320866453633,4.923112701799772,0.02308470219369009
48.9,7.690460114641257,2.582797376775562,5.026002846727071,0.022926400433609155
48.910000000000004,7.613455668311836,2.664565943919812,5.12709938520524,0.022717441872434213
48.92,7.534635794232949,2.7457182911373583,5.2261161254532515,0.02245942883208917
48.93,7.454029000297196,2.826235152358571,5.32276215605573,0.022154759037554685
48.94,7.371666912885824,2.90609752388431,5.4167432000417906,0.021806642458962376
48.95,7.287584300547038,2.985286696258155,5.507763069956413,0.02141910242686786
48.96,7.201819082332433,3.0637842863634788,5.595525215643518,0.02099695952244891
48.97,7.114412319911647,3.1415722695877535,5.679734354715381,0.020545797097814116
48.980000000000004,7.025408192695814,3.218633011887895,5.760098173970021,0.020071907711220846
48.99,6.9348539553277675,3.294949301583041,5.836329088372559,0.019582220259534523
49.0,6.8427998770403855,3.370504380695085,5.908146042675572,0.019084208143502566
49.01,6.749299162542635,3.4452819756527227,5.97527633935485,0.018585779394330423
49.02,6.654407854264252,3.5192663271718323,6.037457475318196,0.018095150303123447
49.03,6.558184715972492,3.592442219123854,6.094438968841611,0.017620704705646743
49.04,6.460691097965726,3.6647950062045336,6.145984157432602,0.017170841659186684
49.050000000000004,6.361990784246145,3.7363106402180666,6.191871946843736,0.01675381478071596
49.06,6.2621498222745595,3.806975694796322,6.2318984912853015,0.01637756697094789
49.07,6.161236336111114,3.8767773883795207,6.265878785032766,0.01604956460361004
49.08,6.059320323943352,3.9457036052934304,6.293648146104231,0.01577663549260982
49.09,5.956473441194104,4.013742914768784,6.315063573499903,0.015564815045060932
49.1,5.85276877058276,4.0808845877611954,6.330004960645937,0.015419204953980322
49.11,5.748280580681306,4.147118611444144,6.338376149157306,0.015343848575598883
49.120000000000005,5.643084074657945,4.2124357012635505,6.34010580880854,0.015341626774144001
49.13,5.537255131033187,4.276827310459878,6.335148131649469,0.015414177510147169
49.14,5.430870038383583,4.340285636982326,6.323483330490385,0.015561841812190096
49.15,5.324005226014348,4.402803627739364,6.305117934465386,0.01578363802824159
49.160000000000004,5.21673699268247,4.464374980150301,6.280084877017112,0.01607726542850807
49.17,5.109141235485077,4.524994140983535,6.248443374378909,0.01643913735836583
49.18,5.0012931810332715,4.5846563024883205,6.2102785954076065,0.016864443251472853
49.19,4.8932671210090355,4.643357395848038,6.165701126385777,0.01734723794457816
49.2,4.78513615415271,4.701094082003773,6.1148462371113785,0.01788055592109375
49.21,4.6769719366517215,4.7578637399172505,6.057872957171449,0.0184565473819156
49.22,4.5688444427993105,4.813664452361536,5.994962973704862,0.019066632426967864
49.230000000000004,4.460821737666798,4.868494989346192,5.926319364151567,0.019701669151801736
49.24,4.352969763386913,4.922354789300535,5.852165179422568,0.02035213113620584
49.25,4.245352140481533,4.975243938154068,5.772741894573324,0.02100828963505062
49.26,4.138029985487975,5.027163146466901,5.688307745398214,0.021660395777107745
49.27,4.031061745946895,5.07811372477488,5.59913597036793,0.022298858229881476
49.28,3.924503053615321,5.128097557324146,5.505512977996416,0.022914412085564762
49.29,3.818406596563822,5.177117074377783,5.407736460048475,0.023498275147442547
49.300000000000004,3.7128220106105645,5.225175223283177,5.306113470990668,0.024042288325255477
49.31,3.6077957903405005,5.272275438492573,5.200958493761006,0.024539037456863505
49.32,3.5033712197580904,5.318421610731191,5.092591511308245,0.024981954534863147
49.33,3.3995883224298016,5.363618055507153,4.981336102455849,0.025365397003076294
49.34,3.2964838307906135,5.407869481155534,4.867517579510102,0.025684704472405125
49.35,3.194091174119219,5.4511809566050635,4.751461183690977,0.02593623286387192
49.36,3.0924404845313807,5.493557879050696,4.633490352955193,0.02611736659719989
49.370000000000005,2.9915586202015185,5.53500594170836,4.513925075141549,0.02622650998823275
49.38,2.891469204900166,5.575531101820036,4.393080337637338,0.0262630594842328
49.39,2.7921926828302177,5.6151395490679885,4.2712646829789085,0.026227358743424044
49.4,2.6937463876582393,5.653837674546651,4.148778877994905,0.026120638849198293
49.410000000000004,2.5961446245685704,5.691632040429542,4.025914702310612,0.025944946139440886
49.42,2.499398764117227,5.728529350456904,3.9029538602862877,0.025703060230389086
49.43,2.4035173466291297,5.764536421357542,3.7801670187880547,0.025398404828403477
49.44,2.3085061958651103,5.799660155305903,3.6578129716094727,0.025034953860614294
49.45,2.214368540683462,5.833907513502887,3.536137929894236,0.024617135327039755
49.46,2.121105143433281,5.867285490956331,3.415374936570066,0.02414973509409349
49.47,2.028714433842185,5.899801092524714,3.295743401601606,0.023637802624579672
49.480000000000004,1.937192647197747,5.931461310275604,3.177448753812822,0.023086560384472182
49.49,1.8465339656686834,5.962273102198604,3.060682204120444,0.022501318393642507
49.5,1.7567306616670222,5.9922433723014255,2.9456206142594716,0.021887395106990906
49.51,1.6677732422146068,6.021378952107024,2.832426464466997,0.021250045533711126
49.52,1.5796505933450011,6.04968658355976,2.7212479131163887,0.020594397233851345
49.53,1.4923501236437116,6.07717290333921,2.6122189409530003,0.01992539457959415
49.54,1.4058579061043721,6.103844428571635,2.505459572366182,0.01924775143892157
49.550000000000004,1.3201588175549326,6.129707543921264,2.4010761660303404,0.01856591223522549
49.56,1.2352366749848502,6.154768490036409,2.29916176724918,0.017884021160253886
49.57,1.1510743681808309,6.179033353319073,2.199796514430574,0.017205899170587062
49.58,1.06765398815393,6.2025080569811175,2.103048092293022,0.016535028279571533
49.59,0.9849569509140472,6.225198353345128,2.0089722246467683,0.01587454256635054
49.6,0.9029641162184073,6.247109817343996,1.917613199891954,0.015227225259651204
49.61,0.8216559009879778,6.268247841169708,1.8290044227218418,0.014595511214106304
49.620000000000005,0.741012387149522,6.288617630019002,1.7431689859008896,0.013981494078519674
49.63,0.6610134237207999,6.30822419888134,1.6601202563957633,0.01338693745581979
49.64,0.5816387230120816,6.327072370312962,1.5798624705635964,0.012813289370589953
49.65,0.5028679508684917,6.345166773139692,1.5023913335380774,0.012261699389139472
49.660000000000004,0.4246808109246694,6.362511842030521,1.427694618393375,0.01173303777631987
49.67,0.34705712288583224,6.379111817883812,1.3557527611024551,0.011227916120109184
49.68,0.2699768948875862,6.394970748968179,1.2865394477348393,0.010746708907025618
49.69,0.19342039002086614,6.410092492760705,1.2200221907549693,0.010289575586588533
49.7,0.11736818713832767,6.424480718426027,1.1561628916825628,0.009856482719500948
49.71,0.04180123608453472,6.438138909881035,1.094918387757829,0.009447225860439543
49.72,-0.0332990924854171,6.451070369391331,1.0362409806150612,0.009061450881040305
49.730000000000004,-0.10795096251541762,6.463278221647265,0.9800789453063701,0.00869867449085551
49.74,-0.18217203298707346,6.474765418269139,0.9263770183321969,0.008358303762964685
49.75,-0.2559794231762752,6.48553474269316,0.875076863626199,0.008039654516004838
49.76,-0.32938968250657774,6.495588815391766,0.8261175157090285,0.007741968445286379
49.77,-0.4024187647712992,6.504930099384122,0.7794357994686325,0.007464428932194667
49.78,-0.47508200649150684,6.513560905994793,0.7349667262445059,0.00720617549319171
49.79,-0.5473941091744289,6.521483400820876,0.6926438660905545,0.006966316857494333
49.800000000000004,-0.6193691252360871,6.528699609870138,0.6523996962668003,0.006743942686068988
49.81,-0.6910204473528766,6.535211425835004,0.614165926165136,0.006538133964174384
49.82,-0.7623608010092231,6.5410206144695175,0.5778737990098738,0.006347972115576417
49.83,-0.8334022400121414,6.546128821038626,0.5434543707911539,0.006172546899064324
49.84,-0.9041561447483164,6.550537576811377,0.5108387669896435,0.006010963157340997
49.85,-0.9746332229650784,6.554248305571746,0.47995841773564313,0.005862346495079979
49.86,-1.0448435128631832,6.5572623301229465,0.45074527211598514,0.005725847967271319
49.870000000000005,-1.1147963882965088,6.5595808787630885,0.4231319923992001,0.005600647861242511
49.88,-1.1845005658815055,6.561205091712041,0.39705212899454817,0.005485958656249323
49.89,-1.2539641138273838,6.562136027471227,0.37244027699481036,0.005381027243573864
49.9,-1.323194462306479,6.5623746690999125,0.34923221517731146,0.0052851364879112845
49.910000000000004,-1.3921984151929057,6.5619219303932645,0.32736502835353903,0.005197606207716315
49.92,-1.4609821630064284,6.560778661949108,0.30677721396589896,0.005117793648333966
49.93,-1.529551296907349,6.5589456571118845,0.2874087738315179,0.005045093517349876
49.94,-1.5979108235970847,6.556423657783767,0.2692012919284,0.004978937646833848
49.95,-1.666065180987924,6.553213360094295,0.252097999109447,0.004918794342160971
49.96,-1.734018254514159,6.549315419921198,0.23604382561556322,0.0048641674720035335
49.97,-1.8017733939653426,6.544730458256282,0.2209854422409352,0.004814595348996465
49.980000000000004,-1.8693334307308016,6.539459066411419,0.206871290982195,0.004769649445575345
49.99,-1.936700695352676,6.5335018110607095,0.19365160597907008,0.004728932984637156
50.0,-2.0038770352926814,6.526859239115886,0.181278425527778,0.004692079440033564
50.01,-2.0708638328254305,6.51953188243294,0.16970559592027226,0.0046587509775144476
50.02,-2.1376620229785193,6.511520262348746,0.15888876783287048,0.00462863686262501
50.03,-2.2042721114466617,6.502824894047274,0.1487853859571477,0.004601451858240708
50.04,-2.270694192413924,6.49344629075562,0.13935467253456107,0.004576934630911644
50.050000000000004,-2.3369279662245743,6.483384967770753,0.13055760542436284,0.004554846181984621
50.06,-2.4029727568492056,6.472641446318417,0.1223568913021958,0.004534968316573629
50.07,-2.4688275290986246,6.461216257246147,0.11471693455456677,0.004517102160852338
50.08,-2.5344909055435116,6.44910994455281,0.10760380240234152,0.0045010667358312915
50.09,-2.5999611831030496,6.436323068757469,0.1009851867546673,0.0044866975937468785
50.1,-2.665236349270616,6.4228562101107345,0.09483036326344743,0.004473845521411125
50.11,-2.730314097949206,6.4087099716520575,0.08911014801779084,0.0044623753133331044
50.120000000000005,-2.7951918448735342,6.393884982116678,0.08379685228784517,0.004452164616107607
50.13,-2.8598667425997553,6.378381898696166,0.07886423569818587,0.004443102844453884
50.14,-2.92433569504743,6.362201409656676,0.07428745818255365,0.004435090168360389
50.15,-2.9885953715817988,6.3453442368191695,0.07004303104427251,0.0044280365700302944
50.160000000000004,-3.05264222062757,6.327811137905965,0.06610876742019546,0.004421860968709385
50.17,-3.1164724828083243,6.309602908758102,0.0624637324205559,0.004416490410998168
50.18,-3.1800822036082885,6.290720385427984,0.05908819319268506,0.004411859323884133
50.19,-3.2434672455556313,6.271164446151883,0.05596356913321421,0.004407908827465725
50.2,-3.3066232999286207,6.2509360132068075,0.053072382451132064,0.004404586104161497
50.21,-3.369545897987936,6.2300360546562965,0.05039820926292415,0.004401843821094172
50.22,-3.432230421740197,6.20846558598962,0.047925631380984955,0.004399639602297064
50.230000000000004,-3.4946721142393167,6.186225671658833,0.04564018893756513,0.004397935547399965
50.24,-3.5568660894336777,6.163317426518076,0.04352833396868644,0.004396697793504341
50.25,-3.6188073415683255,6.139742017169415,0.04157738506571648,0.004395896117042149
50.26,-3.6804907541524114,6.11550066321945,0.0397754831866259,0.00439550357252637
50.27,-3.741911108503015,6.090594638450797,0.0381115487043342,0.004395496165232525
50.28,-3.8030630918772097,6.0650252719124715,0.03657523975596224,0.004395852554997406
50.29,-3.863941305204861,6.038793948933049,0.03515691194422411,0.004396553788477871
50.300000000000004,-3.924540270435128,6.011902112060403,0.033847579430578305,0.004397583057374133
50.31,-3.984854437510027,5.98435126193166,0.03263887744908783,0.004398925480286587
50.32,-4.044878190978687,5.956142958076896,0.03152302626017581,0.00440056790603842
50.33,-4.1046058562661045,5.9272788196599775,0.030492796554573116,0.004402498736457343
50.34,-4.164031705610315,5.897760526159806,0.029541476309700783,0.004404707766766471
50.35,-4.223149963681893,5.867589817995094,0.028662839093473457,0.004407186041884275
50.36,-4.2819548128996665,5.83676849709567,0.027851113804014102,0.004409925727076901
50.370000000000005,-4.340440398456392,5.80529842742319,0.027100955827993496,0.004412919991542623
50.38,-4.398600833067981,5.773181535443967,0.02640741959521249,0.004416162903635442
50.39,-4.456430201459641,5.740419810556537,0.025765932502590193,0.004419649336553771
50.4,-4.513922564602042,5.7070153054764425,0.025172270176868055,0.004423374883431883
50.410000000000004,-4.571071963710304,5.672970136580575,0.024622533042048905,0.004427335780873937
50.42,-4.627872424018278,5.6382864842133085,0.024113124154822942,0.004431528840064439
50.43,-4.684317958340243,5.602966592956546,0.023640728268951413,0.004435951384676612
50.44,-4.740402570431749,5.567012771865664,0.02320229208774633,0.0044406011948776355
50.45,-4.796120258160948,5.530427394673243,0.022795005662365152,0.0044454764568031815
50.46,-4.851465016501334,5.49321289996237,0.022416284892597758,0.00445057571693826
50.47,-4.906430840356418,5.4553717913111734,0.022063755086125975,0.004455897840899619
50.480000000000004,-4.961011727226403,5.4169066374101735,0.021735235531850822,0.0044614419761694725
50.49,-5.015201679726524,5.377820072153927,0.021428725042778672,0.004467207518377601
50.5,-5.068994707966275,5.338114794708345,0.021142388424105454,0.004473194080771423
50.51,-5.122384831798311,5.297793569554995,0.02087454382250954,0.004479401466552413
50.52,-5.175366082945409,5.256859226513588,0.020623650913233024,0.004485829643792029
50.53,-5.227932507013422,5.2153146607438075,0.020388299882272753,0.004492478722670121
50.54,-5.280078165397784,5.173162832727523,0.020167201161893217,0.004499348934806926
50.550000000000004,-5.331797137090687,5.130406768232391,0.019959175878692066,0.004506440614483901
50.56,-5.383083520395689,5.0870495582577595,0.019763146974574694,0.0045137541815700516
50.57,-5.433931434556106,5.043094358963736,0.01957813096220901,0.004521290125989758
50.58,-5.484335021303184,4.998544391584225,0.019403230277817554,0.004529048993585764
50.59,-5.534288446329695,4.9534029423246695,0.01923762619550602,0.004537031373245696
50.6,-5.583785900694241,4.907673362245181,0.01908057226871047,0.004545237885173442
50.61,-5.632821602161225,4.861359067129719,0.018931388265757305,0.004553669170200427
50.620000000000005,-5.6813897964811515,4.814463537341881,0.018789454567958268,0.004562325880041049
50.63,-5.72948475861558,4.766990317667882,0.01865420700009738,0.004571208668405792
50.64,-5.777100793910795,4.718943017147212,0.01852513206459793,0.0045803181828962865
50.65,-5.824232239223968,4.670325308891443,0.01840176255207752,0.004589655057610967
50.660000000000004,-5.8708734640053315,4.6211409298916335,0.018283673502400347,0.004599219906399182
50.67,-5.9170188713396294,4.57139368081471,0.01817047849171216,0.004609013316707076
50.68,-5.962662898949882,4.521087425789215,0.018061826222289343,0.004619035843962707
50.69,-6.007800020166279,4.47022609218075,0.017957397393344628,0.004629288006454569
50.7,-6.052424744862798,4.41881367035744,0.017856901832204668,0.004639770280660912
50.71,-6.096531620363972,4.366854213445693,0.017760075866505548,0.004650483096991223
50.72,-6.140115232324006,4.31435183707655,0.017666679919239293,0.004661426835905081
50.730000000000004,-6.18317020558031,4.26131071912284,0.01757649630962545,0.00467260182437714
50.74,-6.225691204983332,4.207735099427401,0.017489327243875738,0.004684008332678674
50.75,-6.26767293620442,4.153629279522545,0.01740499298096559,0.004695646571449866
50.76,-6.309110146523311,4.098997622340994,0.01732333015952396,0.004707516689039023
50.77,-6.34999762559671,4.043844551918437,0.0172441902729017,0.004719618769087131
50.78,-6.390330206209291,3.988174553087898,0.017167438280379834,0.004731952828337429
50.79,-6.43010276500835,3.9319921711660473,0.017092951343332236,0.004744518814652705
50.800000000000004,-6.469310223223222,3.875302011631616,0.0170206176759639,0.0047573166052239015
50.81,-6.507947547370487,3.818108739796034,0.016950335501006768,0.004770346004954593
50.82,-6.546009749945883,3.760417080466415,0.016882012101471437,0.004783606745008521
50.83,-6.583491890103776,3.7022318176010094,0.016815562960226297,0.0047970984815076285
50.84,-6.620389074324955,3.643557793957216,0.016750910979807035,0.004810820794369252
50.85,-6.656696457073435,3.5843999107322686,0.01668798577545084,0.004824773186272431
50.86,-6.692409241442899,3.524763127196677,0.01662672303490245,0.004838955081744431
50.870000000000005,-6.727522679793351,3.464652460320512,0.01656706393905506,0.004853365826358793
50.88,-6.762032074378481,3.4040729843926187,0.01650895463797007,0.004868004686037279
50.89,-6.795932777964201,3.3430298306328297,0.016452345777266772,0.0048828708464490585
50.9,-6.829220194438769,3.281528186797254,0.01639719207028889,0.004897963412500999
50.910000000000004,-6.861889779414862,3.2195732967767086,0.0163434519118403,0.0049132814079131
50.92,-6.8939370408239276,3.1571704601883592,0.01629108702963947,0.004928823774874204
50.93,-6.925357539503111,3.0943250319606297,0.016240062169972626,0.004944589373773249
50.94,-6.956146889775004,3.031042421911443,0.016190344814330807,0.0049605769830020725
50.95,-6.9863007600204625,2.9673280943198472,0.01614190492409775,0.004976785298825836
50.96,-7.015814873244671,2.903187567491088,0.01609471471061498,0.004993212935317731
50.97,-7.044685007636656,2.838626413315172,0.016048748428189447,0.005009858424354956
50.980000000000004,-7.072906997122377,2.7736502568189816,0.016003982187828506,0.005026720215672918
50.99,-7.100476731911545,2.7082647757119864,0.01596039378968872,0.00504379667697555
51.0,-7.127390159038274,2.6424756999256034,0.015917962572409815,0.005061086094099376
51.01,-7.15364328289567,2.576288811146252,0.015876669277674404,0.005078586671228859
51.02,-7.179232165764426,2.509709942342155,0.015836495928489094,0.005096296531161817
51.03,-7.2041529283355095,2.4427449772839296,0.015797425719824218,0.005114213715622985
51.04,-7.228401750226981,2.375399850059015,0.015759442920378675,0.005132336185623832
51.050000000000004,-7.251974870494998,2.307680544579986,0.015722532784354346,0.0051506618218679495
51.06,-7.274868588139032,2.239593094086793,0.015686681472232004,0.005169188425200313
51.07,-7.297079262601334,2.1711435806429806,0.015651875979638397,0.005187913717099391
51.08,-7.318603314260647,2.1023381346259225,0.015618104073483177,0.005206835340210948
51.09,-7.339437224920198,2.033182934211127,0.015585354234625107,0.005225950858922892
51.1,-7.359577538289948,1.9636842048506513,0.015553615606400324,0.005245257759980087
51.11,-7.379020860463118,1.8938482187456722,0.015522877948411945,0.005264753453138344
51.120000000000005,-7.39776386038697,1.8236812943132619,0.015493131595040534,0.005284435271856864
51.13,-7.415803270327833,1.7531897956474112,0.01546436741818947,0.005304300474028417
51.14,-7.433135886330361,1.6823801319743477,0.015436576793828621,0.005324346242746772
51.15,-7.449758568670993,1.6112587571021957,0.015409751571944243,0.00534456968711052
51.160000000000004,-7.4656682423055996,1.5398321688650238,0.015383884049543294,0.005364967843063019
51.17,-7.48086189731129,1.4681069085613279,0.015358966946396654,0.0053855376742675395
51.18,-7.4953365893223385,1.3960895603869972,0.015334993383238469,0.005406276073017407
51.19,-7.509089439960212,1.3237867508628105,0.015311956862168305,0.005427179861180579
51.2,-7.522117637257656,1.251205148256512,0.015289851249029362,0.0054482457911780285
51.21,-7.534418436076814,1.1783514619995143,0.01526867075755984,0.005469470546995617
51.22,-7.5459891585213255,1.105232442098278,0.015248409935136022,0.005490850745228862
51.230000000000004,-7.556827194342386,1.0318548785404191,0.015229063649944915,0.005512382936160318
51.24,-7.566930001338718,0.9582256006955924,0.01521062707944156,0.005534063604868871
51.25,-7.576295105750408,0.8843514767112022,0.015193095699961698,0.005555889172370733
51.26,-7.584920102646593,0.8102394129029926,0.015176465277374322,0.005577855996791594
51.27,-7.592802656306915,0.7358963531405671,0.015160731858671186,0.005599960374569385
51.28,-7.599940500596751,0.6613292782278916,0.015145891764401459,0.005622198541687389
51.29,-7.606331439336131,0.5865452052788318,0.015131941581869698,0.005644566674937112
51.300000000000004,-7.611973346662335,0.5115511870877801,0.015118878159024327,0.005667060893210461
51.31,-7.61686416738611,0.43635431149542414,0.015106698598971706,0.0056896772588208005
51.32,-7.621001917341464,0.360961700749712,0.015095400255058086,0.005712411778852444
51.33,-7.624384683729009,0.2853805108620693,0.015084980726468118,0.005735260406538016
51.34,-7.627010625452791,0.2096179309589225,0.015075437854294268,0.0057582190426632655
51.35,-7.628877973450583,0.13368118262858558,0.015066769718036603,0.0057812835369988125
51.36,-7.629985031017586,0.05757751926356537,0.01505897463249694,0.005804449689758318
51.370000000000005,-7.630330174123503,-0.018685774601656602,0.015052051145035415,0.005827713253082586
51.38,-7.62991185172294,-0.09510138395730877,0.015045998033161158,0.005851069932549065
51.39,-7.6287285860591005,-0.1716619639894224,0.015040814302431966,0.0058745153887061925
51.4,-7.626778972960725,-0.24836014075527418,0.015036499184640756,0.005898045238632112
51.410000000000004,-7.624061682132237,-0.32518851186311964,0.015033052136269166,0.005921655057517124
51.42,-7.620575457437058,-0.4021396471561573,0.01503047283719095,0.005945340380269395
51.43,-7.616319117174045,-0.47920608940066417,0.015028761189609854,0.005969096703143283
51.44,-7.611291554347028,-0.556380354978241,0.015027917317218507,0.005992919485389726
51.45,-7.605491736927386,-0.6336549345821072,0.015027941564566487,0.00601680415092816
51.46,-7.598918708109637,-0.7110222939173829,0.015028834496627176,0.0060407460900392855
51.47,-7.591571586560009,-0.7884748744052965,0.015030596898554332,0.006064740661078055
51.480000000000004,-7.583449566657938,-0.8660050938912545,0.015033229775620466,0.006088783192206405
51.49,-7.574551918730478,-0.9436053473567115,0.015036734353330188,0.0061128689831449565
51.5,-7.564877989279562,-1.0212680076347758,0.015041112077702572,0.006136993306943097
51.51,-7.554427201202104,-1.098985426129486,0.01504636461571751,0.006161151411766843
51.52,-7.54319905400289,-1.1767499335386966,0.015052493855921714,0.006185338522703673
51.53,-7.531193124000228,-1.2545538405805032,0.015059501909190778,0.006209549843583931
51.54,-7.518409064524329,-1.3323894387231465,0.015067391109644281,0.0062337805588178535
51.550000000000004,-7.504846606108379,-1.4102490009183253,0.015076164015711511,0.006258025835247657
51.56,-7.4905055566722725,-1.4881247823378543,0.015085823411345893,0.0062822808240140466
51.57,-7.475385801698975,-1.5660090211135986,0.015096372307386668,0.006306540662436293
51.58,-7.459487304403488,-1.6438939390806182,0.015107813943066817,0.006330800475905386
51.59,-7.442810105894381,-1.7217717425234547,0.015120151787666597,0.006355055379789329
51.6,-7.425354325327857,-1.7996346229254907,0.015133389542312444,0.006379300481349906
51.61,-7.407120160054337,-1.8774747577213156,0.015147531141921312,0.006403530881670323
51.620000000000005,-7.388107885757521,-1.9552843110520257,0.01516258075729088,0.006427741677592861
51.63,-7.3683178565859055,-2.033055434523393,0.015178542797336292,0.0064519279636657155
51.64,-7.347750505276724,-2.1107802679668266,0.01519542191147444,0.006476084834098544
51.65,-7.3264063432722955,-2.188450940203066,0.015213222992157022,0.006500207384725707
51.660000000000004,-7.304285960828743,-2.266059569808524,0.015231951177553882,0.006524290714976354
51.67,-7.281390027117066,-2.343598265884217,0.015251611854388393,0.006548329929851023
51.68,-7.25771929031654,-2.4210591288272068,0.01527221066092684,0.006572320141903605
51.69,-7.2332745777004215,-2.4984342511044857,0.015293753490124053,0.0065962564732278545
51.7,-7.208056795713927,-2.5757157180292265,0.015316246492927692,0.006620134057447848
51.71,-7.182066930044484,-2.652895608539331,0.015339696081743882,0.006643948041711708
51.72,-7.155306045684211,-2.729965995978201,0.01536410893406704,0.0066676935886874015
51.730000000000004,-7.127775286984618,-2.8069189488776596,0.015389491996277016,0.006691365878559996
51.74,-7.0994758777035125,-2.883746531742945,0.01541585248760684,0.006714960111029818
51.75,-7.070409121044076,-2.960440805839712,0.015443197904284611,0.006738471507310387
51.76,-7.04057639968611,-3.036993829982956,0.015471536023853271,0.006761895312125339
51.77,-7.009979175809425,-3.1133976613277925,0.01550087490967221,0.006785226795703517
51.78,-6.9786189911093635,-3.1896443561620136,0.015531222915604912,0.006808461255771716
51.79,-6.946497466804427,-3.2657259707003474,0.015562588690897031,0.00683159401954406
51.800000000000004,-6.91361630363601,-3.3416345618803454,0.01559498118524954,0.006854620445706776
51.81,-6.879977281860216,-3.417362188159818,0.015628409654091825,0.0068775359263980465
51.82,-6.845582261231749,-3.4929009103157487,0.015662883664059837,0.006900335889182369
51.83,-6.8104331809798575,-3.5682427922446034,0.015698413098684662,0.006923015799017799
51.84,-6.774532059776331,-3.6433799017639643,0.015735008164297102,0.006945571160215491
51.85,-6.737880995695539,-3.7183043114154053,0.01577267939615414,0.006967997518391398
51.86,-6.700482166166487,-3.793008099268538,0.01581143766479344,0.006990290462408532
51.870000000000005,-6.6623378279168985,-3.8674833497261467,0.01585129418262227,0.007012445626308823
51.88,-6.623450316909309,-3.941722154330332,0.015892260510747516,0.0070344586912346576
51.89,-6.5838220482691545,-4.015716612569595,0.015934348566053833,0.007056325387338423
51.9,-6.54345551620487,-4.089458832686773,0.015977570628537177,0.0070780414956794725
51.910000000000004,-6.502353293919964,-4.162940932487753,0.016021939348901296,0.007099602850107907
51.92,-6.460518033517096,-4.236155040150884,0.01606746775642517,0.0071210053391340695
51.93,-6.417952465894121,-4.309093295037013,0.016114169267109606,0.007142244907782961
51.94,-6.374659400632126,-4.381747848500059,0.016162057692111622,0.007163317559432861
51.95,-6.330641725875438,-4.454110864698047,0.016211147246475578,0.007184219357637385
51.96,-6.285902408203609,-4.526174521404528,0.016261452558170436,0.007204946427929912
51.97,-6.24044449249538,-4.597931010820299,0.016312988677442825,0.007225494959609702
51.980000000000004,-6.194271101784618,-4.669372540385352,0.016365771086496138,0.007245861207509044
51.99,-6.147385437108233,-4.740491333590954,0.016419815709506146,0.007266041493740377
52.0,-6.0997907773460796,-4.811279630791809,0.016475138922984203,0.007286032209422693
52.01,-6.051490479052832,-4.881729690018181,0.01653175756649945,0.007305829816386467
52.02,-6.002487976281861,-4.951833787787941,0.016589688953771987,0.007325430848856304
52.03,-5.95278678040109,-5.021584219918423,0.016648950884149444,0.007344831915110257
52.04,-5.902390479900863,-5.090973302338024,0.016709561654479874,0.007364029699115308
52.050000000000004,-5.85130274019381,-5.159993371897472,0.016771540071394486,0.007383020962138431
52.06,-5.799527303406733,-5.228636787180667,0.016834905464014213,0.007401802544332094
52.07,-5.747067988164509,-5.296895929315029,0.016899677697094797,0.007420371366293214
52.08,-5.693928689366032,-5.364763202781257,0.01696587718462557,0.007438724430595561
52.09,-5.640113377952196,-5.432231036222437,0.017033524903897826,0.007456858823294231
52.1,-5.585626100665933,-5.4992918832524005,0.01710264241005931,0.007474771715401548
52.11,-5.53047097980432,-5.565938223263258,0.01717325185117201,0.0074924603643339565
52.120000000000005,-5.474652212962772,-5.632162562232034,0.017245375983791205,0.007509922115328768
52.13,-5.4181740727713255,-5.697957433526317,0.017319038189084483,0.007527154402830384
52.14,-5.36104090662304,-5.763315398708832,0.017394262489510103,0.007544154751844838
52.15,-5.303257136394526,-5.828229048340881,0.017471073566075086,0.007560920779262741
52.160000000000004,-5.244827258158623,-5.892691002784547,0.0175494967761941,0.00757745019514886
52.17,-5.185755841889241,-5.956693913003587,0.017629558172171197,0.0075937408039984606
52.18,-5.126047531158388,-6.020230461362939,0.01771128452032735,0.007609790505959549
52.19,-5.065707042825408,-6.083293362426756,0.01779470332079772,0.0076255972980202105
52.2,-5.004739166718441,-6.145875363754889,0.017879842828023587,0.007641159275160172
52.21,-4.943148765308144,-6.207969246697735,0.017966732071964992,0.007656474631466562
52.22,-4.880940773373679,-6.269567827189377,0.018055400880061145,0.007671541661212825
52.230000000000004,-4.818120197661007,-6.33066395653892,0.01814587989996694,0.007686358759899749
52.24,-4.754692116533509,-6.391250522219961,0.018238200623095037,0.007700924425259228
52.25,-4.6906616796149585,-6.451320448658104,0.018332395408994243,0.007715237258218562
52.26,-4.62603410742488,-6.510866698016434,0.01842849751059636,0.007729295963825957
52.27,-4.56081469100632,-6.569882270978877,0.0185265411003649,0.007743099352136122
52.28,-4.495008791546061,-6.628360207531371,0.018626561297380648,0.007756646339055019
52.29,-4.42862183998731,-6.686293587740748,0.018728594195400468,0.007769935947144467
52.300000000000004,-4.361659336634895,-6.743675532531278,0.01883267689192747,0.007782967306384347
52.31,-4.294126850753008,-6.800499204458765,0.01893884751833219,0.007795739654893256
52.32,-4.226030020155521,-6.856757808482134,0.019047145271066265,0.007808252339606328
52.33,-4.157374550788921,-6.912444592732423,0.019157610444011843,0.00782050481690967
52.34,-4.0881662163078945,-6.967552849279108,0.019270284462012,0.007832496653231989
52.35,-4.018410857643605,-7.022075914893669,0.019385209915629274,0.007844227525591262
52.36,-3.948114382564707,-7.0760071718103354,0.01950243059718168,0.007855697222097186
52.370000000000005,-3.8772827652311235,-7.129340048483915,0.019621991538107668,0.007866905642408602
52.38,-3.8059220457406533,-7.182068020344644,0.019743939047713845,0.00787785279814525
52.39,-3.7340383296684303,-7.234184610549976,0.01986832075336167,0.007888538813253833
52.4,-3.6616377875992945,-7.285683390733221,0.01999518564215189,0.007898963924327365
52.410000000000004,-3.5887266546531147,-7.336557981748974,0.02012458410416811,0.007909128480878087
52.42,-3.5153112300031166,-7.386802054415251,0.020256567977343706,0.007919032945563136
52.43,-3.44139787638726,-7.43640933025225,0.02039119059401919,0.007928677894362423
52.44,-3.3669930196127233,-7.485373582217663,0.020528506829260208,0.007938064016709
52.45,-3.2921031480535423,-7.533688635438474,0.02066857315100955,0.007947192115571078
52.46,-3.21673481214146,-7.581348367939156,0.020811447672149996,0.007956063107484963
52.47,-3.1408946238500457,-7.628346711366188,0.020957190204558197,0.007964678022539633
52.480000000000004,-3.0645892561721353,-7.674677651708836,0.021105862315233728,0.007973038004312118
52.49,-2.9878254425906565,-7.72033523001611,0.021257527384591135,0.007981144309752894
52.5,-2.9106099765428985,-7.765313543109819,0.021412250667007048,0.00798899830902167
52.51,-2.832949710878287,-7.809606744293672,0.021570099353718626,0.007996601485273333
52.52,-2.754851557309729,-7.853209044058322,0.0217311426381742,0.008003955434393325
52.53,-2.6763224858585954,-7.8961147107823155,0.021895451783941613,0.008011061864682405
52.54,-2.597369524293407,-7.938318071428842,0.022063100195284856,0.008017922596490859
52.550000000000004,-2.517999757562292,-7.979813512238239,0.022234163490524723,0.008024539561801582
52.56,-2.4382203272192915,-8.020595479416167,0.022408719578304783,0.008030914803762073
52.57,-2.3580384308445783,-8.060658479817391,0.022586848736889695,0.008037050476164974
52.58,-2.2774613214586736,-8.099997081625096,0.022768633696628963,0.008042948842876822
52.59,-2.196496306930731,-8.138605915025664,0.02295415972572566,0.008048612277215879
52.6,-2.1151507493809705,-8.176479672878864,0.02314351471945628,0.008054043261277528
52.61,-2.0334320645773474,-8.213613111383356,0.023336789292995003,0.008059244385207828
52.620000000000005,-1.951347721326532,-8.250001050737474,0.023534076878003025,0.008064218346425183
52.63,-1.8689052408592939,-8.285638375795191,0.023735473823151425,0.008068967948789828
52.64,-1.7861121962103756,-8.320520036717237,0.023941079498754275,0.008073496101721285
52.65,-1.7029762115929479,-8.354641049617273,0.024150996405697255,0.008077805819263244
52.660000000000004,-1.6195049617677386,-8.387996497203071,0.02436533028885621,0.00808190021909626
52.67,-1.5357061714069338,-8.420581529412638,0.024584190255209595,0.008085782521498365
52.68,-1.4515876144529474,-8.452391364045228,0.024807688896858793,0.00808945604825309
52.69,-1.3671571134721634,-8.483421287387158,0.02503594241918094,0.00809292422150499
52.7,-1.2824225390037536,-8.513666654832393,0.025269070774349988,0.008096190562563225
52.71,-1.1973918089036788,-8.543122891497836,0.0255071978004735,0.008099258690652547
52.72,-1.1120728876839854,-8.571785492833243,0.025750451366605,0.008102132321612124
52.730000000000004,-1.026473785847509,-8.59965002522574,0.025998963523904767,0.008104815266542163
52.74,-0.940602559218105,-8.626712126598859,0.026252870663235593,0.008107311430398171
52.75,-0.8544673082665251,-8.652967507006043,0.02651231367949455,0.008109624810533499
52.76,-0.7680761774320651,-8.678411949218582,0.026777438142996948,0.008111759495189844
52.77,-0.6814373544401124,-8.703041309307906,0.027048394478244735,0.008113719661935668
52.78,-0.5945590696157239,-8.726851517222196,0.02732533815042846,0.008115509576053205
52.79,-0.5074495951933727,-8.749838577357254,0.027608429860029732,0.008117133588873778
52.800000000000004,-0.4201172446230028,-8.771998569121596,0.02789783574590987,0.008118596136061841
52.81,-0.3325703718725366,-8.793327647495707,0.02819372759729016,0.008119901735847736
52.82,-0.24481737072698567,-8.813822043585414,0.02849628307505006,0.008121054987209393
52.83,-0.15686667408431892,-8.833478065169345,0.028805685942791627,0.008122060568003391
52.84,-0.06872675324824695,-8.852292097240403,0.029122126308141618,0.008122923233045516
52.85,0.01959388278191182,-8.87026060254125,0.02944580087478715,0.008123647812140847
52.86,0.10808668802411342,-8.88738012209373,0.029776913205766614,0.008124239208063884
52.870000000000005,0.19674308022904294,-8.903647275722191,0.030115673998564685,0.00812470239448914
52.88,0.2855544415979596,-8.919058762570712,0.030462301372588957,0.008125042413872215
52.89,0.37451211950274377,-8.933611361614137,0.03081702116963603,0.008125264375281863
52.9,0.46360742720795156,-8.947301932162931,0.03118006726798673,0.008125373452183459
52.910000000000004,0.5528316445946745,-8.960127414361812,0.03155168191080385,0.008125374880174103
52.92,0.6421760188859963,-8.972084829682114,0.0319321160495414,0.008125273954669956
52.93,0.7316317653738292,-8.983171281407875,0.03232162970311179,0.008125076028546301
52.94,0.8211900681469064,-8.993383955115624,0.032720492333596925,0.008124786509730593
52.95,0.910842080819697,-9.002720119147815,0.03312898323933116,0.008124410858749265
52.96,1.0005789272620025,-9.011177125079934,0.033547391966227934,0.00812395458622883
52.97,1.0903917023289842,-9.018752408181218,0.033976018738268644,0.008123423250351777
52.980000000000004,1.1802714725913614,-9.025443487868996,0.034415174908121404,0.008122822454267965
52.99,1.2702092770655093,-9.031247968156624,0.03486518342890921,0.008122157843462376
53.0,1.3601961279431767,-9.036163538095016,0.03532637934820191,0.00812143510308001
53.01,1.4502230113205317,-9.04018797220776,0.035799110325364224,0.00812065995520843
53.02,1.5402808879262304,-9.043319130919798,0.03628373717345301,0.00811983815611925
53.03,1.630360693848194,-9.045554960979704,0.0367806344269218,0.008118975493469469
53.04,1.7204533412587644,-9.04689349587552,0.037290190936458446,0.008118077783463655
53.050000000000004,1.8105497191378968,-9.04733285624418,0.037812810492353896,0.008117150867978148
53.06,1.9006406939940315,-9.046871250274545,0.03834891247787606,0.008116200611648671
53.07,1.9907171105822745,-9.045506974104008,0.03889893255420296,0.008115232898922698
53.08,2.0807697926194977,-9.043238412208748,0.03946332337855418,0.008114253631078065
53.09,2.170789543495956,-9.040064037787612,0.04004255535724921,0.008113268723209536
53.1,2.2607671469829977,-9.035982413139662,0.04063711743551567,0.008112284101185058
53.11,2.350693367936431,-9.030992190035418,0.041247517925970666,0.008111305698573847
53.120000000000005,2.4405589529950804,-9.025092110081822,0.04187428537780358,0.008110339453548634
53.13,2.5303546312740655,-9.018281005080972,0.042517969488800364,0.00810939130576398
53.14,2.620071115052283,-9.01055779738266,0.043179142062467035,0.00810846719321361
53.15,2.7096991004535833,-9.001921500230766,0.04385839801263422,0.008107573049070026
53.160000000000004,2.799229268121084,-8.99237121810356,0.04455635641805612,0.008106714798508842
53.17,2.8886522838840487,-8.981906147047974,0.045273661629655695,0.0081058983555221
53.18,2.9779587994167347,-8.970525575007901,0.04601098443321443,0.008105129619723957
53.19,3.067139452888573,-8.958228882146608,0.04676902327045956,0.008104414473152997
53.2,3.1561848696050308,-8.94501554116333,0.04754850552166495,0.008103758777076597
53.21,3.245085662638464,-8.930885117604129,0.0483501888530541,0.008103168368801603
53.22,3.333832433448236,-8.915837270167112,0.049174862632475815,0.008102649058497639
53.230000000000004,3.4224157724893485,-8.899871751002113,0.05002334941701509,0.008102206626039218
53.24,3.510826259808789,-8.882988406004948,0.050896506516404635,0.008101846817873716
53.25,3.599054465628767,-8.865187175106346,0.05179522763631624,0.008101575343923102
53.26,3.6870909509159597,-8.84646809255569,0.052720444605837316,0.008101397874527476
53.27,3.7749262679358577,-8.826831287199711,0.05367312919367589,0.008101320037440456
53.28,3.8625509607912463,-8.806276982756259,0.05465429501788896,0.008101347414886693
53.29,3.9499555659438146,-8.784805498083319,0.05566499955419409,0.008101485540692873
53.300000000000004,4.037130612717835,-8.762417247443437,0.05670634624820382,0.008101739897505128
53.31,4.124066623784796,-8.739112740763721,0.05777948673721718,0.00810211591410714
53.32,4.210754115627829,-8.714892583891617,0.05888562318751357,0.008102618962854588
53.33,4.297183598984689,-8.68975747884665,0.06002601075342158,0.008103254357242646
53.34,4.383345579268013,-8.663708224068355,0.061201960164780606,0.008104027349626628
53.35,4.469230556961491,-8.636745714660604,0.0624148404497766,0.008104943129116554
53.36,4.554829027990524,-8.608870942632597,0.0636660818005161,0.008106006819668532
53.370000000000005,4.640131484065885,-8.580084997136751,0.06495717858910581,0.008107223478399995
53.38,4.725128412998785,-8.550389064703763,0.066289692542429,0.008108598094156452
53.39,4.809810298985708,-8.519784429475155,0.06766525608425633,0.008110135586362146
53.4,4.89416762286126,-8.488272473433572,0.069085575853798,0.008111840804189611
53.410000000000004,4.9781908623172075,-8.455854676631192,0.0705524364102973,0.0081137185260867
53.42,5.061870492085771,-8.422532617416579,0.072067704133784,0.008115773459704963
53.43,5.145196984085151,-8.388307972660323,0.0736333313326504,0.008118010242275518
53.44,5.228160807525143,-8.353182517979901,0.07525136056928451,0.008120433441486215
53.45,5.310752428970614,-8.317158127964118,0.07692392921559382,0.008123047556918301
53.46,5.3929623123604555,-8.280236776397595,0.07865327425088259,0.008125857022106463
53.47,5.474780918979548,-8.24242053648574,0.08044173731520364,0.008128866207293712
53.480000000000004,5.556198707381105,-8.203711581080706,0.08229177003199611,0.008132079422959978
53.49,5.637206133256652,-8.164112182908829,0.08420593961454222,0.008135500924211751
53.5,5.717793649250745,-8.123624714800107,0.08618693477153141,0.008139134916128866
53.51,5.797951704717378,-8.082251649920272,0.08823757192780902,0.008142985560175111
53.52,5.877670745414869,-8.039995562006078,0.09036080177720986,0.008147056981791021
53.53,5.956941213135861,-7.9968591256044315,0.09255971618523641,0.008151353279298286
53.54,6.035753545268878,-7.952845116316042,0.09483755546023603,0.008155878534260414
53.550000000000004,6.114098174287713,-7.9079564110443155,0.0971977160126627,0.008160636823459091
53.56,6.191965527164712,-7.862195988250225,0.09964375842297703,0.008165632232661386
53.57,6.2693460247038235,-7.8155669282139675,0.10217941593974367,0.00817086887237328
53.58,6.346230080789092,-7.768072413304243,0.10480860343052639,0.008176350895793442
53.59,6.422608101543997,-7.719715728256031,0.10753542680926044,0.008182082519205441
53.6,6.498470484396869,-7.670500260457805,0.11036419296489564,0.008188068045069387
53.61,6.573807617047322,-7.620429500249173,0.11329942021725392,0.008194311888103285
53.620000000000005,6.648609876328418,-7.569507041229975,0.116345849327228,0.00820081860467388
53.63,6.722867626958986,-7.517736580581928,0.11950845508966387,0.008207592925848354
53.64,6.7965712201802635,-7.465121919403987,0.12279245853851548,0.00821463979449705
53.65,6.8697109922707265,-7.411666963062624,0.12620333979513265,0.008221964406876
53.660000000000004,6.942277262932665,-7.357375721558312,0.12974685159184085,0.008229572259163032
53.67,7.0142603335437625,-7.302252309909561,0.1334290335042873,0.008237469199468791
53.68,7.085650485266599,-7.246300948555934,0.13725622692736092,0.008245661485897974
53.69,7.156437977008651,-7.189525963781526,0.1412350908308342,0.00825415585129445
53.7,7.226613043225036,-7.131931788160506,0.14537261833221937,0.008262959575367882
53.71,7.296165891555842,-7.0735229610263515,0.14967615412567054,0.008272080564969886
53.72,7.365086700289544,-7.014304128966545,0.1541534128070872,0.008281527443364849
53.730000000000004,7.433365615643604,-6.954280046344555,0.15881249813687592,0.008291309649424082
53.74,7.500992748852927,-6.893455575851038,0.16366192328308973,0.008301437547765304
53.75,7.567958173056488,-6.831835689086293,0.16871063208887813,0.008311922550958742
53.76,7.634251919971945,-6.769425467176089,0.17396802140932835,0.008322777255030863
53.77,7.69986397634769,-6.706230101423132,0.17944396456384198,0.008334015589617971
53.78,7.76478428018131,-6.642254893996498,0.18514883595115153,0.00834565298424918
53.79,7.8290027166929645,-6.57750525866152,0.1910935368749156,0.008357706552380682
53.800000000000004,7.892509114041779,-6.511986721552725,0.19728952262851374,0.008370195294957321
53.81,7.9552932387728355,-6.445704921992522,0.20374883088816478,0.008383140325441543
53.82,8.017344790981916,-6.378665613358516,0.21048411146378274,0.008396565118429348
53.83,8.078653399184676,-6.310874664002421,0.21750865745702735,0.008410495784165998
53.84,8.139208614876443,-6.242338058223717,0.22483643787576188,0.00842496137148253
53.85,8.198999906768424,-6.173061897301306,0.23248213175355475,0.008439994201896528
53.86,8.258016654685608,-6.1030524005866225,0.24046116382190508,0.008455630237857432
53.870000000000005,8.316248143111238,-6.032315906661762,0.24878974178148044,0.008471909488373876
53.88,8.373683554362321,-5.960858874566384,0.2574848952167688,0.008488876455528
53.89,8.430311961380216,-5.888687885097295,0.26656451619609894,0.008506580625669637
53.9,8.486122320120023,-5.815809642184796,0.2760474015959011,0.008525077009381987
53.910000000000004,8.541103461522107,-5.74223097435004,0.2859532971842838,0.008544426734627453
53.92,8.595244083048874,-5.6679588362478395,0.2963029434944033,0.008564697697812186
53.93,8.648532739769621,-5.59300031029952,0.30711812351260415,0.008585965277843367
53.94,8.700957834976155,-5.517362608420621,0.3184217121998087,0.008608313118606273
53.95,8.752507610311753,-5.441053073848408,0.33023772785701166,0.00863183398563853
53.96,8.803170135396028,-5.364079183074372,0.34259138533687344,0.00865663070313502
53.97,8.85293329692836,-5.28644854788703,0.3555091510931623,0.008682817177765442
53.980000000000004,8.901784787252703,-5.208168917530588,0.3690188000480289,0.00871051951612506
53.99,8.94971209236698,-5.1292481809851465,0.383149474243645,0.008739877242958782
54.0,8.996702479360648,-5.049694369374345,0.397931743229433,0.008771044627583059
54.01,9.042742983264734,-4.969515658506511,0.41339766611877315,0.008804192126179295
54.02,9.087820393299397,-4.88872037155552,0.42958085522949924,0.00883950794781867
54.03,9.131921238505148,-4.807316981887765,0.44651654120047984,0.008877199752190992
54.04,9.175031772745092,-4.725314116041751,0.4642416394519037,0.008917496487028088
54.050000000000004,9.21713795906708,-4.642720556866976,0.482794817829311,0.008960650373109199
54.06,9.258225453416506,-4.559545246828875,0.5022165652406894,0.009006939044486437
54.07,9.298279587692594,-4.47579729148669,0.5225492610618261,0.009056667851134466
54.08,9.337285352143539,-4.391485963151226,0.5438372450473029,0.009110172330579893
54.09,9.375227377098762,-4.306620704729457,0.5661268874427567,0.009167820854153793
54.1,9.412089914039898,-4.221211133763011,0.5894666589480229,0.009230017452286325
54.11,9.44785681601591,-4.1352670466675026,0.613907200130226,0.009297204821676083
54.120000000000005,9.482511517412146,-4.048798423179642,0.6395013898304982,0.00936986751514773
54.13,9.516037013088008,-3.9618154310189313,0.6663044120474761,0.009448535312495798
54.14,9.54841583690353,-3.874328430770603,0.6943738207147826,0.009533786767525278
54.15,9.57963003966137,-3.7863479809962337,0.7237696017180324,0.009626252922747734
54.160000000000004,9.609661166497705,-3.697884843578178,0.7545542314192712,0.009726621178693513
54.17,9.638490233763374,-3.6089499893036088,0.7867927308729049,0.009835639299450926
54.18,9.666097705445168,-3.519554603693499,0.8205527148269077,0.00995411952973657
54.19,9.692463469186876,-3.4297100930813587,0.8559044345062441,0.010082942791431952
54.2,9.7175668119802,-3.3394280909458813,0.8929208130718914,0.01022306291896892
54.21,9.741386395607332,-3.2487204645009213,0.931677472538579,0.010375510883099341
54.22,9.763900231929764,-3.157599321545336,0.9722527508174049,0.010541398941327877
54.230000000000004,9.785085658131873,-3.0660770175742247,1.0147277074260115,0.010721924640511358
54.24,9.804919312043046,-2.9741661631519336,1.0591861162792722,0.010918374582738385
54.25,9.823377107678642,-2.8818796315458766,1.1057144438378892,0.011132127849518348
54.26,9.840434211158028,-2.789230566618725,1.1544018107515195,0.011364658961473475
54.27,9.856065017177206,-2.6962323909748447,1.2053399349878402,0.0116175402311243
54.28,9.870243126234358,-2.6028988143549534,1.2586230542903571,0.011892443345011376
54.29,9.882941322828882,-2.5092438422708843,1.3143478256570473,0.012191139988389374
54.300000000000004,9.89413155487822,-2.4152817848699835,1.3726131993807138,0.01251550130122741
54.31,9.90378491462202,-2.3210272660160847,1.4335202650421328,0.012867495928499343
54.32,9.911871621309864,-2.2264952325711516,1.497172066701024,0.013249186401118714
54.33,9.918361005996823,-2.131700963858531,1.5636733843902875,0.013662723556860705
54.34,9.92322149880057,-2.0366600812853424,1.6331304788890262,0.014110338683874322
54.35,9.926420619004316,-1.9413885580977812,1.7056507966333003,0.014594333043761527
54.36,9.927924968421507,-1.8459027292390648,1.7813426315245762,0.015117064407727709
54.370000000000005,9.927700228470702,-1.750219301275356,1.860314740319235,0.015680930219269897
54.38,9.925711161442084,-1.6543553623502827,1.942675908233728,0.01628834698179728
54.39,9.921921616470454,-1.5583283921236055,2.0285344613850316,0.016941725461278388
54.4,9.916294540762733,-1.4621562716441716,2.1179977227116726,0.017643441294576255
54.410000000000004,9.908791996660748,-1.3658572931015507,2.2111714080940694,0.018395800605954936
54.42,9.899375185151674,-1.2694501693946574,2.3081589595222436,0.019201000259990168
54.43,9.888004476468492,-1.1729540434492658,2.4090608123526236,0.020061082421730086
54.44,9.87463944845037,-1.0763884972096103,2.5139735939627457,0.0209778831575868
54.45,9.859238933357409,-0.9797735602222877,2.6229892514626747,0.02195297489640055
54.46,9.841761073854524,-0.8831297177234568,2.736194106564665,0.022987602682772477
54.47,9.822163388894747,-0.786477918132912,2.853667836257933,0.02408261429739087
54.480000000000004,9.80040285024149,-0.689839579851057,2.9754823785932087,0.02523838449471322
54.49,9.77643597037146,-0.5932365972471734,3.1017007636615017,0.026454733819580134
54.5,9.75021890249343,-0.4966913457197564,3.2323758707620467,0.027730842712959274
54.51,9.721707553401782,-0.40022668570216713,3.367549113803493,0.029065161903848426
54.52,9.690857709856159,-0.3038659654795236,3.5072490581763236,0.030455320408803842
54.53,9.657625179138188,-0.20763302267576045,3.6514899736775646,0.031898032820215846
54.54,9.621965944381659,-0.1115521842632448,3.800270329562834,0.0333890079547369
54.550000000000004,9.583836335202184,-0.01564826494141129,3.9535712394442766,0.034922861346935286
54.56,9.543193214064802,0.08005343627427156,4.111354865540761,0.03649303450000829
54.57,9.499994178721801,0.17552714141588277,4.273562793709191,0.038091724231523225
54.58,9.45419778092698,0.2707466010450956,4.440114392728023,0.03970982586020329
54.59,9.405763761485584,0.36568510402128634,4.610905173445363,0.041336894348430346
54.6,9.354653301530272,0.46031548972340286,4.785805165617076,0.04296112781921983
54.61,9.300829289722376,0.5546101628915933,4.9646573325108685,0.044569378077179735
54.620000000000005,9.244256604864013,0.6485411112508646,5.147276045598435,0.04614719284866312
54.63,9.184902413170771,0.7420799260730562,5.333445643849945,0.04767889438313322
54.64,9.122736479197526,0.835197825824945,5.52291910422583,0.04914769879115685
54.65,9.057731489132834,0.9278656830391409,5.71541685186503,0.050535880000966676
54.660000000000004,8.989863384882597,1.0200540545303847,5.910625740124475,0.051824981465026426
54.67,8.919111707053972,1.1117332150627588,6.108198231953316,0.052996077716263454
54.68,8.84545994462983,1.202873194553025,6.307751815004483,0.054030086545346204
54.69,8.768895888796655,1.2934438188717232,6.508868683309603,0.05490813094245876
54.7,8.68941198806035,1.3834147542767432,6.711095718184947,0.05561194803173326
54.71,8.607005701461068,1.472755555483845,6.913944800211756,0.05612434005461734
54.72,8.521679846387043,1.5614357173451208,7.116893482565633,0.05642966008175427
54.730000000000004,8.433442937196357,1.6494247300698208,7.3193860535875315,0.05651432262597675
54.74,8.34230951059299,1.7366921378825446,7.520835013237394,0.056367326789615174
54.75,8.248300433478402,1.823207600971852,7.72062298391244,0.05598077712766865
54.76,8.151443188821398,1.908940960538286,7.918105071029029,0.05535038518411487
54.77,8.051772134966404,1.9938623067051362,8.112611682769339,0.05447593281590306
54.78,7.949328733742561,2.0779420490086085,8.303451811520814,0.05336167711958891
54.79,7.844161742751545,2.1611509891370893,8.489916771858963,0.052016676178920286
54.800000000000004,7.736327367308451,2.243460395542675,8.671284381548961,0.05045501510498218
54.81,7.625889367693546,2.3248420795029245,8.846823563110283,0.048695913065677
54.82,7.512919117648015,2.405268472167788,9.015799334178379,0.046763694282328364
54.83,7.397495610416721,2.4847127020867807,9.17747814541777,0.04468760934188647
54.84,7.279705409105849,2.563148672675723,9.331133515330897,0.04250149760646491
54.85,7.159642538681261,2.640551139051623,9.476051902228747,0.040243286901921575
54.86,7.037408317579518,2.716895783639544,9.611538745160596,0.037954332865593285
54.870000000000005,6.913111127630332,2.792159289937376,9.736924598026167,0.035678607090523534
54.88,6.786866121786285,2.8663194138141024,9.85157127469494,0.033461750215840615
54.89,6.658794870009753,2.9393550517150944,9.954877918000658,0.0313500130254669
54.9,6.529024944562374,3.011246305154672,10.046286902203402,0.02938911504284144
54.910000000000004,6.397689446861246,3.081974540891967,10.125289477117795,0.027623055651916414
54.92,6.264926478988488,3.1515224462112132,10.1914310627455,0.026092917056717867
54.93,6.130878563846021,3.2198740787618734,10.244316106015589,0.024835701082310098
54.94,5.9956920188138225,3.2870149104572546,10.28361241615405,0.023883242662150098
54.95,5.8595162885760415,3.352931864981992,10.309054902228537,0.023261241691523996
54.96,5.722503243504618,3.417613348518274,10.320448645428705,0.022988451710810955
54.97,5.584806450615371,3.481049273367091,10.317671249456449,0.02307605869827043
54.980000000000004,5.446580424620007,3.543231074213004,10.300674424757961,0.02352727630887463
54.99,5.307979866975276,3.6041517168577437,10.269484775915812,0.024337175519467968
55.0,5.169158901066968,3.6638056993279853,10.224203775971878,0.02549275725545116
55.01,5.030270311754863,3.7221890453445003,10.165006926374417,0.02697326667546009
55.02,4.891464797442539,3.7792992902219997,10.09214211621981,0.02875073791096456
55.03,4.752890242624578,3.8351354593499165,10.00592720907377,0.030790748731095885
55.04,4.614691018508929,3.8896980394826217,9.90674689950459,0.033053356327100686
55.050000000000004,4.477007318823579,3.942988943141739,9.795048894168273,0.03549417861347698
55.06,4.339974537307365,3.995011466502041,9.671339483522077,0.0380655804539347
55.07,4.203722692670975,4.045770241194716,9.536178579734742,0.04071792125176446
55.08,4.068375906014476,4.095271180516657,9.39017430389879,0.04340081947958086
55.09,3.9340519348225516,4.143521420581025,9.233977211093952,0.0460643909176732
55.1,3.8008617667493496,4.190529256982135,9.06827424513516,0.048660420459071416
55.11,3.66890927547321,4.236304077576379,8.893782515970223,0.0511434320569977
55.120000000000005,3.538290939968801,4.280856292000235,8.711242991746037,0.05347162739316261
55.13,3.409095627630642,4.324197258556562,8.521414194674529,0.05560767074032165
55.14,3.2814044408061878,4.366339209101567,8.325065985189315,0.05751930486620563
55.15,3.1552906254750805,4.4072951725575,8.122973512722584,0.05917979027285964
55.160000000000004,3.0308195400578772,4.447078897660924,7.915911404010348,0.06056816721283227
55.17,2.9080486816637983,4.485704775533983,7.704648251433216,0.06166934645168842
55.18,2.787027766501242,4.523187762637348,7.489941454806341,0.0624740404021982
55.19,2.66779886068254,4.559543304629275,7.27253246052954,0.06297855086149896
55.2,2.5503965572584604,4.5947872616165,7.0531424323666965,0.06318443303758627
55.21,2.4348481950184944,4.628935835240392,6.832468378591002,0.06309805782799141
55.22,2.321174114387721,4.662005497996879,6.611179751030084,0.06273009544906248
55.230000000000004,2.2093879456359087,4.694012925142089,6.389915522861295,0.06209494360066786
55.24,2.099496924583367,4.724974929488217,6.169281743995912,0.06121012252131391
55.25,1.991502231033691,4.75490839934672,5.949849565669728,0.060095657703024795
55.26,1.8853993452775115,4.783830239829223,5.73215371950865,0.05877346886854032
55.27,1.7811784181847263,4.811757317671153,5.516691430910404,0.05726678124238071
55.28,1.6788246506260651,4.838706409699653,5.30392174209508,0.0555995723412391
55.29,1.5783186782288656,4.864694155026254,5.094265216618681,0.05379606462145829
55.300000000000004,1.4796369577674182,4.889737011006368,4.88810399448231,0.051880271484295706
55.31,1.3827521518064312,4.913851212972327,4.6857821651534675,0.049875601461089096
55.32,1.2876335085489015,4.937052737714505,4.487606424778535,0.04780452296244929
55.33,1.194247234179521,4.95935727065617,4.293846983529843,0.04568828983516537
55.34,1.1025568553350507,4.980780176642224,4.104738689312821,0.04354672616117974
55.35,1.0125235696680983,5.001336474239776,3.9204823348715303,0.04139806726775136
55.36,0.9241065827955213,5.021040813429585,3.7412461165867072,0.03925885279245931
55.370000000000005,0.8372634302332236,5.039907456551622,3.5671672148743743,0.03714386684303433
55.38,0.7519502832122109,5.057950262355207,3.398353467983787,0.03506611978206623
55.39,0.6681222375440059,5.075182672994218,3.2348851130860568,0.03303686591558476
55.4,0.5857335849552016,5.091617703800485,3.0768165707707205,0.031065651333761962
55.410000000000004,0.5047380665399964,5.107267935663493,2.9241782513661647,0.029160386301697136
55.42,0.42508910818553786,5.1221455098417525,2.7769783638182104,0.027327436889385805
55.43,0.34674003800780284,5.136262125030277,2.6352047101544365,0.02557173092584887
55.44,0.26964428599600554,5.149629036509479,2.498826450792676,0.023896873829750177
55.45,0.19375556620189005,5.162257057203145,2.3677958280906677,0.022305270378499775
55.46,0.1190280419277867,5.174156560476756,2.2420498375569364,0.020798249005113643
55.47,0.04541647446520265,5.18533748451215,2.121511838033614,0.01937618573674228
55.480000000000004,-0.027123643984632087,5.1958093381001165,2.006093093908614,0.018038625394877543
55.49,-0.09863597251397123,5.205581207698852,1.895694244010556,0.016784398152876103
55.5,-0.1691632180936068,5.214661765613109,1.790206693282468,0.015611729983250588
55.51,-0.23874704576398925,5.223059279156162,1.6895139246203106,0.014518345919924347
55.52,-0.30742800163497574,5.230781620664351,1.5934927294032286,0.013501565406661527
55.53,-0.3752454478858787,5.237836278241733,1.502014356239895,0.012558389301621866
55.54,-0.4422375089559626,5.244230367120224,1.4149455783166713,0.011685578360551788
55.550000000000004,-0.5084410281220573,5.249970641528487,1.3321496804671495,0.010879723229842573
55.56,-0.5738915336732986,5.2550635069705685,1.253487367698319,0.010137306148767481
55.57,-0.6386232139120269,5.259515032822919,1.1788175974159025,0.009454754691414682
55.58,-0.70266890023355,5.2633309651658315,1.1079983380003553,0.008828487977223902
55.59,-0.7660600575648563,5.26651673977254,1.040887256705486,0.008254955848769015
55.6,-0.8288267814726241,5.269077495186096,0.9773423400933708,0.007730671560596574
55.61,-0.8909978012832575,5.271018085820763,0.9172224503914197,0.007252238547438844
55.620000000000005,-0.952600488591542,5.272343095030936,0.8603878212689616,0.006816371847607969
55.63,-1.0136608705692838,5.27305684809657,0.8067004965897151,0.006419914751165429
55.64,-1.0742036475204804,5.273163425079682,0.7560247157106457,0.006059851225515715
55.65,-1.1342522141647602,5.272666673511798,0.7082272488739318,0.0057333146460070965
55.660000000000004,-1.1938286841656676,5.271570220877131,0.6631776861833906,0.005437593328188843
55.67,-1.2529539174545627,5.269877486860867,0.6207486835754468,0.005170133323490393
55.68,-1.3116475499342324,5.267591695336228,0.5808161690926348,0.004928538902852849
55.69,-1.3699280251785608,5.264715886067898,0.5432595126491818,0.004710571114565775
55.7,-1.427812627775655,5.261252926113067,0.507961662347377,0.0045141447642944995
55.71,-1.4853175179915423,5.257205520904668,0.47480925026359394,0.004337324127846213
55.72,-1.5424577674598827,5.252576225004448,0.44369267047695415,0.004178317671239993
55.730000000000004,-1.5992473956300155,5.247367452516315,0.4145061319642175,0.0040354720185714595
55.74,-1.655699406731054,5.2415814871528985,0.38714768883366896,0.003907265376307778
55.75,-1.7118258270336653,5.235220491950606,0.36151925022033726,0.0037923005932057286
55.76,-1.7676377422136067,5.228286518630462,0.3375265720162714,0.0036892980081126123
55.77,-1.8231453346420843,5.220781516603917,0.3150792324640175,0.003597088213506643
55.78,-1.8783579204475644,5.212707341624421,0.2940905934998197,0.003514604840720965
55.79,-1.9332839862118658,5.204065764087062,0.2744777495961543,0.0034408774532891416
55.800000000000004,-1.9879312251802184,5.194858476979818,0.2561614657215518,0.003375024617631839
55.81,-2.0423065728805643,5.185087103491152,0.239066105909667,0.00331624720523452
55.82,-2.09641624206174,5.174753204279612,0.22311955380949122,0.0032638219673889438
55.83,-2.1502657568733867,5.163858284412002,0.2082531264746238,0.003217095412324603
55.84,-2.2038599862225374,5.152403799977362,0.19440148254169687,0.0031754780049749677
55.85,-2.257203176252896,5.140391164384643,0.1815025258463691,0.003138438701543786
55.86,-2.310298981902899,5.127821754352445,0.16949730542970157,0.003105499824301809
55.870000000000005,-2.3631504975078217,5.114696915599613,0.15832991279807884,0.0030762322765015776
55.88,-2.415760286419478,5.101017968245788,0.14794737721598697,0.0030502510928056763
55.89,-2.4681304096245595,5.08678621193128,0.13829955973271413,0.0030272113170506224
55.9,-2.5202624533493903,5.0720029306657795,0.12933904657119416,0.00300680419639144
55.910000000000004,-2.5721575556449174,5.056669397415558,0.12102104243954069,0.00298875367877958
55.92,-2.6238164319511315,5.040786878438834,0.11330326426308464,0.0029728131992194924
55.93,-2.675239399644901,5.024356637379024,0.10614583577669348,0.0029587627392356304
55.94,-2.726426401579424,5.007379939125502,0.09951118336357029,0.0029464061433807556
55.95,-2.7773770286272055,4.989858053451468,0.09336393347736745,0.0029355686763583863
55.96,-2.8280905412417128,4.971792258438361,0.08767081193906351,0.002926094804352099
55.97,-2.8785658900556417,4.9531838436961335,0.0824005453584117,0.0029178461843992415
55.980000000000004,-2.928801735536139,4.93403411338852,0.07752376489164811,0.002910699846068376
55.99,-2.9787964667193494,4.914344389072243,0.07301291251232955,0.0029045465502565886
56.0,-3.0285482190483495,4.894116012358865,0.06884214994044496,0.0028992893105812137
56.01,-3.07805489133993,4.873350347407811,0.06498727034611008,0.002894842063570489
56.02,-3.1273141619067926,4.852048783258772,0.06142561291801983,0.0028911284746340584
56.03,-3.1763235038625943,4.830212736011525,0.05813598036321489,0.0028880808675972084
56.04,-3.225080199637915,4.807843650860868,0.05509855938344384,0.002885639266394324
56.050000000000004,-3.273581354735638,4.7849430039941705,0.05229484415430542,0.0028837505383253735
56.06,-3.321823910754506,4.761512304358701,0.04970756281628158,0.0028823676290715755
56.07,-3.3698046577096714,4.737553095305679,0.047320606971572476,0.002881448880435422
56.08,-3.4175202456790252,4.713066956117684,0.04511896416718163,0.00288095742250968
56.09,-3.4649671958038755,4.688055503425796,0.04308865333284052,0.0028808606326839723
56.1,-3.5121419106722556,4.6625203925225644,0.041216663131984105,0.0028811296545646604
56.11,-3.5590406841127344,4.636463318576653,0.039490893174975145,0.002881738970510095
56.120000000000005,-3.605659710426103,4.609886017754701,0.03790009803601636,0.0028826660220699794
56.13,-3.651995093081761,4.582790268255732,0.036433834008582446,0.0028838908731620826
56.14,-3.698042852904981,4.555177891263148,0.03508240852865181,0.0028853959113245738
56.15,-3.743798935780564,4.527050751819113,0.033836832190429815,0.0028871655828474068
56.160000000000004,-3.78925921989766,4.498410759625892,0.03268877327554641,0.002889186158012638
56.17,-3.834419522559771,4.469259869778473,0.03163051471380117,0.0028914455230654485
56.18,-3.8792756065831746,4.439600083432558,0.030654913391343297,0.002893932995892452
56.19,-3.9238231863061785,4.409433448411812,0.029755361720643365,0.002896639162707906
56.2,-3.9680579332308104,4.3787620597580315,0.028925751385672188,0.002899555733341988
56.21,-4.011975481317702,4.347588060227698,0.02816043917528906,0.002902675412989343
56.22,-4.055571431954097,4.3159136407381675,0.027454214817900353,0.0029059917885151634
56.230000000000004,-4.098841358614078,4.283741040766581,0.02680227073092702,0.0029094992276297313
56.24,-4.141780811229262,4.251072548704395,0.026200173599467007,0.002913192789435646
56.25,-4.1843853202874195,4.217910502170238,0.02564383769971046,0.0029170681450226433
56.26,-4.22665040067563,4.184257288283659,0.025129499884119777,0.002921121506938463
56.27,-4.268571555283813,4.150115343902176,0.02465369614708418,0.0029253495665019437
56.28,-4.310144278383684,4.115487155823848,0.02421323969166368,0.002929749438044699
56.29,-4.35136405879742,4.080375260957505,0.02380520042011723,0.0029343186092757718
56.300000000000004,-4.392226382869583,4.044782246462589,0.02342688577313425,0.0029390548970598448
56.31,-4.4327267372551376,4.008710749860461,0.023075822845029813,0.002943956407983567
56.32,-4.472860611535673,3.972163459118889,0.02274974170459688,0.002949021503158963
56.33,-4.512623500675301,3.9351431127113297,0.022446559853810538,0.002954248766779449
56.34,-4.552010907327035,3.8976524996525015,0.022164367759129226,0.00295963697800117
56.35,-4.591018343999817,3.8596944595116485,0.021901415392717342,0.0029651850857741
56.36,-4.629641335095788,3.821271882404794,0.021656099723505816,0.0029708921862920453
56.370000000000005,-4.667875418826796,3.782387708967199,0.021426953100597453,0.002976757502769908
56.38,-4.705716149018604,3.7430449303071494,0.021212632474098603,0.0029827803672916927
56.39,-4.7431590968107225,3.7032465879421173,0.02101190940100658,0.0029889602045026827
56.4,-4.7801998522592895,3.6629957737182735,0.020823660786292872,0.002995296516946261
56.410000000000004,-4.816834025849963,3.6222956297142472,0.020646860311786787,0.0030017888718690522
56.42,-4.85305724992731,3.581149348129974,0.020480570507875186,0.003008436889338663
56.43,-4.888865180046762,3.5395601711614035,0.020323935425384878,0.0030152402315364556
56.44,-4.924253496254814,3.4975313908617873,0.02017617386729978,0.003022198593102993
56.45,-4.959217904302711,3.4550663489902136,0.020036573142180675,0.0030293116924284846
56.46,-4.993754136798561,3.412168436847998,0.019904483303297794,0.003036579263792367
56.47,-5.027857954302433,3.3688410951035053,0.01977931183955285,0.0030440010502663984
56.480000000000004,-5.061525146368673,3.3250878136059256,0.019660518786255677,0.0030515767973058427
56.49,-5.094751532539396,3.280912131188493,0.01954761222572975,0.0030593062469613
56.5,-5.127532963292788,3.2363176354615892,0.019440144149550233,0.003067189132650412
56.51,-5.159865320949613,3.191307962596161,0.019337706655967256,0.0030752251744362944
56.52,-5.191744520541055,3.145886797097818,0.019239928457736557,0.0030834140747643822
56.53,-5.223166510640787,3.1000578715719747,0.019146471677169798,0.0030917555146142955
56.54,-5.254127274163948,3.053824966480364,0.019057028906729046,0.0031002491500285753
56.550000000000004,-5.28462282913548,3.007191909889216,0.018971320514925546,0.0031088946089833413
56.56,-5.314649229430128,2.9601625772093914,0.018889092178643378,0.003117691488570002
56.57,-5.344202565486177,2.9127408909287125,0.018810112624296067,0.00312663935245966
56.58,-5.373278964994856,2.864930820336743,0.018734171561440655,0.00313573772862516
56.59,-5.401874593567196,2.816736381242229,0.018661077793621184,0.003144986107298036
56.6,-5.429985655379958,2.768161635683403,0.018590657492294757,0.0031543839391399856
56.61,-5.457608393802129,2.7192106916313423,0.018522752620710247,0.003163930633610117
56.620000000000005,-5.484739092003355,2.6698877026865544,0.018457219495565252,0.0031736255575112848
56.63,-5.511374073545564,2.6201968677689473,0.018393927475163316,0.0031834680337006647
56.64,-5.537509702958928,2.570142430801339,0.018332757763633464,0.0031934573399505996
56.65,-5.56314238630321,2.51972868038664,0.018273602321560244,0.0032035927079475564
56.660000000000004,-5.588268571715451,2.4689599494788395,0.01821636287410726,0.0032138733224178324
56.67,-5.612884749944874,2.417840615047916,0.01816095000840328,0.0032242983203700426
56.68,-5.636987454875793,2.3663750977387847,0.018107282352599754,0.003234866790445188
56.69,-5.6605732640392485,2.3145678615243814,0.01805528582960448,0.003245577772365906
56.7,-5.683638799114037,2.2624234133529866,0.0180048929790507,0.003256430256477553
56.71,-5.706180726417715,2.2099463027898785,0.017956042341576224,0.0032674231833742322
56.72,-5.728195757388122,2.1571411216533996,0.017908677899965704,0.003278555443603383
56.730000000000004,-5.749680649055916,2.104012503645523,0.01786274857215297,0.003289825877443762
56.74,-5.770632204508555,2.05056512397699,0.017818207751491576,0.003301233274751501
56.75,-5.791047273346123,1.9968036989870952,0.017775012890082313,0.0033127763748695767
56.76,-5.810922752129365,1.9427329857581845,0.017733125121298397,0.003324453866596805
56.77,-5.830255584820237,1.8883577817249377,0.017692508917974335,0.0033362643882123627
56.78,-5.849042763215285,1.8336829242784924,0.017653131783024457,0.0033482065275524738
56.79,-5.867281327372078,1.7787132903654734,0.017614963969534,0.003360278822136306
56.800000000000004,-5.88496836602896,1.7234537960819836,0.01757797822762052,0.0033724797593381044
56.81,-5.902101017018293,1.6679093962626137,0.017542149575598222,0.0033848077766030775
56.82,-5.918676467673401,1.612085084064524,0.01750745509319355,0.003397261261704817
56.83,-5.934691955229361,1.555985890546651,0.017473873734758876,0.0034098385530420003
56.84,-5.950144767217783,1.4996168842440896,0.017441386160613102,0.0034225379399726013
56.85,-5.9650322418557105,1.4429831707377012,0.017409974584805237,0.003435357663183847
56.86,-5.979351768428743,1.3860898922189961,0.017379622637750006,0.0034482959150962853
56.870000000000005,-5.993100787668484,1.3289422270503386,0.01735031524232495,0.0034613508403006196
56.88,-6.006276792124386,1.2715453893205206,0.017322038502146794,0.003474520536025974
56.89,-6.018877326530067,1.213904628395752,0.017294779600862332,0.00348780305263836
56.9,-6.030899988164162,1.1560252284661119,0.01726852671139627,0.003501196394168258
56.910000000000004,-6.042342427205751,1.0979125080875078,0.017243268914196586,0.0035146985188663155
56.92,-6.05320234708441,1.039571819719186,0.01721899612360726,0.0035283073397863337
56.93,-6.063477504824912,0.9810085492568391,0.017195699021579813,0.003542020725394468
56.94,-6.0731657113866175,0.9222281155613549,0.017173368998009343,0.0035558365002040116
56.95,-6.082264831997552,0.8632359699832517,0.017151998097048465,0.0035697524454350272
56.96,-6.090772786483207,0.8040375958828433,0.017131578968814006,0.0035837662996981057
56.97,-6.09868754959006,0.7446385081461783,0.017112104825957423,0.003597875759701567
56.980000000000004,-6.106007151303818,0.6850442526967986,0.017093569404620677,0.0036120784809815345
56.99,-6.112729677162395,0.6252604060033614,0.017075966929345557,0.003626372078654371
57.0,-6.118853268563603,0.5652925745831685,0.01705929208154643,0.003640754128190836
57.01,-6.124376123067565,0.5051463945016482,0.01704353997119431,0.003655222166211501
57.02,-6.129296494693835,0.4448275308678348,0.017028706111394815,0.0036697736913029106
57.03,-6.133612694213211,0.3843416773258899,0.017014786395573668,0.0036844061648540157
57.04,-6.13732308943422,0.32369455554271204,0.017001777077011795,0.0036991170119124424
57.050000000000004,-6.1404261054842815,0.2628919146916785,0.01698967475049767,0.0037139036220601024
57.06,-6.142920225085498,0.2019395309325668,0.016978476335887706,0.0037287633503077515
57.07,-6.144803988825085,0.1408432068877007,0.01696817906338646,0.003743693518008027
57.08,-6.1460759954203965,0.07960877111436748,0.01695878046037734,0.003758691413786577
57.09,-6.14673490197853,0.018242077573553457,0.016950278339651598,0.0037737542944908525
57.1,-6.146779424250495,-0.04325099490495588,0.01694267078889882,0.003788879386156163
57.11,-6.146208336879914,-0.10486454316106332,0.016935956161336068,0.0038040638849885515
57.120000000000005,-6.145020473646229,-0.16659264024638748,0.01693013306736535,0.0038193049583641328
57.13,-6.143214727702394,-0.22842933596978246,0.01692520036716048,0.0038345997458444424
57.14,-6.140790051807025,-0.29036865744630114,0.01692115716409452,0.0038499453602074416
57.15,-6.137745458550983,-0.3524046096495538,0.016918002798928227,0.003865338888493689
57.160000000000004,-6.134080020578357,-0.41453117596741196,0.016915736844688216,0.003880777393067372
57.17,-6.1297928708018325,-0.4767423187610097,0.016914359102170942,0.003896257912691736
57.18,-6.124883202612406,-0.5390319799269908,0.016913869596015377,0.003911777463618462
57.19,-6.119350270083425,-0.6013940814629529,0.016914268571293214,0.003927333040690643
57.2,-6.113193388168931,-0.6638225260360374,0.01691555649057094,0.00394292161845891
57.21,-6.1064119328962665,-0.7263111975546144,0.016917734031402874,0.003958540152310294
57.22,-6.0990053415529335,-0.7888539617430116,0.016920802084218783,0.0039741855796093795
57.230000000000004,-6.0909731128676645,-0.8514446667192352,0.016924761750573503,0.003989854820851303
57.24,-6.082314807185693,-0.9140771435756311,0.01692961434172961,0.004005544780826257
57.25,-6.073030046638181,-0.9767452069624333,0.016935361377547337,0.004021252349794926
57.26,-6.063118515305796,-1.0394426556741478,0.01694200458565877,0.0040369744046745044
57.27,-6.052579959376397,-1.1021632732387188,0.016949545900905964,0.004052707810234806
57.28,-6.041414187296816,-1.1649008285094216,0.016957987465024863,0.004068449420304026
57.29,-6.0296210699187,-1.2276490762594323,0.016967331626559057,0.004084196078983764
57.300000000000004,-6.017200540638397,-1.290401757779017,0.016977580940989195,0.004099944621872642
57.31,-6.00415259553086,-1.3531526014752857,0.016988738171065575,0.0041156918772982795
57.32,-5.990477293477544,-1.4158953234744596,0.017000806287332953,0.0041314346675571075
57.33,-5.976174756288275,-1.4786236282265923,0.017013788468837953,0.004147169810161383
57.34,-5.961245168817068,-1.5413312091126925,0.017027688104010653,0.004162894119093123
57.35,-5.945688779071869,-1.6040117490541903,0.017042508791713065,0.00417860440606441
57.36,-5.929505898318205,-1.6666589211246923,0.01705825434244818,0.004194297481783495
57.370000000000005,-5.91269690117672,-1.7292663891639681,0.01707492877972415,0.004209970157226321
57.38,-5.895262225714567,-1.7918278083941117,0.017092536341569015,0.004225619244912927
57.39,-5.877202373530651,-1.8543368260378204,0.01711108148219206,0.004241241560188268
57.4,-5.858517909834696,-1.9167870819387343,0.017130568873788606,0.004256833922506833
57.410000000000004,-5.839209463520108,-1.9791722091837773,0.017151003408485573,0.004272393156720659
57.42,-5.819277727230641,-2.041485834727444,0.01717239020042579,0.004287916094370324
57.43,-5.798723457420816,-2.1037215800179703,0.017194734587989417,0.004303399574978071
57.44,-5.7775474744101025,-2.165873061625333,0.017218042136151426,0.004318840447342946
57.45,-5.755750662430832,-2.2279338918710176,0.017242318638974363,0.004334235570837217
57.46,-5.733333969669829,-2.2898976794594925,0.017267570122236127,0.004349581816703574
57.47,-5.710298408303749,-2.351758030111337,0.017293802846192786,0.0043648760693525595
57.480000000000004,-5.686645054528105,-2.4135085471979565,0.017321023308476794,0.00438011522765974
57.49,-5.662375048579967,-2.475142832377825,0.017349238247131287,0.004395296206262241
57.5,-5.637489594754323,-2.536654486234202,0.01737845464378143,0.004410415936853803
57.51,-5.61198996141409,-2.5980371089142555,0.017408679726944005,0.004425471369478026
57.52,-5.585877480993761,-2.6592843007695306,0.017439920975476805,0.004440459473819297
57.53,-5.559153549996673,-2.720389662997709,0.017472186122169466,0.004455377240490863
57.54,-5.531819628985889,-2.781346798285593,0.01750548315747778,0.004470221682319261
57.550000000000004,-5.5038772425686835,-2.84214931145325,0.017539820333403598,0.004484989835624865
57.56,-5.475327979374622,-2.9027908100992645,0.017575206167522787,0.004499678761498031
57.57,-5.446173492027221,-2.963264905247027,0.017611649447163775,0.004514285547070084
57.58,-5.4164154971091785,-3.0235652119920005,0.01764915923373954,0.004528807306778726
57.59,-5.386055775121183,-3.0836853501499064,0.017687744867236,0.004543241183627173
57.6,-5.355096170434273,-3.143618944905759,0.01772741597086005,0.004557584350436908
57.61,-5.323538591235751,-3.203359627463693,0.01776818245585056,0.004571834011093102
57.620000000000005,-5.291385009468644,-3.2629010356975168,0.017810054526456006,0.00458598740178215
57.63,-5.258637460764708,-3.322236814801932,0.01785304268508242,0.004600041792221163
57.64,-5.225298044370972,-3.3813606179443507,0.01789715773761568,0.004613994486878521
57.65,-5.191368923069806,-3.440266106917253,0.017942410798922257,0.004627842826185171
57.660000000000004,-5.156852323092527,-3.4989469527910164,0.017988813298532795,0.00464158418773588
57.67,-5.12175053402653,-3.557396836567154,0.018036376986513048,0.004655215987480228
57.68,-5.0860659087159465,-3.6156094498319016,0.01808511393952693,0.004668735680902747
57.69,-5.049800863155822,-3.6735784954100836,0.018135036567096627,0.004682140764191401
57.7,-5.01295787637982,-3.7312976880191977,0.01818615761806492,0.004695428775394135
57.71,-4.975539490341457,-3.7887607549236515,0.018238490187265068,0.004708597295563005
57.72,-4.937548309788847,-3.8459614365890893,0.018292047722403875,0.004721643949885334
57.730000000000004,-4.898987002132987,-3.9028934873367414,0.018346844031163684,0.00473456640880106
57.74,-4.859858297309566,-3.959550675997732,0.018402893288529378,0.004747362389106207
57.75,-4.820164987634304,-4.015926786567284,0.018460210044346618,0.004760029655042018
57.76,-4.779909927651826,-4.072015618858749,0.018518809231117823,0.004772566019368522
57.77,-4.739096033978083,-4.127810989157405,0.018578706172042648,0.004784969344422917
57.78,-4.697726285136309,-4.183306730873954,0.01863991658930996,0.0047972375431618985
57.79,-4.655803721386533,-4.23849669519765,0.018702456612648577,0.004809368580187012
57.800000000000004,-4.613331444548654,-4.293374751748996,0.01876634278814427,0.004821360472753399
57.81,-4.570312617819072,-4.34793478923195,0.018831592087330918,0.004833211291760906
57.82,-4.526750465580893,-4.402170716085561,0.01889822191656382,0.004844919162727054
57.83,-4.482648273207724,-4.456076461134985,0.018966250126683667,0.004856482266741553
57.84,-4.4380093868610535,-4.509645974241802,0.019035695022979773,0.004867898841401823
57.85,-4.392837213281231,-4.562873226953579,0.019106575375461694,0.004879167181729252
57.86,-4.347135219572066,-4.61575221315261,0.019178910429448533,0.004890285641065548
57.870000000000005,-4.3009069329790455,-4.66827694970376,0.01925271991648564,0.004901252631948373
57.88,-4.254155940661193,-4.72044147710136,0.019328024065598755,0.004912066626966661
57.89,-4.2068858894565775,-4.772239860115085,0.01940484361489606,0.00492272615959461
57.9,-4.15910048564148,-4.823666188434732,0.01948319982352886,0.004933229825003821
57.910000000000004,-4.1108034946832515,-4.874714577313865,0.01956311448402215,0.004943576280853434
57.92,-4.061998740986854,-4.9253791682122285,0.019644609934986654,0.004953764248057644
57.93,-4.012690107635123,-4.975654129436884,0.01972770907422433,0.004963792511530799
57.94,-3.962881536122748,-5.025533656782001,0.019812435372239846,0.0049736599209085595
57.95,-3.9125770260840076,-5.0750119741672295,0.01989881288617091,0.004983365391245396
57.96,-3.8617806350142674,-5.1240833342746,0.019986866274150857,0.00499290790368837
57.97,-3.81049647798526,-5.172742019183872,0.02007662081011738,0.0050022865061261045
57.980000000000004,-3.758728727354172,-5.220982341006282,0.02016810239908175,0.005011500313812863
57.99,-3.7064816124665576,-5.268798642516612,0.02026133759287349,0.005020548509967321
58.0,-3.653759419353097,-5.316185297783515,0.020356353606375912,0.005029430346346024
58.01,-3.60056649042023,-5.36313671279805,0.020453178334268567,0.005038145143790564
58.02,-3.546907224134678,-5.4096473261003295,0.020551840368293224,0.005046692292748618
58.03,-3.4927860747018897,-5.4557116094042515,0.020652369015060578,0.005055071253768227
58.04,-3.438207551738427,-5.501324068220217,0.020754794314415563,0.005063281557965103
58.050000000000004,-3.383176219938322,-5.546479242475797,0.020859147058379775,0.005071322807462946
58.06,-3.327696698733428,-5.591171707134266,0.020965458810690223,0.005079194675805615
58.07,-3.271773661947799,-5.635396072810941,0.021073761926954288,0.005086896908341856
58.08,-3.215411837446117,-5.679146986387278,0.02118408957544156,0.005094429322581767
58.09,-3.158616006776204,-5.7224191316226305,0.021296475758533946,0.005101791808524546
58.1,-3.1013910048056457,-5.765207229763642,0.02141095533485629,0.005108984328957803
58.11,-3.0437417193525564,-5.807506040151179,0.021527564042110474,0.0051160069197277395
58.120000000000005,-2.9856730908105225,-5.849310360824763,0.02164633852063696,0.005122859689980157
58.13,-2.9271901117677492,-5.8906150291244215,0.021767316337728524,0.005129542822371933
58.14,-2.8682978266204544,-5.931414922289911,0.021890536012721864,0.005136056573252735
58.15,-2.809001331180533,-5.971704958057234,0.022016037042893805,0.005142401272816835
58.160000000000004,-2.7493057722775385,-6.011480095252397,0.022143859930189736,0.005148577325225002
58.17,-2.6892163473550066,-6.050735334382345,0.022274046208812986,0.005154585208695721
58.18,-2.6287383040611703,-6.089465718223012,0.02240663847370494,0.0051604254755659934
58.19,-2.5678769398340937,-6.127666332404418,0.0225416804099468,0.005166098752321788
58.2,-2.5066376014812715,-6.165332305992766,0.022679216823115064,0.00517160573959702
58.21,-2.44502568475373,-6.202458812069455,0.022819293670624,0.005176947212142033
58.22,-2.383046633914672,-6.239041068306982,0.022961958094089695,0.00518212401876072
58.230000000000004,-2.320705941302709,-6.275074337541626,0.023107258452751463,0.005187137082216321
58.24,-2.25800914688972,-6.310553928342905,0.023255244357987925,0.005191987399105994
58.25,-2.1949618378333846,-6.345475195579703,0.02340596670896629,0.005196676039703604
58.26,-2.1315696480244353,-6.3798335409830305,0.023559477729464998,0.005201204147771289
58.27,-2.067838257628669,-6.413624413705357,0.02371583100591134,0.005205572940338987
58.28,-2.0037733926237755,-6.446843310876446,0.02387508152667725,0.005209783707452275
58.29,-1.9393808243310187,-6.479485778155646,0.024037285722678135,0.005213837811888619
58.300000000000004,-1.87466636894183,-6.5115474102805715,0.024202501509321375,0.0052177366888416015
58.31,-1.809635887039357,-6.543023851612119,0.024370788329852774,0.005221481845573111
58.32,-1.7442952831150231,-6.573910796675759,0.024542207200151257,0.005225074861033825
58.33,-1.6786505050801472,-6.604203990699048,0.024716820755023933,0.005228517385451743
58.34,-1.6127075437726779,-6.633899230145305,0.024894693296055675,0.005231811139888639
58.35,-1.5464724324590982,-6.662992363243392,0.025075890841069468,0.005234957915764771
58.36,-1.4799512463315536,-6.691479290513546,0.02526048117525593,0.005237959574351617
58.370000000000005,-1.4131501020002633,-6.71935596528921,0.02544853390403267,0.005240818046232787
58.38,-1.3460751569812683,-6.746618394234797,0.025640120507696477,0.005243535330733117
58.39,-1.2787326091795814,-6.773262637859347,0.0258353143979338,0.005246113495316066
58.4,-1.2111286963677936,-6.799284811026012,0.026034190976257452,0.005248554674949479
58.410000000000004,-1.143269695660202,-6.82468108345732,0.02623682769444021,0.005250861071439796
58.42,-1.0751619229825204,-6.849447680236166,0.02644330411701857,0.005253034952734799
58.43,-1.006811732537239,-6.873580882302472,0.026653701985942906,0.0052550786521949585
58.44,-0.9382255162646944,-6.897077026945475,0.02686810528745316,0.0052569945678337775
58.45,-0.869409703299921,-6.919932508291574,0.027086600321262276,0.005258785161526963
58.46,-0.800370759425349,-6.942143777787711,0.02730927577213278,0.00526045295819064
58.47,-0.73111518651942,-6.963707344680205,0.02753622278393528,0.00526200054492902
58.480000000000004,-0.6616495220011899,-6.984619776489013,0.02776753503628106,0.005263430570151446
58.49,-0.5919803382709922,-7.004877699477365,0.028003308823824524,0.005264745742659126
58.5,-0.5221142421472349,-7.0244777991167116,0.028243643138335026,0.005265948830701798
58.51,-0.45205787429940714,-7.043416820546952,0.028488639753641493,0.005267042661004523
58.52,-0.3818179086773704,-7.061691569031888,0.02873840331355717,0.005268030117764761
58.53,-0.3114010519370152,-7.079298910409857,0.028993041422896205,0.005268914141620195
58.54,-0.24081404286236086,-7.096235771539503,0.02925266474169792,0.005269697728587486
58.550000000000004,-0.17006365178418134,-7.112499140740634,0.029517387082779286,0.005270383928972065
58.56,-0.09915667999523983,-7.12808606823013,0.02978732551274076,0.005270975846249593
58.57,-0.028099959162216998,-7.142993666552849,0.030062600456555483,0.005271476635919221
58.58,0.0430996492655802,-7.157219111007498,0.030343335805876996,0.005271889504328936
58.59,0.11443525465064089,-7.1707596400674145,0.030629659031205785,0.005272217707473546
58.6,0.1858999377647132,-7.183612555796233,0.03092170129806046,0.005272464549765497
58.61,0.2574867513892158,-7.195775224258385,0.03121959758730513,0.0052726333827789965
58.620000000000005,0.3291887209185036,-7.2072450759243925,0.03152348681979025,0.005272727603967791
58.63,0.40099884496589194,-7.2180196060709285,0.0318335119854705,0.005272750655357097
58.64,0.4729100959723402,-7.22809637517559,0.032149820277169436,0.00527270602221009
58.65,0.5449154208176953,-7.237473009306363,0.03247256322916742,0.005272597231669375
58.660000000000004,0.6170077414343924,-7.246147200505732,0.03280189686079594,0.005272427851373949
58.67,0.6891799554235081,-7.2541167071694,0.03313798182522868,0.005272201488052208
58.68,0.7614249366730584,-7.261379354419602,0.033480983563667015,0.005271921786091398
58.69,0.8337355359784342,-7.267933034472947,0.03383107246512505,0.0052715924260841734
58.7,0.9061045816648595,-7.273775707002795,0.034188424032027584,0.005271217123352708
58.71,0.978524880211761,-7.278905399496101,0.03455321905184204,0.005270799626451044
58.72,1.0509892168789305,-7.2833202076047305,0.034925643774974424,0.0052703437156462404
58.730000000000004,1.123490356334362,-7.287018295491189,0.03530589009916771,0.005269853201378921
58.74,1.1960210432836387,-7.289997896168759,0.03569415576065037,0.005269331922703953
58.75,1.2685740031007504,-7.29225731183601,0.036090644532292195,0.005268783745711824
58.76,1.341141942460206,-7.29379491420565,0.03649556642903413,0.005268212561931565
58.77,1.4137175499703176,-7.294609144827713,0.036909137920869035,0.0052676222867158685
58.78,1.4862934968075174,-7.294698515407039,0.037331582153660815,0.005267016857609125
58.79,1.5588624373515731,-7.294061608115043,0.03776312917809983,0.0052664002326992644
58.800000000000004,1.63141700982156,-7.292697075895739,0.038204016187104006,0.005265776388954268
58.81,1.703949836912448,-7.2906036427660155,0.03865448776198625,0.005265149320544027
58.82,1.7764535264321548,-7.287780104110127,0.039114796127720994,0.005264523037148562
58.83,1.848920671938916,-7.284225326968409,0.039585201417654536,0.005263901562253671
58.84,1.9213438533788167,-7.279938250320176,0.04006597194801701,0.005263288931434698
58.85,1.9937156377233292,-7.274917885360817,0.0405573845026064,0.005262689190629654
58.86,2.066028579606691,-7.269163315773056,0.04105972462802882,0.005262106394402559
58.870000000000005,2.1382752219629597,-7.262673697992383,0.041573286939892956,0.00526154460419844
58.88,2.210448096662578,-7.255448261466634,0.04209837544037089,0.0052610078865907624
58.89,2.282539725148265,-7.2474863089097274,0.042635303847552264,0.005260500311522631
58.9,2.3545426190700667,-7.23878721654955,0.0431843959370337,0.005260025950543158
58.910000000000004,2.4264492809193743,-7.229350434369982,0.043745985896201135,0.005259588875040203
58.92,2.4982522046617266,-7.219175486347064,0.04432041869167841,0.0052591931544707215
58.93,2.5699438763682,-7.208261970679317,0.044908050450431954,0.005258842854590395
58.94,2.6415167748451953,-7.196609560012206,0.045509248855038174,0.005258542035684008
58.95,2.7129633722624087,-7.184218001656758,0.046124393553637115,0.0052582947507980055
58.96,2.7842761347787905,-7.171087117802344,0.0467538765851138,0.005258105043977074
58.97,2.8554475231662675,-7.157216805723627,0.047398102820066325,0.005257976948506238
58.980000000000004,2.9264699934310165,-7.142607037981703,0.0480574904181383,0.005257914485160735
58.99,2.997335997432064,-7.127257862619424,0.04873247130231172,0.00525792166046504
59.0,3.0680379834969767,-7.1111694033509485,0.04942349165077546,0.005258002464963469
59.01,3.138568397034412,-7.094341859745516,0.050131012407004044,0.005258160871504434
59.02,3.2089196811432825,-7.076775507405476,0.05085550980870056,0.005258400833540258
59.03,3.2790842772182853,-7.058470698138597,0.051597475936277996,0.005258726283445335
59.04,3.3490546255515397,-7.039427860124673,0.052357419281573024,0.005259141130854933
59.050000000000004,3.4188231659300725,-7.019647498076461,0.0531358653375067,0.005259649261027075
59.06,3.4883823382288797,-6.999130193394992,0.0539333572094271,0.005260254533230517
59.07,3.5577245829992883,-6.977876604319268,0.054750456248889384,0.005260960779161637
59.08,3.626842342052334,-6.955887466070401,0.055587742710649424,0.00526177180139324
59.09,3.6957280590368624,-6.933163590990221,0.0564458164336679,0.005262691371858583
59.1,3.7643741800120583,-6.90970586867441,0.0573252975469421,0.005263723230373915
59.11,3.8327731540140886,-6.885515266100196,0.0582268272010032,0.005264871083203341
59.120000000000005,3.9009174336165526,-6.860592827748658,0.05915106832593702,0.005266138601669561
59.13,3.968799475484409,-6.8349396757217065,0.060098706416805876,0.005267529420814867
59.14,4.036411740921054,-6.808557009853781,0.06107045034736882,0.005269047138116292
59.15,4.103746696408205,-6.781446107818335,0.06206703321301621,0.005270695312259468
59.160000000000004,4.1707968141382485,-6.753608325229158,0.06308921320385295,0.00527247746197607
59.17,4.237554572538682,-6.725045095736627,0.064137774508882,0.005274397064950126
59.18,4.304012456788301,-6.6957579311189255,0.06521352825225624,0.005276457556797983
59.19,4.370162959324742,-6.66574842136833,0.06631731346258234,0.0052786623301275095
59.2,4.435998580343001,-6.635018234772634,0.067449998076274,0.005281014733683386
59.21,4.501511828284536,-6.603569117991786,0.06861247997596483,0.005283518071583777
59.22,4.566695220316547,-6.5714028961298405,0.0698056880650019,0.005286175602655363
59.230000000000004,4.6315412828010265,-6.5385214728023,0.07103058337905008,0.0052889905398740816
59.24,4.696042551753147,-6.504926830198953,0.07228816023584397,0.005291966049918705
59.25,4.760191573288576,-6.470621029142308,0.07357944742412889,0.005295105252844799
59.26,4.823980904059243,-6.435606209141713,0.07490550943283378,0.005298411221888211
59.27,4.887403111677155,-6.399884588443293,0.07626744772151789,0.005301886983406305
59.28,4.950450775125752,-6.363458464075803,0.07766640203312818,0.005305535516965896
59.29,5.013116485158375,-6.326330211892514,0.07910355175009594,0.005309359755588596
59.300000000000004,5.075392844683341,-6.288502286609266,0.08058011729478891,0.005313362586163008
59.31,5.137272469135154,-6.249977221838815,0.08209736157531762,0.00531754685003525
59.32,5.198747986831354,-6.210757630121592,0.08365659147767307,0.005321915343788759
59.33,5.259812039314495,-6.170846202953041,0.08525915940514509,0.0053264708202258445
59.34,5.320457281678746,-6.130245710807653,0.0869064648659372,0.005331215989563994
59.35,5.380676382880602,-6.0889590031598635,0.08859995610985388,0.005336153520859428
59.36,5.440462026033163,-6.046989008501962,0.09034113181488869,0.005341286043672749
59.370000000000005,5.499806908683468,-6.004338734359176,0.09213154282448695,0.005346616149991341
59.38,5.558703743072334,-5.961011267302098,0.09397279393619315,0.005352146396423818
59.39,5.6171452563761575,-5.9170097729566224,0.09586654574232067,0.005357879306682924
59.4,5.675124190930142,-5.8723374960115775,0.09781451652319882,0.005363817374373809
59.410000000000004,5.732633304432386,-5.826997760224232,0.099818484193459,0.005369963066105904
59.42,5.789665370128291,-5.7809939684238705,0.10188028830171696,0.005376318824946567
59.43,5.846213176974731,-5.734329602513623,0.10400183208389059,0.005382887074235774
59.44,5.902269529783431,-5.68700822347077,0.10618508457026196,0.005389670221782833
59.45,5.957827249342997,-5.639033471345712,0.1084320827462468,0.005396670664465662
59.46,6.012879172519066,-5.590409065259822,0.11074493376667391,0.005403890793254081
59.47,6.067418152332007,-5.54113880340241,0.113125817223199,0.005411332998680434
59.480000000000004,6.121437058011666,-5.491226563027015,0.11557698746428222,0.00541899967678084
59.49,6.174928775028594,-5.440676300447259,0.11810077596694364,0.005426893235530586
59.5,6.227886205101277,-5.389492051032495,0.12069959375927622,0.005435016101798845
59.51,6.28030226617884,-5.337677929203508,0.1233759338924382,0.005443370728848378
59.52,6.332169892398746,-5.2852381284284915,0.12613237396056726,0.005451959604405862
59.53,6.383482034019037,-5.232176921219574,0.1289715786667533,0.005460785259328995
59.54,6.43423165732465,-5.17849865913015,0.13189630243287578,0.00546985027689789
59.550000000000004,6.484411744507414,-5.124207772753261,0.13490939205075222,0.005479157302757306
59.56,6.534015293519323,-5.069308771721323,0.13801378937165573,0.0054887090555369375
59.57,6.5830353178987515,-5.01380624470745,0.14121253403083964,0.005498508338177089
59.58,6.631464846569277,-4.957704859428655,0.14450876620325429,0.005508558049986339
59.59,6.679296923610857,-4.901009362651215,0.14790572938615304,0.005518861199457601
59.6,6.7265246080031265,-4.84372458019847,0.1514067732037604,0.005529420917867919
59.61,6.773140973340654,-4.785855416961351,0.15501535622861207,0.005540240473687097
59.620000000000005,6.819139107520049,-4.727406856911926,0.1587350488135734,0.005551323287817821
59.63,6.864512112398865,-4.6683839631202275,0.16256953592789672,0.0055626729496885486
59.64,6.909253103426352,-4.608791877774697,0.1665226199899888,0.0055742932342189785
59.65,6.95335520924614,-4.548635822206478,0.17059822368882255,0.005586188119674145
59.660000000000004,6.9968115712710786,-4.487921096917898,0.17480039278514406,0.0055983618064202115
59.67,7.039615343230502,-4.426653081615385,0.17913329888279111,0.005610818736591954
59.68,7.081759690690332,-4.364837235247129,0.1836012421595543,0.005623563614676995
59.69,7.123237790546523,-4.302479096045751,0.1882086540460724,0.0056366014290161765
59.7,7.1640428304924795,-4.239584281576258,0.1929600998402598,0.005649937474213886
59.71,7.204168008461219,-4.176158488789559,0.19786028124371327,0.005663577374446067
59.72,7.243606532043184,-4.112207494081785,0.2029140388054365,0.005677527107644277
59.730000000000004,7.282351617880767,-4.04773715335968,0.20812635425705367,0.0056917930305258055
59.74,7.320396491040784,-3.982753402112296,0.21350235272245624,0.005706381904431039
59.75,7.357734384366302,-3.9172622554892103,0.21904730478353762,0.005721300921916196
59.76,7.394358537809432,-3.851269808385491,0.22476662838232261,0.005736557734037702
59.77,7.430262197746881,-3.784782235533596,0.23066589053838701,0.005752160478250984
59.78,7.465438616280311,-3.7178057916023883,0.23675080885899116,0.005768117806829843
59.79,7.49988105052375,-3.6503468113034154,0.24302725281782028,0.005784438915696669
59.800000000000004,7.533582761880587,-3.5824117095045906,0.24950124477663244,0.005801133573533291
59.81,7.566537015312917,-3.514006981351382,0.25617896072246804,0.005818212151022943
59.82,7.598737078606308,-3.4451392023955805,0.26306673069137093,0.005835685650050775
59.83,7.6301762216333575,-3.375815028731696,0.2701710388478163,0.0058535657326649546
59.84,7.660847715619702,-3.3060411971409884,0.2774985231872375,0.005871864749575193
59.85,7.690744832416517,-3.235824525243107,0.2850559748271974,0.005890595767935333
59.86,7.719860843783862,-3.1651719116552623,0.29285033685086415,0.00590977259812681
59.870000000000005,7.748189020689619,-3.09409033615882,0.3008887026645356,0.005929409819226121
59.88,7.775722632629151,-3.0225868598731425,0.30917831382901556,0.005949522802804137
59.89,7.80245494697123,-2.9506686254364674,0.3177265573226887,0.005970127734668367
59.9,7.8283792283362015,-2.8783428571935343,0.3265409621921799,0.005991241634119163
59.910000000000004,7.853488738012797,-2.805616861389627,0.3356291955445279,0.00601288237024985
59.92,7.877776733420501,-2.7324980263706173,0.3449990578328659,0.006035068674777396
59.93,7.901236467624815,-2.6589938227885375,0.35465847738569684,0.006057820150845994
59.94,7.923861188913317,-2.5851118038121133,0.3646155041279976,0.006081157277199775
59.95,7.945644140440892,-2.5108596053416266,0.3748783024405941,0.006105101407073347
59.96,7.966578559953087,-2.4362449462273763,0.38545514310254914,0.006129674761102645
59.97,7.9866576795970445,-2.3612756284909144,0.3963543942597072,0.006154900413510338
59.980000000000004,8.005874725830106,-2.285959537548138,0.40758451136107626,0.006180802270773228
59.99,8.024222919436673,-2.210304642433211,0.41915402600341783,0.006207405041934545
60.0,8.041695475664596,-2.1343189960221753,0.4310715336232914,0.00623473419967966
60.01,8.058285604492873,-2.058010735255001,0.44334567997488994,0.006262815931254564
60.02,8.073986511043119,-1.9813880813546862,0.45598514633133624,0.006291677078269839
60.03,8.088791396147826,-1.9044593400419119,0.4689986333467288,0.006321345064402456
60.04,8.102693457089092,-1.8272329017435893,0.48239484351615514,0.0063518478099846565
60.050000000000004,8.115685888522053,-1.749717241793523,0.4961824621711828,0.006383213632452445
60.06,8.127761883597914,-1.671920920623244,0.5103701369490227,0.006415471131621484
60.07,8.138914635302012,-1.5938525839409208,0.524966455674687,0.006448649058763924
60.08,8.149137338022962,-1.5155209628960928,0.5399799225970775,0.006482776168479483
60.09,8.15842318936949,-1.436934874227801,0.5554189329220848,0.006517881052389355
60.1,8.166765392252042,-1.358103220393517,0.5712917455885096,0.00655399195373471
60.11,8.174157157246839,-1.2790349896760977,0.5876064542359757,0.006591136562035015
60.120000000000005,8.180591705260412,-1.1997392562657987,0.6043709563180507,0.006629341787057287
60.13,8.186062270513165,-1.1202251803142016,0.6215929203185693,0.006668633511468019
60.14,8.19056210386078,-1.0405020079567082,0.6392797510347252,0.0067090363216879174
60.15,8.19408447647264,-0.9605790713000627,0.6574385528969062,0.006750573216647372
60.160000000000004,8.196622683886666,-0.8804657883711602,0.6760760913025503,0.006793265294350476
60.17,8.198170050460073,-0.8001716630231999,0.6951987519495456,0.006837131416399801
60.18,8.198719934235656,-0.7197062847950352,0.7148124981639348,0.006882187850914387
60.19,8.198265732243158,-0.6390793287193702,0.7349228262269549,0.006928447894591525
60.2,8.196800886255105,-0.5583005550752477,0.7555347187177963,0.006975921475020146
60.21,8.194318889016253,-0.4773798090800715,0.7766525959009283,0.007024614734750628
60.22,8.19081329096537,-0.39632702051620844,0.7982802652004485,0.007074529599062633
60.230000000000004,8.186277707467509,-0.3151522032870175,0.8204208688186952,0.0071256633298488435
60.24,8.180705826574282,-0.23386545489696783,0.8430768295723226,0.007178008068546454
60.25,8.174091417328698,-0.15247695585032453,0.8662497950361975,0.007231550371597795
60.26,8.166428338630144,-0.07099696896270873,0.8899405801038176,0.0072862707425029
60.27,8.157710548673801,0.01056416142032171,0.9141491080924615,0.007342143165135173
60.28,8.147932114977383,0.09219601030367296,0.9388743505419317,0.007399134643620818
60.29,8.137087225006377,0.17388807302823228,0.9641142658774956,0.007457204754725389
60.300000000000004,8.125170197407146,0.25562976636775125,0.9898657371303999,0.007516305219337204
60.31,8.11217549385508,0.3374104297434405,1.0161245089330564,0.00757637950027755
60.32,8.098097731522676,0.419219326562695,1.0428851240305643,0.007637362434287297
60.33,8.082931696169771,0.501045645688417,1.0701408595755313,0.007699179906625716
60.34,8.06667235585534,0.5828785030454259,1.0978836634990268,0.007761748577253185
60.35,8.049314875267106,0.6647069433704343,1.126104091276792,0.007824975668037335
60.36,8.030854630661825,0.7465199421120309,1.1547912434363403,0.007888758820801672
60.370000000000005,8.011287225405503,0.8283064074870304,1.183932704177091,0.007952986036308594
60.38,7.990608506098809,0.9100551826994414,1.2135144815019507,0.008017535704410049
60.39,7.968814579268828,0.9917550483281417,1.2435209492845143,0.008082276735587543
60.4,7.945901828603872,1.073394724889158,1.2739347917210124,0.008147068803917539
60.410000000000004,7.921866932703355,1.1549628755781978,1.3047369506399562,0.008211762711111969
60.42,7.896706883309885,1.23644810919879,1.3359065761647813,0.008276200880678158
60.43,7.870419003985587,1.3178389832810484,1.3674209812453144,0.00834021799039528
60.44,7.843000969189398,1.399124007395673,1.399255600592166,0.008403641750197935
60.45,7.814450823706575,1.480291646667355,1.431383954563814,0.008466293831176388
60.46,7.784767002376088,1.5613303254912438,1.4637776185687479,0.008527990949735342
60.47,7.753948350055846,1.6422284314555677,1.4964061985541617,0.008588546108993922
60.480000000000004,7.721994141759928,1.7229743194728777,1.5292373131579018,0.008647769997256496
60.49,7.688904102896215,1.8035563161217003,1.5622365831012222,0.00870547254084532
60.5,7.654678429527018,1.8839627241996437,1.5953676283959857,0.008761464605773647
60.51,7.619317808569616,1.9641818274881986,1.6285920739308248,0.008815559839676402
60.52,7.582823437848038,2.044201895728618,1.6618695639860666,0.008867576642136318
60.53,7.545197045902023,2.1240111898073435,1.695157786206553,0.00891734024808645
60.54,7.506440911453968,2.2035979671484727,1.7284125055345252,0.008964684905389955
60.550000000000004,7.466557882429835,2.282950487309745,1.7615876085711917,0.009009456124055066
60.56,7.425551394425531,2.362057017777447,1.794635158795253,0.009051512970910038
60.57,7.383425488506292,2.440905839954527,1.8275054630193122,0.00909073038002066
60.58,7.340184828223111,2.5194852553350486,1.8601471494106963,0.009127001445773117
60.59,7.2958347157273575,2.5977835918569294,1.8925072573416986,0.009160239662463187
60.6,7.250381106862517,2.6757892104236896,1.9245313392657346,0.009190381071531696
60.61,7.203830625110486,2.753490511584696,1.9561635747405246,0.00921738627537286
60.620000000000005,7.156190574269151,2.8308759423621384,1.9873468966374654,0.00924124227502212
60.63,7.107468949738159,2.907934003211713,2.0180231294882134,0.009261964088105751
60.64,7.057674448290878,2.9846532551027427,2.0481331398256604,0.009279596103306736
60.65,7.006816476212599,3.061022326702209,2.077616998277566,0.009294213128356411
60.660000000000004,6.954905155688149,3.1370299216459707,2.106414153067832,0.009305921090275926
60.67,6.90195132932621,3.212664825879246,2.1344636144736264,0.009314857349324331
60.68,6.847966562712913,3.2879159150473076,2.1617041496772185,0.00932119059189916
60.69,6.792963144893612,3.36277216191625,2.1880744873405797,0.009325120272494599
60.7,6.736954086689251,3.4372226438026763,2.2135135311196277,0.00932687558073944
60.71,6.679953116762316,3.511256549990214,2.2379605812247645,0.009326713916469756
60.72,6.6219746753570705,3.584863189109919,2.2613555630263535,0.009324918863665524
60.730000000000004,6.563033905649558,3.658031996460887,2.2836392615993897,0.009321797662787927
60.74,6.503146642654631,3.730752541246748,2.3047535610022507,0.009317678190461132
60.75,6.442329399650059,3.8030145337032155,2.3246416869915323,0.009312905465375587
60.76,6.380599352091405,3.8748078320914674,2.343248451789964,0.00930783770954904
60.77,6.317974319005857,3.946122449531909,2.3605204994487163,0.009302842004448428
60.78,6.25447274186835,4.016948560652761,2.376406550280376,0.009298289591700242
60.79,6.190113660979107,4.087276508027986,2.390857642785781,0.009294550877940332
60.800000000000004,6.1249166893779465,4.15709680837928,2.403827371457931,0.009291990212510695
60.81,6.058901984347263,4.226400158517247,2.4152721188204,0.00929096051493035
60.82,5.992090216572336,4.295177440997431,2.425151280046954,0.009291797836086559
60.83,5.9245025370443765,4.363419729467587,2.433427478514156,0.009294815942673
60.84,5.856160541808338,4.431118293683488,2.440066770660188,0.009300301018318465
60.85,5.78708623467384,4.498264604171599,2.4450388385612185,0.009308506576916332
60.86,5.717301988023385,4.564850336518184,2.448317168691538,0.00931964868374178
60.870000000000005,5.646830501867235,4.630867375265786,2.4498792154052373,0.009333901577926861
60.88,5.575694761308708,4.696307817399553,2.4497065477650515,0.009351393785710168
60.89,5.503917992597043,4.76116397540755,2.4477849784475083,0.009372204807606385
60.9,5.431523617957278,4.825428379901004,2.444104673571895,0.009396362454314642
60.910000000000004,5.358535209397574,4.8890937817823525,2.438660242432686,0.009423840895944481
60.92,5.284976441704039,4.952153153951008,2.431450806259672,0.009454559477169467
60.93,5.210871044841165,5.014599692538846,2.422480045285599,0.009488382337465233
60.94,5.1362427559824555,5.07642681766966,2.4117562235660035,0.009525118860947675
60.95,5.061115271400571,5.137628173739064,2.399292191168238,0.009564524964824553
60.96,4.985512198449265,5.19819762921365,2.385105363524537,0.009606305219478596
60.97,4.9094570078705555,5.258129275950498,2.3692176779252248,0.009650115777094667
60.980000000000004,4.832972986659875,5.317417428040537,2.351655527310784,0.009695568069922883
60.99,4.756083191719377,5.3760566201815045,2.3324496717032703,0.009742233224120236
61.0,4.678810404525229,5.434041605588618,2.3116351277963743,0.009789647121015613
61.01,4.601177087028569,5.491367353453268,2.2892510373971806,0.009837316024945962
61.02,4.5232053390018825,5.548029045962254,2.2653405155793385,0.009884722685822361
61.03,4.444916857033058,5.604022074892172,2.239950479565019,0.009931332815572536
61.04,4.366332895358305,5.659342037795552,2.2131314594999303,0.009976601830784623
61.050000000000004,4.287474228712593,5.7139847337972585,2.1849373924201756,0.010019981749388576
61.06,4.208361117362503,5.767946159021387,2.1554254008304676,0.010060928127147678
61.07,4.129013274471401,5.821222501670543,2.124655557418934,0.010098906920112501
61.08,4.049449835930944,5.87381013678082,2.092690637523508,0.010133401161963566
61.09,3.9696893327761194,5.925705620677135,2.05959586103794,0.010163917350232334
61.1,3.889749666283616,5.9769056851546845,2.025438625501293,0.010189991442572308
61.11,3.8096480858354136,6.027407231413258,1.9902882321531519,0.01021119437333586
61.120000000000005,3.729401169611259,6.077207323771933,1.9542156067576775,0.010227137011435008
61.13,3.64902480815536,6.126303183192276,1.9172930170032634,0.010237474492526244
61.14,3.5685341908443275,6.174692180638561,1.8795937882714087,0.010241909871642318
61.15,3.4879437952653105,6.222371830303826,1.8411920195390938,0.010240197056157429
61.160000000000004,3.407267379495536,6.269339782730548,1.8021623011343282,0.010232142993076029
61.17,3.3265179772572853,6.315593817854703,1.7625794360056155,0.010217609098748298
61.18,3.2457078959057744,6.361131838001596,1.7225181660940152,0.010196511932911038
61.19,3.1648487171916586,6.405951860861485,1.6820529053125488,0.010168823132138929
61.2,3.08395130072502,6.45005201247234,1.6412574805432658,0.010134568630100612
61.21,3.0030257900538286,6.493430520236399,1.600204881958806,0.010093827203214521
61.22,2.9220816212570946,6.536085705996255,1.5589670238642424,0.01004672839020217
61.230000000000004,2.841127533941293,6.57801597919522,1.5176145171378768,0.00999344984249595
61.24,2.760171584518224,6.61921983014559,1.4762164542279888,0.009934214169368499
61.25,2.6792211616332873,6.659695823427219,1.4348402075377857,0.009869285346954897
61.26,2.598283003605248,6.699442591437496,1.3935512419043987,0.009798964764021919
61.27,2.5173632177319387,6.73845882811244,1.3524129417510844,0.009723586979421895
61.28,2.4364673013109863,6.776743282837183,1.3114864533661175,0.009643515266715263
61.29,2.35560016422057,6.814294754562618,1.2708305426383946,0.009559137020545932
61.300000000000004,2.274766152902355,6.851112086143448,1.230501468459608,0.009470859097128095
61.31,2.1939690755870878,6.887194158911318,1.1905528718869798,0.009379103157791996
61.32,2.1132122286028308,6.922539887495149,1.1510356810498459,0.009284301080097618
61.33,2.0324984236063885,6.9571482148991866,1.1119980316785971,0.009186890495727311
61.34,1.9518300155801072,6.991018107847755,1.0734852030362487,0.009087310508384554
61.35,1.871208931438788,7.024148552404113,1.0355395689417508,0.0089859976384319
61.36,1.7906366990949403,7.056538549869314,0.998200563490456,0.00888338203416745
61.370000000000005,1.7101144768348637,7.088187112965476,0.9615046610012216,0.008779883982629843
61.38,1.6296430828630806,7.119093262306422,0.925485369651625,0.008675910745788598
61.39,1.549223024878293,7.149256023157269,0.8901732382027975,0.008571853741061291
61.4,1.4688545295502948,7.17867442248319,0.8555958751634188,0.008468086078423061
61.410000000000004,1.3885375717739947,7.2073474862863165,0.8217779796983868,0.008364960460046426
61.42,1.3082719035838604,7.235274237228547,0.7887413835514022,0.008262807442518361
61.43,1.2280570826195785,7.262453692536858,0.7565051032219704,0.008161934056299723
61.44,1.1478925000414728,7.288884862186707,0.7250854016158266,0.00806262277227268
61.45,1.0677774078021585,7.314566747358073,0.6944958583732076,0.007965130801001405
61.46,0.9877109451889744,7.33949833915782,0.6647474480713426,0.007869689706731527
61.47,0.907692164559851,7.363678617601219,0.6358486254956219,0.007776505315179259
61.480000000000004,0.8277200562033887,7.387106550844721,0.6078054171776851,0.007685757891806061
61.49,0.7477935722619804,7.409781094661397,0.5806215184077126,0.007597602565519065
61.5,0.6679116496647624,7.431701192149891,0.5542983949420512,0.0075121699715521096
61.51,0.5880732320249742,7.452865773667204,0.5288353886454882,0.007429567086631373
61.52,0.508277290463905,7.473273756975186,0.5042298263295598,0.007349878229368811
61.53,0.42852284333096935,7.492924047590279,0.48047713107378553,0.007273166199107095
61.54,0.3488089747965523,7.511815539325724,0.45757093534520704,0.007199473527111623
61.550000000000004,0.2691348523010662,7.5299471150152675,0.4355031952626655,0.007128823815014036
61.56,0.18949974285014126,7.547317647407206,0.41426430538544756,0.007061223136703709
61.57,0.10990302815201726,7.563926000217545,0.3938432134408781,0.006996661481387293
61.58,0.03034421859898724,7.57977102933101,0.3742275344417612,0.006935114217238724
61.59,-0.049177033899836575,7.594851584138653,0.35540366368191634,0.006876543556895907
61.6,-0.12866092422212572,7.609166509000902,0.33735688813608805,0.006820900007979401
61.61,-0.20810748345534102,7.622714644824997,0.3200714958289247,0.0067681237937709275
61.620000000000005,-0.28751656941790527,7.6354948307459525,0.3035308827762261,0.006718146231158868
61.63,-0.3668878582534226,7.647505905900371,0.28771765714000186,0.0066708910548996135
61.64,-0.44622083706932597,7.658746711282708,0.27261374027681134,0.006626275679129473
61.65,-0.5255147975882107,7.669216091673833,0.25820046439615935,0.006584212388867882
61.660000000000004,-0.6047688307773668,7.678912897632086,0.24445866658220464,0.0065446094559579015
61.67,-0.6839818224196319,7.687835987537342,0.23136877896752095,0.006507372175479431
61.68,-0.7631524495866604,7.695984229678942,0.21891091488198455,0.006472403820132329
61.690000000000005,-0.8422791779740051,7.7033565043787675,0.20706495083290996,0.006439606511412232
61.7,-0.921360260056048,7.709951706141107,0.1958106042042008,0.006408882007587071
61.71,-1.0003937340177633,7.715768745821367,0.18512750659243085,0.0063801324095248265
61.72,-1.0793774234195415,7.720806552806118,0.17499527272633536,0.0063532607863245605
61.730000000000004,-1.1583089375508302,7.725064077197369,0.16539356494311466,0.006328171723466363
61.74,-1.2371856724281443,7.728540291994425,0.15630215322017715,0.006304771796826203
61.75,-1.3160048123930317,7.731234195267073,0.14770097078444355,0.006282969976406719
61.76,-1.3947633322658608,7.733144812314315,0.13957016534307506,0.006262677964022038
61.77,-1.4734580000117716,7.734271197803254,0.13189014599946605,0.006243810469452949
61.78,-1.5520853798758172,7.7346124378832055,0.12464162593655732,0.006226285429768791
61.79,-1.6306418359451769,7.734167652270476,0.11780566096599221,0.006210024176603051
61.800000000000004,-1.7091235360973414,7.732935996299698,0.11136368405637637,0.006194951556182159
61.81,-1.7875264562943267,7.730916662937986,0.10529753596694505,0.006180996006851369
61.82,-1.8658463851842637,7.728108884758568,0.09958949212432752,0.006168089598727947
61.83,-1.944078928973102,7.72451193587093,0.09422228588987537,0.006156168039949516
61.84,-2.0222195165306593,7.720125133804846,0.08917912837324274,0.006145170653783845
61.85,-2.1002634046968125,7.714947841346052,0.08444372495463251,0.006135040330634021
61.86,-2.1782056837552575,7.708979468321606,0.08000028868341791,0.00612572345871757
61.870000000000005,-2.2560412830439467,7.702219473333326,0.075833550724784,0.0061171698369270845
61.88,-2.333764976673028,7.694667365437972,0.0719287680286813,0.006109332573099314
61.89,-2.4113713893228486,7.686322705773138,0.06827172839682141,0.0061021679706351455
61.9,-2.4888550020963325,7.677185109128063,0.06484875312375077,0.0060956354061306554
61.910000000000004,-2.5662101584018076,7.667254245458833,0.0616466973872951,0.006089697200400462
61.92,-2.643431069844074,7.656529841347677,0.058652948561955215,0.006084318485006353
61.93,-2.7205118221032536,7.645011681406251,0.05585542262623816,0.006079467066146446
61.940000000000005,-2.79744638078263,7.63269960962303,0.05324255883150831,0.0060751132875160535
61.95,-2.874228597208369,7.619593530655084,0.05080331279582362,0.006071229893523638
61.96,-2.950852214165601,7.605693411064696,0.048527148181463524,0.0060677918940327995
61.97,-3.0273108715569377,7.590999280501405,0.04640402710953704,0.006064776431606773
61.980000000000004,-3.103598111970984,7.575511232830229,0.04442439945925927,0.006062162652054259
61.99,-3.1797073861498757,7.559229427206888,0.042579191193277535,0.00605993157891583
62.0,-3.255632058346257,7.542154089101002,0.040859791843886564,0.006058065992387124
62.01,-3.331365411561436,7.524285511268304,0.03925804128816499,0.0060565503130482375
62.02,-3.406900652657716,7.505624054672985,0.03776621593305844,0.006055370490658154
62.03,-3.482230917339084,7.486170149361369,0.036377014424289776,0.006054513898177162
62.04,-3.557349274995553,7.465924295288155,0.03508354298575316,0.006053969231097601
62.050000000000004,-3.6322487334074975,7.444887063096525,0.033879300488799134,0.006053726412093882
62.06,-3.7069222433072975,7.423059094853429,0.03275816334359343,0.006053776500945063
62.07,-3.7813627027964944,7.400441104741409,0.03171437029757842,0.006054111609635235
62.08,-3.8555629616175024,7.377033879708308,0.030742507219024433,0.006054724822499484
62.09,-3.9295158252796742,7.352838280076264,0.029837491936766363,0.006055610121253253
62.1,-4.003214059040205,7.327855240111334,0.028994559200511635,0.00605676231472005
62.11,-4.076650391740994,7.302085768555142,0.02820924581960847,0.006058176973057405
62.120000000000005,-4.1498175195031335,7.275530949119891,0.02747737603190281,0.006059850366268934
62.13,-4.222708109281203,7.248191940948091,0.026795047148309766,0.0060617794067853925
62.14,-4.295314802279983,7.220069979038321,0.026158615512998168,0.006063961595894916
62.15,-4.36763021723659,7.191166374638314,0.025564682813648706,0.006066394973803292
62.160000000000004,-4.439646953571353,7.161482515606636,0.025010082771107393,0.006069078073108887
62.17,-4.511357594411063,7.131019866744192,0.02449186823292408,0.006072009875482558
62.18,-4.582754709488423,7.0997799700967565,0.024007298690744742,0.006075189771349281
62.190000000000005,-4.65383085792175,7.067764445229684,0.023553828237317602,0.0060786175223766755
62.2,-4.724578590879104,7.034974989475928,0.023129093974976117,0.006082293226584331
62.21,-4.79499045413115,7.001413378158454,0.02273090488387297,0.006086217285897577
62.22,-4.86505899049712,6.967081464788077,0.022357231154953347,0.006090390375979106
62.230000000000004,-4.934776742188303,6.931981181237726,0.022006193989665804,0.006094813418180399
62.24,-5.004136253053484,6.896114537894099,0.021676055865706267,0.006099487553466514
62.25,-5.073130070730775,6.859483623787613,0.02136521126566523,0.006104414118175444
62.26,-5.1417507487102165,6.822090606701524,0.02107217786328882,0.0061095946214827545
62.27,-5.209990848311488,6.783937733261051,0.020795588160158987,0.006115030724452336
62.28,-5.277842940581002,6.745027329003281,0.020534181563934068,0.0061207242205598205
62.29,-5.345299608112545,6.705361798428619,0.02028679689785457,0.006126677017585366
62.300000000000004,-5.412353446795554,6.664943625034476,0.020052365329996963,0.006132891120778931
62.31,-5.478997067494977,6.623775371331869,0.019829903709736193,0.006139368617207623
62.32,-5.54522309766657,6.581859678845572,0.019618508298041754,0.006146111661202116
62.33,-5.6110241829113185,6.539199268098397,0.01941734887756813,0.006153122460824373
62.34,-5.676392988472576,6.495796938580177,0.019225663227994762,0.006160403265284988
62.35,-5.741322200679327,6.451655568701976,0.019042751951709434,0.006167956353242948
62.36,-5.8058045283388715,6.406778115736012,0.018867973634699078,0.006175784021926049
62.370000000000005,-5.8698327040820555,6.36116761574176,0.018700740327400583,0.006183888577014818
62.38,-5.9333994856640455,6.3148271834786645,0.01854051333025878,0.006192272323235657
62.39,-5.996497657223475,6.267760012305871,0.01838679926882777,0.006200937555613647
62.4,-6.059120030502667,6.219969374069348,0.018239146443423823,0.006209886551339841
62.410000000000004,-6.121259446031469,6.171458618976748,0.018097141438582508,0.006219121562208542
62.42,-6.182908774277113,6.122231175460351,0.017960405977879835,0.0062286448075854674
62.43,-6.24406091676236,6.072290550028369,0.017828594010037325,0.006238458467870019
62.440000000000005,-6.304708807154067,6.021640327104923,0.017701389012635703,0.0062485646784162
62.45,-6.364845412324157,5.970284168858936,0.017578501500203184,0.0062589655238806975
62.46,-6.424463733384886,5.918225815022194,0.017459666723914833,0.006269663032967962
62.47,-6.483556806700132,5.865469082696803,0.017344642550632332,0.006280659173544721
62.480000000000004,-6.542117704874345,5.8120178661522495,0.017233207509522917,0.006291955848098093
62.49,-6.60013953772068,5.757876136612259,0.017125158995016373,0.0063035548895130356
62.5,-6.657615453209707,5.703047942031638,0.017020311615385173,0.006315458057147315
62.51,-6.714538638400015,5.647537406863265,0.016918495676760653,0.0063276670331832196
62.52,-6.770902320351915,5.591348731815378,0.016819555792923584,0.006340183419236576
62.53,-6.826699767025354,5.534486193599321,0.016723349611727455,0.0063530087332058244
62.54,-6.881924288163073,5.476954144667862,0.01662974664952415,0.006366144406344505
62.550000000000004,-6.936569236159947,5.418757012944221,0.016538627225462104,0.006379591780541807
62.56,-6.99062800691939,5.359899301541922,0.016449881488014375,0.0063933521057977175
62.57,-7.044094040697594,5.300385588475563,0.01636340852656656,0.006407426537879182
62.58,-7.09696082293636,5.240220526362627,0.016279115561350876,0.0064218161361458545
62.59,-7.149221885085154,5.179408842116404,0.016196917205451817,0.006436521861534459
62.6,-7.200870805413013,5.117955336630121,0.01611673479302977,0.006451544574691411
62.61,-7.251901209810835,5.0558648844523715,0.016038495768311418,0.006466885034244536
62.620000000000005,-7.3023067725845525,4.993142433453894,0.015962133130279,0.006482543895205593
62.63,-7.35208121723964,4.929793004485801,0.015887584928354893,0.006498521707495892
62.64,-7.4012183172573485,4.865821691029306,0.015814793804722848,0.006514818914587262
62.65,-7.449711896863042,4.801233658837022,0.015743706579253457,0.006531435852252856
62.660000000000004,-7.497555831786947,4.736034145565885,0.01567427387330868,0.006548372747421208
62.67,-7.544744050017607,4.670228460401768,0.015606449768989363,0.006565629717128126
62.68,-7.591270532548299,4.603821983675838,0.015540191500660829,0.006583206767562224
62.690000000000005,-7.637129314116644,4.5368201664727,0.015475459175845578,0.006601103793199016
62.7,-7.682314483937588,4.469228530230397,0.015412215522809249,0.0066193205760194575
62.71,-7.726820186429955,4.401052666332292,0.01535042566238723,0.00663785678480971
62.72,-7.770640621936705,4.332298235690908,0.015290056901805052,0.006656711974538915
62.730000000000004,-7.813770047439022,4.262970968323737,0.015231078548436893,0.0066758855858113225
62.74,-7.856202777264362,4.193076662921097,0.01517346174162369,0.006695376944390818
62.75,-7.897933183788529,4.122621186406062,0.015117179300836428,0.006715185260795332
62.76,-7.938955698131881,4.051610473486505,0.015062205588621693,0.006735309629958203
62.77,-7.9792648108497,3.9800505261993187,0.015008516386906359,0.006755749030955329
62.78,-8.018855072616802,3.9079474134468284,0.014956088785367026,0.006776502326796364
62.79,-8.057721094906404,3.8353072705254614,0.014904901080688211,0.006797568264277732
62.800000000000004,-8.095857550663283,3.762136298646702,0.014854932685641952,0.006818945473896722
62.81,-8.133259174971247,3.6884407644503785,0.014806164047021148,0.006840632469824848
62.82,-8.169920765714911,3.614226999510323,0.014758576571550181,0.006862627649939722
62.83,-8.205837184235797,3.5395013998324445,0.01471215255897976,0.006884929295914328
62.84,-8.241003355982736,3.464270425345261,0.014666875141649046,0.00690753557336232
62.85,-8.27541427115656,3.3885405993829263,0.014622728229867597,0.0069304445320392824
62.86,-8.309064985349075,3.3123185081607973,0.014579696462532842,0.0069536541060987835
62.870000000000005,-8.341950620176279,3.2356108002435877,0.014537765162456327,0.0069771621144020845
62.88,-8.374066363905797,3.158424186006144,0.014496920295924216,0.007000966260881844
62.89,-8.405407472078505,3.0807654370868893,0.0144571484360649,0.007025064134958656
62.9,-8.435969268124301,3.002641385833984,0.014418436729639588,0.007049453212009555
62.910000000000004,-8.465747143971992,2.92405892474424,0.014380772866910557,0.0070741308538888985
62.92,-8.49473656065323,2.845025005894836,0.014344145054277026,0.007099094309500556
62.93,-8.52293304890049,2.7655466403678823,0.014308541989400285,0.007124340715420944
62.940000000000005,-8.550332209739008,2.685630897667876,0.014273952838568478,0.0071498670965728225
62.95,-8.576929715072636,2.605284905132095,0.014240367216077259,0.007175670366949359
62.96,-8.60272130826359,2.5245158473339777,0.014207775165425835,0.007201747330387761
62.97,-8.627702804705994,2.4433309654795368,0.014176167142148895,0.007228094681392702
62.980000000000004,-8.651870092393207,2.361737556796854,0.01414553399812376,0.007254709006008686
62.99,-8.675219132478848,2.2797429739187063,0.014115866967209048,0.007281586782741037
63.0,-8.697745959831481,2.197354624258369,0.014087157652086318,0.007308724383525686
63.01,-8.719446683582902,2.1145799693786516,0.014059398012189852,0.007336118074746728
63.02,-8.740317487669959,2.0314265243542144,0.014032580352621914,0.007363764018301653
63.03,-8.760354631369859,1.9479018571272146,0.014006697313961812,0.007391658272713935
63.04,-8.779554449828904,1.8640135878563404,0.01398174186288687,0.0074197967942928
63.050000000000004,-8.79791335458459,1.779769388259279,0.013957707283532227,0.00744817543833924
63.06,-8.815427834081014,1.6951769809486785,0.013934587169524185,0.007476789960398384
63.07,-8.832094454177536,1.6102441387616526,0.01391237541662887,0.007505636017557799
63.08,-8.847909858650635,1.5249786840828863,0.013891066215964238,0.007534709169790854
63.09,-8.862870769688886,1.439388488161397,0.013870654047729022,0.007564004881345352
63.1,-8.876973988381035,1.3534814704210076,0.013851133675407242,0.007593518522176555
63.11,-8.89021639519707,1.2672655977645886,0.013832500140411355,0.0076232453694241855
63.120000000000005,-8.902594950462262,1.1807488838721263,0.013814748757131087,0.0076531806089332535
63.13,-8.914106694824111,1.0939393884926774,0.013797875108358545,0.007683319336817937
63.14,-8.924748749712132,1.0068452167302657,0.013781875041063383,0.007713656561068087
63.15,-8.934518317790431,0.9194745183237849,0.013766744662494605,0.007744187203197772
63.160000000000004,-8.943412683403015,0.8318354869209641,0.013752480336588139,0.007774906099935603
63.17,-8.951429213011771,0.7439363593464596,0.01373907868066153,0.007805808004956066
63.18,-8.958565355627076,0.6557854148641342,0.013726536562379155,0.007836887590651273
63.190000000000005,-8.964818643230963,0.5673909744335861,0.013714851096973108,0.007868139449942775
63.2,-8.970186691192799,0.47876139996099065,0.013704019644706576,0.00789955809813263
63.21,-8.97466719867742,0.3899050935443197,0.013694039808567891,0.007931137974793228
63.22,-8.97825794904567,0.3008304967130018,0.01368490943218481,0.00796287344569529
63.230000000000004,-8.98095681024729,0.2115460896620895,0.013676626597949645,0.00799475880477323
63.24,-8.982761735206097,0.12206039048099855,0.013669189625346979,0.008026788276127404
63.25,-8.983670762197413,0.0323819543768869,0.013662597069476607,0.008058956016062506
63.26,-8.98368201521769,-0.057480627107260804,0.01365684771976515,0.008091256115161365
63.27,-8.982793704346275,-0.1475187268797744,0.01365194059886062,0.008123682600393527
63.28,-8.981004126099258,-0.23772368309259717,0.01364787496170483,0.008156229437257865
63.29,-8.978311663775385,-0.32808679993867323,0.01364465029477921,0.008188890531958452
63.300000000000004,-8.974714787793943,-0.41859934845435387,0.013642266315520159,0.008221659733612946
63.31,-8.970212056024605,-0.509252567326752,0.013640722971900542,0.008254530836492812
63.32,-8.96480211410917,-0.6000376637059747,0.013640020442174461,0.008287497582294464
63.33,-8.958483695775149,-0.6909458140221614,0.013640159134782837,0.008320553662440573
63.34,-8.951255623141163,-0.7819681648072558,0.013641139688417748,0.00835369272041074
63.35,-8.943116807014109,-0.8730958335214392,0.013642962972243862,0.008386908354100771
63.36,-8.934066247178018,-0.9643199093841506,0.0136456300862756,0.008420194118209556
63.370000000000005,-8.924103032674614,-1.055631454209622,0.013649142361909061,0.008453543526652771
63.38,-8.913226342075475,-1.147021503246851,0.013653501362607968,0.008486950055002634
63.39,-8.9014354437458,-1.2384810660239391,0.013658708884743258,0.008520407142952552
63.4,-8.88872969609971,-1.3300011271967176,0.013664766958586146,0.00855390819680609
63.410000000000004,-8.875108547847056,-1.4215726474015846,0.013671677849454805,0.008587446591989208
63.42,-8.86057153823168,-1.5131865641124795,0.013679444059015023,0.008621015675584631
63.43,-8.845118297261122,-1.6048337925019132,0.013688068326735458,0.008654608768887727
63.440000000000005,-8.828748545927688,-1.696505226305979,0.013697553631498329,0.008688219169982851
63.45,-8.811462096420883,-1.7881917386932658,0.013707903193366637,0.00872184015633907
63.46,-8.79325885233114,-1.8798841831375923,0.01371912047550919,0.008755464987424522
63.47,-8.774138808844835,-1.9715733942944857,0.01373120918628498,0.008789086907338031
63.480000000000004,-8.754102052930532,-2.063250188881322,0.013744173281488626,0.008822699147457357
63.49,-8.73314876351644,-2.1549053665610503,0.013758016966758855,0.008856294929103106
63.5,-8.711279211659024,-2.2465297108294155,0.013772744700152162,0.00888986746621683
63.51,-8.688493760702778,-2.3381139899056054,0.013788361194884056,0.008923409968052591
63.52,-8.664792866431084,-2.4296489576262306,0.013804871422240472,0.008956915641881242
63.53,-8.640177077208143,-2.521125354342564,0.01382228061466217,0.008990377695705735
63.54,-8.614647034111972,-2.612533907820949,0.013840594269005146,0.009023789340986658
63.550000000000004,-8.588203471058385,-2.7038653341463,0.013859818149980314,0.00905714379537754
63.56,-8.56084721491598,-2.795110338628604,0.013879958293775928,0.009090434285467658
63.57,-8.53257918561208,-2.8862596167123464,0.013901021011866466,0.009123654049532165
63.58,-8.503400396229594,-2.97730385488877,0.013923012895011896,0.009156796340288336
63.59,-8.473311953094798,-3.068233731610886,0.013945940817451529,0.009189854427656524
63.6,-8.442315055855984,-3.1590399182111484,0.013969811941296841,0.009222821601524928
63.61,-8.410410997552967,-3.2497130798217095,0.013994633721127981,0.009255691174517005
63.620000000000005,-8.377601164677428,-3.340243876297165,0.014020413908798867,0.009288456484760392
63.63,-8.34388703722406,-3.430622963139706,0.01404716055845607,0.009321110898656405
63.64,-8.30927018873251,-3.520840992426588,0.014074882031776963,0.009353647813648712
63.65,-8.273752286320079,-3.610888613739834,0.014103587003432855,0.009386060660990007
63.660000000000004,-8.237335090705177,-3.7007564750980735,0.014133284466783191,0.009418342908506086
63.67,-8.200020456221507,-3.790435223890441,0.014163983739807108,0.009450488063355404
63.68,-8.16181033082296,-3.879915507812437,0.014195694471279025,0.009482489674783658
63.690000000000005,-8.122706756079197,-3.9691879758036666,0.014228426647195229,0.009514341336871844
63.7,-8.082711867161926,-4.058243278987363,0.014262190597458743,0.009546036691276493
63.71,-8.041827892821832,-4.147072071611608,0.01429699700283014,0.009577569429961824
63.72,-8.000057155356156,-4.235665011992161,0.014332856902152281,0.009608933297921698
63.730000000000004,-7.95740207056692,-4.324012763456804,0.01436978169985739,0.009640122095889781
63.74,-7.913865147709774,-4.412105995291107,0.014407783173765176,0.009671129683038964
63.75,-7.869448989433453,-4.499935383685536,0.014446873483181195,0.009701949979666584
63.76,-7.8241562917098495,-4.587491612683797,0.014487065177305029,0.009732576969864766
63.77,-7.777989843754676,-4.6747653751323375,0.014528371203958272,0.009763004704176232
63.78,-7.730952527938712,-4.761747373630902,0.01457080491864281,0.009793227302232317
63.79,-7.683047319689644,-4.848428321484059,0.014614380093940319,0.00982323895537334
63.800000000000004,-7.634277287384471,-4.934798943653602,0.014659110929264392,0.009853033929249843
63.81,-7.584645592232488,-5.020849977711731,0.014705012060977265,0.009882606566403754
63.82,-7.5341554881488335,-5.1065721747949295,0.014752098572883572,0.009911951288827858
63.83,-7.482810321618602,-5.191956300558429,0.014800386007114186,0.00994106260050259
63.84,-7.430613531551524,-5.276993136131188,0.014849890375413732,0.009969935089909334
63.85,-7.3775686491272054,-5.36167347907127,0.014900628170845994,0.009998563432518879
63.86,-7.323679297630932,-5.445988144321547,0.014952616379932062,0.010026942393253845
63.870000000000005,-7.268949192280037,-5.52992796516562,0.015005872495236716,0.01005506682892365
63.88,-7.213382140040843,-5.613483794183868,0.015060414528419261,0.010082931690631748
63.89,-7.1569820394361665,-5.696646504209534,0.01511626102376572,0.010110532026153118
63.9,-7.09975288034341,-5.7794069892847535,0.015173431072220061,0.010137862982281176
63.910000000000004,-7.04169874378323,-5.861756165616418,0.015231944325932941,0.01016491980714356
63.92,-6.982823801698798,-5.943684972531804,0.01529182101334724,0.010191697852484872
63.93,-6.9231323167256615,-6.025184373433847,0.015353081954840544,0.010218192575915231
63.940000000000005,-6.862628641952214,-6.1062453567559825,0.015415748578945659,0.010244399543124819
63.95,-6.801317220670779,-6.186858936916455,0.01547984293917114,0.01027031443006189
63.96,-6.739202586119332,-6.267016155271994,0.015545387731444876,0.01029593302507332
63.97,-6.676289361213867,-6.346708081070774,0.01561240631220472,0.010321251231008159
63.980000000000004,-6.612582258271414,-6.425925812404548,0.01568092271716135,0.01034626506728091
63.99,-6.548086078723738,-6.504660477159879,0.015750961680759634,0.010370970671895099
64.0,-6.482805712821728,-6.5829032339683495,0.015822548656365894,0.010395364303425702
64.01,-6.41674613933049,-6.660645273155681,0.015895709837209927,0.010419442342958923
64.02,-6.349912425215176,-6.737877817689648,0.015970472178111712,0.010443201295988861
64.03,-6.282309725317553,-6.8145921241266985,0.01604686341802428,0.010466637794269764
64.04,-6.21394328202335,-6.890779483557189,0.016124912103425617,0.01048974859762312
64.05,-6.144818424920392,-6.966431222549134,0.016204647612593995,0.01051253059569835
64.06,-6.0749405704475565,-7.041538704090375,0.0162861001808027,0.010534980809686307
64.07000000000001,-6.0043152215345685,-7.116093328529082,0.01636930092647184,0.010557096393984364
64.08,-5.932947967232672,-7.1900865345124805,0.01645428187831665,0.010578874637812444
64.09,-5.860844482336194,-7.263509799923716,0.01654107600353358,0.010600312966778906
64.1,-5.78801052699504,-7.336354642816763,0.016629717237067354,0.010621408944395522
64.11,-5.714451946318149,-7.408612622349285,0.01672024051200426,0.01064216027354009
64.12,-5.640174669967936,-7.480275339713332,0.01681268179113908,0.010662564797866743
64.13,-5.56518471174577,-7.55133443906382,0.01690707809976531,0.010682620503162212
64.14,-5.489488169168501,-7.621781608444654,0.017003467559740654,0.010702325518647195
64.15,-5.413091223036095,-7.691608580712437,0.017101889424882354,0.010721678118222933
64.16,-5.336000136990398,-7.760807134457643,0.017202384117749433,0.010740676721660788
64.17,-5.258221257065084,-7.829369094923186,0.017304993267871802,0.01075931989573503
64.18,-5.179761011226811,-7.897286334920265,0.017409759751488958,0.01077760635529781
64.19,-5.100625908907647,-7.964550775741423,0.017516727732864154,0.010795534964294903
64.2,-5.020822540528795,-8.031154388070691,0.0176259427072431,0.010813104736722182
64.21000000000001,-4.940357577015672,-8.097089192890758,0.017737451545529626,0.010830314837521917
64.22,-4.859237769304387,-8.162347262387053,0.017851302540754316,0.010847164583417713
64.23,-4.777469947839665,-8.226920720848657,0.017967545456415893,0.010863653443687518
64.24,-4.69506102206428,-8.290801745565945,0.018086231576779056,0.010879781040874413
64.25,-4.61201797990003,-8.35398256772488,0.018207413759216695,0.010895547151434355
64.26,-4.5283478872203276,-8.416455473297857,0.01833114648868871,0.010910951706319132
64.27,-4.444057887314453,-8.478212803931,0.018457485934454423,0.01092599479149515
64.28,-4.359155200343534,-8.539246957827846,0.018586490009120344,0.01094067664839752
64.29,-4.2736471227883035,-8.599550390629306,0.018718218430130256,0.010954997674316968
64.3,-4.187541026888712,-8.65911561628981,0.01885273278381003,0.010968958422720934
64.31,-4.100844360075447,-8.717935207949573,0.018990096592085285,0.010982559603507625
64.32000000000001,-4.01356464439343,-8.776001798802858,0.019130375381996065,0.01099580208319144
64.33,-3.9257094759173636,-8.83330808296218,0.019273636758139152,0.011008686885020724
64.34,-3.837286524159397,-8.889846816318348,0.019419950478175275,0.011021215189026207
64.35,-3.7483035314689794,-8.945610817396254,0.019569388531545693,0.011033388331999822
64.36,-3.658768312424986,-9.000592968206334,0.019722025221550102,0.011045207807403758
64.37,-3.568688753220186,-9.054786215091612,0.019877937250945808,0.011056675265208553
64.38,-3.4780728110381376,-9.108183569570237,0.020037203811236425,0.011067792511660162
64.39,-3.3869285134225944,-9.160778109173433,0.020199906675827356,0.01107856150897532
64.4,-3.295263957639505,-9.21256297827878,0.02036613029723458,0.011088984374964613
64.41,-3.203087310031698,-9.263531388938734,0.02053596190854327,0.01109906338258318
64.42,-3.1104068053663423,-9.31367662170431,0.020709491629323222,0.011108800959408307
64.43,-3.0172307461752768,-9.36299202644386,0.020886812576219188,0.011118199687043131
64.44,-2.9235675020883085,-9.411471023156833,0.021068020978445953,0.011127262300446517
64.45,-2.829425509159578,-9.459107102782465,0.021253216298430393,0.011135991687188698
64.46000000000001,-2.7348132691870983,-9.50589382800331,0.02144250135785598,0.011144390886631803
64.47,-2.6397393490255707,-9.551824834043542,0.021635982469379002,0.01115246308903507
64.48,-2.544212379892593,-9.59689382946192,0.02183376957430064,0.01116021163458455
64.49,-2.4482410566683717,-9.641094596939391,0.0220359763864946,0.01116764001234676
64.5,-2.351834137189058,-9.684420994061215,0.022242720542906484,0.011174751859145628
64.51,-2.2550004415338285,-9.726866954093541,0.0224541237609588,0.011181550958362905
64.52,-2.1577488513058385,-9.768426486754393,0.02267031200321381,0.011188041238661373
64.53,-2.0600883089071784,-9.80909367897895,0.022891415649666402,0.011194226772630187
64.54,-1.9620278168079692,-9.848862695679086,0.023117569678059828,0.011200111775352732
64.55,-1.8635764368097358,-9.88772778049708,0.02334891385263941,0.011205700602895914
64.56,-1.7647432893032047,-9.92568325655343,0.023585592921782764,0.011210997750721005
64.57000000000001,-1.6655375525206748,-9.962723527188714,0.023827756824970004,0.011216007852015417
64.58,-1.5659684617831207,-9.99884307669942,0.024075560909583866,0.011220735675945354
64.59,-1.4660453087421843,-10.034036471067687,0.024329166158057688,0.011225186125829028
64.6,-1.3657774406172272,-10.068298358684904,0.02458873942591904,0.011229364237229578
64.61,-1.2651742594276145,-10.101623471069088,0.0248544536913084,0.01123327517596791
64.62,-1.164245221220412,-10.134006623575983,0.025126488316585868,0.011236924236055022
64.63,-1.0629998352936822,-10.16544271610385,0.025405029322674584,0.011240316837543366
64.64,-0.9614476634155756,-10.195926733791852,0.025690269676827505,0.01124345852429715
64.65,-0.8595983190394164,-10.225453747712013,0.025982409594544363,0.011246354961680948
64.66,-0.7574614665149955,-10.25401891555468,0.02628165685640859,0.0112490119341664
64.67,-0.6550468202962872,-10.281617482307444,0.02658822714065945,0.011251435342856943
64.68,-0.5523641441458185,-10.308244780927481,0.026902344372363055,0.011253631202929878
64.69,-0.4494232503359247,-10.333896233007241,0.027224241090097502,0.011255605640995767
64.7,-0.34623399884714207,-10.35856734943348,0.02755415883112202,0.011257364892374742
64.71000000000001,-0.24280629656399094,-10.382253731039565,0.027892348536058504,0.011258915298289075
64.72,-0.13915009646841836,-10.404951069251018,0.028239070974175655,0.011260263302972187
64.73,-0.03527539683118033,-10.426655146724274,0.028594597190432166,0.011261415450693674
64.74,0.06880775959854532,-10.447361837978615,0.028959208975505572,0.011262378382699867
64.75,0.17308928640501062,-10.467067110021251,0.029333199360108336,0.01126315883406961
64.76,0.2775590543188951,-10.48576702296551,0.029716873134972465,0.011263763630485138
64.77,0.38220689203111674,-10.503457730642133,0.030110547397968944,0.011264199684917793
64.78,0.48702258700710777,-10.520135481203642,0.030514552129918764,0.011264473994228127
64.79,0.5919958863011912,-10.535796617721765,0.03092923080074884,0.011264593635680277
64.8,0.6971164973706759,-10.550437578777904,0.031354941007748945,0.01126456576337035
64.81,0.8023740888892719,-10.564054899046644,0.03179205514779546,0.011264397604568625
64.82000000000001,0.9077582915594034,-10.576645209872286,0.03224096112552464,0.011264096455975614
64.83,1.0132586989229848,-10.588205239838421,0.03270206309956281,0.011263669679891486
64.84,1.1188648681701936,-10.59873181533053,0.03317578226905407,0.011263124700299137
64.85,1.2245663209457591,-10.608221861091618,0.03366255770286774,0.011262468998860986
64.86,1.3303525441522563,-10.616672400770932,0.03416284721401968,0.011261710110829165
64.87,1.4362129907498704,-10.624080557465724,0.034677128282002964,0.011260855620869889
64.88,1.542137080552071,-10.630443554256129,0.03520589902589618,0.011259913158801862
64.89,1.648114201016602,-10.63575871473316,0.035749679231301894,0.011258890395249395
64.9,1.7541337080311654,-10.640023463519894,0.0363090114343647,0.011257795037210822
64.91,1.8601849266931427,-10.643235326785828,0.036884462066328415,0.011256634823543053
64.92,1.9662571520826644,-10.645391932754523,0.03747662266231674,0.011255417520363211
64.93,2.072339650028295,-10.646491012204555,0.03808611113826154,0.011254150916368482
64.94,2.1784216578645683,-10.646530398963833,0.0387135731401595,0.011252842818076148
64.95,2.2844923851805596,-10.64550803039738,0.039359683470111956,0.011251501044985417
64.96000000000001,2.3905410145586408,-10.643421947888644,0.04002514759389572,0.011250133424663305
64.97,2.496556702302511,-10.640270297314425,0.04071070323512619,0.01124874778775733
64.98,2.602528579153547,-10.636051329513526,0.04141712206140879,0.011247351962938662
64.99,2.708445750994468,-10.63076340074924,0.042145211468233384,0.01124595377177904
65.0,2.8142972995392377,-10.624404973165772,0.04289581646674939,0.011244561023566175
65.01,2.9200722830080768,-10.616974615238762,0.04366982168196942,0.011243181510063484
65.02,3.0257597367863927,-10.608471002220014,0.044468153468387936,0.011241823000219465
65.03,3.131348674066349,-10.59889291657662,0.04529178215047087,0.011240493234834777
65.04,3.2368280864697407,-10.588239248424623,0.04614172439597457,0.01123919992119519
65.05,3.3421869446507446,-10.576508995957418,0.0470190457305901,0.011237950727679984
65.06,3.447414198877038,-10.563701265869083,0.047924863202984655,0.01123675327835752
65.07000000000001,3.5524987795876855,-10.549815273772856,0.048860348209928045,0.011235615147580697
65.08,3.6574295979260887,-10.534850344614986,0.049826729491852025,0.011234543854597864
65.09,3.762195546246205,-10.518805913084213,0.050825296309896836,0.011233546858195815
65.1,3.8667854985901062,-10.501681524017139,0.051857401816255956,0.011232631551395436
65.11,3.971188311134857,-10.483476832799784,0.05292446663044033,0.011231805256222591
65.12,4.075392822606537,-10.464191605765642,0.054027982634951364,0.011231075218580593
65.13,4.179387854659115,-10.443825720590546,0.05516951700478166,0.011230448603254343
65.14,4.283162212215736,-10.422379166684733,0.056350716486158275,0.011229932489080075
65.15,4.386704683769801,-10.399852045582472,0.057573311941010265,0.01122953386432099
65.16,4.490004041643103,-10.376244571329666,0.058839123174785186,0.011229259622292166
65.17,4.593049042198043,-10.351557070869882,0.06015006406646376,0.011229116557287838
65.18,4.695828426000816,-10.32578998442926,0.06150814802093383,0.011229111360868137
65.19,4.798330917932211,-10.298943865900835,0.06291549376529039,0.011229250618571999
65.2,4.900545227242483,-10.271019383228776,0.0643743315121345,0.011229540807133313
65.21000000000001,5.002460047546489,-10.242017318793158,0.06588700951455732,0.011229988292285458
65.22,5.104064056755068,-10.211938569795862,0.06745600103922446,0.011230599327254048
65.23,5.205345916938349,-10.180784148648266,0.06908391178582768,0.011231380052049227
65.24,5.3062942741163885,-10.14855518336145,0.07077348778315551,0.011232336493685238
65.25,5.406897757972261,-10.115252917939655,0.07252762379415956,0.0112334745674728
65.26,5.507144981482352,-10.08087871277781,0.0743493722646705,0.011234800079549192
65.27,5.6070245404582995,-10.045434045064004,0.07624195285285643,0.011236318730833715
65.28,5.706525012994622,-10.0089205091878,0.07820876257912783,0.011238036122622565
65.29,5.8056349588156895,-9.9713398171554,0.08025338663899104,0.011239957764064803
65.3,5.904342918515248,-9.932693799012723,0.08237960992434591,0.011242089081795891
65.31,6.002637412681267,-9.892984403277486,0.08459142930193025,0.011244435432041948
65.32000000000001,6.100506940898371,-9.852213697381536,0.08689306670104435,0.011247002115550821
65.33,6.197939980619594,-9.810383868124688,0.08928898306636157,0.011249794395754645
65.34,6.294924985898637,-9.767497222141461,0.09178389323555979,0.011252817520623026
65.35,6.391450385973197,-9.723556186382174,0.09438278180571061,0.011256076748730198
65.36,6.487504583689298,-9.678563308609974,0.0970909200568575,0.011259577380127868
65.37,6.5830759537558485,-9.63252125791547,0.0999138840060177,0.011263324792699033
65.38,6.678152840817929,-9.585432825250775,0.10285757366997647,0.01126732448475862
65.39,6.772723557336503,-9.537300923984837,0.10592823362072676,0.011271582124769489
65.4,6.866776381261411,-9.48812859048216,0.10913247492326297,0.011276103609163294
65.41,6.960299553483584,-9.437918984707052,0.11247729855168866,0.011280895129388997
65.42,7.053281275051471,-9.386675390855748,0.11597012038626586,0.01128596324946383
65.43,7.145709704135593,-9.334401218018929,0.11961879790114435,0.011291314995477001
65.44,7.237572952724083,-9.281100000877258,0.12343165866008564,0.011296957958692098
65.45,7.328859083030835,-9.226775400432828,0.12741753074556642,0.011302900414119138
65.46000000000001,7.419556103596648,-9.171431204779541,0.13158577525523335,0.011309151456682542
65.47,7.509651965062387,-9.115071329915676,0.13594632100881385,0.011315721157399644
65.48,7.599134555591747,-9.057699820602133,0.14050970161829077,0.011322620742314438
65.49,7.687991695919642,-8.999320851270067,0.14528709508445084,0.011329862797304389
65.5,7.776211134000624,-8.939938726981875,0.15029036609384133,0.011337461502302257
65.51,7.863780539229947,-8.879557884449808,0.15553211120174368,0.01134543289896008
65.52,7.950687496208058,-8.818182893116704,0.16102570709901975,0.011353795196325558
65.53,8.03691949801725,-8.755818456303745,0.16678536217362858,0.011362569119727437
65.54,8.122463938977145,-8.692469412430361,0.1728261715912684,0.011371778308771029
65.55,8.20730810684336,-8.628140736311877,0.17916417613398788,0.01138144977114538
65.56,8.291439174411341,-8.562837540540775,0.18581642505074342,0.01139161439985674
65.57000000000001,8.374844190484765,-8.496565076957914,0.19280104318976446,0.01140230756253013
65.58,8.457510070165219,-8.42932873822047,0.20013730269922805,0.011413569772594901
65.59,8.539423584416955,-8.361134059473784,0.20784569960012864,0.011425447453493715
65.6,8.620571348857508,-8.291986720134867,0.21594803555334718,0.011437993808556514
65.61,8.700939811721673,-8.221892545795756,0.224467505161746,0.011451269810882797
65.62,8.780515240942965,-8.150857510255534,0.23342878916760249,0.01146534532949945
65.63,8.859283710293058,-8.078887737690398,0.24285815392579257,0.011480300410236718
65.64,8.937231084515885,-8.005989504971783,0.2527835575537649,0.011496226732222831
65.65,9.014343003389062,-7.932169244143254,0.2632347631804176,0.01151322926367379
65.66,9.090604864641104,-7.857433545067558,0.2742434597373742,0.011531428143784985
65.67,9.166001805648468,-7.781789158256014,0.2858433907577056,0.011550960821054236
65.68,9.240518683831798,-7.705242997893228,0.29807049166867045,0.011571984482334253
65.69,9.314140055665952,-7.627802145070944,0.31096303608632114,0.011594678811372475
65.7,9.386850154213333,-7.5494738512458035,0.32456179164057064,0.01161924912059253
65.71000000000001,9.458632865084788,-7.4702655419367,0.3389101858792087,0.011645929905478901
65.72,9.529471700726969,-7.390184820678451,0.3540544828180024,0.011674988877188474
65.73,9.59934977292942,-7.309239473249587,0.3700439707209539,0.011706731536002445
65.74,9.668249763438952,-7.2274374721931816,0.3869311617094721,0.011741506356013953
65.75,9.736153892562998,-7.144786981650847,0.4047720038110087,0.011779710660086363
65.76,9.8030438856377,-7.061296362531258,0.42362610606586854,0.01182179727368364
65.77,9.868900937230507,-6.97697417803591,0.44355697731456495,0.011868282056729613
65.78,9.93370567294103,-6.891829199566164,0.46463227928625217,0.011919752424258924
65.79,9.997438108658063,-6.8058704130371055,0.4869240946002764,0.011976876979326607
65.8,10.060077607124787,-6.719107025625218,0.5105092102764147,0.012040416395484076
65.81,10.121602831658732,-6.631548472978455,0.5354694173233937,0.012111235701120878
65.82000000000001,10.181991696867744,-6.54320442691891,0.5618918269380605,0.012190318134105142
65.83,10.241221316198505,-6.454084803669943,0.589869203797127,0.012278780752379537
65.84,10.299267946149937,-6.364199772641365,0.6195003168574774,0.012377892004388878
65.85,10.356106926980425,-6.273559765808039,0.6508903079970572,0.012489091482266864
65.86,10.411712619735338,-6.182175487719033,0.6841510787234738,0.012614012100348463
65.87,10.466058339420066,-6.090057926176318,0.719401695048379,0.012754504961456064
65.88,10.519116284143948,-5.997218363623784,0.7567688104688369,0.012912667193054776
65.89,10.570857460062426,-5.903668389289217,0.7963871068081348,0.013090873054144497
65.9,10.621251601948718,-5.809419912123638,0.8383997524433366,0.013291808630823734
65.91,10.670267089232812,-5.714485174584174,0.8829588771802763,0.013518510452744437
65.92,10.717870857354962,-5.618876767308285,0.9302260627231033,0.013774408372812297
65.93,10.764028304293655,-5.522607644728767,0.9803728473188102,0.014063373056764097
65.94,10.808703192144833,-5.425691141680329,1.0335812427307478,0.01438976842554127
65.95,10.851857543650482,-5.328140991049806,1.0900442612017056,0.014758509379070668
65.96000000000001,10.893451533601445,-5.2299713425230525,1.1499664494989255,0.015175125101981837
65.97,10.93344337507208,-5.13119678248227,1.2135644264820384,0.015645828206109318
65.98,10.971789200484166,-5.031832355107843,1.281067419891538,0.016177589896780854
65.99,11.008442937545135,-4.931893584738678,1.3527177972107138,0.01677822125447972
66.0,11.043356180162457,-4.831396499544415,1.4287715844983717,0.01745646059418343
66.01,11.076478054502735,-4.73035765656165,1.509498966013359,0.01822206669421212
66.02,11.107755080442415,-4.628794168144316,1.5951847562451567,0.019085917466424067
66.03,11.137131028747856,-4.526723729875601,1.6861288346181278,0.020060113360667698
66.04,11.164546774427725,-4.424164649984935,1.7826465316416604,0.02115808444809926
66.05,11.189940146821442,-4.321135880308675,1.8850689536266723,0.022394699698952324
66.06,11.213245777125508,-4.2176570488268545,1.9937432312747567,0.023786376448534725
66.07000000000001,11.234394944216529,-4.113748493800647,2.109032675465881,0.025351187418196773
66.08,11.253315419807297,-4.009431299525763,2.2313168214234507,0.027108961913500144
66.09,11.269931314172,-3.9047273337056927,2.360991340125281,0.02908137694845747
66.1,11.284162923900134,-3.7996592864352317,2.498467793364446,0.03129203303308894
66.11,11.295926583387383,-3.6942507107688685,2.6441732062606067,0.03376650820555564
66.12,11.3051345220469,-3.5885260648301314,2.7985494283040815,0.03653238258877599
66.13,11.311694729526986,-3.482510755396535,2.9620522512153604,0.03961922431105497
66.14,11.315510831551734,-3.376231182870136,3.135150249067893,0.04305852606732953
66.15,11.31648197935982,-3.2697147875155594,3.3183233033118715,0.046883579942096326
66.16,11.314502756102526,-3.162990096815433,3.5120607726281734,0.0511292764142633
66.17,11.309463103973915,-3.0560867737571837,3.716859265030537,0.05583181178719134
66.18,11.301248276281116,-2.949035665824841,3.933219967438071,0.06102828672988131
66.19,11.289738819117126,-2.841868854424678,4.161645486201186,0.06675617730516588
66.2,11.274810587766911,-2.734619704423951,4.402636150950337,0.07305265896207375
66.21000000000001,11.256334803452674,-2.6273229134276375,4.656685733845232,0.07995376368732368
66.22,11.234178156496482,-2.5200145603588258,4.924276537058559,0.08749335109402574
66.23,11.208202962436404,-2.412732152844402,5.205873803388623,0.09570187596723043
66.24,11.178267378061232,-2.3055146728390588,5.501919408543782,0.10460493802031552
66.25,11.144225684711346,-2.198402619847853,5.812824799187817,0.11422160471082575
66.26,11.105928646508811,-2.0914380510310537,6.13896314860875,0.12456250530503794
66.27,11.06322395140414,-1.9846646173956761,6.480660712215212,0.13562770434780347
66.28,11.015956743033078,-1.8781275951969028,6.838187378314782,0.14740437562968348
66.29,10.963970251333452,-1.7718739115909146,7.2117464261121,0.15986431390375205
66.3,10.907106529645784,-1.66595216350011,7.601463522868526,0.17296134110283637
66.31,10.845207305575588,-1.5604126285743307,8.007375015914679,0.18662868654269432
66.32000000000001,10.778114952191965,-1.4553072670599143,8.429415602834784,0.2007764461689584
66.33,10.705673585137356,-1.3506897133249416,8.867405494651216,0.21528925353126835
66.34,10.627730289889056,-1.2466152557371177,9.32103722206525,0.23002432358913996
66.35,10.544136481709023,-1.1431408035538708,9.789862273381463,0.24481005786348278
66.36,10.45474939871419,-1.0403248394663638,10.273277794030717,0.2594454234388028
66.37,10.35943372597239,-0.9382273564443532,10.770513620687018,0.273700335883693
66.38,10.258063345567368,-0.8369097775615439,11.280619966593028,0.2873172837387724
66.39,10.150523204182884,-0.7364348575456884,11.802456117257906,0.30001442587722876
66.4,10.03671128595122,-0.6368665648984542,12.334680535194298,0.3114903686956304
66.41,9.91654067413765,-0.5382699435710447,12.875742806491298,0.32143078391075836
66.42,9.789941680756739,-0.44071095336615107,13.423877888138007,0.32951695664139624
66.43,9.656864018533598,-0.34425628846771034,13.977103130242487,0.3354362557221274
66.44,9.517278984857553,-0.24897317377870862,14.533218548635212,0.33889439414462935
66.45,9.371181622681497,-0.15492913907407418,15.08981080783854,0.3396292001736532
66.46000000000001,9.218592818880463,-0.062191771349050504,15.644261339285027,0.33742545534235097
66.47,9.059561296605793,0.02917155384016268,16.193758962696535,0.33213018412697715
66.48,8.894165454884554,0.11909396079292467,16.73531729812505,0.3236676151913526
66.49,8.722515006355996,0.2075093801041034,17.265797151716736,0.3120528923727972
66.5,8.544752362846378,0.29435287089166545,17.781933930438196,0.29740351382582636
66.51,8.361053718685156,0.3795609560679083,18.280369991894815,0.2799474391270839
66.52,8.171629783455048,0.46307196741093204,18.757691668673676,0.26002684404522247
66.53,7.976726119396149,0.5448263967190508,19.210470527714477,0.23809663406460418
66.54,7.7766230440386135,0.6247672489004078,19.635308240997862,0.21471705652527973
66.55,7.571635065831082,0.7028403924815814,20.028884262671205,0.19054007388095026
66.56,7.362109829485811,0.7789949027306659,20.388005338958866,0.166289562536849
66.57000000000001,7.148426558302297,0.8531833923991918,20.709655730697317,0.14273585704616024
66.58,6.930993992586179,0.9253623250080989,20.991046913856344,0.12066563186489868
66.59,6.7102478360822655,0.9954923056474172,21.229665449898146,0.1008485586568641
66.6,6.486647735640014,1.0635383444348876,21.42331769267531,0.08400254943803148
66.61,6.2606738326141285,1.129470088088172,21.570170026915864,0.07075965013961287
66.62,6.032822937221523,1.193262015505961,21.668783417497966,0.06163474920403536
66.63,5.803604388671384,1.2548935938169714,21.718141187757123,0.05699918910374551
66.64,5.573535673826038,1.31434939202886,21.7176691346807,0.05706111054279004
66.65,5.343137884965535,1.3716191501726862,21.66724732143199,0.06185393474309757
66.66,5.112931102537968,1.4266978026696575,21.56721315272116,0.07123383295457827
66.67,4.88342979131731,1.4795854555191115,21.418355623373436,0.08488639423313304
66.68,4.655138298032869,1.5302873177916176,21.22190092091828,0.10234204270054548
66.69,4.428546535295727,1.578813588779728,20.979489844617564,0.1229991368104767
66.7,4.204125930687207,1.6251793029830486,20.693147762166866,0.1461531635679038
66.71000000000001,3.982325711484136,1.6694041358579945,20.365248049028416,0.17103006630741618
66.72,3.7635695850790185,1.7115121739232872,19.998470134076513,0.19682154462114584
66.73,3.5482528631984485,1.7515316533618654,19.595753402046135,0.22272014870430767
66.74,3.3367400650712224,1.7894946716854863,19.16024827459663,0.24795214745085792
66.75,3.1293630213085355,1.8254368773224403,18.69526580744185,0.2718064527360845
66.76,2.9264194869781024,1.8593971421496254,18.204227103931107,0.29365829168400454
66.77,2.728172259683986,1.8914172220210868,17.690613761389795,0.3129867878613671
66.78,2.534848786838082,1.921541410254127,17.15792044325314,0.3293860940500995
66.79,2.346641236075607,1.9498161888332464,16.60961051676006,0.34257017087004205
66.8,2.1637069941773794,1.976289881796539,16.049075522588154,0.3523716929797845
66.81,1.9861695530687378,2.0010123148958785,15.479599059143142,0.3587358647741945
66.82000000000001,1.8141197365254067,2.0240344851894365,14.904325479464763,0.3617101290025985
66.83,1.6476172181002982,2.045408243751175,14.326233620958485,0.36143085403619346
66.84,1.4866922793880002,2.0651859941845996,13.74811562404719,0.3581080971221636
66.85,1.3313477579028599,2.0834204091236916,13.17256075037568,0.352009476860858
66.86,1.1815611353574227,2.1001641664070756,12.601943987749205,0.34344406705175984
66.87,1.0372867197601912,2.1154697061345678,12.038419129318326,0.3327470658559157
66.88,0.89845787826425,2.1293890093683374,11.483915938995155,0.3202658178272141
66.89,0.764989281852773,2.1419733988316687,10.940140962872626,0.30634758816408103
66.9,0.636779127518335,2.1532733615920945,10.408581515765231,0.29132932147588786
66.91,0.5137113083758947,2.1633383933957147,9.89051236048215,0.27552947059751315
66.92,0.39565750696621815,2.172216864047069,9.387004602259884,0.2592418599871086
66.93,0.28247919170862523,2.1799559030037345,8.898936338916261,0.242731455223795
66.94,0.1740295009306953,2.186601304175119,8.42700463574004,0.22623184468448063
66.95,0.07015500304875441,2.192197448778074,7.971738430050573,0.20994419931200128
66.96000000000001,-0.029302674765283587,2.1967872450044337,7.533512011157069,0.19403745795668198
66.97,-0.1245053537553302,2.2004120831934397,7.11255876484832,0.1786494849290579
66.98,-0.2156169480140528,2.2031118051709977,6.70898491564188,0.16388895886303168
66.99,-0.3028022451369552,2.204924686413463,6.322783043274179,0.14983777370804932
67.0,-0.38622582001688754,2.205887429711941,5.953845191130895,0.1365537600658283
67.01,-0.46605107705647486,2.206035169049801,5.6019754226370635,0.12407356517843049
67.02,-0.542439414800816,2.2054014824574746,5.266901716474013,0.11241556031636689
67.03,-0.6155495060478946,2.2040184126711577,4.948287122536569,0.10158267338367816
67.04,-0.6855366858407624,2.2019164944926715,4.645740127662762,0.09156507108514876
67.05,-0.7525524393445442,2.1991247878237754,4.35882420339359,0.08234263829574268
67.06,-0.8167439814244742,2.195670915427313,4.087066527507253,0.07388722202032214
67.07000000000001,-0.8782539197322907,2.1915811045477667,3.82996588706279,0.06616462350678157
67.08,-0.9372199932438812,2.1868802316035127,3.5869997834808918,0.05913633485595697
67.09,-0.9937748784407442,2.1815918692409633,3.357630770116259,0.05276102616747832
67.1,-1.0480460556646378,2.1757383351158976,3.1413120601802795,0.046995796256830945
67.11,-1.1001557285751837,2.169340741838838,2.937492448096743,0.04179720468943666
67.12,-1.1502207900840051,2.1624190475887715,2.7456205907450033,0.03712210571363218
67.13,-1.1983528286091807,2.1549921069625313,2.5651486968713084,0.032928306021883534
67.14,-1.2446581689763299,2.1470777216854917,2.3955356735106115,0.029175068475546493
67.15,-1.2892379427760816,2.138692690862851,2.236249777809745,0.025823483294411774
67.16,-1.332188183462999,2.1298528604997147,2.086770821400237,0.02283672699190348
67.17,-1.3735999419412368,2.1205731720625067,1.9465919726276366,0.020180227737544437
67.18,-1.4135594188221334,2.1108677098941677,1.81522119966824,0.017821754014829987
67.19,-1.4521481099548814,2.100749747331299,1.6921823949916004,0.015731441541677195
67.2,-1.489442962220994,2.09023179140316,1.5770162188723411,0.013881771526248341
67.21000000000001,-1.525516536945074,2.079325626020475,1.4692806968104577,0.012247511510088245
67.22,-1.5604371786078837,2.0680423535866312,1.368551602859573,0.010805628347950154
67.23,-1.594269186852997,2.05639243498533,1.2744226580453486,0.009535181316710429
67.24,-1.6270729900560392,2.044385727917347,1.1865055703254062,0.0084172019482302
67.25,-1.6589053189766643,2.0320315235750632,1.1044299399299136,0.0074345659467267705
67.26,-1.6898193792392946,2.0193385816570624,1.0278430514509522,0.0065718614767883345
67.27,-1.7198650215906959,2.0063151637366143,0.9564095717334333,0.0058152571853118265
67.28,-1.7490889090622832,1.9929690650075136,0.8898111704687736,0.005152372537960765
67.29,-1.7775346803242758,1.9793076444386928,0.827746078407751,0.004572152395086326
67.3,-1.8052431086591014,1.965337853375526,0.7699285962899785,0.0040647472095836695
67.31,-1.8322522561044123,1.9510662626309037,0.7160885659302363,0.003621399786051012
67.32000000000001,-1.8585976224232919,1.9364990881132098,0.6659708134003078,0.003234339183608677
67.33,-1.8843122886522201,1.9216422150413663,0.6193345728911656,0.0028966820614233046
67.34,-1.9094270550575403,1.9065012207993075,0.5759528986255746,0.0026023415450405814
67.35,-1.9339705733998704,1.891081396483682,0.535612071105995,0.0023459435228927157
67.36,-1.9579694734643727,1.875387767199404,0.49811100301740274,0.0021227501568297042
67.37,-1.9814484838641768,1.8594251111579436,0.4632606492496308,0.0019285903003889563
67.38,-2.0044305471655943,1.8431979776330747,0.43088342474954516,0.0017597964570111612
67.39,-2.0269369294180226,1.8267107038282424,0.40081263325067495,0.0016131478717731499
67.4,-2.048987324199487,1.8099674307088471,0.372891909348055,0.0014858193295806711
67.41,-2.0705999513113915,1.792972117851619,0.3469746758808057,0.0013753352260851316
67.42,-2.0917916502739367,1.775728557361932,0.3229236181466678,0.0012795284814986166
67.43,-2.112577968787481,1.758240386908421,0.30061017609421337,0.0011965038792278435
67.44,-2.1329732463353808,1.740511101922654,0.27991405531320135,0.0011246054285977637
67.45,-2.152990693111106,1.7225440670099101,0.2607227573655351,0.0010623873720987547
67.46000000000001,-2.1726424644570748,1.7043425266153576,0.2429311297630382,0.0010085884811488202
67.47,-2.191939731005141,1.6859096149881159,0.22644093569883905,0.0009621093092048573
67.48,-2.2108927447092674,1.6672483654838703,0.21116044347206536,0.0009219920963318626
67.49,-2.229510900960019,1.6483617192448856,0.19700403540677983,0.0008874030444031299
67.5,-2.2478027969682928,1.62925253329445,0.18389183595202588,0.0008576167064848551
67.51,-2.2657762866024624,1.6099235880810017,0.17174935855728668,0.0008320022573197993
67.52,-2.283438531859009,1.5903775945054281,0.1605071708437209,0.0008100114339399638
67.53,-2.300796051141949,1.5706172004633265,0.15010057753368508,0.0007911679561663431
67.54,-2.3178547645210608,1.550644996932337,0.1404693205570335,0.0007750582560207051
67.55,-2.334620036133232,1.530463523633058,0.13155729572051555,0.0007613233628562327
67.56,-2.3510967138852643,1.510075274290487,0.1233122853045191,0.0007496518073249341
67.57000000000001,-2.367289166610301,1.489482701521436,0.11568570593790148,0.0007397734221824915
67.58,-2.3832013188237724,1.4686882213719228,0.10863237109536072,0.0007314539314470191
67.59,-2.398836683218408,1.4476942175271659,0.10211026756155674,0.0007244902316517334
67.6,-2.4141983910315625,1.4265030452154868,0.09608034521096899,0.0007187062799456986
67.61,-2.429289220411832,1.4051170348261641,0.09050631946138757,0.0007139495136879529
67.62,-2.4441116229057687,1.3835384952600849,0.08535448577120541,0.0007100877350363885
67.63,-2.458667748179464,1.3617697170308958,0.08059354556564789,0.0007070064019403861
67.64,-2.4729594670838764,1.3398129751332757,0.07619444299416743,0.0007046062739893762
67.65,-2.4869883931670493,1.3176705316939208,0.07213021193995492,0.0007028013678284901
67.66,-2.500755902730832,1.2953446384198604,0.06837583272245511,0.0007015171824026367
67.67,-2.5142631535243676,1.2728375388578026,0.06490809795456373,0.0007006891592026112
67.68,-2.527511102161463,1.2501514704773367,0.06170548703752485,0.0007002613470268129
67.69,-2.5405005203440285,1.2272886665899978,0.0587480487981844,0.0007001852445997491
67.7,-2.5532320099690344,1.204251358115426,0.056017291794974396,0.0007004187977592598
67.71000000000001,-2.565706017191921,1.1810417752051205,0.05349608184062496,0.0007009255308884168
67.72,-2.5779228455150807,1.1576621487336043,0.051168546310980764,0.0007016737948709299
67.73,-2.5898826679659352,1.134114711666163,0.049019984830315194,0.0007026361161314457
67.74,-2.601585538425211,1.1104017003117235,0.04703678594409266,0.0007037886333218196
67.75,-2.6130314021623247,1.086525355468855,0.04520634941015046,0.0007051106099639049
67.76,-2.6242201056312617,1.0624879234723497,0.04351701375869718,0.0007065840128885412
67.77,-2.635151405577015,1.0382916571473317,0.04195798879030952,0.0007081931476457179
67.78,-2.6458249774994864,1.013938816677373,0.04051929269922171,0.0007099243432253997
67.79,-2.6562404235187875,0.989431670392654,0.03919169352661913,0.0007117656794436408
67.8,-2.6663972796830615,0.9647724954837927,0.03796665466535779,0.000713706751232506
67.81,-2.676295022757297,0.9399635786465804,0.03683628415352816,0.0007157384648413235
67.82000000000001,-2.685933076529109,0.9150072166624963,0.03579328750956673,0.0007178528616252918
67.83,-2.695310817665105,0.8899057169195405,0.03483092387619712,0.0007200429656783959
67.84,-2.704427581149244,0.8646613978776032,0.03394296525436494,0.0007223026520718053
67.85,-2.7132826653325197,0.8392765894822967,0.03312365862153084,0.0007246265328962936
67.86,-2.7218753366213293,0.8137536335308974,0.032367690741220166,0.0007270098586866327
67.87,-2.7302048338300726,0.7880948839937911,0.03167015548261406,0.0007294484331345075
67.88,-2.738270372221789,0.7623027072945726,0.031026523480226418,0.000731938539281117
67.89,-2.746071147259028,0.7363794825517257,0.030432613974364222,0.0007344768756270323
67.9,-2.7536063380856417,0.7103276017846049,0.029884568683138695,0.0007370605008099622
67.91,-2.76087511075876,0.6841494700862415,0.02937882756630381,0.0007396867856854152
67.92,-2.7678766212488854,0.657847505765319,0.028912106350169907,0.0007423533718045889
67.93,-2.774610018224807,0.6314241404594907,0.028481375691297193,0.0007450581354213775
67.94,-2.781074445638861,0.604881819222059,0.028083841864639296,0.0007477991562793161
67.95,-2.787269045126992,0.5782230005838888,0.027716928869304037,0.0007505746905319483
67.96000000000001,-2.7931929582370403,0.5514501565922891,0.027378261852149373,0.0007533831472386211
67.97,-2.7988453284977455,0.5245657728284757,0.02706565175605901,0.0007562230679542261
67.98,-2.8042253033400675,0.4975723484051047,0.026777081105966143,0.0007590931089972975
67.99,-2.809332035881594,0.4704723959452641,0.026510690851535568,0.0007619920260377841
68.0,-2.8141646865840464,0.4432684415442029,0.026264768190894495,0.0007649186606948958
68.01,-2.8187224247931666,0.41596302471498897,0.02603773530493993,0.000767871928877618
68.02,-2.8230044301696076,0.3885586983191953,0.02582813893656435,0.0007708508106370489
68.03,-2.827009894018817,0.36105802848363666,0.025634640753649525,0.0007738543413311147
68.04,-2.830738020527337,0.3334635945041012,0.025456008438897792,0.0007768816039292849
68.05,-2.8341880279123846,0.3057779887369536,0.025291107453517637,0.0007799317223083172
68.06,-2.8373591494910952,0.2780038164794209,0.025138893425471487,0.000783003855410168
68.07000000000001,-2.8402506346753253,0.2501436958393128,0.024998405116443502,0.0007860971921505993
68.08,-2.842861749897489,0.22220025759487227,0.0248687579249079,0.0007892109469819524
68.09,-2.8451917794724895,0.1941761450454024,0.02474913788568768,0.0007923443560264987
68.1,-2.847240026400437,0.1660740138532656,0.02463879612920254,0.0007954966737079348
68.11,-2.8490058131144957,0.1378965318778097,0.024537043766225175,0.0007986671698181631
68.12,-2.850488482177871,0.10964637900173331,0.024443247166409242,0.0008018551269648312
68.13,-2.8516873969336554,0.08132624695036533,0.024356823601130315,0.0008050598383522735
68.14,-2.852601942110971,0.05293883910429935,0.024277237223304236,0.000808280605854676
68.15,-2.853231524390581,0.02448687030579061,0.02420399535882465,0.0008115167383456456
68.16,-2.85357557293291,-0.004026933340705807,0.024136645086102866,0.0008147675502529955
68.17,-2.853633539871188,-0.03259983467350505,0.02407477008190701,0.000818032360311572
68.18,-2.8534049007722206,-0.06122908568384523,0.024017987713292093,0.0008213104904903953
68.19,-2.852889155067106,-0.08991192773092102,0.023965946356895806,0.0008246012650734208
68.2,-2.852085826454036,-0.11864559176151782,0.023918322928254004,0.0008279040098758064
68.21000000000001,-2.850994463275153,-0.14742729853398623,0.023874820605071564,0.000831218051579856
68.22,-2.849614638869287,-0.1762542588463153,0.023835166729575467,0.0008345427171767514
68.23,-2.8479459519022554,-0.20512367376807933,0.023799110876183124,0.0008378773335019147
68.24,-2.8459880266762703,-0.23403273487605,0.023766423071746326,0.0008412212268533077
68.25,-2.8437405134198936,-0.2629786244932786,0.023736892156584765,0.0008445737226832729
68.26,-2.841203088559848,-0.2919585159314674,0.023710324275407913,0.0008479341453556643
68.27,-2.838375454975909,-0.3209695737364619,0.023686541488045058,0.0008513018179609739
68.28,-2.835257342239991,-0.35000895393670567,0.023665380490664505,0.0008546760621830349
68.29,-2.8318485068404655,-0.3790738042945112,0.02364669143886895,0.0008580561982116315
68.3,-2.828148732392658,-0.40816126456000945,0.023630336864708085,0.0008614415446959856
68.31,-2.824157829836405,-0.4372684667276492,0.023616190680255916,0.0008648314187347065
68.32000000000001,-2.8198756376214673,-0.46639253529512636,0.023604137260961645,0.000868225135898243
68.33,-2.815302021881556,-0.49553058752462986,0.023594070602503157,0.0008716220102803477
68.34,-2.8104368765976413,-0.5246797337062984,0.023585893545353558,0.0008750213545754678
68.35000000000001,-2.80528012375118,-0.5538370774237885,0.023579517061716918,0.0008784224801792807
68.36,-2.7998317134678374,-0.5829997158218599,0.023574859599901708,0.0008818246973099252
68.37,-2.794091624152235,-0.6121647398758902,0.02357184648158194,0.0008852273151477467
68.38,-2.7880598626142135,-0.6413292346632345,0.023570409347748837,0.0008886296419915634
68.39,-2.7817364641870603,-0.670490279636353,0.023570485649482133,0.0008920309854297225
68.4,-2.775121492838114,-0.6996449488976282,0.02357201817997161,0.0008954306525244052
68.41,-2.7682150412721236,-0.7287903114758051,0.023574954644498276,0.000898827950007709
68.42,-2.761017231027716,-0.7579234316039831,0.023579247265342034,0.0009022221844883089
68.43,-2.753528212567283,-0.7870413689990979,0.02358485241882062,0.0009056126626675324
68.44,-2.7457481653605917,-0.8161411791428306,0.02359173030188426,0.000908998691563802
68.45,-2.737677297962379,-0.8452199135638855,0.023599844625893332,0.0009123795787445787
68.46000000000001,-2.729315848084182,-0.8742746201215816,0.023609162335393605,0.0009157546325649303
68.47,-2.720664082660633,-0.9033023432907024,0.0236196533498764,0.000919123162411978
68.48,-2.7117222979104203,-0.9323001244475523,0.023631290326670506,0.0009224844789545368
68.49,-2.7024908193921133,-0.9612650021571711,0.023644048443259784,0.0009258378943973472
68.5,-2.6929700020550227,-0.9901940124616568,0.023657905197456055,0.000929182722739311
68.51,-2.6831602302852566,-1.0190841891695503,0.023672840223982035,0.0009325182800351895
68.52,-2.6730619179471202,-1.0479325641462371,0.02368883512613434,0.0009358438846603665
68.53,-2.6626755084199947,-1.076736167605323,0.02370587332130304,0.0009391588575781808
68.54,-2.652001474630814,-1.1054920284009389,0.02372393989922208,0.0009424625226094393
68.55,-2.641040319082261,-1.134197174320935,0.02374302149191537,0.0009457542067037586
68.56,-2.629792573876775,-1.162848632380923,0.023763106154386305,0.000949033240212385
68.57000000000001,-2.6182588007364798,-1.1914434291191278,0.023784183255175315,0.0009522989571622085
68.58,-2.606439591019101,-1.2199785908920067,0.02380624337598044,0.0009555506955306173
68.59,-2.5943355657299727,-1.248451144170602,0.023829278219600986,0.0009587877975209728
68.60000000000001,-2.5819473755301847,-1.2768581158375873,0.023853280525524108,0.0009620096098384715
68.61,-2.569275700740956,-1.3051965334849704,0.02387824399252919,0.0009652154839660683
68.62,-2.556321251344283,-1.3334634257124185,0.023904163207735616,0.0009684047764403159
68.63,-2.543084766979919,-1.361655822426167,0.02393103358156606,0.0009715768491268809
68.64,-2.5295670169387474,-1.3897707551384804,0.023958851288140452,0.0009747310694955394
68.65,-2.5157688001525784,-1.417805257267627,0.02398761321065506,0.0009778668108944822
68.66,-2.501690945180424,-1.445756364438335,0.02401731689133756,0.0009809834528236741
68.67,-2.4873343101912893,-1.4736211147826956,0.024047960485602232,0.0009840803812071837
68.68,-2.4726997829435087,-1.5013965492414774,0.024079542720060212,0.000987156988664287
68.69,-2.45778828076067,-1.5290797118658215,0.024112062854067785,0.0009902126747791849
68.7,-2.4426007505041483,-1.5566676501192829,0.024145520644521808,0.0009932468463691552
68.71000000000001,-2.4271381685422826,-1.5841574151801836,0.02417991631363501,0.0009962589177510094
68.72,-2.411401540716219,-1.6115460622442466,0.02421525051944597,0.0009992483110057558
68.73,-2.395391902302443,-1.6388306508274764,0.024251524328838547,0.0010022144562412275
68.74,-2.3791103179720263,-1.6660082450692557,0.024288739192864166,0.001005156791852694
68.75,-2.3625578817466013,-1.693075914035624,0.024326896924177215,0.001008074764781129
68.76,-2.3457357169510917,-1.7200307320227053,0.02436599967640949,0.001010967830769167
68.77,-2.328644976163206,-1.746869778860256,0.02440604992532393,0.0010138354546145717
68.78,-2.3112868411597183,-1.773590140215297,0.024447050451601008,0.0010166771104210554
68.79,-2.2936625228595457,-1.8001889078958002,0.024489004325123243,0.0010194922818464248
68.8,-2.27577326126364,-1.8266631801543993,0.024531914890634395,0.0010222804623477748
68.81,-2.257620325391705,-1.8530100619920877,0.024575785754660063,0.001025041155423774
68.82000000000001,-2.239205013215751,-1.8792266654618774,0.024620620773585757,0.001027773874853893
68.83,-2.220528651590501,-1.9053101099723848,0.024666424042797085,0.001030478144934391
68.84,-2.2015925961806566,-1.931257522591311,0.024713199886794553,0.0010331535007109779
68.85000000000001,-2.182398231385036,-1.957066038348786,0.02476095285020273,0.0010357994882081419
68.86,-2.1629469702575923,-1.9827328005405465,0.024809687689600114,0.0010384156646549003
68.87,-2.1432402544253253,-2.0082549610309135,0.024859409366102113,0.001041001598706892
68.88,-2.1232795540030933,-2.033629680555539,0.024910123038635174,0.001043556870664828
68.89,-2.103066367505333,-2.0588541290238904,0.024961834057845134,0.0010460810726890808
68.9,-2.0826022217547,-2.0839254858214438,0.0250145479605876,0.0010485738090102825
68.91,-2.0618886717876364,-2.108840940111548,0.025068270464952486,0.0010510346961359817
68.92,-2.0409273007568727,-2.133597691136937,0.025123007465778686,0.001053463363053144
68.93,-2.019719719830875,-2.158192948520851,0.025178765030618576,0.001055859451426398
68.94,-1.9982675680902466,-2.1826239325677412,0.025235549396115293,0.0010582226157919894
68.95,-1.9765725124210858,-2.2068878745635225,0.025293366964758764,0.001060552523747367
68.96000000000001,-1.9546362474053176,-2.2309820170753465,0.025352224301989298,0.0010628488561361944
68.97,-1.9324604952080007,-2.2549036142508587,0.025412128133620017,0.001065111307228802
68.98,-1.9100470054616199,-2.2786499321169154,0.02547308534355184,0.0010673395848980203
68.99,-1.887397555147374,-2.3022182488777228,0.025535102971756755,0.0010695334107901375
69.0,-1.864513948473466,-2.32560585521237,0.025598188212507176,0.001071692520491125
69.01,-1.8413980167504034,-2.348810054571727,0.025662348412830896,0.0010738166636878451
69.02,-1.8180516182633202,-2.3718281634746683,0.025727591071172867,0.0010759056043242654
69.03,-1.7944766381413264,-2.3946575118036026,0.025793923836246437,0.0010779591207526252
69.04,-1.7706749882238964,-2.417295443099268,0.025861354506058146,0.0010799770058793764
69.05,-1.7466486069243028,-2.4397393148547666,0.025929891027091388,0.0010819590673059232
69.06,-1.7223994590901077,-2.4619864988088045,0.02599954149363539,0.0010839051274639981
69.07000000000001,-1.697929535860719,-2.48403438123811,0.02607031414724706,0.0010858150237456742
69.08,-1.6732408545220219,-2.5058803632489943,0.02614221737633412,0.0010876886086278882
69.09,-1.6483354583580963,-2.527521861068028,0.026215259715848954,0.0010895257497914523
69.10000000000001,-1.6232154165000285,-2.5489563063317995,0.026289449847083243,0.0010913263302344857
69.11,-1.5978828237718297,-2.5701811463757265,0.026364796597554325,0.001093090248380111
69.12,-1.5723398005334686,-2.5911938445218876,0.026441308940974784,0.0010948174181784943
69.13,-1.5465884925210325,-2.6119918803658466,0.026518995997297463,0.0010965077692030676
69.14,-1.5206310706840263,-2.632572750062435,0.026597867032828557,0.0010981612467408756
69.15,-1.4944697310198183,-2.652933966610463,0.026677931460402007,0.001099777811877092
69.16,-1.468106694405249,-2.6730730601363333,0.026759198839608877,0.0011013574415735105
69.17,-1.4415442064254098,-2.692987578176516,0.026841678877075746,0.0011029001287410265
69.18,-1.4147845371996077,-2.712675085958868,0.026925381426786577,0.001104405882306112
69.19,-1.3878299812045245,-2.7321331666827553,0.02701031649044285,0.001105874727271147
69.2,-1.360682857094585,-2.751359421797953,0.027096494217857033,0.0011073067047685597
69.21000000000001,-1.333345507519548,-2.770351471282291,0.027183924907374785,0.0011087018721088443
69.22,-1.3058202989393288,-2.7891069539180187,0.027272619006321445,0.0011100603028222922
69.23,-1.2781096214360723,-2.8076235275668497,0.027362587111468696,0.0011113820866944573
69.24,-1.2502158885234844,-2.82589886944367,0.027453839969517394,0.001112667329795291
69.25,-1.22214153695344,-2.8439306763888643,0.027546388477592765,0.0011139161545019511
69.26,-1.1938890265198787,-2.861716665139244,0.027640243683748362,0.001115128699515245
69.27,-1.1654608398600033,-2.8792545725975374,0.027735416787475216,0.0011163051198696105
69.28,-1.1368594822527969,-2.8965421561004177,0.027831919140212845,0.0011174455869367068
69.29,-1.1080874814148713,-2.9135771936850365,0.027929762245858816,0.0011185502884225617
69.3,-1.0791473872936626,-2.9303574843540354,0.028028957761273638,0.0011196194283581873
69.31,-1.0500417718579902,-2.946880848339003,0.02812951749677789,0.0011206532270837
69.32000000000001,-1.0207732288859939,-2.9631451273623512,0.028231453416638512,0.001121651921225995
69.33,-0.9913443737504641,-2.9791481848975785,0.02833477763954122,0.0011226157636698285
69.34,-0.9617578432015838,-2.994887906427895,0.02843950243904609,0.0011235450235223682
69.35000000000001,-0.9320162951470952,-3.0103621997031746,0.028545640244023333,0.001124439986071179
69.36,-0.9021224084299116,-3.0255689949952105,0.028653203639066344,0.0011253009527357036
69.37,-0.872078882603188,-3.0405062453512413,0.028762205364879063,0.0011261282410121674
69.38,-0.8418884377028686,-3.0551719268457216,0.028872658318634756,0.0011269221844118834
69.39,-0.8115538140177304,-3.069564038830307,0.02898457555430322,0.0011276831323930494
69.4,-0.7810777718569378,-3.0836806041820255,0.02909797028294351,0.0011284114502859643
69.41,-0.7504630913151282,-3.097519669549605,0.02921285587295914,0.0011291075192117034
69.42,-0.7197125720350455,-3.1110793055979316,0.02932924585031279,0.001129771735994292
69.43,-0.6888290329677403,-3.124357607250611,0.029447153898697433,0.0011304045130663117
69.44,-0.6578153121303568,-3.1373526939305987,0.029566593859660782,0.001131006278367999
69.45,-0.6266742663615222,-3.1500627097988776,0.029687579732679922,0.001131577475239903
69.46000000000001,-0.5954087710743614,-3.162485823991154,0.02981012567518289,0.0011321185623090436
69.47,-0.5640217200071538,-3.174620230852543,0.029934246002513935,0.0011326300133686054
69.48,-0.532516024971653,-3.186464150170212,0.030059955187839157,0.001133112317251254
69.49,-0.5008946155990891,-3.1980158274039656,0.030187267861989043,0.0011335659776960526
69.5,-0.46916043908387406,-3.209273533914735,0.03031619881323446,0.0011339915132090011
69.51,-0.43731645992502927,-3.220235567190946,0.030446762986992525,0.0011343894569172707
69.52,-0.4053656596653577,-3.2309002510727427,0.03057897548545864,0.0011347603564171537
69.53,-0.3733110366283802,-3.241265935974039,0.030712851567161036,0.0011351047736157618
69.54,-0.34115560565305747,-3.251330999102368,0.03084840664643387,0.0011354232845665212
69.55,-0.30890239782631884,-3.2610938446765054,0.030985656292804985,0.0011357164792985108
69.56,-0.2765544602134198,-3.270552904141843,0.031124616230294274,0.0011359849616396995
69.57000000000001,-0.24411485558614932,-3.27970663638348,0.03126530233661846,0.0011362293490341127
69.58,-0.2115866621489096,-3.2885535279370117,0.03140773064229803,0.0011364502723529874
69.59,-0.17897297326268996,-3.2970920931969863,0.03155191732966194,0.0011366483756999936
69.60000000000001,-0.14627689716695755,-3.305320874623007,0.03169787873174554,0.001136824316210562
69.61,-0.11350155669948722,-3.3132384429434523,0.03184563133107708,0.001136978763845367
69.62,-0.0806500890141536,-3.320843397356788,0.031995191758348134,0.0011371124011780513
69.63,-0.04772564529670828,-3.3281343657304485,0.03214657679096285,0.0011372259231772523
69.64,-0.014731390478565282,-3.3351100047972615,0.03229980335146114,0.0011373200369829957
69.65,0.01832949705138171,-3.34176900034939,0.032454888505810645,0.0011373954616775244
69.66,0.05145382573688686,-3.348110067429769,0.032611849461562,0.0011374529280506328
69.67,0.08463839114640048,-3.35413195052101,0.03277070356586213,0.001137493178359611
69.68,0.11787997626701432,-3.3598334237317538,0.032931468303319826,0.001137516966083847
69.69,0.15117535180027955,-3.3652132909804413,0.033094161293717894,0.0011375250556741664
69.7,0.18452127645987312,-3.3702703861764847,0.03325880028956599,0.0011375182222970164
69.71000000000001,0.2179144972710881,-3.3750035733988093,0.03342540317348795,0.0011374972515735744
69.72,0.2513517498721231,-3.3794117470717504,0.033593987955437554,0.0011374629393138469
69.73,0.28482975881714606,-3.383493832138272,0.0337645727697361,0.0011374160912458755
69.74,0.3183452378811074,-3.3872487842304957,0.03393717587192545,0.0011373575227401301
69.75,0.35189489036627714,-3.390675589837505,0.0341118156354296,0.0011372880585291858
69.76,0.38547540941048086,-3.3937732664704146,0.034288510548018056,0.0011372085324227843
69.77,0.419083478297009,-3.396540862824671,0.03446727920806377,0.0011371197870183739
69.78,0.45271577076617353,-3.3989774589395734,0.03464814032058848,0.0011370226734072327
69.79,0.4863689513284867,-3.4010821663549797,0.03483111269308796,0.0011369180508762717
69.8,0.5200396755794353,-3.402854128265191,0.035016215231129605,0.001136806786605645
69.81,0.5537245905158252,-3.4042925196699794,0.035203466933714546,0.001136689755362234
69.82000000000001,0.5874203348536688,-3.4053965475227477,0.035392886888396244,0.0011365678391891628
69.83,0.6211235393475902,-3.4061654508757937,0.03558449426614751,0.0011364419270914214
69.84,0.6548308271117209,-3.4065985010226623,0.03577830831596752,0.0011363129147177135
69.85000000000001,0.6885388139420594,-3.4066950016375612,0.0359743483592203,0.0011361817040386624
69.86,0.7222441086402687,-3.406454288911824,0.03617263378369602,0.0011360492030214834
69.87,0.7559433133388839,-3.405875731687395,0.036373184037386035,0.0011359163253012229
69.88,0.7896330238279038,-3.4049587315873233,0.03657601862196279,0.001135783989848706
69.89,0.8233098298827388,-3.4037027231432373,0.03678115708595513,0.0011356531206353014
69.9,0.8569703155934882,-3.4021071739197897,0.03698861901760961,0.0011355246462946425
69.91,0.8906110596955201,-3.400171584636045,0.0371984240374282,0.0011353994997814081
69.92,0.9242286359013254,-3.397895489283797,0.03741059179037245,0.0011352786180272867
69.93,0.9578196132336199,-3.3952784552427944,0.03762514193772417,0.0011351629415942968
69.94,0.9913805563596659,-3.3923200833928555,0.037842094148592444,0.0011350534143255181
69.95,1.0249080259267864,-3.3890200082228574,0.03806146809105653,0.001134950982993416
69.96000000000001,1.0583985788990433,-3.3853778979365763,0.03828328342293418,0.0011348565969458834
69.97,1.091848768895053,-3.381393454555365,0.03850755978216462,0.0011347712077501067
69.98,1.1252551465269103,-3.377066414017649,0.03873431677679535,0.001134695768834425
69.99,1.1586142597401952,-3.372396546275225,0.03896357397456167,0.0011346312351282728
70.0,1.1919226541550303,-3.3673836553863383,0.03919535089204783,0.00113457856270038
70.01,1.2251768734081656,-3.3620275796055354,0.039429666983418384,0.001134538708395341
70.02,1.2583734594960594,-3.35632819147026,0.03966654162870828,0.0011345126294686767
70.03,1.2915089531189279,-3.3502853978841873,0.03990599412166012,0.0011345012832205783
70.04,1.324579894025737,-3.343899140197275,0.0401480436570968,0.0011345056266284111
70.05,1.357582821360105,-3.337169394282517,0.04039270931781771,0.0011345266159781442
70.06,1.3905142740070922,-3.3300961706093832,0.04064001006100646,0.0011345652064948311
70.07000000000001,1.423370790940843,-3.3226795143139323,0.040889964704138186,0.0011346223519722986
70.08,1.4561489115730606,-3.3149195052655784,0.04114259191037416,0.001134699004402164
70.09,1.4888451761022765,-3.306816258130502,0.04139791017343157,0.001134796113602319
70.10000000000001,1.5214561258638952,-3.2983699224316845,0.04165593780191622,0.0011349146268450408
70.11,1.553978303680979,-3.2895806826055582,0.041916692903105644,0.001135055488484833
70.12,1.5864082542157485,-3.2804487580552535,0.04218019336617055,0.0011352196395861566
70.13,1.6187425243217692,-3.2709744032004298,0.04244645684482198,0.0011354080175511984
70.14,1.6509776633967954,-3.2611579075236796,0.04271550073937198,0.001135621555747818
70.15,1.6831102237362432,-3.250999595613488,0.042987342178195345,0.0011358611831377321
70.16,1.7151367608872643,-3.240499827203739,0.043261997998580236,0.0011361278239052064
70.17,1.747053834003393,-3.2296589972097522,0.0435394847269553,0.0011364223970862881
70.18,1.7788580061997354,-3.21847753576084,0.043819818558481265,0.0011367458161987449
70.19,1.8105458449086758,-3.206955908229371,0.04410301533599495,0.0011370989888728846
70.2,1.8421139222360685,-3.1950946152563287,0.04438909052829369,0.0011374828164833002
70.21000000000001,1.8735588153178895,-3.1828941927733543,0.044678059207748595,0.0011378981937817864
70.22,1.9048771066773174,-3.170355212021261,0.04496993602723492,0.001138346008531468
70.23,1.936065384582216,-3.157478279565008,0.04526473519636835,0.0011388271411423142
70.24,1.9671202434029904,-3.144264037305125,0.04556247045703607,0.0011393424643081735
70.25,1.9980382839707875,-3.130713162485577,0.04586315505821176,0.0011398928426454276
70.26,2.0288161139360126,-3.1168263676980548,0.04616680173004415,0.0011404791323334608
70.27,2.0594503481271347,-3.102604400882686,0.04647342265720893,0.0011411021807569833
70.28,2.08993760890975,-3.088048045325154,0.04678302945151431,0.0011417628261503948
70.29,2.120274526545878,-3.0731581196502145,0.04709563312375086,0.0011424618972442457
70.3,2.1504577395534556,-3.057935477811605,0.04741124405477694,0.0011432002129140803
70.31,2.1804838950660135,-3.04238100907833,0.047729871965831235,0.0011439785818315997
70.32000000000001,2.2103496491924886,-3.0264956380173205,0.0480515258880648,0.0011447978021183014
70.33,2.24005166737716,-3.0102803244724563,0.048376214131285324,0.0011456586610018589
70.34,2.269586624759672,-2.9937360635399424,0.048703944251907216,0.0011465619344751337
70.35000000000001,2.298951206535114,-2.976863885540031,0.04903472302010168,0.0011475083869581313
70.36,2.328142108314138,-2.959664855985084,0.0493685563861418,0.0011484987709629202
70.37,2.3571560364830715,-2.9421400755439673,0.049705449445938354,0.0011495338267615968
70.38,2.385989708564012,-2.924290680002765,0.050045406405763104,0.0011506142820575092
70.39,2.4146398535748608,-2.9061178402218153,0.05038843054615703,0.0011517408516597215
70.4,2.443103212389278,-2.8876227620890558,0.05073452418502222,0.0011529142371609663
70.41,2.471376538096524,-2.86880668646967,0.05108368863989697,0.0011541351266190724
70.42,2.4994565963611604,-2.8496708891520357,0.05143592418941479,0.001155404194241948
70.43,2.5273401657825807,-2.830216680789962,0.05179123003394935,0.0011567221000763866
70.44,2.555024038254344,-2.8104454068412146,0.05214960425544851,0.001158089489700649
70.45,2.58250501932328,-2.7903584475023226,0.05251104377646187,0.0011595069939209154
70.46000000000001,2.609779928548337,-2.7699572176396594,0.05287554431836776,0.0011609752284717698
70.47,2.636845599859144,-2.7492431667167967,0.053243100358807124,0.001162494793720775
70.48,2.663698881914257,-2.7282177787181245,0.05361370508833301,0.0011640662743772634
70.49,2.6903366384590623,-2.7068825720687344,0.05398735036628635,0.001165690239205345
70.5,2.7167557486833025,-2.6852390995505613,0.05436402667591012,0.001167367240741221
70.51,2.7429531075781965,-2.663288948214781,0.05474372307871595,0.00116909781501508
70.52,2.76892562629313,-2.6410337392904593,0.05512642716811897,0.0011708824812774216
70.53,2.7946702324918755,-2.618475128089449,0.055512125022358715,0.0011727217417299301
70.54,2.82018387070832,-2.5956148039075364,0.055900801156725875,0.0011746160812611218
70.55,2.845463502701666,-2.5724544899218276,0.0562924384751168,0.0011765659671866757
70.56,2.870506107811074,-2.5489959430843796,0.0566870182209399,0.0011785718489945541
70.57000000000001,2.8953086833097172,-2.5252409540120704,0.05708451992740026,0.0011806341580950996
70.58,2.919868244758218,-2.5011913468727074,0.057484921367191355,0.0011827533075760741
70.59,2.9441818263574295,-2.4768489792673725,0.057888198501624896,0.0011849296919626284
70.60000000000001,2.968246481300536,-2.452215742109005,0.05829432542923272,0.0011871636869824412
70.61,2.9920592821244347,-2.427293559497221,0.05870327433387697,0.0011894556493360368
70.62,3.015617321060369,-2.402084388589366,0.05911501543240774,0.0011918059164722774
70.63,3.0389177103837803,-2.376590219467805,0.059529516921910046,0.001194214806369152
70.64,3.0619575827633394,-2.3508130750034497,0.059946744926584826,0.0011966826173198711
70.65,3.084734091609132,-2.324755010715522,0.06036666344431184,0.0011992096277244448
70.66,3.1072444114199556,-2.2984181146275544,0.060789234292945124,0.0012017960958866155
70.67,3.1294857381296963,-2.271804507119634,0.06121441705639497,0.001204442259816383
70.68,3.1514552894527506,-2.2449163407768844,0.061642169030553584,0.0012071483370380883
70.69,3.173150305228452,-2.2177558002341926,0.06207244516912474,0.001209914524404073
70.7,3.1945680477644713,-2.1903251020171846,0.06250519802942127,0.0012127409979140965
70.71000000000001,3.2157058021791465,-2.162626494379447,0.06294037771819752,0.001215627912540441
70.72,3.23656087674271,-2.134662257136005,0.06337793183758751,0.0012185754020588356
70.73,3.2571306032173695,-2.106434701493053,0.06381780543122288,0.0012215835788851736
70.74,3.2774123371962074,-2.0779461698739516,0.0642599409306086,0.0012246525339182244
70.75,3.297403458440854,-2.0491990357414833,0.06470427810183788,0.0012277823363882725
70.76,3.3171013712178965,-2.020195703416384,0.06515075399273132,0.00123097303371168
70.77,3.336503504633981,-1.9909386078921476,0.06559930288048954,0.0012342246513516622
70.78,3.355607312969563,-1.9614302146461124,0.06604985621995162,0.0012375371926851035
70.79,3.374410276011267,-1.9316730194468363,0.06650234259255607,0.0012409106388755853
70.8,3.3929098993828037,-1.9016695481577652,0.06695668765610466,0.0012443449487526607
70.81,3.411103714874408,-1.871422356537205,0.06741281409543308,0.001247840058697421
70.82000000000001,3.4289892807707423,-1.8409340300346015,0.06787064157409653,0.0012513958825344912
70.83,3.4465641821772253,-1.810207183583139,0.06833008668718195,0.001255012311430378
70.84,3.463826031344731,-1.7792444613886647,0.06879106291536242,0.0012586892137983945
70.85000000000001,3.480772467992614,-1.7480485367149488,0.06925348058031325,0.0012624264352101195
70.86,3.497401159630006,-1.71662211166529,0.06971724680161243,0.0012662237983135309
70.87,3.5137098018753345,-1.6849679169604759,0.07018226545525262,0.0012700811027578263
70.88,3.5296961187740075,-1.6530887117131101,0.07064843713389465,0.0012739981251250266
70.89,3.5453578631142126,-1.6209872831983172,0.07111565910899646,0.001277974618868518
70.9,3.560692816740775,-1.5886664466208362,0.07158382529495481,0.001282010314258491
70.91,3.575698790867013,-1.556129044878517,0.07205282621540023,0.001286104918334474
70.92,3.59037362638454,-1.5233779483222305,0.07252254897178904,0.0012902581148649405
70.93,3.6047151941709474,-1.4904160545122098,0.0729928772144393,0.0012944695643141734
70.94,3.6187213953953115,-1.457246287970832,0.07346369111616013,0.0012987389038164737
70.95,3.632390161821457,-1.42387159993186,0.07393486734862735,0.001303065747157756
70.96000000000001,3.6457194561089237,-1.3902949680861567,0.0744062790616598,0.0013074496847646868
70.97,3.658707272111557,-1.3565193963238902,0.0748777958655541,0.0013118902837014417
70.98,3.6713516351736706,-1.322547914473246,0.07534928381663705,0.0013163870876742468
70.99,3.6836506024237026,-1.2883835780356634,0.07582060540619687,0.001320939617043745
71.0,3.6956022630653,-1.2540294679176156,0.0762916195529561,0.0013255473688453612
71.01,3.7072047386657627,-1.2194886901589523,0.07676218159925052,0.0013302098168177772
71.02,3.7184561834417718,-1.1847643756578243,0.0772321433110788,0.0013349264114396354
71.03,3.7293547845423283,-1.1498596798922116,0.0777013528821891,0.0013396965799746285
71.04,3.7398987623288305,-1.1147777826380754,0.07816965494236837,0.0013445197265250972
71.05,3.7500863706522103,-1.0795218876841572,0.07863689057010073,0.0013493952320942427
71.06,3.759915897127052,-1.0440952225434488,0.07910289730976038,0.0013543224546571694
71.07000000000001,3.769385663402614,-1.008501038161354,0.07956750919350392,0.0013593007292408755
71.08,3.7784940254306725,-0.9727426086205713,0.08003055676802569,0.0013643293680133323
71.09,3.787239373730106,-0.9368232308427191,0.08049186712633791,0.0013694076603818065
71.10000000000001,3.795620133648134,-0.9007462242867328,0.08095126394473531,0.0013745348731006137
71.11,3.8036347656181304,-0.8645149306440596,0.08140856752510131,0.001379710250388468
71.12,3.811281765413921,-0.8281327135306802,0.08186359484270943,0.0013849330140555634
71.13,3.818559664400478,-0.791602958175986,0.08231615959967026,0.0013902023636405776
71.14,3.8254670297809272,-0.7549290711085431,0.08276607228416971,0.0013955174765577928
71.15,3.8320024648397744,-0.7181144798387724,0.08321314023563975,0.0014008775082544798
71.16,3.83816460918226,-0.68116263253858,0.08365716771599711,0.00140628159237873
71.17,3.8439521389697533,-0.6440769977179693,0.08409795598707999,0.0014117288409579297
71.18,3.8493637671510905,-0.6068610638986703,0.08453530339440549,0.0014172183445880506
71.19,3.854398243689767,-0.56951833928482,0.08496900545736404,0.0014227491726339623
71.2,3.859054355786884,-0.5320523514307302,0.0853988549659586,0.0014283203734409156
71.21000000000001,3.8633309280997614,-0.49446664690578074,0.08582464208418837,0.0014339309745573972
71.22,3.867226822956115,-0.45676479095647554,0.08624615446016733,0.0014395799829695695
71.23,3.870740940563706,-0.4189503671657002,0.08666317734305821,0.0014452663853474505
71.24,3.8738722192153676,-0.3810269771092225,0.0870754937068922,0.0014509891483030332
71.25,3.876619635489306,-0.34299824000947593,0.08748288438133311,0.0014567472186605274
71.26,3.8789822044445867,-0.3048677923866695,0.08788512818943343,0.001462539523738892
71.27,3.8809589798117057,-0.26663928770726675,0.08828200209241685,0.0014683649716468773
71.28,3.8825490541781464,-0.22831639602987802,0.08867328134150887,0.0014742224515907198
71.29,3.8837515591688336,-0.18990280364861228,0.08905873963682322,0.0014801108341946727
71.3,3.8845656656213805,-0.15140221273393425,0.08943814929329748,0.0014860289718345602
71.31,3.884990583756041,-0.11281834097107488,0.08981128141365606,0.0014919756989844935
71.32000000000001,3.8850255633402653,-0.07415492119604354,0.09017790606836307,0.0014979498325769396
71.33,3.8846698938477733,-0.03541570102929173,0.09053779248251131,0.0015039501723762797
71.34,3.8839229046120485,0.0033955574929211696,0.09089070922957676,0.0015099755013660125
71.35000000000001,3.882783964974162,0.04227507828940832,0.09123642443195026,0.0015160245861497446
71.36,3.881252484424838,0.0812190716071293,0.09157470596814042,0.0015220961773661026
71.37,3.879327912740675,0.12022373439640381,0.09190532168652298,0.0015281890101176883
71.38,3.8770097401144326,0.15928525068821053,0.0922280396254932,0.0015343018044142015
71.39,3.8742974972793025,0.1983997919735154,0.09254262823985826,0.0015404332656298323
71.4,3.8711907556270826,0.23756351758457292,0.09284885663328678,0.0015465820849750128
71.41,3.8676891273201743,0.27677257507814285,0.09314649479661286,0.001552746939982616
71.42,3.863792265397327,0.3160231006205639,0.09343531385177117,0.0015589264950086844
71.43,3.8594998638730558,0.3553112193746255,0.09371508630111923,0.0015651194017477204
71.44,3.854811657830664,0.39463304588817705,0.09398558628188204,0.0015713242997626067
71.45,3.8497274235087997,0.43398468448441413,0.0942465898254334,0.0015775398170291674
71.46000000000001,3.844246978381489,0.4733622296537799,0.09449787512110691,0.001583764570495393
71.47,3.8383701812315802,0.5127617664474193,0.094739222784209,0.0015899971666553238
71.48,3.8320969322175467,0.5521793708721232,0.09497041612788489,0.0015962362021375452
71.49,3.8254271729335985,0.5916111102866978,0.09519124143846787,0.001602480264308287
71.5,3.818360886463053,0.6310530437996962,0.09540148825392152,0.001608727931889062
71.51,3.8108980974249227,0.6705012226684467,0.0956009496449639,0.0016149777755887133
71.52,3.803038872013685,0.7099516906993113,0.09578942249844326,0.001621228358749839
71.53,3.7947833180322004,0.7494004846491106,0.09596670780251451,0.0016274782380094267
71.54,3.7861315849177486,0.7888436346276464,0.09613261093314743,0.0016337259639734936
71.55,3.7770838637611712,0.8282771645012568,0.09628694194147844,0.0016399700819056723
71.56,3.7676403873190925,0.867697092297336,0.09642951584150054,0.0016462091324294847
71.57000000000001,3.757801430019216,0.9070994306097525,0.09656015289756884,0.0016524416522440155
71.58,3.7475673079586906,0.9464801870050954,0.09667867891118284,0.0016586661748527944
71.59,3.7369383788955504,0.9858353644296849,0.09678492550649194,0.0016648812313056433
71.60000000000001,3.72591504223323,1.0251609616172765,0.09687873041395596,0.0016710853509530488
71.61,3.71449773899818,1.064452973497392,0.09695993775158004,0.0016772770622127916
71.62,3.702686951810595,1.1037073916042086,0.09702839830313112,0.001683454893348498
71.63,3.6904832048482863,1.1429202044859412,0.09708396979273289,0.0016896173732595687
71.64,3.677887063803734,1.1820873981146465,0.09712651715522716,0.0016957630322821519
71.65,3.6648991358343594,1.2212049562963845,0.09715591280168169,0.0017018904030006669
71.66,3.6515200695060654,1.2602688610816701,0.09717203687941871,0.0017079980210692929
71.67,3.637750554730101,1.299275093176147,0.0971747775259337,0.0017140844260429401
71.68,3.6235913226933123,1.3382196323514186,0.09716403111607154,0.0017201481622171032
71.69,3.6090431457818504,1.3770984578559717,0.09713970250182567,0.0017261877794759251
71.7,3.5941068374984098,1.415907548826125,0.09710170524412713,0.0017322018341478843
71.71000000000001,3.5787832523730825,1.454642884696941,0.0970499618359928,0.0017381888898683345
71.72,3.563073285867919,1.4933004456130363,0.09698440391640692,0.0017441475184481645
71.73,3.5469778742752904,1.5318762128392278,0.09690497247431626,0.0017500763007478719
71.74,3.530497994610159,1.5703661691709532,0.09681161804212847,0.0017559738275561472
71.75,3.5136346644963643,1.6087662993444047,0.09670430087811314,0.001761838700472142
71.76,3.4963889420470435,1.6470725904463164,0.09658299113711834,0.001767669532790543
71.77,3.4787619257393114,1.6852810323233451,0.0964476690290298,0.0017734649503885085
71.78,3.4607547542833266,1.7233876179909902,0.09629832496441748,0.0017792235926135161
71.79,3.4423686064858794,1.761388344041991,0.09613495968683224,0.0017849441131710846
71.8,3.4236047011086486,1.7992792110541531,0.09595758439123772,0.0017906251810113796
71.81,3.404464296721265,1.8370562239975423,0.09576622082808471,0.0017962654812135983
71.82000000000001,3.384948691549344,1.8747153926410012,0.09556090139256107,0.001801863715867064
71.83,3.3650592233176373,1.9122527319579314,0.09534166919857755,0.0018074186049478328
71.84,3.344797269088469,1.9496642625312952,0.09510857813707892,0.0018129288871897415
71.85000000000001,3.324164245095625,1.9869460109577883,0.09486169291830131,0.0018183933209486944
71.86,3.30316160657386,2.024094010251136,0.09460108909762949,0.0018238106850588967
71.87,3.281790847584205,2.0611043002444704,0.09432685308474284,0.0018291797796799116
71.88,3.260053500835248,2.0979729279917416,0.09403908213577537,0.0018344994271332537
71.89,3.237951137500567,2.1346959481681274,0.09373788432825332,0.0018397684727272687
71.9,3.215485367032506,2.1712694234693957,0.09342337851861353,0.001844985785569008
71.91,3.192657836972471,2.207689425010187,0.09309569428214712,0.0018501502593618988
71.92,3.169470232757943,2.2439520327211775,0.09275497183525537,0.0018552608131878422
71.93,3.145924277526386,2.280053335745091,0.09240136193994827,0.0018603163922724588
71.94,3.122021731916246,2.315989432831523,0.09203502579056096,0.0018653159687323543
71.95,3.0977643938652335,2.351756432730555,0.09165613488270878,0.0018702585423029884
71.96000000000001,3.0731540984060697,2.3873504545851176,0.09126487086454813,0.0018751431410459847
71.97,3.048192717459893,2.4227676283220902,0.09086142537045674,0.0018799688220346243
71.98,3.0228821596275135,2.4580040950420985,0.09044599983729512,0.001884734672016398
71.99,2.9972243699786945,2.4930560074079966,0.0900188053034575,0.0018894398080513207
72.0,2.971221329839657,2.5279195300320065,0.08958006219096923,0.0018940833781250093
72.01,2.9448750565789754,2.562590839861499,0.08913000007093444,0.0018986645617354364
72.02,2.9181876033920555,2.597066126563396,0.08866885741268551,0.001903182570452015
72.03,2.8911610590843604,2.631341592907176,0.08819688131703261,0.0019076366484465533
72.04,2.8637975478535584,2.665413455146476,0.08771432723405774,0.0019120260729947494
72.05,2.836099229070761,2.699277943399267,0.08722145866594332,0.0019163501549473152
72.06,2.8080682970610105,2.732931302026601,0.08671854685536962,0.0019206082391702317
72.07000000000001,2.7797069808831707,2.7663697900099113,0.08620587046005856,0.0019247997049531092
72.08,2.751017544109377,2.7995896813268684,0.0856837152140835,0.0019289239663851424
72.09,2.7220022846041823,2.8325872653257735,0.08515237357660459,0.001932980472697962
72.10000000000001,2.6926635343035388,2.8653588470984923,0.08461214436872845,0.001936968708574928
72.11,2.6630036589937496,2.8979007478519234,0.08406333239922702,0.001940888194426512
72.12,2.6330250580905035,2.9302093052779963,0.08350624807988573,0.001944738486631322
72.13,2.6027301644181144,2.9622808739222006,0.08294120703128333,0.0019485191777425864
72.14,2.57212144398907,2.9941118255506445,0.08236852967983593,0.0019522298966599422
72.15,2.5412013957839843,3.025698549515642,0.08178854084696567,0.0019558703087664427
72.16,2.509972551532049,3.0570374531198334,0.08120156933127913,0.001959440116030899
72.17,2.4784374754920577,3.088124961978839,0.08060794748466352,0.001962939057075755
72.18,2.4465987642340785,3.1189575203824504,0.0800080107832275,0.0019663669072104662
72.19,2.4144590464218325,3.149531591654363,0.07940209739403072,0.00196972347843106
72.2,2.3820209825958334,3.1798436585104533,0.07879054773855913,0.0019730086193862004
72.21000000000001,2.3492872649573284,3.209890223415609,0.07817370405391405,0.001976222215310101
72.22,2.3162606171530737,3.2396678089391098,0.07755190995268978,0.0019793641879232377
72.23,2.282943794060968,3.269172958108577,0.07692550998251917,0.0019824344953014396
72.24,2.249339581576553,3.298402234762483,0.07629484918626693,0.001985433131714077
72.25,2.2154507964003916,3.3273522239012387,0.0756602726638484,0.0019883601274324147
72.26,2.1812802858263054,3.356019532036856,0.07502212513664562,0.0019912155485090795
72.27,2.1468309275304684,3.3844007875412,0.074380750515484,0.0019939994965296483
72.28,2.112105629361318,3.4124926409928253,0.07373649147312027,0.001996712108337442
72.29,2.0771073291302566,3.4402917655224114,0.07308968902217772,0.0019993535557329438
72.3,2.0418389944030952,3.467794857156798,0.07244068209944593,0.002001924045148984
72.31,2.006303622292183,3.494998635161624,0.07178980715744093,0.002004423817302905
72.32000000000001,1.9705042392491645,3.5218998423825756,0.07113739776409736,0.002006853146827286
72.33,1.934443900858288,3.548495245585245,0.07048378421143697,0.002009212341880502
72.34,1.8981256916301898,3.5747816357936033,0.06982929313402773,0.0020115017437387426
72.35000000000001,1.8615527247960604,3.6007558286270904,0.06917424713801532,0.0020137217263707556
72.36,1.8247281421021035,3.626414664636318,0.06851896444147347,0.0020158726959969273
72.37,1.787655113604181,3.6517550096373905,0.06786375852678256,0.0020179550906343413
72.38,1.7503368374625332,3.676773755044839,0.0672089378057057,0.002019969379629145
72.39,1.712776539736463,3.7014678182031675,0.06655480529779048,0.002021916063177894
72.4,1.6749774741788548,3.725834142717007,0.06590165832268041,0.0020237956718392866
72.41,1.6369429220304075,3.7498696987798703,0.06524978820687573,0.002025608766037968
72.42,1.598676191813442,3.7735714835015073,0.0645994800054358,0.002027355935561745
72.43,1.5601806191251504,3.796936521233845,0.06395101223906813,0.0020290377990536132
72.44,1.5214595664301431,3.819961863895509,0.06330465664699958,0.00203065500350029
72.45,1.4825164228521484,3.8426445912949148,0.06266067795597595,0.0020322082237183574
72.46000000000001,1.443354603964716,3.864981811451913,0.06201933366568533,0.0020336981618394047
72.47,1.403977551580776,3.886970660917981,0.06138087385084979,0.002035125546795614
72.48,1.3643887335408953,3.908608305094941,0.06074554098017895,0.0020364911338068303
72.49,1.3245916435000822,3.9298919385521898,0.06011356975232768,0.002037795703870279
72.5,1.2845898007129801,3.9508187853424217,0.059485186948949144,0.0020390400632541183
72.51,1.2443867498172958,3.9713860993158248,0.058860611304883986,0.0020402250429957976
72.52,1.2039860606153052,3.9915911644327284,0.05824005339547624,0.0020413514984060806
72.53,1.1633913278532833,4.01143129507468,0.05762371554095739,0.0020424203085796433
72.54,1.122606170998701,4.030903836353924,0.0570117917277918,0.0020434323759131196
72.55,1.0816342340150389,4.050006164421261,0.056404467546829505,0.002044388625631116
72.56,1.040479185134065,4.068735686772254,0.0558019201480667,0.0020452900053207984
72.57000000000001,0.9991447166254295,4.087089842551755,0.055204318211769826,0.0020461374844758452
72.58,0.9576345445634311,4.105066102856725,0.054611821935676666,0.0020469320540497907
72.59,0.9159524085908127,4.122661971037302,0.054024583037946994,0.0020476747260193685
72.60000000000001,0.8741020716794481,4.139874982996104,0.05344274477549633,0.0020483665329581627
72.61,0.8320873198877865,4.156702707485708,0.05286644197730961,0.0020490085276204393
72.62,0.7899119621149253,4.173142746404289,0.052295801092296874,0.002049601782535558
72.63,0.7475798298511865,4.189192735089363,0.051730940251220665,0.002050147389612822
72.64,0.7050947769250773,4.204850342609611,0.05117196934219482,0.002050646459756716
72.65,0.6624606792465222,4.220113272054733,0.050618990099226664,0.0020511001224924265
72.66,0.6196814345462578,4.234979260823289,0.05007209620324962,0.002051509525601387
72.67,0.5767609621112895,4.2494460809084975,0.04953137339507049,0.002051875834766527
72.68,0.5337032025163134,4.263511539181926,0.048996899599635865,0.0020522002332269843
72.69,0.490512117351016,4.27717347767505,0.04846874506100467,0.002052483921441799
72.7,0.44719168894316785,4.290429773858621,0.047946972487398896,0.002052728116762091
72.71000000000001,0.4037459200774369,4.303278340919801,0.04743163720569273,0.002052934053111244
72.72,0.36017883370985254,4.315717128037016,0.04692278732469038,0.002053102980672515
72.73,0.31649447267785824,4.327744120652475,0.04642046390653605,0.002053236165583523
72.74,0.27269689940589925,4.339357340742319,0.04592470114559507,0.0020533348896368503
72.75,0.2287901956064975,4.350554847084337,0.04543552655414294,0.0020534004499861242
72.76,0.18477846197677328,4.3613347355231955,0.044952961154199646,0.002053434158856903
72.77,0.14066581789038118,4.371695139233151,0.044477019674849336,0.0020534373432616183
72.78,0.0964564010848337,4.3816342289781725,0.04400771075439019,0.002053411344717841
72.79,0.05215436734419385,4.3911502133694365,0.04354503714666685,0.0020533575189690006
72.8,0.007763890177124616,4.400241339120134,0.0430889959309467,0.002053277235706948
72.81,-0.036710839509709825,4.408905891297548,0.04263957872471271,0.0020531718782954757
72.82000000000001,-0.08126561374288979,4.417142193572333,0.042196771898758506,0.0020530428434940235
72.83,-0.12589620781812438,4.424948608464968,0.041760556793986214,0.002052891541180889
72.84,-0.1705983806407598,4.432323537589303,0.04133090993932411,0.0020527193940750596
72.85000000000001,-0.21536787507089108,4.439265421893175,0.04090780327019899,0.002052527837455966
72.86,-0.2602004182730501,4.445772741896017,0.0404912043470175,0.0020523183188804715
72.87,-0.3050917220704372,4.4518440179234275,0.04008107657313136,0.002052092297896323
72.88,-0.350037483303658,4.457477810338637,0.039677379411782954,0.0020518512457513545
72.89,-0.3950333841939216,4.4626727197708265,0.03928006860155052,0.0020515966450978277
72.9,-0.4400750927106508,4.467427387340243,0.038889096369835695,0.002051329989691258
72.91,-0.485158262943451,4.471740494880069,0.03850441164396035,0.0020510527840830834
72.92,-0.5302785354783779,4.475610765154983,0.038125960259464596,0.002050766543306654
72.93,-0.5754315377784425,4.479036962076379,0.03775368516522292,0.0020504727925559152
72.94,-0.6206128845682838,4.482017890914182,0.03738752662502137,0.0020501730668563735
72.95,-0.6658181782229405,4.484552398505216,0.037027422415264216,0.002049868910727825
72.96000000000001,-0.7110430091606444,4.486639373458078,0.03667330801850459,0.0020495618778383962
72.97,-0.7562829562395585,4.488277746354473,0.036325116812519695,0.002049253530649556
72.98,-0.801533587158378,4.4894664899469605,0.03598278025467661,0.002048945440051691
72.99,-0.8467904588607094,4.4902046193530625,0.03564622806136066,0.002048639184989979
73.0,-0.8920491179431417,4.4904911922457025,0.03531538838226326,0.002048336352080261
73.01,-0.9373051010669193,4.490325309039915,0.034990187969351216,0.0020480385352147005
73.02,-0.9825539353731263,4.489706113075796,0.034670552340363564,0.0020477473351569876
73.03,-1.027791138901287,4.488632790797643,0.03435640593670592,0.002047464359127006
73.04,-1.0730122210112911,4.48710457192925,0.03404767227563532,0.002047191220374802
73.05,-1.1182126828085432,4.485120729645309,0.033744274096650845,0.0020469295377437964
73.06,-1.1633880175722433,4.4826805807388865,0.033446133502027006,0.002046680935223222
73.07000000000001,-1.208533711186697,4.479783485784936,0.03315317209144745,0.0020464470414897087
73.08,-1.2536452425755573,4.476428849299797,0.03286531109071649,0.002046229489438164
73.09,-1.2987180841389003,4.472616119896661,0.03258247147454488,0.00204602991570195
73.10000000000001,-1.3437477021930313,4.468344790436953,0.032304574083424104,0.002045849960162453
73.11,-1.3887295574129253,4.463614398177609,0.03203153973462063,0.0020456912654482347
73.12,-1.4336591052771992,4.458424524914194,0.031763289327337324,0.0020455554764238684
73.13,-1.478531796515518,4.4527747971198535,0.03149974394210429,0.0020454442396686755
73.14,-1.5233430775583334,4.446664886080044,0.031240824934475386,0.0020453592029456326
73.15,-1.568088390988859,4.440094508023025,0.03098645402311942,0.0020453020146606327
73.16,-1.612763175997181,4.433063424246071,0.030736553372406893,0.0020452743233123913
73.17,-1.6573628688364095,4.4255714412373885,0.030491045669604155,0.0020452777769332975
73.18,-1.7018829032807719,4.417618410793696,0.030249854196796436,0.002045314022521544
73.19,-1.7463187110855543,4.409204230133444,0.030012902897670196,0.002045384705464826
73.2,-1.7906657224487954,4.400328842005652,0.02978011643929299,0.002045491468956015
73.21000000000001,-1.8349193664746408,4.390992234794331,0.029551420269035993,0.0020456359534011567
73.22,-1.8790750716382643,4.381194442618472,0.029326740666790224,0.00204581979582015
73.23,-1.923128266252266,4.370935545427567,0.029106004792632617,0.002046044629240571
73.24,-1.9670743789344587,4.360215669092653,0.028889140730102254,0.0020463120820849627
73.25,-2.010908839076953,4.349034985492843,0.028676077525250466,0.0020466237775521056
73.26,-2.054627077316455,4.337393712597338,0.028466745221630996,0.002046981332992624
73.27,-2.0982245260056915,4.325292114542874,0.028261074891398348,0.002047386359279484
73.28,-2.1416966196858813,4.312730501706615,0.0280589986626834,0.002047840460173609
73.29,-2.185038795560164,4.299709230774451,0.027860449743415873,0.0020483452316852617
73.3,-2.228246493967914,4.286228704804689,0.027665362441762983,0.0020489022614317578
73.31,-2.271315158859856,4.272289373287118,0.027473672183352768,0.002049513127991485
73.32000000000001,-2.314240238273901,4.257891732197441,0.027285315525449255,0.002050179400255217
73.33,-2.357017184811636,4.243036324047037,0.027100230168244706,0.0020509026367749213
73.34,-2.399641456115383,4.227723737928062,0.026918354963431854,0.0020516843851105856
73.35000000000001,-2.4421085153457605,4.211954609553852,0.026739629920216283,0.0020525261811755397
73.36,-2.484413831659672,4.1957296212946344,0.026563996208925886,0.0020534295485806157
73.37,-2.5265528806886546,4.179049502208515,0.02639139616237089,0.00205439599797778
73.38,-2.568521145017516,4.161915028067743,0.026221773275104034,0.0020554270264036127
73.39,-2.6103141146631916,4.144327021380237,0.02605507220072652,0.0020565241166230646
73.4,-2.6519272875537605,4.126286351406353,0.025891238747380876,0.0020576887364739367
73.41,-2.6933561700075477,4.1077939341709016,0.025730219871567477,0.002058922338212683
73.42,-2.734596277212256,4.0888507324703784,0.025571963670416687,0.002060226357861684
73.43,-2.7756431337040612,4.06945775587543,0.025416419372543828,0.002061602214558689
73.44,-2.8164922738466087,4.049616060728513,0.02526353732760917,0.0020630513099087794
73.45,-2.857139242309854,4.02932675013677,0.025113268994700216,0.0020645750273391196
73.46000000000001,-2.897579594548685,4.008590973960085,0.02496556692964838,0.0020661747314572997
73.47,-2.93780889728127,3.9874099287943348,0.024820384771387243,0.0020678517674131915
73.48,-2.9778227289670736,3.9657848579498167,0.02467767722745426,0.002069607460265005
73.49,-3.017616680284481,3.94371705142485,0.024537400058732943,0.0020714431143501115
73.5,-3.0571863546079836,3.921207845874546,0.02439951006352737,0.0020733600126605508
73.51,-3.0965273684848604,3.8982586245747406,0.024263965061055957,0.002075359416223954
73.52,-3.1356353521113105,3.8748708173810895,0.024130723874446553,0.002077442563490264
73.53,-3.1745059498079784,3.851045900683312,0.023999746313310026,0.0020796106697243935
73.54,-3.213134820494821,3.826785397354592,0.023870993155964918,0.0020818649264054217
73.55,-3.2515176381652684,3.802090876696125,0.023744426131381075,0.00208420650063253
73.56,-3.2896500923596186,3.776963954376814,0.023620007900905685,0.0020866365345380998
73.57000000000001,-3.327527888637628,3.7514062923681046,0.02349770203983088,0.0020891561447082796
73.58,-3.365146749050234,3.725419598873971,0.023377473018857793,0.0020917664216113523
73.59,-3.4025024126103753,3.699005628256037,0.023259286185507974,0.002094468429034231
73.60000000000001,-3.439590635762845,3.6721661809538455,0.023143107745529096,0.0020972632035274373
73.61,-3.4764071928531424,3.6449031034002632,0.023028904744338215,0.0021001517538588657
73.62,-3.5129478765952675,3.6172182879320354,0.022916645048542166,0.0021031350604765143
73.63,-3.549208498538411,3.5891136726954773,0.022806297327571348,0.0021062140749806783
73.64,-3.5851848895324965,3.5605912415473173,0.0226978310354598,0.0021093897196057462
73.65,-3.6208729001925226,3.5316530239506827,0.0225912163928014,0.0021126628867120002
73.66,-3.656268401361665,3.5023010948662376,0.022486424368909037,0.0021160344382875258
73.67,-3.6913672845730847,3.4725375746384737,0.022383426664200862,0.0021195052054607073
73.68,-3.7261654625104024,3.4423646288771557,0.02228219569283502,0.0021230759880234043
73.69,-3.760658869466789,3.411784468333929,0.022182704565611822,0.0021267475539651147
73.7,-3.7948434618026305,3.3807993487740906,0.02208492707315999,0.0021305206390185203
73.71000000000001,-3.8287152184017184,3.34941157084353,0.021988837669421356,0.002134395946216359
73.72,-3.8622701411259213,3.317623479930845,0.021894411455446426,0.0021383741454601194
73.73,-3.8955042552682944,3.285437466024636,0.021801624163511245,0.0021424558731007637
73.74,-3.928413610004581,3.252855963565991,0.021710452141564262,0.00214664173153148
73.75,-3.9609942788430583,3.2198814512961587,0.021620872338010234,0.0021509322887930038
73.76,-3.9932423600726894,3.186516452099428,0.021532862286836676,0.0021553280781915238
73.77,-4.02515397720953,3.152763532841209,0.02144640009308697,0.0021598295979292467
73.78,-4.0567252794413475,3.1186253042013385,0.02136146441868294,0.0021644373107482643
73.79,-4.087952442070415,3.0841044205026007,0.02127803446859854,0.0021691516435875294
73.8,-4.118831666954425,3.04920357953449,0.0211960899773852,0.0021739729872531656
73.81,-4.149359182945482,3.0139255223722112,0.02111561119604838,0.002178901696102537
73.82000000000001,-4.179531246327142,2.9782730331909364,0.021036578879274046,0.0021839380877419394
73.83,-4.209344141249431,2.9422489390753235,0.02095897427300292,0.002189082442738333
73.84,-4.2387941801618245,2.905856109824309,0.020882779102349664,0.0021943350043451743
73.85000000000001,-4.267877704244126,2.8690974577511876,0.02080797555986351,0.0021996959782425033
73.86,-4.296591083835206,2.8319759374789872,0.020734546294126296,0.002205165532291518
73.87,-4.324930718859565,2.7944945457311556,0.02066247439868335,0.002210743796303672
73.88,-4.352893039251666,2.7566563211175676,0.020591743401302195,0.0022164308618245264
73.89,-4.3804745053779985,2.718464343915868,0.020522337253553753,0.0022222267819323634
73.9,-4.407671608456831,2.6799217358481653,0.020454240320710314,0.002228131571051957
73.91,-4.43448087097561,2.641031659853084,0.020387437371954337,0.0022341452047834032
73.92,-4.460898847105951,2.601797319853199,0.02032191357089184,0.0022402676197460815
73.93,-4.486922123116203,2.56222196051786,0.02025765446636406,0.002246498713438085
73.94,-4.512547317781512,2.522308867021424,0.02019464598355081,0.002252838344111135
73.95,-4.537771082791365,2.4820613647969125,0.020132874415358982,0.0022592863306609328
73.96000000000001,-4.562590103154564,2.441482819285108,0.020072326414089382,0.0022658424525332467
73.97,-4.587001097601581,2.400576635679107,0.020012988983375293,0.00227250644964576
73.98,-4.611000818984257,2.35934625866435,0.01995484947038589,0.0022792780223257385
73.99,-4.63458605467281,2.3177951721541383,0.01989789555828785,0.0022861568312636466
74.0,-4.657753626950091,2.275926899020668,0.01984211525895837,0.0022931424974826395
74.01,-4.680500393403064,2.233745000821585,0.019787496905942975,0.0023002346023242495
74.02,-4.702823247311454,2.191253077522095,0.019734029147651495,0.002307432687450141
74.03,-4.724719118033535,2.148454767212637,0.019681700940785696,0.0023147362548599517
74.04,-4.746184971388999,2.1053537458221454,0.019630501543992155,0.0023221447669254255
74.05,-4.767217810038878,2.0619537268269204,0.019580420511734087,0.002329657646440893
74.06,-4.787814673862476,2.0182584609551273,0.01953144768837589,0.0023372742766898714
74.07000000000001,-4.807972640331258,1.9742717358869473,0.01948357320247441,0.0023449940015281114
74.08,-4.827688824879668,1.929997375950398,0.019436787461270925,0.0023528161254830165
74.09,-4.846960381272832,1.8854392418128523,0.019391081145378162,0.0023607399138692595
74.10000000000001,-4.865784501971095,1.8406012301682713,0.01934644520365661,0.0023687645929210107
74.11,-4.8841584184913645,1.7954872734201806,0.019302870848274728,0.0023768893499403736
74.12,-4.902079401765213,1.75010133936041,0.019260349549947667,0.002385113333462304
74.13,-4.9195447624936985,1.7044474308436208,0.01921887303334934,0.002393435653435913
74.14,-4.9365518514988675,1.658529585457649,0.019178433272692846,0.002401855381422
74.15,-4.953098060071892,1.6123518751896833,0.019139022487474337,0.0024103715508070737
74.16,-4.969180820317811,1.5659184060883102,0.019100633138375702,0.00241898315703364
74.17,-4.984797605496828,1.519233317921447,0.01906325792332144,0.002427689157846794
74.18,-4.999945930362134,1.4723007838301905,0.019026889773685402,0.002436488473556942
74.19,-5.014623351494203,1.4251250099786106,0.018991521850643112,0.0024453799873188527
74.2,-5.028827467631536,1.3777102351995125,0.018957147541665647,0.00245436254542682
74.21000000000001,-5.042555919997808,1.330060730636198,0.018923760457151096,0.002463434957625856
74.22,-5.055806392625377,1.282180799380252,0.018891354427189852,0.0024725959974389077
74.23,-5.06857661267512,1.2340747761053854,0.018859923498460083,0.002481844402510085
74.24,-5.080864350752558,1.1857470266973598,0.018829461931249906,0.002491178874963715
74.25,-5.092667421220234,1.137201947880028,0.01879996419660292,0.002500598081779102
74.26,-5.1039836825063,1.0884439668375159,0.01877142497358388,0.0025101006551810994
74.27,-5.11481103740928,1.0394775408325794,0.018743839146661414,0.0025196851930462103
74.28,-5.125147433398976,0.9903071568211649,0.018717201803204905,0.0025293502593241395
74.29,-5.134990862913476,0.9409373310632064,0.018691508231092637,0.002539094384474756
74.3,-5.144339363652219,0.8913726087296897,0.018666753916428587,0.0025489160659203374
74.31,-5.1531910188651056,0.8416175635060158,0.01864293454136524,0.0025588137685128715
74.32000000000001,-5.161543957637586,0.7916767971916967,0.01862004598203002,0.0025687859250163713
74.33,-5.169396355171719,0.7415549392964165,0.018598084306552964,0.00257883093660413
74.34,-5.176746433063146,0.6912566466324896,0.018577045773193447,0.0025889471733705934
74.35000000000001,-5.183592459573962,0.640786602903753,0.01855692682856381,0.0025991329748578217
74.36,-5.1899327499014305,0.5901495182909224,0.018537724105947923,0.0026093866505963975
74.37,-5.195765666442526,0.5393501290334517,0.01851943442371274,0.0026197064806605416
74.38,-5.201089619054257,0.4883931970079263,0.01850205478381105,0.002630090716237346
74.39,-5.20590306530975,0.43728350930302917,0.018485582370373746,0.0026405375802098546
74.4,-5.210204510750036,0.386025877791113,0.01847001454838993,0.0026510452677538945
74.41,-5.213992509131544,0.33462513869641664,0.0184553488624734,0.0026616119469484393
74.42,-5.21726566266923,0.28308615215996075,0.01844158303571406,0.0026722357593993063
74.43,-5.220022622275338,0.23141380180116095,0.018428714968612862,0.002682914820875999
74.44,-5.222262087793748,0.1796129942761951,0.018416742738099096,0.002693647221961455
74.45,-5.223982808229881,0.127688658833163,0.018405664596628783,0.0027044310287145444
74.46000000000001,-5.225183581976131,0.07564574686407638,0.018395478971363087,0.0027152642833450516
74.47,-5.225863257032796,0.023489231453718007,0.018386184463425735,0.0027261450049009418
74.48,-5.226020731224473,-0.02877589307459137,0.018377779847238467,0.0027370711899676763
74.49,-5.2256549524118885,-0.08114461161627863,0.018370264069933667,0.0027480408133793337
74.5,-5.224764918699136,-0.13361188874581692,0.018363636250843356,0.0027590518289413134
74.51,-5.2233496786362945,-0.18617266917999714,0.018357895681063805,0.0027701021701643552
74.52,-5.221408331417389,-0.23882187824413184,0.018353041823095138,0.0027811897510096437
74.53,-5.2189400270736765,-0.2915544223411507,0.018349074310555262,0.002792312466644719
74.54,-5.2159439666622225,-0.3443651894235464,0.01834599294796767,0.002803468194209943
74.55,-5.212419402449742,-0.3972490494681291,0.018343797710622577,0.0028146547935952674
74.56,-5.208365638091676,-0.45020085495354845,0.018342488744511016,0.0028258701082269793
74.57000000000001,-5.203782028806487,-0.5032154413405392,0.01834206636633156,0.002837111965864206
74.58,-5.198667981545128,-0.5562876275548498,0.01834253106356935,0.0028483781794049023
74.59,-5.1930229551556755,-0.6094122164728099,0.018343883494647245,0.0028596665477009166
74.60000000000001,-5.186846460543098,-0.6625839954094925,0.018346124489148897,0.0028709748563820084
74.61,-5.180138060824128,-0.7157977366094305,0.018349255048113657,0.002882300878688401
74.62,-5.172897371477221,-0.7690481977398383,0.018353276344403275,0.0028936423763116013
74.63,-5.165124060487572,-0.8223301223863005,0.018358189723140364,0.0029049971002431956
74.64,-5.156817848487169,-0.8756382405508771,0.018363996702218735,0.0029163627916312996
74.65,-5.147978508889856,-0.9289672691525842,0.018370698972885686,0.00292773718264433
74.66,-5.138605868021392,-0.9823119125302034,0.018378298400396443,0.0029391179973418
74.67,-5.12869980524447,-1.0356668629473749,0.01838679702474097,0.0029505029525518076
74.68,-5.118260253078688,-1.0890268010999264,0.018396197061443416,0.002961889758754916
74.69,-5.107287197315437,-1.1423863966253964,0.01840650090243458,0.002973276120974007
74.7,-5.095780677127699,-1.1957403086146978,0.018417711116997738,0.002984659739669853
74.71000000000001,-5.083740785174725,-1.2490831861258833,0.018429830452788298,0.002996038311642128
74.72,-5.071167667701572,-1.3024096686999593,0.018442861836927796,0.003007409530935278
74.73,-5.058061524633493,-1.3557143868787034,0.018456808377172756,0.0030187710897492032
74.74,-5.044422609665134,-1.4089919627244376,0.018471673363159056,0.003030120679354213
74.75,-5.03025123034456,-1.4622370103417097,0.01848746026772242,0.0030414559910099093
74.76,-5.015547748152045,-1.5154441364008333,0.018504172748295813,0.003052774716887741
74.77,-5.000312578573647,-1.5686079406632383,0.01852181464838444,0.0030640745509967504
74.78,-4.98454619116953,-1.6217230165085839,0.018540389999119243,0.003075353190112293
74.79,-4.968249109637025,-1.674783951463585,0.018559903020889734,0.0030866083347071997
74.8,-4.951421911868407,-1.7277853277325004,0.01858035812505712,0.0030978376898851802
74.81,-4.934065230003382,-1.7807217227292373,0.01860175991574872,0.003109038966315973
74.82000000000001,-4.916179750476256,-1.8335877096110176,0.018624113191734726,0.0031202098811718925
74.83,-4.897766214057787,-1.8863778578135593,0.01864742294838841,0.0031313481590655176
74.84,-4.878825415891694,-1.939086733587722,0.018671694379730954,0.0031424515329879564
74.85000000000001,-4.859358205525812,-1.991708900537564,0.01869693288056216,0.0031535177452474464
74.86,-4.839365486937882,-2.0442389201597635,0.018723144048678274,0.003164544548407923
74.87,-4.818848218555968,-2.096671352384349,0.01875033368717833,0.003175529706227078
74.88,-4.797807413273475,-2.1490007561166915,0.018778507806860408,0.003186470994593523
74.89,-4.776244138458771,-2.201221689780703,0.01880767262870929,0.003197366202462862
74.9,-4.754159515959397,-2.253328711863195,0.01883783458647705,0.0032082131327920284
74.91,-4.731554722100851,-2.3053163814593365,0.018869000329358183,0.0032190096034717293
74.92,-4.708430987679942,-2.357179258819172,0.018901176724760983,0.0032297534482564586
74.93,-4.6847895979527,-2.4089119058951316,0.01893437086117687,0.0032404425176917094
74.94,-4.660631892616837,-2.4605088868904974,0.018968590051149516,0.003251074680038138
74.95,-4.635959265788747,-2.511964768808757,0.019003841834345638,0.0032616478221921302
74.96000000000001,-4.610773165975042,-2.563274122003805,0.019040133980729422,0.003272159850602448
74.97,-4.585075096038611,-2.614431520730932,0.01907747449384261,0.0032826086921825047
74.98,-4.5588666131592035,-2.665431543698548,0.01911587161419237,0.00329299229521807
74.99,-4.532149328788522,-2.71626877462059,0.019155333822749115,0.0033033086302698424
75.0,-4.504924908599825,-2.766937802769559,0.019195869844556557,0.003313555691070455
75.01,-4.477195072432032,-2.81743322353013,0.019237488652456346,0.0033237314954157964
75.02,-4.44896159422833,-2.8677496389532857,0.019280199470929696,0.0033338340860499392
75.03,-4.420226301969275,-2.917881658310916,0.019324011780058565,0.0033438615315434734
75.04,-4.39099107760038,-2.9678238986508303,0.019368935319608937,0.003353811927164985
75.05,-4.361257856954202,-3.0175709853521306,0.019414980093238953,0.0033636833957448736
75.06,-4.33102862966691,-3.067117552680887,0.019462156372834643,0.003373474088531648
75.07000000000001,-4.300305439089336,-3.1164582443460622,0.01951047470297615,0.003383182186039936
75.08,-4.269090382192525,-3.165587714055635,0.019559945905537425,0.0033928058988900323
75.09,-4.237385609467749,-3.214500626072859,0.019610581084422478,0.0034023434686384925
75.10000000000001,-4.205193324821026,-3.2631916557726104,0.019662391630441346,0.003411793168599489
75.11,-4.172515785462109,-3.3116554901977637,0.01971538922632909,0.0034211533046565254
75.12,-4.139355301787977,-3.3598868286155437,0.019769585851911176,0.003430422216064126
75.13,-4.105714237260798,-3.4078803830737976,0.019824993789418772,0.003439598276239187
75.14,-4.071595008280402,-3.4556308789571313,0.019881625628957574,0.0034486798935413903
75.15,-4.037000084051235,-3.5031330555428535,0.019939494274133874,0.003457665512042847
75.16,-4.001931986443818,-3.5503816665566768,0.019998612947841752,0.00346655361228604
75.17,-3.9663932898507093,-3.5973714807281136,0.02005899519821534,0.0034753427120299686
75.18,-3.930386621036973,-3.6440972823455176,0.02012065490475028,0.0034840313669841924
75.19,-3.8939146589851625,-3.690553871810709,0.020183606284598605,0.0034926181715303063
75.2,-3.856980134734823,-3.7367360661931333,0.020247863899041398,0.0035011017594306464
75.21000000000001,-3.819585831216521,-3.782638699783496,0.020313442660143764,0.0035094808045236362
75.22,-3.781734583080408,-3.828256624646814,0.02038035783759672,0.0035177540214057328
75.23,-3.743429276519327,-3.8735847111748343,0.020448625065750837,0.0035259201660994763
75.24,-3.7046728490864655,-3.918617848637758,0.020518260350846557,0.0035339780367072203
75.25,-3.6654682895075754,-3.963350945735218,0.020589280078446272,0.0035419264740504685
75.26,-3.6258186374877557,-4.007778931146451,0.020661701021073453,0.0035497643622944487
75.27,-3.585726983512818,-4.051896754079613,0.02073554034606423,0.0035574906295572192
75.28,-3.545196468645244,-4.095699384820176,0.02081081562363699,0.0035651042485035215
75.29,-3.5042302843147435,-4.139181815278354,0.020887544835185807,0.0035726042369229943
75.3,-3.462831672103428,-4.182339059535502,0.0209657463818036,0.0035799896582919175
75.31,-3.421003923525614,-4.225166154389431,0.021045439093041168,0.0035872596223188273
75.32000000000001,-3.3787503798022644,-4.267658159898584,0.021126642235908384,0.003594413285473607
75.33,-3.336074431630087,-4.309810159925019,0.0212093755241241,0.0036014498514992813
75.34,-3.292979518945305,-4.351617262676133,0.02129365912762144,0.0036083685719068667
75.35000000000001,-3.2494691306821073,-4.393074601245095,0.021379513682315388,0.0036151687464526035
75.36,-3.2055468045258078,-4.434177334149895,0.021466960300139823,0.003621849723597292
75.37,-3.161216126660718,-4.474920645870997,0.02155602057936133,0.0036284109009479325
75.38,-3.1164807315127554,-4.515299747387499,0.02164671661517735,0.003634851725680799
75.39,-3.0713443014868074,-4.555309876711781,0.021739071010606494,0.0036411716949460034
75.4,-3.0258105666988646,-4.594946299422551,0.021833106887679025,0.003647370356253391
75.41,-2.979883304702948,-4.634204309196266,0.021928847898935816,0.003653447307839349
75.42,-2.9335663402128436,-4.6730792283368485,0.022026318239244322,0.0036594021990144034
75.43,-2.886863544818672,-4.711566408303653,0.02212554265794035,0.0036652347304913244
75.44,-2.8397788366983066,-4.749661230237629,0.02222654647130469,0.0036709446546935574
75.45,-2.7923161803236694,-4.787359105485624,0.022329355575383965,0.0036765317760437317
75.46000000000001,-2.7444795861619204,-4.824655476122767,0.022433996459165318,0.0036819959512321312
75.47,-2.696273110371569,-4.861545815472882,0.022540496218114818,0.0036873370894648146
75.48,-2.647700854493527,-4.898025628626878,0.02264888256808985,0.003692555152691325
75.49,-2.598766965137129,-4.93409045295906,0.022759183859635997,0.0036976501558117496
75.5,-2.5494756336611464,-4.969735858641301,0.022871429092679224,0.0037026221668627506
75.51,-2.499831095849819,-5.004957449155029,0.02298564793162458,0.003707471307182954
75.52,-2.4498376315839305,-5.039750861800971,0.023101870720872917,0.0037121977515569265
75.53,-2.3994995645069555,-5.074111768206599,0.023220128500767434,0.003716801728337865
75.54,-2.348821261686306,-5.108035874831228,0.023340453023982327,0.0037212835195490064
75.55,-2.2978071332697043,-5.141518923468705,0.02346287677236606,0.003725643460963311
75.56,-2.246461632136713,-5.174556691747645,0.02358743297425225,0.003729881942161527
75.57000000000001,-2.1947892535454487,-5.207144993629156,0.023714155622251498,0.003733999406568456
75.58,-2.1427945347745143,-5.239279679901998,0.023843079491537883,0.003737996351467209
75.59,-2.090482054760176,-5.2709566386751225,0.023974240158644317,0.0037418733279915408
75.60000000000001,-2.0378564337288196,-5.302171795867553,0.02410767402078129,0.0037456309410960308
75.61,-1.9849223328247174,-5.332921115695529,0.024243418315694043,0.0037492698495040487
75.62,-1.9316844537331386,-5.3632006011568905,0.0243815111420736,0.003752790765633602
75.63,-1.8781475382988373,-5.393006294512625,0.02452199148053758,0.0037561944555005765
75.64,-1.8243163681399517,-5.4223342777655406,0.024664899215197163,0.003759481738599841
75.65,-1.77019576425735,-5.451180673136015,0.024810275155827104,0.0037626534877638466
75.66,-1.7157905866394587,-5.479541643534755,0.024958161060656098,0.0037657106289987123
75.67,-1.6611057338626085,-5.507413393032527,0.025108599659795425,0.003768654141297935
75.68,-1.6061461426869375,-5.534792167326814,0.025261634679324237,0.003771485056433341
75.69,-1.550916787647886,-5.5616742542053235,0.025417310866050428,0.0037742044587237974
75.7,-1.4954226806433242,-5.588055984006326,0.025575674012966582,0.0037768134847812494
75.71000000000001,-1.4396688705163507,-5.613933730075755,0.02573677098542103,0.0037793133232342318
75.72,-1.383660442633801,-5.639303909221024,0.02590064974802464,0.0037817052144289835
75.73,-1.327402518460508,-5.664162982161514,0.026067359392314627,0.0037839904501079475
75.74,-1.270900255129355,-5.688507453975679,0.026236950165197132,0.0037861703730659403
75.75,-1.214158845007162,-5.7123338745447185,0.026409473498191092,0.003788246376783942
75.76,-1.1571835152564522,-5.73563883899278,0.026584982037496492,0.003790219905040575
75.77,-1.0999795273931343,-5.758418988123628,0.02676352967491076,0.003792092451501229
75.78,-1.0425521768401536,-5.780671008853743,0.026945171579617736,0.0037938655592850696
75.79,-0.9849067924771506,-5.802391634641801,0.027129964230874333,0.0037955408205099625
75.8,-0.9270487361861751,-5.8235776459144795,0.027317965451620733,0.003797119875815385
75.81,-0.868983402393501,-5.844225870488554,0.02750923444304066,0.003798604413863491
75.82000000000001,-0.8107162176075902,-5.864333183989235,0.027703831820099004,0.0037999961708183243
75.83,-0.7522526399532518,-5.883896510264693,0.027901819648084854,0.0038012969298034014
75.84,-0.6935981587020462,-5.9029128217967335,0.028103261480188747,0.0038025085203378926
75.85000000000001,-0.6347582937989833,-5.92137914010758,0.02830822239614371,0.0038036328177513423
75.86,-0.5757385953855634,-5.939292536162705,0.028516769041960516,0.003804671742577222
75.87,-0.5165446433192136,-5.956650130769689,0.02872896967078836,0.0038056272599254547
75.88,-0.4571820466891697,-5.9734490949730334,0.02894489418493299,0.00380650137883408
75.89,-0.3976564433288564,-5.989686650444915,0.02916461417906524,0.003807296151600281
75.9,-0.3379734993248188,-6.005360069871813,0.02938820298465366,0.0038080136730909596
75.91,-0.2781389085222587,-6.020466677336988,0.029615735715655962,0.003808656080033027
75.92,-0.21815839202723086,-6.035003848698751,0.029847289315504774,0.003809225550283684
75.93,-0.15803769770555387,-6.048969011964494,0.030082942605424184,0.0038097243020809657
75.94,-0.09778259967849215,-6.06235964766044,0.030322776334114426,0.0038101545932746317
75.95,-0.0373988978152661,-6.075173289197063,0.03056687322884304,0.003810518720537837
75.96000000000001,0.02310758277755237,-6.0874075232301506,0.03081531804798177,0.0038108190185598113
75.97,0.08373099226969997,-6.099059990017458,0.031068197635029406,0.003811057859219696
75.98,0.1444654566238788,-6.110128383770921,0.031325600974161795,0.0038112376507419463
75.99,0.20530507811534948,-6.120610453004389,0.03158761924735116,0.003811360836833628
76.0,0.26624393585439987,-6.130504000876834,0.03185434589309797,0.0038114298958038255
76.01,0.32727608631162763,-6.13980688553101,0.032125876666819445,0.0038114473396654957
76.02,0.38839556384597396,-6.148517020427514,0.032402309702939926,0.0038114157132201434
76.03,0.4495963812354452,-6.156632374674212,0.0326837455787293,0.003811337593125664
76.04,0.5108725302104583,-6.164150973351009,0.03297028737993667,0.003811215586947677
76.05,0.5722179819897446,-6.171070897829911,0.03326204076826745,0.0038110523321947505
76.06,0.633626687818747,-6.177390286090353,0.033559114050753173,0.0038108504953378365
76.07000000000001,0.6950925795104423,-6.183107333029754,0.03386161825106422,0.0038106127708143734
76.08,0.7566095699885232,-6.188220290769269,0.03416966718281674,0.003810341880017495
76.09,0.8181715538328693,-6.192727468954714,0.03448337752492595,0.003810040570270618
76.10000000000001,0.8797724078272398,-6.196627235052601,0.03480286889905914,0.0038097116137879718
76.11,0.9414059915091163,-6.1999180146412955,0.0351282639492425,0.0038093578066214742
76.12,1.0030661477216263,-6.202598291697227,0.03545968842367697,0.0038089819675943557
76.13,1.064746703167473,-6.204666608876145,0.03579727125881928,0.0038085869372221073
76.14,1.1264414689648028,-6.206121567789378,0.03614114466578501,0.0038081755766211237
76.15,1.1881442412049315,-6.2069618292750794,0.03649144421913182,0.00380775076640555
76.16,1.24984880151186,-6.2071861136644175,0.03684830894808133,0.0038073154055729285
76.17,1.3115489176035016,-6.206793201042694,0.03721188143023939,0.0038068724103790777
76.18,1.3732383438545435,-6.205781931505354,0.03758230788787499,0.0038064247132027287
76.19,1.4349108218608688,-6.204151205408872,0.03795973828681886,0.003805975261400513
76.2,1.4965600810054582,-6.201899983616479,0.03834432643804342,0.0038055270161528997
76.21000000000001,1.5581798390256942,-6.199027287738714,0.03873623010198646,0.0038050829513015397
76.22,1.6197638025819872,-6.195532200368763,0.03913561109568129,0.0038046460521786274
76.23,1.6813056678276426,-6.191413865312583,0.03954263540275671,0.00380421931442905
76.24,1.7427991209798903,-6.186671487813765,0.03995747328637041,0.003803805742825772
76.25,1.8042378388919906,-6.181304334773134,0.040380299405139715,0.0038034083500790524
76.26,1.865615489626335,-6.175311734963051,0.04081129293213384,0.0038030301556403142
76.27,1.926925733028459,-6.1686930792364105,0.041250637676991705,0.0038026741845012687
76.28,1.9881622213018806,-6.161447820730294,0.04169852221122947,0.0038023434659888674
76.29,2.049318599583679,-6.153575475064287,0.042155139996801656,0.0038020410325568734
76.3,2.1103885065207284,-6.145075620533414,0.04262068951797935,0.0038017699185748342
76.31,2.1713655748464973,-6.135947898295706,0.0430953744166086,0.003801533159115058
76.32000000000001,2.2322434319583286,-6.12619201255435,0.04357940363081129,0.003801333788738301
76.33,2.2930157004951073,-6.115807730734433,0.04407299153718993,0.0038011748402791688
76.34,2.3536759989152305,-6.104794883654253,0.0445763580965969,0.0038010593436318698
76.35000000000001,2.414217942074788,-6.093153365691184,0.04508972900352707,0.003800990324536842
76.36,2.474635141805858,-6.080883134942092,0.04561333583919155,0.003800970803369706
76.37,2.534921207494837,-6.067984213378274,0.04614741622832822,0.003801003793932907
76.38,2.595069746660699,-6.054456686994923,0.04669221399980285,0.0038010923022507095
76.39,2.6550743655330975,-6.040300705955107,0.04724797935105208,0.003801239325369241
76.4,2.7149286696302193,-6.025516484728245,0.047814969016417075,0.0038014478501616593
76.41,2.7746262643362893,-6.010104302223081,0.04839344643941339,0.0038017208521395726
76.42,2.834160755478636,-5.9940645019151475,0.04898368194897935,0.0038020612942719968
76.43,2.893525749904221,-5.977397491968703,0.04958595293974155,0.0038024721258124532
76.44,2.9527148560555396,-5.960103745353155,0.05020054405633163,0.0038029562811351648
76.45,3.0117216845457913,-5.942183799953948,0.05082774738178401,0.0038035166785815645
76.46000000000001,3.0705398487332283,-5.923638258677922,0.05146786263003927,0.0038041562193180437
76.47,3.1291629652945856,-5.904467789553139,0.052121197342571826,0.003804877786205848
76.48,3.187584654797492,-5.884673125823171,0.05278806708915487,0.0038056842426844946
76.49,3.2457985422717712,-5.864255066035856,0.05346879567276837,0.003806578431669417
76.5,3.3037982577795306,-5.843214474126517,0.05416371533864882,0.0038075631744650955
76.51,3.3615774369839433,-5.821552279495648,0.05487316698747134,0.0038086412696950477
76.52,3.4191297217166294,-5.799269477081065,0.05559750039264591,0.003809815492249346
76.53,3.4764487605435344,-5.77636712742454,0.05633707442170021,0.0038110885922512153
76.54,3.533528209329215,-5.752846356732898,0.05709225726171127,0.003812463294043803
76.55,3.590361731799432,-5.728708356933608,0.05786342664873698,0.003813942295198207
76.56,3.6469430001019596,-5.703954385724854,0.05865097010118672,0.003815528265544108
76.57000000000001,3.7032656953655128,-5.678585766620108,0.059455285157057364,0.003817223846224136
76.58,3.7593235082567014,-5.652603888987203,0.06027677961494726,0.003819031648773532
76.59,3.815110139534921,-5.626010208081923,0.061115871778745716,0.003820954254226062
76.60000000000001,3.8706193006050866,-5.598806245076114,0.06197299070587971,0.0038229942122475304
76.61,3.9258447140681176,-5.570993587080328,0.06284857645898241,0.0038251540402985725
76.62,3.980780114269095,-5.542573887161018,0.06374308036082978,0.0038274362228275173
76.63,4.0354192478429916,-5.513548864352291,0.06465696525237188,0.003829843210494893
76.64,4.089755874257902,-5.483920303662231,0.06559070575366492,0.003832377419431401
76.65,4.143783766355684,-5.45369005607381,0.06654478852748712,0.0038350412305298833
76.66,4.197496710889935,-5.4228600385404135,0.06751971254539853,0.003837836988773162
76.67,4.250888509061221,-5.391432233975965,0.06851598935597901,0.0038407670025992096
76.68,4.303952977049496,-5.3594086912397065,0.06953414335495184,0.0038438335433048647
76.69,4.356683946543623,-5.326791525115623,0.0705747120568719,0.0038470388444893384
76.7,4.409075265267947,-5.2935829162865415,0.071638246368027,0.003850385101539095
76.71000000000001,4.461120797505845,-5.259785111302926,0.07272531086016866,0.00385387447115569
76.72,4.512814424620201,-5.225400422546378,0.07383648404465452,0.003857509070927209
76.73,4.564150045570745,-5.190431228187878,0.0749723586465487,0.003861290978945364
76.74,4.61512157742821,-5.1548799721407725,0.0761335418781879,0.0038652222334694944
76.75,4.665722955885265,-5.118749164008542,0.07732065571168112,0.0038693048326380753
76.76,4.715948135764174,-5.0820413790273635,0.07853433714976811,0.003873540734229853
76.77,4.765791091521171,-5.044759258003493,0.0797752384944168,0.0038779318554752877
76.78,4.8152458177474955,-5.006905507245493,0.08104402761249294,0.0038824800729196484
76.79,4.864306329667097,-4.968482898491322,0.08234138819778537,0.003887187222338921
76.8,4.912966663630982,-4.9294942688303145,0.08366802002861817,0.0038920550987090346
76.81,4.9612208776082,-4.889942520620075,0.08502463922022603,0.0038970854562305054
76.82000000000001,5.009063051673491,-4.849830621398302,0.08641197847101185,0.0039022800084080257
76.83,5.0564872884915815,-4.809161603789579,0.08783078730174525,0.003907640428186528
76.84,5.103487713798189,-4.767938565407142,0.08928183228669753,0.003913168348144603
76.85000000000001,5.150058476877738,-4.726164668749651,0.09076589727564294,0.0039188653607449405
76.86,5.196193751037854,-4.683843141092994,0.09228378360558694,0.003924733018643006
76.87,5.241887734080696,-4.640977274377135,0.09383631030101067,0.003930772835053765
76.88,5.287134648771182,-4.597570425088038,0.09542431426134589,0.003936986284176388
76.89,5.3319287433022104,-4.553626014134682,0.09704865043431658,0.003943374801677602
76.9,5.376264291756973,-4.509147526721183,0.0987101919737031,0.003949939785232427
76.91,5.420135594568466,-4.46413851221405,0.10040983038000009,0.003956682595121872
76.92,5.463536978976333,-4.418602584004592,0.10214847562235284,0.003963604554887674
76.93,5.506462799481201,-4.372543419366482,0.10392705624006669,0.003970706952041883
76.94,5.548907438296647,-4.325964759308506,0.10574651942189069,0.003977991038830641
76.95,5.590865305799006,-4.278870408422498,0.10760783106118096,0.003985458033050129
76.96000000000001,5.6323308409752055,-4.2312642347264875,0.1095119757849504,0.003993109118912721
76.97,5.673298511868859,-4.183150169503049,0.11145995695470906,0.004000945447961423
76.98,5.71376281602486,-4.134532207132877,0.11345279663689611,0.00400896814002905
76.99,5.753718280932742,-4.085414404923578,0.11549153554059607,0.004017178284239428
77.0,5.793159464469107,-4.035800882933695,0.11757723292012381,0.004025576940047029
77.01,5.832080955339421,-3.9856958237919433,0.1197109664399503,0.004034165138310462
77.02,5.870477373519536,-3.935103472511675,0.12189383199932811,0.004042943882395762
77.03,5.908343370697295,-3.884028136300544,0.12412694351386004,0.004051914149303839
77.04,5.94567363071462,-3.832474184365372,0.12641143265113744,0.004061076890816498
77.05,5.982462870010516,-3.780446047712192,0.12874844851745712,0.004070433034654881
77.06,6.0187058380654355,-3.727948218941452,0.13113915729250689,0.004079983485642803
77.07000000000001,6.0543973178475,-3.674985252038351,0.13358474180879068,0.00408972912686793
77.08,6.089532126261099,-3.6215617621582767,0.1360864010724454,0.004099670820832104
77.09,6.12410511459841,-3.5676824254073103,0.13864534972198347,0.004109809410581694
77.10000000000001,6.158111168994448,-3.513351978617754,0.1412628174213773,0.0041201457208084186
77.11,6.191545210886247,-3.458575219118635,0.14394004818378736,0.004130680558909773
77.12,6.224402197476854,-3.4033570045011277,0.14667829962212153,0.004141414715997766
77.13,6.256677122204826,-3.3477022523788373,0.14947884212250448,0.004152348967843535
77.14,6.288365015219966,-3.291615940142874,0.15234295793662947,0.004163484075745268
77.15,6.319460943866096,-3.235103104711635,0.1552719401888637,0.004174820787304956
77.16,6.349960013171654,-3.1781688422752215,0.1582670917938834,0.004186359837099355
77.17,6.379857366349019,-3.1208183080343845,0.1613297242805256,0.004198101947229807
77.18,6.409148185303429,-3.063056715933907,0.16446115651746296,0.004210047827733914
77.19,6.437827691152465,-3.0048893383903006,0.1676627133362355,0.004222198176842001
77.2,6.465891144757083,-2.9463215060137076,0.1709357240471115,0.004234553681060356
77.21000000000001,6.4933338472652355,-2.8873586073238604,0.17428152084319867,0.004247115015061828
77.22,6.520151140669151,-2.8280060884599694,0.17770143708818906,0.004259882841364248
77.23,6.546338408377414,-2.7682694528843754,0.18119680548309716,0.004272857809776439
77.24,6.571891075803,-2.708154261079805,0.18476895610734262,0.0042860405565902085
77.25,6.5968046109684915,-2.647666130240047,0.1884192143295379,0.0042994317034971636
77.26,6.6210745251297265,-2.5868107339538615,0.1921488985833694,0.004313031856207825
77.27,6.644696373419191,-2.525593801881916,0.19595931800400904,0.004326841602750393
77.28,6.667665755510491,-2.46402111942653,0.1998517699205645,0.00434086151142689
77.29,6.689978316305302,-2.402098527393992,0.20382753720017163,0.004355092128403295
77.3,6.711629746644223,-2.3398319216492136,0.2078878854394544,0.004369533974910678
77.31,6.732615784043003,-2.277227252762443,0.2120340599992276,0.004384187544035204
77.32000000000001,6.752932213455644,-2.2142905256477716,0.21626728287849775,0.004399053297074174
77.33,6.772574868065929,-2.15102779919314,0.22058874942403076,0.004414131659436951
77.34,6.79153963010895,-2.087445185881526,0.22499962487200115,0.0044294230160698035
77.35000000000001,6.809822431724231,-2.023548851402997,0.229501040718523,0.004444927706385073
77.36,6.827419255842095,-1.9593450142572812,0.23409409091618413,0.0044606460186768
77.37,6.844326137104918,-1.8948399453464972,0.23877982789406965,0.004476578184006146
77.38,6.860539162824955,-1.8300399675576633,0.2435592583991679,0.004492724369542576
77.39,6.876054473980417,-1.7649514553345953,0.24843333915750349,0.004509084671348894
77.4,6.890868266251518,-1.699580834238777,0.2534029723538427,0.00452565910660123
77.41,6.904976791098178,-1.6339345804987735,0.2584690009293642,0.004542447605238183
77.42,6.918376356881097,-1.5680192205477395,0.26363220369729,0.00455945000103711
77.43,6.931063330027897,-1.5018413305485552,0.2688932902771231,0.004576666022119648
77.44,6.943034136246007,-1.4354075359061067,0.27425289584884777,0.00459409528089301
77.45,6.954285261783956,-1.3687245107662072,0.27971157572921207,0.004611737263438594
77.46000000000001,6.964813254742699,-1.3017989775006413,0.285269799773035,0.004629591318365214
77.47,6.974614726438574,-1.234637706177795,0.29092794660335985,0.00464765664514987
77.48,6.983686352819418,-1.167247514018316,0.29668629767521737,0.004665932281995346
77.49,6.992024875935337,-1.099635264835241,0.30254503117876125,0.004684417093241252
77.5,6.999627105465545,-1.031807868457995,0.30850421578859927,0.0047031097563719985
77.51,7.006489920302591,-0.9637722801396719,0.31456380426726466,0.004722008748672963
77.52,7.0126102701952435,-0.8955354999469756,0.3207236269319517,0.0047411123335943895
77.53,7.017985177451151,-0.8271045721321975,0.3269833849948797,0.004760418546890785
77.54,7.02261173870031,-0.7584865844865888,0.33334264378894407,0.0047799251826124494
77.55,7.026487126720239,-0.6896886676744782,0.3398008258916668,0.0047996297790344295
77.56,7.029608592323599,-0.620717994547475,0.34635720416186144,0.004819529604617578
77.57000000000001,7.031973466308861,-0.5515817794380881,0.35301089470488156,0.004839621644105225
77.58,7.033579161474435,-0.4822872774320884,0.3597608497838231,0.00485990258486815
77.59,7.034423174696498,-0.41284178361893425,0.3666058506955909,0.004880368803619452
77.60000000000001,7.034503089070535,-0.3432526323195778,0.37354450063231803,0.004901016353629448
77.61,7.03381657611642,-0.2735271962909708,0.38057521755023677,0.00492184095257892
77.62,7.032361398046594,-0.20367288590658877,0.3876962270697292,0.004942837971196734
77.63,7.03013541009666,-0.13369714831229718,0.3949055554319387,0.004964002422834613
77.64,7.027136562917459,-0.06360746655688965,0.40220102253897794,0.0049853289541378154
77.65,7.023362905027372,0.006588641303361495,0.4095802351064282,0.0050068118369754186
77.66,7.018812585323333,0.07688362312679015,0.4170405799584703,0.005028444961797378
77.67,7.013483855648684,0.14726989363568865,0.42457921749761274,0.00505022183258774
77.68,7.007375073415684,0.21773983539354042,0.4321930753825754,0.005072135563583694
77.69,7.000484704280145,0.2882857998107232,0.4398788424494348,0.005094178877928804
77.7,6.992811324865285,0.35890010817924806,0.44763296291262444,0.005116344108425135
77.71000000000001,6.984353625531516,0.42957505273706775,0.45545163088380086,0.00513862320054323
77.72,6.975110413188501,0.5003028977624571,0.46333078524791504,0.005161007717840506
77.73,6.9650806141454,0.5710758806989268,0.47126610493705456,0.0051834888499279145
77.74,6.954263276994805,0.6418862133110933,0.47925300464372933,0.005206057423110851
77.75,6.942657575525464,0.712726082871879,0.4872866310162458,0.005228703913813749
77.76,6.930262811658421,0.7835876533813677,0.4953618593796339,0.005251418464878212
77.77,6.9170784184007905,0.8544630668175838,0.5034732910262395,0.005274190904801794
77.78,6.903103962810922,0.9253444444194057,0.5116152511205574,0.005297010769958749
77.79,6.8883391489682735,0.9962238880017579,0.5197817872631341,0.005319867329815174
77.8,6.872783820940841,1.0670934813031587,0.5279666687584026,0.005342749615119135
77.81,6.856437965742574,1.137945291365626,0.536163386631103,0.0053656464490114235
77.82000000000001,6.839301716272737,1.2087713699468663,0.5443651544354717,0.005388546480965221
77.83,6.821375354228749,1.279563754964587,0.5525649099006431,0.005411438223423016
77.84,6.802659312983609,1.3503144719726912,0.5607553174546702,0.005434310090956758
77.85000000000001,6.783154180418598,1.4210155356690113,0.568928771668231,0.005457150441733761
77.86,6.762860701701545,1.4916589514341556,0.5770774016574258,0.005479947621025511
77.87,6.741779782000573,1.5622367169009297,0.5851930764830773,0.005502690006450693
77.88,6.719912489122877,1.6327408235536995,0.5932674115816046,0.005525366054597833
77.89,6.6972600560677575,1.7031632583569503,0.6012917762598559,0.005547964348627121
77.9,6.673823883482837,1.7734960054121855,0.6092573022832274,0.005570473646407533
77.91,6.649605542012107,1.8437310476422009,0.6171548935829851,0.00559288292870226
77.92,6.624606774524249,1.9138603685016413,0.6249752371049203,0.005615181446876897
77.93,6.5988294982094375,1.983875953712643,0.6327088148173206,0.005637358769569591
77.94,6.572275806532743,2.0537697930242294,0.6403459168917278,0.005659404827730829
77.95,6.5449479710321175,2.123533881994018,0.6478766560650837,0.005681309957416354
77.96000000000001,6.516848442948909,2.1931602237906604,0.6552909831866515,0.00570306493969825
77.97,6.487979854678873,2.262640831015329,0.662578703947555,0.005724661037047635
77.98,6.458345021031699,2.3319677275404223,0.6697294967849157,0.005746090025540519
77.99,6.427946940287219,2.4011329503635537,0.6767329319464115,0.005767344222244951
78.0,6.396788795036642,2.4701285514747604,0.6835784916946593,0.005788416507163402
78.01,6.364873952797423,2.5389465997347447,0.6902555916241562,0.005809300339132375
78.02,6.3322059663907195,2.607579182761853,0.696753603056642,0.005829989765118587
78.03,6.298788574070757,2.6760184088253802,0.7030618764737058,0.005850479422400257
78.04,6.264625699395937,2.7442564087426713,0.7091697659382782,0.0058707645331837555
78.05,6.229721450832026,2.812285337777402,0.7150666544493951,0.005890840891277396
78.06,6.194080121078421,2.880097377536309,0.7207419801673122,0.005910704840528095
78.07000000000001,6.157706186109142,2.9476847378615494,0.7261852634387589,0.005930353244821156
78.08,6.120604303921019,3.0150396587157933,0.7313861345448912,0.005949783449547997
78.09,6.082779312982312,3.082154412057065,0.736334362087391,0.005968993234560121
78.10000000000001,6.04423623037599,3.149021303700285,0.7410198819212275,0.005987980758749657
78.11,6.004980249632812,3.2156326751624054,0.7454328265358956,0.0060067444965250065
78.12,5.965016738250432,3.281980905487977,0.7495635547805477,0.006025283166583635
78.13,5.924351234895845,3.3480584130519593,0.7534026818223872,0.006043595653520566
78.14,5.882989446289668,3.4138576573365427,0.7569411092220715,0.006061680922947874
78.15,5.840937243771957,3.479371140678745,0.7601700550047223,0.006079537930937708
78.16,5.798200659550545,3.544591409985544,0.76308108360054,0.0060971655287331865
78.17,5.754785882634192,3.6095110584133043,0.7656661355250048,0.006114562363798454
78.18,5.710699254454185,3.674122727008302,0.7679175566652955,0.006131726778397399
78.19,5.665947264179406,3.738419106305162,0.7698281270369008,0.00614865670699613
78.2,5.620536543731312,3.8023929378800925,0.7713910888725023,0.00616534957387855
78.21000000000001,5.574473862506629,3.8660370158558632,0.7726001739041006,0.006181802192440674
78.22,5.527766121817063,3.9293441883555413,0.7734496296990949,0.006198010667687701
78.23,5.480420349056675,3.9923073589021105,0.773934244911619,0.006213970303496338
78.24,5.432443691609033,4.054919487761195,0.7740493733119375,0.006229675516219481
78.25,5.383843410507608,4.117173593224233,0.7737909564591127,0.006245119756203256
78.26,5.334626873864253,4.179062752829589,0.7731555448854884,0.006260295438752821
78.27,5.28480155008192,4.240580104519236,0.772140317665805,0.006275193886024464
78.28,5.23437500086904,4.301718847728804,0.7707431002489565,0.006289805281237096
78.29,5.183354874074191,4.362472244408968,0.7689623804365135,0.006304118636484721
78.3,5.131748896360854,4.422833619976345,0.7667973223991467,0.006318121775297075
78.31,5.079564865743076,4.4827963641922475,0.7642477786299633,0.0063318013309350465
78.32000000000001,5.026810644003893,4.542353931967878,0.7613142997424853,0.006345142761225749
78.33,4.973494149019216,4.601499844094752,0.7579981420304929,0.006358130380540497
78.34,4.919623347010688,4.660227687899362,0.7543012727171962,0.006370747409299064
78.35000000000001,4.865206244751703,4.718531117821364,0.7502263728321055,0.006382976041150067
78.36,4.810250881751332,4.7764038559147535,0.7457768376654854,0.00639479752773259
78.37,4.754765322441358,4.833839692271816,0.7409567747623298,0.006406192280672967
78.38,4.698757648391926,4.890832485369833,0.735770999430291,0.006417139990214294
78.39,4.642235950581524,4.9473761623408095,0.730225027748867,0.006427619759623834
78.4,4.585208321747062,5.003464719164748,0.7243250670802889,0.006437610254275584
78.41,4.527682848839712,5.059092220787239,0.7180780040958759,0.006447089864066066
78.42,4.469667605612013,5.114252801162404,0.7114913903450323,0.00645603687759678
78.43,4.411170645361343,5.1689406632224895,0.7045734254074532,0.006464429666353089
78.44,4.352199993854393,5.223150078775634,0.697332937682382,0.0064722468769241
78.45,4.292763642456672,5.27687538833363,0.6897793628818282,0.006479467629149905
78.46000000000001,4.232869541490291,5.3301110008716694,0.6819227203073983,0.006486071717954691
78.47,4.172525593842423,5.3828513935223725,0.6737735870027345,0.00649203981652692
78.48,4.1117396488458,5.435091111206559,0.6653430698853843,0.006497353678442487
78.49,4.05051949645153,5.4868247662034735,0.656642775973163,0.006501996336299762
78.5,3.9888728617132325,5.538047037663359,0.647684780830627,0.006505952294442621
78.51,3.926807399600211,5.588752671065481,0.6384815953710695,0.006509207713390648
78.52,3.8643306901559,5.638936477624849,0.6290461311584157,0.006511750583676692
78.53,3.8014502340163414,5.688593333651088,0.6193916643614498,0.006513570886905596
78.54,3.738173448301829,5.737718179863016,0.6095317985199155,0.0065146607419957325
78.55,3.674507662893205,5.78630602066264,0.5994804262881197,0.0065150145347441435
78.56,3.6104601171025688,5.834351923372396,0.5892516903267144,0.00651462902906136
78.57000000000001,3.5460379567464004,5.881851017439536,0.5788599435172903,0.0065135034584531595
78.58,3.4812482316272853,5.92879849361167,0.5683197086772688,0.0065116395965783965
78.59,3.4160978934286144,5.975189603087508,0.5576456379543094,0.006509041805979036
78.60000000000001,3.3505937940247947,6.021019656646911,0.5468524720800586,0.006505717064358897
78.61,3.2847426842076626,6.066284023764362,0.5359549996625477,0.006501674968074839
78.62,3.2185512128279696,6.110978131709995,0.5249680166949304,0.0064969277127944446
78.63,3.152025926349003,6.155097464642299,0.5139062864555433,0.00649149005156135
78.64,3.085173268807632,6.198637562696573,0.502784499970513,0.0064853792307917974
78.65,3.0179995821763392,6.241594021073183,0.4916172372053666,0.006478614904995828
78.66,2.95051110711812,6.283962489129595,0.4804189291463581,0.006471219031271673
78.67,2.8827139841245195,6.325738669480061,0.4692038209255781,0.00646321574485947
78.68,2.814614255025536,6.366918317106777,0.4579859361364085,0.006454631217252747
78.69,2.7462178648586515,6.407497238486177,0.44677904247759515,0.006445493498556609
78.7,2.677530664082884,6.447471290733925,0.43559661885520945,0.00643583234594245
78.71000000000001,2.6085584111224716,6.486836380772026,0.42445182406212406,0.006425679040180655
78.72,2.539306775223615,6.525588464521305,0.41335746714442495,0.006415066192334883
78.73,2.469781339606644,6.5637235461223655,0.40232597955349786,0.0064040275427703595
78.74,2.399987604894999,6.60123767718794,0.391369389171447,0.006392597754667407
78.75,2.329930992801578,6.6381269560893665,0.38049929628611245,0.006380812204239135
78.76,2.259616850052264,6.674387527279753,0.3697268515803356,0.006368706769828026
78.77,2.1890504525258394,6.7100155806561474,0.35906273618836004,0.0063563176220044456
78.78,2.1182370095889977,6.7450073509628785,0.34851714386044047,0.006343681016711699
78.79,2.0471816686047957,6.77935911723797,0.338099765264933,0.006330833093397802
78.8,1.97588951959263,6.813067202304361,0.32781977444545196,0.006317809679948211
78.81,1.9043656000176974,6.846127972307417,0.3176858174391628,0.006304646106088505
78.82000000000001,1.8326148996878684,6.878537836300014,0.30770600305102236,0.006291377026764129
78.83,1.7606423657360102,6.910293245876255,0.29788789576783664,0.006278036256828982
78.84,1.6884529076659922,6.941390694854661,0.28823851078545465,0.006264656618190427
78.85000000000001,1.6160514024409216,6.971826719011475,0.2787643111123089,0.006251269800365438
78.86,1.5434426995925659,7.001597895864478,0.2694712067029059,0.006237906235208444
78.87,1.4706316263314254,7.030700844507545,0.2603645555658132,0.0062245949863749764
78.88,1.3976229926375192,7.059132225495939,0.2514491667822257,0.006211363653892427
78.89,1.3244215963126205,7.086888740782159,0.24272930536336143,0.006198238294021201
78.9,1.251032227975441,7.1139671337019585,0.23420869886776913,0.006185243354408905
78.91,1.1774596759820872,7.140364189009981,0.2258905456931487,0.006172401624370602
78.92,1.1037087312550025,7.166076732964276,0.21777752495151986,0.006159734199968788
78.93,1.0297841920045532,7.191101633458799,0.2098718078315272,0.006147260463422535
78.94,0.955690868328413,7.215435800202836,0.20217507034736015,0.006134998076244352
78.95,0.8814335866749337,7.239076184946162,0.19468850737019144,0.006122962985389016
78.96000000000001,0.8070171941577584,7.262019781748593,0.18741284783519696,0.00611116944160065
78.97,0.7324465627100298,7.284263627292475,0.18034837101510628,0.0060996300290622465
78.98,0.657726593067656,7.30580480123653,0.17349492374983358,0.0060883557053876885
78.99,0.582862218572225,7.326640426609395,0.1668519385210361,0.006077355850947933
79.0,0.5078584087852855,7.346767670241078,0.16041845226042056,0.006066638326490499
79.01,0.4327201729068414,7.366183743230471,0.15419312578124136,0.0060562095379952515
79.02,0.35745256299202244,7.384885901447036,0.14817426372367903,0.006046074507706374
79.03,0.28206067696100273,7.402871446064635,0.1423598349066198,0.006036236950291891
79.04,0.2065496613983166,7.420137724125534,0.1367474929807435,0.006026699353105148
79.05,0.1309247141387824,7.436682129132471,0.1313345972807281,0.006017463059556546
79.06,0.05519108663826959,7.452502101666731,0.12611823377775458,0.006008528354647824
79.07000000000001,-0.02064591387146529,7.467595130030105,0.12109523603730542,0.005999894551772454
79.08,-0.09658092244369706,7.481958750908626,0.11626220609144826,0.005991560079944525
79.09,-0.17260851469232152,7.495590550055965,0.11161553513934028,0.00598352257068216
79.10000000000001,-0.24872320528017366,7.508488162994398,0.10715142399453367,0.005975778943839083
79.11,-0.3249194466173212,7.520649275731244,0.10286590320276243,0.005968325491748695
79.12,-0.4011916277658239,7.53207162548874,0.09875485275920108,0.0059611579611163965
79.13,-0.4775340735467446,7.542753001445323,0.09481402135966252,0.005954271632168333
79.14,-0.5539410438445516,7.55269124548634,0.09103904512580029,0.005947661394636051
79.15,-0.6304067331034607,7.561884252962262,0.08742546575005902,0.00594132182022604
79.16,-0.7069252700097334,7.57032997345252,0.08396874801183306,0.0059352472312906345
79.17,-0.7834907173534692,7.578026411533147,0.08066429662200804,0.0059294317654807385
79.18,-0.8600970720630183,7.584971627546472,0.07750747235873694,0.005923869436221053
79.19,-0.936738265404773,7.591163738371177,0.07449360746290301,0.005918554188904748
79.2,-1.0134081633407974,7.596600918191097,0.07161802026721593,0.005913479952756295
79.21000000000001,-1.090100567036504,7.601281399261221,0.06887602903824226,0.005908640688357696
79.22,-1.166809213510387,7.6052034726694355,0.06626296501585881,0.005904030430875701
79.23,-1.2435277764176822,7.608365489092603,0.06377418463961268,0.005899643329064544
79.24,-1.3202498669597273,7.610765859545678,0.061405080956250746,0.005895473680150826
79.25,-1.3969690349107464,7.612403056122624,0.05915109420722496,0.005891515960734662
79.26,-1.473678769753784,7.613275612727987,0.057007721599270304,0.005887764853864052
79.27,-1.5503725019175543,7.6133821257980445,0.05497052626517518,0.0058842152724577655
79.28,-1.6270436041060456,7.61272125501055,0.053035145425607735,0.005880862379266383
79.29,-1.7036853927128461,7.611291723982162,0.05119729776631727,0.005877701603571716
79.3,-1.780291129312297,7.609092320952713,0.04945279004819106,0.005874728654831717
79.31,-1.856854022219769,7.606121899455577,0.04779752297050987,0.00587193953348191
79.32000000000001,-1.933367228113563,7.602379378973442,0.046227496310309105,0.005869330539105538
79.33,-2.0098238537111714,7.597863745578886,0.044738813363017604,0.0058668982761830085
79.34,-2.086216957492891,7.592574052559206,0.043327684711516164,0.005864639657627863
79.35000000000001,-2.1625395514660566,7.586509421025045,0.04199043135243807,0.005862551906311134
79.36,-2.2387846029634524,7.579669040502397,0.040723487209931214,0.0058606325547690226
79.37,-2.314945036469765,7.572052169507646,0.03952340106822483,0.005858879443280764
79.38,-2.3910137354702514,7.563658136105366,0.038386837955203985,0.005857290716494868
79.39,-2.46698354431613,7.554486338448637,0.037310580009802696,0.005855864818772041
79.4,-2.5428472701015123,7.5445362453017095,0.0362915268663958,0.005854600488402715
79.41,-2.6185976845470447,7.533807396544896,0.03532669558951327,0.005853496750847462
79.42,-2.694227525885745,7.522299403661593,0.03441322019213396,0.005852552911137253
79.43,-2.769729500746858,7.51001195020742,0.03354835077055348,0.00585176854556061
79.44,-2.845096286033883,7.49694479226145,0.03272945228837884,0.005851143492754373
79.45,-2.920320530793239,7.483097758859607,0.031954003041597075,0.005850677844304568
79.46000000000001,-2.995394858070365,7.468470752410272,0.03121959283591131,0.005850371934954675
79.47,-3.0703118667503486,7.4530637490922205,0.030523920906653006,0.0058502263325088035
79.48,-3.1450641333804787,7.4368767992350255,0.029864793610578252,0.005850241827509185
79.49,-3.2196442139724124,7.419910027682071,0.029240121917755275,0.00585041942275902
79.5,-3.294044645781919,7.402163634136366,0.028647918730564603,0.005850760322753488
79.51,-3.3682579490644278,7.38363789348936,0.02808629605557763,0.005851265923075358
79.52,-3.442276628804868,7.364333156132962,0.02755346205276757,0.0058519377998046945
79.53,-3.5160931764205188,7.344249848255009,0.02704771798515261,0.005852777698985953
79.54,-3.5897000714358267,7.3233884721184195,0.026567455090587125,0.005853787526190107
79.55,-3.6630897831283415,7.301749606324283,0.02611115139601511,0.005854969336204793
79.56,-3.736254772145144,7.27933390605915,0.025677368493091733,0.005856325322880385
79.57000000000001,-3.8091874920892996,7.256142103326779,0.025264748292674284,0.005857857809155906
79.58,-3.881880391076066,7.23217500716463,0.02487200977429219,0.0058595692372848136
79.59,-3.9543259132587165,7.2074335038453565,0.02449794574533594,0.0058614621592773366
79.60000000000001,-4.026516500324005,7.181918557063584,0.024141419623364045,0.005863539227573113
79.61,-4.0984445929574145,7.1556312081082405,0.023801362253622525,0.005865803185954858
79.62,-4.170102632278454,7.128572576020718,0.023476768772608587,0.0058682568607117
79.63,-4.241483061246375,7.100743857739131,0.023166695527294476,0.005870903152058
79.64,-4.3125783260367685,7.072146328228937,0.02287025705846277,0.005873745025812786
79.65,-4.383380877389585,7.042781340600187,0.022586623155494492,0.005876785505342156
79.66,-4.453883171929194,7.012650326211649,0.022315015988898845,0.005880027663765141
79.67,-4.524077673457154,6.981754794762072,0.02205470732588024,0.005883474616424079
79.68,-4.593956854218427,6.950096334368821,0.021805015833305862,0.005887129513617616
79.69,-4.663513196141792,6.917676611634126,0.021565304471566293,0.00589099553359376
79.7,-4.732739192055268,6.88449737169917,0.021334977982012608,0.00589507587580039
79.71000000000001,-4.80162734687737,6.8505604382862435,0.021113480469905875,0.005899373754389218
79.72,-4.870170178785038,6.815867713729177,0.02090029308412815,0.005903892391968276
79.73,-4.938360220359096,6.780421178992253,0.02069493179427693,0.0059086350135982004
79.74,-5.006190019708102,6.7442228936778,0.020496945265195913,0.00591360484102688
79.75,-5.073652141571453,6.707274996022661,0.02030591282848218,0.005918805087156006
79.76,-5.140739168402589,6.669579702883704,0.020121442550051324,0.00592423895073402
79.77,-5.207443701433152,6.631139309712566,0.019943169392435508,0.0059299096112685485
79.78,-5.273758361718934,6.59195619051978,0.019770753470132362,0.005935820224151578
79.79,-5.339675791168413,6.552032797828449,0.019603878396012343,0.005941973915991009
79.8,-5.4051886535546965,6.511371662617619,0.01944224971652622,0.005948373780141695
79.81,-5.470289635511624,6.469975394255482,0.019285593433229803,0.005955022872428801
79.82000000000001,-5.534971447514794,6.427846680422559,0.01913365460795704,0.0059619242070566205
79.83,-5.599226824848225,6.384988287024973,0.018986196048822505,0.005969080752696651
79.84,-5.663048528557361,6.341403058097947,0.018842997074117344,0.00597649542874736
79.85000000000001,-5.72642934638907,6.297093915699633,0.018703852351075825,0.00598417110175932
79.86,-5.789362093719285,6.25206385979538,0.018568570806430693,0.005992110582019466
79.87,-5.851839614468898,6.2063159681325475,0.01843697460564129,0.006000316620287749
79.88,-5.9138547820084675,6.15985339610595,0.01830889819766684,0.006008791904680152
79.89,-5.975400500052307,6.112679376614038,0.018184187422165776,0.00601753905769172
79.9,-6.036469703542451,6.064797219905887,0.018062698676028235,0.006026560633354255
79.91,-6.097055359523003,6.01621031341908,0.01794429813619068,0.0060358591145228836
79.92,-6.157150468005304,5.966922121608563,0.017828861035737133,0.006045436910285798
79.93,-6.216748062824375,5.916936185766536,0.017716270990358413,0.006055296353492322
79.94,-6.275841212487,5.8662561238334625,0.0176064193723178,0.0060654396983945294
79.95,-6.334423021011858,5.814885630200236,0.01749920472915649,0.00607586911839676
79.96000000000001,-6.3924866287620175,5.762828475501597,0.017394532244463978,0.00608658670390984
79.97,-6.4500252132701394,5.710088506400822,0.01729231323813538,0.006097594460304914
79.98,-6.507031990056669,5.656669645365775,0.017192464703638655,0.006108894305962693
79.99,-6.5635002134412925,5.602575890436337,0.017094908879918304,0.006120488070415445
80.0,-6.619423177347911,5.547811314983292,0.016999572855667614,0.006126545705610694
